/*--------------------------------*- C++ -*----------------------------------*\
  =========                 |
  \\      /  F ield         | OpenFOAM: The Open Source CFD Toolbox
   \\    /   O peration     | Website:  https://openfoam.org
    \\  /    A nd           | Version:  11
     \\/     M anipulation  |
\*---------------------------------------------------------------------------*/
FoamFile
{
    format      ascii;
    class       volScalarField;
    location    "1";
    object      gsens_U;
}
// * * * * * * * * * * * * * * * * * * * * * * * * * * * * * * * * * * * * * //

dimensions      [0 2 -3 0 0 0 0];

internalField   nonuniform List<scalar> 
51200
(
-0.9957
-0.09511
-0.373
0.2027
2.724
4.835
7.073
9.131
10.74
9.624
9.855
12.21
10.06
10.89
18.6
21.14
14.34
-0.8571
-2.232
-0.03513
-1.025
1.559
3.718
5.903
8.161
10.07
9.426
10.2
11.99
8.977
12.1
18.76
18.53
9.623
-0.9979
-2.375
-0.8687
-0.1241
0.2129
2.559
4.521
6.819
8.987
9.037
10.35
11.54
8.737
12.6
17.08
15.47
3.205
-0.9589
-2.218
-2.877
-0.03099
-0.981
1.292
2.97
5.061
7.335
8.266
9.882
10.34
8.872
12.96
14.65
12.27
0.4933
-0.9872
-2.761
-2.179
-0.1673
-0.4718
0.04395
1.428
3.162
5.229
7.011
8.269
7.99
9.315
11.84
10.98
8.481
0.1689
-1.035
-2.656
-2.241
-0.02016
-1.379
-1.049
0.1137
1.508
3.27
5.205
5.714
6.07
8.122
7.809
5.44
0.1716
2.548
-1.085
-2.092
-0.4087
-0.1529
-2.071
-1.951
-0.7987
0.3966
1.965
3.179
4.079
5.328
4.761
2.13
0.08135
2.494
4.806
-1.125
-2.107
-0.02613
-2.359
-2.55
-2.188
-1.021
0.009484
1.076
2.29
3.761
2.955
0.2033
0.02267
1.486
3.395
5.058
-0.8584
-0.05741
-0.1079
-2.573
-2.398
-1.786
-0.6484
0.04699
1.042
2.41
1.93
0.01004
-0.007256
0.3995
1.91
2.865
3.17
-0.08362
-0.01802
-1.639
-2.828
-2.4
-1.407
-0.1911
0.5865
1.617
0.735
0.001834
-0.27
-0.002489
0.0953
0.6469
0.03936
-0.5609
-0.008487
-0.08682
-1.853
-2.004
-1.636
-0.5708
0.7029
1.43
0.03071
0.005162
-0.4819
-1.283
-1.44
-2.033
-2.494
-2.185
-1.53
-0.5443
-1.214
-1.356
-0.921
-0.455
0.1608
0.0124
0.1065
-0.5199
-1.161
-2.45
-4.054
-4.666
-4.384
-3.451
-2.391
-1.625
-0.02321
-0.5408
1.672
3.191
4.525
6.03
7.212
8.364
10.66
9.45
8.599
11.65
6.061
0.1135
2.922
17.19
20.74
-0.02909
-1.134
0.07058
2.326
3.6
4.936
6.339
7.63
10.15
9.247
9.113
11.06
2.118
0.135
8.073
17.98
19.45
-1.053
-0.03174
-1.408
1.362
2.577
3.68
5.147
6.6
9.263
8.891
9.647
10.35
0.5137
0.1874
10.26
17.3
16.43
-1.128
-0.4118
-0.6735
0.03741
1.423
2.266
3.609
5.263
7.789
8.281
9.786
9.017
0.159
0.5704
10.73
16.1
13.22
-0.909
-1.597
-0.03116
-1.048
0.1057
0.867
2.045
3.877
5.856
8.01
8.832
6.306
0.0847
3.964
10.86
14.74
8.49
-0.6356
-0.03695
-1.119
-1.615
-0.9572
-0.2805
0.9288
2.641
4.209
7.178
5.693
0.08934
2.359
6.538
9.463
9.008
4.246
-0.2925
-0.03105
-1.785
-2.147
-1.448
-0.8383
0.4957
1.817
4.199
4.37
0.06823
1.41
3.891
4.738
4.472
3.959
2.505
-0.009237
-1.494
-1.988
-2.293
-1.636
-0.7634
0.4441
2.329
3.028
0.04813
1.337
2.427
1.977
0.6504
1.075
2.021
2.093
-0.1464
-1.677
-2.021
-1.804
-1.347
-0.4112
1.152
2.15
0.0334
1.302
2.247
0.565
-1.685
-2.014
-0.005081
0.9104
1.06
-0.6721
-1.671
-2.084
-1.61
-0.9764
0.1315
1.51
0.02483
1.1
1.88
0.3493
-2.44
-3.655
-2.84
-1.323
-0.6449
1.167
-0.7022
-1.6
-1.549
-1.065
-0.3198
1.144
0.02252
0.735
0.9337
-0.2994
-2.342
-4.14
-4.691
-3.811
-2.742
-0.9193
1.102
-0.5315
-1.443
-1.145
-0.4178
0.03764
0.04035
0.3149
-0.2343
-1.455
-2.835
-4.028
-5.168
-5.243
-4.053
-2.006
-0.1029
0.5594
0.6129
2.342
3.788
4.76
5.331
6.497
6.649
5.232
5.258
0.1651
0.1593
8.118
10.95
6.643
5.288
12.6
15.83
0.05761
1.925
3.256
4.129
4.806
5.768
6.543
5.252
5.297
0.123
0.3658
9.026
8.728
5.57
5.727
12.91
15.98
-0.3474
1.043
2.506
3.195
3.981
4.707
5.951
5.036
5.133
0.0975
0.9976
9.169
6.526
4.283
6.156
12.41
14.86
-0.008497
-0.3304
1.561
2.054
2.76
3.458
4.814
4.694
4.647
0.08008
2.384
8.717
4.758
2.889
6.352
12.09
13.22
-0.008717
-0.8352
0.0248
0.7898
1.329
2.295
3.493
4.814
3.911
0.06514
5.343
7.602
2.602
2.821
6.547
12.49
11.07
-0.03566
-0.7494
-0.9229
-0.2433
0.2357
1.263
2.728
3.825
0.1094
2.79
6.768
3.842
1.56
3.307
6.409
10.6
8.223
-0.5549
-1.413
-1.259
-0.8622
-0.04338
0.6197
2.435
0.34
0.6335
5.442
4.102
1.192
1.155
2.183
4.655
7.381
5.774
-0.5016
-1.532
-1.339
-1.133
-0.1739
1.407
0.9416
0.08166
3.584
4.033
2.185
0.1522
-0.4153
-0.09828
3.616
5.34
3.996
-0.4786
-1.14
-1.201
-0.8187
0.0783
1.448
0.02793
2.376
2.984
2.567
1.38
-1.208
-2.309
-0.9352
2.907
3.472
0.2699
-0.3847
-1.001
-1.175
-0.5165
0.815
0.02313
1.619
1.988
1.797
1.732
0.2302
-2.376
-3.213
-0.8876
1.664
1.735
0.01986
-0.3065
-0.9086
-0.9486
-0.1633
0.07864
0.2385
1.079
0.7657
0.753
0.4589
-0.7988
-2.708
-3.152
-0.7443
0.5266
0.0154
0.5177
-0.285
-0.8628
-0.6617
0.03265
0.2135
0.2403
-0.1201
-0.4058
-0.4651
-0.6302
-1.241
-2.35
-2.231
-0.5088
0.00447
0.3507
0.8385
0.9115
3.237
4.538
4.85
3.965
2.995
0.2732
0.1004
3.929
3.142
4.485
6.26
8.411
1.659
0.03598
6.892
11.17
0.8875
3.212
4.545
4.616
4.418
3.103
0.7654
0.09038
4.108
3.101
4.237
6.65
6.962
3.567
0.0482
5.843
11.36
0.8484
2.682
3.822
3.897
4.465
3.065
1.584
0.07533
4.274
3.089
4.097
6.811
4.987
3.676
0.0638
3.477
10.49
0.6006
1.714
2.693
2.994
3.789
3.056
2.303
0.06679
4.561
3.055
4.047
6.392
3.547
3.119
0.1189
1.544
9.327
0.07536
0.7055
1.39
2.06
2.575
3.329
2.149
0.1935
5.418
2.742
4.406
5.067
2.609
3.002
0.2016
1.389
8.625
-0.254
-0.04442
0.3296
1.342
1.652
2.784
0.04795
4.122
5.153
3.903
4.21
2.575
2.253
3.054
0.04943
4.42
8.753
-0.3294
-0.4713
-0.3697
0.4714
1.739
0.07522
2.47
4.281
4.115
4.77
3.115
0.9775
1.892
2.175
0.03424
4.926
8.646
-0.1724
-0.3963
-0.2746
0.1294
1.361
0.1181
2.858
2.731
4.112
4.279
2.478
0.4017
0.7427
0.2405
0.2366
5.134
8.069
-0.1041
-0.2677
-0.007979
0.8645
0.0227
1.909
1.976
2.519
3.566
3.723
2.242
-0.1401
-0.189
0.007937
1.892
5.368
5.514
-0.07269
-0.2764
-0.07225
0.6749
0.1864
1.485
1.562
2.184
2.961
3.333
2.118
-0.1983
-0.2283
0.008352
2.45
4.008
1.893
-0.03558
-0.216
0.07727
0.02022
0.8612
0.5611
0.9311
1.556
2.406
2.852
2.104
0.2015
-0.06611
0.03419
1.676
1.215
-0.3137
-0.02514
-0.1517
0.1528
0.1122
0.08381
-0.1435
0.1942
0.9138
1.799
2.339
2.074
0.8139
0.002085
0.445
0.4474
-0.4283
-0.6758
0.9876
3.233
4.374
3.22
0.0443
1.74
1.756
2.541
2.816
1.949
2.427
0.05584
5.243
4.183
3.137
5.448
6.656
1.16
3.776
4.982
3.025
0.263
1.404
2.03
2.683
3.143
2.016
2.094
0.1258
2.952
4.54
4.021
5.853
6.923
1.203
3.736
4.651
2.893
1.443
0.6994
2.575
2.946
3.465
2.056
1.966
0.8156
0.6571
4.09
4.141
5.045
6.158
0.9328
2.914
3.891
3.113
2.737
0.2018
3.384
3.321
3.868
2.047
2.09
2.484
0.09495
3.702
3.883
3.736
5.252
0.5034
1.71
2.938
3.552
2.899
0.3006
4.195
3.368
4.461
2.218
2.255
2.713
0.04494
3.586
3.512
2.455
4.969
0.1577
0.6303
1.656
3.129
0.04354
3.316
3.641
4.445
4.618
2.995
1.908
1.121
0.2531
3.616
2.625
2.154
5.864
0.04998
0.2396
0.5511
2.135
0.5629
2.939
3.283
4.398
4.64
3.664
1.422
0.1534
0.96
3.284
1.514
2.304
6.815
0.1657
0.5322
0.9478
0.03051
2.143
1.646
2.856
3.575
4.566
3.944
1.375
0.01074
1.049
1.989
0.654
3.839
6.989
0.237
0.647
1.424
0.04612
1.493
1.51
2.182
3.143
4.217
4.093
1.769
0.001864
0.7089
1.141
2.038
4.815
5.391
0.2257
0.4535
0.4619
1.054
0.7832
1.09
1.797
2.81
3.752
3.906
2.149
0.007824
1.058
1.544
2.735
3.94
3.149
0.2011
0.3697
0.02267
0.7243
0.3395
0.5218
1.345
2.35
3.238
3.517
2.343
0.007749
0.5714
0.9446
1.845
1.986
1.365
0.1784
0.5217
0.01034
0.02352
-0.1976
0.06158
0.8504
1.804
2.625
2.942
2.182
0.01907
0.003087
0.02117
0.1152
0.06195
0.008613
0.7864
2.203
1.051
2.99
2.53
2.876
1.632
1.259
1.282
0.02517
2.209
2.552
3.727
2.659
3.253
4.612
4.931
1.157
3.492
3.588
1.642
2.638
3.622
2.351
1.494
1.441
0.1768
1.626
2.44
3.193
3.275
4.005
5.306
4.997
1.409
4.281
4.283
0.1846
2.98
4.104
3.329
1.981
1.385
0.6813
0.5306
2.377
2.31
3.487
4.015
4.82
3.459
1.201
3.79
3.973
0.03822
3.665
4.088
4.38
2.853
1.605
0.6892
0.06743
2.711
2.014
3.59
3.626
3.61
1.068
0.7862
2.525
3.534
0.0427
4.12
3.378
4.894
3.808
2.384
0.6242
0.02208
2.721
2.032
3.634
3.204
2.408
0.08755
0.4447
1.323
2.835
2.709
3.303
3.504
4.367
4.811
3.604
1.269
0.02085
2.216
2.303
3.606
2.589
1.3
0.03264
0.3145
0.7565
0.04451
3.109
2.182
2.816
3.764
4.915
4.717
2.019
0.02446
2.033
2.46
3.138
1.5
0.01698
0.9095
0.36
1.081
0.02316
1.893
1.723
1.835
3.001
4.078
4.618
2.541
0.01347
1.105
1.665
1.372
0.01555
0.03718
2.881
0.3964
1.189
0.2934
0.8318
1.007
1.383
2.281
3.21
3.841
2.589
0.006658
0.02938
0.06669
0.006667
0.01169
1.684
3.778
0.358
0.8134
1.15
0.7606
0.5289
0.9868
1.743
2.518
2.995
2.222
0.01783
0.0002901
0.00257
0.01854
1.061
2.675
3.616
0.2872
0.2473
0.8604
0.3379
0.2033
0.6009
1.296
1.979
2.393
2.088
0.6928
0.03175
0.23
0.6604
1.724
2.891
3.212
0.2259
0.007756
0.2249
-0.1921
-0.184
0.2183
0.879
1.518
1.916
1.886
1.357
0.3579
0.254
0.5277
1.218
1.883
1.89
0.4922
0.01591
2.257
4.123
3.117
2.397
0.9217
0.2428
0.04292
1.249
2.081
2.295
2.6
0.02007
2.186
4.139
5.312
0.7733
0.0788
3.527
4.638
3.918
3.514
1.641
0.213
0.01298
1.221
2.418
2.368
1.694
0.03249
2.837
5.242
5.815
1.066
1.404
4.534
4.344
4.509
4.515
2.842
0.4331
0.01245
1.595
2.659
2.327
0.3071
0.142
2.951
5.321
5.213
0.999
2.942
4.316
3.716
4.702
4.982
4.418
1.542
0.06079
1.238
2.509
2.313
0.02546
0.8811
2.937
4.795
4.01
0.7962
2.754
3.242
2.622
4.264
4.571
5.507
3.584
0.3596
0.2915
1.841
1.623
0.009424
2.004
3.075
4.225
2.883
0.5168
0.6489
3.675
2.941
3.272
4.054
5.346
4.898
0.8042
0.02159
0.3317
0.01318
0.2227
2.734
3.241
3.611
1.742
0.3534
0.02048
2.18
2.526
2.297
3.103
4.344
4.937
2.116
0.009097
0.004012
0.02357
1.415
3.042
3.251
2.246
0.8894
0.3646
0.01203
0.9699
1.377
1.493
2.007
3.009
3.773
2.787
0.0785
0.02463
0.4972
1.531
2.19
2.118
0.6057
1.643
0.3814
0.01784
0.6107
0.5585
0.793
1.183
1.843
2.471
2.447
1.191
0.2159
0.02734
0.7674
1.1
0.5073
0.6025
2.789
0.368
0.0372
0.5009
0.3455
0.3979
0.6311
1.021
1.432
1.545
1.025
-0.05644
-0.3959
-0.03505
0.1218
0.4117
1.611
3.4
0.3661
0.0721
0.2536
0.09144
0.1008
0.2567
0.5124
0.7704
0.8477
0.5495
-0.1945
-0.4719
-0.2281
0.1906
1.004
2.727
3.294
0.1171
0.2625
-0.04691
-0.2452
-0.2086
-0.03099
0.2067
0.4263
0.5308
0.4146
0.1102
-0.00825
0.1235
0.4045
1.402
2.663
1.966
0.005685
1.54
3.15
4.114
3.018
1.388
-0.009733
0.1734
2.569
1.575
0.02056
1.819
2.83
1.777
1.883
3.668
4.49
0.03137
1.464
3.755
4.788
4.271
2.939
0.5796
0.02449
1.561
0.2133
0.08264
1.969
2.282
1.555
2.363
4.715
4.709
0.3408
1.928
4.278
4.813
5.223
4.801
2.318
0.01719
0.2177
0.02122
0.7931
2.04
1.4
1.066
2.22
4.902
4.033
0.5522
2.549
4.463
4.358
5.42
6.11
4.585
0.0597
0.01352
0.01356
1.625
1.909
0.8384
1.06
2.088
4.633
3.069
0.6851
2.26
3.858
3.398
4.696
5.937
6.119
0.7935
0.007868
0.01651
1.463
1.429
0.5279
1.54
2.424
4.267
2.194
0.6593
2.366
3.34
2.95
3.617
4.872
5.955
3.338
0.1215
0.667
0.4656
0.5365
0.3575
2.089
3.007
3.675
1.411
0.2041
1.464
2.066
2.171
2.432
3.396
4.618
4.314
1.889
0.5714
-0.5052
-0.1142
0.5444
2.199
3.316
2.231
0.01705
0.02165
0.7668
0.9548
1.189
1.326
1.886
2.898
3.28
2.108
0.07062
-0.7796
-0.348
0.5609
1.367
2.392
1.045
0.01807
0.005179
0.4519
0.4274
0.5297
0.5108
0.6969
1.337
1.817
1.366
0.02554
-0.8038
-0.5588
0.2821
1.02
1.262
0.2165
1.421
0.002436
0.2317
0.2064
0.2209
0.04916
-0.05343
0.176
0.5278
0.463
-0.1205
-0.6936
-0.6231
-0.05805
0.8447
0.9441
0.0131
2.375
0.001555
0.001579
0.001488
-0.01692
-0.1683
-0.379
-0.47
-0.3635
-0.3239
-0.478
-0.6312
-0.4188
0.186
1.034
0.7696
1.116
3.269
0.06003
-0.06847
-0.153
-0.2081
-0.3013
-0.4645
-0.6605
-0.7126
-0.634
-0.5378
-0.3169
0.1378
0.901
1.023
0.04471
2.437
3.154
0.4244
2.153
3.553
3.596
2.117
0.2602
0.02354
0.03506
0.3721
2.713
1.546
1.181
1.555
1.544
1.754
1.038
3.871
0.3197
2.084
3.952
4.499
3.89
2.172
0.0255
0.01547
1.279
2.047
1.55
1.216
0.9287
1.249
2.006
3.278
4.59
0.1978
2.24
4.221
4.918
5.47
4.913
0.1005
0.02283
0.5668
1.363
1.658
1.026
0.3624
1.001
1.101
4.237
4.386
0.01733
2.458
4.169
4.602
5.818
6.749
1.902
0.1982
-0.551
0.7485
1.605
0.7441
0.09421
1.02
0.1345
4.121
3.7
0.006016
2.234
3.51
3.611
4.839
6.548
5.255
1.678
-0.3538
0.027
1.084
0.3665
0.02511
1.461
0.02775
3.866
3.088
0.0168
1.812
2.791
2.704
3.472
5.121
5.628
3.352
0.2359
-0.006067
0.194
-0.1402
0.1183
2.129
0.04435
3.466
2.401
0.0582
1.197
1.875
1.806
2.126
3.437
4.565
3.726
1.305
0.02982
-0.4124
-0.3401
0.5477
2.206
1.653
2.955
1.351
0.09345
0.6678
1.07
1.035
0.9645
1.787
3.147
3.303
1.898
0.2437
-0.4549
-0.2621
0.9827
0.04889
2.276
2.004
0.6517
0.08999
0.3613
0.5668
0.5281
0.1252
0.3897
1.549
2.246
1.695
0.5036
-0.1803
0.1401
1.302
0.0167
1.766
1.245
1.032
0.07776
0.194
0.3141
0.2494
-0.322
-0.5514
0.04791
0.8136
0.8081
0.2587
-0.05474
0.4434
0.5694
0.491
1.575
1.183
1.715
0.01502
0.04739
0.1673
0.08183
-0.2651
-0.7299
-0.8215
-0.462
-0.3081
-0.3425
-0.1566
0.6275
0.01263
1.329
1.754
2.005
2.693
-0.003708
0.02157
0.1273
0.07878
-0.04603
-0.3632
-0.7216
-0.8299
-0.7176
-0.4227
0.315
0.03373
0.6545
1.871
2.007
2.771
2.888
0.5629
2.455
3.166
2.241
0.7136
0.01925
0.06234
0.5064
1.538
2.638
1.49
0.9286
0.5275
1.708
3.007
3.773
4.406
0.602
2.582
3.591
3.305
2.718
0.09357
0.6699
-0.5525
0.8697
1.829
1.572
1.014
0.1028
1.419
3.578
4.826
5.039
0.6733
2.682
3.741
3.988
4.795
1.96
1.802
-0.8261
0.06964
1.198
1.682
0.9595
0.02742
1.737
3.9
5.114
4.555
0.6269
2.614
3.476
3.713
5.095
5.308
3.261
-0.1352
-0.3405
0.8906
1.769
0.8479
0.01674
2.183
3.762
4.969
3.807
0.4634
2.248
2.844
2.743
3.973
5.649
4.559
1.507
0.2215
0.8078
1.61
0.7098
0.01537
2.806
3.525
4.816
3.508
0.3216
1.81
2.239
1.796
2.666
4.79
5.108
3.223
1.332
1.159
1.259
0.5466
0.01598
3.359
3.098
4.34
2.615
0.1806
1.281
1.682
1.119
1.525
3.504
4.935
4.3
2.667
1.658
1.02
0.5083
0.05427
3.338
3.334
3.141
0.2242
0.09538
0.8124
1.182
0.7479
0.5841
1.981
4.145
4.599
3.556
2.21
1.122
0.09702
0.3504
2.419
2.976
1.541
0.008326
0.09116
0.5849
0.7925
0.6547
0.02859
0.6699
2.814
4.063
3.711
2.641
1.632
0.01852
0.8703
1.76
1.969
0.06927
0.004654
0.1274
0.5506
0.6635
0.747
-0.1202
-0.2542
1.205
2.819
3.018
2.435
1.357
0.01918
0.9274
1.314
0.4798
0.005252
0.02446
0.125
0.5163
0.7403
0.8119
0.6561
-0.1808
0.02625
1.332
1.769
1.503
0.04893
0.03366
0.4253
0.4557
0.01152
0.0126
0.6341
0.1349
0.5046
0.8975
1.165
1.311
0.5971
0.1173
0.4219
0.4393
0.03497
0.02542
0.04653
0.02733
0.00521
0.01489
1.34
2.15
0.6195
2.15
1.949
0.5556
0.02544
0.5012
-0.1701
0.6541
1.681
2.828
1.79
0.01385
1.532
1.579
0.01996
2.671
4.265
0.6623
2.316
2.328
1.361
0.2756
1.436
0.007287
-0.1193
1.288
2.42
1.847
0.009822
0.3694
0.1099
0.03096
3.513
4.851
0.6874
2.377
2.487
2.145
2.041
2.826
0.9698
0.05842
1.194
2.227
1.948
0.009324
0.04417
0.008892
0.4744
3.81
4.435
0.6368
2.291
2.334
2.133
3.048
4.427
2.747
1.167
1.523
2.325
2.13
0.01202
0.008609
0.00825
1.82
4.098
4.145
0.5569
2.11
1.988
1.543
2.722
5.144
4.465
2.876
2.395
2.656
2.251
0.01567
0.003745
0.02623
2.575
4.455
4.778
0.4853
1.921
1.756
0.9063
1.957
5.075
5.59
4.537
3.564
3.167
2.068
0.01753
0.006799
0.9666
2.865
4.489
5.166
0.3721
1.591
1.724
0.7209
1.269
4.271
6.051
5.787
4.773
3.745
1.661
0.04208
0.1157
1.744
3.015
3.764
3.982
0.2728
1.18
1.672
1.047
0.7412
2.944
5.93
6.508
5.73
4.426
1.534
0.3341
0.8135
1.792
2.785
2.791
2.786
0.33
1.11
1.446
1.871
1.026
1.777
4.945
6.419
6.077
4.756
1.755
1.443
1.467
1.908
2.59
2.21
2.073
0.4833
1.399
1.595
2.367
0.2052
0.1387
2.436
5.035
5.174
3.547
2.016
1.779
1.48
1.968
2.112
1.647
1.495
0.4945
1.494
2.014
1.385
0.01433
0.007302
0.08622
1.438
1.854
1.314
1.735
0.993
0.7963
1.451
1.418
1.183
1.354
0.4164
1.26
1.573
0.03011
0.8602
0.3037
0.01509
0.02181
0.06536
0.4997
0.8212
0.2709
0.3847
0.7984
0.5608
1.473
1.41
0.6588
1.674
1.05
0.01663
0.0557
0.08429
0.3385
1.62
2.291
2.356
0.4753
0.469
1.751
2.967
2.106
3.177
3.346
0.6967
1.84
1.313
0.04641
0.121
0.3287
0.464
1.387
2.209
2.441
1.43
0.7777
0.802
1.697
1.229
3.217
3.391
0.7253
1.95
1.488
0.1904
0.2759
1.399
1.377
1.813
2.425
2.643
2.136
1.101
0.3049
0.955
1.065
2.883
0.9779
0.7416
2.041
1.638
0.5611
0.4963
2.967
2.919
2.753
2.938
3.055
2.721
1.515
0.2358
0.8388
1.789
2.824
0.02323
0.8047
2.227
1.769
0.8391
0.5017
4.008
4.417
3.994
3.758
3.644
3.28
1.852
0.2182
0.7052
2.528
3.159
0.06266
0.8891
2.513
2.067
0.3829
0.1058
4.102
5.408
5.182
4.703
4.28
3.609
1.77
0.1811
0.7587
2.706
3.417
2.362
0.7767
2.384
2.42
0.03862
0.01406
2.994
5.714
6.087
5.577
4.883
3.764
1.533
0.3208
0.8783
2.641
1.598
2.825
0.5505
1.762
2.533
0.01221
0.007432
0.3408
4.986
6.537
6.317
5.621
4.005
1.623
0.8871
1.378
2.315
0.02946
1.948
0.6911
1.675
1.096
0.03806
0.06121
0.02012
3.777
6.405
6.595
5.971
4.035
2.221
1.595
2.005
2.203
0.01212
1.317
0.9902
2.026
0.02573
1.779
1.264
0.01256
0.9675
5.165
5.893
4.96
3.063
1.997
1.581
2.198
1.875
0.1661
1.167
0.8882
1.948
0.09219
2.498
1.528
0.05216
0.06586
3.225
4.046
3.023
1.727
1.043
0.7836
1.71
1.322
0.9134
1.369
0.4568
0.01721
1.724
1.776
1.701
0.5179
0.0172
1.527
1.683
1.087
0.8178
0.488
0.6534
1.098
0.08793
1.042
1.525
0.7585
1.572
0.01459
0.009969
-0.002889
0.3359
1.222
2.104
1.943
1.225
0.113
-0.2498
1.38
2.827
2.203
2.474
3.019
0.8025
1.695
0.0163
0.007781
0.09731
0.5913
1.496
2.185
2.046
1.377
0.5234
0.09293
0.6266
1.704
0.5762
2.774
2.634
0.8337
1.768
0.01815
0.007439
0.1582
1.173
2.169
2.626
2.389
1.815
1.175
0.7557
0.524
0.9804
0.01212
2.334
1.712
0.8833
1.842
0.02221
0.009744
0.04075
1.863
3.059
3.277
2.915
2.464
1.9
1.504
0.934
1.06
0.03467
2.255
1.174
1.062
2.176
0.02157
0.02166
0.01109
2.469
3.937
4.003
3.614
3.158
2.624
2.014
1.352
1.28
1.63
2.741
1.231
1.295
2.706
0.01758
0.3471
0.008051
2.782
4.576
4.629
4.27
3.643
3.063
1.747
1.469
1.008
2.682
3.036
2.022
1.139
2.647
0.1859
1.01
0.01473
2.58
4.784
5.061
4.654
3.815
3.29
1.766
1.543
0.02537
2.573
2.621
2.372
0.6556
0.7035
2.375
1.444
0.1611
1.388
4.34
5.295
5.09
4.509
3.865
2.606
2.184
0.01824
2.319
1.714
2.081
0.7259
0.01846
2.438
1.461
0.5767
0.4836
3.623
5.086
5.079
4.967
4.165
3.587
2.773
0.7081
2.175
1.16
1.762
1.026
0.4721
1.96
2.057
1.242
0.1572
2.353
4.021
4.044
3.905
2.934
3.256
2.381
2.295
2.138
1.149
1.782
0.8824
2.224
1.734
2.314
1.648
0.1236
0.9589
2.568
2.981
2.665
2.065
2.156
0.1053
1.714
1.689
1.243
2.006
0.03601
1.112
1.535
1.681
1.425
0.7462
0.4738
1.259
1.725
1.486
1.826
1.544
0.01163
1.374
1.163
1.136
1.921
0.8819
0.01955
1.13
0.0007141
0.251
1.016
1.677
1.734
1.009
0.09384
-0.2493
0.09756
2.236
2.424
3.105
3.883
3.445
0.9302
0.01924
1.297
0.002162
0.4602
1.414
2.053
2.022
1.224
0.3254
0.2478
0.6332
0.3131
2.429
3.157
3.817
3.041
0.9351
0.01895
1.46
0.03552
0.7156
1.936
2.566
2.54
1.644
0.9143
0.8737
1.678
0.01258
1.669
2.409
2.712
1.516
0.9062
0.01799
1.582
0.3762
0.6796
2.323
3.099
3.074
2.149
1.815
1.738
2.721
0.04725
1.452
1.85
2
0.03992
0.9942
0.02126
1.549
0.7034
0.309
2.499
3.557
3.444
2.868
2.704
2.973
3.295
1.586
1.814
2.512
2.282
0.01081
1.251
0.7695
1.349
0.7011
0.08048
2.529
3.837
3.551
3.465
3.129
3.739
0.7154
2.057
2.152
3.1
2.593
0.02001
1.151
2.518
1.182
0.6964
0.03587
2.367
3.795
3.625
3.549
2.946
3.986
0.02486
2.052
1.985
2.901
2.25
0.09507
0.05628
1.767
1.533
0.8653
0.04646
1.846
3.444
3.903
3.931
4.085
4.593
0.1707
2.34
1.751
2.396
1.16
0.761
0.007954
1.125
1.649
1.096
0.1184
1.285
2.804
3.832
3.85
4.838
4.733
3.399
3.358
2.195
2.151
0.1825
1.48
0.592
1.285
1.781
1.798
0.5351
0.9621
2.138
3.048
2.812
3.869
1.048
3.264
3.233
2.608
2.146
0.02355
1.749
0.7081
1.753
1.904
2.351
1.499
0.9058
1.534
2.259
2.878
3.023
0.02618
2.274
1.965
2.016
1.747
0.011
1.914
0.3525
0.9868
1.318
1.204
1.881
1.14
1.173
1.457
2.618
2.205
0.5981
1.818
1.041
1.508
1.26
0.008929
1.765
0.008812
1.152
1.079
0.2212
1.034
1.564
1.552
0.8622
0.2403
-0.2106
0.452
0.02044
3.246
2.81
0.03227
3.754
4.606
0.009502
1.221
1.253
0.02443
1.319
2.057
2.027
1.306
0.4955
-0.1196
1.068
0.3188
2.685
1.491
0.6863
3.882
4.515
0.008878
1.175
1.278
0.005896
1.529
2.506
2.397
2.11
1.067
0.6619
0.407
2.424
2.242
0.08232
1.874
2.902
3.721
0.00752
1.09
1.194
0.004605
1.454
2.77
2.782
2.864
1.718
1.964
0.02496
3.081
1.801
0.01104
1.747
2.65
2.819
0.007594
0.9712
1.059
0.005066
1.23
2.846
3.141
3.138
2.897
2.988
0.09225
3.188
2.051
0.01249
2.041
2.947
2.57
0.3674
1.31
0.9122
0.005134
1.028
2.71
3.422
2.905
3.592
2.546
3.48
3.228
2.058
0.03024
2.342
3.251
2.629
0.8422
1.666
0.7389
0.005471
0.8855
2.331
3.239
2.927
3.257
0.04293
3.832
2.533
1.817
0.1549
2.346
3.114
2.492
0.5281
1.187
0.8244
0.008331
0.8305
2.123
2.849
3.431
3.312
0.05623
3.606
2.15
1.855
0.7219
2.401
2.604
2.492
0.2943
0.9619
1.105
0.04176
0.8205
1.947
2.248
3.565
2.713
2.582
4.276
3.18
2.571
1.75
2.726
2.124
2.518
0.4662
1.34
1.884
0.8269
1.042
1.74
2.273
2.741
0.05253
2.959
3.408
2.974
2.437
2.259
2.905
1.889
2.536
0.5726
1.75
2.307
2.303
1.753
1.718
2.489
2.092
0.02382
2.461
2.146
2.125
1.39
1.84
2.518
1.654
2.528
0.3548
0.9113
0.3648
1.887
2.074
1.859
2.225
0.09032
1.395
2.425
1.802
1.653
0.4167
1.304
1.946
1.305
2.245
0.3426
0.5903
0.1248
1.201
1.864
1.61
1.173
0.2529
0.6861
0.2914
0.02929
0.01042
2.328
3.612
2.688
3.911
4.122
0.3353
0.6882
0.6401
1.263
2.382
2.331
2.001
0.9751
1.183
0.01551
0.136
0.0242
2.355
3.414
2.761
2.917
4.544
0.3029
0.69
1.034
1.101
2.536
2.965
2.414
2.631
1.184
0.05931
0.5471
0.2433
2.358
2.342
2.242
0.06591
3.139
0.2768
0.6845
1.16
1.046
2.285
3.2
2.942
3.449
0.03515
1.57
1.375
1.519
2.333
1.592
1.89
0.01421
1.959
0.2535
0.7712
1.171
1.053
1.856
3.068
3.49
3.397
0.03736
2.642
2.053
2.652
2.634
1.487
2.069
0.09696
1.71
0.4138
1.141
0.8952
1.182
1.775
2.608
3.407
0.8239
1.869
3.087
3.35
2.927
2.651
1.492
2.331
0.2783
1.804
0.5638
1.221
0.08405
1.123
1.885
2.097
2.739
0.02299
2.675
2.383
3.106
2.285
2.267
1.429
2.487
0.4889
1.866
0.3697
0.7196
0.007692
0.9108
1.787
2.443
2.195
0.2151
2.567
1.686
2.751
1.975
2.092
1.607
2.71
0.5691
1.913
0.2826
0.7355
0.01452
0.6997
1.438
2.342
0.1802
2.005
2.617
2.157
3.206
2.536
2.448
2.008
2.997
0.4945
1.902
0.5153
1.512
0.9798
1.387
1.302
2.152
0.01834
2.312
1.748
2.028
2.845
2.514
2.456
2.144
3.024
0.346
1.87
0.6431
1.926
2.55
2.533
2.273
2.131
0.8299
2.438
0.967
1.584
2.141
2.129
2.074
1.897
2.685
0.178
1.84
0.3531
0.02712
1.438
2.094
2.452
0.02831
2.387
1.982
1.049
1.448
1.936
1.969
1.683
1.553
2.214
0.02512
1.726
0.2882
0.695
1.116
2.012
2.231
1.544
1.201
0.2325
0.0235
0.03072
1.167
0.3362
1.428
2.812
1.438
3.29
3.633
0.3111
0.7864
1.413
2.191
3.094
2.856
2.295
0.01829
0.06576
0.01558
0.8821
0.5005
1.934
3.243
2.948
3.624
4.684
0.2913
0.806
1.523
1.881
3.074
3.191
0.5728
0.1867
1.216
0.0113
0.7681
1.131
2.311
2.567
2.783
2.111
3.856
0.2515
0.8181
1.448
1.377
2.335
2.936
0.02829
2.751
2.102
0.0121
0.9819
1.959
2.343
0.4936
2.159
1.618
2.728
0.2279
1.042
1.589
1.327
1.63
2.651
0.08613
3.438
1.88
0.01435
1.286
2.55
2.496
0.01464
2.008
1.75
2.496
0.3704
1.552
1.994
1.893
2.009
1.837
2.623
2.999
2.218
0.0167
1.835
2.614
2.69
0.01285
2.147
1.959
2.55
0.5342
1.544
1.72
1.956
2.084
0.02101
2.344
1.845
1.963
0.01339
1.851
2.128
2.596
0.01474
2.275
2.133
2.573
0.3272
0.1042
0.951
1.364
1.939
0.102
2.064
1.2
1.546
0.01112
1.878
1.998
2.546
0.01898
2.419
2.165
2.42
0.2369
0.006027
0.6472
0.9543
1.78
2.224
1.93
1.424
1.322
0.01366
2.127
2.238
2.718
0.02582
2.502
1.988
2.094
0.5087
0.4775
1.52
1.559
0.03065
2.525
1.675
1.553
0.9116
0.01167
2.021
2.246
2.696
0.03031
2.434
1.732
1.807
0.6579
1.883
2.493
2.465
0.08208
2.97
2.105
1.623
0.6033
0.008488
1.749
2.083
2.481
0.02901
2.218
1.464
1.694
0.005556
0.9284
1.393
0.7446
2.807
2.712
2.768
1.631
0.5202
0.007458
1.646
1.968
2.236
0.01801
1.944
1.204
1.688
0.2756
0.01103
1.738
2.784
2.32
0.03961
0.1905
0.02515
1.399
0.7184
1.194
0.7304
0.008446
2.191
2.078
3.149
0.8197
0.3241
0.008215
1.961
3.079
3.121
0.03105
2.307
0.3224
0.8018
-0.004254
0.6239
0.7132
0.402
2.809
3.033
3.171
4.027
0.3022
0.006748
1.789
2.562
3.331
1.592
2.887
1.284
1.225
0.1945
0.6191
1.253
1.956
3.053
2.68
0.3307
3.555
0.244
0.01083
1.385
1.593
2.305
3.32
2.537
2.464
1.963
0.8366
0.8514
2.105
2.8
2.379
2.175
0.01327
2.958
0.2147
0.2296
1.38
1.204
0.03729
2.516
1.986
2.731
2.264
1.325
1.27
2.426
3.104
1.792
1.994
0.1633
2.841
0.4082
1.396
2.028
1.85
0.03221
1.752
2.073
2.46
2.279
1.709
1.641
1.208
2.959
1.801
1.979
0.3424
3.009
0.5984
1.813
2.086
2.326
1.776
1.276
1.392
1.485
1.482
1.668
1.807
0.1237
2.426
1.76
2.003
0.5491
3.075
0.3815
1.104
1.275
1.472
2.23
1.097
1.055
0.8288
0.7093
1.512
1.86
0.02209
2.219
1.802
2.102
0.6954
2.791
0.003332
0.5513
0.6935
0.01438
2.299
1.983
1.136
0.5708
0.2378
1.429
1.928
0.01414
2.247
1.868
2.07
0.6361
2.096
0.1171
0.9223
1.586
0.536
2.217
2.773
1.487
0.5651
0.05595
1.176
1.847
0.01242
2.19
1.813
1.896
0.4647
1.433
0.5273
1.559
2.308
2.914
2.289
3.323
2.191
0.7207
0.0165
0.943
1.711
0.01271
2.058
1.683
1.658
0.2722
1.114
0.3063
0.6985
0.01837
2.053
2.945
3.372
3.033
1.225
0.007576
0.8874
1.685
0.01317
1.946
1.556
1.399
0.03581
1.233
0.523
1.248
2.316
2.565
0.07906
1.705
0.1364
0.1974
0.7338
1.29
2.13
1.359
1.115
2.306
0.3081
2.85
2.437
0.5473
1.186
2.531
3.13
2.433
1.619
1.108
0.4512
0.3549
0.4062
1.573
1.567
1.428
3.092
2.628
2.923
3.627
0.4785
1.075
2.229
2.577
3.004
2.273
1.926
1.307
1.067
0.7377
1.037
1.763
2.193
3.572
3.183
2.067
3.327
0.3172
0.8801
1.404
0.3958
2.125
2.473
2.063
2.101
2.139
1.343
0.01553
1.856
2.722
2.827
2.799
1.556
2.805
0.01173
0.7144
0.9669
0.009532
0.8859
1.537
1.701
2.201
2.617
1.792
0.02004
2.01
2.609
0.7457
2.016
1.345
2.47
0.004562
0.9874
1.59
0.8485
0.5705
0.8004
1.339
1.891
2.524
2.07
0.2745
1.8
2.299
0.8027
1.772
1.445
2.754
0.3823
1.517
2.093
2.002
1.178
0.5026
0.5816
0.8337
1.82
2.151
1.505
1.486
1.78
0.9527
1.735
1.744
3.062
0.4197
1.1
1.154
2.154
1.855
0.7949
0.3459
0.1176
1.459
1.938
2.042
1.213
1.468
1.161
1.951
2.096
3.088
0.2414
0.4486
0.009988
1.406
2.429
1.758
0.6533
0.02048
1.295
1.675
2.012
1.012
1.344
1.303
1.968
1.928
2.417
0.2201
0.8636
0.8602
1.536
2.628
2.921
1.445
0.01534
1.08
1.191
1.853
0.9048
1.251
1.315
1.794
1.428
1.559
0.3745
1.353
2.14
2.496
2.949
3.812
2.4
0.0112
0.8328
0.4121
1.656
0.8752
1.195
1.294
1.564
0.833
0.8239
0.1984
0.01677
1.017
2.004
3.283
4.23
3.354
0.03947
0.1964
0.03945
1.553
0.9067
1.177
1.303
1.324
0.5032
0.7777
0.06831
1.126
1.824
1.07
0.9083
1.121
0.4275
0.3188
0.9673
2.402
3.054
2.152
0.03358
2.25
1.654
2.453
2.532
0.3656
1.122
2.261
2.126
1.659
1.439
1.222
0.833
0.9104
0.03528
2.031
1.969
0.01404
2.514
2.319
0.3845
2.672
0.4264
1.197
2.112
2.06
1.882
1.816
1.721
1.797
1.84
0.02393
1.692
1.824
0.04953
2.825
2.548
0.017
2.113
0.3519
0.955
0.9902
1.099
1.336
1.868
1.9
2.315
3.011
2.088
1.76
1.896
1.099
2.909
2.396
0.008304
1.627
0.238
0.5681
0.006842
0.3243
0.3622
1.069
1.739
2.314
3.303
3.033
1.879
2.012
2.181
2.35
1.906
0.007873
1.3
0.2013
0.6497
0.3296
0.5466
0.1922
0.3424
0.7067
2.171
1.984
2.601
1.824
1.806
1.633
1.899
1.466
0.008163
1.553
0.2964
1.292
1.663
1.41
0.7485
0.1903
0.05494
1.643
0.06753
1.655
1.721
1.476
0.5892
1.363
1.101
0.235
2.199
0.3517
1.212
1.8
1.882
1.561
0.8207
0.01366
0.8879
0.008958
1.385
1.571
1.057
0.0934
1.051
1.228
1.662
3.14
0.1759
0.01875
0.876
1.566
2.373
1.869
0.01372
0.02961
0.007057
1.334
1.401
0.685
0.01865
0.9333
1.323
2.054
3.305
0.1332
0.01871
0.829
1.517
3.061
3.238
0.08267
0.003888
0.03221
1.261
1.335
0.5519
0.008012
0.8398
1.3
1.669
1.907
0.3332
0.9896
1.397
2.02
3.6
4.321
1.398
0.01364
0.1771
1.125
1.337
0.539
0.005669
0.8265
1.223
0.8294
0.07773
0.2451
0.6202
0.8686
1.754
3.706
4.821
3.759
0.5228
0.378
0.9007
1.375
0.5417
0.006243
0.7782
0.8825
0.1885
0.0169
0.3952
0.9658
0.03493
0.6628
0.812
1.371
1.205
1.209
0.02184
2.561
3.121
2.56
2.338
2.362
0.05122
2.634
2.845
0.4687
1.135
1.557
1.258
1.197
1.606
1.898
1.976
0.2298
1.433
2.102
2.552
2.265
2.746
1.62
2.219
2.896
0.4694
1.479
1.944
1.34
1.322
1.554
1.952
2.727
2.441
1.507
1.794
2.233
2.205
3.139
2.746
1.401
2.145
0.3306
1.254
1.365
0.8584
1.176
1.589
2.194
1.061
2.505
2.068
1.823
1.865
2.164
3.366
2.978
1.122
1.308
0.2283
0.593
0.5948
0.2663
0.2273
0.5552
2.31
0.02264
2.054
2.061
1.831
1.841
2.294
3.243
2.822
0.9977
0.1182
0.1295
0.005044
0.5378
0.4002
0.06744
0.03903
1.125
0.03956
1.854
1.685
1.576
1.843
2.477
2.859
2.14
0.8555
0.1843
0.2168
0.6078
1.231
1.079
0.772
0.01215
0.01856
0.7752
1.536
1.338
1.276
1.832
2.263
2.054
0.3913
0.8813
0.3845
0.39
1.27
1.443
1.459
1.524
0.02154
0.01265
1.052
1.27
1.419
1.152
1.129
1.57
1.307
0.009269
1.188
0.5686
0.3445
0.8839
0.9224
1.327
2.427
0.2749
0.5909
0.4146
1.028
1.445
0.9791
0.1859
0.9714
0.9057
0.007644
1.386
0.5129
0.008578
0.514
0.7195
1.317
3.543
3.097
1.927
0.1184
0.8179
1.286
0.903
0.01851
0.7479
0.7495
0.1741
1.561
0.3039
0.007449
0.7122
0.9094
1.788
4.094
4.713
3.089
0.6577
0.7384
1.032
0.897
0.006988
0.6901
0.8652
1.063
1.429
0.132
0.2147
0.5808
0.7241
1.883
4.077
4.918
4.02
1.567
0.7871
0.8329
0.9752
0.005805
0.5744
0.9202
0.9704
0.05293
0.07424
0.4104
0.4443
1.117
0.8413
0.0698
1.771
2.277
0.669
1.254
1.909
2.428
3.075
3.305
3.163
1.841
3.409
3.85
0.433
0.01145
1.57
1.051
0.06891
1.629
2.46
2.292
1.135
1.216
1.551
2.318
3.354
3.356
2.319
2.353
2.909
0.544
1.038
1.831
1.103
0.0834
1.495
0.08616
2.214
1.611
1.428
1.845
2.287
3.015
3.661
2.682
0.02218
1.276
0.4083
1.422
1.337
0.8684
0.08613
2.144
0.04227
2.059
1.709
1.608
2.18
2.034
0.7024
3.218
2.74
0.01668
0.7761
0.3752
1.059
0.7558
0.1688
0.02616
0.5451
2.074
2.17
1.872
1.352
2.138
1.95
0.06988
2.774
2.789
0.6646
0.8211
0.2884
0.7909
0.7898
0.2944
0.01236
0.0147
1.832
1.864
2.013
0.9903
1.213
1.689
0.7591
2.849
2.529
0.1874
1.119
0.005171
0.904
1.097
0.9814
0.01613
0.1732
0.744
1.687
1.679
0.7685
0.08825
1.541
2.159
2.863
2.021
0.04108
1.794
0.04738
0.9822
1.043
1.323
0.05055
1.419
0.5913
1.4
1.297
0.7214
0.006605
1.191
1.955
2.095
1.366
0.02163
2.157
0.4072
1.009
0.6636
1.024
0.9449
2.069
1.26
1.028
1.01
0.6318
0.004583
0.8121
1.314
1.113
1.004
0.01894
2.123
0.4339
1.09
0.6213
0.2252
2.763
3.342
2.079
0.8993
0.8331
0.5401
0.009268
0.7104
0.9775
0.1138
0.9171
0.01902
1.735
0.3422
1.064
0.6772
0.04543
3.101
3.953
2.85
1.286
0.8324
0.5369
0.09582
0.8264
0.8939
0.006566
1.105
0.02076
1.064
0.289
0.6501
0.1759
0.02008
2.934
3.989
3.48
1.911
1.039
0.7878
1.068
1.066
0.8319
0.04002
1.305
0.02526
0.3924
0.6544
1.729
1.686
0.08432
1.185
2.302
2.095
1.01
0.7842
1.326
2.076
2.325
3.908
3.537
0.02592
2.788
3.69
0.6843
1.425
1.841
0.01794
0.7856
0.4658
2.663
1.771
0.8784
1.237
1.592
0.04124
3.189
3.529
0.08825
2.056
2.647
0.435
1.856
1.771
0.01188
1.14
0.0274
2.266
2.347
0.9835
1.194
2.206
0.02486
2.938
3.882
2.523
1.258
1.064
0.005713
1.545
1.255
0.01492
1.257
2.185
2.28
2.555
1.069
0.3238
2.323
0.2168
2.267
3.373
2.818
0.9393
0.6015
0.2863
1.207
0.823
0.01241
0.02199
1.627
2.726
2.509
1.388
0.02535
2.184
1.047
1.899
2.771
2.504
1.129
0.8508
0.5333
1.145
0.6662
0.01201
0.03616
0.6477
2.184
2.245
1.631
0.008581
1.471
0.07233
1.578
2.578
2.536
1.555
1.435
0.5381
1.318
0.8493
0.01577
1.118
0.937
1.537
2.009
1.467
0.0315
0.7866
0.01117
1.62
2.627
2.573
2.27
2.535
0.4569
1.014
0.4704
0.01579
1.246
1.553
1.49
1.809
1.295
0.2359
0.5849
0.007969
1.359
1.987
0.7769
1.926
2.528
0.555
1.113
0.01016
0.0171
1.499
1.996
1.838
1.606
1.063
0.2469
0.6032
0.02208
1.093
1.208
0.04174
1.379
2.098
0.7051
1.465
0.009811
0.07779
2.053
2.806
2.361
1.555
0.8981
0.252
0.7692
0.3615
1.265
1.015
0.01373
1.149
1.648
0.5973
1.181
0.156
0.723
2.419
3.196
2.815
1.754
0.87
0.364
1.1
1.381
1.432
1.029
0.01428
1.042
1.182
0.3284
0.009145
0.7065
1.134
2.385
3.017
3.13
2.141
1.08
0.7798
1.585
1.841
0.2745
1.228
0.0558
0.6781
0.7085
0.1139
1.515
2.352
1.785
1.969
2.741
1.952
0.707
0.05968
1.063
0.02431
2.601
4.114
4.148
2.583
2.933
3.493
0.556
1.507
2.187
1.357
0.05842
2.309
2.872
1.294
0.01141
1.452
0.05934
1.644
3.346
4.115
2.36
2.217
2.527
0.6913
1.837
0.9953
1.146
0.0639
1.745
2.9
1.989
0.008847
2.08
1.706
1.644
2.897
3.727
2.755
1.308
0.9392
0.6096
1.531
0.02018
0.835
1.286
2.412
2.835
2.324
0.02442
1.501
2.466
1.664
2.305
3.035
2.285
0.7557
0.2506
0.6289
1.14
0.01102
0.01909
0.5246
1.955
2.954
2.56
0.4715
0.2666
1.983
1.662
1.813
2.286
1.658
0.6758
0.01986
0.6773
1.2
0.02653
0.01749
0.4257
1.344
2.564
2.623
1.567
0.03287
1.275
1.105
1.329
1.805
1.534
1.149
0.05649
0.7671
1.38
0.1896
0.7586
1.167
1.574
2.271
2.499
1.683
0.009066
0.2949
0.8077
1.142
1.903
2.25
2.344
2.335
0.52
0.05202
0.392
0.9947
1.209
1.834
2.222
2.256
1.365
0.005744
0.01627
0.7089
1.093
1.232
1.99
2.161
2.843
0.5312
0.01489
0.3276
0.6385
1.311
2.077
2.317
1.966
1.056
0.003729
0.006099
0.7194
0.9848
0.03969
1.077
1.374
2.279
0.8302
1.227
0.1703
0.5967
1.651
2.54
2.583
1.861
0.854
0.00331
0.007903
0.9176
1.211
0.008674
0.7129
0.991
1.766
0.6909
1.422
0.0306
0.859
1.759
2.711
2.836
1.954
0.7413
0.003219
0.05301
1.457
1.612
0.01634
0.7199
0.8581
1.392
0.00866
0.5283
0.005479
0.9065
1.665
2.302
2.959
2.233
0.7784
0.005879
1.196
2.129
1.713
0.9437
1.126
0.9001
1.155
0.4123
1.222
1.756
2.165
2.47
2.566
1.5
0.008105
0.7861
0.01313
1.191
2.092
3.586
3.765
2.944
3.08
3.208
0.515
1.472
2.2
1.661
2.309
2.959
2.446
0.2031
0.8553
0.2361
0.9719
1.386
3.072
3.813
2.941
2.686
1.776
0.6222
1.862
1.779
0.01755
1.243
2.494
3.019
1.572
0.03235
1.188
1.558
1.352
2.884
3.721
3.048
1.797
0.02455
0.6076
1.082
1.267
0.9228
1.532
2.698
3.307
2.58
0.008859
1.143
1.685
1.336
2.549
3.193
2.454
0.9259
0.1347
0.5049
0.01158
0.7953
0.4882
1.005
2.314
3.251
2.744
0.06444
0.6727
1.44
1.202
1.988
2.26
1.451
0.05073
1.206
0.5709
0.09036
0.08389
0.2298
0.848
1.923
2.95
2.875
0.9412
0.5327
1.148
0.8919
1.115
1.291
0.7749
0.02444
1.2
0.814
1.234
0.007261
0.5584
1.224
2.049
2.76
2.868
1.96
0.4459
0.8471
0.7732
0.1314
1.152
1.286
1.067
2.324
0.3866
0.9655
0.006369
0.5795
1.081
2.024
2.553
2.468
1.809
0.09284
0.5845
0.6514
0.006113
1.058
1.252
1.59
2.978
0.005442
0.691
0.158
0.6646
1.048
2.028
2.399
1.923
1.2
0.01245
0.4256
0.5712
0.01005
0.5681
0.691
1.235
2.705
0.2832
1.311
0.7202
0.9741
1.256
2.259
2.511
1.726
0.7942
0.008303
0.3883
0.7003
0.3928
0.5022
0.5476
1.136
2.251
0.6071
1.4
0.877
1.251
1.261
2.266
2.742
1.866
0.5758
0.01345
0.5693
1.109
1.376
0.8199
0.6815
1.079
1.906
0.3586
0.7629
0.8838
1.266
1.162
1.172
2.751
2.24
0.649
0.132
0.908
1.436
1.467
1.379
1.103
1.192
1.734
0.303
0.009376
1.109
0.8549
1.928
1.934
1.087
0.352
0.008539
0.7157
0.9891
0.3623
2.353
2.963
3.005
3.014
2.548
0.3501
0.02114
1.697
2.475
2.732
3.128
2.401
0.01053
0.3253
0.7466
0.81
0.1785
2.286
3.336
3.456
3.258
2.859
0.512
1.067
1.429
1.672
2.142
3.143
3.164
0.3484
0.5439
1.048
1.029
0.07584
2.3
3.569
3.697
1.432
2.432
0.6215
1.181
0.01038
0.9746
1.975
3.154
3.637
2.647
0.7897
1.006
1.002
0.02767
2.155
3.285
3.109
0.03666
1.277
0.1232
0.7877
0.1521
0.6581
1.574
2.785
3.527
3.195
1.249
0.8201
0.8188
0.009265
1.71
2.32
1.477
0.01533
0.8317
0.005432
0.6694
0.4454
0.5614
1.343
2.427
3.224
3.226
1.889
0.8563
0.7036
0.009978
1.01
0.9782
0.01818
0.007171
0.7592
0.4233
0.9513
0.5397
0.6484
1.326
2.307
2.93
3.031
2.214
1.042
0.8124
0.4923
0.7226
0.8309
0.05707
0.01103
1.498
0.4522
0.8187
0.5164
0.6413
0.8471
2.011
2.481
2.318
1.472
0.9711
0.8413
0.8667
0.7017
0.857
0.4109
0.01466
2.217
0.3254
0.8619
0.7178
0.8413
0.5823
1.797
2.077
1.417
0.2311
0.6766
0.6669
0.7756
0.6187
0.4887
0.2579
0.09547
2.355
0.4373
1.265
1.184
1.173
0.5422
1.869
2.111
1.134
0.01968
0.537
0.5094
0.6416
0.7209
0.3677
0.3666
0.8856
2.481
0.4983
0.9016
1.299
1.093
0.03069
1.716
2.42
1.42
0.007067
0.2133
0.4855
0.7207
0.8897
0.5395
0.5209
1.115
2.373
0.3055
0.07317
1.162
0.8971
0.005332
0.91
2.588
1.925
0.006167
0.005365
0.5908
0.8363
0.4005
0.7587
0.7103
1.061
2.186
0.4398
0.7047
0.1058
1.081
1.539
1.451
0.01352
0.0501
0.4496
0.4956
0.5951
1.002
1.54
1.973
2.478
2.14
1.341
0.1769
0.5473
0.03855
1.649
2.715
3.257
1.133
0.8075
0.6276
0.5148
0.7867
0.9454
1.653
2.439
3.249
3.117
2.355
0.00425
0.8413
1.318
1.683
2.728
3.727
3.415
1.8
0.8899
0.7789
1.021
1.047
1.856
2.963
4.325
3.969
3.39
0.4055
1.112
0.8915
1.126
2.4
3.544
3.767
2.758
1.213
0.8709
1.042
1.186
1.992
3.032
4.367
3.17
2.626
0.3182
0.658
0.5861
0.7881
1.988
3.122
3.583
3.041
1.518
0.8638
0.9535
1.157
1.789
2.223
2.87
1.735
1.605
0.1429
0.02396
0.513
0.705
1.687
2.72
3.259
3.126
1.955
0.9818
0.7927
0.8203
0.9924
0.07807
1.195
0.6441
0.9057
0.1974
0.003728
0.5633
0.6534
1.184
2.339
2.802
2.946
2.279
1.234
0.8703
0.7755
0.6209
0.009644
0.6862
0.6069
1.16
0.2111
0.01564
0.5902
0.5396
0.05764
1.719
2.129
2.13
1.991
1.409
1.234
1.102
0.9121
0.5896
0.1728
0.2282
1.283
0.2802
0.6036
0.8752
0.7822
0.005334
1.491
1.566
1.121
0.5086
0.9987
1.114
0.6017
0.9242
0.6573
0.009318
0.01165
1.242
0.4419
1.376
1.367
1.137
0.01581
1.589
1.562
0.9189
0.01035
0.5284
0.6925
0.01679
0.5967
0.4158
0.003555
0.006902
1.427
0.5294
1.532
1.572
0.8966
0.3947
1.849
1.895
1.312
0.009448
0.3159
0.4901
0.003479
0.4646
0.3659
0.03606
0.006192
1.571
0.4484
1.155
1.367
0.02963
0.6278
1.628
2.098
1.777
0.3589
0.3335
0.5067
0.2317
0.5661
0.565
0.3381
0.01609
1.651
0.3262
0.7854
0.9471
1.018
1.227
0.055
0.9098
0.6766
0.5926
0.3147
0.9081
0.8694
0.9301
1.213
1.652
1.078
0.3824
0.3021
0.6596
0.7418
1.379
2.715
3.051
2.502
1.395
0.844
0.3073
0.8057
0.6836
1.07
1.555
2.415
2.121
1.843
0.1336
0.006707
0.7496
1.405
3.072
4.025
3.657
2.233
1.194
0.5645
0.6448
0.6888
1.362
2.138
3.768
4.003
4.202
0.24
0.1167
0.5477
0.8783
2.683
3.786
3.803
2.793
1.439
0.6382
0.1708
0.8333
1.653
2.426
4.122
4.03
4.109
0.2505
0.6682
0.6164
0.5716
2.144
3.236
3.54
2.947
1.611
0.6526
0.02298
0.9241
1.644
2.138
2.912
2.8
2.996
0.1774
0.5993
0.8387
0.5377
1.59
2.615
3.031
2.977
1.925
0.8055
0.004472
0.692
0.88
1.095
0.07901
0.9547
1.682
0.2553
0.6645
0.8377
0.05695
0.6939
2.027
2.268
2.573
2.181
1.141
0.01181
0.547
0.008643
0.6517
0.003959
0.4406
1.2
0.2941
0.7012
0.7476
0.003701
0.08128
1.663
1.48
0.6431
1.806
1.434
0.5525
1.121
0.1592
0.831
0.06703
0.3119
0.9827
0.3756
1.011
0.8425
0.1768
0.01199
1.735
1.075
0.01185
1.095
1.195
1.363
1.45
1.145
0.9741
0.6204
0.2845
0.8449
0.5021
1.433
1.317
1.183
0.007061
1.788
1.126
0.01183
0.5898
0.7414
1.151
0.9468
0.9076
0.1868
0.5652
0.314
0.8667
0.5219
1.533
1.595
1.304
0.006355
1.694
1.336
0.2322
0.384
0.4738
0.7789
0.5118
0.4952
0.005415
0.4641
0.05929
0.7677
0.409
1.244
1.57
0.9118
0.03917
1.471
1.471
1.22
0.01268
0.3992
0.6605
0.7159
0.634
0.4803
0.4808
0.003157
0.7341
0.1955
0.01445
0.6705
0.5936
0.1044
1.164
1.465
1.322
0.7528
0.004416
0.9876
1.342
0.7781
0.04757
0.895
0.5317
0.01167
0.2384
0.6329
0.6865
1.127
2.047
3.389
3.017
2.202
1.171
0.009922
0.5442
1.197
0.8817
0.04888
1.112
0.9665
0.1778
0.2029
0.6107
0.7956
1.301
3.252
4.221
3.945
2.871
1.573
0.3396
0.4008
1.19
1.18
0.03523
1.941
2.984
3.718
0.3401
0.7363
0.6487
0.1941
2.619
3.805
3.859
2.928
1.518
0.5732
0.5674
1.298
1.541
0.01911
2.12
3.3
4.727
0.2522
0.8663
0.7007
0.00775
1.955
2.995
3.401
2.832
1.484
0.585
0.8627
1.304
1.639
0.01221
1.575
2.425
3.853
0.007194
0.6982
0.9851
0.03115
1.555
2.135
2.653
2.831
1.813
0.8862
0.9888
0.3008
1.22
0.3796
0.7037
1.127
2.407
0.001784
0.6745
1.136
0.5955
1.411
1.729
1.637
2.605
2.153
1.461
1.198
0.008627
0.561
0.7333
0.4754
0.582
1.469
0.007876
0.6284
0.5041
0.6518
0.9913
1.665
0.9207
1.325
1.759
1.498
1.515
0.8718
0.7564
0.8808
0.589
0.4324
1.003
0.1846
0.7656
0.009304
0.7092
0.7823
1.605
0.07432
0.01131
0.869
1.038
1.479
1.553
1.232
0.8475
0.3412
0.2993
0.7126
0.4338
1.068
0.009106
1.107
0.8413
1.586
0.008469
0.005105
0.5317
0.7537
1.231
1.28
1.141
0.697
0.002831
0.1522
0.5124
0.4821
1.236
0.2104
1.214
0.9867
1.542
0.008856
0.3758
0.5534
0.6781
0.8837
0.6273
0.09797
0.4407
0.02367
0.1168
0.396
0.3963
1.138
0.8852
0.9822
0.9289
1.382
0.01347
1.05
0.8133
0.7456
0.2023
0.6713
0.03927
0.6211
0.5979
0.1763
0.3847
0.2635
0.5848
0.5938
0.05178
0.9841
1.662
2.22
2.008
0.9934
0.02229
1.317
1.303
0.00718
0.5381
0.7348
0.01139
0.01082
0.1442
0.6992
0.4838
0.02068
2.159
3.397
3.565
2.975
1.734
0.006511
0.991
1.072
0.01945
0.5916
0.6876
0.032
0.05829
0.003035
0.6558
0.6062
0.01528
2.565
3.991
4.133
3.347
1.844
0.007128
0.8245
1.114
0.2434
0.7972
1.046
1.353
2.383
0.3516
0.8483
0.0958
0.007938
2.162
3.427
3.728
2.892
1.299
0.005679
0.82
1.336
1.296
0.9775
1.121
1.982
4.547
0.4177
0.8635
0.009967
0.005665
1.714
2.331
3.011
2.575
1.102
0.00443
0.2334
1.258
1.748
0.8501
0.7795
1.646
4.341
0.3022
0.8146
0.8165
0.005799
1.496
1.326
1.621
2.49
1.392
0.007603
0.00866
0.825
1.119
0.6403
0.4058
1.002
3.177
0.2594
0.8566
1.213
0.00677
1.433
1.15
0.01481
2.063
1.688
0.01162
0.735
0.6904
0.5304
0.574
0.3721
0.5927
1.855
0.2459
0.8347
1.035
0.01825
1.249
1.323
0.03769
1.528
1.525
0.00912
1.029
1.052
0.6174
0.107
0.3313
0.3243
0.9593
0.319
0.9685
0.8722
0.2765
1.119
1.613
0.8374
0.696
0.9008
0.004737
0.8796
1.448
1.112
0.006544
0.2482
0.1634
0.5377
0.4223
1.232
0.9827
1.059
1.076
1.608
0.9485
0.3753
0.5772
0.004489
0.8408
1.138
1.25
0.6139
0.2753
0.1141
0.3234
0.4552
1.359
1.172
1.185
1.052
1.48
0.8808
0.5094
0.5767
0.01232
0.7478
0.01185
0.5258
0.6212
0.3552
0.1563
0.2422
0.4002
1.174
1.25
0.8851
1.048
1.385
0.7791
0.006727
0.5791
0.7796
0.8222
0.6422
0.6592
0.5603
0.4628
0.2308
0.2504
0.1981
0.5774
0.3556
0.008478
1.073
2.227
2.88
2.378
0.2436
0.6225
1.245
1.169
0.5848
0.448
0.01462
0.4795
0.6083
0.3427
0.6454
0.005805
0.4458
2.005
3.372
3.851
3.38
2.059
0.6678
0.9883
0.9549
0.7412
0.5653
0.008912
0.01607
0.3249
0.2988
0.6726
0.1069
0.8516
2.301
3.615
4.014
3.429
2.273
0.5945
0.8761
1.111
1.23
0.9153
0.1243
0.01156
2.032
0.4049
1.102
0.8267
0.5978
1.874
2.862
3.315
2.542
1.232
0.0215
0.7025
1.184
1.713
1.187
0.611
0.01335
3.474
0.3493
0.7548
0.7642
0.4582
1.427
1.365
2.526
2.148
0.8244
0.008806
0.5717
1.098
1.587
0.9669
0.4859
0.0128
3.422
0.1835
0.01792
1.013
0.7561
1.249
0.03294
1.764
2.288
1.349
0.7641
0.7337
1.016
0.904
0.5629
0.2365
0.0141
1.986
0.1404
0.004322
1.193
1.116
1.371
0.008216
0.6347
2.075
1.781
1.176
1.151
0.8321
0.01101
0.5027
0.3822
0.2252
0.1171
0.1328
0.008821
0.9341
1.082
1.442
0.2554
0.005597
1.423
1.758
1.103
0.8324
0.8204
0.02674
0.5175
0.4677
0.261
0.02098
0.1875
0.1182
0.787
1.128
1.422
1.169
0.02837
0.8823
1.235
0.6418
0.006754
0.9308
1.117
0.6648
0.363
0.1596
0.02232
0.2967
0.5908
0.9286
1.226
1.187
1.449
0.7698
0.9565
1.098
0.6834
0.09106
1.051
1.174
0.8069
0.3465
0.1903
0.1218
0.3691
0.9378
1.071
0.6736
0.9492
1.412
0.9012
1.022
1.083
0.9644
1.057
0.8075
0.6236
0.6976
0.5279
0.3667
0.2949
0.3352
0.5442
0.9129
0.005901
0.7979
1.461
0.9646
0.6822
0.7323
1.081
0.9655
1.108
0.7525
0.01031
0.508
0.4373
0.3108
0.2923
0.5496
0.1185
0.4749
1.524
2.758
3.379
2.989
1.507
0.9371
0.9147
0.6905
0.5804
0.007126
0.8528
0.8101
1.13
0.3071
0.5788
0.1878
0.6757
1.942
3.324
3.921
3.543
2.251
1.023
0.7569
0.06953
0.6886
0.01851
0.9101
0.3661
0.8534
0.2267
0.005161
0.1674
0.7497
1.66
3.035
3.623
3.089
1.618
0.958
0.7175
0.008192
1.089
0.7977
1.253
0.2111
1.383
0.335
0.6535
0.2402
0.7121
1.19
1.804
2.613
1.699
0.06119
0.4947
0.5763
0.006214
1.323
1.533
1.193
0.02433
1.738
0.3149
0.9132
0.2773
0.7943
0.7378
0.01228
1.768
1.331
0.00542
0.4053
0.5021
0.01292
1.135
1.253
0.5834
0.007295
1.712
0.2749
0.7386
1.017
1.137
0.9156
0.03226
1.58
1.584
0.01378
0.03996
0.7232
0.9224
0.9739
0.6566
0.007439
0.03289
1.398
0.2416
0.6367
1.312
1.418
1.401
0.631
1.189
1.66
0.1604
0.01394
0.9849
1.25
0.9312
0.7869
0.04874
0.2517
0.6418
0.2323
0.5901
1.002
1.4
1.5
0.9753
0.6453
1.366
0.6012
0.8489
1.042
1.05
1.01
0.9418
0.7361
0.1948
0.006243
0.2452
0.6626
0.8657
1.346
1.031
1.263
0.7317
1.124
0.6645
0.7301
0.7148
0.91
1.175
0.8408
0.6141
0.01089
0.008696
0.2923
0.8752
0.9394
1.192
0.1729
0.9964
0.06081
0.9552
0.6654
0.8975
0.8965
1.14
0.8623
0.7446
0.4793
0.003713
0.09975
0.3156
0.9917
1.021
0.8551
0.01623
0.8394
0.006201
0.8489
0.4053
0.9781
1.046
0.8963
0.008153
0.7787
0.7827
0.2336
0.1441
0.2803
0.8697
0.9419
0.4506
0.01314
0.963
0.5452
0.7355
0.006573
0.6052
0.009252
0.8318
0.9945
0.8622
0.8754
0.6257
0.004002
-0.4535
-1.246
-0.986
-0.2143
0.007743
0.02184
-0.9554
-2.577
-3.941
-4.856
-5.728
-6.197
-5.804
-4.674
-3.534
-2.294
-1.015
-0.4884
-1.509
-1.051
-0.01151
-0.0002753
-0.8857
-3.91
-6.187
-7.401
-7.859
-7.71
-6.888
-5.416
-3.715
-2.19
-1.061
-0.06732
-0.636
-2.037
-1.696
-0.2565
-0.003039
-0.5799
-3.858
-6.808
-8.062
-7.947
-6.935
-5.082
-2.818
-1.39
-0.4274
-0.0003562
0.01176
-0.6897
-2.274
-2.311
-1.104
-0.1521
-0.005443
-0.07299
-2.439
-4.458
-4.277
-2.893
-0.9517
-0.005228
0.001507
0.03839
0.05465
0.02559
-0.5778
-1.902
-2.248
-1.747
-1.014
-0.3425
-0.02716
-0.01029
-0.01606
-0.02019
-0.03595
-0.08784
0.0411
-0.03766
-0.2504
-0.3494
-0.3103
-0.3709
-1.1
-1.385
-1.338
-0.9799
-0.4437
-0.5179
-0.8437
-1.061
-0.8837
-0.6367
-0.3211
-0.2271
-0.2706
-0.363
-0.3291
-0.3037
-0.2463
-0.5647
-0.4552
-0.1357
-0.02842
-0.0083
-0.009565
-0.1485
-1.085
-1.096
-0.8197
-0.5805
-0.4117
-0.3014
-0.2387
-0.167
-0.1159
-0.1359
-0.2963
-0.27
-0.2089
-0.1243
-0.02181
-0.005054
-0.01399
-0.2394
-0.3917
-0.3382
-0.2685
-0.2193
-0.1771
-0.1392
-0.1025
-0.07633
-0.4618
-1.361
-0.8737
0.007345
0.01736
-0.3636
-1.457
-2.643
-3.693
-4.559
-5.114
-5.316
-4.452
-2.638
-0.7683
0.1814
0.007383
-0.4674
-1.471
-0.9186
0.0005399
-0.007524
-1.08
-2.861
-4.229
-4.924
-5.152
-4.998
-4.322
-2.481
-0.732
0.001996
0.1835
0.3459
-0.5142
-1.625
-1.187
-0.04955
-0.002637
-0.8108
-2.518
-3.948
-4.379
-4.005
-3.22
-1.989
-0.01593
0.006722
0.2259
0.1317
-0.2313
-0.4662
-1.47
-1.296
-0.3791
-0.003843
-0.01889
-0.4954
-1.7
-1.945
-1.009
-0.03734
-0.002928
0.04276
-0.0401
-0.2741
-0.5497
-0.6093
-0.2681
-0.8063
-0.7877
-0.2614
-0.005604
-0.009525
-0.02317
-0.01773
-0.005315
-0.001464
-0.005081
-0.09498
-0.5003
-0.451
-0.4737
-0.5243
-0.4416
-0.004468
-0.00355
-0.005561
-0.04381
-0.4789
-0.8163
-0.5449
-0.13
-0.01838
-0.007822
-0.005811
-0.02636
-0.4653
-0.7074
-0.6684
-0.5414
-0.41
-0.1431
-0.3878
-0.5198
-0.6624
-0.8807
-1.026
-1.05
-0.8542
-0.2584
-0.02921
-0.007826
-0.004564
-0.003866
-0.003491
-0.003002
-0.002267
-0.001581
-0.09115
-0.2123
-0.2343
-0.205
-0.1439
-0.05348
-0.02846
-0.01017
-0.006924
-0.007141
-0.01681
-0.09733
-0.2173
-0.2475
-0.2101
-0.1518
-0.07894
-0.2559
-0.8003
-0.3044
0.006676
-0.07353
-0.6355
-1.204
-1.451
-1.326
-1.093
-1.1
-1.422
-0.9551
0.0005162
0.366
0.6571
0.2636
-0.2597
-0.7625
-0.1175
0.001364
-0.2518
-1.014
-1.653
-1.813
-1.434
-0.8505
-0.4421
-0.3106
0.003752
0.08438
0.2258
-0.1104
-0.5272
-0.2621
-0.6742
-0.1142
-0.0005287
-0.1709
-0.7017
-1.171
-1.241
-0.7182
0.03824
0.4424
0.05382
0.005632
-0.1076
-0.3203
-0.3868
-0.4971
-0.1722
-0.3379
-0.01263
-0.002659
-0.2425
-0.2224
-0.2927
-0.255
0.2373
0.8102
0.7691
0.02304
-0.002051
-0.03925
-0.3784
-0.4528
-0.4476
-0.0549
-0.02348
-0.002252
-0.3228
-0.7787
-0.5529
-0.2317
0.08799
0.4225
0.5524
0.1779
-0.3404
-0.04541
-0.004355
-0.003425
-0.004002
-0.00609
-0.08376
-0.2776
-0.483
-0.8015
-1.054
-1.004
-0.8124
-0.6487
-0.6304
-0.6085
-0.7363
-1.12
-1.234
-1.068
-0.828
-0.5808
-0.4223
-0.1559
-0.4782
-0.6347
-0.6853
-0.6787
-0.6121
-0.5688
-0.6131
-0.7743
-0.8333
-0.8742
-0.9234
-0.8962
-0.7699
-0.6132
-0.4828
-0.3928
-0.05902
-0.1375
-0.1449
-0.04586
-0.00528
-0.001919
-0.001542
-0.007726
-0.1413
-0.3212
-0.3883
-0.4535
-0.4576
-0.3807
-0.2934
-0.2292
-0.1578
-0.03776
-0.1312
0.0101
0.1562
-0.3399
-0.5895
-0.3262
0.3839
1.298
1.948
1.938
0.5708
0.007144
0.3776
0.2882
0.2526
0.1581
-0.04884
-0.02637
0.004091
-0.002395
-0.4509
-0.7111
-0.5161
0.1267
1.012
1.742
1.963
0.9873
0.007888
0.0002087
0.01635
0.1304
0.07474
-0.01711
0.1926
0.002177
-0.1187
-0.4347
-0.5569
-0.3444
0.2042
0.9643
1.651
2.033
1.578
0.2132
-0.0293
-0.003912
-0.0009522
-0.001094
0.0401
0.003356
-0.009469
-0.3782
-0.5125
-0.3972
-0.1226
0.2937
0.8194
1.273
1.433
0.8942
0.07037
-0.5661
-0.6624
-0.4569
-0.2571
0.0005312
-0.05921
-0.3314
-0.6355
-0.6943
-0.5217
-0.2369
0.05588
0.2987
0.456
0.4126
0.14
-0.1842
-0.5547
-0.6249
-0.4617
-0.2239
-0.04262
-0.261
-0.4921
-0.643
-0.6769
-0.5785
-0.4187
-0.3124
-0.2771
-0.1981
-0.1871
-0.372
-0.6241
-0.7484
-0.6355
-0.331
-0.1613
-0.0832
-0.2681
-0.3505
-0.3468
-0.3151
-0.2556
-0.2031
-0.2014
-0.2683
-0.2285
-0.1468
-0.1394
-0.1575
-0.1305
-0.09629
-0.1099
-0.185
-0.02053
-0.007044
-0.0006223
-0.001001
-0.002778
-0.000878
1.061e-06
-0.0003806
-0.008148
-0.02575
0.04004
0.0434
-0.005853
-0.02403
-0.045
-0.09579
-0.09826
0.1535
0.4971
0.04101
-0.2409
-0.4781
-0.2492
0.4437
1.307
2.048
2.418
2.289
1.14
0.07591
0.01519
0.01034
0.01274
0.0147
0.127
0.03365
0.05455
-0.3666
-0.5859
-0.4015
0.1862
0.947
1.619
2.019
2.121
1.611
0.5331
0.06673
-0.07695
0.06665
0.24
0.1556
0.003321
-0.1488
-0.488
-0.6271
-0.4141
0.102
0.7273
1.291
1.654
1.758
1.37
0.507
-0.06275
-0.2112
0.00817
0.1145
0.001662
0.006747
-0.3335
-0.6092
-0.6444
-0.3638
0.08002
0.5248
0.9123
1.172
1.155
0.6907
0.05368
-0.3786
-0.4101
-0.2778
0.2265
-0.008489
-0.1757
-0.4282
-0.6409
-0.6005
-0.328
-0.01805
0.2092
0.4033
0.5429
0.4542
0.1935
0.04245
-0.1478
-0.2568
0.05959
0.9217
-0.04327
-0.1848
-0.3471
-0.4256
-0.3373
-0.1645
-0.05723
-0.06131
-0.02937
0.09858
0.1664
0.08833
-0.00887
-0.1465
0.06619
1.018
1.417
-0.01902
-0.03807
-0.06896
-0.04904
0.03998
0.1195
0.1317
0.05349
-0.008613
0.01696
0.09855
0.2041
0.4828
0.8088
1.012
1.065
0.8292
1.731e-05
0.001676
0.03585
0.0593
0.07316
0.09112
0.1121
0.1071
0.00444
0.0007175
0.01855
0.1625
0.2782
0.3498
0.3547
0.2909
0.06742
0.2335
0.007126
-0.1142
-0.4874
-0.4611
-0.06696
0.5578
1.165
1.572
1.654
1.426
0.8148
0.3793
0.2721
0.4225
0.4353
0.7317
0.03154
0.1844
-0.2747
-0.6049
-0.5861
-0.2159
0.3782
0.978
1.428
1.604
1.499
1.117
0.5678
0.1571
-0.01335
0.4409
1.194
0.0247
-0.04415
-0.3973
-0.6502
-0.6039
-0.225
0.3444
0.9114
1.363
1.564
1.476
1.178
0.6659
0.1595
0.437
1.118
0.8885
0.01481
-0.1571
-0.4195
-0.6281
-0.5118
-0.06122
0.4739
0.9376
1.327
1.557
1.421
0.912
0.5307
0.6843
1.267
1.013
0.03687
-0.01482
-0.1353
-0.272
-0.4541
-0.3111
0.1509
0.5829
0.8979
1.235
1.451
1.176
0.872
1.439
1.624
1.139
0.2779
0.04722
0.01092
0.02683
0.02214
-0.02783
0.118
0.4054
0.5656
0.6085
0.8598
1.295
1.532
1.494
1.417
1.056
0.01442
0.2006
1.195
0.04905
0.1171
0.001454
0.007018
0.2266
0.4672
0.356
0.06073
0.007915
0.005196
0.004695
0.004665
0.01078
0.2875
0.8831
1.218
1.469
0.03361
0.07316
0.08299
0.1135
0.1787
0.2389
0.2785
0.2946
0.2671
0.2162
0.1472
0.1614
0.2478
0.3786
0.4614
0.5093
0.5425
0.001946
-0.0143
-0.3147
-0.4733
-0.4128
-0.2052
0.0493
0.3038
0.5095
0.5683
0.5507
0.6091
0.5909
1.025
1.905
1.462
0.0188
0.05284
-0.1119
-0.3929
-0.5283
-0.4581
-0.2553
0.03526
0.3838
0.7381
0.9268
0.9748
1.162
1.461
2.022
1.397
0.01339
0.857
0.009341
-0.1286
-0.3354
-0.4254
-0.3173
-0.1098
0.2222
0.6372
1.049
1.291
1.444
2.183
2.57
1.661
0.01465
0.8816
1.189
0.007391
-0.07017
-0.1524
-0.2271
0.03736
0.4502
0.8648
1.264
1.665
2.242
2.694
2.451
1.471
0.01694
0.9995
1.464
1.083
0.04583
0.07806
0.2446
0.1262
0.4303
1.15
1.718
2.141
2.54
2.704
1.606
0.02459
0.113
1.166
1.714
1.632
0.9097
0.09741
0.2915
0.3674
0.004268
0.01355
0.2309
0.4534
0.4245
0.4727
1.173
2.23
1.971
1.692
1.886
1.64
1.091
1.001
0.001092
0.3299
0.4159
0.3714
0.529
0.7743
0.9328
0.9355
0.9172
1.014
1.189
1.056
0.7887
0.9568
1.069
0.9785
0.88
0.03491
0.1225
0.1536
0.1805
0.2476
0.3223
0.3672
0.3643
0.3199
0.2869
0.2729
0.2453
0.287
0.3754
0.3343
0.2967
0.4654
0.01237
-0.1178
-0.2116
-0.2415
-0.2841
-0.3536
-0.5338
-0.6009
-0.4219
-0.1351
0.2553
1.121
1.294
0.02354
1.806
2.567
1.446
-0.005918
-0.07211
-0.1202
-0.09461
-0.07198
-0.08275
-0.1283
-0.02655
0.3741
0.8992
1.234
1.514
0.02742
1.887
2.511
1.389
0.4949
0.04193
0.09921
0.08905
0.362
0.4679
0.4919
0.6621
0.9951
1.557
1.724
0.1458
0.04449
2.054
2.814
1.603
0.6795
0.3455
0.114
0.2844
0.4097
0.7068
0.9998
0.213
0.02995
0.01624
0.01405
0.02419
1.193
2.503
3.005
1.756
0.9243
0.6857
1.016
0.1865
0.3613
0.6695
0.00684
0.1666
1.043
1.476
1.779
2.043
2.088
2.552
2.528
1.548
1.086
1.012
1.662
1.718
0.1308
0.01257
0.6586
0.5114
0.6053
0.9535
1.245
1.444
1.53
1.621
2.185
2.216
1.563
1.387
1.94
2.041
1.69
0.1108
0.3261
0.4777
0.4493
0.5496
0.7356
0.8569
0.8994
0.9267
1.027
1.352
1.149
0.9005
1.55
1.769
1.329
0.2245
0.04539
0.136
0.1649
0.169
0.214
0.2795
0.3037
0.2817
0.2588
0.2774
0.3351
0.2677
0.4527
0.6535
0.5253
0.008162
0.1248
0.02802
0.1345
0.2566
0.3875
0.5231
0.5454
0.1537
-0.2224
-0.1233
0.3953
0.03033
0.1874
1.831
2.055
2.42
2.618
1.759
0.08741
0.3253
0.6469
0.8596
1.224
1.05
0.4174
0.1257
0.0275
0.01502
0.4012
1.823
2.113
2.573
2.706
1.934
0.8758
0.1802
0.6561
0.846
0.8429
0.01051
0.01981
0.05429
0.1196
0.7353
1.934
1.662
1.77
2.657
3.054
2.351
1.129
0.02417
0.2802
0.6044
0.01172
0.7277
1.119
0.9737
0.9313
0.9385
1.324
1.307
1.332
2.643
3.339
2.573
1.397
0.01608
0.01011
0.2268
0.007677
0.6213
0.7331
0.7827
0.8897
1.028
1.205
1.648
1.719
2.234
3.303
2.706
1.491
0.02617
0.03395
1.04
0.1994
0.3532
0.641
0.5071
0.5039
0.644
0.8031
1.072
1.347
1.396
2.583
3.162
1.783
0.01819
0.3684
1.492
2.137
0.1178
0.3519
0.4453
0.3726
0.4043
0.502
0.5422
0.6321
0.8454
1.185
2.144
1.695
0.01409
0.5576
1.455
1.763
1.685
0.04008
0.1111
0.1215
0.105
0.1497
0.2281
0.2328
0.1819
0.1992
0.3772
0.6579
0.08047
0.03305
0.4959
0.6565
0.4862
0.4021
0.226
0.7375
1.058
1.172
0.01534
0.01079
0.008829
0.01088
0.0196
0.03761
0.07355
0.009679
0.002889
0.02272
1.148
2.218
2.074
0.2884
0.806
0.922
0.03625
1.195
1.43
1.262
0.9288
1.026
0.7125
0.1255
0.00383
0.02383
1.368
2.311
2.464
2.055
0.3195
0.6967
0.7726
1.181
1.13
1.006
0.9987
0.8518
1.621
1.852
0.08777
0.007741
1.391
2.688
3.039
2.526
1.725
0.2361
1.001
0.962
1.04
0.908
0.7662
0.9087
0.9516
1.978
1.867
0.01554
0.3893
2.448
2.838
2.995
1.939
1.058
0.2797
0.6475
0.811
0.6848
0.5998
0.6962
0.9711
1.357
2.447
1.63
0.01427
2.083
2.873
2.705
2.158
1.149
1.341
0.2218
0.4968
0.6274
0.4279
0.3274
0.3832
0.5323
1.248
1.959
0.141
0.1003
2.384
2.614
1.94
1.365
1.455
2.165
0.1724
0.3765
0.3687
0.2093
0.2342
0.3362
0.2996
0.4676
1.132
0.01516
1.19
2.039
1.457
1.22
1.162
1.251
1.827
0.07936
0.1461
0.1027
0.04108
0.1546
0.3608
0.369
0.216
0.2647
0.006099
0.5662
0.6123
0.4046
0.4124
0.3874
0.3653
0.5378
0.5421
1.269
0.05608
1.354
1.305
1.096
0.609
0.01564
0.009961
0.2846
0.2309
0.04191
0.4278
0.475
0.9745
1.793
0.1414
0.3719
0.01776
1.157
1.25
1.161
1.252
1.246
0.02672
0.008504
0.6839
0.605
0.411
0.5141
1.13
1.802
2.147
0.01474
0.004524
0.8682
1.339
1.254
1.006
1.116
1.544
0.02512
0.0253
1.699
1.304
0.618
1.261
2.052
2.82
2.39
0.01032
0.3191
1.113
1.14
1.035
1.059
1.238
1.682
0.01524
0.2175
2.211
1.522
1.224
1.75
2.024
2.993
2.181
0.02386
0.344
0.8557
0.9744
0.771
0.7102
1.089
1.217
0.01266
0.9442
2.469
1.5
1.844
1.973
2.107
2.546
1.722
0.2575
0.3425
0.6655
0.679
0.3784
0.1829
0.2662
0.0917
0.00915
1.313
1.936
1.417
1.785
1.692
2.092
1.894
0.6291
1.421
0.3349
0.5251
0.3698
0.05706
0.126
0.287
0.04189
0.006755
0.4877
1.299
1.408
1.283
1.331
1.624
1.295
0.0129
1.176
0.002614
0.002676
0.00224
0.004232
0.06982
0.5845
0.6416
0.07204
0.007525
0.399
0.419
0.4598
0.5296
0.5532
0.4283
0.002877
0.3633
0.254
1.456
1.443
1.305
1.256
0.7486
0.0154
0.3701
0.1179
0.06605
0.2485
0.199
0.7246
0.8683
0.006409
1.38
1.351
0.4579
1.182
1.473
1.256
1.122
0.2784
0.1083
0.8369
0.2006
0.2237
0.3187
0.2681
0.9698
1.246
0.1063
1.866
1.235
0.3543
1.157
1.401
1.511
1.215
0.02411
0.784
1.285
0.5695
1.011
0.8233
0.8027
1.534
1.416
1.993
2.656
1.182
0.4099
1.259
1.338
1.255
1.376
0.01238
1.47
1.499
1.083
1.539
1.13
1.536
1.562
0.02687
2.007
2.666
1.18
0.4693
1.07
1.198
0.891
0.2393
0.01269
1.343
1.471
1.539
1.73
1.391
2.006
1.437
0.01386
1.745
2.42
1.361
0.6075
0.8601
0.727
0.1615
0.00327
0.01701
0.4193
0.8173
1.229
1.518
1.766
1.549
0.0512
0.8669
1.872
1.917
1.628
0.3761
0.01527
0.006113
0.006137
0.01159
0.01261
0.008883
0.0204
0.7343
1.242
1.238
0.1355
0.01837
1.17
1.576
1.02
0.9928
0.2342
0.3236
0.2183
0.009844
0.177
0.8341
0.8465
0.1582
0.004346
0.005933
0.005654
0.004009
0.2917
0.5322
0.589
0.311
0.3156
0.4236
1.334
1.242
1.043
0.1152
1.264
0.567
0.6372
0.618
0.5759
1.497
1.101
0.8097
1.626
1.031
1.206
1.655
0.4636
1.291
1.59
1.317
0.0122
1.254
0.795
0.7971
0.5269
0.9599
1.281
0.01679
1.03
1.927
1.283
1.571
1.506
0.4136
1.199
1.418
1.583
0.04749
1.096
1.244
1.02
0.7906
1.68
1.296
0.01845
1.291
2.01
1.939
2.199
1.419
0.4896
1.39
1.267
0.03692
0.7351
1.277
1.324
1.186
1.517
1.835
0.2779
1.168
1.768
1.437
1.652
2.341
1.435
0.6664
1.072
0.6505
0.01103
0.7931
1.012
1.408
1.49
1.671
1.267
0.01277
1.626
1.797
1.091
1.368
2.325
1.561
0.6452
0.01305
0.02055
0.1268
0.128
0.02674
0.01196
0.01528
0.01424
0.01038
1.187
1.921
1.219
1.079
1.401
2.075
1.484
0.5749
0.6977
0.5428
0.0201
0.02215
0.2833
0.2701
0.1659
0.242
0.9347
1.474
1.233
0.7227
0.9765
1.184
1.144
0.01329
0.2273
0.3578
0.01852
0.1353
0.319
0.6208
0.5879
0.2833
0.1444
0.3206
0.3835
0.2975
0.304
0.392
0.4896
0.3743
0.01474
0.4493
1.273
1.144
0.01377
1.173
1.451
1.137
1.608
1.68
0.04022
1.446
1.665
1.057
1.632
1.181
0.03522
1.502
0.4857
1.458
1.555
0.115
0.9746
1.316
1.331
1.979
1.119
0.03263
1.63
1.265
1.07
1.814
1.429
0.5411
1.647
0.5532
1.076
0.04741
1.42
1.285
1.317
1.88
1.375
0.01311
1.282
1.995
1.045
1.134
1.852
1.639
1.636
2.004
0.5829
1.029
0.05433
1.248
1.321
1.462
0.2671
0.0112
0.3152
1.907
1.731
1.357
1.276
1.466
0.6437
1.863
2.109
0.381
0.02001
0.8994
0.8899
0.4646
0.01127
0.01381
0.4652
1.709
1.987
1.307
1.464
1.266
1.175
0.04768
1.731
2.101
0.6164
0.702
0.7029
0.0258
0.0287
0.3645
0.5858
0.8976
1.19
1.098
1.286
1.402
1.042
1.098
0.009028
1.543
1.906
0.513
0.6841
0.02567
0.2989
0.2219
0.455
0.5104
0.4942
0.6561
0.8403
0.9655
0.9305
0.785
0.9429
0.1374
1.217
1.033
0.2283
0.2557
0.3114
0.2177
0.2324
0.3319
0.3114
0.2006
0.1583
0.1857
0.2024
0.2291
0.2884
0.3042
0.3647
0.4775
0.3176
0.5411
1.218
0.01905
1.075
1.523
2.531
1.204
0.04432
1.662
1.578
1.68
1.443
0.07869
1.133
1.683
1.106
1.789
0.5337
1.028
1.535
1.357
1.522
1.54
0.02099
1.594
1.844
0.9997
1.557
1.142
0.01569
1.102
1.622
1.207
1.768
0.496
0.02085
1.065
1.457
1.352
0.0201
1.725
2.356
1.374
1.14
1.619
1.031
0.007846
1.153
1.716
1.504
1.965
0.0071
1.075
1.076
1.176
0.0173
1.514
2.054
1.666
1.152
1.283
1.476
1.144
0.007121
1.149
1.562
1.63
1.974
0.4316
0.7259
0.7373
0.01325
0.9381
1.219
1.24
1.376
1.385
1.202
1.2
1.153
0.007372
1.133
1.276
1.586
1.822
0.4431
0.5379
0.01275
0.4974
0.5388
0.7727
0.9196
1.026
0.9734
0.7539
1.012
1.106
0.01745
1.079
1.027
1.329
1.566
0.4041
0.1707
0.4904
0.4744
0.4771
0.6299
0.6881
0.6692
0.6345
0.5547
0.7373
0.8934
0.2309
0.9428
0.8314
0.908
0.9424
0.2095
0.3407
0.3015
0.2155
0.2031
0.2377
0.2332
0.1931
0.1642
0.1435
0.2027
0.296
0.2523
0.3355
0.3136
0.2906
0.2852
0.5322
0.4142
1.144
1.341
0.2533
2.276
2.913
1.484
1.094
1.118
1.788
1.892
1.447
1.367
1.955
0.009943
1.618
0.006927
1.096
1.453
1.503
0.1197
2.615
2.212
1.857
1.1
0.8811
1.615
1.723
1.265
1.281
1.794
0.009054
1.608
0.4846
0.8462
0.8932
0.01848
1.765
2.074
2.388
2.076
0.9954
0.8976
1.529
1.639
1.198
1.261
1.7
0.01671
1.65
0.3668
0.8847
0.3846
1.381
1.554
2.025
2.19
1.758
0.9986
0.9238
1.346
1.617
1.177
1.226
1.56
0.1298
1.713
0.2883
0.5007
0.0185
0.8113
1.243
1.575
1.704
1.609
1.159
0.8574
1.067
1.514
1.108
1.164
1.426
0.8259
1.803
0.2938
0.01078
0.4252
0.6434
0.91
1.246
1.417
1.371
1.008
0.5689
0.5534
1.273
0.9978
1.054
1.224
1.131
1.309
0.3316
0.5069
0.521
0.5395
0.6858
0.8883
0.9856
0.9292
0.6931
0.3586
0.1873
0.8741
0.8926
0.8649
0.9085
0.8461
0.1852
0.07478
0.2555
0.2194
0.1817
0.201
0.2393
0.2555
0.2374
0.1812
0.103
0.03924
0.2634
0.3465
0.3049
0.29
0.2894
0.004831
0.4672
1.061
1.31
0.06348
2.127
3.015
3.072
1.709
0.4646
0.006567
1.596
1.898
2.069
0.01341
1.783
1.112
1.613
0.3471
0.8378
0.2942
1.736
1.916
2.991
2.867
2.033
0.5007
0.006654
1.553
1.841
1.97
0.01199
1.678
1.075
1.485
0.3268
0.6578
0.04155
1.147
1.992
2.601
2.925
2.236
0.5606
0.008308
1.521
1.801
1.903
0.01347
1.568
1.041
1.39
0.2759
0.3397
0.8873
1.344
1.806
2.522
2.826
2.157
0.6839
0.01218
1.425
1.737
1.822
0.02341
1.369
1.052
1.45
0.1924
0.01335
0.538
0.8905
1.57
2.235
2.491
2.041
0.846
0.0209
1.262
1.61
1.718
0.08733
1.158
1.228
1.646
0.08995
0.3435
0.4808
0.7104
1.283
1.842
2.077
1.769
0.8413
0.02978
0.9932
1.395
1.558
0.1439
0.9549
1.329
1.687
0.1867
0.427
0.4464
0.4942
0.8686
1.221
1.37
1.187
0.6113
0.04792
0.6686
1.026
1.283
0.1793
0.5421
1.133
1.207
0.07941
0.158
0.1336
0.1256
0.215
0.2929
0.3297
0.2964
0.1665
0.03794
0.2352
0.3601
0.5013
0.1323
0.04668
0.4231
0.3618
0.3382
1.02
1.366
1.545
2.541
3.586
3.662
1.91
0.007681
0.9072
1.706
0.01375
1.933
1.52
1.329
0.009345
1.285
0.2333
0.1089
1.107
1.601
2.348
3.613
3.828
2.338
0.009651
0.92
1.74
0.01427
2.001
1.521
1.319
0.005732
1.094
0.2109
0.04011
0.6297
1.152
2.297
3.435
3.83
2.473
0.02288
0.9196
1.74
0.01388
2.022
1.506
1.291
0.004993
0.9011
0.2668
0.6004
0.766
1.202
2.245
3.31
3.678
2.474
0.1284
0.8409
1.64
0.01267
1.949
1.45
1.186
0.005938
0.9051
0.002297
0.3614
0.5253
0.8522
1.974
2.976
3.316
2.446
0.4888
0.5913
1.41
0.01108
1.817
1.403
1.033
0.01052
1.096
0.1283
0.3517
0.4254
0.6277
1.607
2.45
2.752
2.194
0.7894
0.1529
1.01
0.009289
1.643
1.331
0.9267
0.01007
1.269
0.1523
0.3751
0.3775
0.3472
1.068
1.613
1.799
1.482
0.6193
0.02084
0.6139
0.006924
1.301
1.105
0.7315
0.007142
0.9947
0.05328
0.1129
0.09512
0.06748
0.2606
0.3931
0.4385
0.3754
0.1707
0.004894
0.224
0.003283
0.4785
0.4336
0.2659
0.003349
0.3314
0.2425
0.3826
1.041
1.546
3.059
4.375
4.165
0.8863
0.01142
0.008177
1.556
1.023
1.339
1.365
1.275
0.5271
0.9345
0.2626
0.6103
0.8465
1.333
2.897
4.362
4.593
2.665
0.006463
0.004835
1.602
1.219
1.626
1.414
1.301
0.568
0.7277
0.002178
0.3483
0.5465
1.053
2.745
4.187
4.595
3.21
0.007674
0.004143
1.6
1.329
1.788
1.419
1.304
0.5628
0.4383
0.1779
0.5011
0.5926
1.044
2.655
3.984
4.387
3.152
0.01496
0.003937
1.497
1.316
1.788
1.377
1.115
0.5194
0.3134
0.1514
0.4547
0.5164
0.6492
2.343
3.593
3.959
2.922
0.0527
0.003869
1.271
1.208
1.698
1.281
0.5811
0.541
0.445
0.1496
0.3951
0.3717
0.3323
1.863
2.942
3.243
2.527
0.2373
0.003524
0.9557
1.013
1.53
1.196
0.3195
0.6343
0.7625
0.1767
0.4515
0.3453
0.007194
1.1
1.911
2.085
1.657
0.3233
0.003127
0.6037
0.7234
1.146
0.9557
0.2072
0.5642
0.7336
0.05785
0.1208
0.001411
0.001812
0.3074
0.49
0.5103
0.4032
0.09858
0.001989
0.19
0.2493
0.3594
0.3153
0.06076
0.2053
0.2478
0.002352
0.4813
0.7268
1.425
3.516
4.869
4.697
2.262
0.4854
0.6832
1.282
0.6157
0.05215
0.9012
0.6996
0.1996
0.5085
0.1939
0.5445
0.6618
1.035
3.339
4.783
4.95
3.442
0.7837
0.5811
1.215
0.8899
0.5833
1.067
0.7484
0.4729
1.081
0.1469
0.4228
0.5617
0.8827
3.162
4.58
4.92
3.875
1.044
0.5592
1.17
1.1
1.236
1.167
0.8955
0.6531
0.8079
0.2191
0.6126
0.6273
0.9069
2.965
4.284
4.696
3.958
1.314
0.5742
1.096
1.128
1.437
1.221
0.9653
0.5614
0.5394
0.2396
0.6963
0.561
0.05838
2.308
3.727
4.164
3.744
1.508
0.5503
0.9358
1
1.379
1.227
0.905
0.5872
0.5949
0.2043
0.4357
0.006607
0.004036
1.819
2.967
3.251
3.084
1.33
0.4144
0.6825
0.7681
1.222
1.248
0.9542
0.8675
1.131
0.2461
0.4656
0.2406
0.006545
1.127
1.882
1.962
1.846
0.6009
0.2343
0.3948
0.4622
0.868
1.002
0.866
0.9201
1.23
0.08047
0.01804
0.1521
0.00445
0.3341
0.4697
0.4299
0.4023
0.0455
0.05616
0.09769
0.1059
0.2302
0.2763
0.286
0.3306
0.5024
0.2264
0.705
0.7422
1.471
3.791
4.779
4.413
2.529
0.9949
0.7028
0.867
0.04063
0.6068
1.188
0.6903
0.01177
0.03905
0.2937
0.8352
0.7904
0.1606
3.115
4.51
4.577
3.213
1.262
0.6499
0.8162
0.5259
0.9215
1.18
0.524
0.2912
0.02189
0.2332
0.5989
0.3375
0.0115
2.702
4.183
4.554
3.583
1.521
0.6915
0.83
1.058
1.268
0.9861
0.6583
1.369
0.01869
0.309
0.722
0.005526
0.007442
2.371
3.721
4.268
3.718
1.789
0.8021
0.8487
1.241
1.377
0.9419
0.832
1.083
0.02349
0.3606
0.7724
0.2168
0.005096
1.981
3.073
3.57
3.514
1.922
0.8421
0.756
1.11
1.262
0.928
0.7411
0.8746
0.151
0.2092
0.006377
0.3311
0.004858
1.598
2.327
2.472
2.835
1.73
0.7187
0.5527
0.8085
1.112
1.048
0.8848
1.376
1.65
0.2788
0.5531
0.4058
0.005491
1.089
1.458
1.347
1.596
1.07
0.4329
0.3054
0.4552
0.7889
0.9325
1.002
1.716
2.307
0.00156
0.1834
0.1688
0.0667
0.3434
0.3371
0.229
0.1776
0.2286
0.08825
0.06572
0.1106
0.1934
0.2838
0.3815
0.7422
1.112
0.3571
0.818
0.005591
0.01538
2.674
3.781
3.822
2.571
1.303
0.8289
1.196
1.043
1.07
1.511
0.3663
0.02759
0.4319
0.4421
0.9308
0.1473
0.01779
2.365
3.508
4.007
3.096
1.55
0.7646
0.9023
1.083
1.298
1.755
0.01588
0.0215
0.7801
0.2634
0.01036
0.7217
0.09528
2.183
3.167
4.01
3.474
1.877
0.8824
0.8542
1.394
1.655
1.203
0.02528
0.02062
1.101
0.3309
0.1733
0.7774
0.559
2.066
2.625
3.694
3.673
2.285
1.212
1.041
1.74
1.715
0.927
0.7517
0.01964
1.349
0.4026
0.9506
0.7519
0.5775
1.833
2.077
2.887
3.479
2.472
1.404
1.007
1.486
1.401
0.8264
0.6233
0.02496
1.43
0.003871
0.4771
0.4543
0.5126
1.587
1.563
1.596
2.725
2.205
1.284
0.7449
0.7501
1.056
0.928
0.5158
0.2813
2.04
0.2063
0.5464
0.4195
0.4626
1.209
1.088
0.6918
1.343
1.367
0.8686
0.4532
0.157
0.6744
0.7736
0.7547
1.893
2.803
0.08425
0.1879
0.1814
0.1997
0.3647
0.2526
0.03472
0.0794
0.2763
0.2288
0.1434
0.009838
0.1956
0.2412
0.4126
1.163
1.451
0.4319
0.2533
0.7605
0.9662
2.173
2.547
3.294
2.628
1.367
0.8295
0.896
1.414
0.0139
2.02
0.4614
0.5373
0.5822
0.5325
1.15
0.7965
0.6697
2.005
2.27
3.472
3.119
1.712
0.8009
0.1916
1.058
0.1961
2.023
0.9385
0.6139
0.6956
0.05847
0.7693
0.9224
0.8599
1.904
2.012
3.546
3.537
2.181
1.073
0.03285
1.339
1.932
0.2667
0.6585
0.8269
0.9083
0.004629
0.6597
0.8059
1.191
1.699
1.529
3.252
3.782
2.749
1.666
0.01493
1.773
2.062
0.01035
0.2301
0.7979
1.016
0.3083
0.8254
0.2508
1.104
1.558
1.249
1.97
3.455
2.959
1.958
0.01029
1.585
1.643
0.02566
0.03228
0.3143
1.009
0.2048
0.4311
0.005613
0.8716
1.428
0.9874
0.09365
2.384
2.567
1.767
0.007667
0.9348
1.262
0.8484
0.01043
0.1939
1.433
0.2047
0.3684
0.005059
0.6767
1.204
0.7939
0.006812
1.41
1.698
1.258
0.00718
0.5081
0.8956
0.9481
0.01083
0.2626
1.788
0.07272
0.1565
0.1299
0.2721
0.3276
0.01868
0.002785
0.3046
0.4337
0.3807
0.006453
0.175
0.3513
0.3331
0.07688
0.2733
0.8707
0.02085
0.4146
0.004008
0.9216
1.599
1.48
3.002
2.698
1.127
0.0103
1.177
0.8203
1.341
2.038
1.604
1.064
1.118
0.3662
0.6693
0.01951
1.032
1.754
1.131
3.174
3.198
1.609
0.04193
0.7516
0.01335
1.202
1.886
1.658
1.116
1.139
0.2926
0.6969
0.5764
1.466
1.73
0.7904
3.181
3.529
2.099
0.3162
0.903
0.03174
1.916
1.543
0.6179
0.8558
1.076
0.2403
0.8355
1.411
1.842
1.294
0.07884
2.612
3.572
2.615
1.489
1.569
1.572
2.259
1.516
0.01989
0.5418
0.9466
0.3289
0.9979
1.377
1.796
1.121
0.008032
1.484
3.104
2.71
2.374
1.583
1.989
0.7875
1.587
0.008843
0.3029
0.8416
0.2484
0.6557
0.942
1.388
1.015
0.008834
0.2262
2.113
2.254
2.203
1.131
1.092
0.01585
1.463
0.01143
0.3071
0.9983
0.2259
0.4869
0.6718
0.9541
1.055
0.3254
0.0219
1.232
1.513
1.654
0.8442
0.6447
0.01206
0.9198
0.01141
0.4901
1.077
0.09461
0.1877
0.2774
0.292
0.1737
0.2358
0.002489
0.3104
0.4133
0.5406
0.3276
0.3055
0.1869
0.06245
0.005727
0.3107
0.4338
0.3124
0.6803
0.9629
1.379
1.171
0.04348
2.551
2.789
1.263
0.6407
0.02655
0.8815
0.9702
1.381
1.385
1.345
1.666
0.3983
0.8319
1.161
1.592
1.466
0.009896
2.717
3.289
2.005
1.303
0.0105
0.6499
0.7138
0.06383
1.025
1.167
1.515
0.346
0.8953
1.618
1.886
1.09
0.01212
2.732
3.436
2.238
1.786
0.4163
1.181
1.309
0.008562
0.7126
0.8545
1.291
0.3264
1.035
2.007
1.887
0.04763
0.05508
2.473
3.316
2.308
2.367
2.093
2.267
1.867
0.1304
0.6219
0.6291
1.095
0.3621
1.012
1.825
1.699
0.007179
0.2994
1.978
2.96
2.261
2.454
1.948
2.279
1.805
1.311
0.8686
0.602
0.9979
0.241
0.1069
1.126
1.181
0.02737
0.4335
1.032
2.22
1.922
2.158
1.322
0.2748
0.9965
1.299
0.8449
0.5639
0.9656
0.1776
0.003569
0.6993
0.8625
0.8256
0.642
0.5307
1.401
1.374
1.743
1.153
0.009731
0.7233
1.02
0.5032
0.4342
0.7792
0.08193
0.003609
0.2586
0.3097
0.3525
0.2458
0.1666
0.4138
0.4583
0.6593
0.5295
0.01368
0.4316
0.4275
0.03176
0.1188
0.2259
0.2581
0.007208
1.207
1.032
0.03645
0.08252
2.439
2.408
0.009064
0.02863
0.5394
0.6912
0.005514
0.6662
0.773
1.208
2.01
0.2923
0.005651
1.375
1.434
0.9166
0.01195
2.409
2.765
0.01398
1.006
1.048
0.8157
0.1888
0.5377
0.6415
1.072
1.761
0.2699
0.01076
1.713
1.948
1.416
0.007325
2.299
2.767
0.01344
1.403
1.585
1.282
1.463
0.9027
0.6624
0.8928
1.503
0.2672
0.09529
1.988
2.22
1.101
0.00564
2.046
2.624
0.0124
1.436
1.49
1.662
1.764
1.251
0.7649
0.8278
1.339
0.3078
0.5863
1.875
1.892
0.8398
0.017
1.703
2.416
0.01304
1.479
0.02572
1.3
1.237
0.9855
0.8557
0.826
1.235
0.264
0.7086
1.158
0.4619
0.6563
0.1152
1.235
1.928
0.0114
1.394
0.01502
0.8541
0.6877
0.01029
0.5298
0.6264
1.049
0.1953
0.4969
0.6338
0.006545
0.7018
0.3656
0.8891
1.288
0.007993
1.187
0.6395
0.7879
0.5513
0.00557
0.3509
0.4047
0.7092
0.0789
0.1866
0.2177
0.004301
0.2666
0.2036
0.3062
0.4129
0.003634
0.5026
0.6417
0.3883
0.2642
0.08678
0.1195
0.0965
0.1711
0.3958
0.9625
1.33
0.006309
0.6151
0.9115
1.97
2.217
1.203
0.6976
0.6457
0.9339
0.6144
0.4449
0.3329
0.5195
1.829
0.3959
0.9546
1.438
0.01641
0.7592
0.5557
1.859
2.624
1.426
0.5245
0.873
1.094
0.77
0.3451
0.3393
0.787
1.859
0.3742
0.992
1.792
0.4373
0.9357
0.4935
1.716
2.54
1.166
0.008627
0.8485
0.948
1.013
0.5958
0.4487
0.6811
1.651
0.3447
1.068
2.074
1.596
0.9273
0.465
1.563
2.459
1.142
0.03665
1.036
0.9253
0.1861
0.6096
0.4611
0.7033
1.472
0.2933
1.111
1.826
1.766
0.8866
0.3442
1.408
2.514
1.511
1.494
1.138
0.9962
0.007505
0.5306
0.4705
0.7091
1.298
0.196
0.8332
1.16
1.199
0.7164
0.06413
1.092
2.205
1.417
1.703
1.21
0.9703
0.4983
0.4808
0.3731
0.5396
1.044
0.1186
0.551
0.734
0.7607
0.6572
0.007751
0.7643
1.527
0.9247
1.102
1.206
0.8412
0.8441
0.5093
0.2906
0.3487
0.6608
0.04288
0.1891
0.2579
0.2799
0.2522
0.001751
0.2542
0.4942
0.307
0.3749
0.4826
0.2838
0.2774
0.2297
0.09844
0.09285
0.1628
0.2895
1.013
1.516
0.8491
0.5726
1.182
1.448
1.672
0.01417
0.603
0.7296
1.147
0.9008
0.5955
0.004952
0.003608
0.9511
0.1793
0.9327
1.594
0.9595
0.809
0.941
1.502
2.318
1.246
1.092
0.9597
0.8729
0.7661
0.3807
0.00674
0.003798
1.041
0.08702
0.9322
1.797
1.288
0.8151
0.7932
1.351
2.141
1.534
1.116
0.8916
0.007634
0.5222
0.4464
0.2863
0.003542
0.6864
0.04029
0.9518
1.762
1.628
0.6999
0.6661
1.203
1.999
1.449
1.281
1.087
0.09408
0.5895
0.4767
0.2658
0.1043
0.7535
0.02198
0.8869
0.9994
1.508
0.7142
0.5695
1.133
2.134
1.626
1.6
1.224
1.215
0.7413
0.3913
0.242
0.3984
1.124
0.00779
0.6397
0.08234
1.004
0.6615
0.4267
0.9832
1.976
1.44
0.6524
0.9455
1.118
0.8402
0.4061
0.2974
0.3517
1.028
0.003836
0.4701
0.006549
0.6718
0.645
0.3469
0.7235
1.349
0.7655
0.006832
0.6376
0.6838
0.7604
0.4628
0.2591
0.255
0.606
0.002144
0.1908
0.002026
0.2324
0.2586
0.1315
0.2565
0.4361
0.238
0.009775
0.2513
0.1959
0.01138
0.1183
0.07081
0.09234
0.1757
0.3088
0.953
1.24
0.9052
0.746
1.169
0.02069
1.358
1.178
0.9042
0.006723
0.9606
1.022
0.784
0.4891
0.04859
0.4444
0.2569
0.8715
1.434
0.8957
0.03389
0.8695
0.02655
1.636
1.489
1.252
0.4659
0.9381
0.8848
0.01987
0.4206
0.002021
0.4844
0.2262
0.8822
1.674
1.141
0.004995
0.718
0.02058
1.18
0.1218
0.9147
1.167
0.683
0.5205
0.05871
0.4357
0.02445
0.512
0.192
0.8886
1.796
1.393
0.01291
0.6326
0.01432
1.05
0.008693
0.8964
1.432
1.092
0.8673
0.6091
0.0598
0.06772
0.4894
0.1244
0.8076
1.557
1.473
0.24
0.6038
0.01097
1.373
0.6242
1.247
1.213
1.446
0.9921
0.5748
0.002907
0.008629
0.08618
0.05062
0.7065
1.111
1.312
0.3969
0.5008
0.01039
1.468
1.525
1.225
0.9246
0.976
0.7452
0.5044
0.3549
0.001849
0.01787
0.01173
0.5705
0.7894
1.065
0.6355
0.4047
0.009485
1.059
1.036
0.8436
0.6874
0.008086
0.5492
0.5481
0.3526
0.01095
0.02611
0.002161
0.2275
0.2803
0.3854
0.3237
0.1678
0.005707
0.3719
0.365
0.3274
0.2848
0.03119
0.1467
0.1446
0.1047
0.09657
0.105
0.3372
0.9133
1.253
0.8166
1.078
1.26
0.8216
0.05838
0.8581
1.353
0.9987
1.199
1.15
0.7182
0.004087
0.1389
0.3106
0.3028
0.81
1.416
1.076
0.8893
1.01
0.9953
1.222
1.432
1.551
1.205
1.01
0.9375
0.5738
0.399
0.1744
0.3597
0.2865
0.8302
1.694
1.395
0.7407
0.7054
0.967
1.155
1.029
1.065
1.266
0.7394
0.007623
0.4706
0.4491
0.2033
0.4134
0.2528
0.7654
1.846
1.533
0.2615
0.3681
0.9154
1.047
0.8619
0.9033
1.263
1.238
1.05
0.9074
0.4738
0.002373
0.3952
0.1892
0.5238
1.643
1.39
0.004287
0.1493
0.8587
1.253
1.153
1.021
0.0553
0.9644
1.129
0.511
0.4604
0.03024
0.3324
0.1425
0.5176
1.341
1.298
0.004719
0.02346
0.7573
1.215
1.016
0.9904
0.01365
0.7447
0.6052
0.00829
0.5253
0.3532
0.2906
0.09197
0.4842
1.012
1.16
0.2356
0.005756
0.5923
0.7964
0.01068
0.5737
0.7261
0.5951
0.6487
0.5648
0.3809
0.2802
0.007934
0.0297
0.2148
0.347
0.4692
0.3455
0.002825
0.2348
0.2886
0.002756
0.1987
0.3217
0.2199
0.1739
0.1731
0.001438
0.05548
0.001168
0.2768
0.1022
0.8554
0.02722
0.9038
1.511
0.9925
0.7043
0.8392
1.419
1.206
1.12
1.013
0.7118
0.4783
0.332
0.3848
0.2532
0.0124
1.027
0.5053
0.9819
1.53
1.084
0.7021
1.146
1.318
1.028
0.06844
0.7418
0.5575
0.5311
0.389
0.4253
0.2525
0.005638
1.347
1.111
0.8821
1.426
0.9334
0.007001
0.7004
0.1372
0.8779
0.1735
0.6125
0.4934
0.0132
0.2915
0.447
0.2418
0.005229
1.636
1.576
0.3391
1.077
0.8486
0.02647
0.5642
0.007481
1.01
1.186
1.203
0.7968
0.2289
0.2904
0.4545
0.213
0.007595
1.642
1.606
0.01105
0.7339
0.9044
0.5217
0.9002
0.8254
0.8238
0.8847
1.046
0.7868
0.4522
0.2887
0.3919
0.1601
0.03119
1.472
1.576
0.006812
0.5779
0.8629
0.6534
0.9192
1.224
0.9034
0.7553
0.007602
0.4405
0.4647
0.005334
0.2833
0.1306
0.1565
1.189
1.381
0.1519
0.5265
0.6683
0.5649
0.3981
0.5727
0.8449
0.6341
0.5597
0.6582
0.4145
0.02445
0.1587
0.06689
0.1858
0.4449
0.5656
0.4236
0.2595
0.2242
0.2126
0.1369
0.1868
0.2966
0.2189
0.1968
0.1972
0.1319
0.08972
0.08556
0.2849
0.7529
0.8472
0.03132
0.008378
1.027
0.6804
0.6993
0.008524
1.002
0.9943
1.165
0.984
0.8982
0.6612
0.5313
0.2827
0.3183
0.7599
0.9939
0.003064
0.006723
1.179
1.059
0.9002
0.4712
1.178
1.154
1.001
0.8204
0.01466
0.6272
0.6577
0.4557
0.3451
0.7843
1.395
0.5339
0.006468
1.254
1.24
0.6463
0.9718
0.9502
1.032
0.9638
0.8183
0.6473
0.5505
0.5101
0.5184
0.3226
0.4864
1.716
1.469
0.006578
1.078
1.015
0.0993
0.797
0.8948
1.083
0.9786
1.006
0.782
0.6388
0.5708
0.6209
0.2304
0.01135
1.543
1.739
0.01497
0.8891
0.8626
0.002709
0.7202
1.135
0.7607
0.008253
0.7934
0.6753
0.005629
0.3825
0.5282
0.1634
0.002517
1.325
1.765
0.3208
0.8335
0.7958
0.01577
0.6169
0.978
1.001
0.8765
0.6764
0.5509
0.5428
0.4273
0.4706
0.1289
0.01427
1.053
1.502
0.8075
0.7362
0.6877
0.2259
0.3026
0.006608
0.6048
0.6348
0.6887
0.6017
0.447
0.28
0.3021
0.07983
0.1407
0.4073
0.5204
0.4049
0.2599
0.2358
0.1546
0.1377
0.007656
0.2277
0.2159
0.01105
0.1516
0.1064
0.001381
0.08063
0.3089
0.1834
10.33
16.58
18.28
11.7
4.995
4.022
5.826
5.993
4.999
4.708
4.113
2.883
1.569
0.8873
2.26
2.648
0.6088
1.477
0.672
0.2413
0.645
0.9912
0.2501
-0.1148
0.259
1.77
2.496
1.12
0.34
0.05717
0.05571
0.3509
1.294
2.274
3.103
3.901
2.672
0.02596
0.423
1.348
1.634
0.9762
0.01076
1.032
1.592
0.1465
0.9728
11.66
17.15
15.51
6.947
3.252
3.734
5.421
5.097
4.44
4.282
3.585
2.446
1.58
1.736
2.844
2.346
0.01766
0.963
0.3994
0.5597
1.493
0.9394
0.1664
-0.0113
0.8392
1.88
0.02111
0.599
0.1065
-0.06753
0.1044
0.7794
1.735
2.943
3.445
3.388
1.128
0.5787
1.202
1.46
1.402
1.131
0.7607
1.121
1.195
0.1403
5.558
12.85
17.01
12.5
3.845
1.938
2.984
4.476
4.137
3.786
3.675
2.918
1.933
1.488
2.796
3.029
2.291
1.464
1.004
0.5511
1.03
1.621
0.6925
0.1928
0.2676
1.936
2.771
1.075
0.3136
-0.05223
-0.017
0.5156
1.139
2.247
3.316
3.659
2.356
0.006177
0.7476
1.407
1.641
0.9285
0.0225
1.277
1.382
0.9051
0.2109
7.922
12.94
15.78
8.55
2.226
1.38
2.213
3.243
3.009
2.947
2.885
2.231
1.622
1.972
2.818
2.016
0.04001
1.582
1.027
1.079
1.993
1.574
0.5281
0.2943
0.7602
2.067
0.06562
0.8757
0.2814
0.05047
0.4408
1.189
1.592
3.007
3.287
3.461
1.041
0.3871
1.053
1.56
1.682
1.248
0.1429
0.9849
1.505
0.832
2.167
8.692
12.82
12.71
4.082
0.4516
0.403
1.058
1.75
1.776
1.973
1.959
1.563
1.529
3.014
2.915
1.829
0.01604
0.9353
0.7579
1.478
2.394
1.489
0.6539
0.564
2.044
3.276
0.1603
0.8275
0.4498
0.4077
1.096
1.418
1.867
3.458
3.139
2.642
0.007257
0.5891
1.335
1.997
1.573
1.242
1.172
1.007
1.463
0.9454
5.906
9.435
12.21
6.812
0.9331
-0.6057
-0.6596
-0.05691
0.7212
1.155
1.377
1.321
1.301
2.162
3.259
2.729
1.858
0.2492
0.8489
0.7136
1.766
1.925
1.21
0.5874
0.8468
2.686
3.691
1.76
0.8924
0.6139
0.7896
0.9294
0.7861
1.836
3.739
3.358
2.574
0.005754
0.7723
1.549
1.984
1.383
0.4016
1.116
0.8147
1.048
0.9011
6.805
9.612
7.28
1.768
-0.8497
-1.522
-1.078
0.1441
1.539
1.57
1.351
1.197
1.601
2.764
3.006
2.212
1.225
1.21
1.149
1.073
1.613
1.267
0.7544
0.721
1.382
2.012
0.2448
1.38
0.9816
0.7016
0.6573
0.01534
0.1126
1.702
3.841
3.512
2.331
0.005806
0.9353
1.791
1.835
0.9649
0.007301
0.7565
0.7598
0.8826
0.8996
6.17
5.411
1.627
-0.8944
-1.845
-1.376
0.5422
2.39
2.375
1.706
1.449
1.491
2.017
2.797
2.315
1.441
0.1597
1.205
1.488
2.074
1.577
0.9169
0.929
1.827
2.048
1.971
0.02102
1.181
1.136
0.9539
0.9364
0.007335
0.01286
1.613
3.835
3.605
2.039
0.01026
1.18
2.089
1.748
0.8338
0.003742
0.4231
0.7917
1.049
1.043
1.868
0.5183
-0.9683
-1.704
-1.221
1.851
3.309
3.531
2.541
1.716
1.762
1.912
2.277
2.278
1.449
0.7221
0.01897
1.193
2.4
2.399
1.517
1.111
1.812
2.779
2.976
3.055
1.807
1.351
1.163
1.022
0.02034
0.09862
0.009774
1.573
3.782
3.803
1.992
0.06942
1.474
2.28
1.824
0.8507
0.3636
0.7734
1.449
1.695
1.337
-0.8107
-1.007
-1.235
-0.555
2.462
3.989
3.75
3.057
2.352
1.47
1.541
1.953
2.4
1.824
0.8998
0.3076
0.01553
1.273
1.513
1.035
0.8058
1.409
2.61
3.244
3.638
2.847
2.523
1.878
1.366
1.252
0.04693
0.9252
0.02798
1.706
3.623
3.899
1.944
0.5498
1.688
2.11
1.192
0.07064
0.7395
1.829
2.375
2.096
1.312
-1.16
-0.6805
0.3676
2.547
3.367
3.253
1.728
0.1628
0.09648
0.1303
0.7085
1.755
2.733
2.295
1.75
1.152
0.03321
0.523
0.257
0.1234
0.7513
2.151
2.997
3.107
3.279
0.0179
1.368
1.806
1.358
0.7854
2.268
2.606
0.1702
1.963
3.153
3.338
2.548
1.574
1.943
1.432
0.6023
0.007255
1.555
2.491
2.802
1.679
0.9021
-0.6609
0.5966
1.972
2.587
0.1143
0.01581
0.03705
-0.01662
-0.004185
-0.06025
0.5158
2.176
3.179
3.347
3.801
3.79
0.6957
0.01182
-0.1024
0.0733
1.441
3.274
3.327
2.72
2.502
0.03194
1.809
2.31
1.945
0.01694
2.586
3.389
0.008497
1.351
2.511
2.962
2.768
1.005
2.685
1.023
0.06176
1.612
2.941
2.894
2.786
1.154
0.1494
14.02
3.841
5.544
10.95
12.74
9.11
6.789
6.47
6.638
6.279
5.468
5.222
4.92
3.98
2.727
0.7682
0.03497
1.199
1.072
0.4643
0.3665
1.188
0.04317
0.629
0.6992
0.496
0.005078
0.007163
0.8358
0.4736
0.05413
-0.01059
0.1957
0.009237
0.005927
1.031
2.352
3.905
3.131
1.351
0.004844
0.8529
1.696
1.66
1.273
0.223
0.9492
11.27
1.995
6.142
12.19
11.97
7.519
6.004
5.916
6.033
5.486
4.822
4.749
4.34
3.339
2.205
0.03701
1.084
1.578
0.9201
0.4081
0.7152
0.04956
0.8936
0.9978
0.8349
0.1017
0.006592
0.02754
0.5477
0.1236
0.01478
0.2222
0.01691
0.02033
0.005411
1.828
2.915
3.446
1.754
0.1431
0.6832
1.356
1.658
1.768
1.497
0.01204
0.9197
7.456
1.885
7.37
13.2
10.71
6.197
5.149
5.109
5.139
4.428
3.922
3.924
3.39
2.354
0.5189
0.02119
0.8736
1.361
0.9833
0.6977
1.523
0.02551
1.071
1.25
0.924
0.01431
0.01139
1.255
0.7112
0.1236
0.01831
0.3295
0.02551
0.06541
0.02462
2.068
3.69
3.033
0.7618
0.0691
0.9307
1.89
1.518
1.248
1.506
1.318
0.8888
3.791
2.114
8.408
13.5
9.138
5.294
4.443
4.22
3.963
3
2.674
2.744
2.295
1.291
0.03131
0.4447
1.266
1.164
0.7496
1.085
0.1771
1.215
1.702
1.529
0.8836
0.01305
0.2285
1.078
0.4715
0.1777
0.3607
0.01299
0.8491
0.02257
1.182
2.304
3.834
2.01
0.003157
0.3039
1.445
2.19
1.698
1.024
0.02699
1.333
0.7919
1.791
2.803
10.28
12.64
7.139
4.18
3.427
2.995
2.243
1.228
1.149
1.313
1.039
0.1735
0.0133
0.6337
1.399
1.026
0.6311
1.563
0.01594
1.438
1.902
1.456
0.1838
0.01771
1.946
1.229
0.5184
0.2603
0.6372
0.1782
1.422
0.01033
2.015
2.459
3.765
1.576
0.01752
0.5983
1.988
2.355
1.846
1.174
0.007023
1.122
0.8797
1.542
5.035
11.66
9.454
5.005
2.984
2.163
1.181
0.1582
0.0565
0.07198
0.147
0.1028
0.0137
0.03144
0.639
1.58
1.243
1.116
0.2493
0.7924
1.617
1.766
0.7513
0.007334
0.01003
2.192
1.562
0.9803
0.8395
0.9939
2.201
1.874
0.01158
2.383
2.837
4.06
1.583
0.01487
0.7283
1.898
2.554
1.994
1.216
0.04385
0.6037
0.7734
2.321
8.124
9.683
5.949
3.173
1.749
0.5272
0.0348
0.0149
0.005898
0.004344
0.00707
0.009144
0.006371
0.1891
0.8542
1.484
1.235
1.58
0.01008
0.9317
1.383
1.041
0.007068
0.0729
0.008956
1.357
1.242
1.216
1.264
0.03095
1.856
1.241
0.009529
2.533
3.061
3.981
1.422
0.00758
1.107
1.832
2.053
1.531
0.9965
0.4618
0.3713
0.7441
3.979
7.522
5.696
3.326
1.62
0.1803
0.0201
0.01665
0.008549
0.003197
0.001599
0.001864
0.004713
0.006536
0.3171
1.182
1.328
1.086
0.02339
0.4111
0.8626
0.8213
0.01328
0.2345
1.156
0.01367
0.9632
1.021
1.204
1.574
0.02234
1.109
0.7304
0.007693
2.534
3.11
3.558
1.21
0.006443
1.605
1.908
1.529
0.8934
0.01118
0.543
0.6014
0.9586
4.014
4.552
3.064
1.643
0.06691
0.02634
0.1512
0.4948
0.2457
0.01044
0.002134
0.002231
0.004355
0.005025
0.1385
0.8474
0.691
0.1134
0.01323
0.5695
0.7071
0.2259
0.007524
1.169
2.537
0.07442
1.425
1.315
1.235
1.831
1.522
1.349
0.7692
0.008908
2.428
3.335
3.242
1.221
0.007996
1.922
2.527
1.566
0.6398
0.01245
1.148
1.611
1.493
2.921
2.47
1.594
0.03964
0.09727
1.497
2.506
2.809
1.887
0.1171
0.003492
0.002579
0.003962
0.002056
0.005382
0.1546
0.04643
0.002734
-0.07288
0.1335
0.175
0.0002311
0.5085
2.083
4.049
2.289
2.381
1.841
1.299
1.007
2.15
2.165
1.211
0.04634
2.246
3.861
3.092
1.503
0.01271
1.473
2.193
1.299
0.0127
1.077
2.338
2.46
1.804
1.397
1.443
0.02981
0.8043
2.44
3.457
3.602
2.851
1.694
0.172
0.002056
0.001966
0.003867
0.001397
0.001613
0.01241
0.01654
-0.201
-0.529
-0.2546
-0.02275
0.1164
1.161
2.514
4.292
2.708
2.07
1.914
1.304
0.0112
2.651
3.498
1.929
0.8662
2.182
4.008
3.394
2.291
0.07709
0.08891
0.5841
0.01665
0.03677
2.218
3.099
2.409
1.557
0.0774
0.05002
1.986
3.152
2.813
2.029
1.46
1.056
0.8349
0.0455
-0.0005755
0.001468
0.05414
0.171
1.134
3.13
2.35
0.3538
-0.5829
-0.399
0.002532
1.501
2.291
2.595
3.946
2.811
2.364
2.488
2.318
0.7318
2.964
4.277
1.75
1.13
2.136
3.613
3.557
3.317
2.431
0.02963
0.0152
0.9109
2.328
3.149
3.156
2.007
0.9071
8.988
0.06144
0.0255
2.583
6.091
5.114
5.411
6.437
6.89
6.786
6.625
6.791
7.225
7.602
8
7.256
3.392
1.408
1.375
2.144
0.05819
1.635
0.4211
0.1364
1.259
2.175
2.039
0.7844
0.191
0.08533
0.2558
0.617
0.01582
1.743
0.9793
1.118
0.01374
2.469
2.859
2.891
1.084
0.008575
1.119
1.731
2.159
1.259
1.055
9.653
0.1142
0.02958
3.207
5.982
4.906
5.424
6.258
6.592
6.592
6.669
7.005
7.417
7.822
8.113
5.434
2.208
1.351
1.925
2.675
0.6017
1.079
0.2246
0.972
2.023
2.302
1.755
0.6091
0.1052
0.1096
0.4552
1.254
2.35
1.692
0.9221
1.304
0.2758
2.459
2.412
1.931
0.6367
0.2148
1.157
2.095
2.491
1.171
0.5239
8.727
0.2242
0.03649
4.101
5.94
4.932
5.535
6.194
6.503
6.598
6.704
6.962
7.35
7.894
7.121
3.045
1.048
1.391
2.736
0.05942
1.926
0.6806
0.6033
1.808
2.585
2.371
1.263
0.7587
0.4369
0.3751
0.7168
0.0185
1.911
1.533
0.9898
0.4087
1.726
2.722
1.615
0.8949
0.005997
1.295
1.33
1.981
2.624
1.717
0.004957
7.259
0.3217
0.04491
5.084
6.057
5.264
5.891
6.397
6.672
6.62
6.47
6.569
7.006
7.284
4.916
1.597
0.9708
2.093
2.989
0.607
1.352
0.6077
1.7
2.674
2.899
2.214
1.302
0.7841
0.5099
0.5078
1.226
2.374
2.402
1.745
1.505
0.02501
2.025
2.586
0.6476
0.006196
0.08614
1.845
1.618
2.003
2.032
1.805
0.02684
6
0.2269
0.08264
5.882
6.199
5.76
6.42
6.875
7.004
6.458
5.881
5.826
6.282
5.713
2.174
0.3192
1.073
2.756
0.07021
2.112
0.9815
1.014
2.555
3.164
2.652
1.488
1.511
1.105
0.7357
0.5871
0.01307
2.154
2.666
2.118
2.122
0.01524
1.044
1.729
0.03719
0.006306
0.9031
2.516
2.185
2.039
1.683
1.255
0.553
4.598
0.05467
2.551
6.481
6.512
6.566
7.264
7.516
6.836
5.557
4.594
4.394
4.597
3.38
0.5498
-0.02884
1.784
2.883
0.587
1.535
0.7511
1.787
3.067
3.074
2.217
1.069
1.502
1.511
1.35
1.64
0.04829
2.166
3.065
2.513
2.65
0.01745
1.607
1.995
0.4162
0.005487
0.03404
2.43
2.986
2.052
0.9634
0.04779
0.6623
1.004
0.1331
4.789
6.624
7.143
7.744
7.804
7.011
5.513
4.173
3.247
2.988
2.96
1.557
-0.1435
0.3366
2.377
0.03537
1.967
1.059
0.7993
2.201
2.779
2.134
1.633
1.094
1.217
1.409
1.643
2.604
1.672
2.349
2.928
2.509
2.874
0.01719
2.282
2.003
1.013
0.1368
0.007135
0.6294
2.312
2.359
0.8201
0.006185
0.7068
0.05007
2.924
5.269
6.804
7.984
7.649
6.227
4.651
3.772
3.08
2.38
2.152
2.158
0.8764
-0.01683
1.285
2.534
1.643
1.61
0.6046
0.9799
1.928
1.37
1.01
1.939
1.521
1.11
1.187
1.354
2.166
2.58
2.336
2.691
2.372
2.856
0.01911
2.33
1.755
1.518
1.375
0.1335
0.007621
0.2335
0.6054
0.01826
0.009449
0.8721
0.2222
3.031
5.081
7.042
6.924
4.59
3.505
3.211
3.239
2.94
2.166
1.906
1.954
0.7748
0.4346
1.779
0.02044
1.172
0.2254
0.213
1.176
1.092
0.2719
0.05044
2.201
1.836
1.409
1.294
0.9825
0.325
2.354
2.338
2.658
2.249
2.46
0.06251
2.305
1.948
1.922
2.111
2.021
0.07354
0.007266
0.003608
0.007148
0.3365
1.444
1.359
2.873
4.906
5.442
3.557
3.045
3.375
3.823
4.121
3.541
2.315
1.758
1.816
0.9757
1.014
0.3348
0.6737
-0.0673
-0.3602
0.2501
0.8799
0.1255
0.005791
0.009288
2.52
2.757
2.221
1.711
1.043
0.008499
2.046
2.669
2.839
2.12
0.97
1.209
2.681
2.336
2.177
2.115
2.668
1.562
0.4572
0.2466
0.7433
1.711
1.939
1.461
2.56
3.141
3.177
3.134
3.784
4.162
4.179
4.18
3.422
1.898
1.134
1.173
0.8651
1.335
0.03028
-0.2504
-0.5648
-0.2812
0.5593
0.5761
0.01661
0.01171
0.01289
2.635
2.861
2.386
1.959
1.446
0.09302
2.187
3.46
3.147
2.241
0.035
2.636
2.993
3.056
2.601
1.593
1.791
1.023
1.132
2.109
2.606
2.379
1.686
0.8381
0.9066
2.004
3.353
3.544
3.412
3.316
3.341
3.516
2.664
0.828
-0.1492
-0.001875
0.1623
0.01636
1.317
1.085
0.2131
0.1688
0.8231
0.5044
0.2091
1.075
0.7959
2.046
2.89
2.634
2.354
1.825
1.057
3.235
4.621
3.432
2.248
0.0172
2.396
2.75
4.036
3.458
1.633
1.019
1.545
2.316
2.866
2.888
2.286
1.4
9.426
6.85
2.388
1.242
2.008
1.207
2.232
4.165
4.585
3.87
3.353
3.597
4.849
6.311
8.217
8.871
6.318
4.009
1.309
2.154
1.473
0.4331
-0.356
-0.3433
1.085
1.849
2.225
1.536
0.6323
0.4922
0.7365
1.282
0.3044
1.394
1.68
2.708
2.47
2.425
0.1199
2.282
2.016
1.941
0.9096
0.06501
1.885
1.439
1.965
10.69
7.5
2.591
1.423
1.761
0.9921
2.408
3.946
4.028
3.501
3.555
4.438
5.626
7.277
9.166
7.967
4.999
3.452
0.04103
2.242
1.138
0.1496
-0.3092
0.8853
1.814
2.015
2.33
1.561
0.7484
0.564
0.729
0.08585
1.745
1.71
1.995
3.005
2.729
1.763
0.04775
1.826
1.716
1.624
0.09983
0.2501
2.264
1.658
1.359
11.13
7.945
2.782
1.613
1.656
1.078
2.768
3.994
4.006
3.853
4.289
5.056
6.207
8.419
8.996
6.116
3.942
0.4267
2.628
1.86
0.9175
0.01189
0.6008
2.202
2.31
2.22
2.498
1.822
1.165
0.9666
1.406
0.4284
1.427
1.824
2.471
2.963
3.187
1.806
0.01497
0.8344
1.158
1.589
0.01696
0.2419
2.558
2.481
1.097
11.07
8.054
2.807
1.863
1.842
1.564
3.48
4.507
4.594
4.595
4.8
5.321
6.658
8.501
7.401
4.661
3.425
0.05337
2.503
1.445
0.4865
0.178
2.473
3.1
2.42
2.314
2.719
1.991
1.331
0.9016
0.05758
1.769
1.976
2.459
3.435
3.226
3.546
2.841
0.01286
0.03294
0.7573
1.387
0.01199
0.1003
2.184
2.712
1.066
10.97
7.823
2.079
2.115
2.372
2.502
4.551
5.397
5.514
5.295
5.089
5.296
6.843
7.55
5.095
3.172
0.202
2.612
2.069
1.409
0.5678
1.588
3.64
3.214
2.071
2.106
2.858
2.241
1.562
1.6
0.2131
1.396
2.351
3.21
4.413
3.648
3.379
3.369
0.02284
0.008401
0.9287
1.86
0.05213
0.01692
1.537
2.352
1.163
10.7
6.443
2.313
2.97
3.531
4.09
5.797
6.468
6.546
5.881
4.943
4.592
5.858
5.806
3.479
2.388
0.04244
2.392
1.563
1.047
0.7111
2.982
3.963
2.809
1.664
1.896
2.783
2.428
1.918
2.39
1.7
2.085
3.238
4.158
5.316
3.76
3.224
2.839
0.009828
0.3357
1.214
2.756
2.298
0.03698
0.01333
0.7344
0.1226
8.684
3.682
2.623
4.001
5.019
5.907
6.812
7.067
6.695
5.584
4.123
3.502
4.739
4.329
2.419
0.2617
2.224
1.767
1.28
0.9974
1.462
3.737
3.254
1.437
1.101
1.762
2.437
2.213
1.836
2.084
2.762
2.747
3.872
4.718
5.789
3.655
3.053
1.621
0.0114
1.086
1.442
2.12
2.954
1.83
0.01859
0.004528
0.004673
5.377
2.691
3.286
4.955
6.106
6.485
6.419
6.132
5.667
4.815
3.468
2.97
4.399
3.626
2.091
0.02781
1.91
1.497
1.157
1.123
2.182
3.439
0.8868
0.1429
0.7637
1.75
2.106
1.873
1.366
0.3534
2.151
2.444
3.682
4.589
5.82
3.485
2.665
0.2049
0.1294
1.506
1.977
1.499
1.806
1.347
0.6524
0.0183
0.01359
2.11
1.869
3.434
5.188
5.645
5.497
5.417
5.212
5.142
4.708
3.428
3.161
4.692
3.33
0.5605
1.892
1.163
0.6574
0.5897
1.185
3.137
2.21
0.01819
0.009283
0.6294
1.756
1.997
1.757
1.218
0.009509
1.361
2.028
3.267
4.165
5.492
3.326
2.491
0.01796
1.01
1.745
2.732
1.667
1.278
0.5262
0.937
0.8476
0.4588
0.4521
1.239
3.047
4.487
4.895
5.373
5.353
5.179
5.391
5.09
3.624
3.465
5.006
3.414
0.02518
1.045
0.2812
0.04666
0.5548
1.657
2.832
0.04011
0.007337
0.0005052
0.7595
2.14
2.232
1.775
1.24
0.00344
1.061
2.224
3.274
4.021
4.607
3.556
2.587
0.01256
1.327
1.686
2.697
1.884
1.548
1.486
1.713
1.799
1.291
-0.436
0.5185
2.11
4.236
5.509
5.924
5.446
5.037
5.304
5.095
3.431
3.249
4.754
1.695
1.89
0.518
-0.3642
-0.1664
1.027
2.49
1.514
0.01742
0.03468
0.001237
0.869
2.236
2.192
1.641
1.077
0.01134
1.465
3.011
3.664
4.26
3.714
3.571
1.954
0.06797
1.624
1.513
2.256
1.533
1.655
2.305
2.351
2.071
1.591
-0.5493
0.1443
2.158
5.343
5.988
5.416
4.739
4.457
4.804
4.599
2.839
2.805
4.468
0.02971
1.13
0.6319
0.1824
0.1198
1.238
2.497
0.02255
0.8486
1.06
0.005557
1.285
2.256
2.167
1.821
1.304
0.00789
2.436
4.72
4.492
4.119
3.086
2.702
0.03003
2.157
2.68
1.747
2.33
2.267
2.154
2.387
2.304
2.092
1.886
5.58
6.206
3.297
1.8
1.879
0.1983
0.002477
0.2577
1.225
1.18
0.4829
0.05288
0.01361
0.01252
0.03517
0.8649
2.743
3.921
3.889
2.497
1.431
1.77
1.4
0.01848
0.008255
0.006327
0.008016
0.5472
0.4175
0.5665
0.9348
1.38
0.3472
0.9367
1.677
3.234
4.375
5.459
3.474
2.459
0.01368
1.86
1.957
2.042
2.132
0.01081
0.04189
6.876
7.51
3.925
2.107
1.698
0.03937
0.005462
0.2383
0.7728
0.3297
0.04098
0.01096
0.007822
0.01728
0.2794
2.719
4.045
5.138
3.207
1.893
1.821
2.322
0.4263
0.01067
0.132
0.009499
0.05261
0.7783
0.7404
0.7803
1.197
0.012
0.7525
1.065
1.988
3.467
4.608
5.627
3.423
2.324
0.01107
1.606
1.571
1.989
2.239
0.1626
0.00553
7.81
8.379
4.389
2.399
1.566
0.01913
0.01012
0.1392
0.2456
0.03488
0.009709
0.006614
0.009921
0.04114
2.022
3.877
5.139
4.46
2.927
2.129
3.059
2.152
0.01463
0.5557
0.7727
0.009919
0.5887
1.367
1.4
1.405
1.193
0.553
0.7787
1.419
2.566
3.576
4.804
5.803
3.316
1.884
0.008502
1.561
1.414
1.86
2.451
1.537
0.009202
8.802
8.699
4.529
2.634
1.573
0.02685
0.0146
0.04948
0.03615
0.008967
0.00666
0.007111
0.01348
0.2706
3.067
4.426
5.536
3.439
2.331
2.514
3.249
0.05744
0.3764
1.783
1.211
0.009647
1.352
1.99
2.016
1.731
0.01195
0.5363
0.9892
2.078
3.42
3.805
4.808
6.013
3.188
1.008
0.005768
1.569
1.427
1.707
2.347
2.301
0.04239
9.581
8.197
4.191
2.814
1.844
0.05208
0.01727
0.01768
0.01175
0.00769
0.008539
0.008864
0.01711
1.55
3.42
4.485
3.76
2.757
2.463
3.791
2.89
0.02701
2.089
2.509
0.968
0.01164
1.654
2.286
2.013
0.09892
0.4994
0.5817
1.591
3.239
4.584
4.157
4.548
5.755
2.501
0.5732
0.005502
1.752
1.634
1.628
2.069
2.221
0.2089
9.654
6.98
4.094
3.367
2.697
0.1315
0.02069
0.01291
0.01588
0.06127
0.09895
0.01619
0.0139
2.084
3.253
3.76
2.123
1.817
2.173
3.74
0.4126
0.5807
2.811
2.497
0.7031
0.01485
1.685
2.383
2.115
0.02047
0.8019
1.059
2.677
4.925
6.088
4.606
4.269
5.391
2.447
0.7432
0.02777
1.936
2.664
1.703
1.081
1.232
0.8078
8.064
5.19
3.929
4.054
3.364
0.4656
0.09833
0.1024
0.6405
1.229
0.9679
0.04475
0.01667
2.172
3.001
2.249
1.538
1.504
2.171
3.593
0.02218
2.481
3.132
1.944
0.3018
0.0303
1.585
2.293
2.068
0.01072
0.8167
1.393
3.606
6.197
7.088
4.873
4.085
4.657
2.069
0.5987
0.6945
1.711
2.908
2.203
0.8551
0.3592
0.7478
5.777
4.018
3.788
4.445
3.237
1.306
1.066
1.701
2.405
2.764
2.09
0.0743
0.06267
2.263
2.774
1.247
1.062
1.233
2.201
3.063
0.07694
3.002
2.559
1.083
0.05121
0.1329
1.554
2.167
1.97
0.004924
0.2768
0.9649
3.457
6.192
7.436
4.951
3.884
3.505
1.546
0.04239
1.184
1.385
2.332
1.774
0.853
0.6011
0.8246
3.65
3.099
3.56
3.58
2.191
1.77
2.8
2.966
3.559
4.231
3.426
0.05913
0.9885
3.006
2.453
1.304
0.771
0.938
2.233
0.1845
2.508
3.375
1.756
0.2679
0.004467
0.5067
1.645
1.98
1.584
0.00179
0.08002
0.6581
2.961
5.509
7.291
4.945
3.715
2.734
1.559
0.009398
1.6
1.489
2.135
1.527
1.006
1.054
0.9014
2.177
2.141
2.427
2.001
2.275
4.457
4.354
3.618
4.342
5.658
4.796
0.03654
3.098
4.136
2.121
0.9605
0.1963
0.6688
2.466
0.02628
3.189
2.3
0.4328
-0.09301
0.001104
0.939
1.736
1.666
1.011
0.0008343
0.2799
1.5
3.143
5.213
6.719
5.117
3.765
2.519
1.643
0.01082
1.8
1.714
2.451
2.198
1.516
1.333
1.099
0.9634
0.7097
0.4104
1.954
5.505
6.347
4.841
3.536
4.436
6.53
5.416
0.03109
3.881
4.089
2.574
1.099
0.0578
0.6215
1.844
1.997
3.269
1.552
0.5805
-0.0404
0.001539
1.055
1.549
1.233
0.7558
0.002976
0.6236
2.545
3.522
5.132
6.019
5.164
3.573
2.438
1.875
0.04875
1.967
1.813
2.387
2.715
1.989
1.519
1.532
0.002584
-0.004579
0.0127
3.881
6.316
5.581
4.024
3.027
4.139
6.645
5.256
0.03673
4.302
3.301
2.21
1.56
0.6682
0.5808
0.02355
2.99
2.215
1.634
1.724
0.7219
0.009968
0.9647
1.231
1.202
1.874
0.1028
0.1207
3.833
4.358
4.358
5.124
4.779
2.518
2.821
2.462
0.07152
2.491
3.014
2.326
2.363
1.997
2.018
2.221
0.03534
2.831
3.582
3.236
3.205
2.185
0.8439
0.9604
1.551
2.349
3.554
4.319
3.529
2.43
0.6938
-0.674
-0.6433
0.9782
3.183
3.107
0.9873
0.9771
2.566
2.318
1.51
1.148
0.2871
0.3264
0.1032
0.002241
0.003885
0.004928
0.01849
-0.09376
0.4066
2.445
5.31
6.724
4.718
3.872
2.936
2.4
0.09122
1.185
2.471
1.994
1.736
0.0471
3.841
4.359
3.71
3.24
2.05
1.561
2.077
2.519
2.648
3.133
3.032
2.506
1.499
0.03174
-0.0612
1.195
3.498
3.889
2.84
0.02913
2.733
2.914
1.541
1.274
1.162
0.3028
0.4883
0.2207
0.005795
0.008217
0.018
-0.1727
-0.1319
0.4834
2.671
5.344
7.158
4.852
3.568
2.575
1.99
0.01741
1.416
2.284
2.381
1.527
0.0944
4.596
4.945
4.072
3.322
2.474
3.243
3.278
3.108
2.489
2.41
2.404
2.107
0.6587
0.3026
1.275
3.229
4.62
4.04
0.9392
2.56
4.291
2.649
1.306
1.55
1.272
0.566
0.9968
0.9339
0.2699
0.3769
0.0905
-0.1706
0.08865
1.176
3.074
5.599
7.355
4.733
3.062
2.079
1.68
0.006648
1.33
2.046
2.843
1.47
0.5097
5.219
5.153
4.103
3.605
4.288
4.54
3.681
2.897
1.958
1.958
2.151
1.597
0.3908
0.9037
2.571
4.692
4.691
3.801
0.04456
4.202
3.84
1.728
1.573
1.972
1.371
0.9448
1.707
2.227
1.994
0.6379
-0.04226
-0.1516
0.4527
2.396
3.605
5.786
7.451
4.521
2.45
1.657
1.498
0.008991
1.274
1.911
2.754
1.264
2.532
5.779
4.912
3.862
4.317
6.904
5.093
3.328
2.261
1.377
1.568
1.946
0.9255
0.5558
1.735
3.449
4.061
3.94
1.522
3.024
5.05
2.778
1.855
2.118
2.183
1.352
1.203
2.212
2.926
1.904
0.4717
-0.08654
0.3076
2.205
4.45
4.355
5.645
7.185
4.093
2.114
1.503
1.559
0.309
1.417
1.84
2.37
1.129
4.542
5.609
4.422
4.203
7.742
7.931
4.483
2.509
1.098
0.4794
1.306
1.898
0.7663
0.9014
2.235
3.036
2.518
3.213
0.06332
4.33
4.077
1.993
1.953
2.132
2.103
1.223
1.324
2.461
3.147
1.591
0.3121
0.07175
1.379
5.367
7.068
5.484
5.059
6.737
3.867
2.116
1.521
1.436
1.686
1.753
1.298
1.606
0.91
4.765
4.61
3.861
5.75
9.513
6.848
3.081
1.05
0.2911
0.4195
1.952
2.438
0.9279
1.236
2.298
1.841
1.231
2.798
0.02888
4.176
2.817
1.88
1.929
1.799
1.786
0.956
1.348
2.539
3.111
1.289
0.1067
0.2838
2.984
7.23
8.334
6.076
4.594
5.948
3.458
2.031
1.621
0.5331
2.364
2.268
1.154
1.141
0.7217
4.367
3.672
3.787
8.058
8.202
3.848
0.2525
0.02874
0.1094
1.089
3.186
3.361
1.263
1.583
1.896
0.6553
1.049
2.187
0.1515
3.961
2.252
1.863
1.618
1.358
1.289
0.7043
1.392
2.507
2.813
0.7816
-0.08638
0.1227
1.139
4.356
7.76
6.001
4.145
4.85
2.986
1.819
1.537
0.09083
2.295
2.397
1.22
1.198
0.687
3.833
3.687
6.207
7.622
3.456
0.04265
0.008409
0.003991
0.01257
1.936
4.975
4.18
2.004
2.263
1.825
1.082
1.442
0.8521
2.69
3.338
2.409
2.074
1.32
0.9612
0.7999
0.6447
1.54
2.363
2.215
0.2674
-0.01427
0.01034
0.0418
0.719
6.406
5.702
3.773
4.024
2.827
1.93
1.706
0.0325
2.241
2.566
1.36
1.156
0.4379
3.467
4.513
6.808
3.698
0.03622
0.02642
0.06087
0.008661
0.007251
3.325
6.746
4.348
2.686
3.092
2.41
2.074
1.196
0.03403
3.436
2.794
2.427
1.71
0.8977
0.7923
0.6044
0.7759
1.666
1.999
1.167
0.007066
0.001179
0.013
0.01161
0.08934
5.46
5.518
3.553
3.619
2.796
2.007
1.9
0.02568
2.071
2.935
1.601
0.9965
0.4939
3.308
4.963
4.275
0.04186
0.1005
1.783
1.757
0.1994
0.009579
4.901
7.678
3.949
2.75
3.402
3.765
3.409
1.671
0.0182
2.904
3.02
2.657
1.671
1.156
1.102
0.7655
1.005
1.583
1.245
0.1412
0.00289
0.008204
0.05096
0.01877
0.03374
4.708
5.214
3.215
3.358
2.912
2.14
2.224
0.04101
0.7735
2.425
1.563
0.7545
0.01195
2.401
2.809
0.03381
0.2416
2.227
3.141
2.395
0.8081
0.02047
5.278
7.106
3.548
3.035
3.993
4.986
4.711
2.855
0.03171
1.757
2.468
2.304
1.91
2.059
1.965
1.109
1.202
1.023
0.02425
0.01137
0.297
1.586
3.44
1.777
0.02328
2.801
4.285
2.448
3.275
3.446
2.558
3.188
2.593
0.0228
0.01489
0.01143
0.01876
1.816
2.249
2.068
3.526
3.999
4.025
2.766
0.03496
0.009012
0.01243
0.01124
0.01598
0.02831
0.1095
0.2061
0.167
-0.01493
-0.01992
0.01108
0.02489
1.042
1.104
0.9662
1.34
1.373
1.753
1.747
0.943
1.063
1.42
1.077
0.8286
0.3496
-0.1492
-0.3205
0.01114
0.1353
2.81
6.548
5.289
4.036
4.612
3.764
1.837
1.84
1.783
0.7737
1.489
2.48
2.927
4.183
4.551
4.143
1.174
0.01721
0.05462
0.1053
0.02121
0.01392
0.015
0.02656
0.02174
0.003053
0.0009894
0.009093
0.01693
0.4711
1.879
1.813
2.159
2.125
1.301
1.573
1.7
0.946
1.089
1.384
1.06
0.5816
0.01633
-0.3274
-0.2766
0.008446
0.02241
0.4908
6.008
5.373
3.728
4.057
3.183
1.59
1.592
0.3672
1.695
1.45
2.184
3.556
4.887
5.1
4.013
0.06044
0.0344
0.7
0.6918
0.05293
0.01242
0.01021
0.0103
0.002977
0.0009056
0.005984
0.01466
0.1007
1.988
3.027
3.451
3.795
2.702
1.458
1.582
1.813
1.083
1.314
1.657
1.208
0.6108
-0.02281
-0.3207
-0.00225
0.01245
0.01218
0.07218
5.526
5.111
3.356
3.402
2.618
1.568
1.441
0.0132
1.817
1.237
1.904
4.066
5.373
5.212
2.36
0.03991
0.3971
1.93
1.518
0.1267
0.01246
0.008078
0.005126
0.001046
0.003269
0.01256
0.04394
1.198
3.551
3.859
4.211
3.792
2.533
1.666
1.714
1.898
1.255
1.709
2.204
1.829
0.7801
-0.08256
-0.403
0.006225
0.03075
0.02139
0.03156
5.257
4.741
3.047
2.933
2.324
1.592
1.483
0.01301
1.77
0.9685
2.367
4.768
5.582
4.616
0.1087
0.1206
1.923
2.651
1.868
0.1989
0.01254
0.006831
0.002743
0.001609
0.009838
0.02371
0.216
2.238
5.045
4.656
4.425
3.272
2.422
1.778
1.779
1.844
1.421
2.162
2.766
2.038
0.7453
-0.05761
0.03537
0.02592
0.8745
0.2916
0.02561
4.955
4.325
2.886
2.688
2.235
1.866
1.732
0.3124
1.864
0.9216
3.137
5.035
5.184
1.789
0.08085
2.606
3.413
2.87
1.762
0.1327
0.01009
0.006996
0.003068
0.004088
0.01155
0.01361
0.04429
2.292
4.123
3.793
3.381
2.344
1.849
1.341
1.659
1.619
1.589
2.568
3.143
2.113
0.6978
-0.1403
0.01125
1.884
5.472
3.638
0.02832
4.696
4.068
2.786
2.619
2.248
2.497
2.04
0.1589
1.661
0.8067
3.514
4.715
4.134
0.07342
2.796
5.212
4.177
2.815
1.641
0.05889
0.01036
0.01133
0.00718
0.008691
0.01324
0.007896
0.01255
0.7204
2.072
2.534
2.08
1.548
1.108
0.8035
1.411
1.279
1.734
2.894
3.389
2.132
0.6967
0.1177
0.106
5.469
8.1
6.196
0.03103
4.208
3.592
2.702
2.633
2.164
2.891
2.39
0.03449
1.457
0.7222
3.637
3.662
0.1095
1.019
6.39
6.423
4.04
2.343
1.258
0.01777
0.01345
0.05369
0.06415
0.06184
0.02187
0.005801
0.0209
0.07217
0.6847
1.671
1.361
1.119
0.7341
0.7433
1.117
1.037
1.862
3.059
3.398
1.978
0.7809
0.01328
2.969
5.717
8
6.496
0.02917
3.5
2.916
2.504
2.459
2.119
3.096
2.732
0.01248
1.127
0.5671
3.555
2.108
0.1319
5.908
7.541
5.281
2.662
1.743
0.6306
0.00835
0.04076
0.5501
0.6237
0.9082
0.2522
0.078
0.02293
0.0136
0.1366
1.134
1.246
1.116
0.6138
0.7182
0.8757
1.064
2.046
3.031
3.089
1.656
0.6594
0.1895
2.512
3.878
6.817
5.984
0.02497
2.968
2.506
2.534
2.591
2.254
3.269
3.087
0.01035
0.06699
0.00613
3.266
0.0519
4.838
7.407
5.846
2.598
1.721
1.579
0.1305
0.008255
0.6687
1.506
1.351
2.394
2.079
1.479
0.06377
0.005409
0.01665
0.7885
1.226
0.9966
0.545
0.9069
0.9136
1.314
2.249
2.832
2.442
1.266
0.01383
2.029
2.623
2.886
5.86
5.444
0.02273
2.671
2.319
2.483
2.83
2.554
3.372
3.366
0.02647
0.004712
0.01213
1.027
1.882
5.737
5.189
2.433
2.024
2.454
2.184
0.01719
0.03071
2.55
1.751
1.052
2.684
5.706
5.577
0.6865
0.008893
0.003753
0.7366
1.409
1.128
0.9574
1.46
1.375
1.827
2.506
2.602
1.779
1.05
0.03929
2.582
3.202
2.806
5.219
4.907
0.02496
2.425
2.188
2.418
3.283
2.919
2.974
3.231
0.3881
0.0205
0.3578
0.1065
2.706
3.01
2.049
2.012
2.813
3.19
2.296
0.01303
0.8563
3.111
1.528
1.243
5.167
8.852
8.281
4.931
0.1017
0.00115
0.3807
1.273
1.304
1.74
2.503
2.366
2.665
2.731
1.873
0.831
0.01048
1.603
4.793
5.481
3.763
4.409
4.151
0.02181
2.131
2.346
2.615
3.704
4.208
2.973
2.326
1.516
0.6429
1.013
1.273
0.1769
1.787
3.231
4.5
5.306
4.537
3.291
3.141
3.956
4.928
4.725
3.668
2.872
2.227
1.833
2.05
3.445
2.689
1.486
0.08147
0.005396
0.005757
0.003932
0.004083
0.4722
0.4185
0.813
1.274
1.1
1.208
1.038
0.7449
0.6106
0.01772
1.231
4.02
6.405
4.23
0.02611
3.729
3.806
1.938
2.351
2.479
2.149
1.96
0.8007
0.9592
2.662
4.284
5.808
5.965
4.392
2.937
2.954
3.859
4.627
4.136
2.897
1.946
1.34
1.571
3.182
3.389
1.818
0.2492
0.007952
0.0826
0.4067
0.07202
0.004307
0.4661
0.4745
0.7832
1.131
1.093
1.153
0.95
0.7902
1.103
0.02525
2.083
3.397
6.253
4.972
0.02858
3.346
3.162
1.946
2.268
2.194
2.491
1.925
0.0336
1.348
3.581
5.79
7.534
6.425
3.659
2.637
3.021
3.971
4.458
3.592
2.281
1.28
1.061
2.617
3.888
2.403
0.9794
0.01174
0.4274
1.812
2.417
1.207
0.009482
0.6698
0.6367
0.9257
1.268
1.216
1.188
0.9463
0.8588
0.07643
1.596
2.545
2.803
5.771
4.779
0.04028
2.864
2.424
2.17
2.305
1.996
2.356
0.7112
0.003987
1.87
4.665
7.456
8.798
6.257
3.238
2.716
3.292
4.236
4.396
3.135
1.802
1.048
1.862
3.906
3.25
1.807
0.01779
0.3116
1.849
3.344
3.834
2.692
0.01428
0.9058
0.8046
1.29
1.77
1.713
1.458
1.11
1.348
0.02183
2.241
2.718
2.579
5.348
4.134
0.1152
2.613
2.156
2.269
2.416
2.024
2.136
0.01612
0.01184
2.55
6.056
9.258
8.774
4.493
2.918
2.929
3.533
4.468
4.335
2.768
1.474
1.215
3.567
3.995
2.572
0.06452
0.07636
1.474
2.976
3.96
4.137
2.94
0.01365
0.9642
0.9382
1.785
2.455
2.289
1.742
1.312
0.4522
1.423
3.274
3.706
2.844
5.031
3.339
0.341
2.521
2.031
2.368
2.778
2.452
2.116
0.006205
1.112
3.908
7.627
9.609
6.397
3.966
3.42
3.269
3.789
4.567
4.189
2.582
1.576
2.123
4.14
3.54
1.011
0.01796
1.062
1.867
2.845
3.253
3.059
1.378
0.01107
0.7135
1.023
2.233
2.995
2.851
2.229
1.879
0.02335
2.893
5.488
6.27
3.831
4.954
3.165
0.3759
2.336
1.963
2.758
3.503
2.632
2.081
0.006238
2.182
5.264
8.863
7.927
5.288
4.62
4.025
3.516
4.014
4.513
3.923
2.343
1.595
2.579
4.183
2.689
0.02324
0.5756
0.7481
1.243
1.814
1.882
1.375
0.0645
0.03824
0.321
1.083
2.681
3.471
3.23
2.301
1.329
0.3627
3.969
7.08
7.886
4.362
4.618
2.29
0.629
2.043
1.96
3.198
4.157
2.727
2.03
0.008791
2.537
5.946
7.193
5.339
5.366
5.254
4.008
3.307
3.787
4.021
3.317
1.825
1.517
3.182
3.97
0.1018
0.1862
0.6771
0.1293
0.5452
0.8862
0.9267
0.6676
0.002729
0.0742
0.155
1.287
2.985
3.65
3.057
1.792
0.03059
2.486
4.596
7.233
8.037
4.307
3.962
0.8261
1.113
1.66
2.187
3.696
4.729
2.92
1.951
0.01167
3.444
5.751
4.699
5.244
5.885
4.768
3.432
3.118
3.384
3.249
2.311
1.303
1.811
4.748
2.424
0.03047
1.097
0.2231
-0.161
0.1408
0.4823
0.7867
0.4958
0.001444
0.01268
0.3048
1.565
2.937
3.299
2.519
1.916
0.04681
2.05
3.679
6.341
7.419
4.015
3.388
0.09241
1.512
1.763
2.525
4.015
5.159
3.2
1.559
0.008581
4.11
3.984
4.694
5.774
5.118
3.693
3.123
3.275
3.001
2.24
1.835
1.428
2.521
5.185
0.04328
2.389
2.212
-0.245
-0.3929
-0.1295
0.4753
0.8821
0.1347
0.01484
0.0759
0.6329
1.827
2.583
2.448
1.81
0.1697
1.733
2.493
3.246
5.59
6.752
3.731
3.079
0.01549
1.462
1.9
3.033
4.134
5.195
3.216
1.024
0.003097
3.4
3.13
4.758
4.826
3.796
3.481
3.704
3.995
2.733
1.359
2.093
1.728
1.799
0.4064
0.2665
5.542
3.757
0.1966
-0.371
-0.187
0.8244
1.249
0.00747
0.37
0.6966
1.408
2.146
2.255
1.969
2.55
0.01501
1.966
3.031
3.347
5.13
6.113
3.399
2.745
0.01087
1.261
2.608
3.397
3.75
4.444
2.874
0.1949
0.002033
1.878
2.24
3.491
3.552
3.663
4.106
4.711
4.814
2.178
1.232
2.741
1.706
0.5038
0.06098
6.22
8.309
5.752
1.443
-0.02987
-0.003229
1.066
1.189
0.01088
1.361
2.441
2.763
2.411
1.853
1.551
1.528
0.1653
3.523
4.803
4.303
4.865
5.4
2.847
1.806
0.105
1.491
3.272
4.191
3.506
3.18
2.256
0.07865
0.01543
2.093
0.2797
1.011
1.927
3.312
4.198
4.268
3.674
3.307
3.82
5.961
7.157
5.687
4.219
3.085
2.173
0.8274
0.04473
1.659
2.586
2.505
1.677
1.248
0.9982
0.2656
0.217
0.3931
0.002198
0.2376
0.4358
1.086
1.101
1.163
1.275
1.031
0.4039
3.344
6.052
6.418
3.798
4.516
3.488
0.01741
1.472
1.807
2.806
3.632
1.834
0.287
0.8575
2.333
4.412
5.447
4.854
3.734
3.219
3.829
5.862
6.386
4.685
3.22
2.104
0.779
0.03584
1.608
2.502
2.402
1.185
0.7802
1.499
1.83
0.9926
0.6503
0.4699
0.002012
0.1202
0.4163
1.068
1.225
1.255
1.414
0.01537
2.224
3.477
6.117
6.869
3.888
4.21
2.287
0.1282
1.261
1.953
3.402
3.932
1.119
0.3943
1.194
3.85
6.237
6.844
5.262
3.655
3.095
4.086
6.018
5.686
3.861
2.368
0.6436
0.0281
1.271
2.578
2.893
1.33
0.2803
1.483
3.524
4.254
2.589
1.596
0.6029
0.003851
0.1361
0.3775
1.042
1.401
1.508
0.9079
0.3545
2.255
3.245
5.794
6.691
3.749
3.557
0.3294
0.858
1.49
2.319
3.58
3.452
0.5827
0.367
1.968
5.528
8.538
8.101
5.384
3.379
2.816
4.402
6.214
5.036
3.144
1.548
0.0249
0.7341
2.57
3.523
2.306
0.1114
0.7127
3.389
5.685
6.281
3.693
2.25
0.2895
0.01165
0.4488
0.7697
1.609
1.734
1.806
0.0228
1.878
2.616
3.14
5.434
6.229
3.626
3.197
0.0234
1.347
1.707
2.643
3.53
2.526
0.4323
0.503
3.731
7.885
9.875
7.542
4.745
2.911
2.501
4.537
6.236
4.467
2.484
0.08886
0.1716
2.272
3.51
2.987
0.4992
-0.182
1.963
4.739
6.41
6.647
3.798
2.326
0.04854
0.03105
1.02
1.791
2.421
2.547
0.3184
0.3882
2.33
3.383
3.371
5.214
5.682
3.596
3.044
0.01098
1.285
2.082
3.158
3.438
1.981
0.7986
1.311
5.427
9.705
9.39
6.521
4.334
2.614
2.456
4.525
6.137
4.21
2.749
0.02614
1.758
3.301
3.025
0.9355
-0.1496
0.376
2.498
4.365
5.246
4.801
2.708
1.607
0.007721
0.3226
1.581
2.904
3.666
3.216
0.02254
1.525
3.976
5.109
4.134
5.215
5.308
3.386
2.653
0.01131
1.42
3.002
3.365
3.222
1.827
1.273
3.022
7.494
9.751
8.037
6.036
4.126
2.556
2.794
4.627
5.809
3.941
2.823
0.02511
3.202
3.65
1.38
-0.1214
-0.5128
0.3154
1.841
2.676
2.695
2.038
1.309
0.3591
0.007526
1.078
2.541
4.186
3.796
0.09486
0.1406
2.398
5.138
6.296
4.655
5.063
4.535
2.907
1.409
0.08302
1.824
3.777
3.516
3.038
1.628
0.7999
3.885
7.294
8.177
7.131
5.714
3.784
2.486
3.074
4.433
5.315
3.613
2.046
0.09741
3.811
2.453
0.289
-0.4959
-0.8451
0.02267
0.9131
1.288
1.783
1.415
0.8031
0.01852
0.02828
1.73
3.368
4.356
1.082
0.01841
1.074
3.283
5.609
6.683
4.832
4.784
3.485
2.224
0.0393
0.8609
2.879
4.672
3.871
3.067
1.505
1.337
4.104
6.291
7.249
6.643
5.158
3.531
2.739
3.237
4.019
4.816
3.46
0.3237
2.125
4.398
1.673
0.5487
-0.4069
-0.7994
-0.04243
0.4891
1.438
1.959
1.112
0.3412
0.008554
0.19
1.997
3.286
2.235
0.03461
0.2418
1.475
3.25
5.347
6.505
4.822
4.598
2.772
1.945
0.007544
1.436
3.504
5.401
4.348
2.937
0.872
2.202
3.845
6.032
6.593
5.684
4.364
3.42
3.173
3.311
3.743
4.99
4.24
0.05368
5.689
4.201
2.765
1.61
-0.1986
-0.704
-0.04686
0.7198
2.2
2.216
0.8674
0.01215
0.01373
0.5569
1.842
1.866
0.103
0.01771
0.7622
2.17
3.408
5.11
6.19
4.739
4.48
2.393
1.31
0.09073
2.327
3.845
5.716
4.617
2.632
0.3142
2.572
3.424
5.679
5.546
4.636
3.908
3.674
3.822
3.376
3.729
5.861
5.47
0.04945
4.822
3.378
4.332
2.965
0.3539
-0.5307
-0.01307
1.774
3.445
2.304
0.2794
0.005089
0.07953
0.8963
1.325
0.2908
0.0191
0.3247
1.347
2.882
3.805
5.031
5.83
4.507
4.177
1.935
0.03486
1.293
3.147
3.784
5.176
4.408
1.99
0.02477
2.119
2.624
4.731
4.661
4.301
4.132
4.447
4.784
3.545
3.976
7.132
6.777
0.05816
2.745
5.287
6.661
4.608
1.098
-0.1338
0.595
2.803
3.998
1.208
0.008408
0.238
1.632
1.766
1.795
0.4664
0.01495
0.8442
2.374
4.122
4.741
5.257
5.497
4.011
3.289
1.348
0.01634
2.137
3.828
3.376
3.672
3.463
1.567
0.003869
3.127
0.01279
0.07615
0.6077
0.7913
0.08603
0.02079
0.01047
0.004109
0.002757
0.2775
4.918
6.024
5.285
4.681
4.707
4.855
3.554
2.149
1.396
0.8613
0.679
0.7401
0.9033
1.665
2.294
2.673
2.034
0.8864
0.01364
0.7574
0.333
0.577
1.033
1.507
0.02262
2.301
4.76
5.576
4.27
4.713
4.397
1.969
1.281
0.0076
1.635
3.728
2.932
0.01243
0.06234
0.3022
0.06745
0.02211
0.02005
0.01699
0.003944
0.004195
0.4604
4.615
5.23
4.802
4.851
4.781
3.559
2.41
1.619
0.4802
-0.4037
-0.004196
1.563
3.214
3.362
3.183
2.851
1.829
0.3303
0.0139
0.5183
0.7857
1.219
1.842
0.02827
1.124
3.014
5.263
6.187
4.651
4.864
4.134
1.771
0.2341
0.1969
2.528
4.253
1.102
0.01175
0.07932
0.08363
0.02639
0.04837
0.3815
0.2538
0.008626
0.007661
1.283
4.585
4.821
4.759
4.785
3.549
2.685
2.453
1.641
-0.297
-0.5647
1.577
5.123
6.627
5.764
4.762
3.221
1.473
0.1657
0.009291
0.05274
0.6615
0.9942
0.0459
0.07483
1.528
3.238
5.285
6.316
4.841
4.84
3.304
1.804
0.008586
1.087
3.085
4.239
0.08298
0.01099
0.08139
0.0376
0.04804
1.479
2.77
1.475
0.02474
0.01264
2.92
4.793
4.697
4.867
3.938
2.62
2.886
3.209
1.385
-0.6363
0.731
4.812
7.977
8.543
7.021
5.765
3.598
1.24
0.2742
0.01436
0.01057
0.01473
0.02526
0.02542
0.8344
2.327
3.444
5.198
6.197
4.94
4.803
2.709
1.652
0.008495
1.709
3.206
3.694
0.01411
0.02844
0.05807
0.0317
0.9989
4.311
4.223
2.187
0.03251
0.02287
3.962
4.742
4.54
4.134
2.63
2.706
3.789
3.137
0.785
-0.1978
3.015
7.002
8.771
8.597
6.845
5.615
3.188
1.159
0.7424
0.1407
0.03623
0.04849
0.1274
0.536
1.845
3.188
3.784
5.16
5.936
4.958
4.707
2.278
0.4748
0.1779
2.411
3.09
3.053
0.01048
0.0455
0.03806
0.165
4.521
5.67
4.513
2.169
0.1127
0.03005
4.206
4.418
4.386
3.429
2.853
3.739
4.092
2.286
0.7785
1.313
4.157
6.682
7.072
5.574
3.815
3.137
1.848
0.7258
0.5084
0.4226
0.5194
1.39
0.9529
1.36
3.053
4.374
4.413
5.209
5.586
4.687
4.245
1.788
0.008556
1.473
2.879
2.802
2.355
0.007292
0.05613
0.0344
2.788
6.034
5.949
4.283
1.955
0.7715
0.03146
3.755
4.08
4.444
3.539
3.869
4.708
3.386
1.637
0.6429
1.834
3.691
4.182
1.566
0.2288
0.1147
0.1855
0.2747
0.2623
0.5711
1.84
3.423
2.853
1.151
1.853
3.799
5.228
4.894
5.089
4.857
4.025
3.091
0.9523
0.07979
2.447
3.153
2.589
1.949
0.009052
0.04501
0.05269
4.465
6.293
5.7
3.686
1.559
1.927
0.0338
3.467
4.128
4.772
4.032
4.703
4.36
2.625
1.278
0.474
1.911
2.236
0.3402
0.0234
0.01002
0.01335
0.01498
0.02867
0.123
1.101
4.263
3.992
1.432
1.282
2.394
4.235
5.701
5.223
4.98
4.067
3.268
1.625
0.01004
1.313
3.891
3.837
2.996
2.143
0.03693
0.02818
0.3458
4.685
5.937
5.109
3.347
2.096
2.74
0.035
3.392
4.586
4.741
4.876
5.438
4.092
2.805
1.447
0.8302
1.781
0.2351
0.01295
0.01081
0.01031
0.01258
0.006755
0.01121
0.1175
2.176
4.842
2.656
1.085
1.498
2.638
4.313
5.813
5.489
5.122
3.738
2.995
1.168
0.01418
2.06
5.145
4.968
3.857
2.251
0.1986
0.01823
1.829
4.621
4.977
3.996
2.924
2.874
3.01
0.03918
3.587
5.627
5.254
6.138
5.57
4.696
3.61
1.786
1.007
1.155
0.009633
0.01855
0.1138
0.1538
0.03574
0.005957
0.008855
0.2262
2.98
3.551
0.8626
0.8626
1.982
3.01
4.349
5.686
5.641
5.393
3.81
2.686
0.177
1.212
3.019
6.186
5.929
4.318
1.967
0.6494
0.01397
2.608
3.802
3.542
2.607
2.346
3.353
2.615
0.0528
4.227
7.03
5.846
5.795
5.117
5.555
4.492
2.098
0.9732
0.03133
0.01532
0.8524
1.882
1.382
0.3104
0.0104
0.009166
0.4701
2.625
2.03
0.603
1.137
2.666
3.603
4.476
5.401
5.449
5.361
3.83
1.953
0.01044
2.162
3.393
5.981
5.84
3.852
1.32
1.688
0.01235
2.295
2.86
2.555
2.066
2.594
4.332
3.408
0.03561
5.337
8.247
5.683
4.671
5.918
7.105
5.625
2.397
0.8269
0.008645
0.4904
3.249
3
2.12
1.701
0.3553
0.009713
0.03618
1.705
1.443
0.6982
1.574
3.559
4.608
5.006
5.157
4.735
4.443
3.147
1.31
0.1136
2.807
2.649
3.828
4.264
2.762
0.8805
4.946
4.494
2.773
0.03585
2.036
3.528
2.675
1.866
1.333
0.08612
0.002347
0.7384
3.3
3.384
2.331
1.339
1.115
2.848
4.701
4.66
4.028
3.978
2.055
0.06112
0.02768
0.02167
0.02735
0.0403
0.07438
0.0485
0.03543
0.01256
0.01124
0.01657
0.02275
0.05805
1.181
3.199
4.669
4.635
4.704
4.135
2.577
1.997
0.4601
0.05551
2.458
5.422
3.876
0.2955
0.1882
2.711
2.577
1.788
1.403
1.239
0.04402
0.002191
1.078
2.832
2.785
2.497
1.904
1.829
4.585
5.469
4.005
2.173
0.6344
0.02847
0.04009
0.198
0.1314
0.02471
0.01699
0.01814
0.01929
0.05249
0.04594
0.03314
0.04684
0.2383
0.7549
2.113
3.93
5.418
5.242
5.177
4.388
2.818
1.663
0.01006
1.071
3.554
4.892
3.477
0.03617
2.144
2.66
1.777
1.566
1.618
1.488
0.01664
0.005088
1.449
2.562
2.703
2.968
1.825
3.814
6.634
6.192
3.154
0.328
0.02912
0.7336
4.145
5.739
4.885
0.9039
0.03305
0.01247
0.03636
0.2925
1.026
1.415
1.097
0.4137
1.304
2.579
4.271
5.861
5.725
5.571
4.365
3.141
1.419
0.005911
1.723
4.156
4.12
1.115
0.3093
2.412
1.797
1.841
2.587
2.784
1.906
0.009874
0.03069
1.751
2.413
2.916
2.913
2.464
6.683
8.487
6.34
1.688
0.02178
1.597
6.08
7.612
8.273
7.437
3.989
0.0829
0.0134
0.2073
1.217
2.067
1.816
0.3277
0.8116
2.019
2.975
4.511
6.106
6.094
5.914
4.363
3.245
0.7306
0.1435
2.031
3.989
3.912
0.03953
2.007
2.137
1.698
2.943
3.987
3.794
1.183
0.008093
0.251
1.783
1.923
2.319
2.096
5.066
8.952
8.839
5.502
0.04102
0.2366
5.498
8.293
8.234
8.381
7.444
4.628
0.1176
0.01646
0.9855
1.6
1.711
0.7625
0.5684
1.641
2.83
3.428
4.69
6.106
6.234
6.039
4.276
2.621
0.01563
1.211
2.207
3.317
3.68
0.05315
2.101
1.414
2.668
4.376
5.08
4.028
0.07765
0.01938
1.048
1.689
1.493
1.806
2.894
7.746
9.828
8.049
4.493
0.02251
1.951
6.698
8.046
7.12
6.796
5.814
3.901
0.5036
0.0133
0.8766
1.52
1.9
1.201
1.182
2.527
3.763
4.028
4.746
5.721
5.869
5.566
3.77
1.667
0.01127
1.6
1.864
2.244
2.413
1.417
1.75
2.136
4.093
5.485
5.58
3.164
0.02823
0.4771
1.261
1.414
1.208
1.914
5.97
9.648
9.16
6.942
2.251
0.02199
3.157
6.412
5.85
4.249
3.743
2.787
2.07
0.8156
0.0112
0.9757
1.902
2.179
1.528
1.576
3.008
4.499
4.565
4.586
4.838
4.84
4.233
2.555
0.4497
0.3846
1.822
1.436
1.536
0.2146
1.651
1.263
2.785
5.007
5.947
5.248
0.4289
0.04742
1.083
1.319
1.271
1.553
3.745
8.179
9.632
8.179
5.815
0.249
0.07797
3.163
4.513
3.373
2.385
2.245
1.021
0.8158
0.7674
0.01017
1.403
1.788
1.772
1.722
1.877
3.26
5.017
5.085
4.638
4.105
3.728
2.736
1.244
0.01421
1.826
2.581
2.099
2.28
0.01715
0.9752
0.9471
3.084
5.253
5.815
5.006
0.04383
1.016
1.561
1.228
1.28
2.128
6.193
9.748
9.322
7.757
5.194
0.03249
1.062
2.563
2.945
2.142
1.774
1.589
0.7009
0.5926
0.6258
0.01044
1.613
1.335
1.567
1.92
2.087
3.35
5.235
5.653
5.209
4.218
3.67
2.487
1.182
0.009614
3.14
4.254
3.994
3.233
0.01271
0.4312
0.9937
3.113
4.72
4.761
4.169
0.03508
3.171
1.892
1.236
2.136
4.427
8.929
10.18
9.382
7.808
4.536
0.01981
1.86
2.017
2.137
1.814
1.769
1.464
0.7538
0.7993
0.4616
0.0106
1.211
0.6735
1.463
2.304
2.443
3.33
4.998
5.999
5.978
4.998
4.189
2.393
1.732
0.01759
4.337
5.896
5.31
3.523
0.1889
0.3483
0.9378
2.366
3.194
2.532
1.683
0.09914
3.141
1.706
1.662
4.12
6.499
9.798
9.937
9.521
7.835
2.653
0.02537
1.286
1.211
2.14
2.382
2.442
2.425
1.489
1.204
0.3165
0.01084
0.7178
0.4413
1.591
2.966
3.158
3.384
4.456
5.667
6.192
5.556
4.407
2.642
1.887
0.02243
3.818
5.611
4.749
2.331
1.53
0.5334
0.6721
1.358
1.575
0.9066
0.327
1.349
3.48
2.428
3.463
6.188
7.552
9.189
9.927
10.03
8.134
1.711
0.03616
0.859
1.158
2.758
2.752
2.709
3.576
3.333
2.46
1.209
0.006881
0.4756
0.4558
1.515
3.743
4.464
4.233
4.012
4.335
4.963
4.732
3.671
2.704
2.798
0.02048
0.05946
1.199
1
0.01911
0.04261
3.093
4.643
3.63
2.384
2.162
1.761
1.618
2.162
2.438
1.378
1.006
2.606
2.814
1.592
0.7174
0.1813
0.09693
0.2718
0.4248
0.07227
0.04347
3.301
5.172
4.99
4.233
3.971
4.35
3.29
1.406
0.9664
0.01711
0.01888
0.1908
0.4995
0.2744
0.8525
1.973
3.733
4.47
4.304
3.627
2.853
2.499
1.521
0.05727
1.429
2.372
3.949
3.724
1.926
1.602
1.492
1.254
1.458
2.322
2.472
1.023
0.8793
1.974
1.741
1.857
3.111
0.08905
0.1018
0.7765
0.6369
0.05477
0.0528
2.973
2.536
3.538
3.534
3.076
3.028
1.412
0.5397
0.6087
0.008707
0.05609
0.4046
0.4332
0.7972
1.424
2.592
4.585
5.26
5.074
4.322
3.447
2.745
1.296
0.01022
2.314
3.103
4.033
2.601
1.6
1.353
1.168
1.262
1.833
2.824
2.617
0.9188
1.048
1.676
1.698
4.97
0.9714
0.05959
0.4963
2.915
1.201
0.03833
0.09211
2.384
3.704
6.108
6.309
4.734
3.63
1.15
0.4657
0.2052
0.004978
0.4452
0.511
0.6658
1.357
1.802
3.061
5.285
6.016
5.915
5.099
4.251
3.068
1.382
0.009244
2.879
2.859
2.978
1.787
1.309
1.116
1.399
2.147
3.019
3.746
2.753
0.8831
1.195
1.61
3.41
6.158
0.08514
0.1297
3.967
6.36
2.225
0.02389
0.3231
3.902
4.961
7.338
7.343
6.248
4.605
1.491
0.7195
0.04231
0.01393
0.7168
0.507
1.197
1.96
2.13
3.462
5.805
6.667
6.718
5.877
5.031
3.138
1.5
0.01152
2.803
2.581
1.751
1.53
1.269
1.353
2.364
3.716
4.582
4.233
2.245
0.6975
1.078
1.049
3.851
1.339
0.05278
2.615
8.31
8.393
3.025
0.01484
1.136
4.697
5.171
7.237
6.982
6.229
4.759
1.911
1.132
0.01101
0.1538
0.5246
0.8425
2.012
2.642
2.517
3.715
5.949
6.96
7.114
6.191
4.967
2.415
1.466
0.01549
2.139
2.991
1.415
1.431
1.316
2.211
3.84
5.547
6.047
4.148
1.612
0.8497
1.187
0.8821
2.571
0.05493
0.6936
7.788
10.03
8.525
3.069
0.02004
1.611
4.346
4.463
6.014
5.578
5.109
4.255
1.806
1.126
0.02006
0.1495
0.7599
1.127
2.62
3.443
3.119
3.649
5.366
6.494
6.643
5.656
4.054
2.129
1.33
0.009139
0.8052
2.515
1.52
1.611
2.078
3.606
5.365
7.11
6.791
3.805
1.9
1.426
1.292
0.3987
0.1513
0.07723
6.141
10.11
10.1
7.322
2.642
0.01969
1.832
3.094
2.97
4.021
3.541
3.462
3.471
1.648
1.206
0.04057
0.1592
1.016
1.252
2.861
4.236
3.866
3.36
4.073
4.994
4.97
4.086
2.491
1.698
1.293
0.004684
0.005151
1.148
0.8464
1.411
2.843
4.809
6.462
8.054
6.179
2.96
2.1
1.839
1.252
0.145
0.03656
2.552
9.06
10.45
9.537
5.52
1.995
0.01417
1.456
1.818
1.952
2.897
2.317
2.407
2.9
1.592
1.419
0.05703
0.1452
1.213
1.321
2.96
4.91
4.712
3.634
3.152
3.209
2.909
2.272
1.339
1.42
1.445
0.03472
0.02796
0.3268
0.08151
1.011
3.317
5.536
6.911
8.251
5.293
2.891
2.467
1.942
0.608
0.01264
0.168
7.259
10.51
10.47
8.871
4.252
1.855
0.008633
1.078
1.247
1.584
2.437
1.889
2.06
2.656
1.646
1.503
0.05918
0.1412
1.394
1.451
3.016
5.269
5.715
4.781
3.545
3.226
2.875
2.458
1.707
2.389
3.143
2.456
2.423
0.1637
-0.3024
0.8319
3.489
5.627
6.24
7.01
4.075
2.866
2.454
1.217
0.02254
0.03006
4.513
10.18
11.4
10.6
8.118
3.344
1.396
0.00555
0.9236
1.163
1.643
2.47
1.966
2.179
2.649
1.646
1.336
0.04806
0.1389
1.703
1.809
2.781
4.89
6.413
6.242
5.179
4.416
3.918
4.039
3.014
4.372
5.65
5.476
4.46
0.2629
-0.3623
0.8254
2.965
4.621
2.7
1.89
1.797
1.529
0.8961
0.04401
0.01191
0.5486
8.669
11.59
11.94
10.7
6.92
2.437
0.6885
0.003419
1.048
1.511
2.091
3.207
2.643
2.654
2.881
1.617
1.112
0.05264
0.1176
2.193
2.594
2.505
4.018
6.092
6.987
6.77
6.081
5.22
5.385
3.863
5.095
6.379
6.137
4.545
0.5776
-0.2779
0.7079
2.154
2.349
0.04075
0.0216
0.01306
0.01849
0.008486
0.01196
0.4481
4.462
10.88
12.46
12.42
10.83
6.02
1.774
0.3963
0.003349
1.333
1.796
2.365
4.026
3.683
3.357
3.538
2
1.192
0.7107
0.01128
2.511
3.946
3.621
3.011
4.004
5.611
6.152
5.672
5.068
5.717
4.607
3.573
4.086
3.975
2.653
0.3995
2.329
5.077
5.214
3.814
2.857
1.72
1.004
1.474
2.667
4.422
4.994
5.946
6.354
3.641
0.4406
0.1274
0.8816
3.339
4.837
4.584
3.539
3.277
0.02057
2.031
2.982
3.309
5.015
3.971
2.767
2.207
0.8516
0.2902
0.024
0.001014
0.1403
0.9274
1.626
3.495
4.348
3.674
2.616
2.247
2.327
2.303
1.676
1.816
0.6146
3.024
4.428
3.516
2.662
1.976
1.089
0.8883
1.671
3.357
4.255
4.301
4.684
3.461
0.1161
0.1348
1.925
3.071
4.626
5.12
3.903
2.03
2.29
0.01664
1.549
2.422
2.653
3.934
2.711
1.951
1.766
0.7238
0.3701
0.005633
0.002031
0.7137
1.263
2.09
4.369
5.184
4.618
3.574
3.022
2.894
2.613
1.897
2.56
0.98
3.167
3.495
2.568
1.991
1.529
1.043
1.292
2.122
4.236
4.141
3.981
3.721
0.188
0.1432
2.774
4.067
4.119
5.751
5.081
2.178
1.347
2.003
0.04048
2.511
3.735
3.529
4.372
2.623
1.912
1.593
0.841
0.6732
0.003026
0.01917
1.296
1.432
2.545
5.184
6.062
5.793
4.989
4.343
3.804
3.172
2.196
3.098
1.581
2.746
2.731
2.089
1.794
1.75
1.877
2.437
3.498
5.179
4.003
3.752
3.026
0.06893
5.036
6.924
4.166
5.475
7.026
4.95
1.259
1.672
2.579
0.08773
3.113
4.287
4.302
5.105
3.026
2.333
1.741
0.9148
0.632
0.003079
0.4175
1.822
1.551
2.977
5.848
6.903
7.027
6.573
5.992
4.888
3.876
2.388
3.068
1.934
2.164
2.488
2.119
2.052
2.456
3.381
3.93
4.563
5.361
3.864
3.25
0.2494
0.3025
6.582
4.874
4.735
7.29
7.903
4.743
1.446
2.057
2.732
0.1337
3.139
4.058
4.314
5.262
3.27
2.761
1.955
0.9979
0.3295
0.00557
1.283
2.372
1.782
3.209
6.074
7.391
7.789
7.459
6.649
4.954
4.016
2.249
2.403
2.481
2.042
2.633
2.486
2.76
3.625
5.384
5.453
4.942
5.414
4.177
3.489
0.1727
0.4252
4.566
3.562
6.378
8.671
8.221
4.791
2.099
2.055
2.421
0.1527
2.545
3.3
3.788
4.939
3.129
2.727
2.202
1.197
0.7825
0.006215
1.08
2.846
2.402
2.886
5.302
7.032
7.529
7.125
5.992
4.386
3.573
1.885
1.346
2.444
2.064
2.994
3.269
3.826
4.85
7.01
6.317
5.013
5.893
4.838
3.999
0.1355
0.6379
1.628
4.63
8.178
9.415
7.711
4.391
2.105
1.741
1.81
0.1033
1.789
2.329
2.988
4.351
2.915
2.749
2.56
1.461
1.263
0.007149
0.4274
3.223
3.291
2.325
3.585
5.296
5.614
5.116
3.953
3.108
2.768
1.636
0.7701
1.631
1.583
2.767
3.874
4.749
5.697
7.746
6.236
4.731
6.223
5.476
4.835
0.08671
0.7819
2.574
6.642
9.347
9.493
6.503
3.584
1.657
1.283
1.313
0.05469
1.373
1.699
2.396
3.881
2.794
2.899
2.812
1.588
1.522
0.009978
0.07702
3.437
4.185
2.911
2.339
2.719
2.71
2.35
1.689
1.664
1.945
1.531
0.9711
0.9921
0.8375
1.305
3.679
5.245
6.096
7.727
5.701
4.544
6.485
6.075
5.658
0.05858
0.7248
4.477
8.507
10.16
9.242
5.404
2.959
1.263
1.087
1.198
0.02859
1.216
1.439
2.152
3.673
2.785
3.032
2.943
1.663
1.611
0.02603
0.01868
3.139
5.065
4.431
2.816
2.657
2.698
2.637
2.285
2.671
3.201
3.036
2.699
0.8202
0.2399
0.1089
2.45
5.208
6.02
7.068
4.806
4.181
6.332
6.232
5.585
0.02418
2.293
7.055
10.22
10.81
8.762
4.396
2.155
1.011
1.092
1.323
0.01677
1.257
1.496
2.213
3.695
2.822
3.011
2.919
1.72
1.801
0.175
0.01071
1.254
5.112
5.922
5.053
4.257
4.771
5.261
4.784
5.583
6.337
6.035
5.112
0.886
0.02377
0.01261
0.6169
4.605
5.1
4.864
3.195
3.053
4.832
4.934
3.916
0.01895
4.365
9.095
11.47
11.21
7.895
3.353
1.342
0.8385
1.18
1.576
0.01349
1.582
1.891
2.509
3.929
2.908
2.867
2.911
1.865
2.23
1.171
0.01503
0.05683
3.542
6.203
7.096
7.19
7.196
7.351
6.266
6.768
7.471
7.109
5.707
0.9928
0.004038
0.009372
0.02328
3.474
3.634
2.43
1.741
1.806
2.477
2.906
2.65
0.02748
6.184
10.6
12.36
11.41
7.101
2.621
1.013
0.7863
1.3
1.777
0.01539
1.914
2.383
2.801
4.324
3.21
2.692
3.18
2.436
2.925
3.395
1.834
0.02432
0.02725
2.342
5.445
6.559
6.507
6.594
5.608
5.138
5.515
5.428
4.352
0.06659
0.01476
0.4838
3.958
4.657
4.101
2.457
0.8068
0.5706
0.02532
1.424
4.26
6.137
9.414
13.94
15.95
8.425
4.171
3.282
3.731
3.807
3.463
3.821
2.475
2.87
2.983
0.01938
3.28
3.56
3.1
2.751
1.417
1.145
0.663
0.4355
0.661
0.2236
0.006562
1.868
4.105
3.46
1.997
1.641
1.821
2.111
2.668
3.65
0.00876
0.0189
1.229
3.098
3.304
2.852
1.353
0.4945
0.4265
0.02901
2.708
4.437
6.158
9.316
11.45
9.099
5.41
3.652
3.753
4.076
3.532
2.742
3.108
2.029
2.328
2.595
0.01689
2.568
2.645
2.49
2.361
1.317
1.278
0.7822
0.5721
1.041
0.1422
0.008638
2.549
4.612
4.222
2.93
2.368
2.482
2.725
3.107
4.017
0.01174
0.01709
1.438
2.076
1.95
1.814
0.7453
1.116
0.0434
0.2162
3.077
4.625
6.65
8.402
7.671
6.654
4.928
4.146
4.736
4.523
2.971
2.291
2.799
2.08
2.623
2.942
0.01967
2.576
2.474
2.462
2.248
1.38
1.602
1.04
0.8373
1.382
0.05475
0.01281
3.194
5.197
5.294
4.614
4.122
4.007
4.021
3.775
4.255
0.05855
0.009024
1.09
1.269
1.349
1.52
1.587
2.6
0.03
2.453
3.83
5.118
7.233
7.028
7.605
7.049
5.291
5.346
6.119
4.947
2.533
2.058
2.663
2.159
2.76
3.039
0.02184
2.798
2.657
2.83
2.365
1.517
1.811
1.106
1.254
1.705
0.01895
0.02752
3.674
5.831
6.564
6.708
6.716
6.33
5.625
4.24
4.016
0.3851
0.007354
0.9859
1.157
1.277
1.661
3.685
3.691
0.06489
3.488
4.329
5.508
6.436
5.811
6.843
6.068
5.675
6.869
7.364
5.203
2.333
1.73
2.522
2.071
2.619
2.857
0.02154
2.842
2.715
3.113
2.588
1.758
1.953
1.16
1.642
2.012
0.01638
0.04472
3.717
6.226
7.471
8.066
8.118
7.227
5.967
3.865
2.906
1.016
0.008291
1.12
1.521
1.733
2.409
6.246
5.333
0.06778
3.854
4.693
5.652
5.971
5.21
5.411
5.197
6.636
8.363
8.314
5.58
2.435
1.488
2.356
1.902
2.251
2.496
0.02033
2.725
2.514
2.759
2.829
2.003
2.428
1.524
1.739
2.481
0.4591
0.01082
2.141
5.65
7.344
8.008
7.732
6.512
5.054
2.815
0.9149
1.379
0.009252
1.451
2.372
2.746
3.397
7.886
6.529
0.06444
4.23
5.157
6.04
5.84
4.528
3.886
5.371
7.986
9.51
8.626
5.56
2.388
1.374
2.121
1.642
1.811
2.124
0.0176
2.474
2.29
2.544
3.166
2.334
2.981
2.035
1.714
2.897
2.367
0.01534
0.07997
3.162
4.912
5.359
4.797
3.837
2.811
1.31
0.01318
1.53
0.009854
1.8
3.259
3.679
4.081
8.066
7.035
0.05451
4.287
5.393
6.515
5.631
4.095
3.937
6.626
9.294
10.13
8.167
4.883
2.011
1.388
1.933
1.454
1.546
1.914
0.01526
2.248
2.17
2.578
3.545
2.613
3.246
2.527
1.729
3.109
3.545
0.5536
0.009032
0.112
0.1723
0.1392
0.06629
0.0322
0.02186
0.01192
0.003978
1.68
0.01071
1.75
3.564
4.244
4.58
7.442
6.785
0.0443
3.911
5.316
6.741
5.097
3.669
4.821
8.214
10.44
10.36
7.341
3.831
1.499
1.642
2.074
1.453
1.452
1.851
0.01402
2.127
2.147
2.711
3.933
2.837
3.103
2.921
1.892
3.2
4.365
3.405
0.0551
0.008654
0.008241
0.009338
0.01084
0.01541
0.0194
0.01833
0.4328
1.893
0.01189
1.278
3.124
4.146
4.419
6.554
5.69
0.03299
2.924
4.93
6.69
4.573
3.912
6.461
9.916
11.45
10.28
6.298
2.574
1.197
1.986
2.499
1.568
1.447
1.91
0.01381
2.094
2.148
2.728
4.104
2.994
3.035
3.262
2.339
2.908
4.512
5.123
3.085
0.2104
0.5998
1.77
3.038
4.161
4.525
4.039
4.361
2.195
0.01576
0.9032
2.28
3.539
3.807
5.001
3.736
0.02119
1.271
3.969
5.92
4.115
4.505
8.044
11.31
12.15
9.842
5.111
1.45
1.107
2.291
3.042
1.795
1.551
2.089
0.0145
2.081
2.113
2.482
3.967
3.136
2.966
3.446
2.997
2.452
4.115
5.696
6.323
5.783
6.387
7.398
7.532
7.881
7.975
7.236
6.013
2.178
0.0895
0.9376
1.542
2.601
2.893
3.51
2.317
0.1465
0.01882
2.331
5.063
4.105
5.23
9.256
12.3
12.56
9.332
4.3
1.075
1.073
2.506
3.452
2.004
1.686
2.255
0.01782
1.77
2.067
1.985
3.582
3.829
3.537
3.533
3.657
3.172
2.794
4.313
6.117
6.924
7.151
7.203
6.739
6.538
6.682
6.418
5.496
0.1605
0.7732
0.9268
3.258
5.053
5.668
4.473
0.6953
0.03086
0.07362
0.6026
1.493
1.934
4.398
10.87
18.65
15.75
11.48
9.101
7.738
6.573
5.463
4.709
3.334
3.533
4.732
3.169
3.524
3.052
0.7328
2.071
1.381
1.635
0.8365
0.8762
1.278
1.204
1.113
2.54
3.769
2.168
0.08505
0.006653
0.004973
0.005588
0.007875
1.878
0.02276
0.2844
0.8722
2.815
4.095
4.861
2.875
0.03834
0.02366
0.2157
0.8467
1.454
2.219
4.94
10.84
14.2
11.49
9.27
8.084
7.123
5.921
4.686
3.935
2.635
2.825
4.177
2.955
2.991
2.535
0.7094
1.895
1.346
1.721
0.8841
0.9705
1.541
1.272
1.091
2.579
3.904
3.191
0.7062
0.04971
0.01438
0.01199
0.02362
2.788
0.02955
0.2801
0.7364
1.83
2.52
3.681
0.1366
0.02563
0.09251
0.1633
0.8955
1.57
2.858
5.173
9.871
11.52
9.775
8.542
7.925
6.966
5.34
4.025
3.37
2.356
2.764
4.097
3.046
2.896
2.177
0.938
1.919
1.42
1.942
1.037
1.191
1.819
1.313
1.027
2.548
4.001
4.173
2.708
1.087
0.4373
0.3572
0.8922
3.677
0.4539
0.4835
0.5338
0.8714
1.958
2.761
0.02577
0.1156
0.4732
0.5682
1.19
2.112
3.861
6.08
10.15
10.79
9.453
8.816
8.462
7.076
4.678
3.079
2.592
2.276
2.913
4.092
3.117
2.924
1.824
1.382
2.064
1.537
2.128
1.168
1.539
2.159
1.428
1.008
2.521
4.173
5.193
5.412
5.2
4.829
4.601
4.326
4.353
1.324
0.8052
0.5699
0.8196
1.674
0.7838
0.1215
2.002
1.521
1.304
1.738
2.484
4.081
6.397
9.911
9.992
9.458
9.531
9.288
7.292
4.03
1.964
2.299
2.016
2.981
4.016
3.065
2.897
1.635
1.468
2.136
1.669
2.311
1.278
1.761
2.478
1.662
1.108
2.521
4.361
6.02
7.335
8.216
8.135
7.046
5.12
3.626
1.847
1.14
0.749
1.178
1.687
0.1161
2.99
6.203
3.194
2.38
2.361
2.47
3.826
6.318
9.027
9.377
9.823
10.46
10.22
7.829
3.965
1.416
2.212
1.777
2.897
3.825
2.928
2.88
2.25
0.3496
1.935
1.799
2.776
1.562
1.635
2.632
2.268
1.475
2.339
4.274
6.31
7.982
8.708
7.929
6.21
3.971
2.314
2.062
1.236
0.883
2.018
2.728
0.04375
6.536
8.74
4.494
3.341
3.082
2.901
4.098
6.309
8.075
9.288
10.49
11.37
10.85
8.073
3.858
1.264
1.97
1.515
2.672
3.679
2.706
2.725
2.468
0.06211
1.988
2.091
3.471
2.241
1.562
2.461
3.174
2.27
1.948
3.599
5.517
6.642
6.408
5.295
3.928
2.648
1.741
2.243
1.245
1.216
3.061
3.741
0.03124
6.683
9.762
5.16
3.721
3.341
3.468
4.915
6.615
7.895
9.851
11.36
12.08
10.87
7.384
2.866
1.325
1.499
1.274
2.487
3.654
2.516
2.532
2.496
0.02454
2.252
2.369
3.7
2.983
1.873
2.419
3.568
3.17
2.455
2.679
3.112
2.987
2.541
2.257
2.189
1.756
1.199
2.459
1.325
1.425
3.561
4.482
0.02964
5.331
9.541
5.098
3.381
2.996
3.768
5.438
6.55
8.19
10.75
12.31
12.59
10.42
5.556
1.053
1.554
1.414
1.321
2.475
3.731
2.406
2.41
2.508
0.01915
2.655
2.665
3.111
3.724
2.529
2.566
3.514
4.368
3.291
2.366
1.821
1.577
1.771
2.083
2.3
1.957
1.771
2.615
1.344
1.331
3.331
4.254
0.02767
4.478
8.008
4.375
2.546
2.58
4.729
5.664
6.502
8.909
11.85
13.29
12.94
9.716
2.687
0.143
1.471
1.727
1.591
2.482
3.882
2.374
2.366
2.514
0.01845
2.799
2.835
2.79
4.163
3.343
3.08
3.44
4.294
4.446
2.924
2.215
3.135
4.51
5.562
5.825
5.076
4.137
2.613
1.305
1.239
2.825
3.459
0.02432
3.365
5.061
3.232
1.783
2.648
4.908
5.409
6.548
9.803
12.85
14.11
13.04
8.525
0.4311
0.0214
0.9795
2.006
1.885
2.427
4.039
2.389
2.305
2.429
0.0213
2.235
2.8
2.405
3.657
3.863
3.474
3.949
4.495
5.145
5.132
5.868
7.675
8.578
8.914
8.556
7.156
5.219
1.644
1.265
1.211
2.245
2.461
0.0181
2.527
2.681
2.456
1.786
2.911
4.609
4.75
6.374
10.4
13.55
14.66
12.99
7.309
0.1695
0.0158
0.7746
2.194
2.034
2.378
4.102
2.452
2.12
2.254
0.1446
0.2021
2.906
3.259
2.652
3.457
3.88
3.928
5.076
6.348
6.947
7.301
7.67
7.705
7.661
7.502
6.487
4.801
1.81
0.1442
1.101
3.582
5.265
6.296
6.167
5.802
3.412
0.8558
0.4558
1.019
0.6697
1.021
0.08371
10.56
15.47
15.5
14.61
13.23
11.45
9.364
7.208
5.054
4.441
4.838
4.131
5.062
6.049
4.437
3.358
0.01674
1.346
0.9635
1.581
1.898
1.231
0.9889
2.323
3.558
3.161
1.642
1.23
1.235
1.28
1.058
1.889
1.183
0.2311
1.409
3.631
4.742
6.348
6.193
4.373
1.562
0.2576
0.4946
0.7753
0.7784
0.4949
0.1097
9.243
12.38
13.02
12.86
11.96
10.39
8.201
5.525
3.095
2.905
3.902
3.847
4.539
5.494
4.184
3.192
0.01754
1.404
1.008
1.631
1.929
1.081
0.8005
2.021
3.238
3.298
2.111
1.786
1.702
1.674
1.423
2.756
0.9493
0.568
1.253
2.34
0.7743
4.972
5.165
2.73
0.6173
-0.08396
0.3908
0.6493
1.238
0.09012
0.5144
7.752
10.52
11.63
11.89
11.2
9.583
6.914
3.255
1.525
2.271
3.121
3.714
4.311
5.156
4.149
3.188
0.02134
1.517
1.117
1.803
1.985
0.9131
0.616
1.685
2.884
3.395
2.987
3.031
2.945
2.776
2.698
3.71
0.9093
1.164
1.046
0.1067
0.0239
3.001
3.876
1.883
0.4523
0.01907
0.3748
1.033
2.077
0.05268
3.195
8.317
10.3
11.38
11.73
10.89
8.732
3.869
0.1823
0.3713
1.874
2.509
3.478
4.24
4.955
4.233
3.277
0.03069
1.626
1.244
2.096
2.148
0.869
0.5176
1.402
2.602
3.55
4.099
5.134
5.911
5.938
5.224
4.477
1.441
1.815
1.185
0.01152
0.01375
1.407
2.468
2.098
1.065
0.6894
0.9331
1.187
1.673
0.04202
5.462
8.829
10.53
11.69
12.1
10.93
7.853
0.3748
0.01195
0.01721
1.612
2.118
3.175
4.218
4.923
4.214
3.274
0.03204
1.752
1.326
2.205
2.421
1.125
0.6015
1.277
2.476
3.871
5.402
7.361
8.608
7.907
5.854
3.567
1.897
2.364
1.034
0.01786
0.1057
0.02539
2.17
3.655
2.649
2.239
1.854
0.7355
0.1615
0.05925
5.64
8.974
10.88
12.26
12.8
11.5
7.772
0.07265
0.00936
0.006897
1.309
1.704
2.795
4.111
5.215
3.862
3.038
0.0149
2.087
1.587
1.887
2.696
1.948
0.9918
1.317
2.541
4.398
6.874
8.905
8.735
6.868
4.17
1.832
2.027
2.219
0.2452
0.1996
2.448
0.01875
2.912
5.586
4.377
3.808
3.083
1.084
0.01641
0.6931
5.833
9.538
11.52
13
13.5
12
7.321
0.03303
0.01112
0.005373
0.5868
1.458
2.368
3.839
5.201
3.673
2.969
0.02438
2.668
2.542
1.666
2.409
2.899
1.88
1.594
2.706
4.792
6.716
6.82
5.534
3.681
2.305
1.984
1.987
1.798
0.04127
1.512
4.855
0.4017
1.396
6.314
5.372
4.584
3.567
0.6273
0.01698
2.648
6.87
10.69
12.49
13.83
13.92
11.76
4.67
0.02162
0.02466
0.006927
0.09849
1.389
2.057
3.478
4.972
3.624
3.143
0.2653
2.242
3.284
2.317
2.302
3.321
3.163
2.479
2.887
3.686
3.451
2.619
2.185
2.597
2.484
1.916
2.059
1.722
0.01714
2.621
6.175
2.656
0.03941
5.812
5.262
4.263
2.701
0.03167
0.07377
2.885
7.497
11.74
13.51
14.65
14.14
10.71
0.8684
0.01869
0.1419
0.02238
0.01746
1.495
1.893
3.226
4.786
3.709
3.605
2.182
0.218
3.47
3.402
2.497
3.118
4.298
3.88
3.039
2.261
1.662
2.592
3.468
3.899
3.391
2.413
2.188
1.807
0.01277
2.849
6.001
3.102
0.0257
4.814
4.419
2.933
0.3535
0.01631
0.9435
3.621
8.688
12.9
14.64
15.55
14.54
9.727
0.07489
0.06073
0.6597
0.1536
0.008778
1.726
1.85
3.145
4.687
3.768
3.797
3.437
0.02441
3.21
4.299
3.913
2.971
3.658
4.34
3.134
2.193
4.195
6.245
7.264
7.169
5.935
3.964
2.324
2.022
0.01247
2.616
4.869
2.875
0.4089
1.803
2.378
0.5968
0.01378
0.08621
1.697
4.667
10.21
13.94
15.68
16.37
14.84
8.758
0.02838
0.4985
1.372
0.7904
0.008607
1.909
1.795
3.028
4.549
3.837
3.632
3.491
0.02783
0.6334
3.446
4.617
4.6
3.935
4.446
4.645
6.435
9.181
10.17
10.26
9.464
7.425
4.411
2.126
2.103
0.01108
1.974
3.346
2.856
1.835
0.01582
0.01406
0.007658
0.09503
1.555
2.53
5.435
11.34
14.66
16.48
16.94
14.61
7.817
0.02415
0.7233
1.654
1.075
0.008781
1.783
1.566
2.637
4.276
4.343
3.189
3.802
2.613
0.02357
0.04956
2.424
4.565
6.309
7.531
8.192
8.857
8.928
8.622
8.267
7.867
6.448
3.645
2.695
0.03196
0.0317
3.034
4.451
5.235
4.385
5.419
4.68
3.565
2.981
1.983
0.03623
0.05864
0.2595
1.206
8.217
13.01
15.4
16.07
15.4
13.68
11.19
7.365
2.76
3.176
3.684
5.289
6.785
6.726
6.455
3.496
2.396
0.01588
0.1615
1.951
1.626
1.519
2.918
3.621
3.248
1.491
1.235
1.482
1.74
1.935
2.523
2.617
0.009843
0.009155
3.118
5.121
5.63
4.968
4.29
3.163
2.48
2.389
0.5258
0.02677
0.1411
0.4897
2.82
8.371
12.19
14.4
15.14
14.56
12.65
9.435
3.071
0.1033
0.7353
2.482
4.071
5.977
6.33
6.225
3.409
2.353
0.01342
0.2112
1.932
1.401
1.215
2.251
2.918
2.983
1.599
1.828
2.306
2.808
2.901
3.44
2.142
0.3627
0.01097
2.622
3.61
4.585
4.717
3.022
2.072
1.627
1.352
0.04052
0.03103
0.5513
0.8719
3.687
8.182
11.58
13.7
14.51
14.01
11.79
7.544
0.3024
0.01108
0.03517
1.843
3.282
5.478
6.135
6.178
3.427
2.363
0.01142
0.3884
1.952
1.121
0.8849
1.571
2.221
2.65
1.939
2.874
3.958
4.61
4.406
4.462
0.04788
1.454
0.02313
1.941
1.803
2.51
3.584
2.361
1.629
0.9487
0.09998
0.01619
0.05905
1.157
1.895
4.892
8.624
11.6
13.59
14.4
13.97
10.92
5.739
0.02726
0.007167
0.006452
1.382
2.878
5.163
6.06
6.258
3.522
2.408
0.01064
0.79
2.089
0.9582
0.629
0.9994
1.606
2.264
2.449
4.655
6.984
7.638
6.743
5.329
0.0182
2.092
0.06881
1.774
1.322
1.858
2.685
2.286
1.796
0.5123
0.01996
0.01457
0.1167
0.9596
2.148
5.53
9.062
11.92
13.92
14.75
14.36
9.534
4.654
0.01244
0.02715
0.004943
0.8251
2.602
4.905
5.926
6.295
3.626
2.52
0.01142
0.7971
2.274
1.25
0.617
0.723
1.202
2.143
3.586
7.56
10.25
9.757
7.542
3.938
0.03587
2.771
1.647
1.737
1.5
0.9433
2.245
2.911
3.042
2.897
1.362
0.04148
0.01985
0.02836
0.8562
5.179
9.15
12.26
14.47
15.4
14.83
9.211
3.829
0.0124
0.1316
0.006995
0.2669
2.24
4.683
5.596
6.156
3.713
2.892
0.152
0.01651
2.011
2.164
1.027
0.7809
1.346
2.9
7.153
10.85
10.99
8.755
5.138
0.06806
0.09981
2.831
2.709
0.2997
2.019
1.037
2.849
4.374
4.757
5.298
4.689
1.387
0.02411
0.006174
0.3191
5.209
9.465
12.81
15.17
16.11
14.86
8.759
2.885
0.01701
0.4255
0.02985
0.02858
1.844
4.265
5.242
6.078
4.001
3.778
2.429
0.01447
0.2261
2.44
2.005
1.389
2.177
5.649
9.075
9.229
6.995
2.339
0.1094
0.009669
0.2619
2.395
2.485
0.01765
3.032
2.143
3.248
5.356
6.109
6.596
6.461
4.126
0.05379
0.008618
0.2489
5.834
10.21
13.64
15.92
16.61
13.53
7.318
1.364
0.03953
0.6652
0.1738
0.005628
1.462
3.697
4.906
6.028
4.701
4.342
4.035
0.7289
0.0127
1.309
3.082
2.822
4.305
6.496
5.76
1.736
0.03761
0.0181
0.01825
0.1678
0.5173
2.392
2.296
0.01482
3.888
3.79
3.092
5.315
6.314
6.749
6.577
4.225
0.1946
0.009059
0.326
6.645
11.17
14.61
16.64
16.71
10.93
5.114
0.2095
0.1826
0.743
0.5263
0.003637
1.204
3.208
4.669
5.93
6.151
4.398
4.744
3.67
0.09903
0.01997
2.431
4.598
5.043
3.913
0.134
0.02173
0.1212
1.54
2.729
2.058
0.8132
2.571
2.304
0.05855
3.883
3.726
2.551
5.024
5.887
6.109
5.061
2.606
0.4537
0.01406
0.8668
7.832
12.42
15.74
17.32
16.25
8.842
3.748
0.03174
0.8665
0.8384
0.9947
0.004102
1.14
2.925
4.485
5.739
6.849
4.71
4.957
5.432
3.526
0.04768
0.02714
2.443
3.114
0.04801
0.0433
2.812
6.067
7.247
6.683
3.994
1.133
2.922
2.371
0.9416
3.307
3.164
2.421
4.133
4.584
4.246
3.196
1.791
0.7201
0.02077
2.772
9.48
13.85
16.83
17.74
15.22
7.251
3.213
0.01828
1.781
1.04
1.391
0.006169
0.9197
2.653
4.25
5.387
6.768
5.295
4.301
5.335
5.746
3.715
0.06695
0.02765
0.04603
0.1233
5.462
8.773
9.99
9.787
8.05
3.927
0.713
2.926
1.953
1.617
0.2957
2.466
2.859
3.062
2.557
2.207
1.876
2.17
1.648
0.02807
4.793
10.86
15.07
17.66
17.75
14.17
6.362
2.893
0.01707
1.99
1.156
1.465
0.01081
0.2884
2.158
3.964
4.773
6.152
6.693
5.212
4.009
5.13
6.155
5.961
6.035
6.467
7.926
9.448
9.797
9.691
9.089
6.903
0.6507
2.844
1.194
1.546
2.879
3.496
5.183
0.03856
2.551
4.419
5.772
6.318
6.254
5.585
5.029
4.812
4.321
6.557
10.72
14.37
16.6
17.41
16.93
15.48
12.73
8.119
2.401
0.3563
2.722
5.941
7.58
7.555
5.567
4.822
3.011
1.912
2.455
1.022
0.009405
1.987
3.745
4.239
0.5898
0.01324
0.006613
0.01971
0.332
2.417
3.766
1.787
1.327
2.769
4.628
5.397
0.1867
1.859
3.483
4.965
6.219
5.784
4.902
4.248
4.118
4.479
7.181
10.94
14.17
16.25
17.05
16.5
14.87
10.88
5.542
0.3212
0.02099
0.9842
4.491
6.705
7.016
5.187
4.509
2.783
1.846
2.295
0.6339
0.007369
1.536
2.969
3.645
0.1807
0.0101
0.01881
0.6824
2.705
3.742
3.727
2.127
1.298
1.826
3.553
4.208
2.981
2.08
3.22
4.513
5.707
5.123
4.059
3.802
3.739
4.713
7.518
10.97
13.94
15.92
16.7
15.95
13.87
8.686
4.098
0.03038
0.004892
0.1808
3.481
6.035
6.682
4.99
4.35
2.655
1.902
2.144
0.2232
0.005698
1.117
2.235
3.067
0.09122
0.01253
0.2034
3.381
5.059
4.96
2.865
2.575
1.537
1.655
1.783
0.05421
2.317
2.237
3.135
3.767
4.604
4.25
3.375
3.454
3.614
5.176
7.988
11.21
14
15.9
16.62
15.18
12.1
6.712
3.087
0.00883
0.003424
0.03135
2.771
5.573
6.548
4.989
4.381
2.672
2.116
2.117
0.04104
0.006205
0.6707
1.475
2.387
0.07812
0.02075
1.705
6.483
7.293
6.17
2.5
2.884
1.91
1.857
1.504
0.01331
1.737
2.193
2.951
3.159
3.965
3.686
2.963
3.084
3.366
5.32
8.279
11.51
14.31
16.22
16.81
14.16
10.51
5.101
2.344
0.006948
0.003302
0.01455
2.289
5.2
6.487
5.105
4.589
2.899
2.334
2.31
0.02985
0.008632
0.4267
0.7457
1.564
0.04693
0.06357
5.901
9.21
8.69
6.42
2.54
3.001
2.724
2.176
1.814
0.007698
1.533
2.141
3.071
4.731
5.278
4.208
2.906
2.656
2.788
4.868
8.216
11.72
14.74
16.74
17.14
13.77
9.548
4.362
1.913
0.008158
0.009589
0.008617
1.982
4.767
6.354
5.247
4.959
3.555
2.345
2.862
1.618
0.007404
0.07095
0.6305
0.03205
0.1307
6.326
10.09
10.21
8.28
4.396
2.531
1.899
2.808
1.712
1.87
0.01792
2.001
3.374
4.573
6.436
6.79
5.607
3.607
2.841
2.724
4.662
8.301
12.08
15.32
17.35
17.3
13.45
8.66
3.704
1.361
0.0083
0.0329
0.006971
1.434
4.128
6.135
5.448
5.435
5.077
3.359
2.798
2.971
0.5667
0.006715
0.021
0.1046
5.732
9.512
9.92
7.712
4.89
2.277
2.236
0.09215
2.102
1.329
2.151
0.5122
2.684
4.628
6.149
7.267
7.546
6.79
4.558
3.521
3.051
4.889
8.731
12.73
16.04
17.9
16.74
12.61
7.383
2.967
0.6308
0.01306
0.125
0.007028
0.5898
3.24
5.779
5.834
5.873
6.138
4.775
3.273
3.558
3.128
0.1707
0.04162
4.486
7.721
7.297
5.538
3.788
2.559
1.881
1.742
0.0164
1.86
1.355
2.875
2.787
3.143
5.112
6.487
7.204
7.279
6.492
4.937
4.205
3.427
5.381
9.431
13.62
16.84
18.18
15.37
11.15
6.014
2.524
0.1458
0.06366
0.264
0.01389
0.08261
2.537
5.322
6.451
6.061
6.506
6.51
4.696
3.542
4.493
4.536
4.084
6.781
5.722
4.079
3.276
3.753
4.14
3.497
1.408
0.02083
1.84
1.513
3.22
3.209
0.6732
4.188
5.722
6.313
6.052
5.566
5.319
4.787
3.952
6.229
10.46
14.71
17.58
18.03
14.02
9.913
5.319
2.674
0.02491
0.4513
0.3804
0.08864
0.009795
2.189
4.868
6.677
6.258
6.565
7.193
6.802
4.93
3.958
5.136
6.203
5.36
3.575
4.461
6.035
7.077
7.079
5.454
1.591
0.1899
1.866
1.881
3.269
2.775
0.01992
3.074
4.316
4.655
4.567
4.89
5.697
4.896
4.631
7.421
11.76
15.81
18.07
17.45
12.83
9.089
4.972
2.966
0.01095
1.118
0.5144
0.2895
0.004573
1.9
4.417
6.488
6.471
6.227
6.822
7.351
6.951
5.177
4.439
4.476
3.701
5.316
7.295
8.66
9.215
8.622
5.847
1.958
2.539
1.965
2.261
2.586
2.687
1.305
2.238
2.574
2.822
3.317
4.688
6.079
4.76
5.03
8.063
12.75
16.6
18.2
16.65
11.8
8.329
4.603
2.97
0.01108
1.133
0.6248
0.2888
0.003417
1.463
3.73
5.953
6.991
6.583
6.101
6.588
7.066
6.902
6.881
7.108
7.4
7.934
8.501
8.952
9.161
8.491
4.405
2.159
1.511
1.948
3.112
0.03776
4.896
2.99
0.07539
0.01995
1.186
3.152
3.783
4.026
4.758
5.566
6.357
7.644
10.45
13.7
16.31
17.96
18.34
17.64
15.83
12.94
9.08
4.766
0.6099
1.495
5.589
7.023
6.38
5.8
4.416
3.492
3.827
3.577
2.238
2.65
1.773
5.637
5.238
3.401
2.068
1.424
1.437
2.087
2.963
1.791
2.468
3.028
2.803
5.761
2.494
0.02053
0.01177
0.2436
2.714
3.487
3.751
4.232
4.726
5.905
7.534
10.4
13.52
16.12
17.83
18.14
17.16
14.41
10.68
6.303
2.78
0.07661
0.3137
4.287
6.121
5.657
5.154
3.843
3.036
3.318
2.816
1.691
1.809
0.5512
4.832
4.746
3.123
2
2.008
2.831
3.177
3.089
2.19
2.105
0.04217
3.036
5.327
3.345
0.01651
0.01767
0.01941
1.826
2.864
3.243
3.68
4.113
5.635
7.445
10.34
13.34
15.92
17.6
17.73
16.32
12.59
8.766
4.359
1.695
0.01191
0.0506
3.535
5.585
5.219
4.743
3.459
2.748
2.883
2.033
1.108
0.7371
0.06502
3.56
4.37
3.052
2.297
3.559
4.647
4.456
2.915
2.767
2.092
0.07049
2.267
3.214
2.537
0.03097
0.3677
0.009995
0.3682
1.983
2.621
3.16
3.685
5.513
7.479
10.43
13.38
15.93
17.53
17.21
15.13
10.99
7.347
3.322
0.7186
0.003643
0.01129
3.202
5.367
5.078
4.644
3.392
2.773
2.75
1.611
0.763
0.05365
0.009551
1.537
3.852
2.975
3.372
5.63
6.533
5.706
2.762
2.953
2.402
1.816
2.555
2.328
1.917
0.215
1.116
0.0148
0.06502
1.508
2.282
2.872
3.413
5.37
7.535
10.61
13.64
16.2
17.67
16.69
14.09
9.804
6.393
2.754
0.1196
0.001436
0.005115
2.98
5.267
5.127
4.834
3.688
3.067
2.977
1.631
0.7846
0.009015
0.005716
0.5586
3.244
2.707
5.3
7.656
7.836
6.16
3.016
3.245
2.959
2.688
3.356
2.063
1.689
0.01334
0.01284
0.04209
1.701
2.464
2.732
2.92
3.403
5.197
7.649
10.84
14.05
16.67
17.99
16.53
13.47
9.145
5.857
2.471
0.05143
0.001244
0.003331
2.49
5.022
5.211
5.222
4.375
3.499
3.467
2.735
1.515
0.6906
0.1106
2.298
2.534
5.109
7.874
8.77
7.755
5.034
3.365
3.05
2.567
1.936
2.87
1.715
2.052
1.553
0.2196
2.74
4.139
4.174
3.548
3.229
3.926
5.296
7.977
11.22
14.63
17.26
18.29
16.42
12.9
8.603
5.365
2.235
0.02037
0.001783
0.002343
1.557
4.473
5.232
5.703
5.578
4.593
4.077
3.984
2.977
2.369
1.985
2.364
4.609
7.246
8.351
7.51
5.693
3.6
3.251
2.332
1.688
0.8232
2.106
1.759
2.995
3.648
4.169
5.508
5.863
5.284
4.209
3.83
4.457
5.61
8.48
11.85
15.38
17.88
18.22
15.95
12.03
7.978
4.745
2.051
0.008867
0.006714
0.001556
0.3984
3.57
5.16
6.069
6.542
5.911
5.003
4.906
4.852
3.861
2.826
4.308
6.254
6.771
6.088
5.118
4.117
3.132
0.8331
1.64
1.281
0.1893
2.045
2.827
4
4.827
5.658
6.165
5.9
4.956
4.174
4.505
4.824
6.051
9.135
12.7
16.25
18.41
17.68
15.02
10.93
7.417
4.17
1.969
0.005269
0.0421
0.002513
0.0314
2.778
5.147
6.239
7.05
7.179
6.234
5.508
5.753
5.843
5.618
6.349
6.037
5.348
4.856
4.957
5.038
4.415
0.03255
1.326
1.298
0.02645
2.208
3.484
3.184
4.246
5.174
5.416
4.878
4.343
4.541
5.316
5.261
6.746
10.04
13.78
17.09
18.63
16.95
14.02
10.03
7.148
3.827
2.031
0.004997
0.1936
0.03378
0.004556
2.262
5.047
6.287
7.189
7.762
7.542
6.514
5.89
6.245
6.664
6.163
5.289
5.531
6.36
7.16
7.386
6.38
0.0194
1.56
1.521
0.0105
2
2.895
1.994
3.309
3.938
3.858
3.44
3.751
5.219
5.571
5.696
7.666
11.03
14.87
17.72
18.44
16.09
13.09
9.285
6.943
3.615
2.08
0.007943
0.297
0.1574
0.00267
1.871
4.668
6.166
6.97
7.612
7.913
7.581
6.588
6.087
5.955
5.499
5.997
7.112
8.178
8.906
8.875
7.279
0.5501
2.632
2.172
0.0334
1.426
2.579
2.324
2.541
2.536
2.441
2.751
4.478
5.714
5.369
5.86
8.209
11.7
15.62
18.05
17.91
15.12
12.1
8.529
6.564
3.418
1.977
0.006303
0.2357
0.1672
0.002851
1.179
3.887
5.937
6.811
7.166
7.52
7.653
7.425
7.307
7.353
7.414
7.745
8.288
8.897
9.413
9.352
7.324
1.964
1.949
0.4126
3.3
1.146
3.243
3.199
1.783
1.364
1.067
1.264
1.547
1.279
0.2703
0.1005
2.55
5.162
8.511
12.18
15.17
17.56
18.65
18.54
17.36
15.24
12.25
9.09
5.812
3.927
4.064
5.893
6.239
6.227
5.725
5.283
5.291
4.997
4.173
4.657
4.923
6.173
6.191
4.881
3.42
2.363
1.833
1.739
2.582
0.1399
2.377
3.675
1.992
4.369
3.549
2.644
2.047
1.091
1.21
1.475
1.421
0.5026
0.05131
2.238
4.581
7.991
11.53
14.72
17.41
18.56
18.22
16.37
13.54
9.949
6.772
3.769
1.98
2.418
4.598
5.176
5.289
4.86
4.45
4.371
3.872
3.143
3.627
3.759
5.326
5.693
4.668
3.427
2.86
2.922
2.748
2.453
0.03505
2.546
2.418
1.137
4.331
4.742
4.032
2.375
1.1
1.036
1.123
1.297
0.7569
0.02536
2.089
4.257
7.731
11.13
14.41
17.21
18.31
17.64
15.14
11.99
8.217
5.161
2.274
0.7504
1.234
3.658
4.414
4.611
4.214
3.783
3.493
2.631
1.856
2.099
2.356
4.065
4.939
4.384
3.627
3.997
4.522
4.163
2.372
2.003
2.764
2.005
0.1298
2.63
3.562
3.743
2.702
1.483
0.698
0.7172
0.9936
0.8911
0.01451
1.993
4.1
7.7
11.04
14.4
17.19
18.05
16.95
14.06
10.81
7.2
4.023
1.283
0.1347
0.4555
3.011
3.966
4.306
3.999
3.586
3.117
1.93
0.9941
0.913
1.16
2.607
3.845
3.972
4.243
5.561
6.226
5.584
2.309
2.383
2.562
2.285
0.04898
1.927
2.796
3.365
2.958
1.711
0.482
0.5726
0.91
0.9486
0.01226
1.875
4.083
7.821
11.26
14.69
17.42
17.89
16.38
13.25
10.03
6.64
3.288
0.84
0.01163
0.1083
2.579
3.758
4.344
4.236
3.897
3.392
2.045
0.9309
0.5089
0.2134
1.437
2.733
3.606
5.407
7.176
7.526
6.437
2.705
2.807
3.06
2.99
2.997
2.742
3.063
2.794
1.969
0.7983
0.7327
1.256
1.486
0.6986
0.08593
1.857
4.502
8.093
11.77
15.22
17.84
17.96
16.06
12.78
9.551
6.294
3.002
0.74
0.004727
0.02425
2.224
3.66
4.596
4.815
4.559
4.188
3.14
1.84
1.297
0.8653
1.978
2.979
5.033
7.274
8.276
7.849
6.22
3.41
2.837
2.388
2.105
3.037
1.379
2.101
1.853
1.635
1.749
2.617
3.057
2.514
0.06868
0.939
2.356
5.33
8.578
12.52
15.96
18.3
18.04
15.77
12.4
9.146
6.017
2.845
0.6548
0.00233
0.004802
1.784
3.549
4.919
5.647
5.589
5.253
4.627
3.435
2.701
2.3
3.223
4.82
6.899
8.058
7.881
6.852
5.357
4.116
2.668
1.679
1.361
2.031
0.01552
1.827
2.236
3.211
4.299
4.702
4.31
2.756
0.01317
1.378
2.71
6.016
9.252
13.45
16.83
18.56
17.85
15.24
11.92
8.631
5.738
2.76
0.607
0.001687
0.0007527
1.13
3.321
5.118
6.31
6.616
6.379
6.06
5.465
4.652
4.183
5.418
6.7
7.365
7.245
6.731
5.995
5.071
3.723
2.294
1.62
1.398
1.933
0.1975
2.532
3.663
4.653
5.274
5.075
3.83
0.5585
0.02712
1.302
3.058
6.661
10.15
14.57
17.75
18.5
17.28
14.43
11.32
8.028
5.441
2.657
0.5788
0.001264
-0.0002421
0.4344
2.992
5.105
6.609
7.365
7.333
7.089
6.999
6.879
6.859
7.425
7.383
7.087
6.79
6.719
6.662
6.285
2.842
1.95
1.822
1.519
1.962
2.399
2.651
3.792
4.617
4.842
4.122
2.585
0.01727
1.08
2.048
4.026
7.723
11.5
15.7
18.39
18.15
16.49
13.57
10.75
7.476
5.175
2.439
0.2603
0.001032
-0.000161
0.04953
2.548
4.877
6.555
7.6
7.926
7.715
7.531
7.682
7.892
7.738
7.306
7.262
7.566
8.023
8.317
8.004
1.897
1.746
1.913
1.352
1.534
2.001
0.0537
2.494
3.402
3.19
1.996
0.1024
0.05805
1.468
2.758
5.371
8.78
12.95
16.65
18.56
17.53
15.58
12.7
10.17
6.976
4.9
2.152
0.02891
0.002874
-0.002655
0.005119
2.12
4.551
6.247
7.342
7.883
7.941
7.665
7.539
7.522
7.335
7.429
7.881
8.503
9.091
9.215
8.174
1.51
1.455
2.145
1.261
1.246
2.138
0.997
1.808
1.811
1.217
0.02987
0.05
1.32
2.131
3.406
6.335
9.58
14.07
17.35
18.33
16.81
14.58
11.77
9.495
6.495
4.596
2.009
0.03769
0.002093
-0.005729
0.002082
1.457
4.057
5.797
6.836
7.423
7.671
7.692
7.731
7.814
7.873
8.077
8.497
9.107
9.747
9.894
8.488
0.02758
2.215
2.015
2.9
1.94
2.889
3.013
0.06046
0.01225
0.00343
0.003825
0.007541
0.01177
0.009094
-8.491e-05
0.0002229
0.8635
4.798
9.394
12.92
16.32
18.19
18.73
18.16
16.62
14.21
11.39
8.239
6.076
5.378
5.65
5.984
6.313
6.481
6.546
6.644
6.522
6.153
6.433
6.826
7.706
7.861
6.89
5.463
4.143
3.09
2.213
2.453
2.043
2.279
3.096
2.359
3.721
3.231
0.04322
1.075
0.1907
0.01034
0.006138
0.009308
0.008168
0.0003045
-0.0005618
0.3982
3.932
7.984
11.81
15.88
18.08
18.56
17.55
15.43
12.45
9.34
6.189
4.064
3.579
4.107
4.68
5.197
5.463
5.503
5.429
5.013
4.477
4.71
5.37
6.892
7.583
6.958
5.751
4.752
4.062
3.243
2.477
1.802
2.233
2.77
2.438
3.948
4.017
3.438
2.684
1.41
0.3111
0.009835
0.007676
0.007601
0.003782
-0.001301
0.1695
3.425
7.132
11.18
15.48
17.85
18.2
16.76
14.24
10.96
7.718
4.652
2.616
2.195
2.874
3.645
4.323
4.644
4.58
4.175
3.21
2.201
2.122
2.924
5.006
6.529
6.659
6.005
5.632
5.353
4.644
1.581
1.678
1.5
2.938
2.654
2.886
0.6742
3.05
2.906
2.033
0.9792
0.04587
0.006363
0.007181
0.01954
-0.002683
0.06949
3.245
6.824
11.07
15.42
17.75
17.81
16.01
13.27
9.902
6.509
3.528
1.592
1.141
1.917
2.92
3.848
4.316
4.247
3.628
2.233
0.8002
0.5119
0.6896
2.333
4.588
5.959
6.313
6.692
6.696
5.996
1.131
1.339
0.8772
2.692
2.715
2.378
0.02291
2.364
2.7
1.941
0.8584
0.04918
0.005303
0.01013
0.1
0.00604
0.05785
3.331
6.979
11.34
15.71
17.85
17.52
15.45
12.59
9.232
5.702
2.781
0.9843
0.4549
1.226
2.477
3.743
4.475
4.553
3.964
2.448
0.7625
0.1046
0.004543
0.6087
2.667
5.299
6.846
7.752
7.785
7.017
1.538
1.725
2.619
2.765
3.79
3.291
2.087
2.374
1.784
0.6327
0.006253
0.008466
0.2007
0.6855
0.3482
0.03194
0.5529
3.786
7.692
11.93
16.25
18.15
17.43
15.13
12.18
8.855
5.326
2.482
0.7831
0.1392
0.7485
2.209
3.836
4.912
5.242
4.882
3.559
1.678
0.5605
0.02203
1.285
3.702
6.175
7.88
8.502
8.191
7.238
2.54
2.212
2.112
0.3832
2.827
2.629
1.826
0.0356
0.09516
0.005972
0.1369
1.738
2.874
1.572
0.5015
0.02957
1.669
4.253
8.692
12.83
16.9
18.45
17.35
14.9
11.9
8.642
5.182
2.393
0.7365
-0.01944
0.3446
1.946
3.924
5.422
6.112
6.068
5.203
3.517
1.982
0.4292
3.112
5.602
7.52
8.444
8.343
7.586
6.447
3.319
2.654
1.387
0.011
2.064
2.029
1.671
0.1101
0.02698
1.574
3.17
4.462
4.104
1.566
0.4066
0.008929
2.23
4.755
9.789
13.99
17.49
18.51
17.07
14.56
11.58
8.48
5.17
2.437
0.7486
-0.03563
0.04378
1.603
3.863
5.728
6.798
7.133
6.843
5.868
4.683
3.424
6.403
7.614
8.214
8.187
7.732
7.03
6.128
3.138
2.561
1.397
0.03577
1.762
1.984
2.248
2.303
2.958
4.089
5.063
5.2
3.215
0.8454
0.1718
0.007429
2.441
5.529
11.19
15.54
17.97
18.24
16.5
14.05
11.13
8.28
5.171
2.48
0.696
-0.004015
-0.0007354
1.259
3.622
5.664
7.058
7.748
7.952
7.888
7.818
7.822
8.704
8.657
8.409
8.1
7.872
7.736
7.572
2.437
2.291
1.693
1.181
1.714
2.429
2.952
3.193
3.929
4.789
4.969
4.26
1.835
0.5554
0.3384
0.02756
2.926
6.951
12.53
16.81
18.23
17.68
15.74
13.4
10.6
8.012
5.093
2.348
0.5382
2.861e-06
-0.0006457
0.7203
3.13
5.269
6.869
7.766
8.17
8.395
8.719
9.026
9.055
8.731
8.534
8.558
8.794
9.141
9.363
1.696
2.073
1.757
1.632
1.306
2.229
2.281
2.885
3.601
3.862
3.478
2.117
0.5454
0.408
0.4126
1.225
4.138
9.053
13.86
17.51
18.02
16.87
14.85
12.65
9.986
7.656
4.924
2.189
0.3734
0.000337
-0.0006925
0.2683
2.537
4.738
6.341
7.259
7.731
7.96
8.176
8.356
8.333
8.31
8.48
8.859
9.331
9.467
8.527
1.554
1.99
1.693
1.219
0.01127
1.629
1.706
2.42
2.513
2.26
1.495
0.8305
0.6553
0.6932
0.01398
2.023
4.944
10.83
15.32
17.71
17.42
15.93
13.87
11.79
9.316
7.222
4.716
2.158
0.3564
0.0003213
-0.001032
0.01962
2.002
4.081
5.63
6.548
7.02
7.293
7.514
7.683
7.78
7.963
8.375
9.091
10.01
10.59
9.879
2.201
0.3506
1.468
2.421
2
2.534
4.024
3.485
1.864
1.223
1.394
2.147
2.164
1.439
0.9078
0.5223
0.05575
0.06501
4.463
9.373
14.29
17.02
18.3
18.43
17.56
15.8
13.41
10.6
8.21
6.684
6.047
5.908
6.204
6.77
7.335
7.772
7.936
7.867
8.138
8.783
9.688
9.742
8.819
7.396
5.921
4.546
3.212
2.551
0.5932
1.75
2.579
0.2963
2.711
3.658
3.419
2.479
1.689
1.396
1.805
2.131
1.357
0.7118
0.3871
0.003402
0.009518
2.801
7.704
13.41
16.71
18.15
18.08
16.77
14.5
11.71
8.689
6.213
4.8
4.381
4.5
5.07
5.815
6.344
6.527
6.234
5.662
5.587
6.625
8.836
9.678
9.178
7.94
6.625
5.443
4.262
1.647
0.7122
2.473
2.615
0.03753
2.576
3.68
4.338
3.561
2.668
1.909
1.755
2.165
1.481
0.7531
0.4657
0.001161
0.004174
1.89
6.84
12.57
16.33
17.88
17.57
15.91
13.3
10.24
7.103
4.582
3.248
3.013
3.359
4.178
5.021
5.401
5.132
4.028
2.428
1.54
1.808
5.457
7.989
8.753
8.179
7.298
6.399
5.416
0.8289
0.4681
2.53
2.313
2.388
3.432
3.178
3.332
3.42
2.991
2.313
1.851
1.87
1.636
0.9453
0.6085
0.001056
0.003121
1.479
6.516
12.28
16.22
17.67
17.09
15.17
12.35
9.076
5.862
3.312
2.026
1.949
2.548
3.708
4.722
5.092
4.611
3.041
0.9013
0.00913
0.0034
0.3772
4.152
7.34
8.082
7.901
7.31
6.457
0.8373
0.07886
1.754
0.0246
2.035
3.139
2.295
2.413
2.952
2.797
2.187
1.716
1.62
1.796
1.317
0.6351
0.001297
0.003439
1.46
6.625
12.5
16.47
17.62
16.74
14.64
11.71
8.283
5.013
2.485
1.189
1.189
2.045
3.586
4.846
5.398
5.057
3.51
1.18
0.000477
0.009991
0.0009438
0.6142
5.709
7.906
8.398
8.064
7.444
1.407
0.01575
1.96
0.08466
2.046
2.888
2.843
2.988
2.652
2.041
1.414
1.251
1.987
2.174
1.614
0.03876
0.003347
0.004846
2.134
7.162
13.11
16.97
17.73
16.56
14.34
11.35
7.882
4.601
2.088
0.7017
0.6542
1.693
3.549
5.085
5.948
5.954
4.692
2.223
0.01793
0.002206
0.01243
2.69
6.403
8.309
8.746
8.361
7.855
2.686
0.3735
1.34
0.28
0.9638
2.011
2.39
2.484
1.595
1.13
1
1.994
3.475
2.737
1.715
0.004561
0.01438
0.005688
3.112
7.946
13.85
17.46
17.81
16.44
14.14
11.17
7.732
4.469
1.938
0.3958
0.2005
1.273
3.346
5.214
6.491
6.977
6.36
4.47
1.362
0.003677
1.041
4.951
7.549
8.645
8.571
7.793
6.75
3.496
2.326
0.1627
0.3572
0.01307
1.446
2.156
1.989
1.205
1.383
2.426
4.231
4.383
2.86
1.406
0.008944
0.01509
0.006466
4.061
9.143
14.6
17.73
17.71
16.2
13.89
11.03
7.726
4.529
1.958
0.2664
-0.09076
0.7359
2.944
5.077
6.674
7.642
7.776
6.848
4.92
0.3527
4.975
7.279
8.413
8.597
8.102
7.156
5.96
3.332
2.664
0.01771
0.3848
0.006322
1.048
1.663
1.57
2.138
2.939
4.567
5.192
3.999
2.121
0.05241
0.04622
0.01417
0.01859
5.428
11.21
15.5
17.73
17.32
15.74
13.48
10.81
7.705
4.604
2.005
0.3034
-0.01673
0.4268
2.485
4.558
6.356
7.685
8.456
8.727
8.792
7.549
8.9
9.1
9.031
8.716
8.276
7.891
7.925
2.696
2.363
0.009557
0.7155
0.2441
0.2643
1.7
1.987
2.996
4.401
4.879
4.354
2.492
0.775
0.00805
0.1302
0.01039
0.5437
7.023
13.33
16.54
17.48
16.67
15.07
12.88
10.42
7.527
4.491
1.9
0.2348
0.0004863
0.07068
1.762
3.757
5.765
7.135
8.069
8.738
9.358
9.6
9.66
9.411
9.2
9.094
9.154
9.536
10.83
1.983
1.969
0.01323
1.075
1.067
0.01072
1.351
2.551
3.422
3.788
3.214
1.972
0.2082
0.01
0.007201
0.0986
0.005986
3.085
9.343
15.06
17.01
16.95
15.84
14.21
12.12
9.885
7.249
4.344
1.809
0.104
0.0007124
0.004162
1.135
3.192
5.017
6.184
7.011
7.631
8.133
8.435
8.485
8.468
8.577
8.882
9.293
9.45
9.148
1.528
1.683
0.4967
1.076
1.093
0.9986
0.01092
1.548
2.058
1.474
0.03296
0.006125
0.007851
0.03433
0.2682
0.07897
0.008434
5.519
11.83
15.89
16.78
16.18
14.86
13.22
11.25
9.281
6.977
4.356
1.951
0.09972
0.004772
0.004233
0.6472
2.469
4.108
5.243
5.877
6.352
6.71
6.897
6.959
7.1
7.504
8.361
9.772
11.69
13.91
3.04
2.037
0.352
1.667
2.024
3.103
2.862
3.341
2.343
1.179
0.008896
0.6843
1.687
1.815
1.723
2.383
2.471
2.111
2.572
4.041
10.52
14.66
17.02
18.04
17.95
16.93
15.16
12.79
10.33
8.201
6.678
5.794
5.753
6.56
7.665
8.646
9.277
9.572
9.991
10.76
11.68
11.51
10.48
9.004
7.413
5.86
4.584
2.598
2.03
0.0248
1.958
1.678
2.419
0.04643
2.488
2.557
1.852
0.644
0.01503
1.407
1.585
1.565
1.968
1.852
1.213
0.3545
0.5382
7.715
13.45
16.54
17.72
17.43
16.04
13.87
11.17
8.468
6.276
4.847
4.234
4.656
5.879
7.036
7.779
7.894
7.454
7.159
7.838
10.86
11.64
11.06
9.707
8.096
6.475
5.059
1.044
1.657
1.869
2.692
1.599
1.961
0.08387
2.805
3.207
2.641
1.641
0.01733
1.177
1.537
1.555
1.806
1.551
0.8937
0.03067
0.06992
6.083
12.63
16.13
17.31
16.83
15.17
12.7
9.757
6.888
4.645
3.304
2.978
3.872
5.334
6.37
6.648
5.835
3.915
1.815
0.07456
5.381
8.989
10.32
9.821
8.552
7.016
5.561
0.1456
0.01415
1.609
2.403
2.196
2.759
2.46
2.924
3.344
3.036
2.119
0.9453
0.06067
1.329
1.542
1.78
1.448
0.8419
0.008856
0.02628
5.548
12.39
15.94
16.97
16.3
14.45
11.77
8.65
5.651
3.353
2.086
2.094
3.54
5.177
6.202
6.317
5.059
2.38
0.01051
0.01323
0.01057
3.635
8.093
9.276
8.785
7.557
6.204
0.01809
0.07211
1.367
1.15
1.503
2.42
2.019
1.967
2.867
2.855
2.086
1.348
0.01635
1.661
1.906
1.879
1.403
0.7857
0.005871
0.01986
5.595
12.65
15.99
16.76
15.94
13.96
11.13
7.901
4.826
2.459
1.234
1.541
3.438
5.201
6.398
6.763
5.686
2.909
0.006061
0.3257
0.00843
0.02685
5.311
8.391
8.821
8.014
7.057
0.04146
0.1246
1.559
0.8269
1.177
1.983
1.317
2.406
2.512
2.003
1.324
0.03652
0.955
2.222
2.518
1.913
1.258
0.4256
0.004966
0.02502
5.986
13.19
16.19
16.68
15.74
13.69
10.8
7.516
4.385
1.909
0.6417
1.094
3.192
5.048
6.561
7.413
6.887
4.613
0.02184
0.05432
0.006753
1.45
5.853
8.367
8.902
8.271
7.817
2.135
0.4421
1.516
0.5541
0.7417
1.359
0.0168
1.602
1.509
1.106
0.606
0.02176
2.12
2.555
2.61
2.174
1.414
0.04306
0.004541
0.05712
6.631
13.77
16.39
16.64
15.6
13.53
10.65
7.364
4.182
1.563
0.2031
0.5835
2.585
4.629
6.542
7.922
8.224
7.024
2.836
0.01109
0.5895
4.037
7.1
8.689
8.807
7.89
6.927
3.209
1.386
1.319
0.5032
0.6196
1.301
1.274
1.391
1.025
0.7059
0.01481
2.096
3.249
3.032
2.74
2.31
1.612
0.006232
0.00547
0.4947
7.784
14.44
16.5
16.51
15.39
13.36
10.57
7.365
4.167
1.419
-0.03353
0.04772
1.78
4.003
6.008
7.805
8.899
8.967
7.805
1.325
4.394
6.757
8.359
8.887
8.367
6.96
5.561
3.078
2.173
1.217
0.5772
0.679
1.098
1.244
0.02406
0.3709
0.01394
1.636
3.569
3.85
3.572
2.788
1.942
1.537
0.004604
0.008974
3.236
10.01
15.19
16.49
16.21
14.99
13.03
10.41
7.359
4.223
1.429
0.003795
0.004522
1.358
3.121
5.043
7.051
8.603
9.592
10.15
8.801
9.145
9.327
9.442
9.125
8.262
7.11
7.595
2.575
2.345
1.152
0.7626
0.8807
0.8633
1.494
0.2272
0.02146
1.792
3.389
3.79
3.206
2.702
2.508
1.665
0.9153
0.004889
0.01751
5.978
12.22
15.47
16.14
15.63
14.33
12.45
10.02
7.159
4.138
1.26
0.003934
0.004338
0.4748
2.047
4.304
5.994
7.459
8.632
9.571
9.86
9.878
9.746
9.614
9.422
9.134
9.291
12.73
2.01
2.119
1.028
0.9001
1.085
0.9444
1.777
2.227
2.612
3.308
3.338
2.863
2.118
2.024
1.716
1.448
0.1289
0.007013
0.1041
7.7
13.22
15.28
15.51
14.79
13.42
11.67
9.505
6.944
4.185
1.338
0.00553
0.09266
0.006948
1.76
3.587
4.707
5.85
6.85
7.596
7.988
8.108
8.159
8.285
8.542
8.87
9.465
11.68
1.529
1.709
0.7784
0.8789
1.042
1.495
1.343
2.14
2.611
2.648
1.83
1.379
1.689
1.968
1.85
1.706
0.01084
0.01272
2.218
9.769
13.77
14.97
14.75
13.77
12.34
10.77
8.989
6.899
4.555
1.987
0.008294
0.5608
0.04174
0.6327
2.524
3.849
4.451
5.089
5.563
5.72
5.657
5.618
5.782
6.501
8.495
13.85
22.11
3.429
2.736
1.768
1.524
0.01056
2.045
2.669
3.551
3.162
2.357
1.177
0.9294
1.562
1.621
0.05087
1.276
2.116
3.591
4.887
6.035
8.179
11.95
15.07
16.97
17.7
17.48
16.44
14.68
12.42
9.968
7.619
5.675
4.8
5.549
7.232
8.959
10.35
11.26
12.01
12.79
13.42
12.95
11.78
10.22
8.426
6.519
5.504
2.225
2.402
1.249
1.493
0.02488
2.353
2.391
2.859
3.057
2.626
1.776
1.033
1.672
1.747
0.8069
1.59
2.132
3.376
3.675
3.232
3.665
9.019
13.66
16.33
17.21
16.85
15.53
13.41
10.8
8.068
5.55
3.735
3.552
5.23
7.177
8.849
9.944
10.31
10.51
10.99
13.33
13.48
12.62
11.11
9.16
6.871
5.082
0.01982
1.384
1.192
1.808
0.8815
2.168
2.433
2.757
3.138
2.898
2.202
1.405
1.907
1.887
1.592
1.839
2.224
3.379
3.184
1.932
0.8698
6.525
12.35
15.64
16.66
16.21
14.67
12.3
9.428
6.441
3.767
2.171
2.804
5.041
6.973
8.351
8.757
7.832
5.973
0.3187
6.762
10.5
11.69
11.17
9.56
7.197
4.876
0.5417
0.6832
0.9709
1.727
1.789
2.469
2.787
1.792
2.468
2.835
2.284
1.891
1.886
1.849
1.725
1.835
2.256
3.411
3.013
1.525
0.2076
5.444
11.7
15.17
16.2
15.68
14
11.46
8.402
5.203
2.381
1.01
2.514
4.913
6.855
8.167
8.167
6.28
0.6178
0.03238
0.03139
4.907
9.008
10.31
9.622
7.613
5.284
1.371
0.439
0.9424
0.8449
1.308
2.329
1.988
0.05216
0.908
2.193
2.062
2.076
1.964
2.017
1.871
1.826
2.227
3.329
2.91
1.395
0.09056
5.613
11.76
14.99
15.94
15.35
13.58
10.94
7.797
4.496
1.605
0.258
2.155
4.501
6.612
8.284
8.578
6.904
0.02117
0.4815
0.01035
0.1927
5.587
8.945
9.403
7.899
5.795
1.561
0.5773
1.199
0.6155
0.5979
1.822
2.307
1.957
2.067
1.927
1.791
1.944
2.04
2.244
1.801
2.002
2.121
2.948
2.74
1.277
0.06015
6.424
12.18
15.03
15.84
15.18
13.37
10.71
7.551
4.211
1.238
0.01051
1.589
3.678
6.039
8.278
9.305
8.592
1.517
0.02187
0.01654
1.551
5.57
8.627
9.395
8.235
6.878
3.013
1.509
1.259
0.4336
0.006217
1.359
1.571
1.728
1.606
1.422
1.984
1.767
1.949
2.065
0.1405
1.723
2.18
2.428
2.33
0.984
0.07337
7.119
12.57
15.11
15.79
15.08
13.26
10.62
7.484
4.131
0.9919
0.0008255
0.7831
2.681
5.396
7.932
9.642
9.981
7.043
0.1116
1.579
3.822
6.903
9.099
9.532
8.511
8.224
3.475
2.3
1.112
0.3652
0.03492
1.069
1.298
1.507
1.354
1.711
1.724
2.036
2.327
2.306
0.01938
1.967
2.688
2.298
1.98
0.6569
0.216
7.872
12.9
15.15
15.67
14.9
13.12
10.57
7.507
4.198
0.7308
0.00207
0.01391
1.911
4.222
6.879
9.137
10.54
10.62
6.142
5.908
7.095
8.786
9.661
9.133
7.402
7.407
3.099
2.407
0.9598
0.4126
0.9042
1.177
1.51
1.039
1.414
1.474
1.817
2.513
3.01
2.621
1.203
2.368
3.283
2.512
1.637
0.6736
1.628
9.396
13.47
15.18
15.39
14.53
12.81
10.41
7.504
4.379
0.5026
0.05255
0.00547
1.223
2.929
5.514
7.865
9.656
10.8
10.17
9.792
9.922
10.23
9.957
8.439
5.953
7.276
2.563
2.231
0.9019
0.4623
0.9095
0.08651
1.55
1.614
1.353
1.718
2.329
2.79
2.52
0.0321
1.603
2.167
3.39
2.86
1.77
1.271
6.044
11.44
14.08
15.04
14.84
13.84
12.19
10.01
7.352
4.505
0.217
0.3933
0.3653
0.02557
2.337
4.214
6.173
7.85
9.116
9.675
9.922
10.11
10.23
10.05
9.226
8.776
12.74
2.092
1.986
0.8804
0.4972
0.7235
0.01227
1.249
1.99
2.234
2.404
2.586
2.287
0.7466
0.06851
1.493
2.494
3.161
3.129
2.186
3.016
8.9
12.55
14.2
14.52
13.93
12.81
11.31
9.456
7.189
4.774
0.06981
0.6714
0.8824
0.02108
1.782
2.926
4.312
5.671
6.671
7.219
7.492
7.714
7.915
8.128
8.593
11.22
0.546
1.744
1.765
0.8933
0.5333
0.7757
1.134
0.3109
1.559
2.093
2.264
1.551
0.2376
0.06118
1.352
2.366
3.625
3.273
2.726
3.092
5.757
10.59
13.14
13.99
13.71
12.75
11.53
10.28
8.939
7.199
5.206
0.09314
0.914
1.388
1.517
0.02309
2.28
2.941
3.692
4.337
4.528
4.357
4.052
3.718
3.793
5.475
15.04
24.53
2.896
2.214
1.933
2.248
1.434
1.893
0.02061
2.035
2.661
2.285
1.427
0.009677
0.04642
0.7578
0.4163
0.2992
0.01244
1.865
3.948
5.738
7.904
10.55
12.99
15.44
16.84
17.36
17.1
16.09
14.4
12.12
9.366
6.299
3.303
3.333
5.457
7.957
10.36
12.1
13.36
14.21
14.41
13.79
12.65
11.1
9.131
6.788
5.841
2.44
1.655
1.221
2.05
1.744
1.907
1.819
2.656
3.017
2.535
1.732
0.01475
0.05606
0.7541
0.6882
0.6075
0.006812
1.865
3.356
4.277
5.563
8.11
10.82
14.37
16.24
16.85
16.46
15.19
13.15
10.47
7.298
3.836
1.235
2.835
5.606
8.433
11.04
12.86
14.22
15.08
15.57
15.03
14.02
12.48
10.33
7.457
5.165
1.35
1.18
0.6585
1.84
1.677
0.01922
1.597
2.568
3.036
2.748
1.787
0.02317
0.06133
0.7247
0.8694
0.9475
0.00817
2.039
3.192
3.648
3.952
5.864
8.74
13.27
15.57
16.3
15.84
14.38
12.09
9.085
5.587
1.59
0.2369
2.591
5.511
8.447
10.97
12.42
12.96
9.929
12.22
13.22
13.53
12.86
11.05
8.093
5.355
1.029
1.045
0.5825
1.552
1.394
0.3664
1.778
2.072
2.38
2.771
1.899
0.03283
0.06297
0.7277
0.9172
1.209
0.01324
2.226
3.209
3.497
3.269
4.47
7.747
12.59
15.08
15.88
15.37
13.8
11.35
8.115
4.361
0.1015
0.01603
2.178
5.209
8.309
10.71
11.57
8.564
1.267
5.14
8.374
10.97
12.06
11.18
8.49
5.652
1.391
1.062
0.6267
0.217
0.02389
1.122
1.633
1.051
1.488
2.198
1.465
0.01478
0.259
1.009
1.036
1.377
0.01702
2.221
3.219
3.478
3.001
3.772
7.836
12.44
14.88
15.65
15.11
13.5
11
7.737
4.001
0.005612
0.001777
1.676
4.609
7.949
10.56
11.5
6.696
0.0291
1.099
3.185
7.535
10.6
10.94
8.708
5.614
1.648
1.36
1.347
0.03043
0.2515
0.01976
1.345
1.895
2.017
1.546
0.02445
0.1279
1.211
1.527
1.297
1.408
0.01052
1.865
3.104
3.41
2.8
3.325
8.339
12.6
14.89
15.6
15.03
13.42
10.96
7.782
4.18
0.004427
0.0001125
1.008
3.561
7.19
10.2
11.85
8.745
2.102
1.509
2.632
6.729
10.12
10.95
9.136
6.346
2.964
2.203
1.634
0.008053
0.3747
0.01232
0.8487
1.595
1.436
0.07405
0.04259
1.014
1.615
2.036
1.654
1.416
0.3234
1.816
3.04
3.364
2.752
3.505
8.949
12.89
14.99
15.59
14.99
13.41
11.03
7.934
4.304
0.007593
0.007296
0.0247
2.637
6.104
9.26
11.45
11.17
5.932
4.072
5.103
8.158
10.67
11.16
9.934
11.32
3.55
2.719
1.558
0.005296
0.5658
0.6749
0.007124
0.6847
0.2939
0.01339
0.8085
1.41
1.809
2.846
2.141
1.826
2.141
2.5
3.4
3.569
3.072
4.623
9.753
13.26
15.06
15.51
14.87
13.34
11.06
8.14
4.458
0.01733
0.2227
0.005865
1.627
4.57
7.7
10.21
11.35
9.31
8.106
8.729
10.39
11.44
10.7
8.963
12.27
3.306
2.666
1.274
0.007144
1.115
1.311
0.7407
0.005888
0.006044
0.629
1.199
1.666
2.766
3.237
2.313
0.8514
2.58
3.074
3.514
3.864
4.162
6.737
10.95
13.73
15.04
15.21
14.48
13.04
10.95
8.304
4.449
0.03526
0.4394
0.3878
0.03971
2.643
5.748
8.313
10.07
10.4
10.54
11.11
11.83
11.75
9.653
5.675
0.3058
2.83
2.412
1.13
0.09086
1.208
1.227
1.374
0.7491
0.9775
1.233
1.53
2.635
3.452
1.969
1.393
0.01292
2.074
3.066
3.552
4.104
5.965
9.11
12.21
14.06
14.72
14.5
13.65
12.33
10.56
8.388
4.331
0.1926
0.9869
1.165
0.01744
1.8
4.068
6.197
7.858
8.897
9.719
10.54
11.23
11.35
10.2
9.069
0.2007
2.399
2.122
1.047
0.3699
0.7159
0.957
1.352
1.591
1.641
1.643
2.476
3.17
2.62
1.439
1.314
0.3856
2
3.15
3.721
4.87
7.648
10.71
12.92
13.94
13.95
13.32
12.35
11.25
9.982
8.435
4.276
0.709
1.727
1.735
1.744
0.06167
2.079
3.908
5.297
6.123
6.647
7.143
7.531
7.904
9.049
16.07
13.26
2.097
1.871
0.9481
0.4006
0.008234
1.004
0.8404
1.239
1.825
2.507
2.663
2.179
1.488
1.541
0.9072
2.184
2.774
3.335
4.249
6.25
9.246
11.83
13.26
13.49
12.81
11.7
10.65
9.978
9.429
8.39
4.26
0.309
2.121
2.782
2.612
1.642
0.5628
1.932
2.963
3.372
3.227
2.805
2.164
1.776
0.6618
0.1896
16.64
1.789
1.239
1.685
2.038
0.01457
1.76
1.517
1.625
2.519
2.662
3.505
2.394
1.08
0.9085
0.7734
0.1333
0.2049
0.004822
1.578
3.779
6.2
8.981
11.56
13.8
15.59
16.65
17.05
16.81
15.92
14.35
11.99
8.733
4
0.3125
1.38
4.326
7.969
10.71
12.6
13.72
14.07
13.73
12.84
11.46
9.546
7.765
8.429
1.956
1.194
0.6968
0.44
1.067
1.754
2.167
2.688
3.063
2.698
2.956
2.652
1.19
0.9371
0.7699
0.6119
0.4219
0.02222
1.442
3.044
4.847
7.385
10.03
12.66
14.92
16.2
16.6
16.21
15.06
13.13
10.33
6.515
0.7615
0.02036
1.447
4.8
8.981
12.29
14.62
15.92
16.28
15.95
15.13
13.72
11.66
9.256
9.451
2.061
1.508
0.01198
0.01158
1.291
1.021
1.495
2.584
2.924
2.836
2.485
2.438
1.338
0.9843
0.4693
0.9265
0.6481
0.1807
1.633
2.842
4.025
6.048
8.575
11.54
14.23
15.72
16.15
15.65
14.31
12.11
9.07
4.749
0.01968
0.003262
1.473
5.141
9.519
13.12
15.54
15.57
15.77
15.93
15.89
15.04
13.09
10.09
9.318
1.712
1.781
0.0198
1.103
1.632
1.097
1.226
1.697
1.048
2.615
2.671
1.968
1.363
0.9768
0.1457
1.048
0.8233
0.6686
2.036
3.007
3.778
5.269
7.666
10.88
13.76
15.37
15.82
15.27
13.8
11.4
8.168
3.069
0.001166
0.002877
1.663
5.456
9.706
13.25
14.57
12.04
11.76
12.88
14.47
14.99
13.67
10.33
7.367
1.647
1.94
1.081
1.314
0.9785
1.093
1.015
0.02244
0.0102
1.613
2.149
1.451
1.335
1.009
0.01733
1.072
0.8488
0.7464
2.177
3.144
3.727
4.882
7.339
10.75
13.62
15.25
15.69
15.12
13.62
11.16
7.777
2.191
0.0003188
0.004674
1.59
5.157
9.339
12.76
13.1
9.068
7.595
8.687
11.8
14
13.75
10.8
7.712
1.758
2.127
1.855
1.105
0.7353
0.5969
1.077
1.728
1.603
2.175
1.393
1.028
1.381
0.7363
0.01284
1.017
0.789
0.02859
1.688
2.957
3.574
4.643
7.342
10.92
13.72
15.29
15.73
15.17
13.71
11.29
7.941
2.07
0.02214
0.007987
0.1456
3.681
8.056
11.56
12.2
8.828
6.708
7.478
10.79
13.51
13.78
11.52
12.01
2.66
2.713
2.225
0.8826
0.5781
0.6004
1.243
1.983
2.177
1.399
0.772
1.148
0.7608
0.008986
0.7079
0.9324
0.9034
0.00527
1.5
2.883
3.525
4.73
7.703
11.29
13.94
15.4
15.79
15.25
13.85
11.5
8.201
2.325
0.2702
0.3221
0.007632
2.767
6.577
9.963
11.52
9.716
8.3
9.135
11.74
13.83
13.58
11.53
15.2
3.242
3.078
2.265
0.4757
0.5137
0.9241
0.9343
1.062
1.257
0.6917
0.9284
0.6264
0.007268
0.07584
1.082
1.113
1.333
0.0684
1.701
3.104
3.802
5.365
8.512
11.85
14.2
15.44
15.73
15.18
13.84
11.61
8.291
2.389
0.824
0.898
0.07697
1.311
4.625
7.958
10.18
10.38
10.46
11.59
13.42
14.4
12.71
8.979
8.072
3.266
3.071
2.097
0.07014
0.3649
1.052
1.154
0.7338
0.6804
0.9028
0.7161
0.00779
0.0872
1.472
1.884
1.68
1.73
1.782
2.547
3.81
4.711
6.712
9.765
12.56
14.39
15.26
15.33
14.73
13.49
11.47
8.141
2.521
1.319
1.866
1.11
0.01327
2.588
5.721
8.212
9.667
10.98
12.61
14.17
14.63
12.33
8.215
0.1025
3.074
2.859
1.832
0.009898
0.005488
0.5728
1.182
1.387
1.306
0.93
0.009623
0.08941
1.566
1.674
1.653
1.409
0.6194
1.987
3.01
4.199
5.87
8.356
11.07
13.15
14.29
14.6
14.31
13.63
12.61
11.06
7.914
2.884
1.918
2.742
1.681
0.09627
1.806
3.905
5.883
7.449
8.991
10.68
12.21
12.99
12.13
12.98
0.2069
2.767
2.54
1.567
0.005348
0.004983
0.003989
0.7295
1.271
1.084
0.01687
0.08824
1.396
1.793
1.404
1.543
1.168
0.008363
1.552
3.143
4.815
7.124
9.765
12.01
13.35
13.74
13.37
12.59
11.82
11.27
10.57
7.854
3.565
2.608
3.572
3.429
1.816
0.04188
1.852
3.525
4.604
5.337
6.111
6.841
7.58
9.281
16.44
13.82
2.491
2.255
1.442
0.006762
0.2652
0.4021
0.009158
0.04201
0.007388
0.8496
1.437
1.533
1.453
1.827
1.694
1.302
0.6005
1.92
3.78
5.909
8.539
11.03
12.72
13.31
12.86
11.64
10.11
9.425
9.892
10.29
8.236
4.355
3.202
4.406
4.667
3.868
1.817
0.6383
1.645
2.177
2.157
1.902
1.99
2.371
0.1534
0.1024
10.54
1.043
0.6446
0.01514
1.475
0.9076
1.488
2.075
0.1488
1.35
0.01606
1.085
1.479
1.149
1.205
1.729
1.148
0.01078
0.0636
0.004598
1.346
3.805
6.866
9.661
12.09
14.06
15.47
16.33
16.7
16.62
15.97
14.58
12.21
8.09
1.32
0.003957
0.04512
2.819
6.492
9.285
11.04
11.96
12.13
11.62
10.44
8.387
6.509
0.341
1.9
0.01897
0.85
0.9548
0.7645
1.345
2.319
2.398
2.86
1.632
0.01794
1.179
1.065
1.122
1.419
1.129
0.005753
0.2103
0.06621
1.119
3.083
5.899
8.597
11.2
13.47
15.1
16.03
16.35
16.08
15.15
13.39
10.55
5.27
0.02519
-0.0001028
0.09802
3.536
8.094
11.55
13.78
15.02
15.46
15.09
13.86
11.66
9.628
8.75
3.082
0.5931
1.265
0.5958
0.7838
0.9003
0.3744
1.887
2.624
2.522
0.1599
0.1523
0.935
1.177
1.089
1.046
0.006411
0.3852
0.3316
1.205
2.789
5.214
7.675
10.37
12.89
14.72
15.73
16.01
15.61
14.43
12.29
8.745
2.816
0.00132
0.001016
0.2838
4.252
9.301
13.2
15.39
16.74
17.63
17.82
16.91
14.62
11.63
11.81
2.899
2.48
1.254
0.9889
1.179
1.139
0.01083
1.382
1.83
2.538
2.067
0.01164
1
1.185
0.8117
0.9425
0.009793
0.5738
0.7556
1.518
2.874
4.887
7.125
9.87
12.54
14.49
15.55
15.82
15.34
13.97
11.49
6.903
0.4162
0.0005984
0.004118
0.8876
5.076
10.06
13.7
14.95
15.93
17.4
18.63
18.55
16.5
12.62
11.48
2.375
2.65
1.805
1.184
1.029
1.253
0.4854
1.134
1.065
1.864
1.895
0.01896
0.7566
1.178
0.7374
0.845
0.05669
0.6432
0.9673
1.811
3.053
4.734
6.924
9.752
12.48
14.46
15.55
15.84
15.35
13.92
11.27
6.176
0.02373
0.03228
0.00841
1.051
5.166
9.852
12.96
13.33
13.69
15.29
17.55
18.6
17.18
13.22
12.3
2.033
2.529
2.032
1.022
0.7034
0.757
0.01018
1.427
1.924
2.023
0.894
0.01209
1.054
1.187
0.9557
0.5352
0.754
0.5242
0.4061
1.622
2.934
4.553
6.908
9.882
12.63
14.59
15.69
16.01
15.56
14.12
11.4
6.157
0.01361
0.1956
0.1767
0.01903
3.636
8.248
11.4
12.01
12.35
14.04
16.72
18.33
17.13
13.21
14.89
2.345
2.694
2.047
0.7595
0.4613
0.7711
1.315
1.869
2.055
1.222
0.008594
0.5625
1.105
0.777
1.023
0.006726
0.6904
0.3263
0.01245
1.271
2.736
4.53
7.137
10.21
12.91
14.79
15.85
16.17
15.75
14.33
11.53
6.188
0.0118
0.5398
0.5923
0.009408
2.715
6.575
9.697
11.04
12.15
14.24
16.92
18.4
16.55
11.74
13.37
2.587
2.85
2.069
0.6484
0.4603
0.9061
1.367
0.1357
0.6908
0.006937
0.1098
0.9396
0.8195
0.8246
1.009
0.02714
0.8108
0.4772
0.003115
1.284
2.896
4.947
7.756
10.77
13.26
14.94
15.86
16.13
15.71
14.33
11.46
6.132
0.01375
1.011
1.092
0.4956
1.146
4.491
7.677
9.809
11.93
14.68
17.49
18.71
15.92
9.136
1.125
2.59
2.885
2.18
0.709
0.5891
1.023
1.163
0.01915
0.006072
0.1457
1.039
0.9651
0.758
1.307
0.601
0.8662
0.8647
0.87
0.05851
1.699
3.607
5.963
8.815
11.53
13.59
14.87
15.5
15.59
15.15
13.91
11.15
6.167
0.01748
1.594
1.914
1.167
0.01228
2.443
5.493
7.873
10.52
13.76
16.81
18.29
15.83
10.96
0.06455
2.55
2.82
2.32
1.045
0.5798
0.7206
1.119
1.67
1.432
1.661
1.182
0.7685
1.331
1.18
0.009232
0.8309
0.6866
0.9364
1.266
2.662
4.849
7.41
10.05
12.25
13.68
14.34
14.39
14.07
13.61
12.86
10.62
6.305
0.02187
2.125
2.667
1.725
0.07902
1.706
3.479
5.328
7.447
10.07
12.66
14.32
13.52
14.04
0.4048
2.41
2.61
2.328
1.382
0.769
0.6054
1.14
1.817
1.939
1.33
0.7425
1.097
1.054
0.1452
0.01452
0.7397
0.4011
0.04539
1.393
3.438
6.043
8.75
11.12
12.73
13.42
13.24
12.39
11.35
11.04
11.36
10.04
6.462
0.02437
2.431
3.818
3.443
1.678
0.2539
1.758
2.848
3.602
4.472
5.498
6.396
8.487
12.71
13.64
2.292
2.397
2.195
1.199
0.7332
0.8251
0.8286
0.7215
0.8164
1.119
1.133
0.3597
0.008072
0.01171
0.7207
0.7777
0.5889
0.004994
1.677
4.286
7.32
10.11
12.13
13.12
13
11.77
9.604
7.324
7.998
10.09
9.761
6.722
0.0295
2.384
4.794
5.401
3.825
0.655
1.117
1.344
1.421
1.658
2.064
0.4987
0.05283
0.08022
8.922
0.02297
1.479
0.8682
0.7428
0.714
0.09262
2.481
2.302
2.628
1.7
1.24
1.159
1.282
0.01072
1.183
1.439
1.224
0.6833
0.0005196
0.006258
0.8407
3.882
7.116
9.938
12.23
13.89
15.05
15.84
16.36
16.56
16.21
14.98
12.23
6.539
0.6034
0.001138
0.003464
1.616
4.481
6.612
7.95
8.563
8.532
7.939
6.787
7.31
0.1546
0.05392
1.476
0.9847
0.5279
0.5338
0.008847
1.883
2.441
3.326
3.09
1.492
1.168
1.284
0.1299
1.051
1.361
1.243
0.6267
0.002542
0.03624
0.4931
3.269
6.353
9.255
11.76
13.63
14.89
15.68
16.11
16.12
15.44
13.69
9.802
3.667
0.01032
-3.321e-05
0.008051
2.848
6.574
9.405
11.43
12.66
12.93
12.09
9.849
7.649
0.07866
3.169
2.3
1.244
0.5
0.7392
0.1464
1.046
1.29
2.568
3.403
2.226
1.228
1.33
0.9661
0.9774
1.295
1.238
0.5259
0.05152
0.1387
0.4289
2.971
5.811
8.708
11.36
13.39
14.74
15.54
15.9
15.72
14.7
12.26
7.187
0.843
0.002283
0.002328
0.01913
3.753
8.322
11.94
14.87
17.08
18.08
17.44
14.66
10.88
4.063
4.037
3.194
1.684
0.9851
1.368
1.708
0.9571
0.7885
1.781
2.888
2.894
1.624
1.437
1.242
0.5002
1.066
1.085
0.2502
0.196
0.3288
0.6431
2.987
5.59
8.452
11.17
13.29
14.7
15.52
15.86
15.56
14.29
11.29
5.208
0.0129
0.0224
0.01603
0.1447
4.509
9.477
13.41
16.94
20.08
22.01
21.81
18.76
13.73
11.93
3.503
3.308
2.219
1.387
1.467
1.818
1.012
0.8079
1.367
2.28
2.613
1.695
1.382
1.125
0.3002
0.8606
0.9252
0.02763
0.2809
0.4931
1.177
3.21
5.652
8.501
11.22
13.37
14.83
15.69
16.05
15.71
14.3
10.94
4.419
0.006294
0.1405
0.07913
0.5089
4.802
9.549
13.35
16.93
20.48
23.13
23.58
20.63
14.63
13.66
2.749
3.011
2.229
1.163
1.032
0.8583
0.9616
1.118
1.9
2.384
2.294
1.475
1.302
0.3346
0.977
0.9079
0.9231
0.003728
0.2543
0.3613
1.43
3.306
5.794
8.717
11.44
13.58
15.06
15.98
16.4
16.06
14.55
10.99
4.252
0.01058
0.339
0.3922
0.01095
3.441
8.118
11.95
15.67
19.68
23.01
24.03
20.93
13.77
13.45
2.456
2.808
1.943
0.6432
0.4492
0.009955
1.359
1.844
2.159
2.166
1.644
1.326
1.128
0.007889
1.182
0.9259
0.7515
0.04141
0.1615
0.0519
1.167
3.243
5.98
9.033
11.75
13.84
15.31
16.25
16.7
16.4
14.84
11.25
4.521
0.0321
0.6286
0.5111
0.009888
2.537
6.342
9.922
13.91
18.64
22.79
24.36
20.95
12.07
5.233
2.283
2.677
1.742
0.4329
0.4103
0.1111
1.649
1.519
1.602
1.39
1.14
1.08
0.1263
0.0972
1.16
1.052
0.4266
0.4457
0.1553
0.002969
1.136
3.462
6.459
9.542
12.14
14.08
15.42
16.29
16.72
16.45
14.95
11.52
4.947
0.1235
1.012
1.061
0.6115
1.59
4.46
7.564
11.63
16.94
22.08
24.64
21.56
12.59
0.1196
2.059
2.537
1.716
0.5526
0.6848
1.371
1.554
1.555
1.19
1.195
1.291
0.8428
0.006776
0.8545
0.9208
1.18
0.007636
0.4808
0.1251
0.003142
1.477
4.2
7.373
10.28
12.55
14.14
15.15
15.74
16.02
15.84
14.66
11.76
5.404
0.409
1.644
1.859
1.162
0.02458
2.314
4.954
8.584
13.79
19.25
22.89
20.92
14.84
0.06451
1.838
2.333
1.791
0.8891
0.8712
1.15
0.01245
1.493
1.83
1.793
1.08
0.008168
0.4748
1.23
0.7883
0.8498
0.00499
0.3369
0.241
0.2216
2.455
5.573
8.595
11.1
12.84
13.81
14.1
13.94
13.73
13.92
13.81
11.88
5.791
0.935
2.436
2.841
1.706
0.0155
1.184
2.816
5.021
8.466
12.36
15.56
15.42
15.15
1.251
1.574
1.971
1.721
1.13
1.026
1.04
0.8861
1.607
1.669
1.077
0.009741
0.1152
1.005
1.07
0.94
0.6479
0.09951
0.1529
0.1089
1.319
4.028
7.081
9.86
11.87
12.95
13.06
12.2
10.63
9.502
10.86
12.55
11.68
5.805
1.268
3.346
4.351
3.513
1.375
1.299
1.679
2.106
2.681
3.893
5.322
6.861
7.224
12.5
1.477
1.761
1.697
1.237
1.041
1.099
1.151
0.01041
0.007216
0.0242
0.8653
1.021
0.9475
0.9618
1.033
0.007823
0.4284
0.1118
0.003542
1.778
5.198
8.556
11.15
12.69
13.09
12.24
9.933
6.277
3.89
7.923
11.09
10.96
5.251
0.05918
3.235
5.776
6.051
3.477
0.03879
1.363
1.745
0.7475
0.1553
0.03947
0.02715
0.1031
8.017
0.08369
1.046
0.6999
0.5257
0.06454
0.9844
2.193
2.16
2.319
1.747
1.28
1.298
2.383
1.611
1.171
0.1669
0.9843
1.409
0.8702
0.04336
0.001842
0.8261
4.031
7.312
10.05
12.01
13.36
14.34
15.23
16.08
16.62
16.44
15.07
11.36
5.51
0.1302
0.0008976
0.002765
0.7187
2.131
3.16
3.673
3.686
3.484
3.38
2.971
4.045
1.682
1.685
1.264
0.6178
0.2292
1.05
1.805
0.8228
1.871
2.12
1.36
1.383
2.281
1.453
0.9654
0.02039
0.9061
1.251
0.7034
0.003332
0.004819
0.5492
3.468
6.766
9.694
11.84
13.3
14.33
15.2
15.95
16.26
15.64
13.32
8.629
3.022
0.007127
0.004203
0.003826
1.947
4.32
6.192
7.607
8.242
8.07
7.21
7.651
1.369
4.123
2.981
1.855
0.7452
0.6334
1.439
1.222
0.008715
0.1438
1.755
1.467
1.416
2.095
1.546
0.9506
0.007979
0.9126
1.111
0.6041
0.001823
0.02976
0.5968
3.261
6.477
9.476
11.74
13.3
14.36
15.2
15.83
15.87
14.72
11.43
5.658
0.232
0.007464
0.02076
0.007629
3.028
6.778
10.37
13.69
15.71
15.93
13.76
10.27
0.06018
4.98
4.029
2.537
1.277
0.9664
1.893
0.8313
0.00571
0.00637
1.377
1.645
1.605
2.035
1.598
0.9443
0.00579
0.893
0.9262
0.5191
0.00191
0.08395
0.8655
3.367
6.49
9.467
11.79
13.4
14.5
15.35
15.9
15.71
14.08
9.961
4.093
0.005774
0.1599
0.08314
0.09903
4.047
9.188
14.8
20.24
23.81
24.27
20.5
12.92
1.087
4.575
4.255
3.12
1.575
0.8472
1.595
0.1736
0.0177
0.004496
1.002
1.395
1.709
1.961
1.619
1.05
0.005771
0.8633
0.7909
0.4563
0.004124
0.1242
1.197
3.646
6.751
9.663
11.98
13.63
14.79
15.71
16.25
15.87
13.81
9.024
3.214
0.02372
0.3008
0.228
0.7475
4.874
10.58
17.18
23.56
27.76
28.5
24.32
15.01
8.357
3.672
3.872
3.004
1.611
0.2152
1.358
0.8348
0.01048
0.7029
1.316
1.642
1.972
2.083
1.69
1.474
0.2441
0.9379
0.854
0.3699
0.05579
0.07317
1.356
3.904
7.097
9.972
12.27
13.95
15.19
16.21
16.79
16.31
14.02
8.932
3.07
0.1113
0.4936
0.39
0.01886
3.529
9.209
16.18
23.63
28.9
30.3
25.98
14.73
3.666
2.987
3.411
2.496
0.9326
0.02516
0.9594
1.234
1.208
1.369
1.44
1.875
2.053
2.323
1.75
1.737
1.386
1.276
0.9446
0.01301
0.04002
0.008116
1.325
4.099
7.444
10.32
12.58
14.26
15.57
16.67
17.31
16.82
14.48
9.329
3.253
0.4432
0.7865
0.484
0.006015
2.367
6.663
13.07
21.59
28.67
31.52
27.79
15.83
0.1866
2.477
3.037
2.097
0.5265
0.008905
0.9285
1.338
1.264
1.232
1.44
1.828
2.125
1.986
1.537
1.105
1.75
1.539
1.109
0.003239
0.01737
0.001058
1.426
4.532
7.933
10.73
12.88
14.47
15.73
16.81
17.46
17.05
14.86
9.797
3.569
1.039
1.399
1.13
0.1254
1.509
4.079
9.086
17.49
26.49
31.83
29.52
19.03
0.04897
1.929
2.672
1.867
0.4553
0.0113
1.154
1.322
1.279
1.283
1.714
1.946
2.13
1.507
1.287
0.009862
1.352
1.165
0.8934
0.005122
-0.007495
0.002536
1.882
5.374
8.646
11.21
13.07
14.36
15.29
16.04
16.61
16.57
15.02
10.21
4.056
1.819
2.413
2.259
1.182
0.6305
1.896
5.154
12.12
20.77
28.29
28.22
20.81
0.09272
1.346
2.157
1.676
0.7855
0.5625
1.439
1.05
1.235
1.833
2.15
2.192
1.69
1.352
1.135
0.1402
0.9364
0.9462
0.5717
0.03246
0.003532
0.11
2.913
6.489
9.521
11.69
13.03
13.6
13.53
13.08
13.41
14.86
14.82
10.56
4.757
2.733
3.666
3.488
1.637
0.01541
0.7179
2.211
6.106
11.31
16.98
19.08
17.25
3.032
0.8632
1.391
1.194
0.779
1.294
0.1397
1.362
1.746
2.032
2.103
1.713
1.206
1.009
0.0272
0.8854
1.127
0.9338
0.04525
0.03739
0.006267
1.542
4.619
8.004
10.58
12.19
12.8
12.23
10.42
7.39
7.818
12.36
14.17
10.84
5.606
3.664
5.101
5.354
3.372
0.02967
1.378
1.662
1.831
2.971
4.274
5.111
2.852
10.46
0.731
0.9694
0.9727
0.8321
0.9846
0.4456
1.49
1.527
1.305
1.271
1.39
1.026
0.0178
0.4113
1.379
1.276
1.06
0.004067
0.0141
0.001985
2.463
6.215
9.542
11.74
12.85
12.71
10.96
7.267
1.095
2.269
8.923
12.56
10.76
5.551
2.202
5.506
7.275
6.638
3.283
0.0379
0.03288
0.02971
0.02774
0.02054
0.03161
0.1299
7.046
0.5013
1.193
0.7685
0.03606
0.6536
0.007124
1.314
1.817
2.098
1.723
1.509
0.01245
0.2965
1.175
1.393
1.055
0.006274
0.8486
1.196
0.9499
0.372
0.001982
1.335
4.526
7.679
9.939
11.43
12.43
13.39
14.62
15.85
16.52
16.38
14.78
11.17
5.488
0.03155
0.01148
0.004708
0.01089
0.008875
0.007407
0.009085
0.01208
0.02361
0.02938
1.932
1.279
2.193
1.833
0.007762
0.0466
0.01747
1.515
1.835
2.003
1.785
1.3
0.009533
0.8457
1.171
1.239
1.083
0.01444
0.8432
1.099
0.85
0.2385
0.001455
1.01
4.116
7.415
9.846
11.45
12.51
13.51
14.74
15.85
16.21
15.4
12.81
8.454
3.088
0.00652
0.08659
0.003024
0.5097
0.6618
0.7932
0.7639
0.6401
0.5921
0.3
3.151
3.865
3.836
2.809
0.01366
0.005856
0.883
1.749
1.516
1.117
1.517
1.003
0.007274
1.112
1.212
1.206
1.084
0.0409
0.8434
1.051
0.8042
0.09486
0.002007
0.9764
4.017
7.353
9.877
11.56
12.66
13.67
14.85
15.77
15.74
14.2
10.59
5.2
0.0358
0.05079
0.1321
0.005499
1.508
3.579
6.472
8.891
10.47
10.86
9.376
2.596
5.42
4.986
3.637
0.3291
0.3827
1.341
1.317
1.049
0.6899
1.228
0.7215
0.006491
1.084
1.21
1.303
1.097
0.08347
0.8025
0.993
0.7182
0.007832
0.004027
1.154
4.208
7.494
10.05
11.77
12.91
13.97
15.13
15.82
15.35
13.09
8.924
3.745
0.009275
0.2063
0.1082
0.2254
3.835
10.12
17.68
23.44
25.46
22.62
14.82
0.03954
5.396
5.266
4.33
2.162
1.451
1.393
0.8899
0.6561
0.6597
0.7459
0.09019
0.01307
0.9198
1.174
1.593
1.106
0.03877
0.7105
0.9546
0.6525
0.0008482
0.006093
1.386
4.609
7.801
10.33
12.09
13.3
14.48
15.69
16.19
15.3
12.34
7.632
2.081
0.3344
0.6069
0.2243
1.342
6.696
15.38
24.71
30.88
32.72
28.88
17.86
0.2338
4.68
4.906
4.105
1.519
0.5027
1.06
1.188
0.7905
0.6972
0.5867
0.005426
0.6603
1.133
1.655
2.117
1.368
0.005825
0.7069
1.021
0.681
0.0005152
0.003751
1.582
5.056
8.179
10.67
12.45
13.78
15.13
16.45
16.88
15.77
12.42
7.345
1.429
0.6158
0.8557
0.4687
0.2879
5.196
14.87
26.34
33.95
36.44
32.68
20.62
0.09661
3.897
4.351
3.443
0.36
0.01029
0.2781
0.9454
1.101
0.9237
0.00831
0.436
0.9347
1.657
2.116
2.294
1.977
0.423
1.176
1.144
0.6486
0.0004798
0.001435
1.758
5.441
8.559
11.02
12.81
14.24
15.76
17.2
17.64
16.49
12.95
7.539
1.067
0.8514
1.071
0.5231
0.006276
2.443
10.73
24.38
34.88
39.19
36.28
24.39
0.06489
3.13
3.853
2.944
0.05353
0.002817
0.00176
0.436
0.7166
0.3957
0.01681
0.6877
1.288
2.022
2.367
2.39
2.425
2.103
2.099
1.346
0.5735
0.0008103
0.001278
2.125
5.887
8.976
11.36
13.1
14.55
16.1
17.52
18
16.98
13.46
7.875
0.8387
1.192
1.646
0.8337
0.005007
0.6518
5.166
18.45
32.44
40.42
39.11
27.77
0.06763
2.24
3.396
2.661
0.01915
0.01045
0.0098
0.003746
0.2992
0.004655
0.5944
0.9839
1.746
2.14
2.432
1.837
1.175
1.707
1.899
1.196
0.14
0.000456
0.007945
2.754
6.491
9.479
11.67
13.2
14.38
15.54
16.47
17.17
16.97
13.76
8.277
0.719
1.697
2.605
1.827
0.1633
0.1031
1.126
10.93
24.06
36.16
38.35
29.66
0.3986
1.207
2.649
2.273
0.01411
0.2064
0.7238
0.1954
0.004755
0.3523
1.02
1.527
1.996
2.163
2.204
1.361
0.00801
0.9472
1.569
1.044
0.009221
0.000399
0.4366
3.835
7.449
10.14
11.95
12.92
13.16
12.79
11.32
13.61
16.07
13.79
8.821
0.7059
2.351
3.932
3.384
1.58
0.03703
0.1558
3.675
10.59
19.78
25.27
20.35
5.024
0.4212
1.396
1.353
0.01643
0.5813
1.003
1.012
0.9115
1.183
1.485
1.967
2.101
2.316
1.784
1.484
0.5563
1.351
1.575
0.9352
0.001938
0.001755
1.645
5.517
8.728
10.99
12.27
12.37
11.06
7.839
1.188
7.579
13.71
13.45
9.731
0.9708
3.012
5.438
5.382
2.722
0.02238
0.02582
0.1149
0.8016
2.155
3.125
0.9722
7.998
0.3172
0.5579
0.7439
0.481
0.0263
1.015
1.241
1.239
1.289
1.759
2.111
2.32
1.841
1.553
1.159
1.736
2.23
1.643
0.8587
0.001588
0.004278
2.894
7.108
10.1
12.03
12.78
12.03
9.45
4.091
0.01658
4.011
10.81
12.91
10.64
5.138
4.212
6.755
7.538
5.877
3.514
2.226
0.8935
0.1927
0.08828
0.094
0.1866
6.419
1.097
1.484
0.03232
0.1092
0.5373
0.5235
0.9655
1.413
2.073
1.904
2.961
2.271
1.146
1.211
0.5942
1.338
0.7199
0.2329
0.7566
1.255
1.113
0.461
0.00371
1.84
5.24
7.79
9.447
10.33
11.07
12.42
14.17
15.29
15.89
16.04
15.3
12.64
6.88
0.02368
0.234
0.2598
0.501
0.4586
0.5729
0.6989
0.7824
0.4715
1.065
1.586
2.766
2.422
1.317
0.5736
0.5798
1.464
2.068
2.289
2.036
2.261
1.889
1.246
1.005
0.01968
1.004
0.7453
0.4527
0.8191
1.224
0.9375
0.2645
0.001885
1.709
5.115
7.767
9.514
10.46
11.27
12.69
14.43
15.42
15.65
15.11
13.39
9.706
3.27
0.04738
0.3894
0.03203
0.01786
0.01049
0.01057
0.01662
0.02462
0.01546
0.9998
3.558
4.405
4.076
2.059
0.6849
1.038
1.823
1.901
1.359
1.844
1.598
1.336
1.249
0.9012
0.005606
0.852
0.734
0.5626
0.8652
1.27
0.85
0.1199
0.001653
1.745
5.172
7.9
9.704
10.67
11.52
12.98
14.58
15.3
15.11
13.91
11.22
5.979
0.0178
0.2729
0.5142
0.005327
0.007837
0.03043
0.0686
0.1604
0.4479
0.3619
1.293
4.958
5.384
4.714
2.421
1.016
0.9752
1.181
0.3326
0.009382
0.7236
1.377
0.7819
0.9917
0.642
0.007299
0.8114
0.755
0.582
0.8802
1.317
0.797
0.01885
0.001805
1.908
5.347
8.151
9.999
10.99
11.92
13.46
14.83
15.16
14.47
12.65
9.443
4.146
0.09615
0.1665
0.0176
0.08671
1.786
7.738
14.98
18.88
18.37
13.8
0.3027
5.042
5.488
4.823
2.885
1.263
0.8502
0.7855
0.01169
0.004009
0.02201
0.5794
0.3923
0.4636
0.06447
0.1033
0.9291
0.7859
0.4054
0.8585
1.336
0.801
0.001919
0.002141
2.222
5.626
8.471
10.35
11.4
12.52
14.24
15.44
15.46
14.24
11.61
7.293
0.3259
0.7503
0.4422
0.01242
2.504
10.25
20.54
28.03
31.5
30.13
23.64
0.0736
4.283
5.043
4.606
2.75
1.111
1.009
1.336
0.9862
0.06372
0.6105
0.4345
0.3509
0.0219
0.005697
1.092
1.752
1.004
0.006784
0.811
1.353
0.7764
0.0004471
0.002297
2.557
5.955
8.812
10.71
11.89
13.29
15.23
16.4
16.32
14.86
11.88
6.87
0.06059
0.7067
0.7573
0.1178
0.9408
9.704
24.39
34.15
38.25
36.8
29.98
0.08428
3.175
4.334
4.113
2.241
0.5987
0.5319
0.9252
1.265
1.354
0.6749
0.4141
0.03246
0.004322
0.478
1.504
2.215
1.534
0.014
1.06
1.298
0.6946
0.0002523
0.003054
2.829
6.304
9.161
11.05
12.37
14.06
16.22
17.44
17.38
15.93
12.88
7.187
0.02644
0.7237
0.8932
0.3747
0.02502
2.603
19.62
35.38
42.25
41.85
35.2
0.09052
2.593
3.807
3.718
1.942
0.3633
0.261
0.4932
0.7587
1.031
0.5643
0.1686
0.002989
0.276
1.179
2.049
2.582
2.394
1.717
1.839
1.523
0.6617
0.0003992
0.02982
3.196
6.73
9.525
11.38
12.79
14.64
16.8
17.9
17.95
16.71
13.85
7.611
0.02067
0.9812
1.273
0.8217
0.002089
0.1245
5.842
27.65
42.46
45.32
39.49
0.1408
0.9775
3.173
3.504
1.937
0.4824
0.4738
0.565
0.8325
0.563
0.463
0.005885
0.0327
0.7491
1.771
2.384
2.22
1.792
1.87
2.002
1.394
0.4196
0.0003518
0.5854
4.095
7.417
9.969
11.67
12.98
14.59
16.13
16.49
17.43
16.76
14.41
7.863
0.02063
1.493
2.141
1.134
0.01403
0.03223
0.3822
8.987
32.8
43.82
40.73
0.3358
0.05686
2.205
2.9
1.662
0.7836
0.8909
0.8385
0.6291
0.5687
0.2566
0.004455
0.5757
1.324
2.125
2.268
1.379
0.07204
1.247
1.84
1.117
0.1145
0.00112
1.631
5.231
8.291
10.54
11.91
12.69
13.16
12.33
8.797
14.41
15.68
14.43
7.939
0.02404
2.344
3.438
2.125
0.1549
0.06083
0.07208
0.5357
10.18
27.97
28.92
1.969
0.01506
0.3975
0.7545
0.2787
0.4106
0.6506
0.7722
0.7462
0.5747
0.007178
0.5282
1.14
1.924
2.27
2.254
1.65
0.01649
1.339
1.697
0.9548
0.148
0.008407
2.837
6.422
9.314
11.27
12.14
11.92
10.42
5.134
0.2041
8.963
13.41
13.87
7.794
0.02962
3.127
4.787
3.574
1.356
0.2127
0.057
0.0706
0.359
3.249
3.224
5.781
0.1284
0.02118
0.01612
0.006637
0.003351
0.002673
0.08714
0.5127
0.01321
0.5566
1.197
1.924
2.214
2.398
2.31
1.971
1.925
2.144
2.04
1.049
0.18
0.195
4.078
7.796
10.58
12.21
12.43
11.04
7.369
0.8306
0.01555
5.706
11.84
13.15
9.038
0.05458
3.13
5.76
5.243
3.691
2.363
2.138
3.576
0.7865
0.1185
0.08019
8.149
1.739
1.761
1.199
0.4537
0.4165
0.5637
1.01
0.04982
1.149
0.01636
0.1203
1.073
0.849
1.375
1.478
1.394
0.9633
0.4855
0.00513
0.6756
1.258
1.085
0.3258
0.05151
2.656
5.505
7.524
8.309
8.517
9.679
11.94
13.1
13.52
14.35
16.36
17.97
15.82
9.002
0.8336
0.01185
0.009585
0.01104
0.009046
0.007702
0.03081
0.06308
0.3867
2.15
3.175
2.781
1.385
0.7418
0.9446
1.868
1.853
2.355
0.9332
0.01094
0.763
0.9527
1.171
1.037
0.2713
0.7373
0.6374
0.01111
0.7064
1.22
0.898
0.04597
0.01645
2.528
5.474
7.573
8.396
8.693
10.02
12.35
13.52
13.88
14.61
15.96
15.95
12.16
5.684
0.02827
0.009141
0.0185
0.01367
0.0129
0.01948
0.01744
0.004664
0.2962
3.208
4.349
3.897
2.029
0.9964
1.333
2.115
2.754
2.522
2.065
0.03169
0.03281
0.7987
1.008
0.8162
0.005696
0.413
0.5617
0.0123
0.789
1.279
0.8297
0.003405
0.0141
2.584
5.654
7.811
8.619
8.958
10.42
12.63
13.58
13.79
14.46
15.37
13.74
7.735
0.4666
0.01168
0.01286
0.0163
0.01481
0.02924
0.1471
1.291
1.844
0.01507
3.91
4.991
4.399
2.301
0.9715
0.9988
0.2266
1.885
1.57
1.793
0.9781
0.005194
0.5061
0.8677
0.6924
0.002385
0.386
0.5451
0.008411
0.8563
1.32
0.7569
0.001248
0.03059
2.747
5.982
8.181
8.942
9.367
11.08
13.01
13.5
13.48
13.98
14.43
11.81
5.747
0.01414
0.01222
0.005908
0.03089
0.9038
6.566
11.76
13.77
12.65
0.1487
3.837
4.937
4.406
2.418
0.8777
0.808
0.01861
1.494
1.165
1.226
0.9297
0.004701
0.08988
0.5355
0.5003
0.01203
0.5312
0.6209
0.004372
0.8987
1.306
0.6907
0.001092
0.164
3.113
6.405
8.571
9.303
9.967
12.12
13.8
14.04
13.81
13.98
13.69
8.86
2.496
0.1265
0.009942
0.04717
3.131
11.78
19.66
24.88
26.54
24.92
6.469
3.197
4.304
3.996
2.296
1.056
1.243
1.557
2.243
1.687
1.161
0.02558
0.005142
0.2128
0.2759
0.2735
1.093
1.423
0.8637
0.01084
1.033
1.229
0.5854
0.001112
0.5496
3.685
6.871
8.93
9.712
10.76
13.32
14.97
15.21
14.98
15
13.99
7.77
0.3576
0.4781
0.05649
0.02754
3.921
17.53
27.66
33.43
34.97
33.69
11.07
2.205
3.315
3.236
1.857
0.8492
0.8113
1.278
0.5254
1.326
0.0364
0.004568
0.04994
0.1416
0.1768
0.004467
1.182
1.883
1.257
0.9162
1.396
1.318
0.5021
0.001053
0.9266
4.217
7.313
9.234
10.09
11.56
14.52
16.23
16.52
16.51
16.78
15.23
7.803
0.04067
0.6305
0.293
0.01819
2.252
18.74
31.81
38.44
40.97
40.57
14.68
1.441
2.552
2.595
1.535
0.6696
0.4615
0.6166
0.01042
0.00948
0.00547
0.06083
0.146
0.09511
0.007792
0.1151
1.343
2.016
1.665
1.536
1.8
1.419
0.3999
0.001156
1.317
4.671
7.694
9.515
10.49
12.31
15.38
16.85
16.96
17.3
18.14
16.23
8.056
0.02035
0.8658
0.6303
0.01416
0.7674
14.69
30.43
40.21
44.92
45.92
17.37
0.9517
2.103
2.359
1.569
0.8507
0.7283
0.9491
0.9688
0.0614
0.4479
0.3944
0.129
0.005281
0.005287
1.089
1.899
1.792
0.443
1.339
1.749
1.167
0.1078
0.002635
2.043
5.304
8.128
9.822
10.89
12.79
15.38
15.94
15.74
16.78
18.55
16.48
8.119
0.02344
1.318
1.049
0.01639
0.2304
9.207
22.46
36.2
44.72
47.83
18.27
0.2573
1.615
2.162
1.584
1.072
1.016
0.9982
0.9243
1.06
0.7609
0.3746
0.0169
0.003186
0.3801
1.486
1.973
1.255
0.007786
1.223
1.49
0.9597
0.04021
0.03078
2.791
6.134
8.79
10.34
11.3
12.69
13.77
11.82
12.14
15.08
18.02
16.24
8.177
0.0755
2.097
1.58
0.05373
0.06596
4.12
12.92
24.02
35.75
39.9
17.16
0.005968
0.9441
1.491
1.046
0.8572
0.8751
0.817
0.7885
1.034
0.6199
0.2059
0.002836
0.1925
1.075
1.954
2.388
1.477
0.8438
1.605
1.583
1.045
0.04761
0.7477
3.998
7.295
9.785
11.11
11.63
11.81
9.896
4.528
6.199
12.29
16.53
15.48
8.011
0.8521
3.104
2.288
0.364
0.04599
1.202
4.537
9.993
16.75
18.29
12.81
0.008101
0.4776
0.8869
0.7467
0.5007
0.6435
0.7636
0.9746
0.7151
0.3476
0.004108
0.4133
0.9936
1.826
2.444
2.346
1.498
1.618
2.214
1.894
1.145
0.09594
1.839
5.425
8.734
11.04
11.95
11.7
10.3
5.989
0.307
1.52
9.517
14.62
14.86
7.317
0.2008
3.302
3.076
1.835
0.684
0.06678
0.4613
5.049
6.691
7.614
6.485
0.06689
0.7582
0.09333
0.0373
0.6594
-0.5078
-1.412
-1.241
-0.06478
0.01806
1.118
2.544
3.269
4.057
4.848
4.494
2.127
0.004604
0.02683
0.565
2.548
3.791
2.882
2.141
1.598
1.258
2.636
2.704
2.309
2.877
3.995
3.857
0.01981
1.08
1.763
1.764
1.983
1.355
3.278
1.069
0.1347
2.361
3.602
3.442
2.646
1.091
0.01335
0.03745
0.01056
0.932
0.3189
-0.9061
-1.991
-2.143
-1.686
-0.07253
0.819
1.402
2.412
3.503
4.46
4.602
4.059
1.544
0.0008588
0.0009484
0.8094
3.531
3.38
2.171
1.018
0.6546
1.671
2.479
1.691
0.02394
2.942
3.712
3.257
0.3537
1.35
1.308
1.474
0.03976
2.639
3.08
0.01101
1.539
3.117
3.693
3.345
1.555
0.02129
0.7177
0.238
0.3009
0.1966
-0.7716
-1.86
-2.324
-2.087
-1.361
0.007162
2.398
1.634
2.788
4.001
4.348
3.89
2.883
0.9038
-0.00517
-0.0007162
0.1404
2.886
2.176
0.9456
0.003065
0.002952
0.9249
1.996
1.683
0.2727
1.997
2.9
2.474
0.9949
1.845
1.984
1.316
0.163
2.88
2.269
0.02751
2.478
3.679
3.816
3.188
1.22
0.05221
1.389
-0.2848
-0.298
-0.4592
-1.129
-1.816
-1.933
-1.421
-0.1387
0.04435
1.931
1.817
3.221
4.113
3.867
2.94
1.456
0.4477
0.1384
0.0001023
0.005592
0.4946
0.8459
0.7113
0.2387
0.00401
0.2431
0.9322
0.2299
1.489
1.861
2.275
1.665
0.5019
0.1283
0.2875
0.02213
1.972
2.618
1.664
0.1051
2.758
3.908
3.691
2.479
0.5212
1.193
2.667
-0.2995
-0.2353
-0.5524
-0.9797
-1.19
-0.8696
-0.1281
0.008323
1.384
1.717
1.914
3.205
3.728
3.199
1.804
0.9901
0.8889
0.6664
0.2155
0.192
0.007592
0.5857
1.107
0.939
0.09952
0.005446
0.3278
0.01065
1.747
1.613
1.609
1.08
0.1515
0.007433
0.01258
1.394
1.89
1.177
0.5501
0.008634
2.106
3.306
3.026
1.258
0.01216
1.154
3.055
-0.3115
-0.2654
-0.4925
-0.5925
-0.1634
0.1653
0.005362
0.831
1.65
1.441
1.673
2.558
2.539
1.662
1.369
1.506
1.626
0.8185
0.1125
0.5299
0.9434
0.01295
1.254
1.526
1.082
0.01223
0.004042
0.01166
1.462
0.9302
0.7444
0.3986
0.00937
0.006966
0.8907
1.554
1.156
1.198
0.5331
0.01266
0.3606
1.826
1.435
0.008403
0.5536
1.333
2.6
-0.04267
0.166
0.1183
0.0671
0.001395
0.2434
0.4207
0.7661
0.9274
0.9521
1.124
1.249
1.144
1.156
1.382
1.681
1.614
0.6343
0.1264
0.6468
1.223
0.007667
1.152
0.996
0.6122
0.3738
0.004282
0.003829
0.006873
0.005454
0.00315
0.1331
0.384
0.008096
0.8157
0.9581
1.223
1.52
1.085
0.7679
0.5704
0.1627
0.5502
0.6233
1.003
1.471
1.591
-0.03161
0.002212
0.001846
0.1062
0.1008
-0.007026
0.05899
0.2135
0.3551
0.4184
0.3049
0.2869
0.268
0.03103
0.1774
0.5333
0.3904
0.09698
0.05294
0.3386
0.4921
0.05948
0.2781
0.2894
0.3304
0.197
0.0019
0.2637
0.4551
0.384
0.3593
0.4005
0.4554
0.2343
0.008817
0.2545
0.4309
0.5917
0.5645
0.4658
0.367
0.1917
0.2438
0.3494
0.4873
0.5004
0.3447
0.7124
1.159
1.855
1.674
0.9915
0.2581
0.02931
0.4045
0.7485
0.001254
-0.02867
-0.2555
0.3778
2.262
4.837
5.105
3.672
1.241
-0.3824
-0.2493
0.6191
2.639
2.274
1.784
2.605
3.294
3.108
2.808
1.766
2.552
4.185
5.015
2.109
1.444
2.232
2.808
3.36
3.604
3.708
1.79
1.25
2.399
3.462
3.574
2.969
1.772
0.1898
0.4116
0.3216
0.6633
0.4628
-0.1757
-0.4961
-0.2254
0.3975
0.1298
-0.004717
-0.5702
-0.3897
1.769
4.965
5.636
4.888
3.255
1.452
-0.1533
0.01005
2.242
2.635
1.661
0.8212
1.542
2.504
3.006
2.118
0.01194
1.803
3.619
4.251
2.073
1.331
2.154
2.802
2.873
3.711
3.885
1.502
1.772
2.894
3.51
3.295
2.181
1.004
0.004517
-0.4298
-0.2127
0.1353
-0.1206
-0.5443
-0.5655
-0.1395
0.5396
0.001053
-0.3451
-0.3934
0.9881
3.726
5.558
5.034
3.815
2.531
1.409
0.3552
0.004225
1.947
1.806
0.9137
0.349
0.7387
0.1172
1.614
0.3062
0.6579
1.706
3.137
3.034
0.5812
1.407
2.348
2.998
2.792
3.667
3.537
1.769
2.292
3.316
3.761
3.463
2.124
0.8959
0.04216
-0.6154
-0.4431
-0.1959
-0.3099
-0.5482
-0.4879
-0.1055
0.003364
-0.2533
-0.2139
0.7059
2.378
4.265
4.987
3.916
2.555
1.88
1.666
1.785
0.00789
0.4253
0.7529
0.653
0.6352
0.8785
0.007249
0.01419
0.1379
0.9849
1.867
2.793
2.085
0.009044
1.222
1.618
1.693
2.588
2.58
1.51
1.283
2.236
3.331
3.689
3.284
1.83
0.652
1.504
-0.3487
-0.2433
-0.2158
-0.2641
-0.2948
-0.02692
0.002889
0.0531
0.1653
0.8517
1.67
2.765
3.68
3.852
2.73
1.975
1.803
1.478
1.275
0.01262
0.5796
0.4868
0.6997
1.301
1.594
0.7352
0.6754
0.8398
1.207
1.876
2.149
1.352
0.1347
1.29
1.024
1.505
1.351
0.009489
0.006185
0.04684
1.012
2.234
2.665
2.302
1.134
0.01026
2.261
-0.3012
-0.1183
-0.03632
0.002689
0.002201
0.296
0.2284
0.325
0.8013
1.244
1.751
2.33
2.499
2.339
2.031
1.983
2.083
1.448
0.9868
0.01188
1.389
0.6715
0.7287
1.7
2.55
1.841
1.271
0.7341
1.202
1.313
0.9453
0.03639
1.254
1.025
1.206
0.9745
0.006726
0.5128
0.3978
0.1135
0.01173
1.211
1.491
0.7578
0.4776
0.03952
2.093
-0.000714
0.001165
0.0926
0.3573
0.2326
0.01859
0.04148
0.2427
0.6583
0.9097
1.243
1.5
1.552
1.501
1.59
1.921
1.981
1.14
0.8886
0.1243
1.447
0.7839
0.713
1.243
1.766
1.645
1.196
0.9441
0.9617
0.6745
0.2362
0.6299
1.436
1.021
0.8771
0.07151
0.5985
1.292
1.521
1.298
0.7138
0.00382
0.0434
0.0222
0.004833
0.8235
1.441
0.03583
0.06773
-0.02916
0.08264
0.1242
-0.02975
-0.05143
0.07692
0.2922
0.3489
0.3123
0.4062
0.5689
0.5061
0.4281
0.5811
0.5593
0.3121
0.4258
0.6113
0.5783
0.3025
0.1633
0.3396
0.5285
0.5553
0.4207
0.4162
0.4817
0.2847
0.1604
0.4817
0.6158
0.4892
0.2358
0.001531
0.234
0.6325
0.7705
0.715
0.5228
0.1676
0.005026
0.00276
0.08851
0.3157
0.289
-0.05607
0.5168
2.052
3.075
2.846
2.62
2.718
3.073
3.233
1.79
-0.4498
-0.9302
-0.196
0.01805
2.595
3.348
2.392
1.086
0.5744
0.7256
0.01559
1.412
1.57
1.045
0.3529
2.727
3.061
2.853
1.674
1.782
3.93
5.231
3.727
2.08
1.241
2.286
3.096
4.337
3.685
1.92
1.783
2.487
3.128
3.21
2.754
1.924
0.8147
-0.4698
0.1603
1.599
2.55
2.497
2.529
2.841
3.226
2.623
0.5333
-0.9603
-0.8734
0.007289
3.158
4.514
3.934
2.604
1.728
1.589
0.3348
1.222
1.926
1.319
0.5657
0.02979
2.463
3.26
2.841
0.009455
0.9904
3.116
4.079
2.902
0.03229
1.301
2.283
3.703
4.473
3.752
1.63
1.635
2.378
2.824
2.634
2.008
1.335
0.761
-0.4783
0.09925
1.3
2.191
2.303
2.48
2.832
2.899
1.341
0.08658
-0.2278
-0.002063
1.343
4.922
4.85
3.482
2.287
1.919
1.909
0.03028
0.9812
1.561
0.9421
0.5174
0.01259
1.621
2.511
1.628
0.1042
1.279
3.136
3.07
1.55
0.03326
1.156
2.816
3.865
4.571
3.93
2.055
2.049
2.74
3.265
3.259
2.506
1.621
1.009
-0.4329
-0.1564
0.578
1.347
1.642
1.882
2.122
1.332
0.2665
0.01143
-0.0002069
0.05282
2.308
4.858
3.964
2.424
1.761
2.264
1.918
1.068
0.5994
0.8795
0.6671
0.7817
0.02702
0.9273
0.8918
0.00405
0.5058
1.966
3.324
2.512
0.2523
0.3809
1.109
1.955
3.28
3.804
2.916
1.777
2.165
2.935
3.452
3.559
2.813
2.07
1.948
-0.01179
-0.01394
-0.0002567
0.02281
0.02593
0.01671
0.008259
0.0008496
0.001485
0.002347
0.003824
0.1884
1.908
3.512
2.587
1.823
2.194
2.82
0.02185
0.8507
0.3505
0.3758
0.4603
1.412
1.349
0.0114
0.005274
0.3213
0.9763
2.547
2.976
1.761
0.01017
0.7649
0.9011
1.317
2.01
1.82
0.9191
0.3839
0.8844
1.606
2.187
2.769
2.423
1.775
2.505
-0.3074
-0.02928
0.2961
0.4499
0.2021
0.01922
0.001303
0.0004904
0.002401
0.003748
0.02449
0.1673
0.7084
1.573
1.649
1.819
3.029
3.269
0.04506
0.7598
0.4555
0.2356
0.43
1.873
3.32
1.943
1.096
0.6845
1.408
2.121
1.649
0.2427
1.03
1.079
1.124
1.006
0.623
0.3804
0.008933
0.00707
0.006399
1.046
1.399
1.348
1.704
1.485
2.36
-0.2478
-0.1209
0.04871
0.4812
0.7646
0.4234
0.133
0.008483
0.002802
0.002134
0.002096
0.1181
0.4582
0.7729
1.395
2.472
3.24
2.411
0.06372
0.6815
0.4562
0.2904
0.5606
1.485
2.595
1.882
1.008
1.116
1.434
1.175
0.6545
0.1619
1.149
1.058
0.9472
0.5307
0.3536
0.976
1.819
1.813
1.208
0.005273
0.5712
0.6629
0.8093
1.169
1.401
-0.01703
0.05284
0.02057
0.1941
0.3802
0.1983
0.03391
0.001245
0.002352
0.01422
0.003911
0.0007312
0.05453
0.3507
0.6178
0.9818
1.106
0.8212
0.005723
0.3678
0.1966
0.06146
0.1071
0.4762
0.6868
0.6123
0.5278
0.5396
0.571
0.3933
0.106
0.4741
0.5411
0.416
0.2682
0.1204
0.04024
0.6376
0.9627
0.923
0.6292
0.004603
0.2354
0.2355
0.2209
0.2275
0.2058
0.02422
0.5823
3.144
5.767
5.413
4.711
4.26
4.195
4.516
4.042
2.27
2.659
3.801
0.8633
1.588
1.945
1.322
1.066
1.708
0.0368
1.006
1.705
1.729
0.01025
1.427
1.982
2.409
2.816
2.187
0.01262
2.45
5.483
5.245
3.604
2.624
1.52
0.02918
3.04
3.169
1.978
2.944
3.311
3.342
3.158
2.674
1.988
1.322
-0.1038
0.342
2.982
5.026
4.724
4.344
4.217
4.305
4.31
3.598
2.104
2.33
0.04323
1.456
2.991
2.703
1.573
1.826
2.255
1.381
1.71
2.266
1.755
0.01143
1.476
1.819
2.946
3.522
1.721
0.01093
1.79
4.208
5.087
2.559
1.215
0.01632
1.908
4.109
3.677
1.832
2.228
2.757
2.862
2.429
1.89
1.467
1.347
-0.002323
0.007102
1.51
3.632
3.892
3.932
4.113
4.258
3.959
3.533
2.078
1.336
0.01608
2.802
3.844
2.796
1.681
1.987
0.03548
1.018
1.491
2.212
1.645
0.01099
1.466
1.72
2.856
2.844
1.415
0.04063
2.236
2.657
3.004
1.357
0.008134
1.043
3.607
4.988
4.563
2.988
2.717
3.056
3.431
3.449
2.86
2.106
1.564
-0.1023
-0.001974
0.009137
1.497
2.754
3.323
3.742
3.721
3.484
3.023
1.132
0.2908
0.03759
3.034
3.348
1.975
1.125
0.04195
1.703
1.394
1.506
1.929
1.536
0.0109
1.553
1.707
1.934
1.28
0.6466
0.4081
2.953
2.593
0.8369
0.006849
0.4779
1.618
3.682
4.742
4.086
3.005
2.882
3.033
3.284
3.683
3.28
2.649
2.275
-0.09299
0.1932
0.01513
0.01716
1.03
1.707
2.067
2.195
2.274
1.712
0.1951
-0.06113
0.02598
2.048
1.842
1.055
0.6276
1.505
1.664
0.8427
0.9064
1.116
1.019
0.01388
2.438
1.92
1.106
0.7197
0.01024
1.561
3.17
2.06
0.008175
0.5488
0.6368
0.654
2.165
2.689
0.9192
0.01927
0.008214
0.009048
0.0408
1.955
2.736
2.571
2.933
-0.09918
0.4929
0.8282
0.004875
0.6253
0.9512
1.106
1.207
1.474
1.058
0.09902
-0.09715
0.003216
0.1848
0.5755
0.07166
0.1129
2.831
1.611
0.4365
0.3857
0.48
0.6633
0.01721
2.741
2.59
1.342
0.1166
0.03612
1.699
1.365
0.01097
0.7792
1.206
1.016
0.5914
0.7419
0.0866
0.153
0.6518
0.6398
0.8305
0.07713
0.07245
1.791
2.269
2.886
-0.01097
0.7613
0.9334
0.00477
0.6443
0.9432
1.04
1.128
1.246
0.93
0.3282
0.3182
0.3029
0.005288
0.007708
0.1843
2.187
2.983
1.28
0.1762
0.07289
0.3982
1.052
0.01593
1.689
1.452
0.0309
0.03022
0.9585
1.354
0.02427
0.5315
1.022
1.106
0.8848
0.461
0.4383
0.1966
1.719
1.993
1.491
0.5075
0.3381
0.01598
0.9029
1.393
1.528
0.1484
0.3886
0.3742
0.002842
0.2595
0.3311
0.3635
0.466
0.4446
0.3541
0.2213
0.1061
0.107
0.2902
0.5426
0.8475
1.17
1.161
0.424
0.02107
0.02
0.1332
0.01577
0.006876
0.04333
0.00379
0.142
0.3427
0.5372
0.5467
0.003199
0.3097
0.4002
0.3683
0.2707
0.1514
0.003036
0.4048
0.7849
0.7706
0.5689
0.2114
0.02424
0.1114
0.1769
0.1359
0.09139
-0.003744
-0.002703
0.02916
3.714
4.927
4.306
3.216
2.687
4.103
6.359
4.828
0.06155
4.092
2.853
2.593
2.548
1.682
1.371
0.5385
1.941
1.791
2.213
2.808
1.018
0.2688
0.8047
1.3
2.806
3.633
1.824
0.01667
3.43
5.034
3.68
4.024
4.116
2.118
3.064
2.792
0.02064
2.379
3.582
3.616
3.201
2.63
1.824
0.1669
0.06634
0.0497
0.01823
2.585
3.572
3.403
2.956
3.025
4.353
6.052
4.55
0.1171
2.432
2.464
3.386
2.982
1.496
0.02492
1.872
2.06
2.442
3.094
3.476
0.09601
0.3643
0.856
2.564
3.778
3.682
2.365
0.1558
0.09488
3.704
3.39
2.694
2.643
2.505
3.841
3.493
0.01665
0.02824
0.4279
0.6478
0.1421
0.02004
0.009736
0.007346
0.4239
0.1295
0.01558
1.515
2.396
2.647
2.83
3.31
4.21
5.815
4.281
0.1051
1.883
2.719
3.905
2.966
0.9962
1.564
1.485
1.557
2.552
3.581
3.972
0.01116
0.3698
1.56
3.071
3.404
3.494
2.847
2.519
0.02394
0.2801
1.653
1.161
1.944
3.098
4.802
4.94
1.64
0.4455
0.4533
1.019
1.577
1.397
0.7601
0.3848
1.115
0.05656
0.02918
0.5379
1.405
2.162
2.862
3.258
3.89
5.309
3.801
0.03743
1.516
2.57
3.223
1.681
0.03237
1.481
1.187
1.659
2.796
3.755
3.586
0.2204
0.8656
2.13
2.536
2.497
2.939
2.993
3.992
1.542
0.01903
0.006333
0.006306
0.2154
2.269
4.788
5.32
4.206
3.429
3.233
3.189
3.051
2.679
2.334
1.881
1.312
0.008717
0.3508
0.1048
0.6668
1.569
2.307
2.442
3.255
4.369
3.182
0.01747
0.592
1.293
0.7876
0.01481
1.708
1.767
1.069
1.205
2.137
2.713
0.5584
1.23
2.176
2.343
1.974
2.092
2.151
2.882
4.367
3.868
1.514
1.005
0.191
0.003735
0.06151
3.075
3.342
2.343
1.854
1.707
1.559
2.074
2.52
2.922
3.181
1.02
0.006847
0.9142
0.4455
0.5813
1.248
1.587
1.639
2.985
3.506
2.532
0.2299
0.01131
0.003723
0.02792
1.273
1.594
1.931
0.9687
0.5129
0.9808
1.231
0.01715
1.817
2.462
2.539
1.949
1.659
1.535
2.414
3.087
2.003
1.715
1.647
1.002
0.3139
0.008711
1.599
1.45
1.491
1.328
1.181
0.8612
1.166
2.434
3.224
3.412
0.02909
0.08265
0.9152
0.572
0.6556
1.097
1.149
1.445
2.625
2.581
2.028
1.467
1.242
0.911
0.8891
1.367
1.933
1.908
0.7623
0.08661
0.164
0.2885
1.852
1.735
1.781
1.715
1.048
0.7998
1.24
1.838
1.395
0.9887
1.095
1.113
0.835
0.4571
0.06987
1.2
1.768
1.733
1.267
0.6448
0.672
0.7673
1.417
1.724
0.8642
0.002023
0.1455
0.4071
0.2917
0.233
0.2768
0.2887
0.7842
1.008
0.8382
0.6333
0.4285
0.3091
0.5728
0.8071
0.8807
0.8432
0.6716
0.1927
0.002728
0.1686
0.02779
0.6487
0.4852
0.3771
0.276
0.2258
0.2777
0.4292
0.6248
0.3576
0.2418
0.2862
0.3054
0.2585
0.252
0.1497
0.3087
0.552
0.4782
0.2987
0.1317
0.1538
0.2136
0.01546
0.002664
0.002917
1.317
0.104
-0.02742
0.8261
2.502
2.824
1.876
0.6572
0.03645
4.812
6.243
3.534
3.619
4.867
5.693
5.375
2.803
0.4794
1.147
1.872
2.224
2.509
3.382
2.756
1.488
1.024
0.02512
0.01679
1.176
2.606
3.8
5.077
4.952
0.1756
0.2127
2.903
1.941
3.067
4.046
2.968
3.602
4.309
3.634
3.075
2.546
2.16
2.432
0.9195
0.01496
-0.1559
0.5826
1.865
2.083
1.596
1.735
0.03667
3.954
5.554
3.873
3.808
5.031
5.983
5.123
0.2633
0.6668
0.6364
1.904
2.812
3.523
4.94
2.823
1.321
0.08351
0.01612
1.017
2.243
4.5
5.621
4.404
5.057
2.815
0.01745
1.86
1.958
3.406
4.677
3.424
2.698
3.062
3.131
2.535
1.904
1.729
2.017
0.009275
0.4859
-0.1292
0.08841
0.9113
1.108
1.274
2.554
0.02579
3.709
5.499
4.216
3.792
4.89
5.848
4.63
0.01693
0.487
0.3773
1.83
3.252
4.511
6.016
2.573
0.5666
0.01133
1.022
1.54
2.662
4.878
7.086
5.618
3.753
2.715
0.01556
1.155
2.02
3.947
5.221
4.115
3.079
2.809
2.853
2.603
2.064
2.223
2.569
0.6288
0.517
-0.2965
-0.3795
0.1971
0.7897
1.856
3.017
0.02132
3.664
5.433
4.062
3.32
4.245
4.858
2.943
0.02446
0.06896
0.228
1.823
3.681
5.41
5.907
1.878
0.01043
1.083
1.48
1.464
2.694
4.518
7.058
6.642
4.031
1.898
0.4615
0.05835
1.536
3.888
4.979
4.325
3.681
3.323
2.919
2.368
1.883
2.088
2.538
1.191
0.5169
-0.1529
-0.2277
0.2621
1.136
2.698
2.723
0.02625
3.318
4.867
3.572
2.613
2.984
2.793
0.0187
0.2689
0.505
0.3246
1.307
3.229
5.081
3.273
0.01552
1.108
1.899
1.461
1.481
2.392
3.643
5.775
6.031
4.433
3.207
1.681
0.006769
0.8368
2.86
3.562
2.904
2.314
1.845
1.35
1.237
1.774
2.999
3.899
1.546
0.5727
0.2709
0.2836
0.788
2.139
2.868
0.8659
0.08926
2.705
3.849
3.29
2.156
1.534
0.3217
0.00663
0.7173
0.9921
0.4475
0.3639
1.497
2.735
0.01926
0.9198
1.979
1.997
1.222
1.363
1.817
2.502
3.485
3.54
3.193
2.635
1.494
0.1358
0.194
1.568
2.187
2.141
1.763
1.228
0.7081
1.248
2.954
4.177
4.453
1.138
0.4235
0.3526
0.4743
1.411
2.388
2.049
0.01719
0.7311
2.176
2.578
2.426
1.824
0.4987
0.00577
0.5457
1.138
1.166
0.5818
0.1206
0.06917
0.01423
1.139
1.529
1.592
1.238
0.6442
0.8657
1.228
1.52
1.441
1.367
1.372
1.145
0.8238
0.6253
0.009226
0.7671
1.579
1.68
1.214
0.5596
0.6521
1.156
2.06
2.539
2.23
0.2798
0.08621
0.1735
0.4131
0.6172
0.6144
0.009095
0.02585
0.5284
0.7458
0.7277
0.5179
0.01982
0.00423
0.2654
0.4602
0.4698
0.4046
0.216
0.004026
0.0236
0.2641
0.3395
0.3848
0.3184
0.2244
0.177
0.2173
0.3521
0.4721
0.3552
0.2652
0.2575
0.2581
0.2473
0.3532
0.3163
0.003563
0.1223
0.3201
0.1843
0.003446
0.001694
0.08235
0.2619
0.06456
0.005788
1.155
1.439
0.8346
1.113
2.305
3.147
2.965
0.1335
0.07807
1.083
2.637
1.619
2.983
8.051
9.677
8.676
5.516
0.9214
0.002732
0.1496
1.019
1.524
3.156
3.918
3.595
3.26
2.116
0.692
0.3959
0.03096
3.676
5.994
7.133
5.018
3.285
3.143
0.02256
1.57
2.786
3.035
3.924
4.596
4.186
3.442
2.387
1.393
2.01
1.147
0.4835
0.2146
0.9787
2.209
2.843
2.446
0.02394
0.8802
0.9669
2.177
2.716
5.22
8.961
9.466
8.163
3.9
0.9313
0.003269
0.06534
0.9416
1.96
5.058
5.054
4.134
2.783
1.002
0.4421
0.02792
1.926
5.861
6.285
6.906
6.126
3.298
2.406
0.048
1.609
3.294
3.345
3.473
3.752
3.566
2.785
1.819
1.445
2.35
0.6248
0.09779
0.009263
0.5744
1.352
1.492
0.1331
0.4292
0.9845
0.9669
2.844
4.204
6.169
8.472
8.539
6.863
2.428
0.6734
0.006022
0.0205
1.031
3.021
6.672
5.459
3.699
1.758
1.016
0.5152
0.005906
2.592
7.151
7.124
6.255
5.617
3.079
1.638
0.1598
2.088
4.007
3.789
3.596
3.505
3.251
2.496
1.515
1.698
2.066
0.516
-0.01485
-0.3317
-0.1612
0.2501
0.4224
0.01731
2.372
1.635
1.857
3.801
4.701
5.58
7.219
6.95
4.717
1.204
0.3937
0.01967
0.006528
1.358
4.916
7.233
5.143
2.663
1.799
1.228
0.1451
0.124
2.554
7.246
7.726
6.281
4.885
3.044
0.5556
0.3211
2.616
4.207
3.904
3.714
3.519
2.914
1.904
0.9294
0.2071
0.014
0.6207
0.04323
-0.2324
-0.02654
0.5635
0.0458
1.566
3.496
2.183
2.497
3.85
4.069
4.564
5.523
4.74
1.845
0.6965
0.6143
0.1117
0.002614
1.241
5.52
5.851
3.192
2.341
2.147
1.17
0.004604
0.5298
2.125
5.993
7.053
6.146
4.921
3.087
0.1082
0.5035
2.637
3.685
3.191
2.754
2.225
1.331
0.4808
0.01027
0.0585
1.663
0.8403
0.3835
0.6533
0.836
0.3205
0.2796
3.213
3.729
1.924
2.246
3.028
3.266
3.554
3.747
2.488
0.9992
0.7112
0.9804
0.6238
0.004315
0.02302
2.824
2.162
1.908
2.258
1.93
0.3105
0.002939
0.3698
1.074
3.055
4.542
4.392
3.521
1.933
0.01373
0.6216
2.028
2.876
2.663
2.161
1.214
0.03651
0.1944
2.231
3.432
4.056
0.976
0.937
0.7669
0.04441
0.3244
2.332
3.577
2.508
1.509
1.739
2.045
2.211
2.417
2.308
1.316
0.7811
0.8303
0.9778
0.8749
0.5977
0.02804
0.009316
0.05539
0.7834
1.238
0.7712
0.008986
0.001693
0.2094
0.4961
0.7003
1.248
1.554
1.129
0.8002
0.007846
0.4423
1.246
1.917
1.799
1.166
0.00552
0.4516
1.231
2.448
3.018
2.741
0.4211
0.2913
0.003533
0.3373
0.7401
1.206
1.138
0.562
0.4758
0.5625
0.6255
0.6819
0.6373
0.4642
0.3383
0.2672
0.2463
0.3037
0.4417
0.4505
0.3443
0.2988
0.005509
0.002306
0.007977
0.01422
0.001492
0.0005212
0.002501
0.1291
0.1787
0.1931
0.2429
0.2879
0.1507
0.003519
0.08504
0.2815
0.3368
0.0708
0.004679
0.1073
0.2012
0.4054
0.5897
0.5332
0.3082
0.8288
1.154
2.235
3.14
3.986
4.776
5.552
4.499
1.426
1.063
2.482
0.5626
0.02779
5.51
9.615
9.028
5.676
2.086
0.5849
0.2956
0.945
0.104
0.7783
3.417
4.365
3.548
2.024
1.241
1.139
0.3485
2.377
5.167
6.439
5.575
4.645
4.631
2.086
0.04998
1.082
2.434
4.097
4.891
4.42
3.689
2.34
0.009409
0.9092
0.2358
0.3429
1.613
3.066
4.076
4.884
5.457
3.457
1.163
0.7471
0.5055
0.01099
1.253
8.861
10.41
8.53
4.409
1.916
1.064
0.4215
0.446
0.00707
3.536
5.472
5.12
3.447
1.659
0.9677
0.5605
0.03049
4.257
6.066
7.038
6.745
5.06
4.252
1.723
0.008905
1.639
2.867
4.247
4.823
4.495
3.507
1.592
0.01654
1.766
0.3514
0.1725
1.2
2.421
3.001
3.082
2.42
1.37
0.3084
0.01785
0.00915
0.1727
4.508
9.958
9.892
7.263
3.193
1.63
1.417
0.4441
0.1266
0.03078
4.97
5.842
4.778
3.037
1.789
0.9589
0.2704
0.01355
5.138
6.711
7.05
6.844
5.147
3.5
0.7296
0.5677
2.824
3.169
4.167
4.576
4.133
2.658
0.01811
0.9468
2.826
0.831
0.2917
0.3941
0.7358
0.06648
0.02353
0.008615
0.008242
0.003787
0.002704
0.1075
1.945
5.553
9.258
8.286
5.278
2.192
1.68
1.775
0.4635
0.1582
1.051
5.268
5.334
3.995
3.017
2.048
0.8455
0.06565
0.01104
5.236
6.979
6.932
6.375
4.836
2.005
0.007324
1.701
3.499
3.125
3.58
3.861
3.176
1.497
0.1041
1.822
2.383
1.224
0.4121
0.05065
0.009402
0.02486
0.04172
0.02165
0.01932
0.01272
0.1328
1.144
2.287
4.969
7.334
5.789
2.928
1.557
1.848
1.867
0.4728
0.02936
3.162
4.702
3.94
3.445
3.065
2.114
0.5877
-0.06808
0.008554
4.062
6.213
6.303
5.54
3.727
0.2805
0.1949
2.588
3.592
2.733
2.538
2.302
1.498
0.00987
0.9636
2.047
3.085
0.9895
0.006362
0.07488
1.204
2.04
1.478
1.988
1.696
0.9014
1.035
1.247
1.741
3.241
4.704
3.258
1.716
1.467
1.974
2.04
1.815
0.01327
1.807
2.41
2.533
2.824
2.725
1.694
0.372
-0.06123
0.005223
0.5413
3.422
4.025
3.162
0.9746
0.01205
0.8074
2.496
3.219
2.65
2.282
1.86
0.6647
0.5776
2.318
3.567
4.082
0.01528
0.7195
1.231
1.352
1.885
2.316
2.945
2.417
1.531
1.256
0.9779
0.9281
1.316
2.219
1.824
1.258
1.216
1.367
1.607
2.357
0.01493
0.4902
0.7981
1.211
1.624
1.609
0.9262
0.1586
0.004548
0.138
0.003163
0.03526
0.381
0.01705
0.04241
0.6906
0.8928
1.653
2.223
2.149
1.781
0.8089
0.00562
0.9599
2.358
2.903
2.842
0.284
0.4495
0.4519
0.4736
0.8537
0.9934
0.9861
0.7235
0.5086
0.434
0.3568
0.298
0.3445
0.4654
0.4842
0.37
0.2914
0.3944
0.8634
1.078
0.01119
0.4015
0.364
0.2519
0.277
0.2903
0.1868
0.06614
-0.0158
0.09913
0.1713
0.09597
0.07439
0.3127
0.5245
0.5115
0.3301
0.3671
0.4682
0.4461
0.3044
0.02814
0.1071
0.4455
0.6483
0.6518
0.5796
1.224
1.325
3.378
4.134
4.443
4.78
5.342
5.383
3.588
4.195
7.74
6.661
0.05507
3.772
7.616
7.948
4.914
1.26
0.243
1.64
3.482
2.431
0.01221
0.258
2.989
3.303
1.926
1.794
0.7976
0.01173
1.471
3.491
5.304
5.88
5.716
5.394
3.509
1.682
0.02054
1.264
3.794
4.897
4.284
3.685
3.149
1.313
0.01003
0.12
0.01213
0.7296
3.124
4.497
5.28
5.775
5.459
3.64
3.949
6.262
3.533
0.06168
5.571
8.9
8.119
4.335
1.166
1.041
2.351
2.981
0.05656
0.05357
3.109
4.75
4.01
2.242
1.435
1.097
0.01145
1.968
4.178
5.857
6.793
6.44
5.648
3.349
1.002
0.02181
1.789
4.5
5.437
5.085
4.261
2.889
0.7848
1.036
0.002052
0.003692
0.01347
1.88
4.181
4.938
4.704
4.553
2.998
2.523
3.5
1.218
0.1172
6.678
9.067
7.399
3.379
0.8453
2.116
2.667
1.108
0.0132
2.064
4.511
5.065
4.153
2.564
1.19
1.326
0.01178
2.312
4.63
5.896
6.835
6.701
5.563
2.568
0.01465
1.661
2.416
4.602
5.45
5.008
3.738
1.424
0.008157
2.171
0.3606
0.3816
0.009652
0.2282
2.51
2.716
2.188
2.81
1.749
1.03
1.771
0.6477
0.1703
6.45
7.98
5.754
2.362
1.451
3.082
2.222
0.01614
0.743
3.2
4.568
4.707
4.08
2.665
1.089
1.415
0.01131
2.222
4.676
5.589
6.192
6.079
4.435
0.9167
0.05748
2.744
2.552
3.744
4.488
3.803
2.185
0.8454
0.7035
2.145
1.504
1.341
0.451
0.009105
0.7585
0.8636
1.358
2.095
1.194
0.7125
1.329
0.4263
0.1372
5.066
5.707
3.491
1.548
2.257
3.074
0.1853
0.03621
1.439
3.144
3.81
4.091
3.797
2.583
1.024
1.201
0.01133
1.283
3.921
4.8
4.938
4.431
2.03
0.009452
1.982
3.516
2.417
2.511
2.511
2.19
1.086
0.009492
1.61
2.68
1.972
1.385
1.2
0.007718
1.026
1.276
2.273
3.008
2.029
1.259
0.7166
0.7138
0.03049
2.78
2.842
1.879
1.792
2.715
1.589
0.01627
0.4924
1.05
1.951
2.6
3.122
3.123
2.19
0.9612
0.6662
0.04938
0.02344
1.843
2.935
2.756
1.795
0.00949
0.2001
2.462
3.42
2.683
2.474
2.538
1.799
0.03127
1.363
2.754
3.251
0.9693
0.9862
1.527
0.01915
0.73
1.474
2.682
2.994
2.244
1.489
0.7623
0.4173
0.01001
0.3507
1.318
1.535
1.619
1.283
0.01679
0.6145
0.7014
0.5157
0.8003
1.239
1.684
1.796
1.275
0.5827
0.3923
0.7868
0.01185
0.01623
0.3488
0.1744
0.003819
0.02204
0.7256
1.796
2.442
2.437
2.245
1.716
0.667
0.05687
1.599
2.245
2.203
0.2986
0.4025
0.6361
0.03875
0.2117
0.5489
0.9192
0.936
0.7432
0.592
0.4824
0.3656
0.04984
0.005315
0.05608
0.2357
0.1133
0.008134
0.0149
0.75
0.4533
0.2187
0.2
0.2154
0.2805
0.3245
0.2507
0.1234
0.09094
0.4396
0.2921
0.007821
0.002351
0.002708
0.06226
0.2121
0.2888
0.4259
0.5521
0.5796
0.5516
0.381
0.003166
0.2575
0.467
0.5357
0.5675
2.149
0.01288
1.822
2.382
2.462
2.725
3.51
5.693
4.389
0.03591
5.792
8.022
4.39
4.638
7.305
8.247
5.942
1.997
0.07623
0.02275
2.342
3.585
2.419
2.101
3.434
2.905
0.05346
0.01118
0.7514
0.9147
0.9372
2.048
4.155
5.68
5.938
5.501
4.258
3.031
1.576
0.09558
1.901
4.024
3.673
3.179
3.338
2.493
0.9351
2.266
0.01174
0.9428
1.96
2.824
3.726
4.701
6.813
5.292
0.03822
4.538
6.078
3.743
5.258
8.306
8.675
5.553
1.253
0.01158
0.9201
3.04
2.334
1.683
2.933
4.641
4.477
1.058
0.01094
0.1665
0.6804
1.222
2.37
4.181
6.275
6.942
6.386
4.651
2.651
1.262
0.01142
2.789
4.661
4.773
4.265
3.377
1.491
0.01242
1.656
0.01116
0.4332
1.573
2.971
3.948
4.668
6.666
5.018
0.04227
1.871
3.937
3.231
5.694
8.609
8.328
4.377
0.06476
0.03928
2.264
2.595
1.308
1.988
3.611
5.082
5.081
2.95
0.01931
0.03612
0.7009
1.561
2.718
3.831
5.771
7.189
6.983
5.046
2.576
2.02
0.01203
2.731
4.854
4.913
3.729
2.143
0.01197
1.447
1.44
0.01597
0.6719
1.046
2.147
2.635
3.355
5.29
3.943
0.1414
0.1474
2.702
2.697
5.426
7.826
6.683
1.644
0.01213
1.929
2.863
1.648
1.354
2.392
3.777
4.968
5.066
3.568
0.0687
0.01478
0.7277
1.674
2.786
3.325
4.686
6.105
6.243
4.162
2.792
2.791
0.01362
0.8833
3.477
3.213
0.4027
0.01261
1.039
2.117
1.876
0.02606
0.9845
0.6034
1.055
1.364
2.583
4.516
3.565
1.019
0.02197
1.998
2.107
4.225
5.432
3.11
0.01642
0.149
3.19
2.162
0.7215
1.208
2.355
3.391
4.431
4.678
3.578
0.2709
0.01007
0.7851
1.412
2.445
2.775
3.291
4.091
3.935
2.557
3.292
3.291
0.01821
0.01423
0.02975
0.01501
0.0733
0.8131
1.84
2.304
2.15
0.03669
1.277
0.9627
0.9386
1.232
3.001
4.779
4.024
2.42
0.01825
0.1088
0.8675
1.718
0.8123
0.01516
0.03656
2.372
3.353
1.505
0.6686
1.035
1.789
2.535
3.434
3.889
3.313
1.333
0.008265
0.7229
0.7192
1.467
1.912
1.855
1.921
1.315
1.49
2.907
3.415
0.5961
0.07471
0.2731
1.386
1.016
1.447
2.142
2.652
1.468
0.03712
1.469
1.161
0.7131
1.137
3.161
4.047
3.561
2.626
0.3452
0.01653
0.01394
0.005015
0.00651
0.09686
1.232
2.658
2.037
1.045
0.5149
0.6088
0.9654
1.384
1.968
2.4
2.192
1.282
0.006942
0.2533
0.8831
0.4347
0.6098
0.4864
0.3638
0.4037
0.857
1.77
2.511
2.241
1.81
1.476
1.25
0.9572
1.474
1.782
1.664
0.4583
0.01019
0.6722
0.4991
0.2318
0.4582
1.142
1.274
1.15
1.044
0.816
0.4692
0.1188
0.07429
0.2291
0.4262
0.6471
0.9302
0.4986
0.37
0.1704
0.1529
0.2179
0.277
0.3932
0.525
0.5299
0.357
0.003339
0.06686
0.6679
0.3505
0.1179
0.1204
0.1071
0.1435
0.2079
0.3581
0.5215
0.5918
0.593
0.5613
0.3725
0.3428
0.3574
0.4685
0.5933
1.659
0.6022
0.5192
0.8224
0.879
1.683
0.08179
3.749
5.168
3.787
4.647
6.53
6.656
8.562
10.14
10.44
8.027
0.603
0.09128
0.4695
1.395
2.803
2.41
2.62
4.375
5.01
3.636
1.949
0.007936
0.1435
0.4785
1.358
3.925
5.792
5.831
4.912
3.726
3.17
2.722
2.044
2.525
3.366
1.837
0.1458
0.08649
0.7068
1.335
1.443
0.5052
0.4303
0.7528
1.349
3.493
0.04465
5.045
6.638
4.066
3.994
5.098
5.5
8.034
10.21
10.46
7.501
0.1021
0.3128
0.7215
1.52
2.308
2.037
2.858
4.947
5.769
4.657
2.798
0.01895
0.01623
0.6008
1.266
3.439
6.381
7.381
6.661
4.886
3.083
2.128
1.391
2.118
3.167
3.411
2.976
2.566
1.968
1.356
1.176
0.6296
0.3757
0.8755
2.354
4.469
0.03576
5.198
6.517
3.63
2.672
3.422
4.431
7.432
9.924
10
6.766
0.02726
0.4272
0.9094
1.369
1.888
2.138
3.134
5.164
5.968
5.469
3.501
0.08205
0.004653
0.8347
1.558
2.385
5.284
7.77
7.969
6.368
4.23
3.336
2
2.712
3.762
4.128
3.802
2.93
1.456
2.188
1.284
0.9431
0.4968
0.9709
2.643
3.644
0.03205
4.582
5.754
3.575
1.894
2.445
3.664
6.602
8.966
8.663
4.842
0.01319
0.8586
1.008
1.126
1.837
2.285
3.186
5.043
5.838
5.637
3.785
0.2587
0.003565
0.9051
1.643
1.658
3.658
6.159
7.436
6.382
5.137
4.972
3.219
3.286
4.445
4.632
3.372
2.017
2.02
2.598
1.808
1.271
0.7717
1.232
2.308
2.519
0.04017
4.158
5.249
4.055
2.206
2.396
3.3
5.384
7.038
6.093
1.8
0.009679
1.028
0.7421
0.8274
1.706
2.186
2.899
4.529
5.386
5.337
3.817
0.4813
0.00413
0.7739
1.588
1.514
1.956
3.606
4.884
4.796
5.228
5.612
3.769
2.808
2.749
2.44
1.756
1.715
2.26
2.217
2.377
1.266
0.9242
1.748
1.996
1.269
0.3065
4.24
5.148
4.616
2.999
2.207
2.51
3.465
3.991
2.885
0.09245
0.04308
1.13
0.5761
0.6109
1.421
1.768
2.222
3.483
4.484
4.593
3.872
1.246
0.005033
0.3975
1.212
1.39
1.125
1.519
1.995
2.768
4.041
4.865
3.824
2.665
2.115
2.096
1.527
1.37
1.971
2.34
1.922
1.052
1.184
1.786
1.311
0.02587
1.632
3.756
4.142
3.793
2.802
2.349
1.695
1.451
1.541
1.18
0.009382
0.2791
0.787
0.3604
0.2877
0.8289
1.089
1.307
2.044
2.892
3.105
2.904
1.257
0.004746
0.2306
0.5706
0.7173
0.541
0.4932
0.6825
1.214
2.147
2.943
2.886
2.236
1.459
1.294
1.283
1.497
1.504
0.01375
0.594
0.3692
0.6494
0.6514
0.3678
0.003924
0.7181
1.181
1.243
1.187
1.128
1.195
0.8316
0.4551
0.39
0.2391
0.003028
0.2656
0.2249
0.09086
0.03775
0.2027
0.2794
0.2968
0.438
0.6902
0.8162
0.856
0.2693
0.002373
0.1381
0.2043
0.1663
0.137
0.1281
0.1914
0.259
0.4021
0.549
0.5986
0.5812
0.5566
0.4848
0.4031
0.01086
0.04068
0.3583
0.7627
0.1297
0.8186
1.392
0.07863
0.03307
0.03883
0.008351
0.01406
0.04012
0.9418
3.15
5.993
11.45
12.74
12.56
10.58
4.828
0.9844
0.1941
0.003726
1.382
1.73
2.394
4.545
4.602
4.005
4.116
2.454
1.191
0.9783
0.01187
1.091
4.679
5.465
4.48
3.044
3.013
3.324
3.222
3.328
4.206
4.533
3.751
3.001
2.879
2.617
0.8192
0.7472
1.034
0.9033
0.01558
1.316
1.795
1.452
1.889
1.609
1.911
3.164
5.869
11.09
12.51
12.25
9.8
3.636
0.7414
0.2312
0.004218
1.213
1.578
2.43
4.812
5.052
4.529
4.652
2.878
1.135
0.9487
0.1128
0.03347
3.891
6.714
6.714
5.101
3.174
2.305
1.685
1.939
2.484
2.871
2.902
2.698
2.366
1.991
0.8449
1.317
1.153
0.5085
0.05321
4.434
3.373
3.66
4.142
2.343
1.279
1.986
5.338
10.29
11.85
11.39
8.349
2.084
0.4994
0.2155
0.004208
1.062
1.564
2.453
4.868
5.204
4.916
5.101
3.354
1.279
1.149
0.9908
0.01206
0.5984
5.538
7.795
7.307
5.662
4.106
2.49
2.792
3.185
3.214
3.025
2.782
2.642
3.363
1.058
1.645
1.199
0.02173
1.011
4.591
3.693
4.202
4.698
2.764
1.105
1.502
4.801
9.163
10.61
9.797
6.212
1.157
0.4898
0.1721
0.004289
1.018
1.572
2.387
4.728
5.153
5.012
5.297
3.808
1.557
1.295
1.43
0.02005
0.01969
1.493
5.939
7.246
6.948
6.333
4.658
4.386
4.756
4.698
4.131
3.592
3.537
2.801
1.47
1.879
1.288
0.01331
1.781
3.732
3.579
4.274
4.842
3.385
1.602
2.006
4.749
7.498
8.488
7.347
3.639
0.6061
0.4467
0.08856
0.004603
0.9291
1.452
2.118
4.267
4.863
4.798
5.156
4.068
1.854
1.369
1.586
0.2313
0.007391
0.03285
1.89
4.63
6.043
6.434
5.087
4.189
3.789
3.457
3.08
2.678
2.419
0.02671
2.067
1.653
0.09974
0.4725
2.067
2.743
3.197
4.254
4.784
3.758
2.157
2.397
3.939
5.036
5.439
4.411
1.766
0.6018
0.4988
0.1625
0.002633
0.6867
1.119
1.482
3.225
4.219
4.204
4.506
3.999
2.116
1.361
1.649
1.174
0.02933
0.004572
0.02277
1.098
3.337
4.606
4.209
3.341
2.478
2.179
1.407
0.02664
0.03068
1.996
1.893
1.13
0.0126
1.535
1.943
1.359
2.223
3.466
3.707
2.926
1.894
2.31
2.64
2.607
2.646
2.385
1.212
0.5669
0.4133
0.1793
0.001501
0.1817
0.6382
0.883
1.918
2.901
2.954
3.128
2.952
1.647
1.047
1.198
1.193
0.2893
0.00499
0.00235
0.01745
0.5778
1.903
2.169
1.382
0.07218
0.007669
0.408
1.394
1.698
1.465
0.5892
0.005343
0.3631
0.7071
0.7128
0.3874
0.6039
1.05
1.053
0.8144
0.626
0.9759
0.9425
0.7125
0.6893
0.6657
0.3458
0.188
0.1262
0.05967
0.001514
0.002188
0.157
0.2532
0.4506
0.7727
0.8354
0.9282
0.8795
0.4472
0.2877
0.3491
0.39
0.1949
0.007493
0.001376
0.001407
0.003873
0.01432
0.01036
0.003329
0.1131
0.3298
0.4816
0.4978
0.4747
0.4936
1.012
0.008312
0.04811
0.01346
1.255
1.905
1.17
1.21
1.213
0.817
2.302
3.259
0.03613
7.04
11.32
12.7
11.14
5.968
1.852
0.8379
0.7583
1.319
1.822
0.01585
2.11
2.751
2.896
4.603
3.781
2.793
3.218
3.079
3.072
4.496
4.766
2.931
0.06845
0.01468
0.204
1.823
1.62
1.609
1.976
2.389
2.812
3.216
2.762
0.8225
0.1211
0.8231
0.1239
0.03063
1.113
1.549
1.857
1.92
1.254
1.872
2.412
0.03989
7.294
11.45
12.5
10.36
4.709
1.281
0.7939
0.7446
1.255
1.783
0.01558
2.152
2.883
2.826
4.732
4.329
2.847
2.943
3.455
2.925
4.619
6.373
6.377
4.16
0.5392
0.01424
0.008555
0.008371
0.009089
0.0106
0.0149
0.03279
0.07644
0.01451
0.09727
1.038
1.943
2.32
0.009512
1.465
2.264
3.199
3.489
1.977
0.6047
0.6361
0.05464
7.211
11.16
11.79
9.05
3.375
0.8221
0.7144
0.6995
1.168
1.753
0.01491
2.083
2.897
2.798
4.86
4.846
3.023
2.753
3.619
3.556
3.547
5.933
7.776
7.777
5.939
2.984
0.3283
0.246
0.1557
0.07396
0.04037
0.03305
0.061
2.567
0.00876
1.495
2.373
2.687
0.0444
0.4301
2.085
3.879
4.529
2.916
0.7421
0.03238
0.2692
7.215
10.49
10.49
7.224
2.325
0.6236
0.6522
0.6437
1.096
1.711
0.01383
1.927
2.842
2.781
4.876
5.282
3.393
2.744
3.097
3.227
2.679
3.617
6.161
7.819
8.125
7.416
5.611
4.783
4.143
3.517
3.36
3.602
4.116
4.685
0.01101
1.67
2.489
2.531
1.128
0.0175
1.888
4.013
4.944
3.698
1.221
0.008428
1.945
6.984
9.146
8.425
4.942
1.437
0.5385
0.5927
0.5709
0.98
1.566
0.01205
1.561
2.654
2.653
4.476
5.278
3.745
2.877
2.757
2.53
2.2
1.779
2.956
4.854
6.392
7.17
6.629
5.766
4.739
3.991
4.093
4.391
4.537
3.32
0.9128
2.103
2.058
2.44
2.058
0.0132
1.402
3.661
4.707
3.84
1.145
0.009162
1.743
4.742
6.473
5.65
2.819
0.8238
0.5002
0.5384
0.5492
0.783
1.248
0.01395
0.3741
2.129
2.337
3.193
4.403
3.822
2.997
2.775
2.433
1.762
1.206
0.9179
1.522
2.82
4.138
4.64
4.418
3.576
3.12
3.19
2.754
2.401
2.884
1.417
1.818
1.396
2.165
1.948
0.04128
0.2334
2.384
3.351
2.775
0.3745
0.007767
0.811
2.261
3.267
3.045
1.415
0.4911
0.3858
0.3718
0.4521
0.4601
0.7558
0.0774
0.01263
1.355
1.681
1.88
2.838
2.731
2.351
2.282
2.2
1.628
0.9334
0.5611
0.5466
0.9541
1.64
2.13
2.272
1.648
1.262
1.453
1.846
2.003
1.694
0.5678
0.4925
0.5208
0.7783
0.7444
0.1608
0.007601
0.6191
0.9039
0.7437
0.03523
0.004998
0.283
0.4871
0.7979
0.7244
0.2885
0.1305
0.104
0.09618
0.1586
0.1059
0.2129
0.1832
0.002493
0.2432
0.4787
0.5398
0.7408
0.7231
0.6581
0.6802
0.7186
0.6266
0.3886
0.2221
0.1867
0.2045
0.2788
0.3455
0.3623
0.349
0.3797
0.4406
0.4446
0.4426
0.3697
1.989
0.8786
1.236
1.449
1.535
1.968
2.77
2.371
1.376
0.01435
0.2548
4.065
3.712
5.41
9.805
12.69
12.43
8.363
3.316
0.9017
1.022
2.597
3.678
2.134
1.758
2.302
0.02353
0.9918
2.247
2.171
3.119
4.443
4.322
4.485
4.333
4.067
3.077
2.8
2.959
3.618
3.429
2.956
2.858
3.134
3.841
4.626
4.571
1.933
1.866
0.8883
1.909
0.7777
1.377
2.729
3.114
2.817
0.7343
0.01912
2.036
2.662
5.029
9.767
12.55
11.79
7.064
2.24
0.7175
0.9558
2.593
3.776
2.21
1.756
2.214
0.03347
0.2803
2.273
2.179
2.322
4.266
4.918
5.637
6.328
6.089
4.887
3.43
2.336
1.861
1.728
1.639
1.553
1.636
1.995
2.619
2.814
1.552
1.977
0.08616
2.502
0.9608
1.428
2.77
4.225
4.493
3.035
0.04206
0.05893
1.027
4.351
9.359
11.95
10.69
5.669
1.332
0.4576
0.8876
2.531
3.819
2.256
1.711
2.102
0.05285
0.06999
2.378
2.369
2.108
3.753
5.099
5.544
6.989
8.21
8.301
7.321
5.654
3.77
2.916
2.265
1.701
1.661
1.938
2.309
3.808
1.321
1.907
0.0173
2.634
1.736
1.184
2.074
4.82
5.592
4.689
1.68
0.0188
0.2263
3.92
8.789
10.89
9.118
4.375
0.889
0.3177
0.8468
2.444
3.807
2.269
1.641
1.998
0.08426
0.02868
2.475
2.823
2.353
2.246
3.65
4.394
5.396
7.391
8.899
9.388
8.966
7.64
6.277
4.647
3.117
2.985
3.748
4.623
5.273
1.281
1.872
0.01449
2.422
2.616
1.325
1.765
4.75
5.853
5.445
3.766
0.03434
0.03087
2.997
7.523
9.036
6.917
3.029
0.7852
0.2683
0.8174
2.276
3.634
2.238
1.509
1.853
0.1233
0.01817
1.939
2.982
2.747
2.109
2.079
2.489
2.922
4.278
5.954
7.393
8.279
8.056
6.861
4.831
3.115
3.431
4.362
5.026
4.567
1.593
2.008
0.0278
2.296
3.021
1.553
1.469
4.021
5.249
5.274
4.136
0.5803
0.01022
0.4219
4.293
6.005
4.281
1.729
0.8546
0.1987
0.6353
1.838
3.099
2.227
1.157
1.59
0.4196
0.01112
0.2928
2.304
2.945
2.751
2.032
1.551
1.439
1.437
1.925
3.027
4.404
5.243
4.967
3.451
2.492
2.933
3.234
3.406
3.514
1.307
1.618
0.1604
1.963
2.603
1.461
0.853
2.38
3.561
3.944
3.224
1.289
0.01525
0.01323
0.6346
2.616
1.957
1.017
0.8121
0.1067
0.4032
1.156
2.016
1.835
0.812
1.119
0.7794
0.01191
0.01259
0.7131
1.996
2.492
2.397
1.797
1.097
0.7557
0.8514
1.188
1.646
2.14
2.256
1.495
1.3
1.571
1.947
2.193
2.072
0.4337
0.508
0.3038
0.6167
0.8786
0.5901
0.2548
0.5498
0.9992
1.228
1.098
0.5321
0.1151
0.003669
0.01028
0.362
0.3794
0.4205
0.321
0.0197
0.1276
0.373
0.6254
0.7094
0.3543
0.3294
0.3624
0.02093
0.003288
0.00862
0.2851
0.6713
0.8029
0.7069
0.4791
0.3203
0.2682
0.2884
0.3652
0.4271
0.4023
0.3121
0.3205
0.3881
0.462
0.5179
0.4421
0.2173
1.223
1.324
2.157
1.973
0.02161
2.365
2.974
3.151
3.021
2.502
3.492
3.833
5.917
10.48
13.75
14.7
12.35
5.083
0.06966
0.01346
0.5959
2.297
2.114
2.264
4.052
2.683
1.948
2.41
1.514
0.02054
2.928
4.455
4.271
3.352
3.323
3.303
3.943
4.281
4.401
3.691
2.78
2.933
3.485
4.382
4.923
4.275
0.01924
1.473
1.584
2.452
1.837
0.1438
2.615
3.854
4.359
3.983
2.631
2.588
2.868
5.195
10.05
13.53
14.27
11.13
2.441
0.02754
0.01364
0.4514
2.361
2.172
2.087
3.881
3.027
1.743
2.316
2.298
0.02367
0.6103
4.413
6.177
6.51
5.582
4.004
3.38
2.719
2.368
2.173
2.015
1.956
2.155
2.686
3.459
3.767
0.009588
1.752
1.619
2.696
1.978
1.289
2.279
4.544
5.385
5.194
3.546
2.144
2.195
4.506
9.342
12.95
13.41
9.49
0.8135
0.01197
0.01541
0.3452
2.405
2.213
1.892
3.658
3.299
1.638
2.235
2.591
0.3539
0.02303
3.007
5.948
7.85
8.777
8.701
7.796
6.284
5.112
4.439
3.193
1.939
1.85
2.292
3.131
4.721
0.01187
1.9
1.649
2.731
2.256
1.627
0.105
4.025
5.703
5.86
4.657
2.818
2.425
4.361
8.697
12.03
12.07
7.344
0.2603
0.007227
0.01523
0.2704
2.401
2.223
1.722
3.435
3.413
1.614
2.179
2.981
2.082
0.02361
0.07734
2.744
5.592
8.116
9.741
10.28
9.96
8.994
7.647
5.412
2.86
2.487
3.462
4.812
6.336
0.06926
2.009
1.615
2.596
2.812
1.771
0.01297
3.626
5.46
5.828
5.476
3.869
2.951
4.164
7.627
10.36
9.871
4.38
0.1015
0.006342
0.01403
0.2134
2.245
2.169
1.556
3.132
3.345
1.666
1.928
2.929
3.042
0.5414
0.01328
0.02698
0.4003
3.001
5.753
7.435
8.479
8.647
7.728
5.239
2.394
2.827
4.285
5.786
6.084
0.569
2.221
1.603
2.604
3.063
1.816
0.01455
2.778
4.405
4.885
5.083
4.589
3.766
3.416
5.352
7.416
6.389
1.031
0.02309
0.004714
0.00938
0.04785
1.424
1.949
1.291
2.532
3.146
2.055
1.437
2.293
3.211
2.879
0.655
0.02474
0.009435
0.009948
0.02309
0.1397
0.9646
2.715
4.483
3.358
1.925
2.634
3.56
4.463
4.457
1.095
1.842
1.444
2.305
2.569
1.545
0.03791
1.069
2.485
3.152
3.75
3.919
3.354
2.442
2.642
3.691
2.046
0.06337
0.007577
0.004152
0.006759
0.009125
0.2564
1.273
0.9292
1.564
2.401
1.947
1.026
1.224
2.161
2.876
2.731
1.891
0.6816
0.07629
0.01116
0.006167
0.007036
0.01403
1.041
1.181
1.279
1.579
2.003
2.386
2.439
0.4721
0.4267
0.6042
0.8506
0.8402
0.5604
0.09349
0.01971
0.5176
0.85
1.157
1.269
1.147
0.8638
0.5988
0.5972
0.0531
0.005885
0.004067
0.003654
0.005617
0.003714
0.01001
0.2645
0.3282
0.4489
0.844
0.7885
0.4411
0.2722
0.4698
0.8011
1.025
0.9871
0.7442
0.4478
0.152
0.01897
0.003998
0.002664
0.2961
0.3532
0.3431
0.385
0.5062
0.6562
0.6582
1.49
1.658
0.009442
1.782
2.804
2.706
2.394
1.35
0.2053
1.113
1.615
2.05
2.549
5.77
11.7
14.87
16.82
16.95
13.4
5.908
0.02295
0.9593
1.841
1.268
0.009046
1.369
1.379
2.183
3.81
4.87
3.669
4.138
4.881
3.093
0.1033
0.02125
0.06687
2.319
4.912
5.545
3.608
0.4521
0.1035
0.1445
1.029
3.876
3.337
1.173
1.514
0.01195
1.942
2.739
2.699
3.17
3.245
2.842
2.748
1.98
1.546
1.955
5.514
11.22
14.73
16.73
16.36
11.32
2.883
0.0216
1.23
2.012
1.427
0.009221
0.7721
1.326
1.816
3.304
4.834
4.43
3.643
5.121
6.376
5.832
3.478
0.2013
0.02769
0.02424
0.02618
0.02311
0.02511
0.0147
0.008386
0.03531
2.541
3.971
1.067
1.607
0.0186
1.944
2.39
2.705
4.056
4.579
4.66
3.912
2.342
1.61
2.122
5.504
10.5
14.39
16.25
15.25
9.246
0.647
0.02331
1.467
2.148
1.556
0.009611
0.2963
1.306
1.542
2.943
4.529
4.925
3.523
4.394
6.416
8.028
8.642
7.912
6.77
4.037
2.947
4.421
3.567
0.5887
0.01069
0.0524
2.453
5.35
1.089
1.837
0.04761
1.747
2.388
2.822
3.39
4.391
5.279
4.909
3.391
2.422
3.251
6.245
10.08
13.82
15.35
13.65
7.674
0.1033
0.04054
1.446
2.202
1.638
0.01062
0.09171
1.277
1.253
2.506
4.067
5.301
4.61
3.345
4.537
6.554
8.469
9.805
10.39
10.14
9.639
9.125
7.022
1.428
0.01327
1.346
4.533
7.602
1.164
1.968
0.1446
1.209
2.779
2.954
2.301
3.89
4.994
4.841
3.831
3.274
4.344
6.373
9.441
12.6
13.69
11.25
6.06
0.03342
0.09107
1.246
2.135
1.64
0.01226
0.03231
1.227
1.004
1.997
3.45
4.827
4.943
3.926
3.183
3.533
5.183
7.106
8.46
9.21
9.372
8.842
6.26
0.1345
0.06104
2.963
6.57
7.687
1.253
2.005
0.04462
1.198
2.922
2.789
1.657
2.872
3.675
3.523
3.268
4.444
5.003
5.616
7.695
10.16
10.82
7.911
4.093
0.0239
0.08796
1.015
1.762
1.612
0.025
0.009542
1.044
0.9787
1.496
2.583
3.862
4.894
4.523
3.55
2.856
2.836
3.215
3.599
4.219
5.003
5.447
3.012
0.01583
1.381
3.635
5.697
5.669
0.9921
1.553
0.01042
1.246
2.436
2.214
1.099
1.256
1.757
1.908
2.859
3.884
4.005
3.953
4.887
6.366
6.437
4.476
2.318
0.01777
0.05707
0.7845
1.147
1.259
0.07571
0.004815
0.3045
0.7373
0.8448
1.388
2.398
3.325
3.812
3.629
2.972
2.277
1.835
1.7
1.76
1.75
1.837
0.01429
0.7176
1.431
2.235
2.929
3.495
0.3888
0.3961
0.003557
0.4911
0.7799
0.7474
0.4374
0.1952
0.3324
0.567
1.087
1.372
1.201
1.105
1.283
1.654
1.604
1.126
0.7087
0.009445
0.02942
0.3619
0.4329
0.4549
0.107
0.002925
0.009186
0.1952
0.2373
0.336
0.5868
0.8631
1.13
1.166
1.048
0.8791
0.6934
0.5304
0.4357
0.3581
0.06433
0.07007
0.377
0.5142
0.8411
1.219
1.28
0.1801
1.932
1.361
1.713
0.0164
2.022
2.416
2.079
2.133
2.17
2.338
2.38
1.307
0.03019
6.356
11.81
15.92
18.01
17.12
12.54
5.312
2.524
0.01642
2.068
1.238
1.403
0.02931
0.02705
1.59
3.563
4.533
5.724
7.035
7.187
5.603
4.618
4.307
5.359
6.845
7.857
7.902
6.52
5.358
4.773
4.877
4.647
0.02278
0.03601
1.457
1.303
2.049
0.9049
2.057
2.956
2.721
2.023
1.964
1.485
0.9387
0.1553
0.0498
6.75
12.46
16.31
17.79
15.87
10.17
3.959
2.005
0.01642
2.124
1.328
1.294
0.1026
0.005225
1.208
3.06
4.475
5.093
6.44
7.721
8.069
7.643
6.001
4.974
4.848
4.888
4.792
4.324
3.546
2.84
2.562
3.118
2.5
0.01159
1.39
1.427
2.279
2.084
0.0578
2.998
4.12
4.142
3.187
1.362
0.1968
0.01422
0.8235
7.38
13.15
16.34
17.05
14.3
7.772
2.701
1.279
0.01815
2.162
1.42
1.189
0.283
0.00366
1.002
2.654
4.348
4.691
5.586
7.054
8.337
9.161
9.207
8.891
7.94
7.072
7.318
7.134
5.166
2.99
1.631
0.0391
4.169
0.00801
1.665
1.732
2.149
2.351
0.03114
2.31
4.173
5.183
4.741
2.842
0.3705
0.01248
3.182
8.509
13.62
15.88
15.69
12.55
6.056
1.987
0.4443
0.02652
2.163
1.472
1.11
0.5308
0.003843
0.4401
2.042
3.942
4.588
4.728
5.595
6.91
8.292
9.38
10.07
10.28
10.17
10.1
9.505
6.446
2.983
0.3666
0.06503
6.328
0.007442
1.669
1.564
1.681
3.049
2.158
0.1855
3.123
4.748
4.674
2.554
0.01638
0.2973
3.896
8.886
13.02
14.47
13.47
10.41
4.773
1.582
0.0575
0.0602
2.072
1.439
1.043
0.7285
0.006013
0.03261
1.356
3.127
4.38
4.505
4.474
4.845
5.867
7.116
8.15
8.901
9.367
9.613
8.978
5.182
1.614
0.01856
3.455
7.408
0.01001
1.632
1.272
1.466
3.202
2.743
0.01229
1.851
3.147
2.664
0.1045
0.01783
1.228
3.783
7.987
11.05
11.76
10.22
7.744
3.563
1.209
0.05296
0.02294
1.748
1.284
0.981
0.7853
0.02774
0.004554
0.8646
2.38
3.812
4.223
4.064
3.841
3.881
4.151
4.499
5.035
5.748
6.503
5.837
2.619
0.01873
0.09111
3.5
4.477
0.0242
1.279
0.8932
1.194
2.616
2.337
0.2321
0.1741
0.7885
0.1063
0.01008
0.2554
1.473
2.813
5.556
7.304
7.359
6.166
4.707
2.212
0.7578
0.1211
0.006285
1.02
0.9481
0.8673
0.6057
0.09551
0.002628
0.09517
1.293
2.336
3.084
3.227
2.935
2.574
2.321
2.221
2.29
2.504
2.982
2.074
0.2259
0.007293
0.01943
0.04405
0.03662
0.0769
0.4651
0.3091
0.458
0.826
0.825
0.3985
0.001823
0.00315
0.002676
0.02096
0.4218
0.5771
0.8861
1.659
1.959
1.832
1.525
1.257
0.6048
0.1996
0.1093
0.002208
0.174
0.3641
0.3932
0.2266
0.08063
0.001992
0.003061
0.313
0.5796
0.8885
0.9072
0.8134
0.6894
0.5721
0.462
0.4223
0.4564
0.5365
0.4739
0.04529
0.006812
0.01614
0.5189
1.211
1.447
1.878
0.1373
1.927
1.731
2.424
2.093
0.01429
0.512
0.9053
1.824
3.208
4.322
3.27
4.213
7.717
13.21
16.88
17.77
15.34
10.53
7.443
4.17
2.865
0.01035
1.019
0.674
0.2435
0.003485
0.5921
2.789
5.256
6.938
7.462
6.843
6.371
6.141
6.441
7.088
7.633
7.682
7.046
6.466
6.239
6.47
6.676
3.05
0.8205
1.166
0.01046
1.737
1.894
2.776
3.189
1.825
0.022
0.01312
0.01063
0.02237
0.1605
0.3938
1.761
7.045
13.2
16.62
16.78
13.52
9.006
6.407
3.667
2.706
0.009234
0.8904
0.6807
0.2824
0.0125
0.03618
2.052
4.34
6.29
7.568
8.034
7.95
7.159
6.576
6.428
6.421
6.364
6.065
5.524
5.021
4.866
5.234
2.814
0.4545
0.7431
0.09844
2.111
2.716
2.171
3.566
4.273
3.888
3.066
0.6755
0.03113
0.009635
0.008459
0.6672
7.357
13.23
16.06
15.47
11.58
7.519
5.295
3.117
2.495
0.008111
0.787
0.7462
0.446
0.1281
0.00564
1.679
3.613
5.39
6.882
7.981
8.677
8.853
8.786
8.423
8.028
8.067
7.887
6.695
5.313
4.501
3.669
3.073
0.4362
0.9652
1.891
2.212
3.053
2.077
3.162
4.619
5.577
5.634
4.535
1.83
0.01371
0.009885
0.7502
8.146
13.12
15.06
13.89
9.878
6.379
4.233
2.579
2.211
0.007294
0.714
0.8887
0.7561
0.4411
0.005019
0.8907
2.646
4.323
5.649
6.853
7.963
8.836
9.466
9.783
9.847
9.885
9.566
7.847
5.829
4.368
3.526
6.054
0.5285
0.9243
1.822
0.08706
2.703
2.92
2.012
3.691
5.175
5.9
5.479
2.971
0.05339
0.01366
1.689
8.47
12.31
13.31
11.87
8.259
5.372
3.352
2.12
1.797
0.006976
0.6322
1.025
1.088
0.6199
0.01581
0.03652
1.894
3.442
4.432
5.262
6.228
7.238
8.127
8.814
9.219
9.45
9.211
7.278
5.131
3.585
4.698
7.284
0.6648
0.8757
1.323
0.01117
2.663
3.315
1.761
2.295
3.829
4.839
4.067
1.949
0.3274
0.01478
1.843
7.419
10.19
10.51
9.19
6.344
4.13
2.607
1.654
1.528
0.00526
0.4492
0.9211
1.175
0.7673
0.1002
0.006634
1.305
2.624
3.487
3.976
4.415
4.937
5.464
6.006
6.515
6.968
6.813
5.525
3.862
2.859
4.392
5.91
0.557
0.6259
0.7946
0.02674
2.173
2.779
1.648
0.9247
1.771
2.36
1.982
1.338
0.7154
0.01224
1.359
4.895
6.453
6.502
5.653
3.868
2.475
1.656
1.073
1.07
0.00414
0.1084
0.5627
0.943
0.871
0.1374
0.003824
0.3632
1.567
2.376
2.55
2.645
2.74
2.869
3.038
3.335
3.712
3.477
2.891
2.513
2.361
2.462
2.488
0.2034
0.1834
0.2776
0.2772
0.7454
0.9349
0.749
0.4076
0.3723
0.5294
0.4042
0.4447
0.3757
0.005716
0.538
1.282
1.561
1.566
1.387
0.9316
0.5691
0.439
0.3174
0.3191
0.003663
0.0052
0.1558
0.3454
0.4005
0.07163
0.002199
0.02225
0.5086
0.6251
0.6273
0.5992
0.5957
0.5371
0.5324
0.602
0.7242
0.8093
0.7186
0.6412
0.5969
0.879
1.328
1.694
2.642
2.195
1.166
0.1699
1.996
2.518
1.503
1.558
2.057
3.255
4.462
4.89
4.593
5.421
7.954
11.84
15.84
17.83
16.9
13.87
10.97
7.712
6.09
3.189
1.801
0.00564
0.2003
0.2144
0.004361
0.1378
2.799
5.33
6.743
7.192
7.317
7.311
7.391
7.62
7.87
7.956
7.846
7.784
7.896
8.184
8.34
6.688
0.9591
1.267
1.778
1.555
0.01304
1.658
3.322
3.517
2.927
2.766
2.845
2.881
2.787
2.983
4.068
6.962
11.56
15.57
17.02
15.44
12.39
9.71
6.837
5.556
2.924
1.578
0.005431
0.2122
0.3766
0.03617
0.005509
1.927
4.575
6.378
7.382
7.806
7.721
7.601
7.611
7.683
7.742
7.713
7.555
7.39
7.361
7.508
6.761
0.2965
0.05376
1.593
2.104
1.473
0.1528
2.839
4.414
4.923
5.064
4.26
3.239
2.489
2.51
3.195
6.399
11.42
15.15
15.91
13.8
10.85
8.362
5.919
4.969
2.621
1.31
0.00579
0.2632
0.623
0.3147
0.003589
1.26
3.524
5.48
6.918
7.857
8.367
8.63
8.702
8.685
8.758
8.701
8.113
7.3
6.588
5.859
5.954
0.04898
0.01089
2.171
2.765
2.513
0.04305
1.795
3.97
5.19
5.625
5.476
4.696
3.613
3.185
3.323
6.601
11.38
14.39
14.48
12.13
9.382
7.002
4.997
4.324
2.276
0.9676
0.007516
0.3768
1.022
0.9827
0.01148
0.1284
2.144
4.128
5.713
7.023
8.025
8.831
9.343
9.571
9.643
9.512
8.595
7.337
6.178
5.409
6.707
0.1304
0.02002
2.251
2.266
2.704
2.139
0.01597
2.296
3.999
4.902
5.449
5.345
4.379
3.504
3.727
6.919
10.92
12.97
12.57
10.29
7.852
5.659
4.081
3.599
1.885
0.5677
0.01301
0.5222
1.4
1.804
0.29
0.005662
1.354
2.934
4.247
5.488
6.68
7.742
8.565
8.892
8.939
8.89
7.928
6.308
5.027
5.395
6.715
0.4241
0.3087
1.76
1.915
2.786
2.974
0.6842
0.7006
2.422
3.751
4.432
4.352
4.12
3.434
3.668
6.286
9.269
10.46
9.861
7.937
5.967
4.247
3.046
2.798
1.533
0.5732
0.005262
0.4733
1.462
2.053
0.7738
0.005673
0.5095
1.949
3.042
3.849
4.76
5.632
6.364
6.703
6.755
6.566
6.189
5.024
3.856
4.671
6.176
0.4694
0.5115
0.6987
1.397
2.232
2.643
1.681
0.008043
0.05996
0.3508
1.273
2.036
2.69
2.451
2.594
4.191
5.942
6.522
6.036
4.755
3.495
2.474
1.752
1.701
1.04
0.4499
0.002131
0.1984
1.155
1.639
0.8815
0.006659
0.03716
1.273
1.858
2.264
2.617
3.038
3.254
3.603
3.87
3.436
3.247
3.371
3.652
3.625
4.221
0.1796
0.1879
0.02848
0.4952
0.7247
0.9218
0.7891
0.2539
0.004472
0.002742
0.003272
0.02793
0.4271
0.5631
0.6045
0.9733
1.392
1.528
1.409
1.079
0.7576
0.5315
0.3659
0.3952
0.2981
0.136
0.0007982
0.01957
0.4068
0.6136
0.4344
0.01057
0.003854
0.2788
0.5488
0.5834
0.6386
0.5199
0.5038
0.605
0.8148
0.952
0.6993
0.624
0.9359
1.744
2.903
0.6069
0.1087
1.556
1.629
1.371
1.878
1.8
0.008951
0.02108
0.009922
0.4526
1.74
2.303
2.605
3.891
6.628
10.15
14.68
17.53
17.61
15.74
13.42
10.77
8.753
6.011
4.274
1.903
0.03924
0.002235
0.01096
0.001592
0.59
3.126
5.185
6.426
7.026
7.287
7.462
7.67
7.882
8.046
8.213
8.473
8.855
9.22
9.1
7.564
0.05432
0.01082
1.036
1.597
1.25
1.591
3.01
2.676
1.663
2.295
2.631
2.617
2.346
2.587
4.138
6.497
10.61
14.78
17.02
16.47
14.41
12.13
9.707
7.965
5.516
3.931
1.775
0.02976
0.003864
0.0968
0.007037
0.02436
2.235
4.438
5.995
6.908
7.275
7.485
7.714
7.943
8.173
8.436
8.684
8.911
9.069
8.975
7.995
0.01492
0.005478
0.6908
1.666
2.077
1.61
2.854
4.01
4.361
4.514
3.917
3.033
2.481
3.039
4.091
6.536
10.97
14.76
16.16
15.07
12.93
10.73
8.576
7.122
4.993
3.553
1.61
0.01703
0.01022
0.4388
0.2186
0.004406
1.396
3.486
5.27
6.483
7.335
7.883
8.286
8.573
8.797
8.958
8.783
8.332
7.636
6.744
6.227
0.01293
0.006076
0.06374
1.743
2.559
1.659
1.804
3.5
4.212
4.201
3.726
3.261
3.594
3.919
4.554
7.144
11.22
14.29
14.92
13.49
11.35
9.24
7.375
6.196
4.42
3.125
1.42
0.008728
0.03971
1.137
1.22
0.01072
0.2429
2.152
3.951
5.508
6.668
7.775
8.55
8.979
9.087
9.152
8.635
7.938
7.481
7.01
8.619
0.05039
0.01744
0.004114
1.109
2.319
2.891
1.636
1.854
2.654
2.902
3.493
4.201
4.383
4.41
5.144
7.73
11.03
13.07
13.09
11.55
9.536
7.586
6.04
5.125
3.752
2.64
1.235
0.005254
0.1473
1.792
2.056
0.5198
0.007331
1.065
2.615
4.026
5.404
6.749
7.955
8.255
7.979
8.284
8.018
6.454
6.225
7.839
9.419
0.6159
0.01685
0.005431
0.08394
1.941
3.045
2.118
1.292
2.019
3.085
3.877
3.993
4.011
4.193
5.031
7.183
9.572
10.69
10.35
8.919
7.202
5.613
4.42
3.817
2.891
2.152
1.046
0.00644
0.08254
1.868
2.49
1.398
0.009156
0.04497
1.538
2.701
3.927
5.135
6.345
6.522
6.102
5.892
6.871
6.657
5.48
8.129
9.68
0.9891
0.01046
0.009691
0.003764
1.232
2.306
2.737
1.962
1.705
1.852
2.104
2.28
2.546
2.888
3.566
4.869
6.246
6.713
6.31
5.289
4.146
3.143
2.417
2.133
1.695
1.347
0.7432
0.009925
0.02065
1.419
2.122
1.406
0.1259
0.006064
0.1665
1.509
2.347
3.18
3.2
3.767
4.481
3.561
4.177
5.902
7.737
5.216
0.08407
0.542
0.006659
0.01374
0.001443
0.09066
0.6522
0.9911
0.9151
0.7223
0.563
0.4764
0.3978
0.4938
0.6509
0.822
1.147
1.484
1.566
1.437
1.161
0.8696
0.6299
0.458
0.4163
0.3544
0.3147
0.227
0.007676
0.005302
0.5063
0.7701
0.5034
0.3252
0.01684
0.003973
0.04095
0.7198
0.6591
0.5953
0.7999
1.494
2.173
0.8521
0.03625
0.02368
0.1301
3.056
1.541
1.304
1.097
1.061
0.9413
1.622
2.125
1.389
1.323
1.412
1.601
1.75
1.546
0.886
0.01814
2.087
5.977
12.05
16.3
17.4
16.5
14.82
12.78
10.86
8.624
6.777
4.535
2.132
0.3324
0.001037
0.005336
0.003928
1.297
3.368
5.035
5.911
6.374
6.694
6.978
7.211
7.418
7.736
8.251
8.964
9.612
9.544
8.472
1.373
0.6253
0.65
0.7306
1.088
0.03555
2.198
2.727
2.668
2.861
3.015
2.592
1.536
0.01447
0.868
2.795
7.732
12.77
16.31
16.63
15.37
13.58
11.61
9.863
7.914
6.337
4.391
2.158
0.3271
0.003337
0.1921
0.005499
0.5558
2.544
4.266
5.518
6.065
6.446
6.848
7.208
7.58
8.115
8.817
9.608
10.4
11.2
12.07
0.9412
0.1034
0.4841
0.822
1.408
0.4187
1.967
3.393
3.979
4.067
3.45
1.983
0.05336
0.03412
1.052
3.652
9.142
13.69
15.88
15.55
14.05
12.19
10.3
8.772
7.145
5.862
4.223
2.167
0.2559
0.01157
0.8195
0.2151
0.01028
1.622
3.564
4.755
5.876
6.517
7.143
7.694
8.097
8.477
8.642
8.541
7.84
7.879
8.71
0.311
-0.006361
0.3414
1.021
1.655
1.363
0.01626
2.182
3.115
2.85
1.831
0.03906
0.02839
0.8157
1.962
5.41
10.12
13.87
14.97
14.17
12.5
10.61
8.834
7.528
6.274
5.311
3.976
2.113
0.1234
0.06598
1.691
1.157
0.01636
0.1104
2.011
3.843
4.889
6.276
7.216
7.952
8.101
8.333
7.773
8.049
9.379
10.2
12.67
0.07034
0.09484
0.2923
0.7115
1.48
2.443
1.347
0.4979
1.136
0.3028
0.01173
0.1961
1.037
1.719
3.243
7.052
10.67
13.01
13.34
12.27
10.56
8.699
7.102
6.059
5.242
4.642
3.63
2.005
0.04267
0.3207
2.363
2.348
1.202
0.01229
0.1326
2.085
3.803
5.291
7.066
7.482
6.575
7.782
8.687
6.705
8.907
13.17
0.2163
0.1416
0.8099
0.4973
0.4106
1.417
2.561
2.108
0.02624
0.009671
0.02774
0.9881
1.496
1.634
2.106
3.978
7.119
9.701
10.82
10.63
9.506
7.93
6.324
5.025
4.332
3.984
3.763
3.087
1.834
0.03494
0.3931
2.483
2.971
2.114
0.8613
0.01444
0.1275
2.468
4.556
6.819
6.93
6.228
5.973
9.181
9.737
0.5326
0.1385
10.93
0.4524
1.193
0.3944
0.2083
0.8081
1.65
2.714
1.943
1.416
1.407
1.561
1.485
1.395
1.836
3.349
5.037
6.496
6.84
6.459
5.579
4.49
3.43
2.614
2.276
2.257
2.309
2.037
1.302
0.03183
0.2995
1.942
2.432
1.934
1.575
1.078
0.02552
0.0301
2.595
3.216
4.815
6.911
0.6713
0.06362
0.9399
8.012
8.879
7.904
0.5525
0.637
0.1124
0.09688
0.184
0.4688
0.9631
0.9126
0.7413
0.5957
0.469
0.3273
0.2896
0.5517
0.905
1.287
1.614
1.605
1.444
1.191
0.9132
0.6563
0.4595
0.3952
0.4341
0.5031
0.5098
0.3807
0.01582
0.1267
0.6497
0.7367
0.6958
0.6236
0.6462
0.649
0.5964
0.0238
0.01152
0.01885
0.1416
2.839
3.129
2.808
3.098
2.776
3.13
1.298
1.147
0.6264
0.156
1.274
1.719
1.295
0.009592
0.008833
0.01758
0.458
1.393
1.94
1.701
0.6506
0.02937
0.1531
7.216
13.78
16.07
16.17
15.24
13.76
12.12
10.33
8.667
6.762
4.462
2.193
0.09297
0.0333
0.06552
0.01007
1.754
3.614
4.399
4.944
5.356
5.69
5.874
5.983
6.263
6.86
7.856
9.031
10.13
11.92
1.11
0.7461
0.3657
0.004981
1.264
1.423
1.898
1.8
2.044
2.566
3.292
3.548
3.13
1.513
0.3053
0.005433
3.137
9.345
14.77
15.89
15.41
14.18
12.54
10.92
9.346
8.057
6.626
4.68
2.585
0.04813
0.2632
0.4729
0.01869
0.4764
2.543
4.158
4.46
4.821
5.291
5.662
6.008
6.673
7.844
9.519
12.18
16.28
20.82
0.8866
0.4312
0.2929
0.0293
1.067
1.468
2.249
3.042
3.669
4.051
4.05
3.505
2.119
0.7268
0.04453
0.01391
5.424
11.49
14.8
15.24
14.41
12.91
11.12
9.533
8.232
7.406
6.506
4.922
2.984
0.02454
0.8143
1.434
0.9853
0.01566
1.356
3.023
4.507
4.73
5.393
6.137
6.733
7.431
8.562
9.488
9.254
12.25
0.316
0.6315
0.2571
0.3012
0.7094
0.9145
1.67
1.381
2.316
2.971
3.02
2.556
1.508
0.6024
0.32
0.0251
1.161
6.939
12.47
14.29
14.2
13.06
11.31
9.399
7.86
6.937
6.693
6.28
5.036
3.112
0.01548
1.3
2.549
1.996
1.329
0.02299
1.481
2.996
4.749
5.419
6.737
7.396
8.32
7.786
10.47
14.33
0.535
14.95
0.6635
0.3386
0.2854
0.5431
0.009951
1.764
1.782
1.284
1.673
1.622
1.127
0.613
0.4089
0.2129
0.01437
3.773
8.663
12.08
12.99
12.52
11.15
9.241
7.271
5.868
5.47
5.881
5.822
4.843
2.859
0.01179
1.538
3.245
3.357
2.737
1.905
0.03348
0.6178
3.218
6.556
7.899
5.934
9.38
12.11
0.3364
0.2182
11.21
11.48
1.483
0.6963
0.267
0.3639
0.7054
1.985
2.802
2.198
1.813
1.415
1.363
1.088
0.4776
0.03736
0.1027
4.159
8.329
10.12
10.43
9.762
8.38
6.588
4.828
3.821
4.037
4.75
4.895
4.178
2.402
0.01024
1.406
3.135
3.697
3.518
3.016
2.37
0.3008
0.06071
6.108
7.965
2.679
0.1057
3.375
11.7
9.242
8.011
10.35
1.916
0.7942
0.1849
0.19
0.6936
0.04217
2.022
2.31
2.121
1.882
1.705
1.348
0.6507
0.005652
0.9587
3.472
5.878
6.435
6.301
5.676
4.665
3.443
2.303
1.81
2.241
2.884
3.16
2.811
1.658
0.009927
1.065
2.31
2.757
2.904
3.013
2.81
2.636
3.366
0.3804
0.147
7.949
7.186
6.252
6.674
8.103
8.009
7.032
0.9484
0.3352
0.05931
0.07445
0.225
0.01134
0.6127
0.79
0.7581
0.6557
0.5366
0.374
0.0188
0.004025
0.3461
1.063
1.577
1.525
1.377
1.166
0.9038
0.6128
0.3536
0.271
0.4242
0.6235
0.7671
0.741
0.5111
0.01011
0.3875
0.6658
0.7429
0.7829
0.8631
1.023
1.362
1.666
1.722
1.75
2.537
3.321
3.194
2.654
2.452
2.101
2.022
1.249
1.194
0.09191
0.2618
0.8396
1.601
1.942
1.75
1.494
1.261
1.309
2.3
3.05
3.07
2.488
0.9732
0.00625
0.02254
6.397
11.65
14.08
14.55
13.86
12.6
11.13
9.799
8.528
7.019
5.085
2.602
0.01246
1.036
0.8402
0.01719
2.017
2.902
3.439
3.8
4.131
4.19
4.029
4.026
4.375
5.607
7.901
12.97
0.3322
1.119
0.9072
0.0109
0.001652
0.07246
0.7937
1.48
1.41
1.919
2.655
3.534
3.917
3.859
3.158
2.42
0.02526
0.007542
0.2248
8.184
12.46
14.04
13.93
12.79
11.25
9.747
8.75
8.167
7.318
5.8
3.253
0.03018
1.431
1.45
1.488
0.02561
2.776
2.981
3.148
3.463
3.692
3.839
4.625
6.49
10.51
15.89
14.84
21.86
1.048
0.7557
0.007391
0.005489
0.00624
0.03362
1.219
2.345
3.13
3.647
3.811
3.507
2.885
2.31
1.043
0.007574
0.01328
3.886
10.15
13.03
13.78
13.06
11.43
9.562
8.071
7.584
7.879
7.614
6.408
3.673
0.05598
1.938
2.46
2.556
2.438
0.0348
3.23
3.153
3.66
4.537
5.751
7.776
11.09
12.13
0.2548
2.738
11.55
0.9641
0.6992
0.02913
0.2766
0.7529
0.5909
0.01157
1.348
2.082
2.135
1.49
0.545
0.1629
0.1285
0.01766
0.002822
0.08117
6.633
11.03
12.92
13
11.73
9.615
7.4
6.103
6.452
7.487
7.705
6.654
3.828
0.05815
2.463
3.342
3.925
3.668
3.221
0.04819
2.952
3.625
6.687
9.044
9.961
0.1964
0.9765
13.73
10.3
13.06
1.014
0.819
0.3863
0.4543
0.8591
1.295
1.055
0.007405
0.009111
0.008032
0.009094
0.007463
0.005627
0.009902
0.003666
0.00494
2.299
7.893
10.86
11.93
11.45
9.74
7.217
4.781
4.034
5.553
6.817
7.269
6.225
3.438
0.03194
2.442
3.972
4.903
5.246
4.7
3.611
0.1746
0.4205
6.353
0.1353
0.8589
12.14
10.38
8.932
11.11
11.63
1.393
0.903
0.3636
0.055
1.091
1.809
2.325
1.982
1.699
1.606
1.608
1.466
0.687
0.02672
0.00452
0.01047
3.752
7.285
9.119
9.558
8.772
6.968
4.497
2.487
2.714
4.467
5.617
6.05
5.099
2.58
0.01102
1.782
3.633
4.901
5.635
6.033
5.811
4.839
7.061
7.048
9.468
7.336
9.028
11.23
10.27
9.4
10.38
1.481
0.7621
0.1753
0.003307
0.843
1.053
1.795
2.208
2.292
2.254
2.254
2.228
1.881
0.1916
0.00617
0.03223
2.87
4.685
5.522
5.55
4.865
3.578
1.927
0.8672
1.474
2.719
3.623
3.977
3.386
1.742
0.008092
1.253
2.479
3.403
4.222
4.813
5.201
6.156
6.442
5.746
8.27
8.121
7.367
7.31
7.467
6.975
6.418
0.5998
0.2646
0.07756
0.002309
0.2747
0.2493
0.4819
0.7109
0.7487
0.7471
0.7638
0.8237
0.7162
0.1399
0.002349
0.07138
0.7954
1.065
1.148
1.084
0.8913
0.5865
0.2328
0.08983
0.3245
0.6609
0.9406
1.022
0.9506
0.5932
0.04399
0.4217
0.5654
0.811
1.029
1.316
1.618
1.946
2.111
1.997
2.414
2.775
2.619
2.276
1.941
1.488
1.301
1.566
1.579
0.8074
0.4684
0.8598
1.44
1.082
1.374
1.322
1.047
0.01402
0.5262
1.824
2.59
3.301
4.176
3.284
2.38
4.298
8.319
11.85
13.47
13.57
12.68
11.29
10.01
9.178
8.654
7.567
5.853
0.3349
1.231
2.213
2.35
2.561
0.02742
1.813
2.27
2.673
2.711
2.373
2.1
1.992
3.24
1.221
0.3325
12.49
1.482
1.437
0.7643
0.2549
0.4014
0.8148
1.276
0.01481
0.009742
0.1081
1.769
2.639
2.992
3.407
4.602
3.884
3.313
2.697
5.565
9.804
12.59
13.49
12.9
11.36
9.472
8.182
8.128
8.713
8.332
6.838
1.628
1.953
3.099
3.7
3.575
3.489
0.03297
1.568
1.87
2.152
2.139
3.193
2.03
0.1717
9.603
14.68
17.44
1.413
1.373
0.7932
0.358
0.5736
0.8706
1.461
1.842
2.282
2.68
3.052
3.086
3.216
4.225
4.242
3.223
2.517
3.728
7.412
11.08
13.05
13.21
11.9
9.608
7.048
6.004
7.335
8.759
8.982
7.725
3.69
2.99
4.177
5
5.565
4.879
4.458
0.04405
2.322
3.645
3.043
0.1345
4.882
14.34
12.83
10.81
12.34
1.325
1.353
0.8638
0.6432
0.907
1.29
1.209
1.794
2.27
2.325
2.121
2.596
2.846
2.931
2.732
2.496
2.202
4.694
8.647
11.68
12.93
12.4
10.37
7.233
3.825
3.674
6.336
8.428
9.118
8.203
4.891
3.976
4.962
6.234
6.988
7.407
6.291
5.467
0.138
0.08824
2.907
12.23
11.07
9.85
12.78
11.96
13.62
1.277
1.29
0.7378
0.5867
0.7392
1.232
1.589
1.246
1.393
1.714
1.949
2.101
2.296
2.404
2.089
1.771
2.699
5.73
9.135
11.34
11.89
10.79
8.181
4.085
0.4384
2.163
4.898
7.505
8.279
7.387
4.346
2.183
4.317
6.27
7.874
8.753
9.078
8.517
7.094
9.685
9.275
8.835
11.79
11.54
11.28
12.5
13.73
1.368
1.109
0.07915
0.0049
0.2661
1.114
1.9
2.326
2.44
2.544
2.74
3.013
3.227
2.814
2.067
1.527
2.811
5.545
8.048
9.42
9.435
8.104
5.418
0.8289
0.01476
1.467
3.778
5.975
6.576
5.532
2.744
0.01885
2.125
4.697
6.916
8.626
9.519
9.508
10.45
11.46
11.65
10.21
10.64
11.7
11.51
11.26
11.74
1.222
0.8472
0.008986
0.001166
0.001452
0.2086
1.175
1.872
2.203
2.296
2.491
2.909
3.265
2.644
1.976
1.297
2.049
3.649
4.974
5.573
5.365
4.344
2.386
0.01356
0.003376
0.4959
2.213
3.794
4.188
3.636
1.871
0.02873
1.251
2.656
4.286
5.944
7.082
8.008
8.406
8.201
8.985
8.788
8.299
8.035
7.58
6.786
5.994
0.4124
0.2748
0.002493
0.01908
0.0467
0.003781
0.05786
0.4225
0.5874
0.7081
0.8255
0.9843
1.093
0.92
0.6469
0.3611
0.4704
0.7705
0.9961
1.068
0.9836
0.7342
0.2204
0.0008412
0.002353
0.01809
0.5404
0.9114
1.089
1.076
0.6478
0.3281
0.07518
0.4471
0.8909
1.441
1.851
2.216
2.399
2.373
2.536
2.562
2.34
1.983
1.463
0.8896
0.6403
1.908
1.654
0.8093
0.462
0.6159
1.281
1.615
1.865
2.104
2.216
1.764
1.618
1.735
1.377
0.0254
2.081
3.007
3.386
4.898
7.733
10.7
12.71
13.37
12.8
11.34
9.54
8.518
8.828
9.265
8.552
4.598
0.04428
2.388
3.526
4.322
3.135
0.6116
0.7099
1.38
1.692
1.461
1.376
0.464
0.1004
4.168
6.394
11.16
1.761
1.508
0.7333
0.3413
0.456
0.009472
1.454
1.644
1.471
1.399
1.911
2.15
1.631
0.02289
1.617
2.406
3.345
3.875
5.905
9.115
11.89
13.34
13.27
11.87
9.426
6.502
6
8.108
9.336
8.755
5.282
0.01995
2.578
4.512
5.721
6.014
3.624
0.397
0.3525
1.415
0.3691
0.0976
3.693
6.257
8.945
11.6
14.96
1.625
1.443
0.7732
0.4589
0.6993
1.099
1.115
1.814
2.202
2.425
2.074
1.65
0.018
1.44
2.436
3.06
3.439
4.641
7.304
10.51
12.86
13.68
12.9
10.59
6.853
2.108
3.435
6.816
8.778
8.562
5.788
0.05047
2.551
5.453
7.441
8.19
8.106
5.155
1.522
0.09015
4.05
5.999
7.424
10.92
11.97
12.52
14.56
1.515
1.444
0.9069
0.685
0.9714
1.365
0.7182
1.47
1.687
1.468
0.02951
0.06219
1.132
1.865
2.353
3.135
3.608
5.374
8.408
11.42
13.25
13.48
12.04
8.834
3.236
0.02049
1.236
4.844
7.822
8.548
6.837
2.801
3.887
6.562
8.761
10.42
10.94
11.09
9.15
6.898
7.545
10.53
11.12
11.65
13.63
14.39
16.05
1.448
1.442
0.9357
0.6278
0.6941
1.007
1.344
0.07424
0.009914
0.2568
1.2
1.605
2.027
2.288
2.778
3.026
3.95
6.103
8.975
11.42
12.64
12.37
10.51
6.626
0.06708
0.002518
0.0387
3.499
6.607
7.862
6.848
4.662
3.976
6.154
8.744
11
12.57
13.14
12.38
12.49
11.82
11.6
13.02
13.58
14.12
15.02
16.17
1.412
1.414
0.8278
0.4015
0.5337
0.9734
1.482
2.049
2.046
2.107
2.233
2.286
2.731
3.1
2.947
2.938
3.829
5.798
8.071
9.762
10.4
9.855
8.045
4.062
0.006356
0.03888
0.007682
2.628
5.251
6.299
5.351
2.698
0.02941
2.615
5.97
9.078
11.31
12.54
13.27
13.64
13.48
12.75
12.9
13.32
13.34
13.19
13.36
1.101
1.096
0.645
0.2878
0.3783
0.6231
1.158
1.601
1.82
1.643
1.704
2.323
2.776
2.607
2.314
2.142
2.641
3.838
5.117
5.956
6.152
5.654
4.318
1.274
0.008222
0.2565
0.0105
1.715
3.168
4.071
3.696
2.016
0.274
0.8465
2.496
5.239
7.383
8.907
9.664
9.785
9.944
9.644
9.259
8.896
8.319
7.064
5.707
0.3113
0.3256
0.1985
0.09077
0.1413
0.2004
0.2406
0.3002
0.4481
0.6103
0.7432
0.8764
0.9214
0.801
0.6434
0.4796
0.5441
0.7906
1.036
1.178
1.198
1.097
0.7902
0.01211
0.06592
0.1414
0.08959
0.2282
0.6849
1.088
1.04
0.7487
0.3029
0.01122
0.01427
0.7648
1.613
2.235
2.527
2.565
2.567
2.457
2.233
1.881
1.247
0.1012
0.005064
2.25
1.943
1.098
0.02173
0.6442
1.059
1.107
1.151
1.338
1.475
1.394
1.852
2.331
2.226
1.223
0.2539
1.465
2.567
4.498
7.179
10.03
12.25
13.34
13.16
11.75
9.33
6.371
6.684
9
10.34
8.957
4.935
3.817
5.171
6.236
5.927
3.891
0.4078
0.9833
1.278
2.044
0.793
0.05976
0.1271
3.77
4.565
10.15
2.04
1.718
0.883
0.2611
0.1783
0.6695
1.103
1.36
1.36
1.486
2.273
2.746
2.624
1.427
0.9281
0.01468
1.505
3.246
5.62
8.677
11.54
13.38
13.87
12.93
10.45
6.333
1.085
4.13
8.005
9.961
9.292
5.121
3.144
5.45
7.462
8.523
7.505
4.504
0.1492
0.05754
0.07111
0.9553
3.837
4.355
7.308
10.66
14.64
1.868
1.597
0.8277
0.3582
0.00735
1.015
1.168
1.3
2.047
2.696
2.769
2.59
1.533
1.221
0.7779
1.315
2.246
4.33
7.075
10.28
12.91
14.27
14.18
12.54
9.013
2.82
0.01153
2.265
6.053
8.579
8.437
4.276
0.0726
4.028
7.635
10.2
11.4
10.5
8.078
5.675
5.348
5.673
7.518
10.25
12.49
14.27
16.43
1.735
1.531
0.8708
0.5838
0.9761
0.9841
1.556
1.894
2.242
2.46
1.906
1.316
1.121
0.8434
0.01358
1.325
2.873
5.14
8.228
11.43
13.67
14.54
13.95
11.67
6.907
0.1003
0.00314
0.05741
3.796
7
7.578
5.042
0.02798
3.267
7.463
11.03
13.36
14.42
13.41
11.28
10.58
11.58
12.66
13.81
15.35
16.43
17.84
1.62
1.459
0.8259
0.4711
0.5954
0.06323
1.266
1.56
1.37
1.497
1.782
1.487
0.9541
0.009526
0.8449
1.698
3.588
6.066
9.031
11.71
13.35
13.73
12.74
10.02
4.186
0.01161
0.07958
0.005362
2.892
6.073
7.217
6.164
2.559
3.477
6.874
10.43
13.39
15.19
15.43
15.15
14.61
14.47
15.11
15.66
16.23
16.89
17.8
1.448
1.341
0.7653
0.4817
0.6443
0.9803
0.01579
1.535
1.963
1.915
1.52
0.3611
0.0119
0.8443
1.422
2.324
3.738
5.915
8.338
10.24
11.23
11.19
9.98
6.888
2.044
0.02265
0.215
0.02067
2.39
5.005
6.194
5.431
2.629
0.02168
2.737
6.904
10.6
13.17
14.53
15.05
15.03
14.72
14.72
14.88
14.98
14.99
15.13
1.007
0.9573
0.5841
0.4239
0.5865
0.8565
1.092
0.8076
1.189
0.4965
0.008641
0.06937
0.8058
1.144
1.331
1.929
2.743
4.045
5.457
6.436
6.836
6.629
5.641
3.155
0.2
0.2389
0.4481
0.5597
0.9908
2.869
4.163
3.934
2.454
0.9052
0.02479
2.435
5.67
8.288
9.746
10.31
10.48
10.32
10.11
9.916
9.636
8.922
7.917
0.2479
0.2429
0.1539
0.1201
0.1884
0.2954
0.3846
0.0864
0.004811
0.09534
0.3174
0.4
0.4408
0.3912
0.4414
0.4441
0.5906
0.8699
1.159
1.334
1.392
1.345
1.152
0.5069
0.001722
0.1318
0.2536
0.2588
0.005348
0.5945
1.06
1.156
0.952
0.59
0.1703
0.004093
0.6061
1.724
2.338
2.5
2.492
2.404
2.276
2.118
1.874
1.075
0.03381
2.269
2.197
1.804
0.4349
0.1923
0.6533
0.9407
1.344
1.407
0.9991
0.0272
0.01094
0.7196
1.367
1.263
0.7684
0.6595
0.7517
2.562
5.661
8.961
11.63
13.21
13.58
12.6
10.15
5.991
1.777
5.268
9.127
9.909
7.666
0.6866
2.955
5.902
7.534
7.044
3.805
0.04969
0.4936
0.08972
0.0453
0.06666
0.861
3.304
4.416
10.19
2.233
2.033
1.359
0.01173
0.00334
0.002273
0.06963
0.675
0.65
0.008748
0.6017
1.637
1.94
1.499
1.116
0.6898
0.009164
1.317
3.877
7.398
10.83
13.18
14.27
14.04
12.25
8.543
1.914
0.02063
3.953
8.064
10.01
8.743
4.965
4.482
7.308
9.594
10.43
9.133
5.68
0.9784
2.805
3.012
3.512
4.7
7.603
10.93
14.78
2.15
1.952
1.291
0.008802
0.2239
0.5372
0.5132
0.007986
0.06184
1.249
1.807
1.852
1.326
1.263
1.055
0.5867
0.02105
1.943
5.254
9.27
12.58
14.49
15.09
14.28
11.66
6.385
0.04347
0.003562
1.3
5.834
8.909
8.517
4.871
2.152
6.268
10.06
12.71
13.38
12.02
8.916
7.915
7.973
9.258
11.19
13.33
15.26
17.34
2.008
1.799
1.07
0.06082
0.5383
1.134
1.35
1.379
1.51
1.708
1.464
1.523
1.569
1.481
0.6969
0.04627
0.9098
3.085
6.763
10.84
13.68
15.09
15.2
13.82
10.29
3.956
0.006352
0.01389
0.01339
3.55
7.201
7.834
4.043
0.02247
3.897
9.049
13.03
15.29
15.49
14.28
13.47
13.68
14.4
15.3
16.43
17.41
18.58
1.826
1.634
0.8941
0.269
0.01745
0.7319
0.9618
1.199
1.277
1.843
2.424
2.34
1.964
1.03
0.4041
0.006948
1.459
4.402
8.128
11.5
13.6
14.45
14.09
12.11
7.598
2.295
0.03982
0.2021
0.006891
2.853
6.181
7.467
5.376
0.7203
2.974
7.284
11.7
14.88
16.27
16.54
16.34
16.26
16.53
16.89
17.31
17.76
18.38
1.559
1.421
0.7963
0.418
0.01849
1.104
1.079
1.457
1.999
2.39
2.515
1.989
1.073
0.6768
0.08816
0.621
1.944
4.756
7.938
10.31
11.6
11.93
11.21
8.906
4.811
0.6828
0.3522
0.5507
0.3109
2.568
5.208
6.637
5.699
2.528
0.0176
2.973
7.787
11.8
14.15
15.3
15.71
15.77
15.85
15.95
16.01
15.99
15.93
1.029
0.9453
0.5475
0.3819
0.6018
0.09123
1.127
1.308
1.557
1.532
1.179
0.7945
0.6643
0.4462
0.003453
0.6244
1.706
3.46
5.424
6.659
7.197
7.172
6.504
4.76
2.035
0.01272
0.3758
0.8481
0.9996
0.6271
3.048
4.474
4.402
3.152
1.118
0.0153
2.658
6.377
8.769
9.997
10.54
10.72
10.75
10.74
10.63
10.21
9.187
0.2489
0.2284
0.1365
0.1153
0.2287
0.04627
0.4062
0.4062
0.3521
0.3615
0.4061
0.3583
0.2658
0.002683
0.08173
0.1678
0.4351
0.8402
1.25
1.459
1.519
1.475
1.321
0.923
0.3795
0.001201
0.1661
0.3564
0.2734
0.002909
0.5969
1.178
1.34
1.133
0.6773
0.2252
0.004223
0.6573
1.809
2.25
2.348
2.338
2.302
2.252
2.163
1.856
0.6563
1.603
1.786
1.787
1.294
0.9991
1.036
1.135
1.535
1.689
1.646
1.341
0.925
1.39
1.493
0.9526
0.04057
0.3314
0.1013
0.0234
2.688
6.857
10.36
12.61
13.65
13.4
11.58
7.697
1.479
0.09349
5.118
9.249
10.21
5.537
0.01946
2.997
6.944
8.69
7.619
4.168
0.07593
0.1174
0.3323
1.308
2.309
3.566
5.048
10.49
1.748
1.926
1.962
1.414
0.9596
0.848
0.9063
1.113
1.482
1.095
1.362
1.77
1.577
1.101
0.01133
0.5227
0.1487
0.06777
1.347
5.05
9.34
12.36
14.08
14.62
13.74
10.99
5.384
0.02395
0.006381
3.635
8.021
9.715
7.42
0.5267
3.73
7.739
10.76
11.5
9.953
6.299
4.61
4.107
4.707
6.06
8.559
11.48
15.1
1.757
2.016
2.025
1.315
0.9094
1.06
1.424
1.523
1.244
1.44
1.424
1.021
0.06638
0.008757
0.05041
0.5298
0.1029
0.00471
2.347
7.224
11.5
14.02
15.24
15.24
13.63
9.739
3.438
0.003754
0.008005
1.598
6.439
9.336
8.576
4.71
3.467
7.581
11.65
13.76
13.73
11.87
10.52
10.21
10.88
12.2
13.95
15.68
17.71
1.835
2.002
1.707
0.4191
0.0346
0.3826
1.089
1.422
1.291
0.8781
0.01895
0.009652
0.05569
0.3596
0.7086
0.2473
0.1724
0.3178
3.853
9.299
12.94
14.86
15.6
15.04
12.53
7.568
2.209
0.02178
0.2021
0.01962
4.178
8.15
7.979
4.045
0.02892
4.789
10.4
14.07
15.53
15.36
14.93
14.94
15.38
16.08
16.95
17.69
18.56
1.965
1.946
1.358
0.0133
0.009183
0.02741
0.004927
0.1199
0.01311
0.02945
1.195
1.814
1.873
1.516
0.865
0.1018
0.005539
1.923
6.203
10.51
13.11
14.4
14.65
13.52
10.27
5.487
0.802
0.3824
0.4868
0.00908
3.172
7.162
8.022
4.895
0.494
3.062
8.237
12.81
15.32
16.38
16.72
16.88
17.12
17.38
17.65
17.85
18.17
1.784
1.729
1.208
0.01019
0.3356
0.6553
0.8324
0.9041
1.442
1.818
2.181
2.099
1.593
1.103
0.4588
0.2151
0.01538
2.396
6.612
9.686
11.31
12
11.84
10.43
7.418
3.345
0.02334
0.54
0.8875
0.603
2.887
6.096
7.469
5.948
2.417
0.02001
3.582
8.958
12.5
14.52
15.57
16.1
16.41
16.56
16.56
16.45
16.27
1.189
1.116
0.683
0.04058
0.3429
0.5626
0.8561
1.101
1.288
1.199
1.002
0.9614
0.8872
0.8049
0.4514
0.02386
0.3649
2.126
4.859
6.423
7.097
7.261
6.95
5.896
3.985
1.636
0.003796
0.5716
1.226
1.18
1.454
3.822
5.23
5.032
3.207
0.9659
0.04015
3.583
6.97
9.097
10.22
10.86
11.24
11.46
11.51
11.25
10.45
0.3083
0.2764
0.1725
0.09165
0.007331
0.2042
0.1958
0.243
0.3151
0.3982
0.47
0.4697
0.4708
0.325
0.1822
0.0006141
0.154
0.6866
1.264
1.498
1.546
1.507
1.398
1.166
0.8013
0.3578
0.001824
0.2365
0.4035
0.2662
0.004098
0.7686
1.443
1.527
1.176
0.6442
0.1776
0.005644
1.03
1.903
2.156
2.27
2.329
2.364
2.374
2.29
1.699
0.8045
0.9415
1.023
1.037
1.067
1.26
0.01268
1.151
1.614
1.501
0.9881
0.009189
0.6764
1.267
1.497
1.369
0.7101
0.01434
0.004567
0.01573
3.794
8.218
11.25
13.06
13.69
12.83
10.01
4.65
0.009957
0.02836
5.292
10.42
10.12
4.84
0.0439
4.544
8.211
9.363
7.879
5.16
3.494
2.947
2.89
3.292
4.332
5.922
10.7
0.9646
1.151
1.336
1.348
1.308
1.176
1.12
0.02201
0.2841
0.008462
0.07675
1.105
1.491
1.665
1.624
1.331
0.009599
0.03473
0.003285
1.8
6.812
10.61
13.03
14.38
14.46
12.76
8.581
2.661
0.002037
0.008534
3.893
8.848
10.28
5.673
0.03322
3.458
8.609
11.09
10.98
8.916
7.117
6.412
6.64
7.619
9.566
11.9
15.4
1.132
1.405
1.654
1.682
1.645
1.659
1.764
1.838
1.408
1.598
1.702
1.728
1.516
1.575
1.256
1.056
0.007393
0.005672
0.003934
4.251
9.488
12.59
14.47
15.34
14.75
12.02
6.929
1.72
0.03794
0.08568
2.825
7.767
10.23
7.94
3.114
4.1
8.909
12.14
13.15
12.48
11.67
11.47
11.97
12.98
14.26
15.62
17.84
1.301
1.661
1.91
1.758
1.503
1.535
1.875
2.031
1.954
1.72
1.665
1.748
1.629
1.683
1.535
0.02546
0.02903
0.00189
0.1279
6.205
10.99
13.6
15.08
15.45
14.1
10.53
5.518
0.4366
0.5347
0.6303
0.548
5.954
9.364
8.3
3.919
0.4431
6.201
11.27
13.87
14.69
14.89
15.15
15.69
16.42
17.17
17.55
17.95
1.31
1.804
2.021
1.648
1.248
1.283
1.366
1.455
1.445
1.547
1.891
2.311
2.353
2.209
1.422
0.00982
0.01367
0.002422
3.021
8.334
11.56
13.41
14.4
14.26
12.38
8.76
4.031
0.01506
0.6153
0.6947
0.01136
4.363
8.43
8.243
4.412
0.02803
3.453
9.44
13.12
15.06
16.06
16.62
17.01
17.26
17.4
17.29
17.14
1.194
1.685
1.79
1.14
0.8707
0.9531
1.286
1.647
1.904
1.958
1.768
1.785
1.352
0.7218
0.01181
0.05493
0.009468
0.00743
4.024
7.982
10.1
11.27
11.77
11.32
9.527
6.518
2.73
0.005894
0.6631
0.902
0.08531
3.398
7.339
8.182
5.801
1.984
0.3053
5.463
10.17
13.06
14.81
15.87
16.49
16.76
16.68
16.42
16.2
0.9313
1.17
1.007
0.09542
0.003313
0.004021
0.29
0.75
0.942
0.5059
0.0126
0.005412
0.005247
0.005687
0.01088
0.1123
0.002256
0.1327
3.241
5.372
6.353
6.819
6.924
6.502
5.392
3.658
1.586
0.007655
0.8033
1.197
1.295
2.529
4.966
6.252
5.094
2.817
0.2086
1.365
5.177
7.926
9.616
10.8
11.62
12.17
12.46
12.38
11.85
0.3175
0.3231
0.2506
0.00319
0.009151
0.02576
0.01695
0.001745
0.002127
0.03574
0.2347
0.3275
0.3711
0.278
0.2349
0.06503
0.0005767
0.3416
1.048
1.333
1.408
1.411
1.373
1.271
1.081
0.792
0.4088
0.01804
0.3135
0.3914
0.3475
0.06343
1.174
1.718
1.564
1.068
0.4485
0.01446
0.1151
1.431
1.904
2.204
2.404
2.539
2.63
2.624
2.333
0.3329
0.3393
0.394
0.6012
0.03337
1.191
0.9991
1.166
1.811
2.128
2.294
1.707
1.466
1.117
0.02756
1.331
2.177
1.544
0.3882
0.001275
0.118
4.649
8.834
11.61
13.23
13.4
11.7
7.682
1.99
0.002001
0.2189
7.177
11.43
10.23
5.257
3.409
6.84
8.763
8.255
6.476
4.986
3.943
3.395
3.93
5.528
6.933
10.1
0.4626
0.4578
0.6378
0.7772
0.9852
0.01344
1.206
1.356
1.59
1.652
1.454
1.474
1.209
0.01414
1.236
2.229
2.084
1.234
0.01943
0.005805
2.693
7.427
10.9
13.23
14.38
13.82
10.98
6.053
0.6968
0.06944
0.009516
4.972
10.56
9.911
4.48
0.06118
5.066
8.769
9.665
8.862
7.91
7.373
7.334
7.843
9.184
11.19
15.21
0.659
0.6963
0.9158
1.205
1.405
1.582
0.1999
1.698
2.042
1.944
1.574
0.781
0.01388
0.9785
1.625
2.742
2.151
1.223
0.007056
0.05004
5.275
9.678
12.61
14.52
15.1
13.71
10.06
5.094
0.02965
0.3601
0.04338
4.056
9.972
10.35
6.474
0.04564
3.752
8.795
10.91
11.31
11.28
11.43
12
12.94
13.66
14.49
17.93
0.7978
0.9602
1.243
1.54
1.703
1.829
1.954
1.427
1.621
0.3524
0.01132
0.7285
1.38
2.15
3.013
2.788
1.798
0.7086
0.01071
1.731
7.324
11.08
13.56
15.01
14.96
12.93
9.187
4.254
0.009656
0.7663
0.9727
3.617
9.191
10.64
8.062
2.779
3.177
8.493
11.47
12.96
13.79
14.45
15.23
16.12
17.18
17.22
16.93
0.8605
1.15
1.47
1.715
1.849
1.972
2.056
1.672
0.3035
1.295
1.522
1.893
2.105
3.011
3.451
2.633
1.391
0.1055
0.1414
4.482
8.593
11.38
13.28
14.2
13.64
11.43
7.885
3.437
0.01441
0.9944
1.119
1.165
7.047
9.922
8.357
3.433
0.109
5.614
10.23
13
14.66
15.62
16.18
16.36
16.46
16.09
15.02
0.8215
1.187
1.459
1.512
1.496
1.465
1.616
2.121
1.997
1.942
1.65
2.186
2.645
2.789
2.441
1.835
0.9445
0.02223
0.6841
4.861
7.801
9.741
11.02
11.47
10.79
8.895
6.009
2.613
0.1292
1.068
1.037
0.01689
4.851
8.809
8.231
4.806
0.2493
2.377
7.868
11.25
13.62
15.2
16.16
16.57
16.27
15.7
15.44
0.5619
0.9145
1.118
0.9903
0.8516
0.6995
0.6841
0.8575
1.275
1.54
1.467
1.313
1.377
1.48
1.278
1.05
0.122
0.009598
1.028
3.437
4.945
5.892
6.479
6.636
6.218
5.183
3.666
1.755
0.594
1.127
1.297
0.5058
3.106
6.786
6.503
4.431
1.309
0.01117
3.525
6.506
8.826
10.62
11.93
12.95
13.69
13.94
13.81
0.1853
0.2717
0.3455
0.3195
0.2557
0.2491
0.2893
0.3429
0.3817
0.3786
0.4558
0.543
0.624
0.6288
0.5465
0.2905
0.003925
0.00821
0.4287
0.8521
1.069
1.187
1.253
1.271
1.224
1.09
0.8715
0.4984
0.327
0.4529
0.5961
0.5138
1.022
2.001
1.911
1.466
0.7861
0.2254
0.005104
1.035
1.69
2.195
2.568
2.845
3.087
3.236
3.149
0.1649
0.06478
0.01305
0.007381
0.2749
0.5774
0.352
0.008499
0.6775
1.291
2.019
2.171
2.361
2.335
1.439
0.02138
1.521
2.333
2.07
0.9652
0.3087
2.011
6.101
9.56
12.09
13.27
12.7
10.14
5.501
0.03451
0.008666
2.965
10.23
12.51
9.811
2.257
3.579
6.513
6.495
5.483
4.365
3.58
3.815
7.303
10.68
11.35
12
0.3056
0.06986
0.2382
0.009229
0.366
0.7135
0.8831
0.9288
1.297
1.888
2.119
2.425
2.568
1.887
1.615
1.499
2.436
2.7
2.069
1.127
1.361
4.782
8.45
11.49
13.62
14.19
12.76
9.477
4.643
0.007542
0.1747
0.7044
8.497
11.68
9.878
4.102
3.157
6.682
7.422
7.099
6.486
5.938
6.047
6.755
9.405
13.47
18.73
0.4715
0.236
0.277
0.4183
0.01162
1.333
1.204
1.424
2.113
2.432
2.57
2.445
1.693
1.327
0.07392
1.763
2.766
2.952
2.072
1.55
3.454
7.186
10.47
13.13
14.76
14.63
12.52
8.957
3.801
0.01394
0.2175
0.01942
7.139
11.14
10.36
4.028
1.023
6.013
8.105
8.959
9.316
9.624
10.45
12.53
13.79
14.97
20.92
0.5297
0.4293
0.5357
0.7231
0.922
0.08236
1.606
1.993
2.458
2.41
1.795
1.748
1.518
1.18
1.812
2.906
3.229
2.972
1.847
2.438
5.404
8.862
11.78
14.02
15.07
14.34
11.9
8.213
3.428
0.4875
0.9324
0.07998
6.353
10.95
10.74
5.798
0.03105
4.413
8.135
10.35
11.7
12.59
13.55
14.75
17.76
18.25
16.48
0.6232
0.6105
0.7764
1.105
1.401
1.544
1.415
2.418
2.044
2.024
1.641
1.275
0.01805
0.6396
2.07
3.162
3.24
2.564
1.961
3.558
6.57
9.477
11.88
13.58
14.09
13.02
10.57
7.095
3.087
1.714
2.239
2.454
5.994
10.84
11.11
7.504
1.182
2.761
7.477
10.59
12.66
13.79
14.34
14.11
14.37
14.21
11.35
0.5974
0.7121
0.8815
1.145
1.292
1.28
0.4139
1.663
1.688
1.289
0.03505
0.02009
0.9487
1.717
2.663
2.99
2.786
1.837
1.809
3.627
6.1
8.282
10.02
11.16
11.34
10.33
8.236
5.378
2.452
1.674
2.256
1.984
3.28
9.414
10.16
7.538
2.249
0.08701
5.506
9.099
12.07
14.08
15.25
15.89
14.89
13.32
13.22
0.4355
0.5768
0.7477
0.9456
1.045
0.9458
0.6319
0.02546
0.006881
0.05768
0.6274
0.7456
1.008
1.607
1.942
2.149
1.705
0.9024
1.153
2.442
3.851
5.016
5.916
6.489
6.584
6.038
4.885
3.2
1.718
1.295
1.719
1.232
0.02982
5.988
7.11
5.884
2.883
0.208
2.525
5.303
8.064
10.36
12.09
13.62
15.19
15.94
16.54
0.1367
0.1722
0.2278
0.3091
0.3737
0.4034
0.4437
0.3593
0.3145
0.2284
0.3141
0.4338
0.5311
0.6233
0.7007
0.6912
0.453
0.2058
0.2612
0.5295
0.7842
0.976
1.115
1.214
1.268
1.217
1.048
0.7262
0.4838
0.468
0.7208
0.7766
0.1433
1.713
1.961
1.75
1.148
0.5593
0.004987
0.7155
1.555
2.291
2.869
3.298
3.819
4.403
4.622
0.00367
0.008737
0.02507
0.06319
0.1717
0.5386
0.7191
0.6456
0.4507
0.006407
0.6165
1.129
1.86
2.391
2.332
1.454
0.01161
1.48
2.251
1.931
1.364
0.7532
3.684
7.269
10.49
12.45
12.74
11.58
9.161
4.185
0.007516
0.0685
6.999
12.73
13.75
7.782
0.0453
3.256
3.581
3.026
2.338
2.752
0.164
0.1295
5.73
9.992
0.1478
0.006167
0.003441
0.01053
0.003956
0.001868
0.002607
0.01158
0.3557
0.006134
0.7021
1.282
2.031
2.444
2.527
2.451
1.903
1.814
2.454
2.654
2.323
2.446
3.338
6.267
9.49
12.36
13.8
13.36
11.43
8.287
3.33
0.01312
0.008858
4.491
11.13
12.83
8.251
0.03266
3.016
4.074
4.031
3.521
3.617
6.974
1.514
0.1172
0.1716
6.16
0.3858
0.00388
0.003926
0.009951
0.166
0.5883
0.5972
0.1372
0.9684
1.531
2.222
2.491
2.471
2.349
1.531
0.02619
1.569
2.72
2.905
2.817
3.889
5.949
8.636
11.51
13.92
14.73
13.65
11.21
7.456
2.844
0.06795
0.0174
3.717
10.64
12.84
9.067
0.1096
2.469
4.802
5.776
6.135
6.93
9.848
16.49
15.16
1.942
20.9
0.4451
0.08992
0.07576
0.008902
0.1015
0.6422
0.8994
1.155
1.811
2.337
2.362
2.552
2.493
2.261
1.966
1.887
2.805
3.266
3.141
3.567
5.286
7.675
10.24
12.79
14.64
14.86
13.36
10.58
6.667
2.695
1.085
1.11
4.499
11.12
13.26
10.65
2.647
2.453
5.624
7.572
8.901
9.94
12.21
15.46
23.59
22.85
20.49
0.5995
0.29
0.2208
0.3798
0.01249
1.203
1.534
1.888
2.097
2.41
2.514
2.436
1.624
1.041
0.01639
1.629
2.852
3.214
3.233
4.188
6.108
8.352
10.62
12.71
14
13.8
12.11
9.232
5.531
1.463
1.582
2.196
3.443
10.81
12.93
10.88
4.359
2.259
5.851
8.288
10.25
11.16
12.28
12.41
14.92
16.39
11.31
0.533
0.4395
0.3826
0.5501
0.8386
0.01554
0.9442
1.521
1.929
2.235
1.829
1.2
0.9596
0.1588
1.277
2.273
2.839
2.77
2.888
3.943
5.612
7.407
9.147
10.65
11.48
11.15
9.64
7.098
4.096
0.1415
1.118
1.375
0.05064
8.042
10.86
9.854
4.835
0.08974
3.975
7.207
10.45
12.54
13.66
15.95
14.65
12.08
14.43
0.4321
0.385
0.4269
0.6516
0.9175
1.156
0.05328
0.9022
0.8764
0.8159
0.8438
0.6403
0.006261
0.4006
1.067
1.817
1.93
1.653
1.777
2.517
3.514
4.52
5.465
6.284
6.756
6.595
5.737
4.2
2.569
0.0189
1.064
2.037
0.03399
4.51
7.224
7.21
4.576
0.03767
1.794
4.347
7.365
9.993
11.81
13.67
17.51
19.83
22.45
0.1315
0.1338
0.1495
0.2515
0.4045
0.5466
0.5281
0.1526
0.3049
0.07052
0.002329
0.0335
0.1734
0.3004
0.5145
0.5841
0.4974
0.3438
0.3441
0.5001
0.6916
0.8683
1.029
1.18
1.296
1.311
1.182
0.8847
0.6646
0.004659
0.5413
1.189
0.937
1.574
2.013
2.046
1.601
0.7271
0.2736
0.7937
1.638
2.567
3.375
3.801
4.805
6.792
7.851
0.7825
0.2199
0.6835
1.645
3.005
3.638
3.736
5.138
4.324
3.282
1.677
1.498
1.517
1.204
0.7195
0.2795
0.632
0.006691
1.187
1.927
3.566
3.734
3.105
2.916
0.03569
0.01078
0.1012
1.465
1.728
1.349
0.5647
0.2054
0.8281
0.005507
1.319
1.875
3.369
2.848
1.371
0.0175
0.8935
1.115
0.8593
0.01087
0.08169
0.7096
0.4823
0.02308
0.9129
0.08305
1.341
1.721
2.849
1.676
0.6434
0.4763
1.119
1.536
1.617
1.473
1.22
0.3602
0.2515
0.2212
1.033
0.4767
1.257
1.388
1.804
0.9473
0.005027
1.063
0.7413
0.6465
0.7345
0.844
1.126
1.555
1.188
0.2923
0.8583
0.1244
0.7781
0.8492
0.8743
0.501
0.004735
1.533
1.335
0.8094
0.5979
0.6713
1.135
1.341
1.063
0.2992
0.7159
0.02008
0.4057
0.6667
0.8437
0.7951
0.006894
1.576
1.998
1.222
0.7062
0.536
0.804
1.203
1.038
0.3176
0.6679
0.01116
0.3258
0.8396
1.406
1.737
0.05155
0.0522
1.892
1.937
1.346
0.9611
1.068
1.237
0.9885
0.3333
0.6012
0.04845
0.5319
1.611
1.979
2.713
2.642
1.69
0.4743
0.2353
0.1552
0.08431
0.05845
0.01073
0.01459
0.2823
0.0991
0.2945
1.072
2.5
2.148
2.545
3.129
3.061
2.457
1.874
1.94
2.449
2.7
2.456
1.518
0.01659
0.002358
0.5516
1.845
2.942
3.132
2.559
2.163
1.815
1.387
1.213
1.561
2.6
2.764
2.654
1.945
0.368
0.3864
1.393
2.206
2.913
3.676
3.515
2.693
1.776
1.456
2.604
3.072
2.899
2.019
2.026
1.519
0.3095
0.9651
1.09
1.059
0.08914
1.986
3.07
3.401
6.225
5.705
3.455
0.02568
0.2511
1.527
1.476
0.7275
0.003371
1.001
0.7283
1.018
0.01043
2.055
2.862
2.957
4.814
3.021
0.4314
0.7811
1.338
2.182
1.981
1.128
0.2812
1.096
0.7481
0.9735
0.006158
1.789
2.121
1.786
2.183
1.758
0.01977
1.338
1.716
1.611
1.548
1.043
0.2953
0.9441
0.7865
0.9499
0.005849
1.586
1.507
1.042
1.273
0.1539
0.7497
1.111
2.265
2.548
1.87
1.284
0.4413
0.8567
0.8172
0.9024
0.005441
1.229
1.185
0.7486
0.8752
0.003458
0.2697
0.2756
1.064
2.083
2.437
1.69
0.3973
0.7585
0.5568
0.5826
0.003713
0.6099
0.5629
0.6973
1.726
0.04826
0.05058
0.4217
0.2496
0.928
1.442
1.16
0.2311
0.7006
0.2935
0.2212
0.001922
0.5939
1.347
1.898
2.913
2.22
0.1809
0.008925
0.004211
0.0234
0.7749
1.084
0.4405
0.7109
0.1595
0.08274
0.003232
1.155
2.816
2.613
2.567
3.214
2.458
1.457
0.8676
1.137
1.756
1.549
0.4929
0.7832
0.08778
0.01243
0.4635
2.036
3.273
3.676
3.43
2.666
1.804
1.014
1.122
1.882
1.943
1.533
0.6324
0.5869
0.04509
0.01068
1.601
2.311
2.843
3.206
3.147
2.512
1.451
1.365
2.265
2.831
2.872
2.091
0.4826
0.2089
0.002981
1.011
2.416
3.093
2.919
2.508
1.927
1.091
0.5672
0.744
1.133
0.7407
1.509
1.92
0.4452
0.003669
0.8693
2.036
3.047
3.939
3.677
2.467
0.8953
0.008158
1.881
2.797
2.862
2.221
2.197
1.413
0.002858
0.01205
1.079
1.382
0.9627
1.822
2.808
0.02068
4.844
6.178
4.95
2.224
0.02943
1.35
1.904
1.388
0.3662
0.6956
0.751
1.372
0.8986
1.558
2.382
0.01674
3.388
3.508
1.918
0.9065
0.02293
1.795
2.216
1.553
0.4244
0.5849
0.5183
1.232
0.7671
1.111
1.606
0.008941
1.579
2.041
1.032
0.01525
0.6811
1.66
1.754
1.18
0.3347
0.4261
0.5821
1.239
0.7995
1.256
1.57
0.008037
0.8807
1.332
0.5086
0.007316
1.281
2.654
2.381
1.265
0.2981
0.372
0.6313
1.305
0.9926
1.504
1.49
0.006392
0.2459
0.6266
0.1098
0.004286
0.1086
1.729
2.061
0.6465
0.002936
0.4141
0.4947
0.9693
0.7911
0.93
0.1534
0.01096
1.342
1.654
0.7254
0.05179
0.003989
0.006553
0.006304
0.009578
0.2363
0.6126
0.2379
0.3576
0.3122
0.5152
0.01351
1.443
3.424
3.468
1.975
0.5486
0.02388
0.00263
0.004233
0.01002
0.2265
0.7147
0.1403
0.1574
0.2359
0.01254
2.203
3.212
3.592
3.838
2.791
0.5918
0.005752
0.01001
0.2129
0.206
0.007582
0.8705
0.1185
0.06763
0.01469
1.541
3.208
3.74
3.751
3.125
1.567
0.006065
0.09257
1.607
2.021
1.525
0.4473
0.7662
0.02246
0.009646
0.8966
1.964
2.486
2.771
2.912
2.301
0.231
0.171
1.799
3.104
3.196
2.174
0.5254
0.1346
0.002084
0.3765
1.72
2.682
2.887
2.735
2.368
1.336
0.008573
1.205
2.2
2.416
2.535
2.053
0.5107
0.02456
0.1769
1.492
2.795
4.07
3.836
2.602
1.344
0.03543
1.524
2.497
2.734
2.448
2.28
1.509
0.2679
1.802
0.6904
0.8856
0.579
1.571
4.526
3.682
5.481
6.57
5.616
3.201
1.556
2.018
2.019
1.549
0.4179
1.236
0.0086
0.9663
0.5177
1.245
3.793
3.216
4.053
4.197
3.059
2.107
1.528
2.143
2.265
1.768
0.5256
0.7006
0.0122
0.8694
0.286
0.5809
2.405
2.228
2.351
2.428
1.738
1.247
1.497
1.758
1.74
1.246
0.46
0.1184
0.06855
0.8094
0.3309
1.203
3.153
2.829
2.557
1.704
0.1953
0.2247
1.648
3.003
2.931
1.577
0.409
0.01614
0.07967
0.8784
0.9306
2.656
3.813
2.36
0.09793
0.008918
0.006255
0.006879
0.1381
2.201
2.784
1.705
0.3744
0.003275
0.06387
0.6606
1.099
2.153
0.09396
0.02465
2.007
2.32
1.661
0.7473
0.007775
0.5369
1.202
1.065
0.3368
0.004508
0.0208
0.05949
0.01986
0.01552
1.496
3.09
4.142
3.473
2.339
1.41
0.1238
0.0265
0.9792
1.143
0.4644
0.01737
0.007439
0.003527
0.01896
1.427
3.449
3.919
3.849
3.73
2.872
1.803
0.3743
0.2437
1.147
1.061
0.3403
0.08854
0.00342
0.006174
0.5789
2.31
3.329
3.389
3.598
3.22
1.894
0.6294
0.007906
1.819
2.671
1.931
0.4583
0.2209
0.003663
0.01406
0.8936
1.719
1.507
1.684
2.471
2.53
1.191
0.1439
0.9337
2.939
3.305
2.064
0.5651
0.4245
0.003353
0.02626
1.141
2.061
2.232
2.358
2.412
2.013
0.03697
0.596
1.674
2.322
2.446
2.009
0.5371
0.9482
0.7588
0.02326
0.03131
2.492
2.882
1.072
0.01324
0.274
1.548
1.894
2.071
2.301
2.293
1.478
0.2793
1.496
2.07
1.364
0.01738
0.03124
2.846
3.893
6.003
6.873
5.902
3.889
2.39
2.139
1.734
1.599
0.527
0.05948
0.3668
0.1193
0.004299
0.03047
1.65
2.939
4.149
3.849
2.102
1.109
0.962
1.248
1.621
1.63
0.6123
0.006224
0.0118
0.01432
0.004557
0.006646
0.04137
0.02025
0.0162
0.02185
0.09006
0.1645
0.07583
0.021
0.008676
0.01492
0.2562
0.00403
0.005175
0.01379
0.003692
0.0116
0.01871
0.1175
2.088
2.43
1.363
0.8699
1.306
2.158
1.861
0.02799
0.003413
0.004819
0.005005
0.01844
0.04991
0.4259
2.628
2.942
2.64
2.152
1.104
0.4372
0.8522
2.149
2.391
0.9441
0.002538
0.1707
0.003501
0.003479
0.1727
2.642
2.991
2.542
3.913
3.572
2.234
0.9944
0.4881
0.9254
1.207
0.8256
0.06038
0.5723
0.01203
0.002692
0.2072
1.717
3.386
4.68
4.723
2.974
1.664
1.596
0.995
0.8326
1.161
0.588
0.008255
0.6253
0.04888
0.004701
0.05587
1.963
3.986
3.974
3.179
2.784
1.898
1.687
1.04
0.5385
0.009755
0.01485
0.008969
0.622
0.08075
0.002867
0.01151
1.221
2.559
2.198
2.283
2.138
0.8626
0.01122
0.02222
2.346
3.102
2.255
0.5156
0.8079
0.06786
0.001919
0.004203
0.009485
0.01294
0.008447
0.015
0.5237
0.864
0.5805
1.594
3.265
3.71
2.11
0.7502
1.035
0.03027
0.009531
0.02336
0.1065
0.9946
1.875
2.308
2.17
1.003
0.9784
1.379
2.056
2.413
2.199
0.6582
0.7167
0.3294
1.208
2.071
3.012
2.504
2.055
1.81
1.705
2.157
1.519
1.246
1.782
2.123
0.6587
0.003437
2.037
2.635
2.295
0.09282
0.01214
1.45
3.937
6.512
7.043
6.14
4.545
3.212
2.234
1.178
1.67
0.6481
1.219
1.366
1.558
0.2177
0.008366
1.165
4.396
6.396
6.505
5.173
3.656
2.553
1.666
1.951
2.192
0.7764
0.8684
0.5165
0.9759
0.08215
0.02999
1.558
2.779
3.373
3.332
2.696
1.962
1.314
0.9409
1.636
1.601
0.6661
0.4872
0.33
0.7626
0.01047
0.238
1.678
2.282
3.44
3.408
2.347
1.447
0.8604
1.991
2.382
1.352
0.4516
0.5021
0.3443
0.5539
0.004193
1.066
3.096
3.777
3.712
3.005
1.835
0.725
0.9126
1.847
2.148
1.307
0.2931
0.5887
0.3239
0.2462
0.004332
1.671
3.448
3.769
4.014
2.829
1.645
0.6283
0.4857
0.00771
0.01389
0.02379
0.002563
0.4815
0.2072
0.01819
0.005837
1.48
3.504
3.732
2.773
0.147
0.006471
0.6217
1.436
1.388
1.59
1.152
0.2962
0.3633
0.218
0.002195
0.09351
1.636
2.448
0.4735
0.01558
1.156
0.769
1.738
2.052
2.275
2.134
1.512
0.3845
0.3932
0.004679
0.03422
0.4189
1.212
0.4149
0.008334
1.221
1.465
0.7532
1.197
1.546
3.415
3.967
2.163
0.006262
0.008511
0.3067
0.08054
0.5849
0.6861
0.01416
0.04568
0.8871
1.185
0.5496
0.6482
1.829
3.366
3.104
0.01901
0.5555
1.114
0.7164
0.3394
0.8941
0.9025
0.007288
0.4489
1.728
2.289
1.473
0.6016
0.536
0.9861
0.2887
1.867
0.8077
2.224
1.613
1.669
2.181
1.988
0.04778
0.01305
1.285
2.266
2.262
0.07765
0.0285
1.473
1.98
1.695
0.4012
1.573
2.535
2.927
1.858
0.5727
0.1665
2.47
5.857
5.939
5.025
4.182
3.439
1.839
0.01156
1.09
0.623
1.176
1.783
2.291
1.467
0.2974
0.0071
3.67
6.334
6.643
5.738
4.486
2.908
0.6713
0.3989
1.616
0.6665
1.047
1.262
1.632
0.865
0.1101
0.2372
2.883
4.397
4.687
4.147
2.996
1.282
0.01129
1.166
1.492
0.5332
0.8714
0.9771
1.12
0.3124
0.00373
1.517
3.109
4.338
4.424
3.383
1.582
0.006838
1.475
2.212
1.483
0.3745
0.7753
0.8326
0.6547
0.009964
0.5958
2.956
4.206
4.481
3.796
2.158
0.01545
0.9083
2.291
2.512
1.466
0.2727
0.4676
0.4548
0.06119
0.07159
1.774
3.664
4.263
4.176
3.016
1.152
0.1131
1.417
1.515
1.367
0.7784
0.1526
0.1444
0.05428
0.0242
0.3557
2
3.542
3.734
3.211
1.756
0.01219
0.7673
1.94
1.952
2.019
1.283
0.2549
0.004646
0.02178
0.1914
0.5124
1.905
2.722
2.197
2.013
1.846
0.007142
1.275
2.602
3.081
2.74
1.705
0.3765
0.01152
0.2795
0.189
0.5252
1.322
1.42
1.452
1.973
1.079
0.007909
0.8968
2.195
3.82
4.069
2.645
0.5529
0.4046
0.3878
0.2714
0.4981
0.6998
0.4187
0.6031
0.9897
0.993
0.02006
0.01133
0.7006
2.794
3.894
2.309
0.8862
0.9839
0.9901
0.9039
0.9963
0.7676
0.607
0.7477
1.399
2.527
1.338
0.01509
0.004797
0.2914
2.168
2.707
0.893
1.993
2.057
2.32
2.464
1.788
0.7876
0.7852
2.175
3.32
3.064
1.023
0.006219
0.9234
1.591
1.524
0.3055
0.00824
1.137
2.24
3.427
2.597
0.8814
1.37
5.564
5.467
4.658
4.5
4.282
2.169
0.009047
1.013
0.4986
0.008067
0.9952
2.319
2.936
1.625
0.01308
3.366
6.422
7.147
6.762
5.774
3.648
0.06875
0.6819
1.226
0.4968
0.01655
0.9369
1.95
1.759
0.01958
0.812
3.538
5.453
6.186
5.826
4.432
2.032
0.0353
1.023
1.333
0.4534
0.1
0.9699
1.409
0.3222
0.007084
1.879
3.795
5.121
5.407
4.412
2.355
0.01559
1.258
1.992
1.544
0.3807
0.2356
0.9112
0.7407
0.004678
0.7532
2.954
4.241
4.708
4.152
2.763
0.9828
0.05514
1.983
2.351
1.444
0.267
0.01423
0.1296
0.008129
0.004827
1.706
3.413
3.991
3.841
2.982
1.903
0.009202
1.356
1.765
1.636
0.861
0.2403
0.003277
0.01189
0.0005891
0.06553
1.757
2.983
3.138
2.761
2.17
0.1138
0.05202
1.937
1.901
2.328
1.526
0.3231
0.004303
0.002429
0.0009599
0.03779
1.384
2.126
1.923
1.68
1.052
0.005956
0.4479
2.595
3.504
3.213
1.955
0.4947
0.001828
0.002904
0.0007393
0.002985
0.5078
0.9401
0.8796
0.7117
0.0305
0.003848
0.1499
2.089
3.824
3.906
2.824
0.6785
0.003603
0.04584
0.02614
0.003556
0.003634
0.007856
0.01698
0.04454
0.04127
0.01468
0.004982
0.1008
2.309
3.912
2.934
0.9158
0.2986
0.9267
1.286
0.6932
0.008519
0.001407
0.003783
0.2191
2.028
2.185
0.6175
0.007399
0.04019
2.238
2.859
0.8945
1.429
2.322
3.056
2.836
1.12
0.003088
0.04403
1.958
3.511
3.263
1.992
0.63
0.007964
0.4329
1.144
0.08311
1.862
0.2591
0.1291
3.315
4.187
3.441
3.479
4.709
0.9127
0.06321
0.287
2.967
2.382
0.6704
1.047
0.3591
1.748
0.01521
0.7303
3.264
3.254
1.982
4.009
5.921
5.742
5.282
4.957
4.139
1.604
0.7706
0.7794
0.3368
1.409
0.005872
1.22
2.642
1.678
1.847
3.78
5.614
6.564
6.347
5.065
2.912
0.7919
0.7541
1.015
0.3718
0.4933
0.01101
1.107
1.493
0.8204
2.072
3.64
5.205
5.918
5.019
3.087
1.181
1.698
1.733
1.429
0.3401
0.01509
0.1882
0.8148
0.6873
1.241
2.616
3.711
4.574
4.34
3.123
2.084
1.722
2.42
2.227
1.245
0.002809
0.00803
0.2283
0.3178
0.4262
1.706
2.827
3.349
3.507
3.134
3.521
1.988
2.201
1.592
1.019
0.02801
0.2029
0.006851
0.08662
0.06823
0.4873
1.455
2.14
2.461
2.616
3.629
2.231
1.424
1.444
0.01283
1.985
1.509
0.4051
0.00458
0.01102
0.1301
0.3718
1.067
1.462
1.672
2.286
2.721
0.7075
0.01096
2.03
2.948
3.319
2.083
0.7191
0.00358
0.1868
0.1406
0.3819
0.7719
0.8684
1.117
2.135
0.3538
0.1008
0.9535
2.204
3.535
3.671
3.222
0.9664
0.06457
0.3315
0.5843
0.839
0.6551
0.4226
0.7012
0.8476
1.041
0.8375
0.5531
1.325
2.785
4.385
3.655
1.103
0.3927
0.9506
1.913
1.974
1.128
0.4404
0.5649
0.1237
2.849
2.812
1.183
0.6137
1.732
3.133
2.882
0.8595
0.9297
2.175
3.362
3.248
1.899
0.4305
0.008366
2.284
3.824
2.804
2.08
1.44
1.446
0.0158
0.03985
0.003886
3.072
2.126
0.01516
2.019
4.217
4.557
4.6
4.909
3.41
2.834
2.914
3.507
2.185
0.5833
0.589
0.002079
3.326
1.804
0.01136
2.065
3.376
3.319
4.511
5.507
5.533
5.432
5.169
4.282
1.758
0.1978
0.002804
0.1352
3.177
1.434
0.008012
1.605
1.94
2.253
3.65
5.227
6.401
6.422
5.256
2.839
0.01436
0.04813
0.5243
0.2825
2.434
1.016
0.004837
0.8495
1.008
1.775
2.939
4.834
6.21
5.165
2.081
0.01478
1.288
1.175
1.206
0.3825
1.555
0.6746
0.002826
0.5022
1.187
2.067
2.904
4.333
4.107
0.5286
0.06018
1.64
2.327
2.067
1.617
0.3336
0.8927
0.3307
0.001654
0.6653
1.76
2.448
2.688
2.881
0.08063
2.119
2.134
2.525
1.715
2.02
1.314
0.2597
0.7684
0.3403
0.001586
0.6939
1.347
1.732
1.854
0.2952
1.974
2.702
2.411
2.357
1.198
2.393
1.31
0.01244
0.8392
0.2955
0.001532
0.413
1.006
1.252
1.121
0.05501
2.399
1.981
1.764
2.408
2.983
2.583
0.2247
0.5018
0.7394
0.2427
0.002025
0.4424
0.8787
0.7758
0.01799
1.743
1.746
1.313
1.671
1.38
2.489
0.8193
2.344
0.9123
0.6477
0.04838
0.07693
0.88
0.8566
0.3932
0.007349
1.396
1.868
1.691
1.262
1.289
0.3858
3.433
3.505
1.041
0.4814
0.006962
1.286
1.841
1.089
0.2041
0.07416
1.284
2.718
1.994
0.6885
0.07314
2.103
3.918
3.337
0.8625
0.273
0.656
2.739
2.674
1.522
0.2117
0.04714
1.774
2.36
0.07905
1.003
2.158
2.742
2.321
1.82
0.2302
2.668
2.509
1.318
2.439
4.661
5.646
5.589
4.623
2.978
3.197
3.517
3.635
2.017
0.1111
0.9385
0.3646
3.518
2.87
1.657
2.595
4.113
4.731
5.318
5.046
4.63
4.861
5.036
4.768
2.614
0.01247
0.2412
0.268
3.944
2.905
1.651
2.118
2.653
2.887
3.874
4.632
5.867
6.232
5.833
4.457
1.652
0.01027
0.5085
0.2947
3.458
2.392
1.299
1.284
1.335
1.963
2.69
4.423
6.743
6.755
4.909
2.601
1.748
0.1624
1.1
0.4228
2.444
1.657
0.9219
0.9056
1.631
2.184
2.677
4.642
6.374
4.571
2.836
2.627
2.065
1.484
1.647
0.483
1.4
0.9106
0.9184
1.575
2.15
2.277
2.651
4.706
4.083
3.695
2.781
1.996
0.07706
1.866
1.841
0.5096
1.311
1.345
1.127
1.086
0.1726
0.187
1.927
3.607
3.738
3.486
2.65
2.039
0.02617
2.206
1.943
0.4129
1.876
1.406
0.6634
0.008087
0.004864
0.006086
1.165
2.434
3.248
2.818
2.411
1.293
2.551
3.024
1.679
0.5824
1.933
0.9074
0.004564
0.03906
0.2872
0.00721
0.6841
2.181
2.468
2.076
1.892
0.01327
2.658
2.7
2.192
0.7496
1.503
0.006802
0.3755
1.128
1.111
0.03835
0.4047
1.649
2.085
2.348
1.284
1.775
2.794
3.564
2.963
0.8252
0.0141
0.7167
1.75
1.808
1.206
0.07657
0.4425
1.397
2.437
2.077
0.009493
1.829
3.553
4.193
3.051
0.7051
1.129
2.02
2.554
1.926
1.397
0.06476
0.4528
1.626
2.682
1.36
0.02944
2.666
3.774
3.338
2.196
0.5769
1.707
1.981
2.074
3.567
5.989
7.206
6.872
4.816
2.556
3.806
4.278
4.135
2.953
0.01003
0.006332
0.04327
2.994
3.025
2.835
3.738
5.448
5.938
6.05
4.773
3.642
4.081
4.574
5.03
3.849
0.1565
0.006829
0.2654
3.857
3.616
2.846
3.057
3.21
1.117
2.233
3.66
4.976
5.257
5.403
4.966
2.773
0.3024
0.01167
0.212
3.619
3.258
2.259
1.382
0.05603
0.009917
0.03363
2.966
6.538
6.833
5.492
3.57
1.963
0.1899
0.006735
0.00882
2.503
2.058
1.045
0.01063
0.01351
0.09017
0.01066
3.146
6.516
5.733
3.964
2.933
2.074
0.01249
0.1465
0.006362
0.7726
0.03152
0.01272
1.257
2.257
2.121
0.02012
3.522
5.26
4.8
3.171
2.131
1.201
1.118
1.578
0.3454
0.004691
0.2144
1.079
1.915
2.136
1.603
0.01345
3.579
5.003
4.369
2.937
2.756
0.01385
1.909
1.591
0.2811
0.7659
1.18
1.325
1.494
1.638
1.049
0.008925
2.983
4.4
3.629
3.648
2.702
2.448
2.368
1.464
0.4916
2.015
1.366
0.8261
1.244
1.88
1.088
0.4674
2.892
3.43
2.804
3.03
0.01593
2.448
2.463
1.613
0.689
2.845
1.092
0.8405
1.411
1.814
0.5398
1.267
2.444
2.429
3.555
2.639
1.795
3.299
3.089
2.478
0.7234
2.341
1.642
1.613
1.363
1.176
0.008602
1.143
1.859
2.749
3.098
0.06319
2.636
4.397
4.323
2.563
0.02978
2.442
2.469
2.092
0.874
0.744
1.106
1.167
1.872
3.351
2.45
0.1309
3.34
4.342
3.968
2.285
0.4954
0.08795
0.008051
0.07182
2.137
5.801
7.847
7.886
4.766
0.9228
3.703
4.44
4.409
5.075
2.394
1.381
0.5422
1.326
0.7184
1.797
3.25
6.002
7.253
7.087
3.836
2.493
3.288
4.2
5.627
5.845
2.139
0.07878
0.01864
3.245
3.07
2.929
3.469
5.299
5.039
4.56
1.018
4.059
4.636
5.647
6.13
4.058
0.01747
0.3732
0.01486
3.564
3.571
3.101
3.104
3.555
3.02
2.328
0.05244
5.602
7.115
6.392
4.388
0.2284
1.305
1.317
0.4763
2.676
2.954
2.576
2.04
2.268
2.406
1.736
0.01833
5.631
6.591
4.714
2.614
1.455
1.894
1.711
0.5163
1.446
1.644
1.349
1.694
2.72
3.177
1.878
0.4333
5.422
5.46
2.492
0.01832
1.239
2.069
1.842
0.06678
0.7825
1.019
1.511
2.003
2.692
2.745
0.8648
3.46
5.824
4.086
0.1477
2.283
1.512
2.044
1.361
0.01413
0.9783
1.188
1.506
2.008
2.704
2.464
0.01339
3.618
4.979
2.364
2.571
3.705
3.037
1.765
1.222
0.5622
2.039
1.351
1.175
1.666
2.892
1.949
0.1318
3.285
2.842
0.03172
3.21
2.204
2.746
1.713
0.02276
0.6494
3.546
1.849
0.9545
1.207
2.21
0.01626
1.107
1.959
0.02182
2.705
3.542
2.555
3.434
0.6537
1.567
0.8885
3.887
2.688
1.482
0.6946
0.8123
0.0217
0.9325
0.1132
0.3326
3.244
2.192
4.031
4.696
3.532
2.436
0.7983
3.616
2.773
1.555
0.01264
0.0283
0.959
0.2677
0.02584
2.783
3.485
2.298
3.972
3.015
4.02
3.341
0.9292
2.352
1.081
0.5627
1.581
5.173
7.408
8.199
5.3
0.01386
2.49
3.107
0.358
3.241
2.933
2.034
0.5756
2.963
1.66
1.214
1.803
5.404
7.187
7.602
4.893
0.03107
0.1566
0.09125
1.221
4.63
3.419
1.336
0.3149
3.686
2.747
1.947
2.082
5.272
5.977
5.733
3.701
0.8609
0.02588
0.6455
4.424
5.281
2.697
1.253
0.2394
3.466
3.016
2.273
2.104
4.17
4.357
3.723
2.612
4.797
5.023
5.476
5.011
3.112
2.553
1.681
0.4188
1.796
2.205
2
1.591
2.942
3.432
2.963
2.489
5.99
6.429
4.774
2.595
1.684
2.27
1.464
0.2659
0.1258
0.6538
1.237
1.309
2.606
3.253
2.798
3.313
6.357
5.716
3.196
2.111
1.195
1.693
0.9441
0.02623
0.003625
0.01843
0.8091
1.416
2.602
3.259
2.81
4.668
6.467
4.735
3.15
3.587
2.211
0.7099
0.008538
0.01129
0.004279
0.003552
0.04562
1.129
2.937
3.852
2.712
4.898
5.717
3.782
4.629
4.712
2.44
0.08946
0.2773
0.1163
0.4495
0.02441
0.00421
0.14
2.807
3.939
2.827
4.303
4.306
3.299
4.53
2.895
0.3761
1.391
0.8963
0.6581
3.41
1.564
0.01638
0.008728
1.621
2.344
2.542
2.827
1.934
3.73
3.459
0.02707
2.903
1.87
0.6647
0.6469
4.824
3.615
0.6237
0.006267
0.708
1.261
1.944
1.896
1.893
3.484
0.968
3.702
4.573
2.688
0.01682
0.5363
5.143
4.476
2.382
0.01087
0.6037
1.831
1.927
2.118
3.361
3.549
3.393
4.68
3.629
3.16
1.982
0.8193
1.967
0.9796
0.1579
0.03438
3.504
5.986
7.953
6.022
1.635
2.974
3.573
2.292
3.697
3.175
2.592
0.7279
2.758
1.628
0.7205
0.008426
3.669
6.253
7.57
5.729
2.545
2.723
2.464
1.853
3.791
3.947
2.289
0.4528
3.511
2.485
1.406
0.009082
3.996
6.15
6.168
4.341
3.722
2.791
2.847
3.493
4.814
4.156
2.553
0.4682
3.504
2.756
1.892
0.013
3.471
5.252
4.561
2.82
5.348
5.307
5.33
3.951
3.014
3.546
2.728
0.8084
2.489
2.317
1.932
0.01834
2.347
4.172
3.885
3.648
6.574
6.04
3.546
0.03387
0.04411
2.416
1.924
0.7595
1.64
1.662
1.654
0.02684
1.464
2.796
3.113
5.524
7.357
4.879
0.03261
0.1051
0.01999
1.694
1.917
0.4474
1.195
1.221
1.472
0.04864
1.12
2.53
4.085
6.776
7.251
2.923
0.4741
2.851
2.332
0.9931
1.418
0.2163
1.099
1.286
1.216
0.07341
1.455
3.568
5.043
6.652
5.609
0.0286
3.417
5.011
3.571
0.1727
1.09
0.5722
1.693
1.839
1.472
0.07463
1.492
3.803
4.424
4.952
3.861
1.92
4.581
4.594
2.779
0.1187
1.113
0.818
3.353
3.46
2.388
0.08437
0.9177
2.615
3.055
2.256
0.06061
2.968
4.51
3.384
3.619
0.6474
1.372
0.7105
4.292
4.644
3.186
0.09827
0.367
1.537
2.026
1.757
0.01502
2.966
3.548
4.766
4.359
2.333
1.794
0.7977
4.928
5.121
3.927
0.08981
0.3037
1.658
2.364
1.811
2.509
4.003
4.483
4.864
2.491
3.323
2.596
0.7509
1.875
1.165
0.8864
0.01156
2.596
5.212
8.276
6.194
0.009416
1.29
2.128
0.01595
3.22
3.262
3.165
0.9554
2.594
1.712
1.532
0.02579
2.361
5.509
7.46
5.462
0.1592
1.429
2.039
0.2953
3.319
4.902
3.104
0.1798
3.212
2.37
2.489
0.1081
2.823
6.021
6.191
2.942
2.879
2.283
3.064
2.833
5.095
5.748
3.909
0.01697
3.19
2.701
3.422
0.366
2.153
5.634
5.028
0.02769
4.142
4.043
5.238
4.666
2.322
3.883
3.326
1.108
2.017
2.425
3.579
0.587
0.3062
3.956
3.867
0.2493
5.656
4.884
5.223
3.173
0.01885
1.804
0.0176
0.7899
1.686
2.136
3.227
0.811
0.01122
1.063
0.03357
4.773
7.417
4.714
3.384
2.073
0.03038
0.01516
0.2039
0.4932
1.696
2.068
2.904
1.315
0.007527
0.01142
0.08164
6.588
7.714
4.013
2.708
2.967
1.887
0.03546
1.118
0.5
1.67
2.169
2.642
1.665
0.3804
0.1054
3.941
7.701
6.92
2.862
3.64
4.563
3.843
1.032
1.02
0.7374
1.843
2.565
2.804
1.821
1.876
2.823
5.48
6.157
5.121
3.347
4.352
4.38
3.658
1.262
0.2586
0.6533
2.58
3.727
3.573
2.097
2.174
3.511
4.151
3.108
2.452
3.19
4.149
3.686
3.892
0.9203
0.009617
0.005852
2.952
4.663
4.246
2.086
1.475
2.523
2.769
3.447
1.857
2.787
3.522
4.899
3.907
0.03447
1.156
0.5152
4.113
5.274
5.085
2.572
1.91
2.402
3.727
3.612
2.631
3.425
4.509
5.262
2.939
1.634
2.302
0.5037
2.021
1.186
1.214
0.006915
0.04693
0.02626
6.516
7.632
2.089
0.4627
2.875
2.088
3.015
0.08029
2.883
1.288
2.596
1.497
1.795
0.01573
0.009146
1.35
5.892
6.876
2.278
1.179
3.315
0.02849
0.0405
4.098
3.562
1.261
3.107
1.835
2.356
0.4363
0.7745
4.272
5.782
4.558
3.933
1.953
3.852
0.05676
3.051
6.136
5.491
1.334
2.834
1.423
2.561
1.994
2.941
5.787
7.048
4.053
5.235
2.674
5.097
3.974
3.236
4.177
5.278
1.725
0.2564
0.1406
2.138
2.449
2.522
4.946
6.929
5.522
6.542
2.652
4.517
3.861
2.213
3.923
3.269
1.188
0.007719
0.06513
2.384
2.263
1.679
2.459
3.255
7.167
7.492
2.285
3.209
3.162
2.283
2.836
2.189
0.03624
0.00389
0.2109
2.206
2.403
2.146
2.528
3.434
8.142
7.667
2.073
2.546
2.797
2.947
2.837
1.662
0.007235
0.004668
0.6887
2.133
2.36
2.435
3.028
6.206
8.919
7.216
2.491
3.286
4.481
4.659
2.536
0.01841
0.3657
0.007745
1.125
2.142
2.138
2.416
3.828
7.473
5.952
4.087
3.585
4.386
4.585
4.693
0.2681
1.377
0.8752
0.01196
1.728
2.597
2.723
3.766
5.737
5.041
0.03564
0.2122
3.175
4.421
4.378
4.896
1.329
1.778
0.7425
0.0344
2.527
3.064
2.572
3.021
4.218
0.04366
0.2042
0.0533
2.688
3.799
5.946
3.993
2.481
2.551
0.8227
1.865
3.918
4.38
3.97
4.681
0.2968
3.902
3.19
1.886
3.485
5.199
6.037
0.9834
2.637
2.369
0.01088
1.635
0.01326
2.437
1.394
1.804
2.704
7.079
8.39
0.08402
0.01268
0.04426
2.559
4.195
3.188
1.388
0.926
2.196
0.02076
2.793
1.576
1.473
2.532
5.448
7.422
0.02818
0.02894
3.165
2.661
3.517
4.775
0.1029
0.8519
2.823
0.08147
2.713
1.895
1.812
3.38
5.227
0.6456
2.023
0.03807
4.515
3.747
4.922
5.845
4.838
1.453
3.631
0.6249
2.373
2.426
3.044
5.61
7.947
0.07291
4.603
0.05134
4.029
4.012
2.692
0.07501
4.586
1.798
3.088
0.6959
1.604
2.277
2.979
5.703
8.277
6.999
6.742
0.04802
2.853
3.074
2.789
2.778
4.008
1.501
1.576
0.007712
0.9455
1.488
1.505
2.314
0.08593
7.987
7.508
0.01558
2.084
2.938
3.084
4.039
3.502
0.9613
0.8692
0.001745
0.7926
1.461
2.128
3.548
2.216
9.127
7.614
0.02906
1.848
2.266
0.0616
3.208
3.024
0.7462
0.7028
0.01305
0.8738
1.52
2.562
3.496
7.45
10.3
7.822
0.3033
2.706
4.487
3.388
3.897
2.166
0.7588
1.117
0.2775
1.06
1.582
2.556
0.06177
7.612
9.318
7.105
1.387
3.883
1.734
4.659
3.043
2.204
0.7999
1.331
0.6925
1.474
2.768
4.934
6.795
8.748
6.306
4.303
1.17
3.266
0.1618
3.672
2.828
2.272
0.7102
0.2974
1.054
2.151
2.579
0.04941
5.915
5.823
4.318
2.411
0.1757
0.05312
4.337
3.882
2.442
2.587
0.7377
0.01545
1.964
2.94
0.05322
4.283
4.704
6.064
5.046
0.06231
0.05727
0.6302
5.613
3.416
2.354
1.918
0.02928
1.672
0.006575
1.435
1.528
1.945
3.276
3.995
9.4
4.172
0.02839
2.394
2.722
3.495
2.024
3.021
0.778
1.94
0.004632
1.435
1.388
1.309
2.361
0.05954
8.654
4.062
0.01472
3.146
2.576
4.204
5.291
2.966
0.9234
2.548
0.009134
1.335
1.505
1.514
3.385
1.069
6.639
4.955
0.01016
3.493
3.443
4.53
6.668
5.276
1.51
3.36
0.1804
1.143
1.847
2.778
6.568
11.11
7.942
6.359
0.01098
2.957
2.954
0.03846
3.583
5.335
1.768
3.327
0.5411
0.74
1.849
3.453
6.89
11.79
11.03
7.811
0.02497
1.525
1.994
0.3709
4.131
4.931
1.584
2.407
0.02546
0.2162
0.9198
1.594
0.06533
5.664
10.18
8.053
0.02461
0.821
1.851
3.027
4.745
4.447
1.191
1.787
0.00239
0.1077
0.6009
2.041
1.688
6.206
10.22
7.88
0.04576
0.6736
0.02065
1.725
3.702
3.639
0.9385
1.652
0.002165
0.1629
0.6802
0.7146
4.813
8.061
10.16
7.577
0.4158
0.01547
2.519
3.179
3.811
2.843
0.8557
2.186
0.004426
0.2344
0.677
0.03504
3.081
7.074
8.655
6.82
2.69
1.812
3.917
4.058
3.368
2.629
0.856
2.871
0.008932
0.02134
0.0185
2.729
5.034
7.478
7.048
5.438
3.391
3.769
3.549
3.265
2.785
2.659
0.8512
2.788
0.03086
0.0119
0.1357
1.852
3.928
6.098
6.299
4.857
3.037
2.917
5.129
3.131
1.613
2.939
1.006
3.684
1.09
1.595
2.242
2.986
3.791
6.716
7.411
4.68
3.378
3.2
5.733
3.847
1.649
2.853
0.8845
1.522
0.1963
1.101
1.471
2.396
0.2754
7.845
9.201
4.557
1.813
3.214
1.519
1.074
3.379
2.68
0.006758
1.719
0.00303
0.901
1.224
1.589
0.0392
5.377
9.294
5.011
0.9424
3.704
1.761
4.398
5.585
3.108
0.2245
2.631
0.003769
0.6281
1.273
1.526
0.0785
6.065
8.5
5.434
0.0263
3.789
3.384
5.892
6.941
5.029
1.335
3.689
0.2993
0.3213
1.279
2.201
1.038
10.26
10.2
6.819
0.007465
2.796
2.318
3.666
5.324
5.546
1.712
4.226
0.9988
0.02159
1.215
3.369
5.325
11.37
12.47
8.742
0.4708
0.5036
0.03568
2.418
5.259
5.731
1.745
4.08
0.9731
0.001492
0.6189
0.1699
3.608
7.121
10.96
8.867
1.19
0.0124
0.02547
1.875
5.153
5.445
1.58
3.579
0.8946
0.001074
0.02606
0.0289
3.199
6.889
10.36
8.36
1.493
0.9098
1.052
1.083
4.066
4.546
1.342
3.648
1.143
0.003942
0.01082
0.8799
3.542
7.373
9.517
7.207
1.799
1.7
3.162
2.017
3.7
3.533
1.155
4.886
2.17
0.1487
0.107
1.697
2.778
6.379
7.895
5.744
2.377
2.448
4.333
3.294
3.34
2.724
1.019
6.19
3.51
1.559
1.111
2.496
3.699
6.998
7.641
5.476
2.69
2.898
4.146
0.5207
1.955
2.642
1.003
5.337
2.966
2.067
2.232
2.448
3.337
7.023
8.103
6.173
3.125
2.77
4.925
0.02114
0.03536
2.966
1.173
5.59
3.425
2.829
4.165
3.561
3.532
7.713
8.89
6.964
4.31
3.276
5.207
0.3068
0.02845
3.133
1.293
1.297
0.0465
0.9794
1.419
1.256
6.697
9.966
9.52
4.009
3.867
4.024
0.03726
2.72
3.938
2.274
0.1146
2.069
0.003219
0.5664
1.433
0.1374
4.856
8.081
10.98
7.18
2.201
4.339
0.02469
4.327
5.534
2.729
0.006728
3.367
0.2863
0.08421
1.595
0.06158
4.569
8.326
11.16
7.392
0.01912
3.771
0.06037
5.816
6.789
4.268
0.8022
4.498
1.17
0.002908
0.7627
0.03783
4.55
10.54
12.67
8.892
0.4678
1.139
0.2272
4.583
6.504
5.531
1.494
5.443
2.223
0.0125
0.05733
0.02901
3.661
10.9
13.86
10.62
2.47
0.04462
0.9782
0.8092
6.033
6.24
1.751
5.813
3.075
0.2621
0.02531
0.01385
1.825
7.817
11.99
10.34
3.368
0.01715
0.7232
0.0597
5.181
6.173
1.765
5.002
3.044
1.554
0.03082
0.013
1.781
6.991
10.66
9.368
3.182
0.0323
0.9551
0.01156
4.064
5.347
1.634
4.856
3.3
2.621
0.03325
0.01718
2.005
6.662
9.022
7.369
2.789
0.1183
2.322
0.02448
2.896
3.972
1.454
6.724
4.928
3.358
0.02791
0.01406
1.799
5.774
7.09
4.964
2.505
0.1993
4.09
2.118
2.98
2.625
1.278
8.771
7.309
3.831
0.02376
0.01336
1.211
6.078
7.772
5.501
2.776
0.1036
4.924
3.85
2.054
2.924
1.058
6.452
5.26
1.076
0.02408
0.01618
0.08929
5.977
9.301
8.011
3.988
0.04116
5.549
3.389
0.02379
3.147
0.2729
8.106
6.768
0.0866
0.05884
0.04139
0.04042
5.88
9.476
10.51
6.282
0.03498
5.715
3.634
0.2089
3.109
0.6005
1.779
0.006958
0.7673
0.1859
0.4044
7.441
11.95
10.55
2.508
5.766
5.536
0.01662
3.426
4.124
1.908
0.4776
3.18
0.6154
0.03181
0.1779
0.03184
5.307
11.05
13.41
9.16
1.352
5.357
0.06804
4.962
5.199
2.486
0.4923
4.55
2.403
0.01583
0.3267
0.01458
4.039
10.52
13.87
10.27
0.03427
5.417
3.763
7.49
6.02
3.431
0.9232
5.563
3.83
0.04973
0.4591
0.05501
1.985
10.41
14.49
11.18
0.04188
3.996
4.208
6.975
6.595
5.074
1.181
6.94
6.08
0.4802
0.7806
0.6813
0.02869
8.985
14.17
11.95
0.2713
2.281
2.642
3.286
7.108
6.221
1.451
7.912
8.377
0.369
1.046
0.4101
0.0092
6.814
11.8
11.55
0.8985
1.457
1.22
0.2721
6.012
6.29
1.494
6.06
6.624
0.1142
1.542
0.6093
0.008151
5.684
9.995
10.54
0.8787
2.307
1.473
0.01398
4.591
5.535
1.451
4.985
5.581
0.06288
2.19
1.375
0.01241
4.917
7.899
8.017
0.2476
3.014
2.603
0.02201
2.591
3.293
1.349
8.403
9.134
0.1335
2.638
2.039
0.03573
4.158
5.656
4.498
0.05509
3.829
4.322
1.534
2.14
0.04033
1.053
13.66
14.05
5.651
4.363
2.576
0.3096
4.502
7.129
5.515
0.04138
4.129
5.093
2.901
0.1625
0.03164
1.035
9.757
0.6798
9.145
4.75
3.036
1.169
4.816
10.16
9.698
0.1324
3.918
5.113
3.106
0.04174
2.251
0.9318
14.98
1.016
8.66
5.1
3.445
0.5264
4.605
10.05
14.19
3.327
4.146
5.124
3.778
1.851
3.202
0.7968
4.513
0.04701
1.044
0.2856
0.03881
7.675
12.85
10.87
0.2754
6.864
6.076
0.02367
4.547
3.086
0.01233
0.3841
5.026
1.671
1.43
2.021
0.01261
5.836
12.62
14.41
9.685
7.069
6.002
0.09476
5.58
3.572
0.01356
0.3529
5.6
6.478
2.021
3.193
0.7095
4.097
11.64
15.08
12.5
4.986
6.231
3.931
7.089
3.783
0.1095
0.6566
6.214
8.161
1.91
2.756
0.6414
0.03147
9.343
14.76
13.5
5.263
5.539
5.063
7.045
5.503
3.695
0.9867
7.872
11.07
3.033
2.523
0.8073
0.01574
7.432
13.27
14.01
6.28
4.265
3.558
4.702
7.235
5.998
1.321
10.31
15.5
8.868
3.153
0.7106
0.01735
5.321
9.926
13.15
6.756
3.358
1.607
1.667
6.364
6.294
1.327
8.362
5.374
7.671
3.074
0.8831
0.02936
4.122
7.794
12.06
6.998
3.699
1.21
0.5075
4.25
5.682
1.294
6.016
0.134
5.512
3.161
1.424
0.09382
3.655
6.159
7.809
6.507
4.596
1.607
0.04896
0.05003
4.134
1.349
12.13
0.629
4.963
3.554
1.969
0.2616
3.219
4.013
0.1763
5.229
5.902
2.432
0.006227
0.06369
2.71
1.278
21.04
19.03
10.63
5.363
2.463
0.4018
2.739
6.14
0.07698
5.328
6.408
2.955
0.5648
1.758
2.327
1.001
1.557
12.83
10.31
6.404
3.09
0.5205
2.758
10.88
5.065
6.773
5.978
3.18
2.463
1.652
2.82
0.6748
15.51
12.68
10.2
7.41
3.765
0.2909
3.455
3.61
14.94
10.2
5.319
3.423
3.577
3.137
3.25
0.6063
6.542
5.542
3.866
1.321
0.009254
7.473
12.54
11.66
5.987
8
7.019
3.597
5.507
2.265
1.458
0.5536
6.32
4.62
4.891
2.986
0.9171
6.802
13.14
14.71
10.5
8.695
7.266
3.312
5.732
2.256
1.501
0.4464
5.488
2.065
5.717
4.407
3.082
6.284
12.53
15.55
11.83
8.198
7.552
5.139
5.323
0.05513
1.579
0.6407
5.889
0.602
5.289
3.941
2.865
1.915
9.622
14.59
12.72
8.365
7.161
5.176
5.118
0.1046
2.899
0.009026
7.276
0.7669
5.101
3.263
1.81
0.01405
6.401
12.02
13.58
8.856
6.224
3.607
4.691
5.71
4.998
0.07341
10.24
15.87
9.886
4.469
1.566
0.00447
3.994
7.386
12.78
9.073
5.062
0.4577
1.777
5.994
5.358
0.009867
9.905
16.83
9.889
4.879
1.623
0.001682
2.568
4.445
12
9.316
4.868
0.01542
0.455
4.785
5.043
0.008161
0.1899
9.704
7.333
4.978
2.016
0.002017
2.296
3.132
10.95
9.374
5.355
0.006258
0.006936
2.739
4.187
0.0161
1.26
7.663
6.617
5.518
2.487
0.003048
1.866
0.05548
6.823
8.653
6.128
0.009658
0.00608
1.8
2.81
0.02382
23.32
18.61
12.26
8.046
3.244
0.001968
1.115
0.6753
6.67
9.108
6.586
0.04466
0.4626
2.152
2.33
0.01131
14.67
14.37
12.96
9.887
4.141
0.0006812
0.2009
10.93
12.92
11.17
6.755
0.2167
1.656
2.75
2.738
0.003898
21.07
16.08
14.56
12.08
5.939
0.01863
0.1092
11.17
18.8
14.18
6.794
1.628
3.245
4.24
3.355
0.004605
0.06951
5.449
3.909
1.958
0.02189
7.632
11.83
9.762
8.59
9.243
7.288
5.431
4.538
0.04968
1.295
0.1766
0.06496
7.252
5.053
3.129
0.1763
7.434
13.72
15.2
13.15
11.23
8.979
5.546
4.988
1.084
1.406
0.003527
0.287
8.062
6.314
5.672
4.821
8.283
13.9
17.08
15.24
11.77
9.41
6.234
5.425
2.466
2.117
0.4249
2.252
9.087
6.51
5.646
5.185
5.307
11.1
15.78
15.47
11.82
9.003
5.915
5.582
3.197
3.266
0.5214
2.837
9.823
6.345
4.68
3.154
1.448
7.082
11.45
14.69
11.82
8.219
4.62
4.693
5.854
4.659
0.6285
0.09966
12.64
8.929
5.659
2.453
0.3696
3.572
1.587
11.72
11.45
7.134
2.059
0.3188
5.495
5.166
0.6317
1.286
11.36
9.707
6.679
2.645
0.07414
1.695
0.02295
10.33
11.51
6.815
1.01
0.007476
4.522
5.084
0.5701
13.95
11.33
9.626
7.545
3.19
0.02495
1.645
0.4072
9.874
11.97
7.048
0.4688
0.008406
3.133
4.482
0.7278
12.46
10.32
10.08
8.66
3.754
0.005065
1.852
4.469
9.406
12.01
7.132
0.1526
0.05235
2.428
3.563
0.6549
16.49
16.64
15.07
11.68
4.847
-0.0005214
0.04462
5.649
10.58
12.98
7.158
0.04642
0.3554
2.887
3.417
0.5787
15.34
16.38
16.99
14.26
6.476
0.004884
0.03775
10.28
16.36
15.33
6.196
0.03218
0.9368
3.721
3.816
0.5301
18.58
19.09
19.49
17.44
10.3
0.05564
3.24
13.31
21.42
17.13
3.858
0.01016
2.412
5.088
4.313
0.3517
6.466
5.948
4.372
2.742
0.6924
8.306
11.09
6.758
9.756
10.44
7.589
6.667
4.252
0.01116
1.631
0.4989
0.8447
5.482
4.957
3.365
0.02313
7.953
14.39
15.42
15.18
13.58
10.53
6.963
4.423
0.1498
1.4
0.00366
0.07569
5.423
6.009
6.228
5.292
9.911
15.71
18.82
17.82
14.73
10.86
6.519
5.102
1.941
1.913
0.01874
0.05089
7.341
6.699
6.782
6.536
7.798
13.52
17.64
17.7
14.62
10.19
5.443
5.73
3.738
2.983
0.1968
0.08247
8.097
6.773
5.773
3.613
1.683
8.886
13.25
16.11
14.31
9.463
3.945
5.436
5.923
4.32
0.3622
0.1436
7.119
8.194
6.734
3.048
0.1627
4.769
3.813
12.38
13.66
8.581
1.659
2.113
5.955
5.129
0.461
7.967
9.774
10.32
8.52
3.731
0.009492
1.895
0.02653
9.712
13.64
8.297
0.3384
0.04556
4.796
5.13
0.09234
16.56
13.4
12.74
10.53
4.784
0.002474
1.386
0.02581
9.381
14.42
8.445
0.03843
0.003364
3.656
4.755
0.00914
12.25
13.11
14.24
12.44
5.919
0.002051
1.137
2.914
11.22
15.65
8.671
0.009174
0.003832
3.112
4.262
0.007043
11.01
16.16
17.96
15.65
7.731
0.006971
0.02959
6.136
14.52
17.53
9.016
0.005757
0.01002
3.333
4.236
0.007426
15.43
18.5
20.47
18.77
10.82
0.037
0.008827
10.58
20.16
20.07
8.928
0.01009
0.03475
3.938
4.519
0.007429
16.81
20.77
22.87
22.26
16.82
0.4372
4.138
15.87
24.8
21.18
7.175
0.007356
1.119
5.353
5.053
0.04602
7.087
5.276
4.044
2.569
3.834
10.04
10.63
3.021
9.71
11.15
7.827
7.363
4.318
0.003863
1.915
0.7843
9.35
6.801
5.414
3.525
0.0197
8.872
15.32
15.32
16.58
15.39
11.71
7.588
4.319
0.01936
1.685
0.02942
6.834
7.393
6.844
6.437
4.908
11.47
17.78
20.76
20.27
17.23
11.93
5.969
4.879
1.313
2.209
0.003892
0.3734
6.006
7.062
7.476
7.36
9.601
15.84
19.62
19.77
16.93
11.03
4.068
6.108
4.276
3.338
0.04399
0.08909
5.378
6.938
6.607
3.894
0.8955
10.04
14.7
17.36
16.47
10.62
2.47
6.283
6.382
4.729
0.261
2.24
6.039
8.403
8.009
3.995
0.02883
5.397
6.072
13.59
15.88
10.06
0.5487
4.021
6.464
5.525
0.01164
14.65
11.9
12.2
10.83
5.443
0.004596
2.145
0.06332
10.12
15.69
9.908
0.02782
0.8977
5.179
5.7
0.1037
15.66
15.3
15.74
13.84
7.405
0.007911
1.096
0.009299
9.745
16.57
10.3
0.01087
0.03299
3.827
5.564
0.9255
11.27
15.1
17.58
16.31
9.692
0.0237
0.2641
0.8186
12.38
18.75
11.05
0.009405
0.007531
3.204
5.203
1.128
9.532
16.39
20.16
19.41
12.92
0.1954
0.005295
6.22
17.53
21.66
11.71
0.007341
0.008227
3.015
5.037
1.168
15.76
19.73
22.77
22.64
17.33
1.061
0.007227
11.82
23.7
24.51
11.63
0.004304
0.01149
3.361
5.155
0.9876
15.96
21.25
24.56
25.82
23.55
6.822
7.048
19.44
28.47
25.34
9.731
0.0003031
0.03119
4.586
5.687
0.05186
4.216
4.194
3.094
0.3779
5.594
12.21
10.9
0.5056
9.005
11.5
8.215
7.983
4.703
0.003219
2.282
1.154
7.074
6.182
5.454
3.438
0.03995
10.04
16.58
14.91
17.26
16.73
12.77
7.858
4.597
0.005159
2.218
0.5359
9.951
8.032
7.251
6.088
3.216
12.55
19.83
22.75
22.55
19.58
12.98
4.689
4.757
0.3178
2.781
0.04386
10.05
8.673
8.377
8.246
7.822
10.59
17.58
21.47
21.56
19.06
12.08
1.834
6.706
3.91
3.959
0.009845
4.003
7.05
8.262
7.805
4.434
0.2245
10.21
15.55
18.02
18.45
12.14
0.4073
7.045
6.099
5.047
0.01637
12.46
10.06
10.71
10.09
5.6
0.01057
5.602
8.165
14.7
17.89
12.19
0.03578
5.246
6.029
6.066
1.082
16.92
14.97
15.12
13.82
8.215
0.01426
2.427
0.4075
10.73
17.08
12.37
0.0256
2.436
4.669
5.875
1.04
13.84
16.32
18.17
17.13
11.44
0.09803
0.4846
0.008143
9.925
17.6
12.69
0.02905
0.6497
3.269
5.458
1.337
10.09
15.89
19.68
19.47
14.35
1.098
0.00764
0.1046
12.34
20.31
13.96
0.03465
0.2139
2.62
5.116
1.493
9.199
16.6
21.41
22.02
17.9
3.607
0.003295
5.52
18.94
24.72
15.5
0.02941
0.209
2.238
4.737
1.531
15.27
20.1
23.72
24.82
22.28
7.887
0.05469
13.49
26.65
28.83
15.84
0.01932
0.335
2.607
4.664
1.478
15.18
21.06
24.74
27.25
27.63
17.47
12.94
23.99
32.47
30.4
14.17
0.00872
0.01983
3.404
5.581
1.252
3.838
3.735
2.652
0.03009
7.047
14.38
12.04
0.0643
8.084
11.51
8.758
8.674
5.44
0.004838
2.629
1.479
4.856
5.405
5.256
3.847
0.3485
11.21
18.09
14.71
17.22
17.56
13.86
7.919
5.383
0.006315
2.818
1.284
6.329
6.857
6.848
5.414
1.092
12.62
21.53
24.87
24.81
21.96
14.33
2.727
5.315
0.02973
3.177
0.9602
9.183
8.667
8.943
8.625
7.619
10.62
18.65
23.2
22.86
20.66
13.79
0.1819
7.581
2.144
4.24
0.969
12.09
10.26
10.35
9.379
5.411
0.05317
9.756
15.65
17.08
19.51
15.54
0.068
8.065
4.511
4.92
1.068
14.6
13.31
13.62
12.76
8.036
0.01912
5.454
9.222
14.32
18.66
16.5
0.06573
6.176
4.125
5.492
1.527
14.1
15.8
17.28
16.86
12.4
0.1524
2.148
1.255
10.38
16.74
15.63
0.2963
4.146
3.086
5.667
1.862
10.76
16.04
19.34
19.6
15.52
2.027
0.2805
0.01179
8.989
16.6
15.1
1.419
2.325
2.176
5.707
2.273
8.539
15.82
20.45
21.29
18.06
4.418
0.001496
0.03006
11.06
19.75
16.86
2.306
1.564
1.759
5.535
2.427
9.195
16.8
21.85
23.05
21.23
8.767
0.02524
4.03
18.88
26.38
20.25
2.294
1.562
0.4353
4.512
2.258
13.87
19.92
23.57
24.98
25.18
16.48
0.6975
14.69
28.51
32.44
22.29
0.6883
1.676
0.03351
3.437
1.872
14.11
20.62
23.79
26.67
29.65
26.11
20.95
28.98
36.35
35.64
21.28
0.0669
0.8346
1.252
4.399
1.769
2.751
3.141
2.661
0.05218
8.483
16.61
14.34
0.04485
6.961
10.98
9.195
9.135
6.501
0.01385
2.804
1.682
3.748
4.437
4.481
3.909
2.959
13.51
20.55
15.2
16.21
17.48
14.9
7.896
6.751
0.01484
3.421
1.861
4.872
5.805
6.004
4.925
0.2761
12.06
23.1
27.47
27.39
24.25
16.18
0.4653
5.886
0.01491
3.38
1.748
5.727
7.24
8.276
8.115
6.581
9.413
19.42
25.57
24.4
20.94
18.32
0.08537
8.937
0.1963
3.355
1.656
8.692
9.555
10.75
10.3
6.577
0.03653
8.899
15.85
15.45
19.06
23.06
0.1345
9.675
1.017
3.19
1.455
10.01
12.32
14.25
14.71
11.54
0.06324
4.257
9.296
12.94
17.65
22.67
2.809
7.968
0.3903
4.25
2.141
9.157
14.25
17.18
18.69
16.33
2.816
2.617
2.213
8.982
14.44
18.84
6.178
5.333
0.1738
5.085
3.011
8.161
15
18.67
20.57
19.04
6.031
0.1576
0.01668
6.761
13.29
15.7
5.937
2.82
0.0511
5.714
3.558
7.097
15.43
19.87
21.47
21.48
9.395
0.02702
0.02591
8.742
16.82
17.59
7.297
1.977
0.02835
5.774
3.518
8.929
17.14
21.62
22.38
24.4
17.31
0.2784
2.27
17.65
26.43
23.89
9.98
2.449
0.041
4.623
2.954
11.52
19.54
22.71
23.02
26.88
25.22
8.067
17.01
29.75
35.21
29.78
10.58
3.896
0.7012
2.864
2.198
12.47
20.41
22.06
23.97
29.96
31.92
28.81
33.85
39.89
40.37
30.85
4.447
3.297
0.03669
3.132
1.949
1.721
2.392
2.617
1.526
10.68
19.71
19.22
0.1143
5.961
9.666
9.008
8.619
7.238
0.5011
3.299
1.743
2.225
2.841
2.76
1.713
5.145
16.86
24.44
18.24
15.9
16.32
15.17
4.512
7.111
0.7792
4.777
2.499
2.937
4.172
4.531
4.447
0.2003
11.35
25.06
31.24
31.66
27.32
20.01
0.105
5.376
0.1027
4.528
2.652
2.761
4.918
6.317
6.483
4.844
6.814
20.68
29.87
25.43
20.98
23.83
5.501
12.02
0.04897
3.818
2.412
2.482
6.249
8.71
9.721
8.05
0.04828
7.019
17.52
5.801
17.28
31.95
12.29
12.32
0.04313
1.709
1.626
3.146
8.751
11.7
14.53
13.65
2.264
4.153
10.12
6.052
16.45
29.58
14.72
9.143
0.04747
4.632
2.911
3.742
11.56
14.07
18.21
18.55
8.251
3.401
3.542
5.68
12.71
22.2
13.38
3.464
0.07162
6.3
4.44
4.355
13.65
15.34
19.13
21.93
12.68
0.05568
0.04343
4.016
10.26
15.29
9.424
0.2743
0.1548
7.536
4.869
5.105
15.43
17.4
18.92
24.51
18.59
0.3418
0.01765
6.663
13.43
15.84
10.51
0.089
1.061
7.53
4.585
7.407
18.43
20.87
18.8
25.92
25.11
8.437
2.147
17.15
26.37
24.75
15.05
0.1283
2.412
4.96
3.723
10.47
21.22
22.17
17.96
25.18
29.33
20.05
21.96
32.26
37.8
35.39
19.85
1.055
2.472
0.1176
2.208
13.5
23.02
20.51
18.54
27.36
33.21
32.88
38.59
43.62
44.32
40.53
19.35
4.817
2.345
0.7229
1.531
0.5316
1.457
0.05412
3.885
12.71
22.8
25.4
10.49
1.91
6.952
7.896
5.999
6.073
3.477
0.0893
1.498
1.051
1.179
0.9764
0.319
1.318
17.56
27.82
23.45
4.446
13.37
15.18
10.3
7.391
3.664
3.852
3.026
1.14
2.287
2.547
3.241
3.124
11.93
27.49
35.92
35.18
31.53
23.68
9.019
0.08841
3.284
4.272
3.429
0.5043
2.148
3.485
3.895
2.989
0.1372
18.81
35
35.65
8.915
21.78
18.01
13.8
5.341
0.4069
2.946
0.02397
2.413
5.061
7.175
7.48
3.301
5.711
23.76
22.63
0.2544
29.17
22.02
16.32
3.298
0.04222
1.836
0.03603
5.364
7.628
12.37
12.76
6.464
0.06988
9.996
14.2
0.2004
26
21.36
12.32
0.05663
0.06221
3.465
0.06268
9.292
10.66
17.12
18.49
13.03
6.824
4.359
6.47
0.1136
18.6
18.37
12.73
1.582
0.1718
4.599
0.1182
12.12
12.43
18.34
24.24
19
10.8
0.06274
1.676
0.05218
9.863
12.04
10.11
3.544
1.585
4.821
0.2142
13.62
16.3
18.12
27.97
24.14
12.74
2.063
0.05916
1.559
8.446
13.01
7.725
3.562
2.287
4.489
0.3252
14.35
22.21
17.77
29.04
28.5
17.58
13.05
12.44
22.45
23.32
19.81
7.537
2.63
0.2382
3.673
0.2791
15.16
24.27
15.64
26.4
31.25
24.85
30.46
35.69
39.34
40.03
28.79
11.25
0.943
0.01743
2.461
0.2372
23.28
22.98
17.03
29.34
33.77
32.35
43.32
47.25
45.76
48.08
32.19
13.03
0.02683
0.009217
1.242
1.092
2.035
3.134
3.915
4.17
3.365
1.816
1.282
2.263
2.895
3.164
2.344
0.6818
0.3211
0.4101
0.2115
1.882
2.371
3.377
3.823
3.271
1.582
0.008969
0.2032
2.144
2.499
2.878
2.555
1.278
0.4469
0.002966
0.009508
2.51
2.495
2.556
2.409
1.283
0.007187
1.056
1.973
2.226
1.515
1.796
2.024
1.318
0.2082
0.01387
0.2291
3.401
3.209
2.567
1.52
0.006644
0.3753
1.521
2.313
2.438
2.206
2.243
1.324
0.01344
0.589
0.7313
0.3308
3.57
3.047
1.898
0.4575
0.5433
0.8863
1.601
1.948
2.469
2.173
1.83
0.03239
0.7733
0.9919
0.8149
0.2711
2.538
1.368
0.923
0.003495
0.3104
0.5007
0.8851
1.291
1.226
0.01479
1.734
1.057
1.232
1.374
1.098
0.3384
1.082
0.9299
0.6518
0.01175
0.002534
0.008261
0.003075
0.02544
0.6616
0.7274
1.568
1.356
1.072
0.9301
0.6596
0.1949
0.283
0.264
0.2491
0.2176
0.249
0.2742
0.1958
0.1708
0.2926
0.3932
0.4892
0.2292
0.001836
0.001963
0.0009826
0.009565
0.561
1.856
3.746
4.779
4.9
3.945
1.777
0.01202
1.585
2.99
3.412
3.04
1.866
1.256
0.7763
0.001958
1.172
1.997
3.963
4.819
4.332
2.521
0.01991
0.9142
2.372
2.951
3.018
2.791
1.73
0.7139
0.002969
0.08092
1.722
1.988
2.494
2.904
2.216
0.8802
0.1557
1.853
2.604
2.344
2.173
2.001
1.063
0.004585
0.3026
0.2374
2.825
2.958
2.644
2.165
1.139
0.007004
1.354
2.545
2.927
2.41
1.885
1.003
0.006876
0.004175
0.2098
0.1749
3.253
3.102
2.599
1.713
0.8573
0.008471
1.209
1.965
2.744
2.604
1.969
0.1667
0.05421
0.2081
0.6741
0.3
2.619
2.169
1.831
0.8816
0.1671
0.003201
0.1098
0.8558
1.561
1.456
1.956
1.156
1.042
1.148
1.112
0.3741
1.347
1.239
0.9661
0.3644
0.4871
0.1533
0.003999
0.003395
0.2479
1.008
1.571
1.138
0.8931
0.7786
0.6473
0.1938
0.2549
0.218
0.2924
0.3966
0.4703
0.4091
0.1626
0.002331
0.2
0.3294
0.465
0.3441
0.1915
0.1482
0.1201
0.002248
0.08695
0.3481
3.628
5.397
5.468
4.623
2.681
0.4619
0.8869
2.706
3.05
2.818
1.971
1.64
1.105
0.1887
0.6545
0.01378
3.108
5.07
4.788
3.135
0.06367
0.6121
2.26
2.988
2.682
2.782
2.128
1.392
0.55
0.1468
1.178
0.04039
0.02149
0.6479
0.3722
0.01146
0.8365
1.766
2.587
2.708
2.36
2.181
1.524
0.7782
0.5987
0.2248
2.086
1.708
0.8978
0.1732
0.3473
0.6804
1.764
2.552
3.024
2.362
1.665
1.187
0.5572
0.6331
0.5958
0.2514
2.729
2.526
2.354
1.883
1.755
1.191
1.546
1.74
2.736
2.795
2.408
1.169
0.9988
1.106
1.076
0.3841
2.679
2.643
2.452
1.512
0.96
0.6171
0.4306
0.6698
1.493
2.042
2.344
1.378
1.189
1.166
1.068
0.3354
1.564
1.596
1.048
0.007464
0.01143
0.1875
0.1637
0.03534
0.004256
0.9304
1.743
1.044
0.6777
0.4716
0.2268
0.00597
0.2333
0.1019
0.02797
0.3775
0.4289
0.4112
0.281
0.1664
0.002325
0.2729
0.5196
0.3937
0.1832
0.1299
0.006568
0.001294
1.472
2.159
3.826
4.59
3.885
4.077
2.832
1.129
1.528
2.732
2.634
2.41
1.821
1.944
1.423
0.2987
1.904
2.353
4.614
5.876
5.403
4.25
2.026
1.731
2.619
2.982
2.19
2.72
2.417
1.945
0.9952
0.2166
1.73
2.267
2.916
3.434
2.947
1.911
1.837
1.86
2.446
2.567
2.113
2.051
1.525
1.167
0.7872
0.2191
1.846
1.936
2.555
2.311
1.726
1.212
1.928
2.312
2.684
0.6201
0.03388
0.01558
0.006206
0.004945
0.005711
0.05499
2.585
2.167
2.551
2.584
2.317
1.644
0.6253
0.01995
2.084
2.295
2.206
1.417
1.165
1.16
1.025
0.3789
3.02
3.136
3.319
2.379
0.3275
0.3029
0.8757
1.057
1.901
2.552
2.67
1.237
0.9603
0.8577
0.9784
0.3989
1.954
2.241
1.781
0.08455
0.5425
0.5368
0.4537
0.4216
0.7193
1.37
1.614
0.009674
0.004078
0.004668
0.4561
0.2047
0.317
0.1187
0.4472
0.4106
0.4238
0.2961
0.2083
0.1768
0.2146
0.004427
0.5274
0.3935
0.13
0.001646
0.154
0.02164
0.04124
0.5406
3.631
4.84
4.484
3.827
2.734
1.757
2.056
2.814
1.942
1.619
0.03667
0.6988
1.445
0.3711
0.006993
0.1857
3.845
5.295
4.763
4.101
3.071
2.242
2.616
2.124
0.01392
1.972
2.069
2.158
1.362
0.3412
0.01201
0.01863
2.03
3.267
2.985
2.37
2.275
0.06073
0.5471
2.27
1.86
2.521
2.023
2.085
1.578
0.3985
0.1663
0.00626
0.08216
0.825
0.7912
0.01337
1.838
2.342
2.432
1.585
1.473
1.859
1.831
1.616
1.213
0.3591
1.192
0.02563
0.01357
0.0505
1.679
1.893
1.992
1.762
2.301
2.057
2.757
2.116
1.856
1.692
1.446
0.4853
2.303
1.788
2.617
2.571
1.978
1.518
1.419
1.265
1.5
2.523
2.53
0.01408
0.008051
0.008197
0.7524
0.4297
1.032
1.982
2.417
1.489
1.146
0.914
0.5844
0.4628
0.1133
0.7355
2.017
0.9569
0.4457
0.04244
0.532
0.2457
0.01475
0.4444
0.5802
0.5142
0.3835
0.2224
0.07454
0.1476
0.2165
0.3612
0.6683
0.4689
0.00367
0.1499
0.2562
0.1094
2.056
2.123
3.5
4.098
3.317
1.984
0.6277
0.1059
0.5131
2.772
1.871
1.328
1.507
2.003
1.619
0.3705
1.888
2.028
3.877
4.403
3.45
3.286
3.09
2.731
2.939
2.835
1.238
1.934
2.047
2.141
0.2355
0.004193
2.283
1.783
2.839
3.217
2.831
3.023
3.196
2.333
2.358
2.228
1.449
1.962
0.01664
0.8011
1.086
0.03892
2.319
1.937
1.752
1.838
2.199
1.938
2.65
2.706
2.349
0.7694
0.05909
1.18
1.585
1.688
1.158
0.003015
2.826
1.998
1.784
1.451
2.396
2.545
2.512
2.025
1.523
0.01843
1.914
2.42
2.242
1.908
0.8686
0.2829
3.235
1.978
2.58
2.84
2.676
2.248
1.703
1.086
0.9669
2.115
2.849
1.696
1.205
0.772
0.009402
0.2802
1.861
1.543
2.103
2.089
1.778
1.125
0.2584
0.5639
1.03
1.618
2.085
1.295
0.6137
0.002301
0.01587
0.002936
0.04632
0.3487
0.59
0.5984
0.4169
0.01621
0.151
0.2385
0.362
0.4501
0.5789
0.3742
0.02105
0.002357
0.1756
0.1204
2.44
2.743
3.684
3.869
2.613
1.387
1.881
2.097
2.661
3.19
1.028
0.02489
1.264
2.247
1.763
0.2936
2.572
2.833
3.979
3.935
2.28
2.272
3.101
3.259
3.266
2.491
0.009849
1.204
2.636
2.75
1.405
0.332
1.906
2.082
3.162
2.997
2.095
2.444
3.161
2.822
2.264
1.432
0.8207
2.288
1.954
1.855
1.24
0.3134
0.009096
0.0704
1.755
1.742
2.403
2.177
2.641
2.796
2.053
0.01101
1.125
1.947
1.891
1.623
1.259
0.2922
0.5328
0.007031
1.352
1.753
3.144
3.271
3.228
2.487
1.032
1.187
2.111
2.191
1.884
1.75
1.245
0.3637
2.575
0.009633
1.573
3.2
3.763
3.345
2.402
1.056
0.03466
1.888
2.517
1.661
1.438
1.076
0.6905
0.4508
1.772
0.07033
1.47
2.658
2.657
1.868
0.761
0.01237
0.8128
1.572
1.982
1.448
0.976
0.4254
0.6281
0.3058
0.006576
0.2401
0.6424
0.7848
0.6432
0.3175
0.3055
0.03888
0.3194
0.4911
0.5483
0.3563
0.2216
0.2336
0.3227
0.1496
2.332
3.394
4.227
3.912
1.625
0.006962
1.174
2.232
2.909
3.232
1.944
0.6341
0.01473
1.931
1.664
0.02486
3.108
3.833
4.429
3.492
0.1342
1.073
2.803
3.497
3.427
2.781
0.8367
0.01363
2.115
2.811
1.362
0.2195
3.282
3.443
3.716
2.42
0.02039
1.718
3.438
3.555
2.514
1.928
0.06646
1.57
2.196
1.763
0.8385
0.2695
2.104
1.994
2.234
0.1682
1.885
2.412
3.026
3.477
2.883
0.3196
1.108
1.697
1.747
1.181
1.097
0.3131
2.654
1.601
1.39
0.04487
3.3
4.212
4.278
3.156
1.231
1.446
1.88
1.908
1.556
1.6
1.105
0.02166
3.512
1.567
0.05227
2.508
4.439
4.328
2.683
0.1725
1.022
2.187
2.468
1.702
1.833
1.202
0.009256
0.2234
2.501
1.104
0.0719
2.381
3.102
1.976
0.01882
0.6899
1.308
1.643
2.011
1.688
1.262
0.007655
0.4791
0.2558
0.3752
0.00394
0.3534
0.7603
0.6419
0.004557
0.2603
0.3507
0.3955
0.5677
0.5478
0.06343
0.09352
0.2259
0.3047
0.1121
1.531
3.391
4.26
3.849
2.11
0.1408
0.975
2.364
2.807
2.632
1.633
0.01701
2.174
3.111
1.879
0.005588
2.908
4.01
4.369
3.643
1.576
0.009469
2.168
3.51
2.873
1.9
0.2562
1.507
3.652
3.485
1.41
0.4406
3.263
3.615
3.699
2.974
1.202
0.04927
2.607
3.118
0.02415
1.69
1.005
2.276
2.836
1.599
0.07634
0.4266
2.412
2.453
2.616
1.965
1.546
0.01404
0.02186
1.003
2.59
1.815
1.62
1.369
1.352
0.01423
1.012
0.6984
2.64
2.033
2.128
2.174
3.641
2.831
3.84
3.612
2.806
2.253
1.738
1.229
0.01266
1.223
1.8
0.6128
2.97
2.03
1.887
3.266
4.824
4.794
3.724
2.042
1.653
2.417
2.193
0.0494
1.409
1.989
1.19
0.4098
2.317
1.721
1.508
2.652
3.349
2.707
1.291
1.409
1.357
0.4564
1.667
1.636
1.94
1.357
0.9699
0.2822
0.5393
0.3832
0.4973
0.6985
0.7218
0.4362
0.497
0.41
0.007748
0.4451
0.6035
0.543
0.5866
0.4937
0.3658
0.08207
0.05808
2.378
3.464
3.022
1.854
0.445
0.007048
0.02418
0.01832
1.271
1.977
2.332
3.245
3.356
1.615
0.004455
1.834
3.36
3.561
2.858
1.91
1.226
0.6721
1.924
2.502
1.571
1.221
2.638
3.486
2.242
0.01187
0.007213
2.787
3.144
2.963
2.402
1.904
2.234
3.338
3.864
2.367
1.744
0.7551
1.733
1.813
0.01521
0.006852
0.01019
2.336
2.547
2.258
2.048
3.182
2.98
2.947
3.312
3.344
2.388
1.198
0.03684
0.1231
0.1395
0.012
0.5634
2.623
2.195
1.991
3.009
4.568
4.728
4.518
3.68
2.837
1.025
0.02961
1.285
1.106
0.01807
1.234
0.7263
2.552
2.019
2.537
3.87
5.263
5.091
3.31
1.021
0.02571
2.355
2.249
1.573
0.7525
1.346
1.16
0.4731
2.188
1.944
2.086
2.964
3.474
2.336
0.01226
1.253
1.527
1.736
1.504
1.652
1.597
1.682
1.044
0.2911
0.592
0.4932
0.5428
0.6358
0.5337
0.005301
0.2865
0.5214
0.488
0.5908
0.4915
0.276
0.6754
0.6216
0.3638
0.009076
1.555
2.355
2.546
2.131
1.728
0.008458
0.9615
1.635
1.808
0.5555
0.1572
2.689
3.916
3.292
1.792
0.4187
2.088
2.915
2.844
2.163
1.406
0.3208
1.867
2.949
2.649
0.5106
0.02023
2.548
3.49
2.669
1.737
0.5727
2.89
2.907
2.521
1.646
0.01387
1.472
3.069
3.484
2.402
1.202
0.0112
1.109
2.392
2.021
0.441
0.5058
2.408
2.82
1.683
0.01464
1.759
2.941
3.276
3.165
3.194
3.132
0.5006
0.082
1.591
1.257
1.25
0.7269
2.905
2.008
0.01528
1.89
4.251
4.863
4.288
3.399
3.927
3.656
1.769
0.09172
1.901
1.674
1.868
0.6942
1.535
0.234
1.719
3.917
5.505
5.289
3.807
2.738
2.441
3.175
1.727
1.644
1.848
1.908
0.9724
0.04868
1.472
1.507
2.359
3.404
3.928
3.109
1.388
1.665
1.932
1.676
0.01098
1.425
2.559
2.307
0.9807
0.004001
0.4975
0.5526
0.6698
0.7394
0.8582
0.5562
0.4165
0.4849
0.4811
0.4541
0.3688
0.8018
1.034
0.7884
0.4605
0.003293
2.221
2.091
1.772
1.095
1.192
1.302
1.206
2.108
2.459
0.2914
1.234
3.256
3.79
2.35
0.02812
0.4565
2.306
2.709
1.856
0.5869
1.926
1.458
2.162
2.98
2.672
0.0157
0.5227
2.375
1.653
0.02094
1.305
0.6494
2.963
1.2
0.8653
1.839
1.512
1.916
3.263
3.307
2.422
0.05948
0.01032
0.008833
0.03342
1.512
1.523
0.6328
0.1041
1.964
1.889
1.425
2.089
3.612
3.792
2.918
3.185
3.973
2.636
1.214
1.888
1.969
1.431
0.5945
2.265
2.534
1.386
2.115
4.514
5.284
4.03
2.368
4.389
4.982
3.745
2.425
1.971
0.5942
0.9907
0.5541
2.451
1.417
1.819
4.177
5.804
5.355
3.431
2.528
3.226
4.037
3.208
1.923
0.02079
0.02148
0.005595
0.4598
1.655
1.364
2.625
3.679
4.013
2.99
1.209
1.607
2.093
2.434
1.154
0.01628
2.227
2.034
0.01577
0.3802
0.3711
0.5818
0.7823
0.212
0.2761
0.5104
0.4142
0.4899
0.5904
0.5334
0.009177
0.6977
1.208
0.7661
0.007069
0.116
1.243
0.03311
0.01198
0.2467
1.676
0.9953
0.009953
1.714
3.268
1.938
1.965
1.942
3.136
3.187
2.435
0.8728
0.03604
1.452
1.921
0.9606
1.792
0.023
1.192
2.537
3.352
1.38
1.211
2.641
3.008
2.834
2.57
0.8764
3.547
3.216
2.078
1.477
0.6093
0.07518
2.693
2.607
2.323
1.866
1.012
1.187
1.68
2.98
2.115
0.4458
3.423
3.19
1.565
0.8233
0.01821
3.076
3.791
1.748
0.1013
3.723
2.903
2.166
2.998
2.318
0.01246
0.03096
3.527
2.556
0.8391
0.01632
3.368
5.422
3.555
0.02094
3.291
4.775
3.8
2.928
2.448
0.7058
0.4791
0.3022
2.522
0.8484
0.0128
3.04
5.731
5.543
2.76
1.584
3.291
4.091
3.238
1.054
2.388
1.743
0.06392
0.4492
1.235
0.01144
1.881
3.866
4.424
2.95
0.02286
1.189
2.178
2.685
0.1396
1.462
2.989
2.358
0.5735
0.4189
0.03322
0.4133
0.9684
1.057
0.9386
0.3155
0.4086
0.6926
0.942
0.02011
0.4355
0.8514
1.015
0.01448
0.4
0.1705
4.201
3.174
1.768
0.007855
1.823
2.098
1.613
2.248
3.056
0.09541
2.983
3.526
1.805
0.1732
2.095
0.8832
2.84
3.336
2.183
0.01352
2.014
1.531
1.874
1.593
1.294
2.329
2.844
2.811
2.425
2.5
2.792
0.9706
4.452
3.9
1.056
0.937
2.127
2.293
2.824
1.398
0.5286
2.936
2.475
1.132
0.01827
3.043
2.889
0.8959
4.57
3.286
0.01312
1.418
2.414
4.207
3.631
1.137
2.798
4.222
2.888
1.836
3.171
3.754
2.07
0.5711
4.086
2.288
0.3265
1.683
4.346
5.649
3.492
0.01212
3.259
4.11
3.212
3.372
4.046
2.971
1.511
0.005446
2.567
0.01421
0.6793
3.524
5.803
5.671
3.111
0.4986
2.412
3.064
3.525
3.024
3.208
2.322
0.1766
0.108
1.435
0.5
2.146
3.926
4.49
3.396
0.5134
0.09585
0.02899
2.652
1.8
1.869
2.625
1.879
0.3095
0.0863
0.002793
0.3911
1.002
1.175
1.16
0.909
0.212
0.04965
0.8544
0.836
0.4957
0.6054
0.8637
0.4213
0.3066
0.001578
4.563
4.459
3.676
0.06361
0.8229
2.154
1.617
0.04254
3.056
3.132
4.398
3.395
0.02109
2.002
2.421
0.7945
4.028
4.631
3.914
0.02206
1.099
1.61
1.585
0.01001
2.808
3.775
4.246
2.609
2.548
3.095
2.708
0.8593
5.428
5.387
2.858
0.007874
1.465
2.926
2.656
0.01338
2.717
4.335
3.338
0.02088
2.257
3.857
2.616
0.8131
6.098
4.73
1.565
0.01961
2.357
4.551
3.28
0.01694
3.028
4.184
0.8099
1.791
3.874
4.346
2.491
0.7036
5.113
3.131
0.5912
1.132
4.428
5.361
3.225
0.008109
1.973
1.371
0.1486
2.392
4.542
3.997
2.348
0.5081
3.359
1.396
0.01048
3.323
5.526
5.139
3.365
0.02386
0.01476
0.0681
1.652
2.751
3.77
3.013
1.474
0.4259
1.935
0.2395
2.082
3.89
4.026
2.975
1.892
1.238
0.6128
1.778
1.254
1.882
2.529
2.491
1.278
0.3421
0.3456
0.1794
1.063
1.246
1.142
1.087
1.004
0.8659
0.8761
0.6957
0.384
0.403
0.7808
0.6484
0.4192
0.1205
4.211
5.177
5.615
3.273
2.772
2.437
0.1044
1.256
2.558
3.364
5.076
3.864
0.03981
1.926
1.976
0.6015
4.388
5.804
6.354
2.62
1.521
0.02243
0.02262
0.0491
2.156
4.285
5.493
2.99
0.8082
2.771
2.334
0.7663
6.127
7.027
5.226
1.924
0.1132
2.296
2.495
0.01284
2.233
5.55
5.824
2.723
3.29
4.464
2.422
0.8972
7.585
6.052
3.319
1.815
1.215
4.473
3.454
0.02899
2.54
5.484
3.515
0.02483
3.42
5.158
3.111
0.9468
6.295
4.272
2.872
0.06495
3.984
4.461
2.632
0.3034
2.679
3.823
1.766
0.04191
4.327
4.941
3.156
0.7435
4.315
3.606
0.02639
3.184
4.783
3.879
2.983
1.989
2.292
2.592
1.77
1.584
4.112
3.428
2.37
0.5049
3.486
0.02141
2.011
3.626
3.188
1.978
0.01944
1.598
2.002
2.352
0.4991
1.556
2.559
3.131
1.897
0.1567
0.01265
0.5531
1.134
1.139
1.051
1.112
0.7454
0.9265
0.9622
0.7198
0.2833
0.2057
1.011
0.95
0.4834
0.001449
2.058
4.277
6.255
6.964
5.453
4.634
3.843
1.751
2.817
4.157
6.413
4.755
2.018
2.355
1.288
0.3657
3.203
6.687
9.087
5.441
0.3587
3.409
2.907
0.01735
2.801
5.528
6.261
0.03488
2.284
2.851
1.842
0.8505
6.207
9.151
6.748
0.06414
2.639
4.829
4.116
0.106
3.068
7.401
7.646
3.868
4.551
4.675
0.08851
0.9212
8.457
6.472
0.04477
2.421
4.081
4.635
2.877
1.513
3.583
7.077
5.248
3.432
4.303
5.81
1.644
1.142
5.887
0.08229
2.911
3.265
4.67
2.852
0.03183
1.797
3.828
4.766
0.05186
2.228
5.621
4.873
3.285
1.059
0.04809
3.291
2.795
4.57
3.887
1.969
2.514
2.572
4.127
3.614
0.02517
2.144
3.963
0.5402
2.601
0.7802
3.016
2.472
2.82
3.429
2.119
0.02011
1.604
2.194
3.454
2.691
0.02355
1.199
0.02628
2.797
2.7
0.6973
1.034
0.8234
1.258
1.053
0.2254
0.7662
0.9606
1.323
1.316
0.5735
0.008874
0.03174
0.8693
1.132
0.7545
0.2852
0.01328
0.4608
0.0501
5.004
6.36
5.906
6.063
4.024
0.01995
0.02278
4.764
5.634
3.619
1.747
0.01883
0.006814
0.0185
0.04449
6.086
7.956
5.063
4.682
4.996
0.5261
0.02507
0.6677
6.104
3.682
2.915
0.1165
1.785
0.2281
0.4145
6.616
9.246
5.462
4.472
4.797
4.677
0.01506
0.02321
6.177
8.163
5.611
5.002
5.037
2.656
1.033
7.728
8.833
4.868
3.885
4.052
3.244
0.293
0.0855
0.02611
6.873
7.011
4.138
0.08976
6.13
3.561
1.281
7.879
4.471
3.997
3.908
3.631
1.252
0.02809
0.302
0.8875
5.651
3.281
2.742
5.602
6.565
3.597
0.7875
3.947
4.297
4.575
5.295
2.602
0.0166
1.65
0.03684
4.097
4.88
1.876
0.04493
4.941
4.159
2.959
0.01646
3.859
4.018
3.543
3.455
0.03345
1.043
1.81
0.09259
3.673
2.946
0.0235
2.032
3.165
3.949
2.67
0.007045
1.19
1.408
2.084
0.04472
1.312
1.006
0.05043
1.117
1.403
0.09385
0.5427
0.7805
1.277
1.036
0.02003
0.02054
4.496
3.8
3.389
4.855
4.887
4.981
7.603
7.451
4.729
3.897
4.679
5.004
4.152
0.02824
0.02507
0.5106
5.109
3.84
7.101
8.808
6.159
4.999
7.49
5.353
3.868
4.73
5.399
3.34
0.1216
2.036
0.02097
0.7424
4.96
7.672
10.77
8.713
6.149
4.928
7.078
3.903
3.564
7.202
7.486
6.156
4.458
5.516
0.493
1.027
7.938
9.75
7.266
5.979
5.137
3.059
3.459
3.179
3.618
7.326
6.885
3.855
5.198
6.623
1.062
1.21
8.043
5.874
6.791
6.963
4.242
0.104
0.1706
2.429
4.1
5.524
3.036
0.3787
6.284
5.525
0.09976
0.9726
5.131
7.953
8.607
6.514
0.05041
0.01019
0.2331
2.599
4.594
3.938
1.983
2.696
5.387
3.015
0.1631
0.6825
7.212
7.47
0.2132
0.1693
2.055
0.08489
1.975
2.574
3.583
2.329
1.466
2.83
3.349
2.866
2.309
0.6797
1.215
0.03596
2.201
1.982
1.788
0.0105
0.8817
1.352
1.143
0.005738
0.5129
0.8262
0.7114
0.06107
0.6368
0.2815
5.469
5.095
5.898
7.872
5.911
4.148
8.349
8.95
7.261
5.449
3.774
1.629
4.845
2.479
1.657
0.8056
6.257
6.338
12.59
13.92
8.671
4.135
8.188
7.773
6.323
6.112
4.162
0.03799
3.567
3.721
1.541
0.6514
6.583
13.13
17.24
11.94
4.827
2.296
6.826
6.28
5.103
7.221
6.745
3.737
6.303
5.811
1.766
0.7108
11.42
15.41
4.632
0.185
0.04607
0.04104
3.598
4.59
4.257
6.685
6.814
6.502
6.694
6.208
2.158
0.8775
12.64
1.178
0.08247
0.08166
0.1729
0.01515
1.094
3.291
3.831
4.121
0.4981
4.027
6.871
4.892
1.906
0.8397
0.1679
0.1241
4.368
8.326
3.822
0.0098
1.234
2.77
3.392
2.475
1.453
4.011
5.068
1.045
1.508
0.6353
3.094
8.705
7.403
5.593
3.579
0.009435
1.58
2.26
2.461
1.176
2.093
3.337
3.205
1.837
1.947
0.5694
3.884
3.237
3.112
2.311
1.715
0.4245
0.7356
0.9396
0.7793
0.0275
0.5915
0.8346
0.1816
0.4854
0.5452
0.2029
8.331
6.478
0.09923
1.727
0.6179
0.02268
5.73
9.099
11.14
7.883
0.03882
4.39
5.374
3.126
1.846
0.7303
11.19
0.1505
4.073
13.07
7.249
0.0298
5.784
9.062
9.963
8.02
0.1369
3.269
5.087
4.526
1.327
0.4819
1.482
1.431
16.77
18.69
10.78
0.04455
5.385
8.863
7.74
8.168
3.096
5.854
7.072
5.771
1.555
0.3365
0.3589
15.83
17.05
12.47
7.131
0.05911
3.902
7.36
5.936
7.047
6.762
7.279
7.592
5.749
1.482
0.5663
14.12
14.49
10.67
7.995
4.978
0.05502
2.873
5.212
4.322
4.085
4.299
5.763
7.007
3.887
1.517
0.67
11.54
8.571
9.375
9.825
5.425
0.02249
2.33
3.259
2.345
0.2933
3.123
5.213
4.77
0.01772
1.342
0.7116
7.513
8.622
7.661
6.423
4.009
0.01479
2.032
2.085
1.558
0.008599
2.319
3.866
3.153
1.429
1.778
0.6713
2.998
2.492
2.374
2.04
1.55
0.3825
0.7125
0.8233
0.6833
0.1286
0.7048
0.8656
0.02416
0.4155
0.5846
0.2488
0.4703
13.56
9.777
7.859
5.022
0.4565
4.786
9.869
15.08
9.207
4.385
4.608
5.199
4.263
2.958
0.7104
12.95
14.32
11.76
14.59
10.5
0.8697
5.91
11.03
11.57
9.717
4.333
4.213
5.621
5.103
1.846
0.04892
13.89
11.28
16.07
18.12
13.49
1.782
5.167
11.32
3.953
7.588
5.512
5.947
7.076
5.202
0.09558
0.02823
12.27
14.85
16.09
14.56
10.86
2.016
0.9403
8.501
1.247
4.482
5.849
7.102
7.848
5.022
0.009765
0.4358
13.52
13.61
12.6
11.23
8.712
2.44
0.102
5.616
1.164
1.183
3.996
6.477
7.453
4.084
1.048
0.7617
10.62
10.13
10.73
10.97
8.183
2.212
0.1128
3.352
0.8295
0.376
3.204
5.822
5.158
0.03048
1.736
0.9312
6.958
7.8
7.889
7.374
5.406
1.09
1.278
1.634
0.978
0.2281
2.491
4.248
3.294
1.077
1.931
0.8599
2.017
2.037
2.061
1.942
1.424
0.02199
0.7794
0.9032
0.6903
0.06387
0.7461
0.9333
0.007529
0.3949
0.6612
0.3166
12.67
13.25
11.51
10.32
6.672
0.7772
0.2141
0.08268
15.15
12.13
4.439
3.414
4.856
4.927
3.418
0.6927
18.3
15
14.29
16
13.45
3.57
0.04872
2.063
14.15
10.87
3.655
3.608
5.564
5.502
2.524
0.1373
13.33
13.41
16.95
19.53
17.48
7.538
1.91
11.11
10.82
8.092
3.779
4.792
6.695
5.365
1.127
0.01974
12.9
15.34
17.78
18.23
16.13
8.807
7.062
11.43
6.848
4.611
3.652
5.952
7.701
5.157
0.3651
0.5832
13.56
15.14
15.89
15.62
13.64
8.005
5.927
7.398
3.397
1.922
3.177
6.285
7.892
4.569
0.01065
0.735
11.37
12.29
13.2
13.33
11.27
6.193
4.12
1.282
0.02156
0.5086
2.876
5.991
6.335
2.152
2.014
1.058
6.625
7.99
8.635
8.408
6.909
3.401
2.531
0.01269
0.02235
0.02549
2.44
4.535
3.632
0.01415
1.801
0.9862
1.475
1.864
1.977
1.928
1.619
0.7295
0.01278
0.6976
0.717
0.005263
0.787
1.175
0.6118
0.2883
0.6713
0.3718
13.99
15.29
16.06
15.39
11.26
1.457
5.872
10.28
19.49
14.8
4.965
2.125
4.7
5.834
4.047
0.3217
17.15
17.57
18.68
19.99
18.48
10.85
8.572
12.07
17.73
12.3
2.793
2.654
5.617
6.344
3.394
0.5714
14.86
17.1
20.18
22.51
21.76
15.28
10.96
15.24
13.46
7.883
1.956
3.631
6.661
5.939
1.262
0.5358
15.46
18.11
20.66
21.9
20.75
15.3
11.92
13.08
7.933
2.462
1.414
4.837
7.82
5.682
0.01226
0.7402
15.71
17.64
19.05
19.45
17.98
13.27
9.556
8.106
2.735
0.04509
2.234
5.892
8.419
5.688
0.1559
0.8643
12.81
14.3
15.49
15.71
14.09
9.848
6.095
2.638
0.007558
0.01092
2.748
6.052
7.38
4.073
2.154
1.136
6.194
8.562
9.509
9.367
8.122
5.17
2.535
0.008376
0.6871
0.02124
2.828
4.666
4.492
0.3661
1.804
1.014
1.133
1.976
2.043
1.949
1.645
0.8852
0.1801
0.6233
0.8008
0.007679
0.9972
1.284
0.9426
0.01693
0.5736
0.3951
15.15
18.63
20.67
20.71
16.64
4.908
8.537
14.21
21.89
15.65
0.8681
0.1471
4.08
6.742
5.088
0.6686
17.81
20.29
22.46
24
22.57
16.72
13.8
16.37
19.86
11.79
0.06905
1.368
5.707
7.637
4.155
0.811
17.47
20.21
23.19
25.54
25.54
21.26
16.94
18.19
14.9
4.834
0.01268
2.599
6.994
7.245
0.07413
0.6506
18.13
20.59
23.16
24.94
24.86
21.26
17.44
15.62
7.737
0.0182
0.01272
3.846
8.138
7.687
0.02126
0.7784
17.7
19.45
21.13
22.37
21.88
18.57
14.38
9.756
0.7325
0.169
0.01948
4.622
8.55
7.247
0.2583
0.9271
13.18
14.26
16.46
17.56
16.86
13.66
9.138
3.619
0.09022
0.8634
0.02901
4.914
7.97
6.12
2.581
1.37
1.511
5.593
8.946
9.896
9.401
7.124
3.523
0.008232
0.7952
1.113
1.667
4.049
5.482
2.837
2.193
1.211
0.01509
1.334
1.798
1.913
1.774
1.219
0.2362
0.3409
0.6656
0.5562
1.041
1.194
1.333
0.06492
0.7302
0.4754
16.06
20.59
23.67
25.09
23.13
11.42
13.28
19.66
25.62
18.49
2.5
0.008496
2.844
7.151
6.251
0.7603
18.47
21.78
24.85
27.39
27.54
23.08
20.68
22.43
23.47
12.86
0.03939
0.02528
4.454
8.536
6.68
1.106
19.1
21.99
25.3
28.31
29.44
27.05
23.84
23.11
18.26
5.942
0.008657
0.306
5.727
9.158
4.998
1.299
19.69
22.09
24.99
27.59
28.66
26.81
23.52
19.88
10.18
0.02076
0.1345
1.143
6.583
9.068
3.314
1.227
18.96
20.58
22.7
24.71
25.4
23.54
19.64
13.64
3.855
0.3055
1.859
2.203
7.11
8.54
3.102
1.283
14.86
15.43
17.28
19.05
19.48
17.52
13.07
5.64
0.02562
1.545
3.005
4.818
7.773
6.984
0.2977
1.304
5.419
6.414
8.81
10.37
10.74
9.331
5.788
0.04291
0.8158
1.932
2.238
4.026
6.199
4.25
0.01996
1.079
0.04827
0.8857
1.513
1.861
1.949
1.666
0.8797
0.3159
0.6999
0.7039
0.02536
1.266
1.87
1.006
0.02653
0.4592
16.38
21.25
24.99
27.83
28.19
20.16
19.85
25.56
29.82
22.37
4.964
0.001091
1.363
6.757
6.785
0.01318
18.72
22.22
25.85
29.49
31.4
29.11
27.58
28.64
27.76
15.65
0.06646
0.009768
2.792
8.235
7.544
0.1832
19.75
22.6
26.31
30.24
32.79
32.25
30.22
28.47
22.55
8.246
0.004544
0.01957
4.263
8.858
7.066
1.255
20.19
22.6
25.95
29.5
31.93
31.74
29.19
24.69
14.21
0.05942
0.3913
0.0955
5.219
8.904
6.289
1.616
19.32
20.99
23.57
26.45
28.43
28.03
24.72
18.15
6.79
0.1639
2.211
1.173
6.061
8.712
5.75
1.016
15.59
16.16
18.04
20.35
21.88
21.24
17.49
9.761
0.03241
1.686
3.111
0.1977
6.82
8.03
4.565
1.543
7.434
7.634
9.333
11.07
12.14
11.68
8.865
2.897
1.068
2.803
3.111
0.03078
5.652
5.48
3.043
1.334
0.3179
0.9124
1.492
1.926
2.181
2.092
1.369
0.02557
0.6991
1.135
0.9975
0.06265
1.659
1.449
0.9454
0.2879
16.51
21.18
24.85
28.79
31.36
27.84
27.16
31.52
34.63
28
9.544
0.006156
0.01555
5.098
7.426
1.485
18.85
21.91
25.55
30.26
34.01
34.18
33.79
34.5
32.96
21.34
1.223
0.06483
0.03718
6.174
8.455
0.6473
19.74
22.18
26.14
31.13
35.36
36.73
35.76
33.86
28.12
12.9
0.01492
0.7495
0.1613
6.628
8.288
0.5894
19.78
22.1
25.89
30.51
34.55
36.09
34.34
29.95
20.73
3.687
1.12
2.077
0.2201
6.626
7.837
1.848
18.96
20.73
23.7
27.46
30.87
32.08
29.56
23.28
12.04
0.0309
2.95
3.675
0.1048
6.121
6.65
2.216
16.09
16.74
18.61
21.36
23.99
24.73
21.82
14.8
4.228
2.024
4.716
4.557
2.754
5.995
5.275
2.051
9.232
9.161
10.26
11.93
13.6
14.04
11.7
5.449
0.1701
2.941
4.608
4.255
5.944
4.568
3.548
1.516
1.135
1.349
1.733
2.129
2.522
2.691
2.273
0.2607
0.5225
1.169
1.392
1.474
1.788
1.216
0.9869
0.5001
16.77
20.84
23.39
28.02
32.87
33.55
33.68
37.12
39.71
34.6
16.33
0.02101
0.6257
4.245
7.006
2.313
19.1
21.02
23.83
29.52
35.36
38.11
38.81
39.78
38.77
29.33
8.334
0.4053
0.7464
5.568
9.302
2.506
19.22
20.63
24.53
30.69
36.99
40.53
40.39
38.75
34.41
20.29
0.05588
1.841
2.49
6.652
9.881
2.642
18.38
20.31
24.45
30.25
36.31
40
38.89
34.79
27.55
11.08
1.02
4.732
5.41
7.275
9.199
3.128
17.63
19.37
22.65
27.34
32.5
35.75
33.98
28.16
18.93
2.573
3.585
6.414
6.312
6.803
7.053
3.069
16.12
16.73
18.51
21.67
25.57
28
25.87
19.16
8.647
0.4919
4.417
6.403
7.427
6.252
6.16
2.959
10.99
10.64
11.11
12.6
14.96
16.53
14.99
9.4
0.6245
2.487
4.912
5.55
5.417
4.72
4.549
2.327
1.95
1.928
2.066
2.355
2.897
3.376
3.23
1.625
0.5169
1.086
1.61
1.625
0.4144
1.418
1.341
0.7878
17.26
20.63
20.47
25.19
32.59
36.77
38.11
41.79
44.41
41.06
26.28
0.07398
2.177
0.0264
5.556
2.712
19.64
19.58
20.23
26.84
35.31
40.76
42.23
43.9
44.25
37.49
17.95
0.3145
1.663
0.03922
8.594
3.178
18.32
17.56
20.9
28.37
37.56
43.95
44.06
42.44
40.94
30.99
7.612
4.212
3.329
0.05231
9.564
2.929
15.72
16.7
20.99
28.06
36.92
43.9
42.96
38.36
34.28
20.35
0.08186
6.637
5.517
0.05411
9.188
3.712
14.9
16.4
19.78
25.34
32.82
39.38
38.14
32.01
25.98
11.18
2.239
8.027
6.855
0.1263
6.767
4.4
15.41
15.81
17.21
20.59
26.13
31.25
29.87
23.06
15.07
1.547
3.821
7.478
8.272
0.06711
6.612
4.625
13.16
12.29
11.67
12.56
15.77
19.07
18.37
13.17
5.897
1.401
4.59
7.122
7.758
0.0568
5.335
3.85
2.902
2.681
2.433
2.444
3.165
4.06
4.116
2.635
0.2762
0.8083
1.725
2.607
2.449
0.02514
1.928
1.492
21.5
22.31
16.16
19.86
29.84
36.68
39.14
45.16
48.39
46.8
39.25
10.65
5.957
2.837
4.845
2.953
23.18
18.54
14.33
21.5
33.11
41.47
43.15
46.09
48.41
44.8
30.85
0.1099
2.721
4.479
10.2
3.998
18.4
12.96
14.63
22.98
35.98
46.63
46.22
43.3
45.82
40.14
22.3
1.975
4.542
6.172
11.91
3.582
11.82
10.96
14.66
22.38
34.78
47.45
46.21
38.91
39.99
31.38
13.77
10.09
7.162
7.053
10.6
4.584
10.3
11.31
14.14
19.81
29.93
42.4
41.7
32.92
31.23
20.25
5.022
8.934
8.927
7.55
1.049
4.84
13.45
13.59
13.99
16.75
24.01
33.82
33.42
24.43
20.26
9.268
0.08244
5.708
11.56
8.859
1.147
4.971
16.35
14.81
12.08
11.08
15.09
21.18
21.42
14.43
9.579
4.226
3.467
7.217
11.62
8.034
0.8888
4.106
4.545
4.094
3.07
2.289
3.189
4.755
5.238
3.465
1.578
0.009553
1.178
3.215
4.187
2.773
0.03462
1.534
18.15
26.55
16.34
20.16
32.12
36.68
36.69
47.37
50.99
49.23
50.74
29.19
9.37
0.1512
0.3076
3.323
25.39
22.22
12.76
22.7
36.95
44.33
42.34
46.3
50.31
49.54
46.79
19.3
0.08296
2.821
8.958
4.381
22.34
13.14
13.44
24.46
42.06
54.41
49.12
40.42
48.05
45.84
36.68
18.21
2.667
5.904
11.16
0.07649
12.57
10.21
13.89
23.16
41.03
57.93
51.89
35.33
43.16
36.48
23.23
15.86
7.018
8.586
12.68
1.734
10.17
11.73
14.4
19.94
35.21
52.66
48.39
30.58
34.69
26.83
13.79
7.109
8.032
11.78
11.52
5.576
16.56
17.64
17.15
18.53
29.4
43.5
40.39
23.02
22.66
15.77
6.075
0.05609
9.286
13.38
11.05
6.057
24.19
23.38
18.62
14.48
20.49
29.44
27.75
14
10.97
6.384
1.929
4.412
12.13
12.85
8.959
4.84
8.496
8.443
6.825
4.791
6.48
8.6
7.908
3.645
2
0.5314
0.01512
2.928
4.999
4.442
2.803
1.544
)
;

boundaryField
{
    inlet
    {
        type            calculated;
        value           nonuniform List<scalar> 0();
    }
    outlet
    {
        type            calculated;
        value           nonuniform List<scalar> 0();
    }
    wall
    {
        type            calculated;
        value           uniform -0;
    }
    force
    {
        type            calculated;
        value           uniform -0;
    }
    sym
    {
        type            symmetry;
    }
    procBoundary7to5
    {
        type            processor;
        value           nonuniform List<scalar> 
1600
(
-0.6575
-1.34
-1.69
-0.02033
0.0414
2.146
5.755
9.634
12.24
12.39
12.89
13.59
11.26
12.25
16.22
16.88
12.32
-0.5718
-1.736
-1.605
-0.368
-0.01604
1.011
4.235
8.499
11.52
12.1
12.91
13.06
10.72
12.63
16.29
15.23
10.99
-0.6635
-2.034
-1.882
-1.801
-0.01764
0.1947
2.604
6.764
10.23
11.38
12.39
12.15
10.26
12.21
14.89
13.24
10.11
-0.7709
-2.394
-2.692
-1.757
-0.2933
-0.008211
1.241
4.441
8.154
9.995
11.07
10.66
9.609
11.3
12.62
11.21
10.17
-0.9692
-3.107
-3.277
-2.199
-1.241
-0.008919
0.376
2.297
5.386
7.659
8.633
8.32
8.336
9.457
9.398
8.893
11.97
-1.127
-3.578
-4.115
-2.634
-0.5506
-0.01791
-0.2848
0.8118
2.851
4.605
5.189
5.145
5.61
5.54
5.394
7.592
11.52
-1.164
-3.531
-3.932
-2.51
-0.03876
-0.4778
-1.317
-0.2341
1.015
1.928
2.219
2.19
1.78
1.783
4.021
6.824
6.929
-1.231
-3.809
-3.757
-2.793
-0.02809
-2.384
-1.952
-0.9825
-0.1487
0.2512
0.1688
-0.5647
-0.6937
1.352
3.371
3.327
2.582
-1.228
-3.063
-3.136
-0.2186
-0.09564
-2.84
-1.91
-1.274
-0.6169
-0.674
-1.223
-1.324
0.1478
1.114
1.275
0.6247
0.01611
-1.056
-2.743
-2.605
-0.03234
-0.9607
-3.121
-1.684
-1.05
-0.6285
-0.9273
-0.8693
-0.5906
0.06448
-0.08601
-0.01277
-0.003341
-0.01855
-0.793
-1.752
-0.1665
-0.02623
-1.543
-2.502
-0.9918
-0.4234
0.1018
0.3233
-0.1444
-0.6767
-0.01737
-0.009816
-0.2089
-0.3252
-0.1937
-0.009279
-0.01684
-0.07876
-0.6399
-1.169
-0.4366
0.1541
0.03558
0.004633
-3.761e-05
-0.3796
-2.339
-2.227
-1.694
-1.246
-1.06
-0.8316
-0.3019
-0.5129
-0.4038
-0.2178
-0.04011
-0.002524
-0.01776
-1.119
-2.352
-2.937
-3.905
-4.995
-4.578
-3.774
-3.1
-2.556
-1.885
-0.2413
-0.5488
-0.187
-0.01703
-0.004793
-0.3389
-4.24
-7.19
-8.427
-8.563
-8.249
-7.628
-6.335
-4.878
-3.621
-2.873
-1.958
-0.55
-1.553
-1.075
-0.05824
-0.003972
-0.774
-5.532
-9.141
-10.31
-9.892
-8.672
-7.056
-5.26
-3.823
-2.689
-1.768
-0.8152
-0.7613
-2.422
-2.376
-1.053
-0.09341
-0.005278
-0.3699
-4.533
-6.674
-6.488
-5.132
-3.408
-2.035
-1.379
-0.9419
-0.4879
-0.003318
-0.7332
-2.504
-3.005
-2.366
-1.367
-0.5669
-0.06968
-0.01021
-0.009321
-0.01214
-0.01457
-0.008356
-0.002842
-0.001523
-0.009508
-0.1361
-0.04
-0.4395
-1.545
-2.212
-2.407
-2.155
-1.614
-1.126
-0.8778
-0.5781
-0.2817
-0.04304
0.1279
0.03212
-0.05037
-0.1135
-0.1632
-0.2599
-0.002649
-0.0141
-0.2202
-0.9353
-1.236
-1.225
-1.029
-0.8496
-0.8329
-0.6088
-0.3569
-0.1698
-0.09398
-0.03555
0.004139
0.04587
0.05
-0.1243
-0.2316
-0.2004
-0.1773
-0.007759
-0.006885
-0.05638
-0.09175
-0.1917
-0.1915
-0.1367
-0.09086
-0.06814
-0.04496
-0.02037
0.0002943
-0.01043
10.34
19.5
22.92
16.37
8.44
0.1725
2.554
6.685
9.146
7.011
4.193
3.84
3.408
2.561
1.626
0.6588
0.3242
0.496
0.8866
1.954
0.8777
0.9959
0.5763
0.3859
0.2125
0.1866
0.3996
0.8664
1.348
0.01429
0.8877
0.7976
0.8683
0.9058
0.4971
1.167
2.677
3.4
1.912
0.01163
0.8226
1.595
0.9014
0.006976
0.775
1.701
1.454
12.69
21.07
20.38
13.52
2.072
0.1333
4.286
6.264
8.191
5.439
3.71
3.518
3.051
2.434
1.724
0.7694
0.1653
0.1788
0.7741
0.7365
1.873
1.395
1.107
0.7035
0.4081
0.3701
0.6213
1.002
1.506
1.201
0.6663
0.6658
0.8078
0.6111
0.5896
1.84
2.983
2.753
0.07672
0.5639
1.252
0.9805
0.6122
0.8528
1.511
1.282
0.6006
15.52
20.91
17.02
10.93
0.1957
0.4595
3.712
5.126
6.857
4.427
3.217
3.141
2.781
2.263
1.663
0.5263
0.1268
0.4583
1.395
0.02173
1.189
0.9997
0.896
0.7071
0.5795
0.61
0.9882
1.36
0.04545
0.8575
0.5623
0.6571
0.757
0.5998
1.21
2.524
3.039
1.891
0.7571
1.204
1.167
0.7327
0.006394
0.9245
1.621
0.9122
0.2428
16.98
18.14
13.19
8.169
0.09541
1.798
3.165
4.167
5.469
3.453
2.604
2.672
2.452
1.947
1.147
-0.07438
-0.4637
0.4473
2.265
2.346
1.85
1.366
0.9569
0.7869
0.7533
0.8617
1.209
1.776
1.205
0.7445
0.6113
0.7816
0.8127
0.863
2.02
2.854
2.659
0.0105
0.6307
1.06
0.8915
0.5411
1.092
1.256
1.196
0.9017
0.004775
15.95
13.28
8.86
2.744
0.06321
1.649
2.253
3.309
4.125
2.423
1.902
2.041
1.857
1.334
0.7427
-0.4489
-0.8355
0.1902
0.2247
2.347
2.211
2.027
1.516
1.117
1.043
1.378
1.698
1.658
1.767
0.9306
0.7865
0.9081
0.7955
1.239
2.718
3.096
2.369
0.8759
1.423
1.227
0.9933
0.006653
1.303
1.579
1.129
1.053
0.03949
11.18
7.973
4.443
0.06947
1.055
1.076
1.439
2.695
3.201
1.589
1.278
1.21
0.911
1.095
0.4927
-0.2238
-0.2997
0.6064
0.01445
1.584
1.718
1.71
1.444
1.139
1.194
1.594
1.952
0.01577
0.9563
0.7289
0.701
0.7497
0.7416
1.654
3.349
3.479
2.111
1.172
1.825
1.489
1.102
0.006437
1.067
1.469
0.9231
1.023
0.2521
5.441
3.865
0.06668
0.7144
0.4434
0.29
1.041
2.562
2.655
1.07
0.413
0.2204
0.6411
1.408
0.5957
0.01503
0.1916
1.475
0.04985
1.393
1.198
1.122
1.163
1.208
1.317
1.483
1.992
1.276
0.7239
0.4876
0.3076
0.2143
0.6762
1.961
3.759
3.627
1.218
0.8916
1.906
1.665
1.225
0.03027
0.7899
1.185
0.7997
1.042
0.5713
0.9286
0.03922
0.4103
-0.01673
-0.3169
0.2739
1.437
2.515
1.647
0.2838
0.09345
0.5547
1.502
1.981
0.6595
0.001366
0.567
2.63
2.503
2.406
1.5
1.2
1.464
1.78
1.603
1.386
1.232
1.427
0.8004
0.4587
0.1417
0.003038
0.7606
2.127
3.88
3.395
0.3986
0.8995
2.144
1.721
1.332
0.6505
0.849
1.037
0.8345
1.137
0.8395
0.01306
0.07116
-0.3654
-0.656
-0.1328
0.9957
1.44
1.369
0.5319
0.3656
1.018
1.89
2.604
1.838
0.5215
-0.1475
0.6358
2.425
4.077
3.216
2.16
1.906
2.276
2.469
2.082
1.793
0.01285
0.7393
0.6702
0.2293
-0.006372
0.01053
0.828
2.236
3.867
3.027
0.01083
1.328
2.475
1.474
0.9073
0.9733
1.159
1.371
1.423
1.375
1.13
-0.2499
-0.5086
-0.6883
-0.2552
0.6174
0.7289
0.1157
-0.3331
-0.3368
0.1388
0.9885
2.634
3.339
1.731
0.3468
-0.4175
0.1969
0.05601
2.253
1.564
1.455
2.07
2.716
2.628
2.212
1.575
1.408
1.461
0.9669
0.1985
0.01253
0.7927
1.077
2.513
3.893
2.906
0.03357
1.734
2.447
1.067
0.01277
0.6677
1.309
1.751
1.807
0.7523
1.137
-0.2718
-0.2413
0.1114
0.6083
0.3413
-0.5028
-1.085
-0.4197
-0.001976
0.00401
0.1082
2.825
3.953
2.292
0.9205
0.132
0.4105
0.01868
1.427
1.039
1.578
2.539
2.77
2.083
1.229
0.02573
1.843
1.93
1.245
0.4296
1.694
2.199
1.229
2.801
3.724
2.153
1.7
2.47
2.501
0.8139
0.003447
0.7838
1.713
1.742
1.73
0.02296
0.8259
-0.5904
-0.2886
0.05924
0.2812
-0.403
-0.3929
-0.001828
0.006759
0.09466
0.02199
0.01361
3.422
3.722
3.042
2.143
1.394
1.148
0.525
1.947
1.655
2.373
3.275
2.705
1.382
0.4466
0.4146
2.656
2.353
1.033
0.01426
2.629
2.298
0.01628
1.965
2.69
1.788
2.435
2.876
2.952
0.5541
0.4615
1.793
2.585
1.884
1.78
0.01088
0.7107
-1.433
-0.9972
-0.3204
0.3949
-0.03013
-0.005678
-0.139
-0.8102
-0.2638
0.7558
0.01589
4.185
3.421
2.839
2.341
1.893
1.207
0.8715
1.619
2.218
3.139
3.412
1.682
0.5364
0.01066
1.671
3.047
2.817
2.347
2.725
3.291
2.216
0.04691
1.163
0.7268
0.009095
1.963
3.188
2.91
0.05066
1.215
2.313
3.074
2.646
1.636
1.092
1.057
-1.01
-0.06424
0.7948
0.009473
-0.542
-1.63
-1.866
-1.577
-0.06035
1.739
0.02355
4.27
3.319
2.493
2.001
1.715
0.004391
-0.1368
1.187
2.452
3.459
2.031
0.7746
0.02719
0.3866
1.977
2.506
1.932
1.578
3.554
3.259
2.273
1.008
0.01594
0.009252
1.006
1.901
3.447
2.27
0.01721
2.231
2.723
2.956
2.346
0.01796
0.9234
1.597
-0.04985
0.2047
0.01127
-0.304
-1.777
-2.438
-2.069
-1.304
0.536
2.375
0.07022
4.116
3.224
2.234
1.559
0.9063
-0.0539
-0.424
0.4258
1.577
2.129
0.06979
0.002718
0.01702
0.664
1.596
1.759
1.214
0.1165
2.635
2.52
1.971
1.464
1.497
1.828
1.964
2.333
3.072
1.37
1.113
3.161
3.237
2.917
2.04
0.008554
1.14
2.043
0.001708
0.3097
0.01906
-0.87
-1.968
-2.1
-1.539
-0.5294
0.9457
1.336
0.6192
3.965
3.148
1.665
0.5913
0.0009684
-0.2895
-0.5406
-0.2126
0.4215
0.01086
0.4572
0.6227
0.3587
0.4677
0.9304
1.004
1.043
0.06134
1.849
1.785
1.408
1.026
1.631
2.102
2.342
2.774
2
0.7868
1.55
3.507
3.735
2.853
1.388
0.2133
1.582
2.689
0.06002
0.08064
-0.4617
-1.075
-1.494
-1.312
-0.7226
0.266
1.261
0.0298
1.306
3.242
2.495
0.9874
0.004126
0.3248
0.2191
-0.03545
0.02446
0.047
0.5157
1.403
1.49
0.86
0.3757
0.488
0.8392
1.565
1.296
1.303
1.214
1.053
0.8426
1.536
2.391
2.558
2.057
0.8006
0.009824
0.9191
3.046
3.662
2.873
0.6161
0.4731
1.392
2.698
-0.2762
-0.2286
-0.4913
-0.8281
-0.7373
-0.5417
-0.05719
0.6763
0.7687
0.007812
0.7465
1.309
0.1553
0.01456
1.004
1.256
0.8737
0.08093
0.3217
0.3201
0.4602
1.12
1.767
0.9844
0.5419
0.2565
0.6656
1.677
2.122
0.01086
0.7019
0.8812
1.217
2.095
2.479
2.14
1.151
0.7549
0.002922
0.5857
1.685
2.248
1.428
0.006337
0.5857
1.044
1.883
0.03467
0.04865
-0.1796
-0.4534
-0.2132
0.05457
0.1577
0.03242
0.003639
0.0325
0.06321
0.007814
0.2037
1.314
1.815
1.545
0.9261
0.1213
0.1991
0.1722
0.3597
0.7161
1.083
0.006216
0.001222
0.08358
0.2592
0.9229
1.19
0.479
0.004987
0.7614
1.385
1.568
1.891
1.202
1.07
0.9378
0.02346
0.2551
0.6695
0.1274
0.005326
0.5079
1.068
0.9505
0.6611
-0.03847
-0.009322
0.03688
-0.008546
-6.51e-05
0.0009032
0.0392
0.105
0.1463
0.1036
0.002632
0.2093
0.4123
0.568
0.6801
0.5103
0.004689
0.1005
-0.01993
0.06571
0.1409
0.2873
0.0219
0.1607
0.2023
0.01091
0.1266
0.4813
0.6121
0.38
0.1941
0.003363
0.1821
0.3361
0.3811
0.4167
0.4259
0.4361
0.3056
0.2319
0.2819
0.2217
0.2305
0.3711
0.4167
0.1299
0.002305
0.009286
0.2254
0.7478
1.662
2.92
3.764
4.127
5.007
5.127
4.351
3.137
2.472
1.17
0.4268
0.002782
0.2281
0.01411
0.7739
1.867
2.634
3.899
4.245
3.741
4.131
3.202
2.49
2.832
3.223
2.024
0.7345
0.00293
0.1227
0.839
1.244
2.396
2.848
3.652
2.652
0.4787
1.318
2.289
2.252
2.321
2.022
1.632
0.7606
0.2481
0.2157
1.143
1.552
2.417
2.414
2.245
0.02393
0.006912
0.008237
0.7947
1.89
2.214
1.473
0.7478
0.01028
0.5933
0.3151
1.327
1.699
2.017
1.542
0.6546
0.1939
0.897
1.391
0.03635
0.02309
0.5646
0.04962
0.009954
0.9929
1.181
0.3091
1.248
1.268
1.29
0.5274
0.003985
0.535
0.8515
2.121
1.587
0.8623
0.4785
0.5882
0.9163
1.259
1.151
0.3267
1.079
0.8521
0.6556
0.4441
0.03347
0.7009
1.093
1.712
1.2
0.7369
0.7405
0.8987
1.124
1.373
1.117
0.2713
0.9344
0.6776
0.537
0.5975
0.3453
1.374
1.344
1.353
1.759
1.708
1.526
1.399
1.438
1.46
1.036
0.274
0.898
0.811
0.8857
0.9522
0.09378
1.838
2.471
2.361
2.074
1.847
1.649
1.634
1.686
1.561
1.085
0.3335
0.7833
0.9369
1.342
1.585
0.01008
0.9641
2.346
2.63
2.42
2.143
2.286
3.025
3.127
2.755
1.674
0.2297
0.8122
1.036
1.821
2.453
1.68
0.1839
0.07977
0.1078
0.06292
0.01127
0.04899
2.174
2.225
2.047
1.426
0.2534
1.141
1.644
1.764
2.127
3.07
2.977
2.551
2.197
2.189
2.649
2.556
1.168
0.01116
0.9313
1.025
0.2386
1.79
2.021
2.435
3.065
3.548
3.185
2.33
2.099
2.033
2.542
2.883
1.964
0.2313
0.004253
0.3342
0.1515
2.289
2.533
2.981
3.177
2.77
1.79
0.9631
1.575
1.893
1.495
1.928
1.432
0.008941
0.003286
0.008086
0.006122
2.634
2.683
2.674
2.336
1.44
0.8192
1.439
1.755
0.7884
0.01107
0.01252
0.7231
1
0.5189
0.3468
0.08655
3.187
3.012
2.314
1.335
0.1589
0.006573
0.8542
1.577
1.371
1.469
1.859
1.618
0.8269
0.6991
0.5424
0.1418
3.006
2.128
0.523
0.02973
0.8157
0.8965
1.101
1.115
2.031
2.437
2.274
0.9445
0.851
0.1935
0.003832
0.002281
1.449
0.009909
0.5457
0.3497
0.4862
0.5783
0.9057
1.397
1.654
1.343
1.77
0.02587
0.3203
1.051
0.788
0.2333
0.00536
0.5384
0.6278
0.3207
0.303
0.3011
0.2996
0.5516
0.4976
0.01731
1.339
1.169
1.046
0.9756
0.6891
0.2007
0.1317
0.3273
0.306
0.2251
0.2213
0.1827
0.001978
0.1586
0.2841
0.3048
0.4781
0.4
0.2278
0.1619
0.1164
0.04028
)
;
    }
    procBoundary7to6
    {
        type            processor;
        value           nonuniform List<scalar> 
2560
(
-0.4873
-0.0347
-0.5994
1.76
3.776
5.92
7.997
9.845
11.24
9.834
9.491
11.96
11.41
9.28
16.29
21.96
16.97
-0.2593
1.031
2.556
3.975
5.339
6.978
7.914
8.969
11.12
9.706
8.225
11.44
9.471
0.1267
0.4372
13.29
20.3
0.7261
2.523
3.917
5.04
5.609
6.883
6.445
5.057
5.173
0.2535
0.09574
5.378
11.54
7.113
5.975
10.87
14.04
0.8641
2.885
3.935
4.583
3.45
2.747
0.0998
0.1024
3.779
3.219
4.599
5.408
7.945
0.1832
0.03733
6.048
9.797
0.7919
2.398
3.066
2.922
0.02019
1.653
1.7
2.544
2.815
1.97
2.45
0.04198
5.602
3.389
2.118
3.909
5.186
0.5491
1.251
0.054
2.727
2.25
2.144
1.285
1.419
1.444
0.01451
2.142
2.204
3.103
1.77
2.17
3.197
3.737
0.3459
0.01632
1.76
3.196
2.312
1.544
0.7187
0.4103
0.5473
1.425
1.697
2.011
2.394
0.01744
1.292
2.688
4.047
0.006075
1.544
2.721
3.149
1.888
0.5608
0.004821
0.8894
2.778
2.375
0.01687
1.639
2.8
1.616
1.121
2.465
3.788
0.487
2.137
3.058
2.551
0.9013
0.00139
0.2519
0.4877
0.04311
2.785
1.474
1.042
1.957
1.695
1.268
0.1138
3.164
0.5356
2.251
2.6
1.337
0.01624
0.02567
0.01966
2.339
2.248
3.046
1.242
0.5421
1.337
2.042
2.429
2.952
3.938
0.5837
1.927
1.517
0.1333
0.01468
0.05318
0.5714
2.245
2.443
3.256
1.681
0.0155
2.46
2.705
0.05567
1.28
3.614
0.6365
1.477
0.6358
0.0124
0.02306
0.1226
0.8909
2.451
2.742
2.461
0.04315
0.04082
2.101
3.166
2.591
2.237
3.232
0.7106
1.333
0.01593
0.01163
-0.01013
0.3562
1.373
2.396
2.173
1.431
0.118
-0.3882
1.545
2.521
2.213
0.1122
3.106
0.8252
0.02356
1.002
0.001175
0.195
0.871
1.567
1.777
1.172
0.2652
-0.4317
-0.2347
1.875
0.1119
2.237
2.864
3.742
0.007469
1.014
0.8453
0.4581
0.8258
1.247
1.251
0.9243
0.5516
0.1909
0.1558
0.02705
2.875
2.114
0.03196
2.343
4.39
0.3245
0.515
0.0101
0.9092
1.349
1.148
0.5633
0.4226
0.9897
1.421
0.02114
0.01042
1.893
2.768
2.387
2.883
1.706
0.2567
0.6573
0.9244
1.56
1.452
0.9413
0.07763
1.281
0.3753
0.1423
1.654
0.3768
1.143
2.023
0.01462
2.099
1.884
0.2145
0.01291
1.386
2.053
1.67
1.096
0.01229
0.04225
2.937
2.439
1.872
0.9291
0.4254
2.171
1.393
2.554
0.02109
0.4465
1.262
2.061
1.859
0.01882
1.703
0.02265
1.161
2.568
2.985
2.683
0.2498
1.488
2.255
0.01352
2.806
2.281
0.005168
1.336
1.368
0.01522
0.9946
0.6714
0.2131
0.8329
2.516
3.982
3.034
1.781
1.004
2.779
1.789
3.214
2.529
0.4757
1.481
0.01942
0.5317
0.7737
0.9216
0.6369
1.212
2.722
4.11
3.411
0.6359
2.499
2.69
0.01585
2.894
3.03
0.5103
2.087
1.717
0.8771
0.0795
1.367
1.4
0.0213
2.517
3.393
3.573
2.866
3.046
3.197
2.269
3.626
3.315
0.5944
2.253
2.011
0.3802
1.294
1.93
0.1249
0.9478
1.668
2.428
3.22
3.388
3.556
3.336
2.087
3.775
3.715
0.006405
1.814
2.344
1.746
1.742
1.518
0.9662
0.73
0.631
1.882
1.626
3.165
3.746
1.501
2.88
3.417
3.422
0.4777
1.526
0.8497
1.261
0.3584
1.371
0.8185
0.00516
0.9256
0.2688
1.905
2.671
3.656
2.852
2.685
2.955
3.077
0.3633
0.8492
1.092
0.01724
0.8221
0.8831
0.2389
0.6347
0.05939
1.229
1.45
0.4122
2.165
2.205
2.362
2.6
2.217
0.4096
1.186
1.219
0.9162
0.5693
0.2704
0.2491
0.01024
0.7642
0.9912
0.4278
1.042
1.349
1.476
1.945
1.765
1.655
0.01018
0.815
0.9763
0.7566
0.2638
0.008019
0.01184
0.7104
0.7385
0.903
1.176
1.02
0.8497
1.032
1.157
1.473
1.145
0.1699
0.1439
0.885
0.6035
0.005997
0.01855
0.8189
1.159
0.6995
0.3607
1.457
1.463
0.7857
0.0292
1.237
1.28
0.2834
0.1941
0.7114
0.7632
0.1799
0.01247
0.6366
1.482
1.376
0.2486
0.8676
1.824
1.53
0.0071
0.6503
1.139
0.4428
0.4009
0.002751
0.6006
0.5576
0.01759
0.6238
1.409
2.042
1.583
0.007095
1.01
1.532
1.409
0.65
0.6494
0.7893
1.549
1.413
0.2711
0.5438
0.02578
0.1664
1.107
2.105
2.495
1.691
0.7844
1.046
1.051
0.906
0.6268
0.07859
1.079
0.9508
1.232
2.489
0.1555
5.682
15.27
18.68
15.6
6.621
3.827
5.5
6.881
5.701
5.153
4.651
3.451
1.968
0.8603
1.126
2.533
2.128
0.08655
0.5184
-0.09626
0.03918
0.8748
0.42
-0.1445
-0.07657
0.9717
1.724
0.01551
0.7056
0.3529
0.2325
0.3393
0.6742
1.402
2.543
3.94
3.81
2.372
0.007134
0.8633
1.864
1.713
0.9362
0.3736
1.32
15.5
8.027
5.772
9.532
12.38
10.41
7.492
6.818
7.002
6.937
6.039
5.552
5.303
4.571
3.375
2.335
0.03466
1.399
1.656
0.7706
0.2495
0.5002
0.01724
0.5667
0.607
0.5894
0.007088
0.009216
0.008344
0.3769
0.07291
-0.002642
0.1527
0.3778
0.008281
0.05881
1.753
3.76
3.755
3.527
1.261
0.5888
1.446
1.792
1.856
1.046
0.01059
5.675
0.04765
0.02185
2.158
6.013
5.522
5.521
6.717
7.389
7.275
6.851
6.623
6.846
7.253
7.56
7.848
5.363
2.376
1.357
1.531
2.343
0.6772
0.9486
0.03051
0.6211
1.855
2.071
1.202
0.1571
-0.1502
-0.01992
0.2229
0.7348
0.4733
1.57
0.8468
0.009373
2.246
2.856
3.795
2.278
1.424
0.9585
1.483
2.365
1.794
1.347
7.416
5.892
2.151
1.011
2.205
1.717
2.207
4.539
5.547
4.928
4.051
3.46
3.871
5.396
6.91
8.604
7.75
4.873
3.155
0.03251
1.772
0.8664
0.09432
-0.4298
0.0424
1.516
2.18
1.653
0.56
0.3366
0.4983
0.6232
0.09426
1.502
1.794
2.355
2.142
2.381
0.06638
2.451
2.475
2.953
1.463
0.009676
1.742
1.749
2.666
3.821
4.549
2.594
1.487
2.026
0.8823
0.002824
0.1702
1.597
2.186
1.969
0.7874
0.08054
0.02151
0.01742
0.05349
1.365
2.571
3.741
2.621
1.297
1.051
1.801
1.136
0.01077
0.005785
0.005132
0.475
0.2628
0.5155
0.8558
0.9138
0.01685
0.9622
1.575
2.903
3.903
4.805
3.115
2.394
0.019
2.456
2.163
1.919
1.906
0.008127
1.512
0.03387
1.612
2.662
2.722
3.121
2.717
1.116
0.05557
0.8081
1.927
3.729
5.693
5.814
4.077
2.218
-0.1834
-1.456
-1.014
1.116
2.734
2.25
0.01713
1.749
2.722
2.532
1.478
0.3492
0.2967
0.1438
0.002989
0.05771
0.0285
0.002881
-0.08091
0.3958
2.163
4.649
5.617
4.079
3.976
3.221
2.906
0.2417
0.46
2.138
1.549
2.466
1.656
1.084
2.771
3.466
3.819
3.389
0.7924
0.006592
0.004624
0.007385
0.01855
0.07589
0.6398
1.363
1.372
0.5221
-0.2193
-0.03845
0.01171
0.1493
1.283
0.4596
0.478
1.405
2.241
2.114
1.079
1.149
1.657
1.143
1.022
0.9029
0.1591
-0.1813
-0.00794
0.6213
4.213
5.847
4.416
4.267
4.965
4.244
2.142
1.71
1.769
0.02271
1.636
1.194
0.002185
1.243
2.734
3.876
4.715
4.427
3.61
3.312
4.124
5.281
5.344
4.701
4.104
3.373
2.605
2.171
2.349
3.302
2.51
1.655
0.1267
0.007503
0.006218
0.02708
0.9065
0.6802
1.018
1.659
1.202
1.299
1.248
0.8964
0.5045
0.3591
0.01975
2.882
4.843
1.779
0.0232
3.906
4.217
2.054
2.32
2.348
1.625
1.818
2.164
0.247
1.116
2.084
3.048
3.803
3.483
3.148
3.178
4.014
6.335
8.012
6.979
5.513
4.188
3.005
2.093
0.8066
0.05468
1.81
2.96
3.044
2.595
1.94
0.9795
0.9868
1.258
0.01157
0.4823
0.4804
1.037
1.083
1.157
1.078
1.15
0.01134
2.342
4.877
4.898
3.269
4.51
3.831
0.01155
1.607
1.666
2.218
3.218
3.1
0.01405
0.04431
0.9346
2.66
2.329
0.2961
0.0432
0.01048
0.00473
0.3815
5.452
7.296
6.4
5.174
4.417
4.662
5.224
3.831
2.568
2.327
2.529
2.867
2.965
2.788
3.45
4.521
3.186
1.757
0.00813
0.4825
0.2385
0.4858
0.6561
0.8093
0.1229
0.7777
3.49
4.319
3.651
4.457
4.383
2.084
1.63
0.00637
1.093
3.066
4.322
4.789
3.055
0.6346
0.06166
3.447
4.213
3.306
1.929
0.1001
0.003831
0.6027
4.186
4.844
3.472
1.533
0.6743
1.968
3.687
4.677
4.837
5.462
6.444
6.778
4.662
2.867
3.49
3.262
2.348
0.611
0.03917
0.00966
0.02096
0.05942
0.04115
0.01692
0.1052
1.963
3.575
3.939
4.255
3.851
2.418
2.062
0.8542
0.0041
1.716
0.04591
3.427
5.076
5.76
3.386
2.798
2.618
2.277
2.296
2.527
2.004
1.808
3.97
5.265
4.445
2.421
-0.04422
0.05176
0.2013
0.4479
0.1274
0.03505
0.3363
6.751
9.866
8.452
7.478
8.232
6.936
3.795
0.9173
0.0179
0.01141
0.0301
0.2878
0.2817
0.3126
1.231
2.783
3.689
3.669
3.133
2.466
2.266
1.628
0.5605
0.7528
1.828
2.333
5.579
7.1
5.192
3.845
2.739
1.65
1.398
2.349
4.754
6.423
7.996
9.721
10.8
10.81
1.478
0.1259
0.4946
3.662
4.566
3.792
1.851
0.02471
4.074
5.641
5.432
7.826
6.529
4.511
2.72
0.8925
0.304
0.09497
0.001339
0.01652
0.5522
1.165
2.636
3.552
2.929
2.074
1.809
1.936
1.986
1.643
1.253
1.744
0.0249
0.194
4.677
5.823
5.322
3.906
2.026
0.4613
0.03122
0.1821
4.145
6.498
9.794
15.32
21.98
18.93
8.679
4.155
3.608
3.966
3.85
3.393
2.613
4.151
4.35
0.02878
4.747
5.132
4.217
3.242
1.54
1.165
0.72
0.3307
0.3831
0.2064
0.004894
1.325
3.604
2.835
1.627
1.384
1.55
1.798
2.269
3.04
3.061
2.183
1.388
3.471
5.498
6.26
5.74
4.028
0.1392
0.02475
0.29
1.342
1.8
3.535
9.265
20.8
23.36
16.78
11.62
8.972
7.429
6.139
4.934
3.765
4.51
5.779
3.768
4.515
3.516
1.046
2.383
1.484
1.685
0.9112
0.8679
1.087
1.079
1.056
2.387
3.398
0.9927
0.01365
0.004117
0.005517
0.008858
0.009248
0.5428
3.025
1.202
1.298
3.143
4.909
6.065
6.443
7.308
5.538
1.592
0.3202
0.9937
0.8846
0.7375
0.09714
5.459
17.81
19.23
17.27
15.02
12.76
10.49
8.337
6.568
6.091
6.056
4.85
5.876
6.635
4.824
3.621
0.01772
1.357
0.9896
1.612
1.87
1.296
1.125
2.504
3.684
2.884
1.495
0.989
1.013
1.08
0.9481
1.081
2.833
1.498
1.33
3.117
3.92
4.821
4.837
6.27
6.291
4.674
3.345
2.614
0.2146
0.03757
0.09282
0.1155
5.779
13.39
16.42
17.04
16.25
14.57
12.41
9.97
7.504
6.309
5.612
6.647
7.64
7.167
6.763
3.634
2.481
0.01688
0.1817
1.968
1.725
1.752
3.434
4.114
3.429
1.675
0.9262
1.103
1.188
1.332
1.652
1.757
0.3268
1.762
2.646
2.668
4.637
2.538
3.294
5.342
6.403
6.227
6.138
5.74
5.803
5.51
4.274
5.262
9.814
14.1
16.62
17.52
17.12
15.83
13.82
10.96
6.616
3.398
5.398
7.713
8.503
8.167
6.023
5.201
3.266
2.051
2.569
1.164
0.0111
2.449
4.31
4.783
1.796
0.05292
0.006834
0.004688
0.008665
1.096
1.701
1.107
1.337
2.76
1.016
2.799
3.839
0.1306
0.03613
1.697
3.089
3.567
3.938
5.121
6.475
7.027
7.679
10.21
13.47
16.1
17.72
18.2
17.74
16.53
14.67
11.78
7.855
2.782
4.221
7.356
8.181
7.258
6.533
5.023
3.971
4.259
4.075
2.571
3.098
2.724
5.858
5.66
3.791
2.194
1.447
1.012
1.296
1.573
1.348
0.02243
1.524
0.1857
2.013
3.732
2.243
0.8118
0.8426
1.168
1.364
0.9863
0.1605
0.1451
3.17
6.092
9.202
12.64
15.33
17.37
18.4
18.49
17.81
16.48
14.39
11.85
8.533
6.577
6.114
7.468
7.47
7.231
6.568
6.011
5.968
5.686
4.708
5.034
5.393
6.353
6.3
4.927
3.374
2.218
1.421
1.226
0.4889
2.157
1.553
2.099
1.217
1.654
3.34
1.885
0.01151
0.005788
0.008664
0.01145
0.01415
0.01089
0.0003395
0.00183
1.689
5.798
10.52
13.75
16.4
17.99
18.59
18.39
17.46
15.79
13.59
10.72
8.609
7.55
7.427
7.418
7.444
7.384
7.322
7.384
7.29
6.859
6.969
7.168
7.636
7.54
6.482
5.028
3.637
2.43
1.59
2.416
0.1863
1.328
1.628
1.508
0.02258
2.976
3.297
2.167
1.354
2.014
2.5
2.396
1.821
1.437
0.9704
0.7818
1.071
6.637
11.13
14.81
17.03
18.19
18.5
18.06
16.89
15.09
12.69
10.48
8.83
7.923
7.441
7.339
7.544
7.913
8.311
8.544
8.523
8.669
8.93
9.22
8.958
7.965
6.564
5.075
3.611
2.335
2.963
1.995
1.549
0.7226
2.083
2.562
2.947
2.115
1.58
0.03334
0.01963
1.287
2.084
2.326
2.26
2.998
3.485
3.95
5.976
8.912
12.83
15.55
17.27
18.15
18.25
17.64
16.37
14.47
12.33
10.31
8.693
7.512
6.936
7.111
7.826
8.679
9.358
9.754
10.1
10.47
10.66
10.24
9.221
7.852
6.344
4.77
3.487
3.211
2.234
2.307
1.717
0.0831
1.995
2.88
3.098
2.677
1.581
0.6568
0.9781
1.593
1.648
0.009088
1.335
2.557
4.433
6.61
8.872
11.31
13.87
15.95
17.32
17.96
17.93
17.26
15.93
14.1
11.99
9.825
7.8
6.331
6.012
6.906
8.29
9.574
10.49
11.13
11.59
11.7
11.16
10.13
8.779
7.218
5.506
4.618
2.683
2.422
2.603
2.618
1.842
2.188
1.357
2.148
2.36
1.934
0.4311
0.006138
0.028
0.5593
0.2902
0.195
0.1257
2.213
4.979
7.475
9.904
12.31
14.37
16.09
17.19
17.69
17.62
16.95
15.68
13.87
11.57
8.867
5.85
4.368
5.002
6.816
8.791
10.28
11.29
11.88
11.95
11.44
10.5
9.224
7.624
5.925
5.875
2.063
1.333
2.339
2.667
1.741
2.296
2.088
1.453
2.373
3.252
3.043
1.873
1.034
0.9348
0.7762
0.006315
0.04876
0.003152
2.041
4.878
7.621
10.35
12.69
14.58
16
16.92
17.37
17.33
16.78
15.63
13.81
11.19
7.44
2.349
1.588
3.556
6.345
8.481
9.975
10.81
11.06
10.77
10.01
8.889
7.384
6.315
4.513
1.545
1.57
1.904
1.904
2.12
2.598
2.358
0.0178
0.01276
0.3226
1.583
1.469
1.262
1.469
2.08
1.276
0.1746
0.001801
0.001459
1.94
4.756
7.885
10.61
12.79
14.48
15.69
16.5
16.98
17.1
16.77
15.84
14.09
11.12
5.627
0.2445
0.03901
1.749
4.426
6.728
8.081
8.689
8.642
8.063
7.185
6.029
6.006
0.05782
0.9643
0.01815
1.366
1.315
1.677
2.532
3.572
2.852
1.808
1.321
1.296
1.151
1.083
0.0103
1.352
1.588
1.397
0.8399
0.001347
0.002516
1.367
4.717
7.974
10.61
12.62
14.08
15.13
15.93
16.56
16.95
16.93
16.23
14.49
10.61
4.577
0.02326
0.001425
0.3027
2.402
4.153
5.001
5.044
4.573
4.099
4.01
6.408
3.989
0.01694
0.6991
0.7408
0.8141
0.0271
1.764
2.679
2.658
2.201
1.775
1.449
1.267
2.328
1.701
1.36
0.7962
1.294
1.782
1.157
0.3547
0.002965
1.508
4.921
8.065
10.48
12.18
13.39
14.33
15.23
16.16
16.89
17.12
16.55
14.36
9.856
3.619
0.009031
0.0006214
0.0236
0.8855
1.452
1.329
0.5247
0.09313
0.04423
0.0427
2.688
0.8615
0.5651
0.3495
0.6892
1.182
1.076
1.313
1.788
2.025
2.053
1.916
0.02462
0.03629
0.965
1.24
0.8732
0.004404
0.961
1.429
1.31
0.6681
0.00662
1.972
5.335
8.155
10.12
11.44
12.36
13.29
14.5
15.79
16.68
17.08
16.56
14.36
9.849
3.449
0.01027
0.008067
0.004932
0.0135
0.02354
0.0432
0.1142
0.3384
0.3895
1.258
1.064
0.5317
0.007847
0.009669
0.5748
0.8835
0.8261
0.9663
1.746
2.663
3.743
2.487
1.066
1.222
1.266
1.113
0.4624
0.04414
0.772
1.456
1.486
0.7854
0.03353
2.527
5.707
7.99
9.469
10.27
10.95
12.21
13.9
15.07
15.89
16.62
16.98
15.83
11.65
3.717
0.02782
0.2404
1.009
1.154
0.6501
0.588
0.6387
0.5448
0.7327
1.098
0.01177
0.0943
0.3108
0.4195
0.5863
0.6405
0.005664
0.08125
0.01186
1.562
1.469
0.9321
1.518
1.627
1.472
0.2242
0.1624
0.002123
0.7266
1.49
1.491
0.8611
0.4853
3.242
5.82
7.613
8.299
8.457
9.493
11.61
12.71
13.03
13.79
16.35
19.58
19.39
14.46
6.871
0.06871
0.009463
0.008163
0.008012
0.0168
0.03238
0.1194
0.1681
1.89
1.03
0.003984
0.7361
1.606
2.615
3.114
4.645
4.69
3.717
2.031
0.9281
0.2967
0.5074
0.5964
0.3504
1.219
1.553
0.8007
0.633
1.098
2.523
3.066
5.918
6.226
4.828
2.137
0.4697
0.006117
0.006066
0.03665
0.2897
0.1202
1.166
0.9848
1.217
1.784
2.589
0.01797
4.956
6.96
6.097
3.663
1.583
0.009865
0.7271
1.003
0.5042
2.263
1.694
0.01049
0.694
1.608
4.221
3.315
5.505
7.157
6.277
2.094
0.748
0.8157
1.123
1.051
0.4077
2.761
2.853
1.496
0.5228
0.01212
2.738
3.045
5.457
6.939
6.452
3.894
2.217
1.596
1.304
0.9965
0.403
2.764
3.161
1.742
0.01134
0.1291
2.041
2.205
5.113
6.108
5.628
3.931
2.619
1.847
1.077
0.7827
0.4515
1.976
3.057
2.888
2.185
1.321
1.67
0.1025
3.96
4.496
4.07
3.312
2.574
1.909
0.7231
0.01455
0.4151
0.02289
1.289
1.803
3.427
3.34
2.861
0.01852
3.584
3.555
3.105
3.021
2.742
2.12
0.1646
0.3147
0.4651
2.077
0.9968
0.01992
3.206
4.589
4.618
2.618
3.226
0.02333
0.02181
0.06601
0.01587
1.227
0.9359
0.932
0.4349
2.796
2.234
0.0194
1.772
4.312
5.115
4.217
4.054
2.561
2.933
3.021
2.156
1.08
1.145
1.096
0.301
2.117
2.216
0.9783
1.781
4.137
5.108
4.704
3.809
2.152
3.038
3.394
2.184
0.04993
1.057
1.588
0.517
0.9437
1.322
1.113
2.361
5.27
6.768
6.263
4.192
1.732
3.82
4.432
3.277
0.1012
0.04984
0.4358
0.004896
0.007632
0.004216
0.003425
0.03704
3.636
7.09
7.374
4.156
0.05915
3.432
4.641
4.091
2.234
2.553
2.521
0.7915
2.178
1.089
0.7669
1.438
4.602
7.132
7.648
4.915
0.01075
2.594
3.919
2.948
0.02471
1.999
2.631
0.7895
1.334
0.6963
0.02213
0.2726
4.117
6.516
7.205
5.401
1.124
2.255
3.104
3.639
3.508
3.282
3.1
0.8925
1.19
0.7504
0.4485
0.01031
4.273
6.776
7.664
5.92
0.03637
1.274
2.051
0.02736
3.34
3.919
3.707
1.033
1.357
0.7523
0.5097
0.02353
3.173
3.046
5.23
6.729
2.509
0.8841
2.833
2.929
4.285
2.563
3.959
1.182
0.7883
0.01109
1.218
1.213
3.729
5.654
7.746
7.421
2.692
0.0174
0.03224
2.26
4.143
3.616
3.79
0.4981
1.537
0.01189
1.193
1.785
4
6.689
8.402
5.572
3.797
0.1049
2.337
3.34
2.872
0.03078
3.158
0.8697
1.677
1.357
1.514
2.296
5.155
7.105
10.2
6.804
3.116
2.347
3.119
1.979
0.01818
2.361
2.615
0.004941
0.6669
1.157
1.544
2.508
5.731
10.71
11.25
6.489
0.1585
3.303
3.979
0.7314
2.316
3.195
1.973
0.5243
0.9397
0.09951
1.476
0.5813
3.986
10.87
12.18
7.288
0.02155
4.623
5.236
0.5979
3.393
3.264
0.4337
0.5117
2.706
0.02541
1.055
0.0185
3.445
10.55
12.19
7.65
0.04025
5.677
5.631
1.535
4.753
2.9
0.1006
0.5616
1.736
4.041
2.884
0.6802
2.031
9.738
11.07
7.284
5.012
6.759
5.251
4.973
5.453
1.801
1.587
0.7748
0.2538
3.619
2.508
0.9277
4.079
10.15
9.481
2.214
5.724
6.6
2.359
5.138
4.636
0.02317
1.709
0.8458
6.385
4.029
2.258
0.05429
5.522
11.04
8.528
0.07894
5.566
6.447
0.8939
5.214
4.494
0.01798
2.103
1.073
4.539
3.446
2.204
0.02231
6.952
12.13
8.428
0.01255
5.479
6.205
0.3079
5.199
4.525
0.009979
2.355
1.19
3.776
2.98
2.241
0.2863
8.476
13.64
9.104
0.01514
5.658
6.124
0.1197
5.362
4.835
0.009912
2.622
1.345
2.651
2.242
0.7796
3.88
11.42
15.74
10.64
0.09946
5.776
6.163
0.07255
5.675
5.337
0.007471
2.822
1.538
1.692
1.567
0.03005
6.002
14.24
18.18
13.06
1.575
5.895
6.417
0.07785
5.815
6.094
0.01754
2.944
1.741
1.268
2.16
0.2216
8.153
16.73
20.83
16.32
3.946
5.418
6.965
0.625
5.191
6.999
0.03453
3.055
1.847
0.2614
0.0493
3.858
11.48
19.12
23.3
19.98
7.164
3.989
7.409
3.528
2.186
7.459
4.181
0.9529
1.839
)
;
    }
    procBoundary7to9
    {
        type            processor;
        value           nonuniform List<scalar> 
1600
(
0.2065
0.009199
0.002692
0.6037
1.88
3.155
3.712
3.218
1.834
0.9888
0.6504
1.008
0.008212
0.4447
0.0972
0.6527
1.162
0.25
0.4675
0.009257
0.6937
1.874
3.254
3.871
3.48
2.22
1.117
0.9138
1.171
0.1428
0.5713
0.3036
0.7214
1.361
0.2818
0.4761
0.3734
0.7385
1.006
2.528
3.163
2.77
1.748
1.075
1.023
1.147
1.188
1.283
1.121
0.9999
1.623
0.2681
0.7663
0.7763
0.7595
0.4384
1.592
2.006
1.165
0.213
0.6134
0.8064
0.873
1.38
1.526
1.47
0.9934
1.604
0.02279
0.8209
1.026
0.8849
0.004935
0.5713
1.567
0.8665
0.006393
0.4535
0.7211
0.6886
1.078
1.067
1.207
0.6211
1.251
0.004427
0.6164
1.301
1.247
0.08702
0.003498
1.331
1.329
0.6854
0.7044
1.071
1.065
0.7888
0.00924
0.6774
0.006616
0.7364
0.003014
0.5339
1.173
1.566
0.989
0.04526
1.133
1.657
1.143
0.8812
1.192
1.025
1.105
0.6916
0.7077
0.02816
0.463
0.004584
0.4493
0.09891
1.349
1.376
0.7566
1.057
1.496
1.13
0.8817
0.8648
0.01259
0.8457
1.2
1.068
0.6702
0.3325
0.01613
0.4641
0.005149
1.192
1.296
0.9739
1.077
1.339
0.8894
0.00596
0.414
0.01446
0.746
0.8724
0.4052
0.6274
0.01417
0.09708
0.6532
0.09175
1.159
1.054
1.015
0.8216
1.243
1.07
0.3507
0.8093
1.079
1.101
0.7175
0.006912
0.489
0.006005
0.2195
0.7906
0.6825
1.08
0.9358
0.9576
0.5738
1.094
1.043
1.093
1.296
1.436
1.07
1.079
0.5565
0.7728
0.5627
0.1816
0.6604
0.5937
0.6693
0.8425
0.9413
0.01506
0.8363
0.7478
0.8257
0.8269
0.9175
1.062
1.063
1.131
0.5775
0.7403
0.1758
0.6401
0.6271
0.1976
0.6898
0.9967
0.009274
0.8091
0.8572
1.096
1.058
1.015
0.0334
0.8173
0.6888
0.02158
0.5515
0.2301
0.7116
0.71
0.003369
0.6182
1.286
0.6194
0.8774
1.059
0.9384
0.08578
0.8358
0.9139
0.8665
0.9234
0.7418
0.05025
0.2739
0.7962
0.9831
0.04633
0.7455
1.509
1.223
0.6583
1.03
0.8976
0.128
0.7756
0.923
0.802
0.669
0.5695
0.05535
0.2682
0.7116
1.435
1.347
0.9148
1.47
1.189
0.1942
0.3215
0.8499
0.9678
1.09
0.8635
0.0106
0.6904
0.8404
0.6592
0.2032
0.2479
1.349
1.739
0.9158
1.318
0.9864
0.009262
0.004668
0.8041
0.8863
0.7891
0.8643
0.7816
0.624
0.6108
0.647
0.1341
0.002074
1.038
1.638
1.102
1.224
0.858
0.00177
0.003462
0.7957
0.9875
0.8399
0.709
0.6238
0.6712
0.6739
0.7024
0.1041
0.003029
0.7647
1.245
1.018
0.9704
0.6903
0.004058
0.01682
0.3973
0.4885
0.004945
0.4902
0.4902
0.008972
0.3556
0.48
0.06562
0.09992
0.2946
0.3908
0.345
0.3067
0.2543
0.06362
0.07671
0.1716
0.2231
0.1711
0.1599
0.1546
0.1108
0.1342
0.1574
2.075
2.26
1.435
0.6555
0.4343
0.8673
0.7273
1.305
1.963
1.894
1.19
1.07
0.1605
0.03796
0.7984
1.482
1.41
0.6607
0.2937
0.001958
0.711
1.235
0.9196
0.03009
0.9126
3.603
5.951
6.696
5.999
6.501
9.625
10.71
9.975
9.616
13.35
19.58
21.33
18.28
11.75
4.488
0.7903
0.0321
0.00403
0.003342
0.07114
0.0816
0.1999
2.779
3.53
2.854
1.446
0.7182
1.151
1.913
2.289
2.68
2.786
1.58
1.176
0.7635
0.007261
0.7255
0.927
0.7495
1.054
0.5719
0.002743
0.7602
1.195
0.7222
0.003015
0.7249
3.522
5.939
6.687
6.066
6.832
10.07
11.23
10.6
10.85
14.58
18.67
18.89
14.88
7.975
0.2404
0.00983
0.00273
0.002062
0.03557
0.03582
0.04437
0.143
3.362
4.455
3.915
2.094
0.9456
1.204
2.361
2.644
2.684
3.119
2.095
1.061
0.9291
0.004823
0.6565
0.4981
0.01528
0.6201
0.5376
0.003451
0.8487
1.161
0.5494
0.001574
0.7745
3.738
6.22
6.892
6.269
7.284
10.41
11.19
10.38
11.38
15.92
18.55
16.41
10.37
3.241
0.0118
0.003048
-0.0004638
0.0198
0.08134
0.5234
1.978
0.05902
3.52
4.863
4.438
2.426
0.9003
0.2346
1.532
1.891
1.985
2.549
2.374
1.306
0.9281
0.005367
0.5963
0.4138
0.002059
0.5276
0.5275
0.005913
0.9046
1.118
0.4067
0.001415
0.9762
4.172
6.708
7.197
6.595
8.19
10.91
10.84
9.758
11.28
15.85
17.47
14.19
7.356
0.03648
0.004764
0.003412
0.03393
1.004
6.256
9.377
10.14
1.739
3.053
4.594
4.36
2.369
0.6477
0.01893
1.225
1.509
1.688
2.178
2.229
1.342
0.7187
0.004262
0.4558
0.4364
0.006919
0.6191
0.5896
0.05644
1.009
1.154
0.3022
0.001772
1.361
4.66
7.139
7.394
7.002
9.609
11.79
11.38
10.29
11.99
15.96
16.08
11.68
4.916
0.005952
-0.003081
0.03134
2.347
10.02
16.81
19.78
19.73
9.965
2.209
3.681
3.679
2.027
0.7983
0.7702
1.976
2.171
2.161
2.384
1.797
0.9165
0.3095
0.002721
0.3216
0.6762
1.1
1.328
0.9017
0.8886
1.317
1.211
0.1219
0.002231
1.854
5.109
7.434
7.57
7.637
10.97
13.05
12.72
11.84
13.78
17.41
16.1
9.621
2.021
0.005345
0.001572
0.06658
5.052
16.83
24.35
27.22
28.2
18.26
1.352
2.401
2.551
1.435
0.7453
1.016
0.7464
1.836
2.229
1.839
1.185
0.5466
0.003617
0.03568
0.1903
0.005605
0.9034
1.279
1.011
1.135
1.603
1.239
0.01063
0.003141
2.24
5.558
7.616
7.625
8.222
12.3
14.49
14.22
13.81
16.54
20.07
17.02
8.652
0.1888
0.01108
0.003542
0.09705
8.364
21.71
28.83
33.07
35.32
25.07
0.8245
1.472
1.588
1.004
0.6564
0.8038
0.01476
1.466
1.386
1.171
0.7602
0.02661
0.002512
0.1377
0.2262
0.01829
0.941
1.23
0.238
1.182
1.811
1.211
0.002238
0.02918
2.547
5.908
7.747
7.786
8.938
13.35
15.26
14.49
14.51
18.43
21.64
17.65
8.481
0.02833
0.07086
0.01043
0.09829
9.282
21.97
30.94
37.04
41.16
30.59
0.5288
1.098
1.32
1.07
0.8713
1.074
0.5741
1.799
1.491
1.069
0.06512
0.00272
0.03447
0.1184
0.08137
0.9724
1.665
1.201
0.006786
1.165
1.644
1.03
0.002512
0.4044
3.225
6.306
7.881
8.092
9.673
13.66
14.37
12.5
13.21
18.88
21.4
17.35
8.215
0.02261
0.3661
0.01873
0.07426
7.499
18.14
28.66
37.38
44.08
33.46
0.3296
0.9374
1.326
1.274
1.175
1.317
1.367
0.1404
0.8383
0.01692
0.004334
0.02662
0.09907
0.1163
0.003739
1.058
1.633
1.068
0.4523
1.335
1.607
0.8632
0.00331
0.9597
4.091
6.968
8.398
8.799
10.37
12.96
11.37
8.563
11.14
18.2
20.42
16.59
7.758
0.06514
0.487
0.03306
0.04738
4.736
12.81
21.83
31.85
39.46
31.95
0.3282
0.8009
1.228
1.214
1.085
0.9739
0.8262
0.01969
0.007371
0.01474
0.1692
0.1945
0.08658
0.008658
0.04994
1.174
1.539
1.073
1.202
1.747
1.771
0.6873
0.01801
1.887
5.197
8.041
9.409
9.845
10.91
11.25
7.134
2.744
8.349
16.11
18.92
15.68
8.056
1.319
0.6063
0.1287
0.05832
2.339
7.789
13.7
20.73
26.21
25.74
0.004889
0.5757
1.004
1.099
1.011
0.9939
1.094
0.9354
0.9633
0.6377
0.4385
0.1181
0.002994
0.01196
1.033
1.788
1.468
0.02781
1.222
2.022
1.901
0.8449
0.2993
3.083
6.668
9.45
10.58
10.67
10.86
9.584
4.773
0.4052
5.884
13.65
17.61
15.17
7.872
2.05
1.148
0.6622
0.07602
1.325
4.723
8.896
12.85
16.95
19.65
0.1248
0.3806
0.5788
0.6764
0.7468
0.9264
1.042
1.043
0.9531
0.7024
0.2982
0.003313
0.1656
0.9588
1.766
2.064
1.229
0.1583
1.537
2.148
2.223
1.676
2.096
5.058
8.671
11.16
11.79
11.21
10.57
8.576
4.344
0.02816
3.822
11.55
16.25
15.02
7.465
2.254
1.663
1.301
1.472
0.1018
6.327
7.285
11.48
16.88
15.48
0.3809
0.01092
0.3425
0.3112
0.4753
0.6503
0.6818
0.7911
0.5952
0.4037
0.004721
0.549
1.055
1.833
2.42
2.213
1.421
1.515
2.4
2.823
3.129
3.335
4.643
7.463
10.83
12.9
12.92
11.68
10.29
7.813
3.787
0.007233
2.708
10.3
15.12
14.62
6.867
1.873
2.129
1.66
1.258
0.5012
0.4105
10.43
12.19
12.21
19.09
0.1348
0.01055
0.005844
0.00956
0.06068
0.4512
0.7266
0.6657
0.5713
0.006123
0.7102
1.256
1.911
2.379
2.292
1.354
0.01001
1.47
2.775
3.409
4.244
5.255
7
9.702
12.76
14.29
13.79
12.11
9.993
6.914
2.319
0.006763
2.109
9.742
14.51
14.15
6.066
0.9626
2.691
2.965
3.516
6.966
0.2028
6.611
21.16
19.8
27.1
0.004221
0.006079
0.01034
0.006712
0.001831
0.002563
0.00348
0.02778
0.008708
0.7937
1.388
2.095
2.389
2.581
2.469
1.849
1.793
2.637
3.458
4.219
5.387
6.851
8.779
11.34
13.89
14.86
14
12.08
9.438
5.761
0.2456
0.05763
0.4486
8.742
13.78
13.8
7.033
0.2303
3.023
4.493
6.489
10.16
12.55
0.2167
14.56
24.92
20.46
0.5759
0.002312
0.002206
0.01046
0.1545
0.5735
0.8105
0.9843
1.121
1.579
2.188
2.438
2.379
2.142
1.295
0.01178
1.422
2.766
3.709
4.688
5.998
7.551
9.41
11.63
13.6
14.13
13.12
11.19
8.641
4.92
0.01431
0.4913
0.04326
7.693
12.73
13.28
8.121
0.04443
2.816
5.123
7.829
10.17
15.07
4.282
0.2313
9.462
0.6001
0.5759
0.2737
0.05189
0.007227
0.03312
0.5687
0.6364
0.9788
1.481
1.941
2.075
2.069
2.041
1.623
1.398
1.404
2.198
2.839
3.48
4.365
5.513
6.824
8.328
10.02
11.42
11.69
10.83
9.245
7.321
3.89
0.009683
1.192
0.02656
5.394
10.61
12.03
8.984
0.02506
1.743
4.772
8.674
11.98
14.49
19.7
12.23
0.1907
0.3319
0.5855
0.3805
0.2417
0.3471
0.01253
0.7742
0.7844
0.8218
0.9886
1.226
1.373
1.407
1.005
0.6638
0.007696
0.8284
1.496
1.844
2.222
2.787
3.484
4.245
5.098
6.063
6.887
7.097
6.663
5.792
4.832
2.613
0.01579
1.396
0.3811
3.904
7.399
8.712
7.192
1.013
1.159
3.354
6.432
9.793
12.5
15.11
21.83
21.17
23.36
0.1862
0.2004
0.1569
0.2193
0.401
0.00747
0.4363
0.3196
0.3654
0.3877
0.3444
0.2807
0.2535
0.01223
0.2032
0.3344
0.4104
0.4076
0.4498
0.5581
0.6914
0.8273
0.9756
1.161
1.353
1.445
1.411
1.289
1.239
0.8159
0.06638
0.8429
1.013
1.457
2.153
2.389
2.099
0.8967
0.3038
0.9079
1.797
3.049
4.7
5.053
6.704
9.452
10.2
0.0161
0.03579
1.674
6.873
15.5
24.6
28.56
20.09
11.55
5.599
6.143
4.993
0.8108
4.68
4.308
0.04125
0.7128
0.09768
0.03783
0.06145
4.699
18.84
30.37
31.19
18.96
0.3643
11.14
9.101
7.562
3.513
5.724
2.907
0.3728
1.468
0.4325
0.8935
0.132
11.27
28.72
39.58
40.5
34.06
24.65
14.68
9.91
0.2117
6.743
3.979
0.03048
0.3667
0.7911
1.084
1.826
1.146
17.44
38.02
44.97
30.39
0.3848
21.51
18.68
8.567
8.688
4.083
2.895
0.02214
1.389
2.454
3.233
2.358
0.1739
24.69
36.57
25.5
27.39
28.35
20.51
8.962
0.07726
0.1041
7.972
0.1059
0.5034
8.401
10.06
9.981
7.737
9.653
23.89
18.95
29.63
26.23
14.7
9.296
5.295
0.08082
12.95
4.614
0.09402
12.93
16.35
15.42
13.92
0.1528
7.117
10.48
20.09
16.9
15.99
8.965
5.544
4.077
17.01
13.14
0.1388
6.02
21.17
18.93
19.91
7.25
0.0692
2.13
6.604
1.782
9.576
7.89
7.76
4.904
19.4
18.74
2.868
0.3142
22.17
22.51
21.18
13.19
5.961
0.07492
0.1088
2.343
6.542
5.802
8.556
4.62
19.76
23.19
19.76
0.19
19.17
25.87
20.07
23.41
19.52
21.66
6.753
13.84
8.748
3.713
5.95
4.917
17.63
25.32
28.16
0.3347
2.717
23.55
23.92
39.43
41.05
40.39
39.87
31.7
18.78
5.256
1.435
2.709
16.11
30.44
24.2
0.2232
5.888
24.71
28.8
50.34
51.38
42.87
53.25
42
23.23
4.042
0.05165
0.05439
26.23
31.62
4.82
0.1837
9.866
26.98
32
51.3
53.03
45.76
60.06
46.65
22.55
0.06227
2.001
1.955
30.55
21.67
0.3299
0.2109
13.56
37.3
40.14
48.02
50.63
48
58.13
40.28
15.18
1.264
9.214
6.49
23.32
1.944
0.1189
0.3212
13.93
50.47
53.05
40.67
51.78
48.51
47.54
33.93
6.39
6.342
11.79
5.143
2.545
0.1249
0.111
0.3934
6.13
52.23
59.53
36.7
51.23
40.03
28.38
23.76
0.2823
7.787
12.73
4.983
0.1025
0.1012
0.1532
0.2917
0.9325
42.31
56.06
33.66
43.17
31.64
18.19
13.65
0.08377
10.77
14.88
6.361
1.147
2.32
2.024
0.8664
0.5424
30.27
47.53
25.93
28.92
20.89
9.397
2.687
5.427
15.33
15.92
7.212
26.83
27.64
17.56
2.633
0.3373
15.16
34.01
17.1
15.19
8.385
0.753
0.343
10.18
16.45
12.81
5.719
11.58
12.78
9.65
1.089
0.09322
1.425
10.6
6.356
3.886
0.03739
0.4533
2.519
5.875
6.404
3.917
1.661
)
;
    }
}


// ************************************************************************* //
