/*--------------------------------*- C++ -*----------------------------------*\
  =========                 |
  \\      /  F ield         | OpenFOAM: The Open Source CFD Toolbox
   \\    /   O peration     | Website:  https://openfoam.org
    \\  /    A nd           | Version:  11
     \\/     M anipulation  |
\*---------------------------------------------------------------------------*/
FoamFile
{
    format      ascii;
    class       volVectorField;
    location    "0";
    object      C;
}
// * * * * * * * * * * * * * * * * * * * * * * * * * * * * * * * * * * * * * //

dimensions      [0 1 0 0 0 0 0];

internalField   nonuniform List<vector> 
25949
(
(0.003969 0.001781 0.003969)
(0.003906 0.001844 0.003969)
(0.003969 0.001844 0.003969)
(0.003844 0.001906 0.003969)
(0.003906 0.001906 0.003969)
(0.003969 0.001906 0.003969)
(0.003781 0.001969 0.003969)
(0.003844 0.001969 0.003969)
(0.003906 0.001969 0.003969)
(0.003969 0.001969 0.003969)
(0.003719 0.002031 0.003969)
(0.003781 0.002031 0.003969)
(0.003844 0.002031 0.003969)
(0.003906 0.002031 0.003969)
(0.003969 0.002031 0.003969)
(0.003656 0.002094 0.003969)
(0.003719 0.002094 0.003969)
(0.003781 0.002094 0.003969)
(0.003844 0.002094 0.003969)
(0.003906 0.002094 0.003969)
(0.003969 0.002094 0.003969)
(0.003594 0.002156 0.003969)
(0.003656 0.002156 0.003969)
(0.003719 0.002156 0.003969)
(0.003781 0.002156 0.003969)
(0.003844 0.002156 0.003969)
(0.003906 0.002156 0.003969)
(0.003969 0.002156 0.003969)
(0.003531 0.002219 0.003969)
(0.003594 0.002219 0.003969)
(0.003656 0.002219 0.003969)
(0.003719 0.002219 0.003969)
(0.003781 0.002219 0.003969)
(0.003844 0.002219 0.003969)
(0.003906 0.002219 0.003969)
(0.003969 0.002219 0.003969)
(0.003469 0.002281 0.003969)
(0.003531 0.002281 0.003969)
(0.003594 0.002281 0.003969)
(0.003656 0.002281 0.003969)
(0.003719 0.002281 0.003969)
(0.003781 0.002281 0.003969)
(0.003844 0.002281 0.003969)
(0.003906 0.002281 0.003969)
(0.003969 0.002281 0.003969)
(0.003406 0.002344 0.003969)
(0.003469 0.002344 0.003969)
(0.003531 0.002344 0.003969)
(0.003594 0.002344 0.003969)
(0.003656 0.002344 0.003969)
(0.003719 0.002344 0.003969)
(0.003781 0.002344 0.003969)
(0.003844 0.002344 0.003969)
(0.003906 0.002344 0.003969)
(0.003969 0.002344 0.003969)
(0.002531 0.001281 0.004031)
(0.002594 0.001281 0.004031)
(0.002656 0.001281 0.004031)
(0.002719 0.001281 0.004031)
(0.002781 0.001281 0.004031)
(0.002844 0.001281 0.004031)
(0.002906 0.001281 0.004031)
(0.002969 0.001281 0.004031)
(0.003031 0.001281 0.004031)
(0.003094 0.001281 0.004031)
(0.003156 0.001281 0.004031)
(0.003219 0.001281 0.004031)
(0.003281 0.001281 0.004031)
(0.003344 0.001281 0.004031)
(0.003406 0.001281 0.004031)
(0.003469 0.001281 0.004031)
(0.003531 0.001281 0.004031)
(0.003594 0.001281 0.004031)
(0.003656 0.001281 0.004031)
(0.003719 0.001281 0.004031)
(0.003781 0.001281 0.004031)
(0.003844 0.001281 0.004031)
(0.003906 0.001281 0.004031)
(0.003969 0.001281 0.004031)
(0.002531 0.001344 0.004031)
(0.002594 0.001344 0.004031)
(0.002656 0.001344 0.004031)
(0.002719 0.001344 0.004031)
(0.002781 0.001344 0.004031)
(0.002844 0.001344 0.004031)
(0.002906 0.001344 0.004031)
(0.002969 0.001344 0.004031)
(0.003031 0.001344 0.004031)
(0.003094 0.001344 0.004031)
(0.003156 0.001344 0.004031)
(0.003219 0.001344 0.004031)
(0.003281 0.001344 0.004031)
(0.003344 0.001344 0.004031)
(0.003406 0.001344 0.004031)
(0.003469 0.001344 0.004031)
(0.003531 0.001344 0.004031)
(0.003594 0.001344 0.004031)
(0.003656 0.001344 0.004031)
(0.003719 0.001344 0.004031)
(0.003781 0.001344 0.004031)
(0.003844 0.001344 0.004031)
(0.003906 0.001344 0.004031)
(0.003969 0.001344 0.004031)
(0.002531 0.001406 0.004031)
(0.002594 0.001406 0.004031)
(0.002656 0.001406 0.004031)
(0.002719 0.001406 0.004031)
(0.002781 0.001406 0.004031)
(0.002844 0.001406 0.004031)
(0.002906 0.001406 0.004031)
(0.002969 0.001406 0.004031)
(0.003031 0.001406 0.004031)
(0.003094 0.001406 0.004031)
(0.003156 0.001406 0.004031)
(0.003219 0.001406 0.004031)
(0.003281 0.001406 0.004031)
(0.003344 0.001406 0.004031)
(0.003406 0.001406 0.004031)
(0.003469 0.001406 0.004031)
(0.003531 0.001406 0.004031)
(0.003594 0.001406 0.004031)
(0.003656 0.001406 0.004031)
(0.003719 0.001406 0.004031)
(0.003781 0.001406 0.004031)
(0.003844 0.001406 0.004031)
(0.003906 0.001406 0.004031)
(0.003969 0.001406 0.004031)
(0.002531 0.001469 0.004031)
(0.002594 0.001469 0.004031)
(0.002656 0.001469 0.004031)
(0.002719 0.001469 0.004031)
(0.002781 0.001469 0.004031)
(0.002844 0.001469 0.004031)
(0.002906 0.001469 0.004031)
(0.002969 0.001469 0.004031)
(0.003031 0.001469 0.004031)
(0.003094 0.001469 0.004031)
(0.003156 0.001469 0.004031)
(0.003219 0.001469 0.004031)
(0.003281 0.001469 0.004031)
(0.003344 0.001469 0.004031)
(0.003406 0.001469 0.004031)
(0.003469 0.001469 0.004031)
(0.003531 0.001469 0.004031)
(0.003594 0.001469 0.004031)
(0.003656 0.001469 0.004031)
(0.003719 0.001469 0.004031)
(0.003781 0.001469 0.004031)
(0.003844 0.001469 0.004031)
(0.003906 0.001469 0.004031)
(0.003969 0.001469 0.004031)
(0.002531 0.001531 0.004031)
(0.002594 0.001531 0.004031)
(0.002656 0.001531 0.004031)
(0.002719 0.001531 0.004031)
(0.002781 0.001531 0.004031)
(0.002844 0.001531 0.004031)
(0.002906 0.001531 0.004031)
(0.002969 0.001531 0.004031)
(0.003031 0.001531 0.004031)
(0.003094 0.001531 0.004031)
(0.003156 0.001531 0.004031)
(0.003219 0.001531 0.004031)
(0.003281 0.001531 0.004031)
(0.003344 0.001531 0.004031)
(0.003406 0.001531 0.004031)
(0.003469 0.001531 0.004031)
(0.003531 0.001531 0.004031)
(0.003594 0.001531 0.004031)
(0.003656 0.001531 0.004031)
(0.003719 0.001531 0.004031)
(0.003781 0.001531 0.004031)
(0.003844 0.001531 0.004031)
(0.003906 0.001531 0.004031)
(0.003969 0.001531 0.004031)
(0.002531 0.001594 0.004031)
(0.002594 0.001594 0.004031)
(0.002656 0.001594 0.004031)
(0.002719 0.001594 0.004031)
(0.002781 0.001594 0.004031)
(0.002844 0.001594 0.004031)
(0.002906 0.001594 0.004031)
(0.002969 0.001594 0.004031)
(0.003031 0.001594 0.004031)
(0.003094 0.001594 0.004031)
(0.003156 0.001594 0.004031)
(0.003219 0.001594 0.004031)
(0.003281 0.001594 0.004031)
(0.003344 0.001594 0.004031)
(0.003406 0.001594 0.004031)
(0.003469 0.001594 0.004031)
(0.003531 0.001594 0.004031)
(0.003594 0.001594 0.004031)
(0.003656 0.001594 0.004031)
(0.003719 0.001594 0.004031)
(0.003781 0.001594 0.004031)
(0.003844 0.001594 0.004031)
(0.003906 0.001594 0.004031)
(0.003969 0.001594 0.004031)
(0.002531 0.001656 0.004031)
(0.002594 0.001656 0.004031)
(0.002656 0.001656 0.004031)
(0.002719 0.001656 0.004031)
(0.002781 0.001656 0.004031)
(0.002844 0.001656 0.004031)
(0.002906 0.001656 0.004031)
(0.002969 0.001656 0.004031)
(0.003031 0.001656 0.004031)
(0.003094 0.001656 0.004031)
(0.003156 0.001656 0.004031)
(0.003219 0.001656 0.004031)
(0.003281 0.001656 0.004031)
(0.003344 0.001656 0.004031)
(0.003406 0.001656 0.004031)
(0.003469 0.001656 0.004031)
(0.003531 0.001656 0.004031)
(0.003594 0.001656 0.004031)
(0.003656 0.001656 0.004031)
(0.003719 0.001656 0.004031)
(0.003781 0.001656 0.004031)
(0.003844 0.001656 0.004031)
(0.003906 0.001656 0.004031)
(0.003969 0.001656 0.004031)
(0.002531 0.001719 0.004031)
(0.002594 0.001719 0.004031)
(0.002656 0.001719 0.004031)
(0.002719 0.001719 0.004031)
(0.002781 0.001719 0.004031)
(0.002844 0.001719 0.004031)
(0.002906 0.001719 0.004031)
(0.002969 0.001719 0.004031)
(0.003031 0.001719 0.004031)
(0.003094 0.001719 0.004031)
(0.003156 0.001719 0.004031)
(0.003219 0.001719 0.004031)
(0.003281 0.001719 0.004031)
(0.003344 0.001719 0.004031)
(0.003406 0.001719 0.004031)
(0.003469 0.001719 0.004031)
(0.003531 0.001719 0.004031)
(0.003594 0.001719 0.004031)
(0.003656 0.001719 0.004031)
(0.003719 0.001719 0.004031)
(0.003781 0.001719 0.004031)
(0.003844 0.001719 0.004031)
(0.003906 0.001719 0.004031)
(0.003969 0.001719 0.004031)
(0.002531 0.001781 0.004031)
(0.002594 0.001781 0.004031)
(0.002656 0.001781 0.004031)
(0.002719 0.001781 0.004031)
(0.002781 0.001781 0.004031)
(0.002844 0.001781 0.004031)
(0.002906 0.001781 0.004031)
(0.002969 0.001781 0.004031)
(0.003031 0.001781 0.004031)
(0.003094 0.001781 0.004031)
(0.003156 0.001781 0.004031)
(0.003219 0.001781 0.004031)
(0.003281 0.001781 0.004031)
(0.003344 0.001781 0.004031)
(0.003406 0.001781 0.004031)
(0.003469 0.001781 0.004031)
(0.003531 0.001781 0.004031)
(0.003594 0.001781 0.004031)
(0.003656 0.001781 0.004031)
(0.003719 0.001781 0.004031)
(0.003781 0.001781 0.004031)
(0.003844 0.001781 0.004031)
(0.003906 0.001781 0.004031)
(0.003969 0.001781 0.004031)
(0.002531 0.001844 0.004031)
(0.002594 0.001844 0.004031)
(0.002656 0.001844 0.004031)
(0.002719 0.001844 0.004031)
(0.002781 0.001844 0.004031)
(0.002844 0.001844 0.004031)
(0.002906 0.001844 0.004031)
(0.002969 0.001844 0.004031)
(0.003031 0.001844 0.004031)
(0.003094 0.001844 0.004031)
(0.003156 0.001844 0.004031)
(0.003219 0.001844 0.004031)
(0.003281 0.001844 0.004031)
(0.003344 0.001844 0.004031)
(0.003406 0.001844 0.004031)
(0.003469 0.001844 0.004031)
(0.003531 0.001844 0.004031)
(0.003594 0.001844 0.004031)
(0.003656 0.001844 0.004031)
(0.003719 0.001844 0.004031)
(0.003781 0.001844 0.004031)
(0.003844 0.001844 0.004031)
(0.003906 0.001844 0.004031)
(0.003969 0.001844 0.004031)
(0.002531 0.001906 0.004031)
(0.002594 0.001906 0.004031)
(0.002656 0.001906 0.004031)
(0.002719 0.001906 0.004031)
(0.002781 0.001906 0.004031)
(0.002844 0.001906 0.004031)
(0.002906 0.001906 0.004031)
(0.002969 0.001906 0.004031)
(0.003031 0.001906 0.004031)
(0.003094 0.001906 0.004031)
(0.003156 0.001906 0.004031)
(0.003219 0.001906 0.004031)
(0.003281 0.001906 0.004031)
(0.003344 0.001906 0.004031)
(0.003406 0.001906 0.004031)
(0.003469 0.001906 0.004031)
(0.003531 0.001906 0.004031)
(0.003594 0.001906 0.004031)
(0.003656 0.001906 0.004031)
(0.003719 0.001906 0.004031)
(0.003781 0.001906 0.004031)
(0.003844 0.001906 0.004031)
(0.003906 0.001906 0.004031)
(0.003969 0.001906 0.004031)
(0.002531 0.001969 0.004031)
(0.002594 0.001969 0.004031)
(0.002656 0.001969 0.004031)
(0.002719 0.001969 0.004031)
(0.002781 0.001969 0.004031)
(0.002844 0.001969 0.004031)
(0.002906 0.001969 0.004031)
(0.002969 0.001969 0.004031)
(0.003031 0.001969 0.004031)
(0.003094 0.001969 0.004031)
(0.003156 0.001969 0.004031)
(0.003219 0.001969 0.004031)
(0.003281 0.001969 0.004031)
(0.003344 0.001969 0.004031)
(0.003406 0.001969 0.004031)
(0.003469 0.001969 0.004031)
(0.003531 0.001969 0.004031)
(0.003594 0.001969 0.004031)
(0.003656 0.001969 0.004031)
(0.003719 0.001969 0.004031)
(0.003781 0.001969 0.004031)
(0.003844 0.001969 0.004031)
(0.003906 0.001969 0.004031)
(0.003969 0.001969 0.004031)
(0.002531 0.002031 0.004031)
(0.002594 0.002031 0.004031)
(0.002656 0.002031 0.004031)
(0.002719 0.002031 0.004031)
(0.002781 0.002031 0.004031)
(0.002844 0.002031 0.004031)
(0.002906 0.002031 0.004031)
(0.002969 0.002031 0.004031)
(0.003031 0.002031 0.004031)
(0.003094 0.002031 0.004031)
(0.003156 0.002031 0.004031)
(0.003219 0.002031 0.004031)
(0.003281 0.002031 0.004031)
(0.003344 0.002031 0.004031)
(0.003406 0.002031 0.004031)
(0.003469 0.002031 0.004031)
(0.003531 0.002031 0.004031)
(0.003594 0.002031 0.004031)
(0.003656 0.002031 0.004031)
(0.003719 0.002031 0.004031)
(0.003781 0.002031 0.004031)
(0.003844 0.002031 0.004031)
(0.003906 0.002031 0.004031)
(0.003969 0.002031 0.004031)
(0.002531 0.002094 0.004031)
(0.002594 0.002094 0.004031)
(0.002656 0.002094 0.004031)
(0.002719 0.002094 0.004031)
(0.002781 0.002094 0.004031)
(0.002844 0.002094 0.004031)
(0.002906 0.002094 0.004031)
(0.002969 0.002094 0.004031)
(0.003031 0.002094 0.004031)
(0.003094 0.002094 0.004031)
(0.003156 0.002094 0.004031)
(0.003219 0.002094 0.004031)
(0.003281 0.002094 0.004031)
(0.003344 0.002094 0.004031)
(0.003406 0.002094 0.004031)
(0.003469 0.002094 0.004031)
(0.003531 0.002094 0.004031)
(0.003594 0.002094 0.004031)
(0.003656 0.002094 0.004031)
(0.003719 0.002094 0.004031)
(0.003781 0.002094 0.004031)
(0.003844 0.002094 0.004031)
(0.003906 0.002094 0.004031)
(0.003969 0.002094 0.004031)
(0.002594 0.002156 0.004031)
(0.002656 0.002156 0.004031)
(0.002719 0.002156 0.004031)
(0.002781 0.002156 0.004031)
(0.002844 0.002156 0.004031)
(0.002906 0.002156 0.004031)
(0.002969 0.002156 0.004031)
(0.003031 0.002156 0.004031)
(0.003094 0.002156 0.004031)
(0.003156 0.002156 0.004031)
(0.003219 0.002156 0.004031)
(0.003281 0.002156 0.004031)
(0.003344 0.002156 0.004031)
(0.003406 0.002156 0.004031)
(0.003469 0.002156 0.004031)
(0.003531 0.002156 0.004031)
(0.003594 0.002156 0.004031)
(0.003656 0.002156 0.004031)
(0.003719 0.002156 0.004031)
(0.003781 0.002156 0.004031)
(0.003844 0.002156 0.004031)
(0.003906 0.002156 0.004031)
(0.003969 0.002156 0.004031)
(0.002594 0.002219 0.004031)
(0.002656 0.002219 0.004031)
(0.002719 0.002219 0.004031)
(0.002781 0.002219 0.004031)
(0.002844 0.002219 0.004031)
(0.002906 0.002219 0.004031)
(0.002969 0.002219 0.004031)
(0.003031 0.002219 0.004031)
(0.003094 0.002219 0.004031)
(0.003156 0.002219 0.004031)
(0.003219 0.002219 0.004031)
(0.003281 0.002219 0.004031)
(0.003344 0.002219 0.004031)
(0.003406 0.002219 0.004031)
(0.003469 0.002219 0.004031)
(0.003531 0.002219 0.004031)
(0.003594 0.002219 0.004031)
(0.003656 0.002219 0.004031)
(0.003719 0.002219 0.004031)
(0.003781 0.002219 0.004031)
(0.003844 0.002219 0.004031)
(0.003906 0.002219 0.004031)
(0.003969 0.002219 0.004031)
(0.002594 0.002281 0.004031)
(0.002656 0.002281 0.004031)
(0.002719 0.002281 0.004031)
(0.002781 0.002281 0.004031)
(0.002844 0.002281 0.004031)
(0.002906 0.002281 0.004031)
(0.002969 0.002281 0.004031)
(0.003031 0.002281 0.004031)
(0.003094 0.002281 0.004031)
(0.003156 0.002281 0.004031)
(0.003219 0.002281 0.004031)
(0.003281 0.002281 0.004031)
(0.003344 0.002281 0.004031)
(0.003406 0.002281 0.004031)
(0.003469 0.002281 0.004031)
(0.003531 0.002281 0.004031)
(0.003594 0.002281 0.004031)
(0.003656 0.002281 0.004031)
(0.003719 0.002281 0.004031)
(0.003781 0.002281 0.004031)
(0.003844 0.002281 0.004031)
(0.003906 0.002281 0.004031)
(0.003969 0.002281 0.004031)
(0.002594 0.002344 0.004031)
(0.002656 0.002344 0.004031)
(0.002719 0.002344 0.004031)
(0.002781 0.002344 0.004031)
(0.002844 0.002344 0.004031)
(0.002906 0.002344 0.004031)
(0.002969 0.002344 0.004031)
(0.003031 0.002344 0.004031)
(0.003094 0.002344 0.004031)
(0.003156 0.002344 0.004031)
(0.003219 0.002344 0.004031)
(0.003281 0.002344 0.004031)
(0.003344 0.002344 0.004031)
(0.003406 0.002344 0.004031)
(0.003469 0.002344 0.004031)
(0.003531 0.002344 0.004031)
(0.003594 0.002344 0.004031)
(0.003656 0.002344 0.004031)
(0.003719 0.002344 0.004031)
(0.003781 0.002344 0.004031)
(0.003844 0.002344 0.004031)
(0.003906 0.002344 0.004031)
(0.003969 0.002344 0.004031)
(0.002531 0.001281 0.004094)
(0.002594 0.001281 0.004094)
(0.002656 0.001281 0.004094)
(0.002719 0.001281 0.004094)
(0.002781 0.001281 0.004094)
(0.002844 0.001281 0.004094)
(0.002906 0.001281 0.004094)
(0.002969 0.001281 0.004094)
(0.003031 0.001281 0.004094)
(0.003094 0.001281 0.004094)
(0.003156 0.001281 0.004094)
(0.003219 0.001281 0.004094)
(0.003281 0.001281 0.004094)
(0.003344 0.001281 0.004094)
(0.003406 0.001281 0.004094)
(0.003469 0.001281 0.004094)
(0.003531 0.001281 0.004094)
(0.003594 0.001281 0.004094)
(0.003656 0.001281 0.004094)
(0.003719 0.001281 0.004094)
(0.003781 0.001281 0.004094)
(0.003844 0.001281 0.004094)
(0.003906 0.001281 0.004094)
(0.003969 0.001281 0.004094)
(0.002531 0.001344 0.004094)
(0.002594 0.001344 0.004094)
(0.002656 0.001344 0.004094)
(0.002719 0.001344 0.004094)
(0.002781 0.001344 0.004094)
(0.002844 0.001344 0.004094)
(0.002906 0.001344 0.004094)
(0.002969 0.001344 0.004094)
(0.003031 0.001344 0.004094)
(0.003094 0.001344 0.004094)
(0.003156 0.001344 0.004094)
(0.003219 0.001344 0.004094)
(0.003281 0.001344 0.004094)
(0.003344 0.001344 0.004094)
(0.003406 0.001344 0.004094)
(0.003469 0.001344 0.004094)
(0.003531 0.001344 0.004094)
(0.003594 0.001344 0.004094)
(0.003656 0.001344 0.004094)
(0.003719 0.001344 0.004094)
(0.003781 0.001344 0.004094)
(0.003844 0.001344 0.004094)
(0.003906 0.001344 0.004094)
(0.003969 0.001344 0.004094)
(0.002531 0.001406 0.004094)
(0.002594 0.001406 0.004094)
(0.002656 0.001406 0.004094)
(0.002719 0.001406 0.004094)
(0.002781 0.001406 0.004094)
(0.002844 0.001406 0.004094)
(0.002906 0.001406 0.004094)
(0.002969 0.001406 0.004094)
(0.003031 0.001406 0.004094)
(0.003094 0.001406 0.004094)
(0.003156 0.001406 0.004094)
(0.003219 0.001406 0.004094)
(0.003281 0.001406 0.004094)
(0.003344 0.001406 0.004094)
(0.003406 0.001406 0.004094)
(0.003469 0.001406 0.004094)
(0.003531 0.001406 0.004094)
(0.003594 0.001406 0.004094)
(0.003656 0.001406 0.004094)
(0.003719 0.001406 0.004094)
(0.003781 0.001406 0.004094)
(0.003844 0.001406 0.004094)
(0.003906 0.001406 0.004094)
(0.003969 0.001406 0.004094)
(0.002531 0.001469 0.004094)
(0.002594 0.001469 0.004094)
(0.002656 0.001469 0.004094)
(0.002719 0.001469 0.004094)
(0.002781 0.001469 0.004094)
(0.002844 0.001469 0.004094)
(0.002906 0.001469 0.004094)
(0.002969 0.001469 0.004094)
(0.003031 0.001469 0.004094)
(0.003094 0.001469 0.004094)
(0.003156 0.001469 0.004094)
(0.003219 0.001469 0.004094)
(0.003281 0.001469 0.004094)
(0.003344 0.001469 0.004094)
(0.003406 0.001469 0.004094)
(0.003469 0.001469 0.004094)
(0.003531 0.001469 0.004094)
(0.003594 0.001469 0.004094)
(0.003656 0.001469 0.004094)
(0.003719 0.001469 0.004094)
(0.003781 0.001469 0.004094)
(0.003844 0.001469 0.004094)
(0.003906 0.001469 0.004094)
(0.003969 0.001469 0.004094)
(0.002531 0.001531 0.004094)
(0.002594 0.001531 0.004094)
(0.002656 0.001531 0.004094)
(0.002719 0.001531 0.004094)
(0.002781 0.001531 0.004094)
(0.002844 0.001531 0.004094)
(0.002906 0.001531 0.004094)
(0.002969 0.001531 0.004094)
(0.003031 0.001531 0.004094)
(0.003094 0.001531 0.004094)
(0.003156 0.001531 0.004094)
(0.003219 0.001531 0.004094)
(0.003281 0.001531 0.004094)
(0.003344 0.001531 0.004094)
(0.003406 0.001531 0.004094)
(0.003469 0.001531 0.004094)
(0.003531 0.001531 0.004094)
(0.003594 0.001531 0.004094)
(0.003656 0.001531 0.004094)
(0.003719 0.001531 0.004094)
(0.003781 0.001531 0.004094)
(0.003844 0.001531 0.004094)
(0.003906 0.001531 0.004094)
(0.003969 0.001531 0.004094)
(0.002531 0.001594 0.004094)
(0.002594 0.001594 0.004094)
(0.002656 0.001594 0.004094)
(0.002719 0.001594 0.004094)
(0.002781 0.001594 0.004094)
(0.002844 0.001594 0.004094)
(0.002906 0.001594 0.004094)
(0.002969 0.001594 0.004094)
(0.003031 0.001594 0.004094)
(0.003094 0.001594 0.004094)
(0.003156 0.001594 0.004094)
(0.003219 0.001594 0.004094)
(0.003281 0.001594 0.004094)
(0.003344 0.001594 0.004094)
(0.003406 0.001594 0.004094)
(0.003469 0.001594 0.004094)
(0.003531 0.001594 0.004094)
(0.003594 0.001594 0.004094)
(0.003656 0.001594 0.004094)
(0.003719 0.001594 0.004094)
(0.003781 0.001594 0.004094)
(0.003844 0.001594 0.004094)
(0.003906 0.001594 0.004094)
(0.003969 0.001594 0.004094)
(0.002531 0.001656 0.004094)
(0.002594 0.001656 0.004094)
(0.002656 0.001656 0.004094)
(0.002719 0.001656 0.004094)
(0.002781 0.001656 0.004094)
(0.002844 0.001656 0.004094)
(0.002906 0.001656 0.004094)
(0.002969 0.001656 0.004094)
(0.003031 0.001656 0.004094)
(0.003094 0.001656 0.004094)
(0.003156 0.001656 0.004094)
(0.003219 0.001656 0.004094)
(0.003281 0.001656 0.004094)
(0.003344 0.001656 0.004094)
(0.003406 0.001656 0.004094)
(0.003469 0.001656 0.004094)
(0.003531 0.001656 0.004094)
(0.003594 0.001656 0.004094)
(0.003656 0.001656 0.004094)
(0.003719 0.001656 0.004094)
(0.003781 0.001656 0.004094)
(0.003844 0.001656 0.004094)
(0.003906 0.001656 0.004094)
(0.003969 0.001656 0.004094)
(0.002531 0.001719 0.004094)
(0.002594 0.001719 0.004094)
(0.002656 0.001719 0.004094)
(0.002719 0.001719 0.004094)
(0.002781 0.001719 0.004094)
(0.002844 0.001719 0.004094)
(0.002906 0.001719 0.004094)
(0.002969 0.001719 0.004094)
(0.003031 0.001719 0.004094)
(0.003094 0.001719 0.004094)
(0.003156 0.001719 0.004094)
(0.003219 0.001719 0.004094)
(0.003281 0.001719 0.004094)
(0.003344 0.001719 0.004094)
(0.003406 0.001719 0.004094)
(0.003469 0.001719 0.004094)
(0.003531 0.001719 0.004094)
(0.003594 0.001719 0.004094)
(0.003656 0.001719 0.004094)
(0.003719 0.001719 0.004094)
(0.003781 0.001719 0.004094)
(0.003844 0.001719 0.004094)
(0.003906 0.001719 0.004094)
(0.003969 0.001719 0.004094)
(0.002531 0.001781 0.004094)
(0.002594 0.001781 0.004094)
(0.002656 0.001781 0.004094)
(0.002719 0.001781 0.004094)
(0.002781 0.001781 0.004094)
(0.002844 0.001781 0.004094)
(0.002906 0.001781 0.004094)
(0.002969 0.001781 0.004094)
(0.003031 0.001781 0.004094)
(0.003094 0.001781 0.004094)
(0.003156 0.001781 0.004094)
(0.003219 0.001781 0.004094)
(0.003281 0.001781 0.004094)
(0.003344 0.001781 0.004094)
(0.003406 0.001781 0.004094)
(0.003469 0.001781 0.004094)
(0.003531 0.001781 0.004094)
(0.003594 0.001781 0.004094)
(0.003656 0.001781 0.004094)
(0.003719 0.001781 0.004094)
(0.003781 0.001781 0.004094)
(0.003844 0.001781 0.004094)
(0.003906 0.001781 0.004094)
(0.003969 0.001781 0.004094)
(0.002531 0.001844 0.004094)
(0.002594 0.001844 0.004094)
(0.002656 0.001844 0.004094)
(0.002719 0.001844 0.004094)
(0.002781 0.001844 0.004094)
(0.002844 0.001844 0.004094)
(0.002906 0.001844 0.004094)
(0.002969 0.001844 0.004094)
(0.003031 0.001844 0.004094)
(0.003094 0.001844 0.004094)
(0.003156 0.001844 0.004094)
(0.003219 0.001844 0.004094)
(0.003281 0.001844 0.004094)
(0.003344 0.001844 0.004094)
(0.003406 0.001844 0.004094)
(0.003469 0.001844 0.004094)
(0.003531 0.001844 0.004094)
(0.003594 0.001844 0.004094)
(0.003656 0.001844 0.004094)
(0.003719 0.001844 0.004094)
(0.003781 0.001844 0.004094)
(0.003844 0.001844 0.004094)
(0.003906 0.001844 0.004094)
(0.003969 0.001844 0.004094)
(0.002531 0.001906 0.004094)
(0.002594 0.001906 0.004094)
(0.002656 0.001906 0.004094)
(0.002719 0.001906 0.004094)
(0.002781 0.001906 0.004094)
(0.002844 0.001906 0.004094)
(0.002906 0.001906 0.004094)
(0.002969 0.001906 0.004094)
(0.003031 0.001906 0.004094)
(0.003094 0.001906 0.004094)
(0.003156 0.001906 0.004094)
(0.003219 0.001906 0.004094)
(0.003281 0.001906 0.004094)
(0.003344 0.001906 0.004094)
(0.003406 0.001906 0.004094)
(0.003469 0.001906 0.004094)
(0.003531 0.001906 0.004094)
(0.003594 0.001906 0.004094)
(0.003656 0.001906 0.004094)
(0.003719 0.001906 0.004094)
(0.003781 0.001906 0.004094)
(0.003844 0.001906 0.004094)
(0.003906 0.001906 0.004094)
(0.003969 0.001906 0.004094)
(0.002531 0.001969 0.004094)
(0.002594 0.001969 0.004094)
(0.002656 0.001969 0.004094)
(0.002719 0.001969 0.004094)
(0.002781 0.001969 0.004094)
(0.002844 0.001969 0.004094)
(0.002906 0.001969 0.004094)
(0.002969 0.001969 0.004094)
(0.003031 0.001969 0.004094)
(0.003094 0.001969 0.004094)
(0.003156 0.001969 0.004094)
(0.003219 0.001969 0.004094)
(0.003281 0.001969 0.004094)
(0.003344 0.001969 0.004094)
(0.003406 0.001969 0.004094)
(0.003469 0.001969 0.004094)
(0.003531 0.001969 0.004094)
(0.003594 0.001969 0.004094)
(0.003656 0.001969 0.004094)
(0.003719 0.001969 0.004094)
(0.003781 0.001969 0.004094)
(0.003844 0.001969 0.004094)
(0.003906 0.001969 0.004094)
(0.003969 0.001969 0.004094)
(0.002531 0.002031 0.004094)
(0.002594 0.002031 0.004094)
(0.002656 0.002031 0.004094)
(0.002719 0.002031 0.004094)
(0.002781 0.002031 0.004094)
(0.002844 0.002031 0.004094)
(0.002906 0.002031 0.004094)
(0.002969 0.002031 0.004094)
(0.003031 0.002031 0.004094)
(0.003094 0.002031 0.004094)
(0.003156 0.002031 0.004094)
(0.003219 0.002031 0.004094)
(0.003281 0.002031 0.004094)
(0.003344 0.002031 0.004094)
(0.003406 0.002031 0.004094)
(0.003469 0.002031 0.004094)
(0.003531 0.002031 0.004094)
(0.003594 0.002031 0.004094)
(0.003656 0.002031 0.004094)
(0.003719 0.002031 0.004094)
(0.003781 0.002031 0.004094)
(0.003844 0.002031 0.004094)
(0.003906 0.002031 0.004094)
(0.003969 0.002031 0.004094)
(0.002531 0.002094 0.004094)
(0.002594 0.002094 0.004094)
(0.002656 0.002094 0.004094)
(0.002719 0.002094 0.004094)
(0.002781 0.002094 0.004094)
(0.002844 0.002094 0.004094)
(0.002906 0.002094 0.004094)
(0.002969 0.002094 0.004094)
(0.003031 0.002094 0.004094)
(0.003094 0.002094 0.004094)
(0.003156 0.002094 0.004094)
(0.003219 0.002094 0.004094)
(0.003281 0.002094 0.004094)
(0.003344 0.002094 0.004094)
(0.003406 0.002094 0.004094)
(0.003469 0.002094 0.004094)
(0.003531 0.002094 0.004094)
(0.003594 0.002094 0.004094)
(0.003656 0.002094 0.004094)
(0.003719 0.002094 0.004094)
(0.003781 0.002094 0.004094)
(0.003844 0.002094 0.004094)
(0.003906 0.002094 0.004094)
(0.003969 0.002094 0.004094)
(0.002531 0.002156 0.004094)
(0.002594 0.002156 0.004094)
(0.002656 0.002156 0.004094)
(0.002719 0.002156 0.004094)
(0.002781 0.002156 0.004094)
(0.002844 0.002156 0.004094)
(0.002906 0.002156 0.004094)
(0.002969 0.002156 0.004094)
(0.003031 0.002156 0.004094)
(0.003094 0.002156 0.004094)
(0.003156 0.002156 0.004094)
(0.003219 0.002156 0.004094)
(0.003281 0.002156 0.004094)
(0.003344 0.002156 0.004094)
(0.003406 0.002156 0.004094)
(0.003469 0.002156 0.004094)
(0.003531 0.002156 0.004094)
(0.003594 0.002156 0.004094)
(0.003656 0.002156 0.004094)
(0.003719 0.002156 0.004094)
(0.003781 0.002156 0.004094)
(0.003844 0.002156 0.004094)
(0.003906 0.002156 0.004094)
(0.003969 0.002156 0.004094)
(0.002594 0.002219 0.004094)
(0.002656 0.002219 0.004094)
(0.002719 0.002219 0.004094)
(0.002781 0.002219 0.004094)
(0.002844 0.002219 0.004094)
(0.002906 0.002219 0.004094)
(0.002969 0.002219 0.004094)
(0.003031 0.002219 0.004094)
(0.003094 0.002219 0.004094)
(0.003156 0.002219 0.004094)
(0.003219 0.002219 0.004094)
(0.003281 0.002219 0.004094)
(0.003344 0.002219 0.004094)
(0.003406 0.002219 0.004094)
(0.003469 0.002219 0.004094)
(0.003531 0.002219 0.004094)
(0.003594 0.002219 0.004094)
(0.003656 0.002219 0.004094)
(0.003719 0.002219 0.004094)
(0.003781 0.002219 0.004094)
(0.003844 0.002219 0.004094)
(0.003906 0.002219 0.004094)
(0.003969 0.002219 0.004094)
(0.002594 0.002281 0.004094)
(0.002656 0.002281 0.004094)
(0.002719 0.002281 0.004094)
(0.002781 0.002281 0.004094)
(0.002844 0.002281 0.004094)
(0.002906 0.002281 0.004094)
(0.002969 0.002281 0.004094)
(0.003031 0.002281 0.004094)
(0.003094 0.002281 0.004094)
(0.003156 0.002281 0.004094)
(0.003219 0.002281 0.004094)
(0.003281 0.002281 0.004094)
(0.003344 0.002281 0.004094)
(0.003406 0.002281 0.004094)
(0.003469 0.002281 0.004094)
(0.003531 0.002281 0.004094)
(0.003594 0.002281 0.004094)
(0.003656 0.002281 0.004094)
(0.003719 0.002281 0.004094)
(0.003781 0.002281 0.004094)
(0.003844 0.002281 0.004094)
(0.003906 0.002281 0.004094)
(0.003969 0.002281 0.004094)
(0.002594 0.002344 0.004094)
(0.002656 0.002344 0.004094)
(0.002719 0.002344 0.004094)
(0.002781 0.002344 0.004094)
(0.002844 0.002344 0.004094)
(0.002906 0.002344 0.004094)
(0.002969 0.002344 0.004094)
(0.003031 0.002344 0.004094)
(0.003094 0.002344 0.004094)
(0.003156 0.002344 0.004094)
(0.003219 0.002344 0.004094)
(0.003281 0.002344 0.004094)
(0.003344 0.002344 0.004094)
(0.003406 0.002344 0.004094)
(0.003469 0.002344 0.004094)
(0.003531 0.002344 0.004094)
(0.003594 0.002344 0.004094)
(0.003656 0.002344 0.004094)
(0.003719 0.002344 0.004094)
(0.003781 0.002344 0.004094)
(0.003844 0.002344 0.004094)
(0.003906 0.002344 0.004094)
(0.003969 0.002344 0.004094)
(0.002531 0.001281 0.004156)
(0.002594 0.001281 0.004156)
(0.002656 0.001281 0.004156)
(0.002719 0.001281 0.004156)
(0.002781 0.001281 0.004156)
(0.002844 0.001281 0.004156)
(0.002906 0.001281 0.004156)
(0.002969 0.001281 0.004156)
(0.003031 0.001281 0.004156)
(0.003094 0.001281 0.004156)
(0.003156 0.001281 0.004156)
(0.003219 0.001281 0.004156)
(0.003281 0.001281 0.004156)
(0.003344 0.001281 0.004156)
(0.003406 0.001281 0.004156)
(0.003469 0.001281 0.004156)
(0.003531 0.001281 0.004156)
(0.003594 0.001281 0.004156)
(0.003656 0.001281 0.004156)
(0.003719 0.001281 0.004156)
(0.003781 0.001281 0.004156)
(0.003844 0.001281 0.004156)
(0.003906 0.001281 0.004156)
(0.003969 0.001281 0.004156)
(0.002531 0.001344 0.004156)
(0.002594 0.001344 0.004156)
(0.002656 0.001344 0.004156)
(0.002719 0.001344 0.004156)
(0.002781 0.001344 0.004156)
(0.002844 0.001344 0.004156)
(0.002906 0.001344 0.004156)
(0.002969 0.001344 0.004156)
(0.003031 0.001344 0.004156)
(0.003094 0.001344 0.004156)
(0.003156 0.001344 0.004156)
(0.003219 0.001344 0.004156)
(0.003281 0.001344 0.004156)
(0.003344 0.001344 0.004156)
(0.003406 0.001344 0.004156)
(0.003469 0.001344 0.004156)
(0.003531 0.001344 0.004156)
(0.003594 0.001344 0.004156)
(0.003656 0.001344 0.004156)
(0.003719 0.001344 0.004156)
(0.003781 0.001344 0.004156)
(0.003844 0.001344 0.004156)
(0.003906 0.001344 0.004156)
(0.003969 0.001344 0.004156)
(0.002531 0.001406 0.004156)
(0.002594 0.001406 0.004156)
(0.002656 0.001406 0.004156)
(0.002719 0.001406 0.004156)
(0.002781 0.001406 0.004156)
(0.002844 0.001406 0.004156)
(0.002906 0.001406 0.004156)
(0.002969 0.001406 0.004156)
(0.003031 0.001406 0.004156)
(0.003094 0.001406 0.004156)
(0.003156 0.001406 0.004156)
(0.003219 0.001406 0.004156)
(0.003281 0.001406 0.004156)
(0.003344 0.001406 0.004156)
(0.003406 0.001406 0.004156)
(0.003469 0.001406 0.004156)
(0.003531 0.001406 0.004156)
(0.003594 0.001406 0.004156)
(0.003656 0.001406 0.004156)
(0.003719 0.001406 0.004156)
(0.003781 0.001406 0.004156)
(0.003844 0.001406 0.004156)
(0.003906 0.001406 0.004156)
(0.003969 0.001406 0.004156)
(0.002531 0.001469 0.004156)
(0.002594 0.001469 0.004156)
(0.002656 0.001469 0.004156)
(0.002719 0.001469 0.004156)
(0.002781 0.001469 0.004156)
(0.002844 0.001469 0.004156)
(0.002906 0.001469 0.004156)
(0.002969 0.001469 0.004156)
(0.003031 0.001469 0.004156)
(0.003094 0.001469 0.004156)
(0.003156 0.001469 0.004156)
(0.003219 0.001469 0.004156)
(0.003281 0.001469 0.004156)
(0.003344 0.001469 0.004156)
(0.003406 0.001469 0.004156)
(0.003469 0.001469 0.004156)
(0.003531 0.001469 0.004156)
(0.003594 0.001469 0.004156)
(0.003656 0.001469 0.004156)
(0.003719 0.001469 0.004156)
(0.003781 0.001469 0.004156)
(0.003844 0.001469 0.004156)
(0.003906 0.001469 0.004156)
(0.003969 0.001469 0.004156)
(0.002531 0.001531 0.004156)
(0.002594 0.001531 0.004156)
(0.002656 0.001531 0.004156)
(0.002719 0.001531 0.004156)
(0.002781 0.001531 0.004156)
(0.002844 0.001531 0.004156)
(0.002906 0.001531 0.004156)
(0.002969 0.001531 0.004156)
(0.003031 0.001531 0.004156)
(0.003094 0.001531 0.004156)
(0.003156 0.001531 0.004156)
(0.003219 0.001531 0.004156)
(0.003281 0.001531 0.004156)
(0.003344 0.001531 0.004156)
(0.003406 0.001531 0.004156)
(0.003469 0.001531 0.004156)
(0.003531 0.001531 0.004156)
(0.003594 0.001531 0.004156)
(0.003656 0.001531 0.004156)
(0.003719 0.001531 0.004156)
(0.003781 0.001531 0.004156)
(0.003844 0.001531 0.004156)
(0.003906 0.001531 0.004156)
(0.003969 0.001531 0.004156)
(0.002531 0.001594 0.004156)
(0.002594 0.001594 0.004156)
(0.002656 0.001594 0.004156)
(0.002719 0.001594 0.004156)
(0.002781 0.001594 0.004156)
(0.002844 0.001594 0.004156)
(0.002906 0.001594 0.004156)
(0.002969 0.001594 0.004156)
(0.003031 0.001594 0.004156)
(0.003094 0.001594 0.004156)
(0.003156 0.001594 0.004156)
(0.003219 0.001594 0.004156)
(0.003281 0.001594 0.004156)
(0.003344 0.001594 0.004156)
(0.003406 0.001594 0.004156)
(0.003469 0.001594 0.004156)
(0.003531 0.001594 0.004156)
(0.003594 0.001594 0.004156)
(0.003656 0.001594 0.004156)
(0.003719 0.001594 0.004156)
(0.003781 0.001594 0.004156)
(0.003844 0.001594 0.004156)
(0.003906 0.001594 0.004156)
(0.003969 0.001594 0.004156)
(0.002531 0.001656 0.004156)
(0.002594 0.001656 0.004156)
(0.002656 0.001656 0.004156)
(0.002719 0.001656 0.004156)
(0.002781 0.001656 0.004156)
(0.002844 0.001656 0.004156)
(0.002906 0.001656 0.004156)
(0.002969 0.001656 0.004156)
(0.003031 0.001656 0.004156)
(0.003094 0.001656 0.004156)
(0.003156 0.001656 0.004156)
(0.003219 0.001656 0.004156)
(0.003281 0.001656 0.004156)
(0.003344 0.001656 0.004156)
(0.003406 0.001656 0.004156)
(0.003469 0.001656 0.004156)
(0.003531 0.001656 0.004156)
(0.003594 0.001656 0.004156)
(0.003656 0.001656 0.004156)
(0.003719 0.001656 0.004156)
(0.003781 0.001656 0.004156)
(0.003844 0.001656 0.004156)
(0.003906 0.001656 0.004156)
(0.003969 0.001656 0.004156)
(0.002531 0.001719 0.004156)
(0.002594 0.001719 0.004156)
(0.002656 0.001719 0.004156)
(0.002719 0.001719 0.004156)
(0.002781 0.001719 0.004156)
(0.002844 0.001719 0.004156)
(0.002906 0.001719 0.004156)
(0.002969 0.001719 0.004156)
(0.003031 0.001719 0.004156)
(0.003094 0.001719 0.004156)
(0.003156 0.001719 0.004156)
(0.003219 0.001719 0.004156)
(0.003281 0.001719 0.004156)
(0.003344 0.001719 0.004156)
(0.003406 0.001719 0.004156)
(0.003469 0.001719 0.004156)
(0.003531 0.001719 0.004156)
(0.003594 0.001719 0.004156)
(0.003656 0.001719 0.004156)
(0.003719 0.001719 0.004156)
(0.003781 0.001719 0.004156)
(0.003844 0.001719 0.004156)
(0.003906 0.001719 0.004156)
(0.003969 0.001719 0.004156)
(0.002531 0.001781 0.004156)
(0.002594 0.001781 0.004156)
(0.002656 0.001781 0.004156)
(0.002719 0.001781 0.004156)
(0.002781 0.001781 0.004156)
(0.002844 0.001781 0.004156)
(0.002906 0.001781 0.004156)
(0.002969 0.001781 0.004156)
(0.003031 0.001781 0.004156)
(0.003094 0.001781 0.004156)
(0.003156 0.001781 0.004156)
(0.003219 0.001781 0.004156)
(0.003281 0.001781 0.004156)
(0.003344 0.001781 0.004156)
(0.003406 0.001781 0.004156)
(0.003469 0.001781 0.004156)
(0.003531 0.001781 0.004156)
(0.003594 0.001781 0.004156)
(0.003656 0.001781 0.004156)
(0.003719 0.001781 0.004156)
(0.003781 0.001781 0.004156)
(0.003844 0.001781 0.004156)
(0.003906 0.001781 0.004156)
(0.003969 0.001781 0.004156)
(0.002531 0.001844 0.004156)
(0.002594 0.001844 0.004156)
(0.002656 0.001844 0.004156)
(0.002719 0.001844 0.004156)
(0.002781 0.001844 0.004156)
(0.002844 0.001844 0.004156)
(0.002906 0.001844 0.004156)
(0.002969 0.001844 0.004156)
(0.003031 0.001844 0.004156)
(0.003094 0.001844 0.004156)
(0.003156 0.001844 0.004156)
(0.003219 0.001844 0.004156)
(0.003281 0.001844 0.004156)
(0.003344 0.001844 0.004156)
(0.003406 0.001844 0.004156)
(0.003469 0.001844 0.004156)
(0.003531 0.001844 0.004156)
(0.003594 0.001844 0.004156)
(0.003656 0.001844 0.004156)
(0.003719 0.001844 0.004156)
(0.003781 0.001844 0.004156)
(0.003844 0.001844 0.004156)
(0.003906 0.001844 0.004156)
(0.003969 0.001844 0.004156)
(0.002531 0.001906 0.004156)
(0.002594 0.001906 0.004156)
(0.002656 0.001906 0.004156)
(0.002719 0.001906 0.004156)
(0.002781 0.001906 0.004156)
(0.002844 0.001906 0.004156)
(0.002906 0.001906 0.004156)
(0.002969 0.001906 0.004156)
(0.003031 0.001906 0.004156)
(0.003094 0.001906 0.004156)
(0.003156 0.001906 0.004156)
(0.003219 0.001906 0.004156)
(0.003281 0.001906 0.004156)
(0.003344 0.001906 0.004156)
(0.003406 0.001906 0.004156)
(0.003469 0.001906 0.004156)
(0.003531 0.001906 0.004156)
(0.003594 0.001906 0.004156)
(0.003656 0.001906 0.004156)
(0.003719 0.001906 0.004156)
(0.003781 0.001906 0.004156)
(0.003844 0.001906 0.004156)
(0.003906 0.001906 0.004156)
(0.003969 0.001906 0.004156)
(0.002531 0.001969 0.004156)
(0.002594 0.001969 0.004156)
(0.002656 0.001969 0.004156)
(0.002719 0.001969 0.004156)
(0.002781 0.001969 0.004156)
(0.002844 0.001969 0.004156)
(0.002906 0.001969 0.004156)
(0.002969 0.001969 0.004156)
(0.003031 0.001969 0.004156)
(0.003094 0.001969 0.004156)
(0.003156 0.001969 0.004156)
(0.003219 0.001969 0.004156)
(0.003281 0.001969 0.004156)
(0.003344 0.001969 0.004156)
(0.003406 0.001969 0.004156)
(0.003469 0.001969 0.004156)
(0.003531 0.001969 0.004156)
(0.003594 0.001969 0.004156)
(0.003656 0.001969 0.004156)
(0.003719 0.001969 0.004156)
(0.003781 0.001969 0.004156)
(0.003844 0.001969 0.004156)
(0.003906 0.001969 0.004156)
(0.003969 0.001969 0.004156)
(0.002531 0.002031 0.004156)
(0.002594 0.002031 0.004156)
(0.002656 0.002031 0.004156)
(0.002719 0.002031 0.004156)
(0.002781 0.002031 0.004156)
(0.002844 0.002031 0.004156)
(0.002906 0.002031 0.004156)
(0.002969 0.002031 0.004156)
(0.003031 0.002031 0.004156)
(0.003094 0.002031 0.004156)
(0.003156 0.002031 0.004156)
(0.003219 0.002031 0.004156)
(0.003281 0.002031 0.004156)
(0.003344 0.002031 0.004156)
(0.003406 0.002031 0.004156)
(0.003469 0.002031 0.004156)
(0.003531 0.002031 0.004156)
(0.003594 0.002031 0.004156)
(0.003656 0.002031 0.004156)
(0.003719 0.002031 0.004156)
(0.003781 0.002031 0.004156)
(0.003844 0.002031 0.004156)
(0.003906 0.002031 0.004156)
(0.003969 0.002031 0.004156)
(0.002531 0.002094 0.004156)
(0.002594 0.002094 0.004156)
(0.002656 0.002094 0.004156)
(0.002719 0.002094 0.004156)
(0.002781 0.002094 0.004156)
(0.002844 0.002094 0.004156)
(0.002906 0.002094 0.004156)
(0.002969 0.002094 0.004156)
(0.003031 0.002094 0.004156)
(0.003094 0.002094 0.004156)
(0.003156 0.002094 0.004156)
(0.003219 0.002094 0.004156)
(0.003281 0.002094 0.004156)
(0.003344 0.002094 0.004156)
(0.003406 0.002094 0.004156)
(0.003469 0.002094 0.004156)
(0.003531 0.002094 0.004156)
(0.003594 0.002094 0.004156)
(0.003656 0.002094 0.004156)
(0.003719 0.002094 0.004156)
(0.003781 0.002094 0.004156)
(0.003844 0.002094 0.004156)
(0.003906 0.002094 0.004156)
(0.003969 0.002094 0.004156)
(0.002531 0.002156 0.004156)
(0.002594 0.002156 0.004156)
(0.002656 0.002156 0.004156)
(0.002719 0.002156 0.004156)
(0.002781 0.002156 0.004156)
(0.002844 0.002156 0.004156)
(0.002906 0.002156 0.004156)
(0.002969 0.002156 0.004156)
(0.003031 0.002156 0.004156)
(0.003094 0.002156 0.004156)
(0.003156 0.002156 0.004156)
(0.003219 0.002156 0.004156)
(0.003281 0.002156 0.004156)
(0.003344 0.002156 0.004156)
(0.003406 0.002156 0.004156)
(0.003469 0.002156 0.004156)
(0.003531 0.002156 0.004156)
(0.003594 0.002156 0.004156)
(0.003656 0.002156 0.004156)
(0.003719 0.002156 0.004156)
(0.003781 0.002156 0.004156)
(0.003844 0.002156 0.004156)
(0.003906 0.002156 0.004156)
(0.003969 0.002156 0.004156)
(0.002531 0.002219 0.004156)
(0.002594 0.002219 0.004156)
(0.002656 0.002219 0.004156)
(0.002719 0.002219 0.004156)
(0.002781 0.002219 0.004156)
(0.002844 0.002219 0.004156)
(0.002906 0.002219 0.004156)
(0.002969 0.002219 0.004156)
(0.003031 0.002219 0.004156)
(0.003094 0.002219 0.004156)
(0.003156 0.002219 0.004156)
(0.003219 0.002219 0.004156)
(0.003281 0.002219 0.004156)
(0.003344 0.002219 0.004156)
(0.003406 0.002219 0.004156)
(0.003469 0.002219 0.004156)
(0.003531 0.002219 0.004156)
(0.003594 0.002219 0.004156)
(0.003656 0.002219 0.004156)
(0.003719 0.002219 0.004156)
(0.003781 0.002219 0.004156)
(0.003844 0.002219 0.004156)
(0.003906 0.002219 0.004156)
(0.003969 0.002219 0.004156)
(0.002594 0.002281 0.004156)
(0.002656 0.002281 0.004156)
(0.002719 0.002281 0.004156)
(0.002781 0.002281 0.004156)
(0.002844 0.002281 0.004156)
(0.002906 0.002281 0.004156)
(0.002969 0.002281 0.004156)
(0.003031 0.002281 0.004156)
(0.003094 0.002281 0.004156)
(0.003156 0.002281 0.004156)
(0.003219 0.002281 0.004156)
(0.003281 0.002281 0.004156)
(0.003344 0.002281 0.004156)
(0.003406 0.002281 0.004156)
(0.003469 0.002281 0.004156)
(0.003531 0.002281 0.004156)
(0.003594 0.002281 0.004156)
(0.003656 0.002281 0.004156)
(0.003719 0.002281 0.004156)
(0.003781 0.002281 0.004156)
(0.003844 0.002281 0.004156)
(0.003906 0.002281 0.004156)
(0.003969 0.002281 0.004156)
(0.002594 0.002344 0.004156)
(0.002656 0.002344 0.004156)
(0.002719 0.002344 0.004156)
(0.002781 0.002344 0.004156)
(0.002844 0.002344 0.004156)
(0.002906 0.002344 0.004156)
(0.002969 0.002344 0.004156)
(0.003031 0.002344 0.004156)
(0.003094 0.002344 0.004156)
(0.003156 0.002344 0.004156)
(0.003219 0.002344 0.004156)
(0.003281 0.002344 0.004156)
(0.003344 0.002344 0.004156)
(0.003406 0.002344 0.004156)
(0.003469 0.002344 0.004156)
(0.003531 0.002344 0.004156)
(0.003594 0.002344 0.004156)
(0.003656 0.002344 0.004156)
(0.003719 0.002344 0.004156)
(0.003781 0.002344 0.004156)
(0.003844 0.002344 0.004156)
(0.003906 0.002344 0.004156)
(0.003969 0.002344 0.004156)
(0.002531 0.001281 0.004219)
(0.002594 0.001281 0.004219)
(0.002656 0.001281 0.004219)
(0.002719 0.001281 0.004219)
(0.002781 0.001281 0.004219)
(0.002844 0.001281 0.004219)
(0.002906 0.001281 0.004219)
(0.002969 0.001281 0.004219)
(0.003031 0.001281 0.004219)
(0.003094 0.001281 0.004219)
(0.003156 0.001281 0.004219)
(0.003219 0.001281 0.004219)
(0.003281 0.001281 0.004219)
(0.003344 0.001281 0.004219)
(0.003406 0.001281 0.004219)
(0.003469 0.001281 0.004219)
(0.003531 0.001281 0.004219)
(0.003594 0.001281 0.004219)
(0.003656 0.001281 0.004219)
(0.003719 0.001281 0.004219)
(0.003781 0.001281 0.004219)
(0.003844 0.001281 0.004219)
(0.003906 0.001281 0.004219)
(0.003969 0.001281 0.004219)
(0.002531 0.001344 0.004219)
(0.002594 0.001344 0.004219)
(0.002656 0.001344 0.004219)
(0.002719 0.001344 0.004219)
(0.002781 0.001344 0.004219)
(0.002844 0.001344 0.004219)
(0.002906 0.001344 0.004219)
(0.002969 0.001344 0.004219)
(0.003031 0.001344 0.004219)
(0.003094 0.001344 0.004219)
(0.003156 0.001344 0.004219)
(0.003219 0.001344 0.004219)
(0.003281 0.001344 0.004219)
(0.003344 0.001344 0.004219)
(0.003406 0.001344 0.004219)
(0.003469 0.001344 0.004219)
(0.003531 0.001344 0.004219)
(0.003594 0.001344 0.004219)
(0.003656 0.001344 0.004219)
(0.003719 0.001344 0.004219)
(0.003781 0.001344 0.004219)
(0.003844 0.001344 0.004219)
(0.003906 0.001344 0.004219)
(0.003969 0.001344 0.004219)
(0.002531 0.001406 0.004219)
(0.002594 0.001406 0.004219)
(0.002656 0.001406 0.004219)
(0.002719 0.001406 0.004219)
(0.002781 0.001406 0.004219)
(0.002844 0.001406 0.004219)
(0.002906 0.001406 0.004219)
(0.002969 0.001406 0.004219)
(0.003031 0.001406 0.004219)
(0.003094 0.001406 0.004219)
(0.003156 0.001406 0.004219)
(0.003219 0.001406 0.004219)
(0.003281 0.001406 0.004219)
(0.003344 0.001406 0.004219)
(0.003406 0.001406 0.004219)
(0.003469 0.001406 0.004219)
(0.003531 0.001406 0.004219)
(0.003594 0.001406 0.004219)
(0.003656 0.001406 0.004219)
(0.003719 0.001406 0.004219)
(0.003781 0.001406 0.004219)
(0.003844 0.001406 0.004219)
(0.003906 0.001406 0.004219)
(0.003969 0.001406 0.004219)
(0.002531 0.001469 0.004219)
(0.002594 0.001469 0.004219)
(0.002656 0.001469 0.004219)
(0.002719 0.001469 0.004219)
(0.002781 0.001469 0.004219)
(0.002844 0.001469 0.004219)
(0.002906 0.001469 0.004219)
(0.002969 0.001469 0.004219)
(0.003031 0.001469 0.004219)
(0.003094 0.001469 0.004219)
(0.003156 0.001469 0.004219)
(0.003219 0.001469 0.004219)
(0.003281 0.001469 0.004219)
(0.003344 0.001469 0.004219)
(0.003406 0.001469 0.004219)
(0.003469 0.001469 0.004219)
(0.003531 0.001469 0.004219)
(0.003594 0.001469 0.004219)
(0.003656 0.001469 0.004219)
(0.003719 0.001469 0.004219)
(0.003781 0.001469 0.004219)
(0.003844 0.001469 0.004219)
(0.003906 0.001469 0.004219)
(0.003969 0.001469 0.004219)
(0.002531 0.001531 0.004219)
(0.002594 0.001531 0.004219)
(0.002656 0.001531 0.004219)
(0.002719 0.001531 0.004219)
(0.002781 0.001531 0.004219)
(0.002844 0.001531 0.004219)
(0.002906 0.001531 0.004219)
(0.002969 0.001531 0.004219)
(0.003031 0.001531 0.004219)
(0.003094 0.001531 0.004219)
(0.003156 0.001531 0.004219)
(0.003219 0.001531 0.004219)
(0.003281 0.001531 0.004219)
(0.003344 0.001531 0.004219)
(0.003406 0.001531 0.004219)
(0.003469 0.001531 0.004219)
(0.003531 0.001531 0.004219)
(0.003594 0.001531 0.004219)
(0.003656 0.001531 0.004219)
(0.003719 0.001531 0.004219)
(0.003781 0.001531 0.004219)
(0.003844 0.001531 0.004219)
(0.003906 0.001531 0.004219)
(0.003969 0.001531 0.004219)
(0.002531 0.001594 0.004219)
(0.002594 0.001594 0.004219)
(0.002656 0.001594 0.004219)
(0.002719 0.001594 0.004219)
(0.002781 0.001594 0.004219)
(0.002844 0.001594 0.004219)
(0.002906 0.001594 0.004219)
(0.002969 0.001594 0.004219)
(0.003031 0.001594 0.004219)
(0.003094 0.001594 0.004219)
(0.003156 0.001594 0.004219)
(0.003219 0.001594 0.004219)
(0.003281 0.001594 0.004219)
(0.003344 0.001594 0.004219)
(0.003406 0.001594 0.004219)
(0.003469 0.001594 0.004219)
(0.003531 0.001594 0.004219)
(0.003594 0.001594 0.004219)
(0.003656 0.001594 0.004219)
(0.003719 0.001594 0.004219)
(0.003781 0.001594 0.004219)
(0.003844 0.001594 0.004219)
(0.003906 0.001594 0.004219)
(0.003969 0.001594 0.004219)
(0.002531 0.001656 0.004219)
(0.002594 0.001656 0.004219)
(0.002656 0.001656 0.004219)
(0.002719 0.001656 0.004219)
(0.002781 0.001656 0.004219)
(0.002844 0.001656 0.004219)
(0.002906 0.001656 0.004219)
(0.002969 0.001656 0.004219)
(0.003031 0.001656 0.004219)
(0.003094 0.001656 0.004219)
(0.003156 0.001656 0.004219)
(0.003219 0.001656 0.004219)
(0.003281 0.001656 0.004219)
(0.003344 0.001656 0.004219)
(0.003406 0.001656 0.004219)
(0.003469 0.001656 0.004219)
(0.003531 0.001656 0.004219)
(0.003594 0.001656 0.004219)
(0.003656 0.001656 0.004219)
(0.003719 0.001656 0.004219)
(0.003781 0.001656 0.004219)
(0.003844 0.001656 0.004219)
(0.003906 0.001656 0.004219)
(0.003969 0.001656 0.004219)
(0.002531 0.001719 0.004219)
(0.002594 0.001719 0.004219)
(0.002656 0.001719 0.004219)
(0.002719 0.001719 0.004219)
(0.002781 0.001719 0.004219)
(0.002844 0.001719 0.004219)
(0.002906 0.001719 0.004219)
(0.002969 0.001719 0.004219)
(0.003031 0.001719 0.004219)
(0.003094 0.001719 0.004219)
(0.003156 0.001719 0.004219)
(0.003219 0.001719 0.004219)
(0.003281 0.001719 0.004219)
(0.003344 0.001719 0.004219)
(0.003406 0.001719 0.004219)
(0.003469 0.001719 0.004219)
(0.003531 0.001719 0.004219)
(0.003594 0.001719 0.004219)
(0.003656 0.001719 0.004219)
(0.003719 0.001719 0.004219)
(0.003781 0.001719 0.004219)
(0.003844 0.001719 0.004219)
(0.003906 0.001719 0.004219)
(0.003969 0.001719 0.004219)
(0.002531 0.001781 0.004219)
(0.002594 0.001781 0.004219)
(0.002656 0.001781 0.004219)
(0.002719 0.001781 0.004219)
(0.002781 0.001781 0.004219)
(0.002844 0.001781 0.004219)
(0.002906 0.001781 0.004219)
(0.002969 0.001781 0.004219)
(0.003031 0.001781 0.004219)
(0.003094 0.001781 0.004219)
(0.003156 0.001781 0.004219)
(0.003219 0.001781 0.004219)
(0.003281 0.001781 0.004219)
(0.003344 0.001781 0.004219)
(0.003406 0.001781 0.004219)
(0.003469 0.001781 0.004219)
(0.003531 0.001781 0.004219)
(0.003594 0.001781 0.004219)
(0.003656 0.001781 0.004219)
(0.003719 0.001781 0.004219)
(0.003781 0.001781 0.004219)
(0.003844 0.001781 0.004219)
(0.003906 0.001781 0.004219)
(0.003969 0.001781 0.004219)
(0.002531 0.001844 0.004219)
(0.002594 0.001844 0.004219)
(0.002656 0.001844 0.004219)
(0.002719 0.001844 0.004219)
(0.002781 0.001844 0.004219)
(0.002844 0.001844 0.004219)
(0.002906 0.001844 0.004219)
(0.002969 0.001844 0.004219)
(0.003031 0.001844 0.004219)
(0.003094 0.001844 0.004219)
(0.003156 0.001844 0.004219)
(0.003219 0.001844 0.004219)
(0.003281 0.001844 0.004219)
(0.003344 0.001844 0.004219)
(0.003406 0.001844 0.004219)
(0.003469 0.001844 0.004219)
(0.003531 0.001844 0.004219)
(0.003594 0.001844 0.004219)
(0.003656 0.001844 0.004219)
(0.003719 0.001844 0.004219)
(0.003781 0.001844 0.004219)
(0.003844 0.001844 0.004219)
(0.003906 0.001844 0.004219)
(0.003969 0.001844 0.004219)
(0.002531 0.001906 0.004219)
(0.002594 0.001906 0.004219)
(0.002656 0.001906 0.004219)
(0.002719 0.001906 0.004219)
(0.002781 0.001906 0.004219)
(0.002844 0.001906 0.004219)
(0.002906 0.001906 0.004219)
(0.002969 0.001906 0.004219)
(0.003031 0.001906 0.004219)
(0.003094 0.001906 0.004219)
(0.003156 0.001906 0.004219)
(0.003219 0.001906 0.004219)
(0.003281 0.001906 0.004219)
(0.003344 0.001906 0.004219)
(0.003406 0.001906 0.004219)
(0.003469 0.001906 0.004219)
(0.003531 0.001906 0.004219)
(0.003594 0.001906 0.004219)
(0.003656 0.001906 0.004219)
(0.003719 0.001906 0.004219)
(0.003781 0.001906 0.004219)
(0.003844 0.001906 0.004219)
(0.003906 0.001906 0.004219)
(0.003969 0.001906 0.004219)
(0.002531 0.001969 0.004219)
(0.002594 0.001969 0.004219)
(0.002656 0.001969 0.004219)
(0.002719 0.001969 0.004219)
(0.002781 0.001969 0.004219)
(0.002844 0.001969 0.004219)
(0.002906 0.001969 0.004219)
(0.002969 0.001969 0.004219)
(0.003031 0.001969 0.004219)
(0.003094 0.001969 0.004219)
(0.003156 0.001969 0.004219)
(0.003219 0.001969 0.004219)
(0.003281 0.001969 0.004219)
(0.003344 0.001969 0.004219)
(0.003406 0.001969 0.004219)
(0.003469 0.001969 0.004219)
(0.003531 0.001969 0.004219)
(0.003594 0.001969 0.004219)
(0.003656 0.001969 0.004219)
(0.003719 0.001969 0.004219)
(0.003781 0.001969 0.004219)
(0.003844 0.001969 0.004219)
(0.003906 0.001969 0.004219)
(0.003969 0.001969 0.004219)
(0.002531 0.002031 0.004219)
(0.002594 0.002031 0.004219)
(0.002656 0.002031 0.004219)
(0.002719 0.002031 0.004219)
(0.002781 0.002031 0.004219)
(0.002844 0.002031 0.004219)
(0.002906 0.002031 0.004219)
(0.002969 0.002031 0.004219)
(0.003031 0.002031 0.004219)
(0.003094 0.002031 0.004219)
(0.003156 0.002031 0.004219)
(0.003219 0.002031 0.004219)
(0.003281 0.002031 0.004219)
(0.003344 0.002031 0.004219)
(0.003406 0.002031 0.004219)
(0.003469 0.002031 0.004219)
(0.003531 0.002031 0.004219)
(0.003594 0.002031 0.004219)
(0.003656 0.002031 0.004219)
(0.003719 0.002031 0.004219)
(0.003781 0.002031 0.004219)
(0.003844 0.002031 0.004219)
(0.003906 0.002031 0.004219)
(0.003969 0.002031 0.004219)
(0.002531 0.002094 0.004219)
(0.002594 0.002094 0.004219)
(0.002656 0.002094 0.004219)
(0.002719 0.002094 0.004219)
(0.002781 0.002094 0.004219)
(0.002844 0.002094 0.004219)
(0.002906 0.002094 0.004219)
(0.002969 0.002094 0.004219)
(0.003031 0.002094 0.004219)
(0.003094 0.002094 0.004219)
(0.003156 0.002094 0.004219)
(0.003219 0.002094 0.004219)
(0.003281 0.002094 0.004219)
(0.003344 0.002094 0.004219)
(0.003406 0.002094 0.004219)
(0.003469 0.002094 0.004219)
(0.003531 0.002094 0.004219)
(0.003594 0.002094 0.004219)
(0.003656 0.002094 0.004219)
(0.003719 0.002094 0.004219)
(0.003781 0.002094 0.004219)
(0.003844 0.002094 0.004219)
(0.003906 0.002094 0.004219)
(0.003969 0.002094 0.004219)
(0.002531 0.002156 0.004219)
(0.002594 0.002156 0.004219)
(0.002656 0.002156 0.004219)
(0.002719 0.002156 0.004219)
(0.002781 0.002156 0.004219)
(0.002844 0.002156 0.004219)
(0.002906 0.002156 0.004219)
(0.002969 0.002156 0.004219)
(0.003031 0.002156 0.004219)
(0.003094 0.002156 0.004219)
(0.003156 0.002156 0.004219)
(0.003219 0.002156 0.004219)
(0.003281 0.002156 0.004219)
(0.003344 0.002156 0.004219)
(0.003406 0.002156 0.004219)
(0.003469 0.002156 0.004219)
(0.003531 0.002156 0.004219)
(0.003594 0.002156 0.004219)
(0.003656 0.002156 0.004219)
(0.003719 0.002156 0.004219)
(0.003781 0.002156 0.004219)
(0.003844 0.002156 0.004219)
(0.003906 0.002156 0.004219)
(0.003969 0.002156 0.004219)
(0.002531 0.002219 0.004219)
(0.002594 0.002219 0.004219)
(0.002656 0.002219 0.004219)
(0.002719 0.002219 0.004219)
(0.002781 0.002219 0.004219)
(0.002844 0.002219 0.004219)
(0.002906 0.002219 0.004219)
(0.002969 0.002219 0.004219)
(0.003031 0.002219 0.004219)
(0.003094 0.002219 0.004219)
(0.003156 0.002219 0.004219)
(0.003219 0.002219 0.004219)
(0.003281 0.002219 0.004219)
(0.003344 0.002219 0.004219)
(0.003406 0.002219 0.004219)
(0.003469 0.002219 0.004219)
(0.003531 0.002219 0.004219)
(0.003594 0.002219 0.004219)
(0.003656 0.002219 0.004219)
(0.003719 0.002219 0.004219)
(0.003781 0.002219 0.004219)
(0.003844 0.002219 0.004219)
(0.003906 0.002219 0.004219)
(0.003969 0.002219 0.004219)
(0.002531 0.002281 0.004219)
(0.002594 0.002281 0.004219)
(0.002656 0.002281 0.004219)
(0.002719 0.002281 0.004219)
(0.002781 0.002281 0.004219)
(0.002844 0.002281 0.004219)
(0.002906 0.002281 0.004219)
(0.002969 0.002281 0.004219)
(0.003031 0.002281 0.004219)
(0.003094 0.002281 0.004219)
(0.003156 0.002281 0.004219)
(0.003219 0.002281 0.004219)
(0.003281 0.002281 0.004219)
(0.003344 0.002281 0.004219)
(0.003406 0.002281 0.004219)
(0.003469 0.002281 0.004219)
(0.003531 0.002281 0.004219)
(0.003594 0.002281 0.004219)
(0.003656 0.002281 0.004219)
(0.003719 0.002281 0.004219)
(0.003781 0.002281 0.004219)
(0.003844 0.002281 0.004219)
(0.003906 0.002281 0.004219)
(0.003969 0.002281 0.004219)
(0.002594 0.002344 0.004219)
(0.002656 0.002344 0.004219)
(0.002719 0.002344 0.004219)
(0.002781 0.002344 0.004219)
(0.002844 0.002344 0.004219)
(0.002906 0.002344 0.004219)
(0.002969 0.002344 0.004219)
(0.003031 0.002344 0.004219)
(0.003094 0.002344 0.004219)
(0.003156 0.002344 0.004219)
(0.003219 0.002344 0.004219)
(0.003281 0.002344 0.004219)
(0.003344 0.002344 0.004219)
(0.003406 0.002344 0.004219)
(0.003469 0.002344 0.004219)
(0.003531 0.002344 0.004219)
(0.003594 0.002344 0.004219)
(0.003656 0.002344 0.004219)
(0.003719 0.002344 0.004219)
(0.003781 0.002344 0.004219)
(0.003844 0.002344 0.004219)
(0.003906 0.002344 0.004219)
(0.003969 0.002344 0.004219)
(0.002531 0.001281 0.004281)
(0.002594 0.001281 0.004281)
(0.002656 0.001281 0.004281)
(0.002719 0.001281 0.004281)
(0.002781 0.001281 0.004281)
(0.002844 0.001281 0.004281)
(0.002906 0.001281 0.004281)
(0.002969 0.001281 0.004281)
(0.003031 0.001281 0.004281)
(0.003094 0.001281 0.004281)
(0.003156 0.001281 0.004281)
(0.003219 0.001281 0.004281)
(0.003281 0.001281 0.004281)
(0.003344 0.001281 0.004281)
(0.003406 0.001281 0.004281)
(0.003469 0.001281 0.004281)
(0.003531 0.001281 0.004281)
(0.003594 0.001281 0.004281)
(0.003656 0.001281 0.004281)
(0.003719 0.001281 0.004281)
(0.003781 0.001281 0.004281)
(0.003844 0.001281 0.004281)
(0.003906 0.001281 0.004281)
(0.003969 0.001281 0.004281)
(0.002531 0.001344 0.004281)
(0.002594 0.001344 0.004281)
(0.002656 0.001344 0.004281)
(0.002719 0.001344 0.004281)
(0.002781 0.001344 0.004281)
(0.002844 0.001344 0.004281)
(0.002906 0.001344 0.004281)
(0.002969 0.001344 0.004281)
(0.003031 0.001344 0.004281)
(0.003094 0.001344 0.004281)
(0.003156 0.001344 0.004281)
(0.003219 0.001344 0.004281)
(0.003281 0.001344 0.004281)
(0.003344 0.001344 0.004281)
(0.003406 0.001344 0.004281)
(0.003469 0.001344 0.004281)
(0.003531 0.001344 0.004281)
(0.003594 0.001344 0.004281)
(0.003656 0.001344 0.004281)
(0.003719 0.001344 0.004281)
(0.003781 0.001344 0.004281)
(0.003844 0.001344 0.004281)
(0.003906 0.001344 0.004281)
(0.003969 0.001344 0.004281)
(0.002531 0.001406 0.004281)
(0.002594 0.001406 0.004281)
(0.002656 0.001406 0.004281)
(0.002719 0.001406 0.004281)
(0.002781 0.001406 0.004281)
(0.002844 0.001406 0.004281)
(0.002906 0.001406 0.004281)
(0.002969 0.001406 0.004281)
(0.003031 0.001406 0.004281)
(0.003094 0.001406 0.004281)
(0.003156 0.001406 0.004281)
(0.003219 0.001406 0.004281)
(0.003281 0.001406 0.004281)
(0.003344 0.001406 0.004281)
(0.003406 0.001406 0.004281)
(0.003469 0.001406 0.004281)
(0.003531 0.001406 0.004281)
(0.003594 0.001406 0.004281)
(0.003656 0.001406 0.004281)
(0.003719 0.001406 0.004281)
(0.003781 0.001406 0.004281)
(0.003844 0.001406 0.004281)
(0.003906 0.001406 0.004281)
(0.003969 0.001406 0.004281)
(0.002531 0.001469 0.004281)
(0.002594 0.001469 0.004281)
(0.002656 0.001469 0.004281)
(0.002719 0.001469 0.004281)
(0.002781 0.001469 0.004281)
(0.002844 0.001469 0.004281)
(0.002906 0.001469 0.004281)
(0.002969 0.001469 0.004281)
(0.003031 0.001469 0.004281)
(0.003094 0.001469 0.004281)
(0.003156 0.001469 0.004281)
(0.003219 0.001469 0.004281)
(0.003281 0.001469 0.004281)
(0.003344 0.001469 0.004281)
(0.003406 0.001469 0.004281)
(0.003469 0.001469 0.004281)
(0.003531 0.001469 0.004281)
(0.003594 0.001469 0.004281)
(0.003656 0.001469 0.004281)
(0.003719 0.001469 0.004281)
(0.003781 0.001469 0.004281)
(0.003844 0.001469 0.004281)
(0.003906 0.001469 0.004281)
(0.003969 0.001469 0.004281)
(0.002531 0.001531 0.004281)
(0.002594 0.001531 0.004281)
(0.002656 0.001531 0.004281)
(0.002719 0.001531 0.004281)
(0.002781 0.001531 0.004281)
(0.002844 0.001531 0.004281)
(0.002906 0.001531 0.004281)
(0.002969 0.001531 0.004281)
(0.003031 0.001531 0.004281)
(0.003094 0.001531 0.004281)
(0.003156 0.001531 0.004281)
(0.003219 0.001531 0.004281)
(0.003281 0.001531 0.004281)
(0.003344 0.001531 0.004281)
(0.003406 0.001531 0.004281)
(0.003469 0.001531 0.004281)
(0.003531 0.001531 0.004281)
(0.003594 0.001531 0.004281)
(0.003656 0.001531 0.004281)
(0.003719 0.001531 0.004281)
(0.003781 0.001531 0.004281)
(0.003844 0.001531 0.004281)
(0.003906 0.001531 0.004281)
(0.003969 0.001531 0.004281)
(0.002531 0.001594 0.004281)
(0.002594 0.001594 0.004281)
(0.002656 0.001594 0.004281)
(0.002719 0.001594 0.004281)
(0.002781 0.001594 0.004281)
(0.002844 0.001594 0.004281)
(0.002906 0.001594 0.004281)
(0.002969 0.001594 0.004281)
(0.003031 0.001594 0.004281)
(0.003094 0.001594 0.004281)
(0.003156 0.001594 0.004281)
(0.003219 0.001594 0.004281)
(0.003281 0.001594 0.004281)
(0.003344 0.001594 0.004281)
(0.003406 0.001594 0.004281)
(0.003469 0.001594 0.004281)
(0.003531 0.001594 0.004281)
(0.003594 0.001594 0.004281)
(0.003656 0.001594 0.004281)
(0.003719 0.001594 0.004281)
(0.003781 0.001594 0.004281)
(0.003844 0.001594 0.004281)
(0.003906 0.001594 0.004281)
(0.003969 0.001594 0.004281)
(0.002531 0.001656 0.004281)
(0.002594 0.001656 0.004281)
(0.002656 0.001656 0.004281)
(0.002719 0.001656 0.004281)
(0.002781 0.001656 0.004281)
(0.002844 0.001656 0.004281)
(0.002906 0.001656 0.004281)
(0.002969 0.001656 0.004281)
(0.003031 0.001656 0.004281)
(0.003094 0.001656 0.004281)
(0.003156 0.001656 0.004281)
(0.003219 0.001656 0.004281)
(0.003281 0.001656 0.004281)
(0.003344 0.001656 0.004281)
(0.003406 0.001656 0.004281)
(0.003469 0.001656 0.004281)
(0.003531 0.001656 0.004281)
(0.003594 0.001656 0.004281)
(0.003656 0.001656 0.004281)
(0.003719 0.001656 0.004281)
(0.003781 0.001656 0.004281)
(0.003844 0.001656 0.004281)
(0.003906 0.001656 0.004281)
(0.003969 0.001656 0.004281)
(0.002531 0.001719 0.004281)
(0.002594 0.001719 0.004281)
(0.002656 0.001719 0.004281)
(0.002719 0.001719 0.004281)
(0.002781 0.001719 0.004281)
(0.002844 0.001719 0.004281)
(0.002906 0.001719 0.004281)
(0.002969 0.001719 0.004281)
(0.003031 0.001719 0.004281)
(0.003094 0.001719 0.004281)
(0.003156 0.001719 0.004281)
(0.003219 0.001719 0.004281)
(0.003281 0.001719 0.004281)
(0.003344 0.001719 0.004281)
(0.003406 0.001719 0.004281)
(0.003469 0.001719 0.004281)
(0.003531 0.001719 0.004281)
(0.003594 0.001719 0.004281)
(0.003656 0.001719 0.004281)
(0.003719 0.001719 0.004281)
(0.003781 0.001719 0.004281)
(0.003844 0.001719 0.004281)
(0.003906 0.001719 0.004281)
(0.003969 0.001719 0.004281)
(0.002531 0.001781 0.004281)
(0.002594 0.001781 0.004281)
(0.002656 0.001781 0.004281)
(0.002719 0.001781 0.004281)
(0.002781 0.001781 0.004281)
(0.002844 0.001781 0.004281)
(0.002906 0.001781 0.004281)
(0.002969 0.001781 0.004281)
(0.003031 0.001781 0.004281)
(0.003094 0.001781 0.004281)
(0.003156 0.001781 0.004281)
(0.003219 0.001781 0.004281)
(0.003281 0.001781 0.004281)
(0.003344 0.001781 0.004281)
(0.003406 0.001781 0.004281)
(0.003469 0.001781 0.004281)
(0.003531 0.001781 0.004281)
(0.003594 0.001781 0.004281)
(0.003656 0.001781 0.004281)
(0.003719 0.001781 0.004281)
(0.003781 0.001781 0.004281)
(0.003844 0.001781 0.004281)
(0.003906 0.001781 0.004281)
(0.003969 0.001781 0.004281)
(0.002531 0.001844 0.004281)
(0.002594 0.001844 0.004281)
(0.002656 0.001844 0.004281)
(0.002719 0.001844 0.004281)
(0.002781 0.001844 0.004281)
(0.002844 0.001844 0.004281)
(0.002906 0.001844 0.004281)
(0.002969 0.001844 0.004281)
(0.003031 0.001844 0.004281)
(0.003094 0.001844 0.004281)
(0.003156 0.001844 0.004281)
(0.003219 0.001844 0.004281)
(0.003281 0.001844 0.004281)
(0.003344 0.001844 0.004281)
(0.003406 0.001844 0.004281)
(0.003469 0.001844 0.004281)
(0.003531 0.001844 0.004281)
(0.003594 0.001844 0.004281)
(0.003656 0.001844 0.004281)
(0.003719 0.001844 0.004281)
(0.003781 0.001844 0.004281)
(0.003844 0.001844 0.004281)
(0.003906 0.001844 0.004281)
(0.003969 0.001844 0.004281)
(0.002531 0.001906 0.004281)
(0.002594 0.001906 0.004281)
(0.002656 0.001906 0.004281)
(0.002719 0.001906 0.004281)
(0.002781 0.001906 0.004281)
(0.002844 0.001906 0.004281)
(0.002906 0.001906 0.004281)
(0.002969 0.001906 0.004281)
(0.003031 0.001906 0.004281)
(0.003094 0.001906 0.004281)
(0.003156 0.001906 0.004281)
(0.003219 0.001906 0.004281)
(0.003281 0.001906 0.004281)
(0.003344 0.001906 0.004281)
(0.003406 0.001906 0.004281)
(0.003469 0.001906 0.004281)
(0.003531 0.001906 0.004281)
(0.003594 0.001906 0.004281)
(0.003656 0.001906 0.004281)
(0.003719 0.001906 0.004281)
(0.003781 0.001906 0.004281)
(0.003844 0.001906 0.004281)
(0.003906 0.001906 0.004281)
(0.003969 0.001906 0.004281)
(0.002531 0.001969 0.004281)
(0.002594 0.001969 0.004281)
(0.002656 0.001969 0.004281)
(0.002719 0.001969 0.004281)
(0.002781 0.001969 0.004281)
(0.002844 0.001969 0.004281)
(0.002906 0.001969 0.004281)
(0.002969 0.001969 0.004281)
(0.003031 0.001969 0.004281)
(0.003094 0.001969 0.004281)
(0.003156 0.001969 0.004281)
(0.003219 0.001969 0.004281)
(0.003281 0.001969 0.004281)
(0.003344 0.001969 0.004281)
(0.003406 0.001969 0.004281)
(0.003469 0.001969 0.004281)
(0.003531 0.001969 0.004281)
(0.003594 0.001969 0.004281)
(0.003656 0.001969 0.004281)
(0.003719 0.001969 0.004281)
(0.003781 0.001969 0.004281)
(0.003844 0.001969 0.004281)
(0.003906 0.001969 0.004281)
(0.003969 0.001969 0.004281)
(0.002531 0.002031 0.004281)
(0.002594 0.002031 0.004281)
(0.002656 0.002031 0.004281)
(0.002719 0.002031 0.004281)
(0.002781 0.002031 0.004281)
(0.002844 0.002031 0.004281)
(0.002906 0.002031 0.004281)
(0.002969 0.002031 0.004281)
(0.003031 0.002031 0.004281)
(0.003094 0.002031 0.004281)
(0.003156 0.002031 0.004281)
(0.003219 0.002031 0.004281)
(0.003281 0.002031 0.004281)
(0.003344 0.002031 0.004281)
(0.003406 0.002031 0.004281)
(0.003469 0.002031 0.004281)
(0.003531 0.002031 0.004281)
(0.003594 0.002031 0.004281)
(0.003656 0.002031 0.004281)
(0.003719 0.002031 0.004281)
(0.003781 0.002031 0.004281)
(0.003844 0.002031 0.004281)
(0.003906 0.002031 0.004281)
(0.003969 0.002031 0.004281)
(0.002531 0.002094 0.004281)
(0.002594 0.002094 0.004281)
(0.002656 0.002094 0.004281)
(0.002719 0.002094 0.004281)
(0.002781 0.002094 0.004281)
(0.002844 0.002094 0.004281)
(0.002906 0.002094 0.004281)
(0.002969 0.002094 0.004281)
(0.003031 0.002094 0.004281)
(0.003094 0.002094 0.004281)
(0.003156 0.002094 0.004281)
(0.003219 0.002094 0.004281)
(0.003281 0.002094 0.004281)
(0.003344 0.002094 0.004281)
(0.003406 0.002094 0.004281)
(0.003469 0.002094 0.004281)
(0.003531 0.002094 0.004281)
(0.003594 0.002094 0.004281)
(0.003656 0.002094 0.004281)
(0.003719 0.002094 0.004281)
(0.003781 0.002094 0.004281)
(0.003844 0.002094 0.004281)
(0.003906 0.002094 0.004281)
(0.003969 0.002094 0.004281)
(0.002531 0.002156 0.004281)
(0.002594 0.002156 0.004281)
(0.002656 0.002156 0.004281)
(0.002719 0.002156 0.004281)
(0.002781 0.002156 0.004281)
(0.002844 0.002156 0.004281)
(0.002906 0.002156 0.004281)
(0.002969 0.002156 0.004281)
(0.003031 0.002156 0.004281)
(0.003094 0.002156 0.004281)
(0.003156 0.002156 0.004281)
(0.003219 0.002156 0.004281)
(0.003281 0.002156 0.004281)
(0.003344 0.002156 0.004281)
(0.003406 0.002156 0.004281)
(0.003469 0.002156 0.004281)
(0.003531 0.002156 0.004281)
(0.003594 0.002156 0.004281)
(0.003656 0.002156 0.004281)
(0.003719 0.002156 0.004281)
(0.003781 0.002156 0.004281)
(0.003844 0.002156 0.004281)
(0.003906 0.002156 0.004281)
(0.003969 0.002156 0.004281)
(0.002531 0.002219 0.004281)
(0.002594 0.002219 0.004281)
(0.002656 0.002219 0.004281)
(0.002719 0.002219 0.004281)
(0.002781 0.002219 0.004281)
(0.002844 0.002219 0.004281)
(0.002906 0.002219 0.004281)
(0.002969 0.002219 0.004281)
(0.003031 0.002219 0.004281)
(0.003094 0.002219 0.004281)
(0.003156 0.002219 0.004281)
(0.003219 0.002219 0.004281)
(0.003281 0.002219 0.004281)
(0.003344 0.002219 0.004281)
(0.003406 0.002219 0.004281)
(0.003469 0.002219 0.004281)
(0.003531 0.002219 0.004281)
(0.003594 0.002219 0.004281)
(0.003656 0.002219 0.004281)
(0.003719 0.002219 0.004281)
(0.003781 0.002219 0.004281)
(0.003844 0.002219 0.004281)
(0.003906 0.002219 0.004281)
(0.003969 0.002219 0.004281)
(0.002531 0.002281 0.004281)
(0.002594 0.002281 0.004281)
(0.002656 0.002281 0.004281)
(0.002719 0.002281 0.004281)
(0.002781 0.002281 0.004281)
(0.002844 0.002281 0.004281)
(0.002906 0.002281 0.004281)
(0.002969 0.002281 0.004281)
(0.003031 0.002281 0.004281)
(0.003094 0.002281 0.004281)
(0.003156 0.002281 0.004281)
(0.003219 0.002281 0.004281)
(0.003281 0.002281 0.004281)
(0.003344 0.002281 0.004281)
(0.003406 0.002281 0.004281)
(0.003469 0.002281 0.004281)
(0.003531 0.002281 0.004281)
(0.003594 0.002281 0.004281)
(0.003656 0.002281 0.004281)
(0.003719 0.002281 0.004281)
(0.003781 0.002281 0.004281)
(0.003844 0.002281 0.004281)
(0.003906 0.002281 0.004281)
(0.003969 0.002281 0.004281)
(0.002531 0.002344 0.004281)
(0.002594 0.002344 0.004281)
(0.002656 0.002344 0.004281)
(0.002719 0.002344 0.004281)
(0.002781 0.002344 0.004281)
(0.002844 0.002344 0.004281)
(0.002906 0.002344 0.004281)
(0.002969 0.002344 0.004281)
(0.003031 0.002344 0.004281)
(0.003094 0.002344 0.004281)
(0.003156 0.002344 0.004281)
(0.003219 0.002344 0.004281)
(0.003281 0.002344 0.004281)
(0.003344 0.002344 0.004281)
(0.003406 0.002344 0.004281)
(0.003469 0.002344 0.004281)
(0.003531 0.002344 0.004281)
(0.003594 0.002344 0.004281)
(0.003656 0.002344 0.004281)
(0.003719 0.002344 0.004281)
(0.003781 0.002344 0.004281)
(0.003844 0.002344 0.004281)
(0.003906 0.002344 0.004281)
(0.003969 0.002344 0.004281)
(0.002531 0.001281 0.004344)
(0.002594 0.001281 0.004344)
(0.002656 0.001281 0.004344)
(0.002719 0.001281 0.004344)
(0.002781 0.001281 0.004344)
(0.002844 0.001281 0.004344)
(0.002906 0.001281 0.004344)
(0.002969 0.001281 0.004344)
(0.003031 0.001281 0.004344)
(0.003094 0.001281 0.004344)
(0.003156 0.001281 0.004344)
(0.003219 0.001281 0.004344)
(0.003281 0.001281 0.004344)
(0.003344 0.001281 0.004344)
(0.003406 0.001281 0.004344)
(0.003469 0.001281 0.004344)
(0.003531 0.001281 0.004344)
(0.003594 0.001281 0.004344)
(0.003656 0.001281 0.004344)
(0.003719 0.001281 0.004344)
(0.003781 0.001281 0.004344)
(0.003844 0.001281 0.004344)
(0.003906 0.001281 0.004344)
(0.003969 0.001281 0.004344)
(0.002531 0.001344 0.004344)
(0.002594 0.001344 0.004344)
(0.002656 0.001344 0.004344)
(0.002719 0.001344 0.004344)
(0.002781 0.001344 0.004344)
(0.002844 0.001344 0.004344)
(0.002906 0.001344 0.004344)
(0.002969 0.001344 0.004344)
(0.003031 0.001344 0.004344)
(0.003094 0.001344 0.004344)
(0.003156 0.001344 0.004344)
(0.003219 0.001344 0.004344)
(0.003281 0.001344 0.004344)
(0.003344 0.001344 0.004344)
(0.003406 0.001344 0.004344)
(0.003469 0.001344 0.004344)
(0.003531 0.001344 0.004344)
(0.003594 0.001344 0.004344)
(0.003656 0.001344 0.004344)
(0.003719 0.001344 0.004344)
(0.003781 0.001344 0.004344)
(0.003844 0.001344 0.004344)
(0.003906 0.001344 0.004344)
(0.003969 0.001344 0.004344)
(0.002531 0.001406 0.004344)
(0.002594 0.001406 0.004344)
(0.002656 0.001406 0.004344)
(0.002719 0.001406 0.004344)
(0.002781 0.001406 0.004344)
(0.002844 0.001406 0.004344)
(0.002906 0.001406 0.004344)
(0.002969 0.001406 0.004344)
(0.003031 0.001406 0.004344)
(0.003094 0.001406 0.004344)
(0.003156 0.001406 0.004344)
(0.003219 0.001406 0.004344)
(0.003281 0.001406 0.004344)
(0.003344 0.001406 0.004344)
(0.003406 0.001406 0.004344)
(0.003469 0.001406 0.004344)
(0.003531 0.001406 0.004344)
(0.003594 0.001406 0.004344)
(0.003656 0.001406 0.004344)
(0.003719 0.001406 0.004344)
(0.003781 0.001406 0.004344)
(0.003844 0.001406 0.004344)
(0.003906 0.001406 0.004344)
(0.003969 0.001406 0.004344)
(0.002531 0.001469 0.004344)
(0.002594 0.001469 0.004344)
(0.002656 0.001469 0.004344)
(0.002719 0.001469 0.004344)
(0.002781 0.001469 0.004344)
(0.002844 0.001469 0.004344)
(0.002906 0.001469 0.004344)
(0.002969 0.001469 0.004344)
(0.003031 0.001469 0.004344)
(0.003094 0.001469 0.004344)
(0.003156 0.001469 0.004344)
(0.003219 0.001469 0.004344)
(0.003281 0.001469 0.004344)
(0.003344 0.001469 0.004344)
(0.003406 0.001469 0.004344)
(0.003469 0.001469 0.004344)
(0.003531 0.001469 0.004344)
(0.003594 0.001469 0.004344)
(0.003656 0.001469 0.004344)
(0.003719 0.001469 0.004344)
(0.003781 0.001469 0.004344)
(0.003844 0.001469 0.004344)
(0.003906 0.001469 0.004344)
(0.003969 0.001469 0.004344)
(0.002531 0.001531 0.004344)
(0.002594 0.001531 0.004344)
(0.002656 0.001531 0.004344)
(0.002719 0.001531 0.004344)
(0.002781 0.001531 0.004344)
(0.002844 0.001531 0.004344)
(0.002906 0.001531 0.004344)
(0.002969 0.001531 0.004344)
(0.003031 0.001531 0.004344)
(0.003094 0.001531 0.004344)
(0.003156 0.001531 0.004344)
(0.003219 0.001531 0.004344)
(0.003281 0.001531 0.004344)
(0.003344 0.001531 0.004344)
(0.003406 0.001531 0.004344)
(0.003469 0.001531 0.004344)
(0.003531 0.001531 0.004344)
(0.003594 0.001531 0.004344)
(0.003656 0.001531 0.004344)
(0.003719 0.001531 0.004344)
(0.003781 0.001531 0.004344)
(0.003844 0.001531 0.004344)
(0.003906 0.001531 0.004344)
(0.003969 0.001531 0.004344)
(0.002531 0.001594 0.004344)
(0.002594 0.001594 0.004344)
(0.002656 0.001594 0.004344)
(0.002719 0.001594 0.004344)
(0.002781 0.001594 0.004344)
(0.002844 0.001594 0.004344)
(0.002906 0.001594 0.004344)
(0.002969 0.001594 0.004344)
(0.003031 0.001594 0.004344)
(0.003094 0.001594 0.004344)
(0.003156 0.001594 0.004344)
(0.003219 0.001594 0.004344)
(0.003281 0.001594 0.004344)
(0.003344 0.001594 0.004344)
(0.003406 0.001594 0.004344)
(0.003469 0.001594 0.004344)
(0.003531 0.001594 0.004344)
(0.003594 0.001594 0.004344)
(0.003656 0.001594 0.004344)
(0.003719 0.001594 0.004344)
(0.003781 0.001594 0.004344)
(0.003844 0.001594 0.004344)
(0.003906 0.001594 0.004344)
(0.003969 0.001594 0.004344)
(0.002531 0.001656 0.004344)
(0.002594 0.001656 0.004344)
(0.002656 0.001656 0.004344)
(0.002719 0.001656 0.004344)
(0.002781 0.001656 0.004344)
(0.002844 0.001656 0.004344)
(0.002906 0.001656 0.004344)
(0.002969 0.001656 0.004344)
(0.003031 0.001656 0.004344)
(0.003094 0.001656 0.004344)
(0.003156 0.001656 0.004344)
(0.003219 0.001656 0.004344)
(0.003281 0.001656 0.004344)
(0.003344 0.001656 0.004344)
(0.003406 0.001656 0.004344)
(0.003469 0.001656 0.004344)
(0.003531 0.001656 0.004344)
(0.003594 0.001656 0.004344)
(0.003656 0.001656 0.004344)
(0.003719 0.001656 0.004344)
(0.003781 0.001656 0.004344)
(0.003844 0.001656 0.004344)
(0.003906 0.001656 0.004344)
(0.003969 0.001656 0.004344)
(0.002531 0.001719 0.004344)
(0.002594 0.001719 0.004344)
(0.002656 0.001719 0.004344)
(0.002719 0.001719 0.004344)
(0.002781 0.001719 0.004344)
(0.002844 0.001719 0.004344)
(0.002906 0.001719 0.004344)
(0.002969 0.001719 0.004344)
(0.003031 0.001719 0.004344)
(0.003094 0.001719 0.004344)
(0.003156 0.001719 0.004344)
(0.003219 0.001719 0.004344)
(0.003281 0.001719 0.004344)
(0.003344 0.001719 0.004344)
(0.003406 0.001719 0.004344)
(0.003469 0.001719 0.004344)
(0.003531 0.001719 0.004344)
(0.003594 0.001719 0.004344)
(0.003656 0.001719 0.004344)
(0.003719 0.001719 0.004344)
(0.003781 0.001719 0.004344)
(0.003844 0.001719 0.004344)
(0.003906 0.001719 0.004344)
(0.003969 0.001719 0.004344)
(0.002531 0.001781 0.004344)
(0.002594 0.001781 0.004344)
(0.002656 0.001781 0.004344)
(0.002719 0.001781 0.004344)
(0.002781 0.001781 0.004344)
(0.002844 0.001781 0.004344)
(0.002906 0.001781 0.004344)
(0.002969 0.001781 0.004344)
(0.003031 0.001781 0.004344)
(0.003094 0.001781 0.004344)
(0.003156 0.001781 0.004344)
(0.003219 0.001781 0.004344)
(0.003281 0.001781 0.004344)
(0.003344 0.001781 0.004344)
(0.003406 0.001781 0.004344)
(0.003469 0.001781 0.004344)
(0.003531 0.001781 0.004344)
(0.003594 0.001781 0.004344)
(0.003656 0.001781 0.004344)
(0.003719 0.001781 0.004344)
(0.003781 0.001781 0.004344)
(0.003844 0.001781 0.004344)
(0.003906 0.001781 0.004344)
(0.003969 0.001781 0.004344)
(0.002531 0.001844 0.004344)
(0.002594 0.001844 0.004344)
(0.002656 0.001844 0.004344)
(0.002719 0.001844 0.004344)
(0.002781 0.001844 0.004344)
(0.002844 0.001844 0.004344)
(0.002906 0.001844 0.004344)
(0.002969 0.001844 0.004344)
(0.003031 0.001844 0.004344)
(0.003094 0.001844 0.004344)
(0.003156 0.001844 0.004344)
(0.003219 0.001844 0.004344)
(0.003281 0.001844 0.004344)
(0.003344 0.001844 0.004344)
(0.003406 0.001844 0.004344)
(0.003469 0.001844 0.004344)
(0.003531 0.001844 0.004344)
(0.003594 0.001844 0.004344)
(0.003656 0.001844 0.004344)
(0.003719 0.001844 0.004344)
(0.003781 0.001844 0.004344)
(0.003844 0.001844 0.004344)
(0.003906 0.001844 0.004344)
(0.003969 0.001844 0.004344)
(0.002531 0.001906 0.004344)
(0.002594 0.001906 0.004344)
(0.002656 0.001906 0.004344)
(0.002719 0.001906 0.004344)
(0.002781 0.001906 0.004344)
(0.002844 0.001906 0.004344)
(0.002906 0.001906 0.004344)
(0.002969 0.001906 0.004344)
(0.003031 0.001906 0.004344)
(0.003094 0.001906 0.004344)
(0.003156 0.001906 0.004344)
(0.003219 0.001906 0.004344)
(0.003281 0.001906 0.004344)
(0.003344 0.001906 0.004344)
(0.003406 0.001906 0.004344)
(0.003469 0.001906 0.004344)
(0.003531 0.001906 0.004344)
(0.003594 0.001906 0.004344)
(0.003656 0.001906 0.004344)
(0.003719 0.001906 0.004344)
(0.003781 0.001906 0.004344)
(0.003844 0.001906 0.004344)
(0.003906 0.001906 0.004344)
(0.003969 0.001906 0.004344)
(0.002531 0.001969 0.004344)
(0.002594 0.001969 0.004344)
(0.002656 0.001969 0.004344)
(0.002719 0.001969 0.004344)
(0.002781 0.001969 0.004344)
(0.002844 0.001969 0.004344)
(0.002906 0.001969 0.004344)
(0.002969 0.001969 0.004344)
(0.003031 0.001969 0.004344)
(0.003094 0.001969 0.004344)
(0.003156 0.001969 0.004344)
(0.003219 0.001969 0.004344)
(0.003281 0.001969 0.004344)
(0.003344 0.001969 0.004344)
(0.003406 0.001969 0.004344)
(0.003469 0.001969 0.004344)
(0.003531 0.001969 0.004344)
(0.003594 0.001969 0.004344)
(0.003656 0.001969 0.004344)
(0.003719 0.001969 0.004344)
(0.003781 0.001969 0.004344)
(0.003844 0.001969 0.004344)
(0.003906 0.001969 0.004344)
(0.003969 0.001969 0.004344)
(0.002531 0.002031 0.004344)
(0.002594 0.002031 0.004344)
(0.002656 0.002031 0.004344)
(0.002719 0.002031 0.004344)
(0.002781 0.002031 0.004344)
(0.002844 0.002031 0.004344)
(0.002906 0.002031 0.004344)
(0.002969 0.002031 0.004344)
(0.003031 0.002031 0.004344)
(0.003094 0.002031 0.004344)
(0.003156 0.002031 0.004344)
(0.003219 0.002031 0.004344)
(0.003281 0.002031 0.004344)
(0.003344 0.002031 0.004344)
(0.003406 0.002031 0.004344)
(0.003469 0.002031 0.004344)
(0.003531 0.002031 0.004344)
(0.003594 0.002031 0.004344)
(0.003656 0.002031 0.004344)
(0.003719 0.002031 0.004344)
(0.003781 0.002031 0.004344)
(0.003844 0.002031 0.004344)
(0.003906 0.002031 0.004344)
(0.003969 0.002031 0.004344)
(0.002531 0.002094 0.004344)
(0.002594 0.002094 0.004344)
(0.002656 0.002094 0.004344)
(0.002719 0.002094 0.004344)
(0.002781 0.002094 0.004344)
(0.002844 0.002094 0.004344)
(0.002906 0.002094 0.004344)
(0.002969 0.002094 0.004344)
(0.003031 0.002094 0.004344)
(0.003094 0.002094 0.004344)
(0.003156 0.002094 0.004344)
(0.003219 0.002094 0.004344)
(0.003281 0.002094 0.004344)
(0.003344 0.002094 0.004344)
(0.003406 0.002094 0.004344)
(0.003469 0.002094 0.004344)
(0.003531 0.002094 0.004344)
(0.003594 0.002094 0.004344)
(0.003656 0.002094 0.004344)
(0.003719 0.002094 0.004344)
(0.003781 0.002094 0.004344)
(0.003844 0.002094 0.004344)
(0.003906 0.002094 0.004344)
(0.003969 0.002094 0.004344)
(0.002531 0.002156 0.004344)
(0.002594 0.002156 0.004344)
(0.002656 0.002156 0.004344)
(0.002719 0.002156 0.004344)
(0.002781 0.002156 0.004344)
(0.002844 0.002156 0.004344)
(0.002906 0.002156 0.004344)
(0.002969 0.002156 0.004344)
(0.003031 0.002156 0.004344)
(0.003094 0.002156 0.004344)
(0.003156 0.002156 0.004344)
(0.003219 0.002156 0.004344)
(0.003281 0.002156 0.004344)
(0.003344 0.002156 0.004344)
(0.003406 0.002156 0.004344)
(0.003469 0.002156 0.004344)
(0.003531 0.002156 0.004344)
(0.003594 0.002156 0.004344)
(0.003656 0.002156 0.004344)
(0.003719 0.002156 0.004344)
(0.003781 0.002156 0.004344)
(0.003844 0.002156 0.004344)
(0.003906 0.002156 0.004344)
(0.003969 0.002156 0.004344)
(0.002531 0.002219 0.004344)
(0.002594 0.002219 0.004344)
(0.002656 0.002219 0.004344)
(0.002719 0.002219 0.004344)
(0.002781 0.002219 0.004344)
(0.002844 0.002219 0.004344)
(0.002906 0.002219 0.004344)
(0.002969 0.002219 0.004344)
(0.003031 0.002219 0.004344)
(0.003094 0.002219 0.004344)
(0.003156 0.002219 0.004344)
(0.003219 0.002219 0.004344)
(0.003281 0.002219 0.004344)
(0.003344 0.002219 0.004344)
(0.003406 0.002219 0.004344)
(0.003469 0.002219 0.004344)
(0.003531 0.002219 0.004344)
(0.003594 0.002219 0.004344)
(0.003656 0.002219 0.004344)
(0.003719 0.002219 0.004344)
(0.003781 0.002219 0.004344)
(0.003844 0.002219 0.004344)
(0.003906 0.002219 0.004344)
(0.003969 0.002219 0.004344)
(0.002531 0.002281 0.004344)
(0.002594 0.002281 0.004344)
(0.002656 0.002281 0.004344)
(0.002719 0.002281 0.004344)
(0.002781 0.002281 0.004344)
(0.002844 0.002281 0.004344)
(0.002906 0.002281 0.004344)
(0.002969 0.002281 0.004344)
(0.003031 0.002281 0.004344)
(0.003094 0.002281 0.004344)
(0.003156 0.002281 0.004344)
(0.003219 0.002281 0.004344)
(0.003281 0.002281 0.004344)
(0.003344 0.002281 0.004344)
(0.003406 0.002281 0.004344)
(0.003469 0.002281 0.004344)
(0.003531 0.002281 0.004344)
(0.003594 0.002281 0.004344)
(0.003656 0.002281 0.004344)
(0.003719 0.002281 0.004344)
(0.003781 0.002281 0.004344)
(0.003844 0.002281 0.004344)
(0.003906 0.002281 0.004344)
(0.003969 0.002281 0.004344)
(0.002531 0.002344 0.004344)
(0.002594 0.002344 0.004344)
(0.002656 0.002344 0.004344)
(0.002719 0.002344 0.004344)
(0.002781 0.002344 0.004344)
(0.002844 0.002344 0.004344)
(0.002906 0.002344 0.004344)
(0.002969 0.002344 0.004344)
(0.003031 0.002344 0.004344)
(0.003094 0.002344 0.004344)
(0.003156 0.002344 0.004344)
(0.003219 0.002344 0.004344)
(0.003281 0.002344 0.004344)
(0.003344 0.002344 0.004344)
(0.003406 0.002344 0.004344)
(0.003469 0.002344 0.004344)
(0.003531 0.002344 0.004344)
(0.003594 0.002344 0.004344)
(0.003656 0.002344 0.004344)
(0.003719 0.002344 0.004344)
(0.003781 0.002344 0.004344)
(0.003844 0.002344 0.004344)
(0.003906 0.002344 0.004344)
(0.003969 0.002344 0.004344)
(0.002531 0.001281 0.004406)
(0.002594 0.001281 0.004406)
(0.002656 0.001281 0.004406)
(0.002719 0.001281 0.004406)
(0.002781 0.001281 0.004406)
(0.002844 0.001281 0.004406)
(0.002906 0.001281 0.004406)
(0.002969 0.001281 0.004406)
(0.003031 0.001281 0.004406)
(0.003094 0.001281 0.004406)
(0.003156 0.001281 0.004406)
(0.003219 0.001281 0.004406)
(0.003281 0.001281 0.004406)
(0.003344 0.001281 0.004406)
(0.003406 0.001281 0.004406)
(0.003469 0.001281 0.004406)
(0.003531 0.001281 0.004406)
(0.003594 0.001281 0.004406)
(0.003656 0.001281 0.004406)
(0.003719 0.001281 0.004406)
(0.003781 0.001281 0.004406)
(0.003844 0.001281 0.004406)
(0.003906 0.001281 0.004406)
(0.003969 0.001281 0.004406)
(0.002531 0.001344 0.004406)
(0.002594 0.001344 0.004406)
(0.002656 0.001344 0.004406)
(0.002719 0.001344 0.004406)
(0.002781 0.001344 0.004406)
(0.002844 0.001344 0.004406)
(0.002906 0.001344 0.004406)
(0.002969 0.001344 0.004406)
(0.003031 0.001344 0.004406)
(0.003094 0.001344 0.004406)
(0.003156 0.001344 0.004406)
(0.003219 0.001344 0.004406)
(0.003281 0.001344 0.004406)
(0.003344 0.001344 0.004406)
(0.003406 0.001344 0.004406)
(0.003469 0.001344 0.004406)
(0.003531 0.001344 0.004406)
(0.003594 0.001344 0.004406)
(0.003656 0.001344 0.004406)
(0.003719 0.001344 0.004406)
(0.003781 0.001344 0.004406)
(0.003844 0.001344 0.004406)
(0.003906 0.001344 0.004406)
(0.003969 0.001344 0.004406)
(0.002531 0.001406 0.004406)
(0.002594 0.001406 0.004406)
(0.002656 0.001406 0.004406)
(0.002719 0.001406 0.004406)
(0.002781 0.001406 0.004406)
(0.002844 0.001406 0.004406)
(0.002906 0.001406 0.004406)
(0.002969 0.001406 0.004406)
(0.003031 0.001406 0.004406)
(0.003094 0.001406 0.004406)
(0.003156 0.001406 0.004406)
(0.003219 0.001406 0.004406)
(0.003281 0.001406 0.004406)
(0.003344 0.001406 0.004406)
(0.003406 0.001406 0.004406)
(0.003469 0.001406 0.004406)
(0.003531 0.001406 0.004406)
(0.003594 0.001406 0.004406)
(0.003656 0.001406 0.004406)
(0.003719 0.001406 0.004406)
(0.003781 0.001406 0.004406)
(0.003844 0.001406 0.004406)
(0.003906 0.001406 0.004406)
(0.003969 0.001406 0.004406)
(0.002531 0.001469 0.004406)
(0.002594 0.001469 0.004406)
(0.002656 0.001469 0.004406)
(0.002719 0.001469 0.004406)
(0.002781 0.001469 0.004406)
(0.002844 0.001469 0.004406)
(0.002906 0.001469 0.004406)
(0.002969 0.001469 0.004406)
(0.003031 0.001469 0.004406)
(0.003094 0.001469 0.004406)
(0.003156 0.001469 0.004406)
(0.003219 0.001469 0.004406)
(0.003281 0.001469 0.004406)
(0.003344 0.001469 0.004406)
(0.003406 0.001469 0.004406)
(0.003469 0.001469 0.004406)
(0.003531 0.001469 0.004406)
(0.003594 0.001469 0.004406)
(0.003656 0.001469 0.004406)
(0.003719 0.001469 0.004406)
(0.003781 0.001469 0.004406)
(0.003844 0.001469 0.004406)
(0.003906 0.001469 0.004406)
(0.003969 0.001469 0.004406)
(0.002531 0.001531 0.004406)
(0.002594 0.001531 0.004406)
(0.002656 0.001531 0.004406)
(0.002719 0.001531 0.004406)
(0.002781 0.001531 0.004406)
(0.002844 0.001531 0.004406)
(0.002906 0.001531 0.004406)
(0.002969 0.001531 0.004406)
(0.003031 0.001531 0.004406)
(0.003094 0.001531 0.004406)
(0.003156 0.001531 0.004406)
(0.003219 0.001531 0.004406)
(0.003281 0.001531 0.004406)
(0.003344 0.001531 0.004406)
(0.003406 0.001531 0.004406)
(0.003469 0.001531 0.004406)
(0.003531 0.001531 0.004406)
(0.003594 0.001531 0.004406)
(0.003656 0.001531 0.004406)
(0.003719 0.001531 0.004406)
(0.003781 0.001531 0.004406)
(0.003844 0.001531 0.004406)
(0.003906 0.001531 0.004406)
(0.003969 0.001531 0.004406)
(0.002531 0.001594 0.004406)
(0.002594 0.001594 0.004406)
(0.002656 0.001594 0.004406)
(0.002719 0.001594 0.004406)
(0.002781 0.001594 0.004406)
(0.002844 0.001594 0.004406)
(0.002906 0.001594 0.004406)
(0.002969 0.001594 0.004406)
(0.003031 0.001594 0.004406)
(0.003094 0.001594 0.004406)
(0.003156 0.001594 0.004406)
(0.003219 0.001594 0.004406)
(0.003281 0.001594 0.004406)
(0.003344 0.001594 0.004406)
(0.003406 0.001594 0.004406)
(0.003469 0.001594 0.004406)
(0.003531 0.001594 0.004406)
(0.003594 0.001594 0.004406)
(0.003656 0.001594 0.004406)
(0.003719 0.001594 0.004406)
(0.003781 0.001594 0.004406)
(0.003844 0.001594 0.004406)
(0.003906 0.001594 0.004406)
(0.003969 0.001594 0.004406)
(0.002531 0.001656 0.004406)
(0.002594 0.001656 0.004406)
(0.002656 0.001656 0.004406)
(0.002719 0.001656 0.004406)
(0.002781 0.001656 0.004406)
(0.002844 0.001656 0.004406)
(0.002906 0.001656 0.004406)
(0.002969 0.001656 0.004406)
(0.003031 0.001656 0.004406)
(0.003094 0.001656 0.004406)
(0.003156 0.001656 0.004406)
(0.003219 0.001656 0.004406)
(0.003281 0.001656 0.004406)
(0.003344 0.001656 0.004406)
(0.003406 0.001656 0.004406)
(0.003469 0.001656 0.004406)
(0.003531 0.001656 0.004406)
(0.003594 0.001656 0.004406)
(0.003656 0.001656 0.004406)
(0.003719 0.001656 0.004406)
(0.003781 0.001656 0.004406)
(0.003844 0.001656 0.004406)
(0.003906 0.001656 0.004406)
(0.003969 0.001656 0.004406)
(0.002531 0.001719 0.004406)
(0.002594 0.001719 0.004406)
(0.002656 0.001719 0.004406)
(0.002719 0.001719 0.004406)
(0.002781 0.001719 0.004406)
(0.002844 0.001719 0.004406)
(0.002906 0.001719 0.004406)
(0.002969 0.001719 0.004406)
(0.003031 0.001719 0.004406)
(0.003094 0.001719 0.004406)
(0.003156 0.001719 0.004406)
(0.003219 0.001719 0.004406)
(0.003281 0.001719 0.004406)
(0.003344 0.001719 0.004406)
(0.003406 0.001719 0.004406)
(0.003469 0.001719 0.004406)
(0.003531 0.001719 0.004406)
(0.003594 0.001719 0.004406)
(0.003656 0.001719 0.004406)
(0.003719 0.001719 0.004406)
(0.003781 0.001719 0.004406)
(0.003844 0.001719 0.004406)
(0.003906 0.001719 0.004406)
(0.003969 0.001719 0.004406)
(0.002531 0.001781 0.004406)
(0.002594 0.001781 0.004406)
(0.002656 0.001781 0.004406)
(0.002719 0.001781 0.004406)
(0.002781 0.001781 0.004406)
(0.002844 0.001781 0.004406)
(0.002906 0.001781 0.004406)
(0.002969 0.001781 0.004406)
(0.003031 0.001781 0.004406)
(0.003094 0.001781 0.004406)
(0.003156 0.001781 0.004406)
(0.003219 0.001781 0.004406)
(0.003281 0.001781 0.004406)
(0.003344 0.001781 0.004406)
(0.003406 0.001781 0.004406)
(0.003469 0.001781 0.004406)
(0.003531 0.001781 0.004406)
(0.003594 0.001781 0.004406)
(0.003656 0.001781 0.004406)
(0.003719 0.001781 0.004406)
(0.003781 0.001781 0.004406)
(0.003844 0.001781 0.004406)
(0.003906 0.001781 0.004406)
(0.003969 0.001781 0.004406)
(0.002531 0.001844 0.004406)
(0.002594 0.001844 0.004406)
(0.002656 0.001844 0.004406)
(0.002719 0.001844 0.004406)
(0.002781 0.001844 0.004406)
(0.002844 0.001844 0.004406)
(0.002906 0.001844 0.004406)
(0.002969 0.001844 0.004406)
(0.003031 0.001844 0.004406)
(0.003094 0.001844 0.004406)
(0.003156 0.001844 0.004406)
(0.003219 0.001844 0.004406)
(0.003281 0.001844 0.004406)
(0.003344 0.001844 0.004406)
(0.003406 0.001844 0.004406)
(0.003469 0.001844 0.004406)
(0.003531 0.001844 0.004406)
(0.003594 0.001844 0.004406)
(0.003656 0.001844 0.004406)
(0.003719 0.001844 0.004406)
(0.003781 0.001844 0.004406)
(0.003844 0.001844 0.004406)
(0.003906 0.001844 0.004406)
(0.003969 0.001844 0.004406)
(0.002531 0.001906 0.004406)
(0.002594 0.001906 0.004406)
(0.002656 0.001906 0.004406)
(0.002719 0.001906 0.004406)
(0.002781 0.001906 0.004406)
(0.002844 0.001906 0.004406)
(0.002906 0.001906 0.004406)
(0.002969 0.001906 0.004406)
(0.003031 0.001906 0.004406)
(0.003094 0.001906 0.004406)
(0.003156 0.001906 0.004406)
(0.003219 0.001906 0.004406)
(0.003281 0.001906 0.004406)
(0.003344 0.001906 0.004406)
(0.003406 0.001906 0.004406)
(0.003469 0.001906 0.004406)
(0.003531 0.001906 0.004406)
(0.003594 0.001906 0.004406)
(0.003656 0.001906 0.004406)
(0.003719 0.001906 0.004406)
(0.003781 0.001906 0.004406)
(0.003844 0.001906 0.004406)
(0.003906 0.001906 0.004406)
(0.003969 0.001906 0.004406)
(0.002531 0.001969 0.004406)
(0.002594 0.001969 0.004406)
(0.002656 0.001969 0.004406)
(0.002719 0.001969 0.004406)
(0.002781 0.001969 0.004406)
(0.002844 0.001969 0.004406)
(0.002906 0.001969 0.004406)
(0.002969 0.001969 0.004406)
(0.003031 0.001969 0.004406)
(0.003094 0.001969 0.004406)
(0.003156 0.001969 0.004406)
(0.003219 0.001969 0.004406)
(0.003281 0.001969 0.004406)
(0.003344 0.001969 0.004406)
(0.003406 0.001969 0.004406)
(0.003469 0.001969 0.004406)
(0.003531 0.001969 0.004406)
(0.003594 0.001969 0.004406)
(0.003656 0.001969 0.004406)
(0.003719 0.001969 0.004406)
(0.003781 0.001969 0.004406)
(0.003844 0.001969 0.004406)
(0.003906 0.001969 0.004406)
(0.003969 0.001969 0.004406)
(0.002531 0.002031 0.004406)
(0.002594 0.002031 0.004406)
(0.002656 0.002031 0.004406)
(0.002719 0.002031 0.004406)
(0.002781 0.002031 0.004406)
(0.002844 0.002031 0.004406)
(0.002906 0.002031 0.004406)
(0.002969 0.002031 0.004406)
(0.003031 0.002031 0.004406)
(0.003094 0.002031 0.004406)
(0.003156 0.002031 0.004406)
(0.003219 0.002031 0.004406)
(0.003281 0.002031 0.004406)
(0.003344 0.002031 0.004406)
(0.003406 0.002031 0.004406)
(0.003469 0.002031 0.004406)
(0.003531 0.002031 0.004406)
(0.003594 0.002031 0.004406)
(0.003656 0.002031 0.004406)
(0.003719 0.002031 0.004406)
(0.003781 0.002031 0.004406)
(0.003844 0.002031 0.004406)
(0.003906 0.002031 0.004406)
(0.003969 0.002031 0.004406)
(0.002531 0.002094 0.004406)
(0.002594 0.002094 0.004406)
(0.002656 0.002094 0.004406)
(0.002719 0.002094 0.004406)
(0.002781 0.002094 0.004406)
(0.002844 0.002094 0.004406)
(0.002906 0.002094 0.004406)
(0.002969 0.002094 0.004406)
(0.003031 0.002094 0.004406)
(0.003094 0.002094 0.004406)
(0.003156 0.002094 0.004406)
(0.003219 0.002094 0.004406)
(0.003281 0.002094 0.004406)
(0.003344 0.002094 0.004406)
(0.003406 0.002094 0.004406)
(0.003469 0.002094 0.004406)
(0.003531 0.002094 0.004406)
(0.003594 0.002094 0.004406)
(0.003656 0.002094 0.004406)
(0.003719 0.002094 0.004406)
(0.003781 0.002094 0.004406)
(0.003844 0.002094 0.004406)
(0.003906 0.002094 0.004406)
(0.003969 0.002094 0.004406)
(0.002531 0.002156 0.004406)
(0.002594 0.002156 0.004406)
(0.002656 0.002156 0.004406)
(0.002719 0.002156 0.004406)
(0.002781 0.002156 0.004406)
(0.002844 0.002156 0.004406)
(0.002906 0.002156 0.004406)
(0.002969 0.002156 0.004406)
(0.003031 0.002156 0.004406)
(0.003094 0.002156 0.004406)
(0.003156 0.002156 0.004406)
(0.003219 0.002156 0.004406)
(0.003281 0.002156 0.004406)
(0.003344 0.002156 0.004406)
(0.003406 0.002156 0.004406)
(0.003469 0.002156 0.004406)
(0.003531 0.002156 0.004406)
(0.003594 0.002156 0.004406)
(0.003656 0.002156 0.004406)
(0.003719 0.002156 0.004406)
(0.003781 0.002156 0.004406)
(0.003844 0.002156 0.004406)
(0.003906 0.002156 0.004406)
(0.003969 0.002156 0.004406)
(0.002531 0.002219 0.004406)
(0.002594 0.002219 0.004406)
(0.002656 0.002219 0.004406)
(0.002719 0.002219 0.004406)
(0.002781 0.002219 0.004406)
(0.002844 0.002219 0.004406)
(0.002906 0.002219 0.004406)
(0.002969 0.002219 0.004406)
(0.003031 0.002219 0.004406)
(0.003094 0.002219 0.004406)
(0.003156 0.002219 0.004406)
(0.003219 0.002219 0.004406)
(0.003281 0.002219 0.004406)
(0.003344 0.002219 0.004406)
(0.003406 0.002219 0.004406)
(0.003469 0.002219 0.004406)
(0.003531 0.002219 0.004406)
(0.003594 0.002219 0.004406)
(0.003656 0.002219 0.004406)
(0.003719 0.002219 0.004406)
(0.003781 0.002219 0.004406)
(0.003844 0.002219 0.004406)
(0.003906 0.002219 0.004406)
(0.003969 0.002219 0.004406)
(0.002531 0.002281 0.004406)
(0.002594 0.002281 0.004406)
(0.002656 0.002281 0.004406)
(0.002719 0.002281 0.004406)
(0.002781 0.002281 0.004406)
(0.002844 0.002281 0.004406)
(0.002906 0.002281 0.004406)
(0.002969 0.002281 0.004406)
(0.003031 0.002281 0.004406)
(0.003094 0.002281 0.004406)
(0.003156 0.002281 0.004406)
(0.003219 0.002281 0.004406)
(0.003281 0.002281 0.004406)
(0.003344 0.002281 0.004406)
(0.003406 0.002281 0.004406)
(0.003469 0.002281 0.004406)
(0.003531 0.002281 0.004406)
(0.003594 0.002281 0.004406)
(0.003656 0.002281 0.004406)
(0.003719 0.002281 0.004406)
(0.003781 0.002281 0.004406)
(0.003844 0.002281 0.004406)
(0.003906 0.002281 0.004406)
(0.003969 0.002281 0.004406)
(0.002531 0.002344 0.004406)
(0.002594 0.002344 0.004406)
(0.002656 0.002344 0.004406)
(0.002719 0.002344 0.004406)
(0.002781 0.002344 0.004406)
(0.002844 0.002344 0.004406)
(0.002906 0.002344 0.004406)
(0.002969 0.002344 0.004406)
(0.003031 0.002344 0.004406)
(0.003094 0.002344 0.004406)
(0.003156 0.002344 0.004406)
(0.003219 0.002344 0.004406)
(0.003281 0.002344 0.004406)
(0.003344 0.002344 0.004406)
(0.003406 0.002344 0.004406)
(0.003469 0.002344 0.004406)
(0.003531 0.002344 0.004406)
(0.003594 0.002344 0.004406)
(0.003656 0.002344 0.004406)
(0.003719 0.002344 0.004406)
(0.003781 0.002344 0.004406)
(0.003844 0.002344 0.004406)
(0.003906 0.002344 0.004406)
(0.003969 0.002344 0.004406)
(0.002531 0.001281 0.004469)
(0.002594 0.001281 0.004469)
(0.002656 0.001281 0.004469)
(0.002719 0.001281 0.004469)
(0.002781 0.001281 0.004469)
(0.002844 0.001281 0.004469)
(0.002906 0.001281 0.004469)
(0.002969 0.001281 0.004469)
(0.003031 0.001281 0.004469)
(0.003094 0.001281 0.004469)
(0.003156 0.001281 0.004469)
(0.003219 0.001281 0.004469)
(0.003281 0.001281 0.004469)
(0.003344 0.001281 0.004469)
(0.003406 0.001281 0.004469)
(0.003469 0.001281 0.004469)
(0.003531 0.001281 0.004469)
(0.003594 0.001281 0.004469)
(0.003656 0.001281 0.004469)
(0.003719 0.001281 0.004469)
(0.003781 0.001281 0.004469)
(0.003844 0.001281 0.004469)
(0.003906 0.001281 0.004469)
(0.003969 0.001281 0.004469)
(0.002531 0.001344 0.004469)
(0.002594 0.001344 0.004469)
(0.002656 0.001344 0.004469)
(0.002719 0.001344 0.004469)
(0.002781 0.001344 0.004469)
(0.002844 0.001344 0.004469)
(0.002906 0.001344 0.004469)
(0.002969 0.001344 0.004469)
(0.003031 0.001344 0.004469)
(0.003094 0.001344 0.004469)
(0.003156 0.001344 0.004469)
(0.003219 0.001344 0.004469)
(0.003281 0.001344 0.004469)
(0.003344 0.001344 0.004469)
(0.003406 0.001344 0.004469)
(0.003469 0.001344 0.004469)
(0.003531 0.001344 0.004469)
(0.003594 0.001344 0.004469)
(0.003656 0.001344 0.004469)
(0.003719 0.001344 0.004469)
(0.003781 0.001344 0.004469)
(0.003844 0.001344 0.004469)
(0.003906 0.001344 0.004469)
(0.003969 0.001344 0.004469)
(0.002531 0.001406 0.004469)
(0.002594 0.001406 0.004469)
(0.002656 0.001406 0.004469)
(0.002719 0.001406 0.004469)
(0.002781 0.001406 0.004469)
(0.002844 0.001406 0.004469)
(0.002906 0.001406 0.004469)
(0.002969 0.001406 0.004469)
(0.003031 0.001406 0.004469)
(0.003094 0.001406 0.004469)
(0.003156 0.001406 0.004469)
(0.003219 0.001406 0.004469)
(0.003281 0.001406 0.004469)
(0.003344 0.001406 0.004469)
(0.003406 0.001406 0.004469)
(0.003469 0.001406 0.004469)
(0.003531 0.001406 0.004469)
(0.003594 0.001406 0.004469)
(0.003656 0.001406 0.004469)
(0.003719 0.001406 0.004469)
(0.003781 0.001406 0.004469)
(0.003844 0.001406 0.004469)
(0.003906 0.001406 0.004469)
(0.003969 0.001406 0.004469)
(0.002531 0.001469 0.004469)
(0.002594 0.001469 0.004469)
(0.002656 0.001469 0.004469)
(0.002719 0.001469 0.004469)
(0.002781 0.001469 0.004469)
(0.002844 0.001469 0.004469)
(0.002906 0.001469 0.004469)
(0.002969 0.001469 0.004469)
(0.003031 0.001469 0.004469)
(0.003094 0.001469 0.004469)
(0.003156 0.001469 0.004469)
(0.003219 0.001469 0.004469)
(0.003281 0.001469 0.004469)
(0.003344 0.001469 0.004469)
(0.003406 0.001469 0.004469)
(0.003469 0.001469 0.004469)
(0.003531 0.001469 0.004469)
(0.003594 0.001469 0.004469)
(0.003656 0.001469 0.004469)
(0.003719 0.001469 0.004469)
(0.003781 0.001469 0.004469)
(0.003844 0.001469 0.004469)
(0.003906 0.001469 0.004469)
(0.003969 0.001469 0.004469)
(0.002531 0.001531 0.004469)
(0.002594 0.001531 0.004469)
(0.002656 0.001531 0.004469)
(0.002719 0.001531 0.004469)
(0.002781 0.001531 0.004469)
(0.002844 0.001531 0.004469)
(0.002906 0.001531 0.004469)
(0.002969 0.001531 0.004469)
(0.003031 0.001531 0.004469)
(0.003094 0.001531 0.004469)
(0.003156 0.001531 0.004469)
(0.003219 0.001531 0.004469)
(0.003281 0.001531 0.004469)
(0.003344 0.001531 0.004469)
(0.003406 0.001531 0.004469)
(0.003469 0.001531 0.004469)
(0.003531 0.001531 0.004469)
(0.003594 0.001531 0.004469)
(0.003656 0.001531 0.004469)
(0.003719 0.001531 0.004469)
(0.003781 0.001531 0.004469)
(0.003844 0.001531 0.004469)
(0.003906 0.001531 0.004469)
(0.003969 0.001531 0.004469)
(0.002531 0.001594 0.004469)
(0.002594 0.001594 0.004469)
(0.002656 0.001594 0.004469)
(0.002719 0.001594 0.004469)
(0.002781 0.001594 0.004469)
(0.002844 0.001594 0.004469)
(0.002906 0.001594 0.004469)
(0.002969 0.001594 0.004469)
(0.003031 0.001594 0.004469)
(0.003094 0.001594 0.004469)
(0.003156 0.001594 0.004469)
(0.003219 0.001594 0.004469)
(0.003281 0.001594 0.004469)
(0.003344 0.001594 0.004469)
(0.003406 0.001594 0.004469)
(0.003469 0.001594 0.004469)
(0.003531 0.001594 0.004469)
(0.003594 0.001594 0.004469)
(0.003656 0.001594 0.004469)
(0.003719 0.001594 0.004469)
(0.003781 0.001594 0.004469)
(0.003844 0.001594 0.004469)
(0.003906 0.001594 0.004469)
(0.003969 0.001594 0.004469)
(0.002531 0.001656 0.004469)
(0.002594 0.001656 0.004469)
(0.002656 0.001656 0.004469)
(0.002719 0.001656 0.004469)
(0.002781 0.001656 0.004469)
(0.002844 0.001656 0.004469)
(0.002906 0.001656 0.004469)
(0.002969 0.001656 0.004469)
(0.003031 0.001656 0.004469)
(0.003094 0.001656 0.004469)
(0.003156 0.001656 0.004469)
(0.003219 0.001656 0.004469)
(0.003281 0.001656 0.004469)
(0.003344 0.001656 0.004469)
(0.003406 0.001656 0.004469)
(0.003469 0.001656 0.004469)
(0.003531 0.001656 0.004469)
(0.003594 0.001656 0.004469)
(0.003656 0.001656 0.004469)
(0.003719 0.001656 0.004469)
(0.003781 0.001656 0.004469)
(0.003844 0.001656 0.004469)
(0.003906 0.001656 0.004469)
(0.003969 0.001656 0.004469)
(0.002531 0.001719 0.004469)
(0.002594 0.001719 0.004469)
(0.002656 0.001719 0.004469)
(0.002719 0.001719 0.004469)
(0.002781 0.001719 0.004469)
(0.002844 0.001719 0.004469)
(0.002906 0.001719 0.004469)
(0.002969 0.001719 0.004469)
(0.003031 0.001719 0.004469)
(0.003094 0.001719 0.004469)
(0.003156 0.001719 0.004469)
(0.003219 0.001719 0.004469)
(0.003281 0.001719 0.004469)
(0.003344 0.001719 0.004469)
(0.003406 0.001719 0.004469)
(0.003469 0.001719 0.004469)
(0.003531 0.001719 0.004469)
(0.003594 0.001719 0.004469)
(0.003656 0.001719 0.004469)
(0.003719 0.001719 0.004469)
(0.003781 0.001719 0.004469)
(0.003844 0.001719 0.004469)
(0.003906 0.001719 0.004469)
(0.003969 0.001719 0.004469)
(0.002531 0.001781 0.004469)
(0.002594 0.001781 0.004469)
(0.002656 0.001781 0.004469)
(0.002719 0.001781 0.004469)
(0.002781 0.001781 0.004469)
(0.002844 0.001781 0.004469)
(0.002906 0.001781 0.004469)
(0.002969 0.001781 0.004469)
(0.003031 0.001781 0.004469)
(0.003094 0.001781 0.004469)
(0.003156 0.001781 0.004469)
(0.003219 0.001781 0.004469)
(0.003281 0.001781 0.004469)
(0.003344 0.001781 0.004469)
(0.003406 0.001781 0.004469)
(0.003469 0.001781 0.004469)
(0.003531 0.001781 0.004469)
(0.003594 0.001781 0.004469)
(0.003656 0.001781 0.004469)
(0.003719 0.001781 0.004469)
(0.003781 0.001781 0.004469)
(0.003844 0.001781 0.004469)
(0.003906 0.001781 0.004469)
(0.003969 0.001781 0.004469)
(0.002531 0.001844 0.004469)
(0.002594 0.001844 0.004469)
(0.002656 0.001844 0.004469)
(0.002719 0.001844 0.004469)
(0.002781 0.001844 0.004469)
(0.002844 0.001844 0.004469)
(0.002906 0.001844 0.004469)
(0.002969 0.001844 0.004469)
(0.003031 0.001844 0.004469)
(0.003094 0.001844 0.004469)
(0.003156 0.001844 0.004469)
(0.003219 0.001844 0.004469)
(0.003281 0.001844 0.004469)
(0.003344 0.001844 0.004469)
(0.003406 0.001844 0.004469)
(0.003469 0.001844 0.004469)
(0.003531 0.001844 0.004469)
(0.003594 0.001844 0.004469)
(0.003656 0.001844 0.004469)
(0.003719 0.001844 0.004469)
(0.003781 0.001844 0.004469)
(0.003844 0.001844 0.004469)
(0.003906 0.001844 0.004469)
(0.003969 0.001844 0.004469)
(0.002531 0.001906 0.004469)
(0.002594 0.001906 0.004469)
(0.002656 0.001906 0.004469)
(0.002719 0.001906 0.004469)
(0.002781 0.001906 0.004469)
(0.002844 0.001906 0.004469)
(0.002906 0.001906 0.004469)
(0.002969 0.001906 0.004469)
(0.003031 0.001906 0.004469)
(0.003094 0.001906 0.004469)
(0.003156 0.001906 0.004469)
(0.003219 0.001906 0.004469)
(0.003281 0.001906 0.004469)
(0.003344 0.001906 0.004469)
(0.003406 0.001906 0.004469)
(0.003469 0.001906 0.004469)
(0.003531 0.001906 0.004469)
(0.003594 0.001906 0.004469)
(0.003656 0.001906 0.004469)
(0.003719 0.001906 0.004469)
(0.003781 0.001906 0.004469)
(0.003844 0.001906 0.004469)
(0.003906 0.001906 0.004469)
(0.003969 0.001906 0.004469)
(0.002531 0.001969 0.004469)
(0.002594 0.001969 0.004469)
(0.002656 0.001969 0.004469)
(0.002719 0.001969 0.004469)
(0.002781 0.001969 0.004469)
(0.002844 0.001969 0.004469)
(0.002906 0.001969 0.004469)
(0.002969 0.001969 0.004469)
(0.003031 0.001969 0.004469)
(0.003094 0.001969 0.004469)
(0.003156 0.001969 0.004469)
(0.003219 0.001969 0.004469)
(0.003281 0.001969 0.004469)
(0.003344 0.001969 0.004469)
(0.003406 0.001969 0.004469)
(0.003469 0.001969 0.004469)
(0.003531 0.001969 0.004469)
(0.003594 0.001969 0.004469)
(0.003656 0.001969 0.004469)
(0.003719 0.001969 0.004469)
(0.003781 0.001969 0.004469)
(0.003844 0.001969 0.004469)
(0.003906 0.001969 0.004469)
(0.003969 0.001969 0.004469)
(0.002531 0.002031 0.004469)
(0.002594 0.002031 0.004469)
(0.002656 0.002031 0.004469)
(0.002719 0.002031 0.004469)
(0.002781 0.002031 0.004469)
(0.002844 0.002031 0.004469)
(0.002906 0.002031 0.004469)
(0.002969 0.002031 0.004469)
(0.003031 0.002031 0.004469)
(0.003094 0.002031 0.004469)
(0.003156 0.002031 0.004469)
(0.003219 0.002031 0.004469)
(0.003281 0.002031 0.004469)
(0.003344 0.002031 0.004469)
(0.003406 0.002031 0.004469)
(0.003469 0.002031 0.004469)
(0.003531 0.002031 0.004469)
(0.003594 0.002031 0.004469)
(0.003656 0.002031 0.004469)
(0.003719 0.002031 0.004469)
(0.003781 0.002031 0.004469)
(0.003844 0.002031 0.004469)
(0.003906 0.002031 0.004469)
(0.003969 0.002031 0.004469)
(0.002531 0.002094 0.004469)
(0.002594 0.002094 0.004469)
(0.002656 0.002094 0.004469)
(0.002719 0.002094 0.004469)
(0.002781 0.002094 0.004469)
(0.002844 0.002094 0.004469)
(0.002906 0.002094 0.004469)
(0.002969 0.002094 0.004469)
(0.003031 0.002094 0.004469)
(0.003094 0.002094 0.004469)
(0.003156 0.002094 0.004469)
(0.003219 0.002094 0.004469)
(0.003281 0.002094 0.004469)
(0.003344 0.002094 0.004469)
(0.003406 0.002094 0.004469)
(0.003469 0.002094 0.004469)
(0.003531 0.002094 0.004469)
(0.003594 0.002094 0.004469)
(0.003656 0.002094 0.004469)
(0.003719 0.002094 0.004469)
(0.003781 0.002094 0.004469)
(0.003844 0.002094 0.004469)
(0.003906 0.002094 0.004469)
(0.003969 0.002094 0.004469)
(0.002531 0.002156 0.004469)
(0.002594 0.002156 0.004469)
(0.002656 0.002156 0.004469)
(0.002719 0.002156 0.004469)
(0.002781 0.002156 0.004469)
(0.002844 0.002156 0.004469)
(0.002906 0.002156 0.004469)
(0.002969 0.002156 0.004469)
(0.003031 0.002156 0.004469)
(0.003094 0.002156 0.004469)
(0.003156 0.002156 0.004469)
(0.003219 0.002156 0.004469)
(0.003281 0.002156 0.004469)
(0.003344 0.002156 0.004469)
(0.003406 0.002156 0.004469)
(0.003469 0.002156 0.004469)
(0.003531 0.002156 0.004469)
(0.003594 0.002156 0.004469)
(0.003656 0.002156 0.004469)
(0.003719 0.002156 0.004469)
(0.003781 0.002156 0.004469)
(0.003844 0.002156 0.004469)
(0.003906 0.002156 0.004469)
(0.003969 0.002156 0.004469)
(0.002531 0.002219 0.004469)
(0.002594 0.002219 0.004469)
(0.002656 0.002219 0.004469)
(0.002719 0.002219 0.004469)
(0.002781 0.002219 0.004469)
(0.002844 0.002219 0.004469)
(0.002906 0.002219 0.004469)
(0.002969 0.002219 0.004469)
(0.003031 0.002219 0.004469)
(0.003094 0.002219 0.004469)
(0.003156 0.002219 0.004469)
(0.003219 0.002219 0.004469)
(0.003281 0.002219 0.004469)
(0.003344 0.002219 0.004469)
(0.003406 0.002219 0.004469)
(0.003469 0.002219 0.004469)
(0.003531 0.002219 0.004469)
(0.003594 0.002219 0.004469)
(0.003656 0.002219 0.004469)
(0.003719 0.002219 0.004469)
(0.003781 0.002219 0.004469)
(0.003844 0.002219 0.004469)
(0.003906 0.002219 0.004469)
(0.003969 0.002219 0.004469)
(0.002531 0.002281 0.004469)
(0.002594 0.002281 0.004469)
(0.002656 0.002281 0.004469)
(0.002719 0.002281 0.004469)
(0.002781 0.002281 0.004469)
(0.002844 0.002281 0.004469)
(0.002906 0.002281 0.004469)
(0.002969 0.002281 0.004469)
(0.003031 0.002281 0.004469)
(0.003094 0.002281 0.004469)
(0.003156 0.002281 0.004469)
(0.003219 0.002281 0.004469)
(0.003281 0.002281 0.004469)
(0.003344 0.002281 0.004469)
(0.003406 0.002281 0.004469)
(0.003469 0.002281 0.004469)
(0.003531 0.002281 0.004469)
(0.003594 0.002281 0.004469)
(0.003656 0.002281 0.004469)
(0.003719 0.002281 0.004469)
(0.003781 0.002281 0.004469)
(0.003844 0.002281 0.004469)
(0.003906 0.002281 0.004469)
(0.003969 0.002281 0.004469)
(0.002531 0.002344 0.004469)
(0.002594 0.002344 0.004469)
(0.002656 0.002344 0.004469)
(0.002719 0.002344 0.004469)
(0.002781 0.002344 0.004469)
(0.002844 0.002344 0.004469)
(0.002906 0.002344 0.004469)
(0.002969 0.002344 0.004469)
(0.003031 0.002344 0.004469)
(0.003094 0.002344 0.004469)
(0.003156 0.002344 0.004469)
(0.003219 0.002344 0.004469)
(0.003281 0.002344 0.004469)
(0.003344 0.002344 0.004469)
(0.003406 0.002344 0.004469)
(0.003469 0.002344 0.004469)
(0.003531 0.002344 0.004469)
(0.003594 0.002344 0.004469)
(0.003656 0.002344 0.004469)
(0.003719 0.002344 0.004469)
(0.003781 0.002344 0.004469)
(0.003844 0.002344 0.004469)
(0.003906 0.002344 0.004469)
(0.003969 0.002344 0.004469)
(0.002531 0.001281 0.004531)
(0.002594 0.001281 0.004531)
(0.002656 0.001281 0.004531)
(0.002719 0.001281 0.004531)
(0.002781 0.001281 0.004531)
(0.002844 0.001281 0.004531)
(0.002906 0.001281 0.004531)
(0.002969 0.001281 0.004531)
(0.003031 0.001281 0.004531)
(0.003094 0.001281 0.004531)
(0.003156 0.001281 0.004531)
(0.003219 0.001281 0.004531)
(0.003281 0.001281 0.004531)
(0.003344 0.001281 0.004531)
(0.003406 0.001281 0.004531)
(0.003469 0.001281 0.004531)
(0.003531 0.001281 0.004531)
(0.003594 0.001281 0.004531)
(0.003656 0.001281 0.004531)
(0.003719 0.001281 0.004531)
(0.003781 0.001281 0.004531)
(0.003844 0.001281 0.004531)
(0.003906 0.001281 0.004531)
(0.003969 0.001281 0.004531)
(0.002531 0.001344 0.004531)
(0.002594 0.001344 0.004531)
(0.002656 0.001344 0.004531)
(0.002719 0.001344 0.004531)
(0.002781 0.001344 0.004531)
(0.002844 0.001344 0.004531)
(0.002906 0.001344 0.004531)
(0.002969 0.001344 0.004531)
(0.003031 0.001344 0.004531)
(0.003094 0.001344 0.004531)
(0.003156 0.001344 0.004531)
(0.003219 0.001344 0.004531)
(0.003281 0.001344 0.004531)
(0.003344 0.001344 0.004531)
(0.003406 0.001344 0.004531)
(0.003469 0.001344 0.004531)
(0.003531 0.001344 0.004531)
(0.003594 0.001344 0.004531)
(0.003656 0.001344 0.004531)
(0.003719 0.001344 0.004531)
(0.003781 0.001344 0.004531)
(0.003844 0.001344 0.004531)
(0.003906 0.001344 0.004531)
(0.003969 0.001344 0.004531)
(0.002531 0.001406 0.004531)
(0.002594 0.001406 0.004531)
(0.002656 0.001406 0.004531)
(0.002719 0.001406 0.004531)
(0.002781 0.001406 0.004531)
(0.002844 0.001406 0.004531)
(0.002906 0.001406 0.004531)
(0.002969 0.001406 0.004531)
(0.003031 0.001406 0.004531)
(0.003094 0.001406 0.004531)
(0.003156 0.001406 0.004531)
(0.003219 0.001406 0.004531)
(0.003281 0.001406 0.004531)
(0.003344 0.001406 0.004531)
(0.003406 0.001406 0.004531)
(0.003469 0.001406 0.004531)
(0.003531 0.001406 0.004531)
(0.003594 0.001406 0.004531)
(0.003656 0.001406 0.004531)
(0.003719 0.001406 0.004531)
(0.003781 0.001406 0.004531)
(0.003844 0.001406 0.004531)
(0.003906 0.001406 0.004531)
(0.003969 0.001406 0.004531)
(0.002531 0.001469 0.004531)
(0.002594 0.001469 0.004531)
(0.002656 0.001469 0.004531)
(0.002719 0.001469 0.004531)
(0.002781 0.001469 0.004531)
(0.002844 0.001469 0.004531)
(0.002906 0.001469 0.004531)
(0.002969 0.001469 0.004531)
(0.003031 0.001469 0.004531)
(0.003094 0.001469 0.004531)
(0.003156 0.001469 0.004531)
(0.003219 0.001469 0.004531)
(0.003281 0.001469 0.004531)
(0.003344 0.001469 0.004531)
(0.003406 0.001469 0.004531)
(0.003469 0.001469 0.004531)
(0.003531 0.001469 0.004531)
(0.003594 0.001469 0.004531)
(0.003656 0.001469 0.004531)
(0.003719 0.001469 0.004531)
(0.003781 0.001469 0.004531)
(0.003844 0.001469 0.004531)
(0.003906 0.001469 0.004531)
(0.003969 0.001469 0.004531)
(0.002531 0.001531 0.004531)
(0.002594 0.001531 0.004531)
(0.002656 0.001531 0.004531)
(0.002719 0.001531 0.004531)
(0.002781 0.001531 0.004531)
(0.002844 0.001531 0.004531)
(0.002906 0.001531 0.004531)
(0.002969 0.001531 0.004531)
(0.003031 0.001531 0.004531)
(0.003094 0.001531 0.004531)
(0.003156 0.001531 0.004531)
(0.003219 0.001531 0.004531)
(0.003281 0.001531 0.004531)
(0.003344 0.001531 0.004531)
(0.003406 0.001531 0.004531)
(0.003469 0.001531 0.004531)
(0.003531 0.001531 0.004531)
(0.003594 0.001531 0.004531)
(0.003656 0.001531 0.004531)
(0.003719 0.001531 0.004531)
(0.003781 0.001531 0.004531)
(0.003844 0.001531 0.004531)
(0.003906 0.001531 0.004531)
(0.003969 0.001531 0.004531)
(0.002531 0.001594 0.004531)
(0.002594 0.001594 0.004531)
(0.002656 0.001594 0.004531)
(0.002719 0.001594 0.004531)
(0.002781 0.001594 0.004531)
(0.002844 0.001594 0.004531)
(0.002906 0.001594 0.004531)
(0.002969 0.001594 0.004531)
(0.003031 0.001594 0.004531)
(0.003094 0.001594 0.004531)
(0.003156 0.001594 0.004531)
(0.003219 0.001594 0.004531)
(0.003281 0.001594 0.004531)
(0.003344 0.001594 0.004531)
(0.003406 0.001594 0.004531)
(0.003469 0.001594 0.004531)
(0.003531 0.001594 0.004531)
(0.003594 0.001594 0.004531)
(0.003656 0.001594 0.004531)
(0.003719 0.001594 0.004531)
(0.003781 0.001594 0.004531)
(0.003844 0.001594 0.004531)
(0.003906 0.001594 0.004531)
(0.003969 0.001594 0.004531)
(0.002531 0.001656 0.004531)
(0.002594 0.001656 0.004531)
(0.002656 0.001656 0.004531)
(0.002719 0.001656 0.004531)
(0.002781 0.001656 0.004531)
(0.002844 0.001656 0.004531)
(0.002906 0.001656 0.004531)
(0.002969 0.001656 0.004531)
(0.003031 0.001656 0.004531)
(0.003094 0.001656 0.004531)
(0.003156 0.001656 0.004531)
(0.003219 0.001656 0.004531)
(0.003281 0.001656 0.004531)
(0.003344 0.001656 0.004531)
(0.003406 0.001656 0.004531)
(0.003469 0.001656 0.004531)
(0.003531 0.001656 0.004531)
(0.003594 0.001656 0.004531)
(0.003656 0.001656 0.004531)
(0.003719 0.001656 0.004531)
(0.003781 0.001656 0.004531)
(0.003844 0.001656 0.004531)
(0.003906 0.001656 0.004531)
(0.003969 0.001656 0.004531)
(0.002531 0.001719 0.004531)
(0.002594 0.001719 0.004531)
(0.002656 0.001719 0.004531)
(0.002719 0.001719 0.004531)
(0.002781 0.001719 0.004531)
(0.002844 0.001719 0.004531)
(0.002906 0.001719 0.004531)
(0.002969 0.001719 0.004531)
(0.003031 0.001719 0.004531)
(0.003094 0.001719 0.004531)
(0.003156 0.001719 0.004531)
(0.003219 0.001719 0.004531)
(0.003281 0.001719 0.004531)
(0.003344 0.001719 0.004531)
(0.003406 0.001719 0.004531)
(0.003469 0.001719 0.004531)
(0.003531 0.001719 0.004531)
(0.003594 0.001719 0.004531)
(0.003656 0.001719 0.004531)
(0.003719 0.001719 0.004531)
(0.003781 0.001719 0.004531)
(0.003844 0.001719 0.004531)
(0.003906 0.001719 0.004531)
(0.003969 0.001719 0.004531)
(0.002531 0.001781 0.004531)
(0.002594 0.001781 0.004531)
(0.002656 0.001781 0.004531)
(0.002719 0.001781 0.004531)
(0.002781 0.001781 0.004531)
(0.002844 0.001781 0.004531)
(0.002906 0.001781 0.004531)
(0.002969 0.001781 0.004531)
(0.003031 0.001781 0.004531)
(0.003094 0.001781 0.004531)
(0.003156 0.001781 0.004531)
(0.003219 0.001781 0.004531)
(0.003281 0.001781 0.004531)
(0.003344 0.001781 0.004531)
(0.003406 0.001781 0.004531)
(0.003469 0.001781 0.004531)
(0.003531 0.001781 0.004531)
(0.003594 0.001781 0.004531)
(0.003656 0.001781 0.004531)
(0.003719 0.001781 0.004531)
(0.003781 0.001781 0.004531)
(0.003844 0.001781 0.004531)
(0.003906 0.001781 0.004531)
(0.003969 0.001781 0.004531)
(0.002531 0.001844 0.004531)
(0.002594 0.001844 0.004531)
(0.002656 0.001844 0.004531)
(0.002719 0.001844 0.004531)
(0.002781 0.001844 0.004531)
(0.002844 0.001844 0.004531)
(0.002906 0.001844 0.004531)
(0.002969 0.001844 0.004531)
(0.003031 0.001844 0.004531)
(0.003094 0.001844 0.004531)
(0.003156 0.001844 0.004531)
(0.003219 0.001844 0.004531)
(0.003281 0.001844 0.004531)
(0.003344 0.001844 0.004531)
(0.003406 0.001844 0.004531)
(0.003469 0.001844 0.004531)
(0.003531 0.001844 0.004531)
(0.003594 0.001844 0.004531)
(0.003656 0.001844 0.004531)
(0.003719 0.001844 0.004531)
(0.003781 0.001844 0.004531)
(0.003844 0.001844 0.004531)
(0.003906 0.001844 0.004531)
(0.003969 0.001844 0.004531)
(0.002531 0.001906 0.004531)
(0.002594 0.001906 0.004531)
(0.002656 0.001906 0.004531)
(0.002719 0.001906 0.004531)
(0.002781 0.001906 0.004531)
(0.002844 0.001906 0.004531)
(0.002906 0.001906 0.004531)
(0.002969 0.001906 0.004531)
(0.003031 0.001906 0.004531)
(0.003094 0.001906 0.004531)
(0.003156 0.001906 0.004531)
(0.003219 0.001906 0.004531)
(0.003281 0.001906 0.004531)
(0.003344 0.001906 0.004531)
(0.003406 0.001906 0.004531)
(0.003469 0.001906 0.004531)
(0.003531 0.001906 0.004531)
(0.003594 0.001906 0.004531)
(0.003656 0.001906 0.004531)
(0.003719 0.001906 0.004531)
(0.003781 0.001906 0.004531)
(0.003844 0.001906 0.004531)
(0.003906 0.001906 0.004531)
(0.003969 0.001906 0.004531)
(0.002531 0.001969 0.004531)
(0.002594 0.001969 0.004531)
(0.002656 0.001969 0.004531)
(0.002719 0.001969 0.004531)
(0.002781 0.001969 0.004531)
(0.002844 0.001969 0.004531)
(0.002906 0.001969 0.004531)
(0.002969 0.001969 0.004531)
(0.003031 0.001969 0.004531)
(0.003094 0.001969 0.004531)
(0.003156 0.001969 0.004531)
(0.003219 0.001969 0.004531)
(0.003281 0.001969 0.004531)
(0.003344 0.001969 0.004531)
(0.003406 0.001969 0.004531)
(0.003469 0.001969 0.004531)
(0.003531 0.001969 0.004531)
(0.003594 0.001969 0.004531)
(0.003656 0.001969 0.004531)
(0.003719 0.001969 0.004531)
(0.003781 0.001969 0.004531)
(0.003844 0.001969 0.004531)
(0.003906 0.001969 0.004531)
(0.003969 0.001969 0.004531)
(0.002531 0.002031 0.004531)
(0.002594 0.002031 0.004531)
(0.002656 0.002031 0.004531)
(0.002719 0.002031 0.004531)
(0.002781 0.002031 0.004531)
(0.002844 0.002031 0.004531)
(0.002906 0.002031 0.004531)
(0.002969 0.002031 0.004531)
(0.003031 0.002031 0.004531)
(0.003094 0.002031 0.004531)
(0.003156 0.002031 0.004531)
(0.003219 0.002031 0.004531)
(0.003281 0.002031 0.004531)
(0.003344 0.002031 0.004531)
(0.003406 0.002031 0.004531)
(0.003469 0.002031 0.004531)
(0.003531 0.002031 0.004531)
(0.003594 0.002031 0.004531)
(0.003656 0.002031 0.004531)
(0.003719 0.002031 0.004531)
(0.003781 0.002031 0.004531)
(0.003844 0.002031 0.004531)
(0.003906 0.002031 0.004531)
(0.003969 0.002031 0.004531)
(0.002531 0.002094 0.004531)
(0.002594 0.002094 0.004531)
(0.002656 0.002094 0.004531)
(0.002719 0.002094 0.004531)
(0.002781 0.002094 0.004531)
(0.002844 0.002094 0.004531)
(0.002906 0.002094 0.004531)
(0.002969 0.002094 0.004531)
(0.003031 0.002094 0.004531)
(0.003094 0.002094 0.004531)
(0.003156 0.002094 0.004531)
(0.003219 0.002094 0.004531)
(0.003281 0.002094 0.004531)
(0.003344 0.002094 0.004531)
(0.003406 0.002094 0.004531)
(0.003469 0.002094 0.004531)
(0.003531 0.002094 0.004531)
(0.003594 0.002094 0.004531)
(0.003656 0.002094 0.004531)
(0.003719 0.002094 0.004531)
(0.003781 0.002094 0.004531)
(0.003844 0.002094 0.004531)
(0.003906 0.002094 0.004531)
(0.003969 0.002094 0.004531)
(0.002531 0.002156 0.004531)
(0.002594 0.002156 0.004531)
(0.002656 0.002156 0.004531)
(0.002719 0.002156 0.004531)
(0.002781 0.002156 0.004531)
(0.002844 0.002156 0.004531)
(0.002906 0.002156 0.004531)
(0.002969 0.002156 0.004531)
(0.003031 0.002156 0.004531)
(0.003094 0.002156 0.004531)
(0.003156 0.002156 0.004531)
(0.003219 0.002156 0.004531)
(0.003281 0.002156 0.004531)
(0.003344 0.002156 0.004531)
(0.003406 0.002156 0.004531)
(0.003469 0.002156 0.004531)
(0.003531 0.002156 0.004531)
(0.003594 0.002156 0.004531)
(0.003656 0.002156 0.004531)
(0.003719 0.002156 0.004531)
(0.003781 0.002156 0.004531)
(0.003844 0.002156 0.004531)
(0.003906 0.002156 0.004531)
(0.003969 0.002156 0.004531)
(0.002531 0.002219 0.004531)
(0.002594 0.002219 0.004531)
(0.002656 0.002219 0.004531)
(0.002719 0.002219 0.004531)
(0.002781 0.002219 0.004531)
(0.002844 0.002219 0.004531)
(0.002906 0.002219 0.004531)
(0.002969 0.002219 0.004531)
(0.003031 0.002219 0.004531)
(0.003094 0.002219 0.004531)
(0.003156 0.002219 0.004531)
(0.003219 0.002219 0.004531)
(0.003281 0.002219 0.004531)
(0.003344 0.002219 0.004531)
(0.003406 0.002219 0.004531)
(0.003469 0.002219 0.004531)
(0.003531 0.002219 0.004531)
(0.003594 0.002219 0.004531)
(0.003656 0.002219 0.004531)
(0.003719 0.002219 0.004531)
(0.003781 0.002219 0.004531)
(0.003844 0.002219 0.004531)
(0.003906 0.002219 0.004531)
(0.003969 0.002219 0.004531)
(0.002531 0.002281 0.004531)
(0.002594 0.002281 0.004531)
(0.002656 0.002281 0.004531)
(0.002719 0.002281 0.004531)
(0.002781 0.002281 0.004531)
(0.002844 0.002281 0.004531)
(0.002906 0.002281 0.004531)
(0.002969 0.002281 0.004531)
(0.003031 0.002281 0.004531)
(0.003094 0.002281 0.004531)
(0.003156 0.002281 0.004531)
(0.003219 0.002281 0.004531)
(0.003281 0.002281 0.004531)
(0.003344 0.002281 0.004531)
(0.003406 0.002281 0.004531)
(0.003469 0.002281 0.004531)
(0.003531 0.002281 0.004531)
(0.003594 0.002281 0.004531)
(0.003656 0.002281 0.004531)
(0.003719 0.002281 0.004531)
(0.003781 0.002281 0.004531)
(0.003844 0.002281 0.004531)
(0.003906 0.002281 0.004531)
(0.003969 0.002281 0.004531)
(0.002531 0.002344 0.004531)
(0.002594 0.002344 0.004531)
(0.002656 0.002344 0.004531)
(0.002719 0.002344 0.004531)
(0.002781 0.002344 0.004531)
(0.002844 0.002344 0.004531)
(0.002906 0.002344 0.004531)
(0.002969 0.002344 0.004531)
(0.003031 0.002344 0.004531)
(0.003094 0.002344 0.004531)
(0.003156 0.002344 0.004531)
(0.003219 0.002344 0.004531)
(0.003281 0.002344 0.004531)
(0.003344 0.002344 0.004531)
(0.003406 0.002344 0.004531)
(0.003469 0.002344 0.004531)
(0.003531 0.002344 0.004531)
(0.003594 0.002344 0.004531)
(0.003656 0.002344 0.004531)
(0.003719 0.002344 0.004531)
(0.003781 0.002344 0.004531)
(0.003844 0.002344 0.004531)
(0.003906 0.002344 0.004531)
(0.003969 0.002344 0.004531)
(0.002531 0.001281 0.004594)
(0.002594 0.001281 0.004594)
(0.002656 0.001281 0.004594)
(0.002719 0.001281 0.004594)
(0.002781 0.001281 0.004594)
(0.002844 0.001281 0.004594)
(0.002906 0.001281 0.004594)
(0.002969 0.001281 0.004594)
(0.003031 0.001281 0.004594)
(0.003094 0.001281 0.004594)
(0.003156 0.001281 0.004594)
(0.003219 0.001281 0.004594)
(0.003281 0.001281 0.004594)
(0.003344 0.001281 0.004594)
(0.003406 0.001281 0.004594)
(0.003469 0.001281 0.004594)
(0.003531 0.001281 0.004594)
(0.003594 0.001281 0.004594)
(0.003656 0.001281 0.004594)
(0.003719 0.001281 0.004594)
(0.003781 0.001281 0.004594)
(0.003844 0.001281 0.004594)
(0.003906 0.001281 0.004594)
(0.003969 0.001281 0.004594)
(0.002531 0.001344 0.004594)
(0.002594 0.001344 0.004594)
(0.002656 0.001344 0.004594)
(0.002719 0.001344 0.004594)
(0.002781 0.001344 0.004594)
(0.002844 0.001344 0.004594)
(0.002906 0.001344 0.004594)
(0.002969 0.001344 0.004594)
(0.003031 0.001344 0.004594)
(0.003094 0.001344 0.004594)
(0.003156 0.001344 0.004594)
(0.003219 0.001344 0.004594)
(0.003281 0.001344 0.004594)
(0.003344 0.001344 0.004594)
(0.003406 0.001344 0.004594)
(0.003469 0.001344 0.004594)
(0.003531 0.001344 0.004594)
(0.003594 0.001344 0.004594)
(0.003656 0.001344 0.004594)
(0.003719 0.001344 0.004594)
(0.003781 0.001344 0.004594)
(0.003844 0.001344 0.004594)
(0.003906 0.001344 0.004594)
(0.003969 0.001344 0.004594)
(0.002531 0.001406 0.004594)
(0.002594 0.001406 0.004594)
(0.002656 0.001406 0.004594)
(0.002719 0.001406 0.004594)
(0.002781 0.001406 0.004594)
(0.002844 0.001406 0.004594)
(0.002906 0.001406 0.004594)
(0.002969 0.001406 0.004594)
(0.003031 0.001406 0.004594)
(0.003094 0.001406 0.004594)
(0.003156 0.001406 0.004594)
(0.003219 0.001406 0.004594)
(0.003281 0.001406 0.004594)
(0.003344 0.001406 0.004594)
(0.003406 0.001406 0.004594)
(0.003469 0.001406 0.004594)
(0.003531 0.001406 0.004594)
(0.003594 0.001406 0.004594)
(0.003656 0.001406 0.004594)
(0.003719 0.001406 0.004594)
(0.003781 0.001406 0.004594)
(0.003844 0.001406 0.004594)
(0.003906 0.001406 0.004594)
(0.003969 0.001406 0.004594)
(0.002531 0.001469 0.004594)
(0.002594 0.001469 0.004594)
(0.002656 0.001469 0.004594)
(0.002719 0.001469 0.004594)
(0.002781 0.001469 0.004594)
(0.002844 0.001469 0.004594)
(0.002906 0.001469 0.004594)
(0.002969 0.001469 0.004594)
(0.003031 0.001469 0.004594)
(0.003094 0.001469 0.004594)
(0.003156 0.001469 0.004594)
(0.003219 0.001469 0.004594)
(0.003281 0.001469 0.004594)
(0.003344 0.001469 0.004594)
(0.003406 0.001469 0.004594)
(0.003469 0.001469 0.004594)
(0.003531 0.001469 0.004594)
(0.003594 0.001469 0.004594)
(0.003656 0.001469 0.004594)
(0.003719 0.001469 0.004594)
(0.003781 0.001469 0.004594)
(0.003844 0.001469 0.004594)
(0.003906 0.001469 0.004594)
(0.003969 0.001469 0.004594)
(0.002531 0.001531 0.004594)
(0.002594 0.001531 0.004594)
(0.002656 0.001531 0.004594)
(0.002719 0.001531 0.004594)
(0.002781 0.001531 0.004594)
(0.002844 0.001531 0.004594)
(0.002906 0.001531 0.004594)
(0.002969 0.001531 0.004594)
(0.003031 0.001531 0.004594)
(0.003094 0.001531 0.004594)
(0.003156 0.001531 0.004594)
(0.003219 0.001531 0.004594)
(0.003281 0.001531 0.004594)
(0.003344 0.001531 0.004594)
(0.003406 0.001531 0.004594)
(0.003469 0.001531 0.004594)
(0.003531 0.001531 0.004594)
(0.003594 0.001531 0.004594)
(0.003656 0.001531 0.004594)
(0.003719 0.001531 0.004594)
(0.003781 0.001531 0.004594)
(0.003844 0.001531 0.004594)
(0.003906 0.001531 0.004594)
(0.003969 0.001531 0.004594)
(0.002531 0.001594 0.004594)
(0.002594 0.001594 0.004594)
(0.002656 0.001594 0.004594)
(0.002719 0.001594 0.004594)
(0.002781 0.001594 0.004594)
(0.002844 0.001594 0.004594)
(0.002906 0.001594 0.004594)
(0.002969 0.001594 0.004594)
(0.003031 0.001594 0.004594)
(0.003094 0.001594 0.004594)
(0.003156 0.001594 0.004594)
(0.003219 0.001594 0.004594)
(0.003281 0.001594 0.004594)
(0.003344 0.001594 0.004594)
(0.003406 0.001594 0.004594)
(0.003469 0.001594 0.004594)
(0.003531 0.001594 0.004594)
(0.003594 0.001594 0.004594)
(0.003656 0.001594 0.004594)
(0.003719 0.001594 0.004594)
(0.003781 0.001594 0.004594)
(0.003844 0.001594 0.004594)
(0.003906 0.001594 0.004594)
(0.003969 0.001594 0.004594)
(0.002531 0.001656 0.004594)
(0.002594 0.001656 0.004594)
(0.002656 0.001656 0.004594)
(0.002719 0.001656 0.004594)
(0.002781 0.001656 0.004594)
(0.002844 0.001656 0.004594)
(0.002906 0.001656 0.004594)
(0.002969 0.001656 0.004594)
(0.003031 0.001656 0.004594)
(0.003094 0.001656 0.004594)
(0.003156 0.001656 0.004594)
(0.003219 0.001656 0.004594)
(0.003281 0.001656 0.004594)
(0.003344 0.001656 0.004594)
(0.003406 0.001656 0.004594)
(0.003469 0.001656 0.004594)
(0.003531 0.001656 0.004594)
(0.003594 0.001656 0.004594)
(0.003656 0.001656 0.004594)
(0.003719 0.001656 0.004594)
(0.003781 0.001656 0.004594)
(0.003844 0.001656 0.004594)
(0.003906 0.001656 0.004594)
(0.003969 0.001656 0.004594)
(0.002531 0.001719 0.004594)
(0.002594 0.001719 0.004594)
(0.002656 0.001719 0.004594)
(0.002719 0.001719 0.004594)
(0.002781 0.001719 0.004594)
(0.002844 0.001719 0.004594)
(0.002906 0.001719 0.004594)
(0.002969 0.001719 0.004594)
(0.003031 0.001719 0.004594)
(0.003094 0.001719 0.004594)
(0.003156 0.001719 0.004594)
(0.003219 0.001719 0.004594)
(0.003281 0.001719 0.004594)
(0.003344 0.001719 0.004594)
(0.003406 0.001719 0.004594)
(0.003469 0.001719 0.004594)
(0.003531 0.001719 0.004594)
(0.003594 0.001719 0.004594)
(0.003656 0.001719 0.004594)
(0.003719 0.001719 0.004594)
(0.003781 0.001719 0.004594)
(0.003844 0.001719 0.004594)
(0.003906 0.001719 0.004594)
(0.003969 0.001719 0.004594)
(0.002531 0.001781 0.004594)
(0.002594 0.001781 0.004594)
(0.002656 0.001781 0.004594)
(0.002719 0.001781 0.004594)
(0.002781 0.001781 0.004594)
(0.002844 0.001781 0.004594)
(0.002906 0.001781 0.004594)
(0.002969 0.001781 0.004594)
(0.003031 0.001781 0.004594)
(0.003094 0.001781 0.004594)
(0.003156 0.001781 0.004594)
(0.003219 0.001781 0.004594)
(0.003281 0.001781 0.004594)
(0.003344 0.001781 0.004594)
(0.003406 0.001781 0.004594)
(0.003469 0.001781 0.004594)
(0.003531 0.001781 0.004594)
(0.003594 0.001781 0.004594)
(0.003656 0.001781 0.004594)
(0.003719 0.001781 0.004594)
(0.003781 0.001781 0.004594)
(0.003844 0.001781 0.004594)
(0.003906 0.001781 0.004594)
(0.003969 0.001781 0.004594)
(0.002531 0.001844 0.004594)
(0.002594 0.001844 0.004594)
(0.002656 0.001844 0.004594)
(0.002719 0.001844 0.004594)
(0.002781 0.001844 0.004594)
(0.002844 0.001844 0.004594)
(0.002906 0.001844 0.004594)
(0.002969 0.001844 0.004594)
(0.003031 0.001844 0.004594)
(0.003094 0.001844 0.004594)
(0.003156 0.001844 0.004594)
(0.003219 0.001844 0.004594)
(0.003281 0.001844 0.004594)
(0.003344 0.001844 0.004594)
(0.003406 0.001844 0.004594)
(0.003469 0.001844 0.004594)
(0.003531 0.001844 0.004594)
(0.003594 0.001844 0.004594)
(0.003656 0.001844 0.004594)
(0.003719 0.001844 0.004594)
(0.003781 0.001844 0.004594)
(0.003844 0.001844 0.004594)
(0.003906 0.001844 0.004594)
(0.003969 0.001844 0.004594)
(0.002531 0.001906 0.004594)
(0.002594 0.001906 0.004594)
(0.002656 0.001906 0.004594)
(0.002719 0.001906 0.004594)
(0.002781 0.001906 0.004594)
(0.002844 0.001906 0.004594)
(0.002906 0.001906 0.004594)
(0.002969 0.001906 0.004594)
(0.003031 0.001906 0.004594)
(0.003094 0.001906 0.004594)
(0.003156 0.001906 0.004594)
(0.003219 0.001906 0.004594)
(0.003281 0.001906 0.004594)
(0.003344 0.001906 0.004594)
(0.003406 0.001906 0.004594)
(0.003469 0.001906 0.004594)
(0.003531 0.001906 0.004594)
(0.003594 0.001906 0.004594)
(0.003656 0.001906 0.004594)
(0.003719 0.001906 0.004594)
(0.003781 0.001906 0.004594)
(0.003844 0.001906 0.004594)
(0.003906 0.001906 0.004594)
(0.003969 0.001906 0.004594)
(0.002531 0.001969 0.004594)
(0.002594 0.001969 0.004594)
(0.002656 0.001969 0.004594)
(0.002719 0.001969 0.004594)
(0.002781 0.001969 0.004594)
(0.002844 0.001969 0.004594)
(0.002906 0.001969 0.004594)
(0.002969 0.001969 0.004594)
(0.003031 0.001969 0.004594)
(0.003094 0.001969 0.004594)
(0.003156 0.001969 0.004594)
(0.003219 0.001969 0.004594)
(0.003281 0.001969 0.004594)
(0.003344 0.001969 0.004594)
(0.003406 0.001969 0.004594)
(0.003469 0.001969 0.004594)
(0.003531 0.001969 0.004594)
(0.003594 0.001969 0.004594)
(0.003656 0.001969 0.004594)
(0.003719 0.001969 0.004594)
(0.003781 0.001969 0.004594)
(0.003844 0.001969 0.004594)
(0.003906 0.001969 0.004594)
(0.003969 0.001969 0.004594)
(0.002531 0.002031 0.004594)
(0.002594 0.002031 0.004594)
(0.002656 0.002031 0.004594)
(0.002719 0.002031 0.004594)
(0.002781 0.002031 0.004594)
(0.002844 0.002031 0.004594)
(0.002906 0.002031 0.004594)
(0.002969 0.002031 0.004594)
(0.003031 0.002031 0.004594)
(0.003094 0.002031 0.004594)
(0.003156 0.002031 0.004594)
(0.003219 0.002031 0.004594)
(0.003281 0.002031 0.004594)
(0.003344 0.002031 0.004594)
(0.003406 0.002031 0.004594)
(0.003469 0.002031 0.004594)
(0.003531 0.002031 0.004594)
(0.003594 0.002031 0.004594)
(0.003656 0.002031 0.004594)
(0.003719 0.002031 0.004594)
(0.003781 0.002031 0.004594)
(0.003844 0.002031 0.004594)
(0.003906 0.002031 0.004594)
(0.003969 0.002031 0.004594)
(0.002531 0.002094 0.004594)
(0.002594 0.002094 0.004594)
(0.002656 0.002094 0.004594)
(0.002719 0.002094 0.004594)
(0.002781 0.002094 0.004594)
(0.002844 0.002094 0.004594)
(0.002906 0.002094 0.004594)
(0.002969 0.002094 0.004594)
(0.003031 0.002094 0.004594)
(0.003094 0.002094 0.004594)
(0.003156 0.002094 0.004594)
(0.003219 0.002094 0.004594)
(0.003281 0.002094 0.004594)
(0.003344 0.002094 0.004594)
(0.003406 0.002094 0.004594)
(0.003469 0.002094 0.004594)
(0.003531 0.002094 0.004594)
(0.003594 0.002094 0.004594)
(0.003656 0.002094 0.004594)
(0.003719 0.002094 0.004594)
(0.003781 0.002094 0.004594)
(0.003844 0.002094 0.004594)
(0.003906 0.002094 0.004594)
(0.003969 0.002094 0.004594)
(0.002531 0.002156 0.004594)
(0.002594 0.002156 0.004594)
(0.002656 0.002156 0.004594)
(0.002719 0.002156 0.004594)
(0.002781 0.002156 0.004594)
(0.002844 0.002156 0.004594)
(0.002906 0.002156 0.004594)
(0.002969 0.002156 0.004594)
(0.003031 0.002156 0.004594)
(0.003094 0.002156 0.004594)
(0.003156 0.002156 0.004594)
(0.003219 0.002156 0.004594)
(0.003281 0.002156 0.004594)
(0.003344 0.002156 0.004594)
(0.003406 0.002156 0.004594)
(0.003469 0.002156 0.004594)
(0.003531 0.002156 0.004594)
(0.003594 0.002156 0.004594)
(0.003656 0.002156 0.004594)
(0.003719 0.002156 0.004594)
(0.003781 0.002156 0.004594)
(0.003844 0.002156 0.004594)
(0.003906 0.002156 0.004594)
(0.003969 0.002156 0.004594)
(0.002531 0.002219 0.004594)
(0.002594 0.002219 0.004594)
(0.002656 0.002219 0.004594)
(0.002719 0.002219 0.004594)
(0.002781 0.002219 0.004594)
(0.002844 0.002219 0.004594)
(0.002906 0.002219 0.004594)
(0.002969 0.002219 0.004594)
(0.003031 0.002219 0.004594)
(0.003094 0.002219 0.004594)
(0.003156 0.002219 0.004594)
(0.003219 0.002219 0.004594)
(0.003281 0.002219 0.004594)
(0.003344 0.002219 0.004594)
(0.003406 0.002219 0.004594)
(0.003469 0.002219 0.004594)
(0.003531 0.002219 0.004594)
(0.003594 0.002219 0.004594)
(0.003656 0.002219 0.004594)
(0.003719 0.002219 0.004594)
(0.003781 0.002219 0.004594)
(0.003844 0.002219 0.004594)
(0.003906 0.002219 0.004594)
(0.003969 0.002219 0.004594)
(0.002531 0.002281 0.004594)
(0.002594 0.002281 0.004594)
(0.002656 0.002281 0.004594)
(0.002719 0.002281 0.004594)
(0.002781 0.002281 0.004594)
(0.002844 0.002281 0.004594)
(0.002906 0.002281 0.004594)
(0.002969 0.002281 0.004594)
(0.003031 0.002281 0.004594)
(0.003094 0.002281 0.004594)
(0.003156 0.002281 0.004594)
(0.003219 0.002281 0.004594)
(0.003281 0.002281 0.004594)
(0.003344 0.002281 0.004594)
(0.003406 0.002281 0.004594)
(0.003469 0.002281 0.004594)
(0.003531 0.002281 0.004594)
(0.003594 0.002281 0.004594)
(0.003656 0.002281 0.004594)
(0.003719 0.002281 0.004594)
(0.003781 0.002281 0.004594)
(0.003844 0.002281 0.004594)
(0.003906 0.002281 0.004594)
(0.003969 0.002281 0.004594)
(0.002531 0.002344 0.004594)
(0.002594 0.002344 0.004594)
(0.002656 0.002344 0.004594)
(0.002719 0.002344 0.004594)
(0.002781 0.002344 0.004594)
(0.002844 0.002344 0.004594)
(0.002906 0.002344 0.004594)
(0.002969 0.002344 0.004594)
(0.003031 0.002344 0.004594)
(0.003094 0.002344 0.004594)
(0.003156 0.002344 0.004594)
(0.003219 0.002344 0.004594)
(0.003281 0.002344 0.004594)
(0.003344 0.002344 0.004594)
(0.003406 0.002344 0.004594)
(0.003469 0.002344 0.004594)
(0.003531 0.002344 0.004594)
(0.003594 0.002344 0.004594)
(0.003656 0.002344 0.004594)
(0.003719 0.002344 0.004594)
(0.003781 0.002344 0.004594)
(0.003844 0.002344 0.004594)
(0.003906 0.002344 0.004594)
(0.003969 0.002344 0.004594)
(0.002531 0.001281 0.004656)
(0.002594 0.001281 0.004656)
(0.002656 0.001281 0.004656)
(0.002719 0.001281 0.004656)
(0.002781 0.001281 0.004656)
(0.002844 0.001281 0.004656)
(0.002906 0.001281 0.004656)
(0.002969 0.001281 0.004656)
(0.003031 0.001281 0.004656)
(0.003094 0.001281 0.004656)
(0.003156 0.001281 0.004656)
(0.003219 0.001281 0.004656)
(0.003281 0.001281 0.004656)
(0.003344 0.001281 0.004656)
(0.003406 0.001281 0.004656)
(0.003469 0.001281 0.004656)
(0.003531 0.001281 0.004656)
(0.003594 0.001281 0.004656)
(0.003656 0.001281 0.004656)
(0.003719 0.001281 0.004656)
(0.003781 0.001281 0.004656)
(0.003844 0.001281 0.004656)
(0.003906 0.001281 0.004656)
(0.003969 0.001281 0.004656)
(0.002531 0.001344 0.004656)
(0.002594 0.001344 0.004656)
(0.002656 0.001344 0.004656)
(0.002719 0.001344 0.004656)
(0.002781 0.001344 0.004656)
(0.002844 0.001344 0.004656)
(0.002906 0.001344 0.004656)
(0.002969 0.001344 0.004656)
(0.003031 0.001344 0.004656)
(0.003094 0.001344 0.004656)
(0.003156 0.001344 0.004656)
(0.003219 0.001344 0.004656)
(0.003281 0.001344 0.004656)
(0.003344 0.001344 0.004656)
(0.003406 0.001344 0.004656)
(0.003469 0.001344 0.004656)
(0.003531 0.001344 0.004656)
(0.003594 0.001344 0.004656)
(0.003656 0.001344 0.004656)
(0.003719 0.001344 0.004656)
(0.003781 0.001344 0.004656)
(0.003844 0.001344 0.004656)
(0.003906 0.001344 0.004656)
(0.003969 0.001344 0.004656)
(0.002531 0.001406 0.004656)
(0.002594 0.001406 0.004656)
(0.002656 0.001406 0.004656)
(0.002719 0.001406 0.004656)
(0.002781 0.001406 0.004656)
(0.002844 0.001406 0.004656)
(0.002906 0.001406 0.004656)
(0.002969 0.001406 0.004656)
(0.003031 0.001406 0.004656)
(0.003094 0.001406 0.004656)
(0.003156 0.001406 0.004656)
(0.003219 0.001406 0.004656)
(0.003281 0.001406 0.004656)
(0.003344 0.001406 0.004656)
(0.003406 0.001406 0.004656)
(0.003469 0.001406 0.004656)
(0.003531 0.001406 0.004656)
(0.003594 0.001406 0.004656)
(0.003656 0.001406 0.004656)
(0.003719 0.001406 0.004656)
(0.003781 0.001406 0.004656)
(0.003844 0.001406 0.004656)
(0.003906 0.001406 0.004656)
(0.003969 0.001406 0.004656)
(0.002531 0.001469 0.004656)
(0.002594 0.001469 0.004656)
(0.002656 0.001469 0.004656)
(0.002719 0.001469 0.004656)
(0.002781 0.001469 0.004656)
(0.002844 0.001469 0.004656)
(0.002906 0.001469 0.004656)
(0.002969 0.001469 0.004656)
(0.003031 0.001469 0.004656)
(0.003094 0.001469 0.004656)
(0.003156 0.001469 0.004656)
(0.003219 0.001469 0.004656)
(0.003281 0.001469 0.004656)
(0.003344 0.001469 0.004656)
(0.003406 0.001469 0.004656)
(0.003469 0.001469 0.004656)
(0.003531 0.001469 0.004656)
(0.003594 0.001469 0.004656)
(0.003656 0.001469 0.004656)
(0.003719 0.001469 0.004656)
(0.003781 0.001469 0.004656)
(0.003844 0.001469 0.004656)
(0.003906 0.001469 0.004656)
(0.003969 0.001469 0.004656)
(0.002531 0.001531 0.004656)
(0.002594 0.001531 0.004656)
(0.002656 0.001531 0.004656)
(0.002719 0.001531 0.004656)
(0.002781 0.001531 0.004656)
(0.002844 0.001531 0.004656)
(0.002906 0.001531 0.004656)
(0.002969 0.001531 0.004656)
(0.003031 0.001531 0.004656)
(0.003094 0.001531 0.004656)
(0.003156 0.001531 0.004656)
(0.003219 0.001531 0.004656)
(0.003281 0.001531 0.004656)
(0.003344 0.001531 0.004656)
(0.003406 0.001531 0.004656)
(0.003469 0.001531 0.004656)
(0.003531 0.001531 0.004656)
(0.003594 0.001531 0.004656)
(0.003656 0.001531 0.004656)
(0.003719 0.001531 0.004656)
(0.003781 0.001531 0.004656)
(0.003844 0.001531 0.004656)
(0.003906 0.001531 0.004656)
(0.003969 0.001531 0.004656)
(0.002531 0.001594 0.004656)
(0.002594 0.001594 0.004656)
(0.002656 0.001594 0.004656)
(0.002719 0.001594 0.004656)
(0.002781 0.001594 0.004656)
(0.002844 0.001594 0.004656)
(0.002906 0.001594 0.004656)
(0.002969 0.001594 0.004656)
(0.003031 0.001594 0.004656)
(0.003094 0.001594 0.004656)
(0.003156 0.001594 0.004656)
(0.003219 0.001594 0.004656)
(0.003281 0.001594 0.004656)
(0.003344 0.001594 0.004656)
(0.003406 0.001594 0.004656)
(0.003469 0.001594 0.004656)
(0.003531 0.001594 0.004656)
(0.003594 0.001594 0.004656)
(0.003656 0.001594 0.004656)
(0.003719 0.001594 0.004656)
(0.003781 0.001594 0.004656)
(0.003844 0.001594 0.004656)
(0.003906 0.001594 0.004656)
(0.003969 0.001594 0.004656)
(0.002531 0.001656 0.004656)
(0.002594 0.001656 0.004656)
(0.002656 0.001656 0.004656)
(0.002719 0.001656 0.004656)
(0.002781 0.001656 0.004656)
(0.002844 0.001656 0.004656)
(0.002906 0.001656 0.004656)
(0.002969 0.001656 0.004656)
(0.003031 0.001656 0.004656)
(0.003094 0.001656 0.004656)
(0.003156 0.001656 0.004656)
(0.003219 0.001656 0.004656)
(0.003281 0.001656 0.004656)
(0.003344 0.001656 0.004656)
(0.003406 0.001656 0.004656)
(0.003469 0.001656 0.004656)
(0.003531 0.001656 0.004656)
(0.003594 0.001656 0.004656)
(0.003656 0.001656 0.004656)
(0.003719 0.001656 0.004656)
(0.003781 0.001656 0.004656)
(0.003844 0.001656 0.004656)
(0.003906 0.001656 0.004656)
(0.003969 0.001656 0.004656)
(0.002531 0.001719 0.004656)
(0.002594 0.001719 0.004656)
(0.002656 0.001719 0.004656)
(0.002719 0.001719 0.004656)
(0.002781 0.001719 0.004656)
(0.002844 0.001719 0.004656)
(0.002906 0.001719 0.004656)
(0.002969 0.001719 0.004656)
(0.003031 0.001719 0.004656)
(0.003094 0.001719 0.004656)
(0.003156 0.001719 0.004656)
(0.003219 0.001719 0.004656)
(0.003281 0.001719 0.004656)
(0.003344 0.001719 0.004656)
(0.003406 0.001719 0.004656)
(0.003469 0.001719 0.004656)
(0.003531 0.001719 0.004656)
(0.003594 0.001719 0.004656)
(0.003656 0.001719 0.004656)
(0.003719 0.001719 0.004656)
(0.003781 0.001719 0.004656)
(0.003844 0.001719 0.004656)
(0.003906 0.001719 0.004656)
(0.003969 0.001719 0.004656)
(0.002531 0.001781 0.004656)
(0.002594 0.001781 0.004656)
(0.002656 0.001781 0.004656)
(0.002719 0.001781 0.004656)
(0.002781 0.001781 0.004656)
(0.002844 0.001781 0.004656)
(0.002906 0.001781 0.004656)
(0.002969 0.001781 0.004656)
(0.003031 0.001781 0.004656)
(0.003094 0.001781 0.004656)
(0.003156 0.001781 0.004656)
(0.003219 0.001781 0.004656)
(0.003281 0.001781 0.004656)
(0.003344 0.001781 0.004656)
(0.003406 0.001781 0.004656)
(0.003469 0.001781 0.004656)
(0.003531 0.001781 0.004656)
(0.003594 0.001781 0.004656)
(0.003656 0.001781 0.004656)
(0.003719 0.001781 0.004656)
(0.003781 0.001781 0.004656)
(0.003844 0.001781 0.004656)
(0.003906 0.001781 0.004656)
(0.003969 0.001781 0.004656)
(0.002531 0.001844 0.004656)
(0.002594 0.001844 0.004656)
(0.002656 0.001844 0.004656)
(0.002719 0.001844 0.004656)
(0.002781 0.001844 0.004656)
(0.002844 0.001844 0.004656)
(0.002906 0.001844 0.004656)
(0.002969 0.001844 0.004656)
(0.003031 0.001844 0.004656)
(0.003094 0.001844 0.004656)
(0.003156 0.001844 0.004656)
(0.003219 0.001844 0.004656)
(0.003281 0.001844 0.004656)
(0.003344 0.001844 0.004656)
(0.003406 0.001844 0.004656)
(0.003469 0.001844 0.004656)
(0.003531 0.001844 0.004656)
(0.003594 0.001844 0.004656)
(0.003656 0.001844 0.004656)
(0.003719 0.001844 0.004656)
(0.003781 0.001844 0.004656)
(0.003844 0.001844 0.004656)
(0.003906 0.001844 0.004656)
(0.003969 0.001844 0.004656)
(0.002531 0.001906 0.004656)
(0.002594 0.001906 0.004656)
(0.002656 0.001906 0.004656)
(0.002719 0.001906 0.004656)
(0.002781 0.001906 0.004656)
(0.002844 0.001906 0.004656)
(0.002906 0.001906 0.004656)
(0.002969 0.001906 0.004656)
(0.003031 0.001906 0.004656)
(0.003094 0.001906 0.004656)
(0.003156 0.001906 0.004656)
(0.003219 0.001906 0.004656)
(0.003281 0.001906 0.004656)
(0.003344 0.001906 0.004656)
(0.003406 0.001906 0.004656)
(0.003469 0.001906 0.004656)
(0.003531 0.001906 0.004656)
(0.003594 0.001906 0.004656)
(0.003656 0.001906 0.004656)
(0.003719 0.001906 0.004656)
(0.003781 0.001906 0.004656)
(0.003844 0.001906 0.004656)
(0.003906 0.001906 0.004656)
(0.003969 0.001906 0.004656)
(0.002531 0.001969 0.004656)
(0.002594 0.001969 0.004656)
(0.002656 0.001969 0.004656)
(0.002719 0.001969 0.004656)
(0.002781 0.001969 0.004656)
(0.002844 0.001969 0.004656)
(0.002906 0.001969 0.004656)
(0.002969 0.001969 0.004656)
(0.003031 0.001969 0.004656)
(0.003094 0.001969 0.004656)
(0.003156 0.001969 0.004656)
(0.003219 0.001969 0.004656)
(0.003281 0.001969 0.004656)
(0.003344 0.001969 0.004656)
(0.003406 0.001969 0.004656)
(0.003469 0.001969 0.004656)
(0.003531 0.001969 0.004656)
(0.003594 0.001969 0.004656)
(0.003656 0.001969 0.004656)
(0.003719 0.001969 0.004656)
(0.003781 0.001969 0.004656)
(0.003844 0.001969 0.004656)
(0.003906 0.001969 0.004656)
(0.003969 0.001969 0.004656)
(0.002531 0.002031 0.004656)
(0.002594 0.002031 0.004656)
(0.002656 0.002031 0.004656)
(0.002719 0.002031 0.004656)
(0.002781 0.002031 0.004656)
(0.002844 0.002031 0.004656)
(0.002906 0.002031 0.004656)
(0.002969 0.002031 0.004656)
(0.003031 0.002031 0.004656)
(0.003094 0.002031 0.004656)
(0.003156 0.002031 0.004656)
(0.003219 0.002031 0.004656)
(0.003281 0.002031 0.004656)
(0.003344 0.002031 0.004656)
(0.003406 0.002031 0.004656)
(0.003469 0.002031 0.004656)
(0.003531 0.002031 0.004656)
(0.003594 0.002031 0.004656)
(0.003656 0.002031 0.004656)
(0.003719 0.002031 0.004656)
(0.003781 0.002031 0.004656)
(0.003844 0.002031 0.004656)
(0.003906 0.002031 0.004656)
(0.003969 0.002031 0.004656)
(0.002531 0.002094 0.004656)
(0.002594 0.002094 0.004656)
(0.002656 0.002094 0.004656)
(0.002719 0.002094 0.004656)
(0.002781 0.002094 0.004656)
(0.002844 0.002094 0.004656)
(0.002906 0.002094 0.004656)
(0.002969 0.002094 0.004656)
(0.003031 0.002094 0.004656)
(0.003094 0.002094 0.004656)
(0.003156 0.002094 0.004656)
(0.003219 0.002094 0.004656)
(0.003281 0.002094 0.004656)
(0.003344 0.002094 0.004656)
(0.003406 0.002094 0.004656)
(0.003469 0.002094 0.004656)
(0.003531 0.002094 0.004656)
(0.003594 0.002094 0.004656)
(0.003656 0.002094 0.004656)
(0.003719 0.002094 0.004656)
(0.003781 0.002094 0.004656)
(0.003844 0.002094 0.004656)
(0.003906 0.002094 0.004656)
(0.003969 0.002094 0.004656)
(0.002531 0.002156 0.004656)
(0.002594 0.002156 0.004656)
(0.002656 0.002156 0.004656)
(0.002719 0.002156 0.004656)
(0.002781 0.002156 0.004656)
(0.002844 0.002156 0.004656)
(0.002906 0.002156 0.004656)
(0.002969 0.002156 0.004656)
(0.003031 0.002156 0.004656)
(0.003094 0.002156 0.004656)
(0.003156 0.002156 0.004656)
(0.003219 0.002156 0.004656)
(0.003281 0.002156 0.004656)
(0.003344 0.002156 0.004656)
(0.003406 0.002156 0.004656)
(0.003469 0.002156 0.004656)
(0.003531 0.002156 0.004656)
(0.003594 0.002156 0.004656)
(0.003656 0.002156 0.004656)
(0.003719 0.002156 0.004656)
(0.003781 0.002156 0.004656)
(0.003844 0.002156 0.004656)
(0.003906 0.002156 0.004656)
(0.003969 0.002156 0.004656)
(0.002531 0.002219 0.004656)
(0.002594 0.002219 0.004656)
(0.002656 0.002219 0.004656)
(0.002719 0.002219 0.004656)
(0.002781 0.002219 0.004656)
(0.002844 0.002219 0.004656)
(0.002906 0.002219 0.004656)
(0.002969 0.002219 0.004656)
(0.003031 0.002219 0.004656)
(0.003094 0.002219 0.004656)
(0.003156 0.002219 0.004656)
(0.003219 0.002219 0.004656)
(0.003281 0.002219 0.004656)
(0.003344 0.002219 0.004656)
(0.003406 0.002219 0.004656)
(0.003469 0.002219 0.004656)
(0.003531 0.002219 0.004656)
(0.003594 0.002219 0.004656)
(0.003656 0.002219 0.004656)
(0.003719 0.002219 0.004656)
(0.003781 0.002219 0.004656)
(0.003844 0.002219 0.004656)
(0.003906 0.002219 0.004656)
(0.003969 0.002219 0.004656)
(0.002531 0.002281 0.004656)
(0.002594 0.002281 0.004656)
(0.002656 0.002281 0.004656)
(0.002719 0.002281 0.004656)
(0.002781 0.002281 0.004656)
(0.002844 0.002281 0.004656)
(0.002906 0.002281 0.004656)
(0.002969 0.002281 0.004656)
(0.003031 0.002281 0.004656)
(0.003094 0.002281 0.004656)
(0.003156 0.002281 0.004656)
(0.003219 0.002281 0.004656)
(0.003281 0.002281 0.004656)
(0.003344 0.002281 0.004656)
(0.003406 0.002281 0.004656)
(0.003469 0.002281 0.004656)
(0.003531 0.002281 0.004656)
(0.003594 0.002281 0.004656)
(0.003656 0.002281 0.004656)
(0.003719 0.002281 0.004656)
(0.003781 0.002281 0.004656)
(0.003844 0.002281 0.004656)
(0.003906 0.002281 0.004656)
(0.003969 0.002281 0.004656)
(0.002531 0.002344 0.004656)
(0.002594 0.002344 0.004656)
(0.002656 0.002344 0.004656)
(0.002719 0.002344 0.004656)
(0.002781 0.002344 0.004656)
(0.002844 0.002344 0.004656)
(0.002906 0.002344 0.004656)
(0.002969 0.002344 0.004656)
(0.003031 0.002344 0.004656)
(0.003094 0.002344 0.004656)
(0.003156 0.002344 0.004656)
(0.003219 0.002344 0.004656)
(0.003281 0.002344 0.004656)
(0.003344 0.002344 0.004656)
(0.003406 0.002344 0.004656)
(0.003469 0.002344 0.004656)
(0.003531 0.002344 0.004656)
(0.003594 0.002344 0.004656)
(0.003656 0.002344 0.004656)
(0.003719 0.002344 0.004656)
(0.003781 0.002344 0.004656)
(0.003844 0.002344 0.004656)
(0.003906 0.002344 0.004656)
(0.003969 0.002344 0.004656)
(0.002531 0.001281 0.004719)
(0.002594 0.001281 0.004719)
(0.002656 0.001281 0.004719)
(0.002719 0.001281 0.004719)
(0.002781 0.001281 0.004719)
(0.002844 0.001281 0.004719)
(0.002906 0.001281 0.004719)
(0.002969 0.001281 0.004719)
(0.003031 0.001281 0.004719)
(0.003094 0.001281 0.004719)
(0.003156 0.001281 0.004719)
(0.003219 0.001281 0.004719)
(0.003281 0.001281 0.004719)
(0.003344 0.001281 0.004719)
(0.003406 0.001281 0.004719)
(0.003469 0.001281 0.004719)
(0.003531 0.001281 0.004719)
(0.003594 0.001281 0.004719)
(0.003656 0.001281 0.004719)
(0.003719 0.001281 0.004719)
(0.003781 0.001281 0.004719)
(0.003844 0.001281 0.004719)
(0.003906 0.001281 0.004719)
(0.003969 0.001281 0.004719)
(0.002531 0.001344 0.004719)
(0.002594 0.001344 0.004719)
(0.002656 0.001344 0.004719)
(0.002719 0.001344 0.004719)
(0.002781 0.001344 0.004719)
(0.002844 0.001344 0.004719)
(0.002906 0.001344 0.004719)
(0.002969 0.001344 0.004719)
(0.003031 0.001344 0.004719)
(0.003094 0.001344 0.004719)
(0.003156 0.001344 0.004719)
(0.003219 0.001344 0.004719)
(0.003281 0.001344 0.004719)
(0.003344 0.001344 0.004719)
(0.003406 0.001344 0.004719)
(0.003469 0.001344 0.004719)
(0.003531 0.001344 0.004719)
(0.003594 0.001344 0.004719)
(0.003656 0.001344 0.004719)
(0.003719 0.001344 0.004719)
(0.003781 0.001344 0.004719)
(0.003844 0.001344 0.004719)
(0.003906 0.001344 0.004719)
(0.003969 0.001344 0.004719)
(0.002531 0.001406 0.004719)
(0.002594 0.001406 0.004719)
(0.002656 0.001406 0.004719)
(0.002719 0.001406 0.004719)
(0.002781 0.001406 0.004719)
(0.002844 0.001406 0.004719)
(0.002906 0.001406 0.004719)
(0.002969 0.001406 0.004719)
(0.003031 0.001406 0.004719)
(0.003094 0.001406 0.004719)
(0.003156 0.001406 0.004719)
(0.003219 0.001406 0.004719)
(0.003281 0.001406 0.004719)
(0.003344 0.001406 0.004719)
(0.003406 0.001406 0.004719)
(0.003469 0.001406 0.004719)
(0.003531 0.001406 0.004719)
(0.003594 0.001406 0.004719)
(0.003656 0.001406 0.004719)
(0.003719 0.001406 0.004719)
(0.003781 0.001406 0.004719)
(0.003844 0.001406 0.004719)
(0.003906 0.001406 0.004719)
(0.003969 0.001406 0.004719)
(0.002531 0.001469 0.004719)
(0.002594 0.001469 0.004719)
(0.002656 0.001469 0.004719)
(0.002719 0.001469 0.004719)
(0.002781 0.001469 0.004719)
(0.002844 0.001469 0.004719)
(0.002906 0.001469 0.004719)
(0.002969 0.001469 0.004719)
(0.003031 0.001469 0.004719)
(0.003094 0.001469 0.004719)
(0.003156 0.001469 0.004719)
(0.003219 0.001469 0.004719)
(0.003281 0.001469 0.004719)
(0.003344 0.001469 0.004719)
(0.003406 0.001469 0.004719)
(0.003469 0.001469 0.004719)
(0.003531 0.001469 0.004719)
(0.003594 0.001469 0.004719)
(0.003656 0.001469 0.004719)
(0.003719 0.001469 0.004719)
(0.003781 0.001469 0.004719)
(0.003844 0.001469 0.004719)
(0.003906 0.001469 0.004719)
(0.003969 0.001469 0.004719)
(0.002531 0.001531 0.004719)
(0.002594 0.001531 0.004719)
(0.002656 0.001531 0.004719)
(0.002719 0.001531 0.004719)
(0.002781 0.001531 0.004719)
(0.002844 0.001531 0.004719)
(0.002906 0.001531 0.004719)
(0.002969 0.001531 0.004719)
(0.003031 0.001531 0.004719)
(0.003094 0.001531 0.004719)
(0.003156 0.001531 0.004719)
(0.003219 0.001531 0.004719)
(0.003281 0.001531 0.004719)
(0.003344 0.001531 0.004719)
(0.003406 0.001531 0.004719)
(0.003469 0.001531 0.004719)
(0.003531 0.001531 0.004719)
(0.003594 0.001531 0.004719)
(0.003656 0.001531 0.004719)
(0.003719 0.001531 0.004719)
(0.003781 0.001531 0.004719)
(0.003844 0.001531 0.004719)
(0.003906 0.001531 0.004719)
(0.003969 0.001531 0.004719)
(0.002531 0.001594 0.004719)
(0.002594 0.001594 0.004719)
(0.002656 0.001594 0.004719)
(0.002719 0.001594 0.004719)
(0.002781 0.001594 0.004719)
(0.002844 0.001594 0.004719)
(0.002906 0.001594 0.004719)
(0.002969 0.001594 0.004719)
(0.003031 0.001594 0.004719)
(0.003094 0.001594 0.004719)
(0.003156 0.001594 0.004719)
(0.003219 0.001594 0.004719)
(0.003281 0.001594 0.004719)
(0.003344 0.001594 0.004719)
(0.003406 0.001594 0.004719)
(0.003469 0.001594 0.004719)
(0.003531 0.001594 0.004719)
(0.003594 0.001594 0.004719)
(0.003656 0.001594 0.004719)
(0.003719 0.001594 0.004719)
(0.003781 0.001594 0.004719)
(0.003844 0.001594 0.004719)
(0.003906 0.001594 0.004719)
(0.003969 0.001594 0.004719)
(0.002531 0.001656 0.004719)
(0.002594 0.001656 0.004719)
(0.002656 0.001656 0.004719)
(0.002719 0.001656 0.004719)
(0.002781 0.001656 0.004719)
(0.002844 0.001656 0.004719)
(0.002906 0.001656 0.004719)
(0.002969 0.001656 0.004719)
(0.003031 0.001656 0.004719)
(0.003094 0.001656 0.004719)
(0.003156 0.001656 0.004719)
(0.003219 0.001656 0.004719)
(0.003281 0.001656 0.004719)
(0.003344 0.001656 0.004719)
(0.003406 0.001656 0.004719)
(0.003469 0.001656 0.004719)
(0.003531 0.001656 0.004719)
(0.003594 0.001656 0.004719)
(0.003656 0.001656 0.004719)
(0.003719 0.001656 0.004719)
(0.003781 0.001656 0.004719)
(0.003844 0.001656 0.004719)
(0.003906 0.001656 0.004719)
(0.003969 0.001656 0.004719)
(0.002531 0.001719 0.004719)
(0.002594 0.001719 0.004719)
(0.002656 0.001719 0.004719)
(0.002719 0.001719 0.004719)
(0.002781 0.001719 0.004719)
(0.002844 0.001719 0.004719)
(0.002906 0.001719 0.004719)
(0.002969 0.001719 0.004719)
(0.003031 0.001719 0.004719)
(0.003094 0.001719 0.004719)
(0.003156 0.001719 0.004719)
(0.003219 0.001719 0.004719)
(0.003281 0.001719 0.004719)
(0.003344 0.001719 0.004719)
(0.003406 0.001719 0.004719)
(0.003469 0.001719 0.004719)
(0.003531 0.001719 0.004719)
(0.003594 0.001719 0.004719)
(0.003656 0.001719 0.004719)
(0.003719 0.001719 0.004719)
(0.003781 0.001719 0.004719)
(0.003844 0.001719 0.004719)
(0.003906 0.001719 0.004719)
(0.003969 0.001719 0.004719)
(0.002531 0.001781 0.004719)
(0.002594 0.001781 0.004719)
(0.002656 0.001781 0.004719)
(0.002719 0.001781 0.004719)
(0.002781 0.001781 0.004719)
(0.002844 0.001781 0.004719)
(0.002906 0.001781 0.004719)
(0.002969 0.001781 0.004719)
(0.003031 0.001781 0.004719)
(0.003094 0.001781 0.004719)
(0.003156 0.001781 0.004719)
(0.003219 0.001781 0.004719)
(0.003281 0.001781 0.004719)
(0.003344 0.001781 0.004719)
(0.003406 0.001781 0.004719)
(0.003469 0.001781 0.004719)
(0.003531 0.001781 0.004719)
(0.003594 0.001781 0.004719)
(0.003656 0.001781 0.004719)
(0.003719 0.001781 0.004719)
(0.003781 0.001781 0.004719)
(0.003844 0.001781 0.004719)
(0.003906 0.001781 0.004719)
(0.003969 0.001781 0.004719)
(0.002531 0.001844 0.004719)
(0.002594 0.001844 0.004719)
(0.002656 0.001844 0.004719)
(0.002719 0.001844 0.004719)
(0.002781 0.001844 0.004719)
(0.002844 0.001844 0.004719)
(0.002906 0.001844 0.004719)
(0.002969 0.001844 0.004719)
(0.003031 0.001844 0.004719)
(0.003094 0.001844 0.004719)
(0.003156 0.001844 0.004719)
(0.003219 0.001844 0.004719)
(0.003281 0.001844 0.004719)
(0.003344 0.001844 0.004719)
(0.003406 0.001844 0.004719)
(0.003469 0.001844 0.004719)
(0.003531 0.001844 0.004719)
(0.003594 0.001844 0.004719)
(0.003656 0.001844 0.004719)
(0.003719 0.001844 0.004719)
(0.003781 0.001844 0.004719)
(0.003844 0.001844 0.004719)
(0.003906 0.001844 0.004719)
(0.003969 0.001844 0.004719)
(0.002531 0.001906 0.004719)
(0.002594 0.001906 0.004719)
(0.002656 0.001906 0.004719)
(0.002719 0.001906 0.004719)
(0.002781 0.001906 0.004719)
(0.002844 0.001906 0.004719)
(0.002906 0.001906 0.004719)
(0.002969 0.001906 0.004719)
(0.003031 0.001906 0.004719)
(0.003094 0.001906 0.004719)
(0.003156 0.001906 0.004719)
(0.003219 0.001906 0.004719)
(0.003281 0.001906 0.004719)
(0.003344 0.001906 0.004719)
(0.003406 0.001906 0.004719)
(0.003469 0.001906 0.004719)
(0.003531 0.001906 0.004719)
(0.003594 0.001906 0.004719)
(0.003656 0.001906 0.004719)
(0.003719 0.001906 0.004719)
(0.003781 0.001906 0.004719)
(0.003844 0.001906 0.004719)
(0.003906 0.001906 0.004719)
(0.003969 0.001906 0.004719)
(0.002531 0.001969 0.004719)
(0.002594 0.001969 0.004719)
(0.002656 0.001969 0.004719)
(0.002719 0.001969 0.004719)
(0.002781 0.001969 0.004719)
(0.002844 0.001969 0.004719)
(0.002906 0.001969 0.004719)
(0.002969 0.001969 0.004719)
(0.003031 0.001969 0.004719)
(0.003094 0.001969 0.004719)
(0.003156 0.001969 0.004719)
(0.003219 0.001969 0.004719)
(0.003281 0.001969 0.004719)
(0.003344 0.001969 0.004719)
(0.003406 0.001969 0.004719)
(0.003469 0.001969 0.004719)
(0.003531 0.001969 0.004719)
(0.003594 0.001969 0.004719)
(0.003656 0.001969 0.004719)
(0.003719 0.001969 0.004719)
(0.003781 0.001969 0.004719)
(0.003844 0.001969 0.004719)
(0.003906 0.001969 0.004719)
(0.003969 0.001969 0.004719)
(0.002531 0.002031 0.004719)
(0.002594 0.002031 0.004719)
(0.002656 0.002031 0.004719)
(0.002719 0.002031 0.004719)
(0.002781 0.002031 0.004719)
(0.002844 0.002031 0.004719)
(0.002906 0.002031 0.004719)
(0.002969 0.002031 0.004719)
(0.003031 0.002031 0.004719)
(0.003094 0.002031 0.004719)
(0.003156 0.002031 0.004719)
(0.003219 0.002031 0.004719)
(0.003281 0.002031 0.004719)
(0.003344 0.002031 0.004719)
(0.003406 0.002031 0.004719)
(0.003469 0.002031 0.004719)
(0.003531 0.002031 0.004719)
(0.003594 0.002031 0.004719)
(0.003656 0.002031 0.004719)
(0.003719 0.002031 0.004719)
(0.003781 0.002031 0.004719)
(0.003844 0.002031 0.004719)
(0.003906 0.002031 0.004719)
(0.003969 0.002031 0.004719)
(0.002531 0.002094 0.004719)
(0.002594 0.002094 0.004719)
(0.002656 0.002094 0.004719)
(0.002719 0.002094 0.004719)
(0.002781 0.002094 0.004719)
(0.002844 0.002094 0.004719)
(0.002906 0.002094 0.004719)
(0.002969 0.002094 0.004719)
(0.003031 0.002094 0.004719)
(0.003094 0.002094 0.004719)
(0.003156 0.002094 0.004719)
(0.003219 0.002094 0.004719)
(0.003281 0.002094 0.004719)
(0.003344 0.002094 0.004719)
(0.003406 0.002094 0.004719)
(0.003469 0.002094 0.004719)
(0.003531 0.002094 0.004719)
(0.003594 0.002094 0.004719)
(0.003656 0.002094 0.004719)
(0.003719 0.002094 0.004719)
(0.003781 0.002094 0.004719)
(0.003844 0.002094 0.004719)
(0.003906 0.002094 0.004719)
(0.003969 0.002094 0.004719)
(0.002531 0.002156 0.004719)
(0.002594 0.002156 0.004719)
(0.002656 0.002156 0.004719)
(0.002719 0.002156 0.004719)
(0.002781 0.002156 0.004719)
(0.002844 0.002156 0.004719)
(0.002906 0.002156 0.004719)
(0.002969 0.002156 0.004719)
(0.003031 0.002156 0.004719)
(0.003094 0.002156 0.004719)
(0.003156 0.002156 0.004719)
(0.003219 0.002156 0.004719)
(0.003281 0.002156 0.004719)
(0.003344 0.002156 0.004719)
(0.003406 0.002156 0.004719)
(0.003469 0.002156 0.004719)
(0.003531 0.002156 0.004719)
(0.003594 0.002156 0.004719)
(0.003656 0.002156 0.004719)
(0.003719 0.002156 0.004719)
(0.003781 0.002156 0.004719)
(0.003844 0.002156 0.004719)
(0.003906 0.002156 0.004719)
(0.003969 0.002156 0.004719)
(0.002531 0.002219 0.004719)
(0.002594 0.002219 0.004719)
(0.002656 0.002219 0.004719)
(0.002719 0.002219 0.004719)
(0.002781 0.002219 0.004719)
(0.002844 0.002219 0.004719)
(0.002906 0.002219 0.004719)
(0.002969 0.002219 0.004719)
(0.003031 0.002219 0.004719)
(0.003094 0.002219 0.004719)
(0.003156 0.002219 0.004719)
(0.003219 0.002219 0.004719)
(0.003281 0.002219 0.004719)
(0.003344 0.002219 0.004719)
(0.003406 0.002219 0.004719)
(0.003469 0.002219 0.004719)
(0.003531 0.002219 0.004719)
(0.003594 0.002219 0.004719)
(0.003656 0.002219 0.004719)
(0.003719 0.002219 0.004719)
(0.003781 0.002219 0.004719)
(0.003844 0.002219 0.004719)
(0.003906 0.002219 0.004719)
(0.003969 0.002219 0.004719)
(0.002531 0.002281 0.004719)
(0.002594 0.002281 0.004719)
(0.002656 0.002281 0.004719)
(0.002719 0.002281 0.004719)
(0.002781 0.002281 0.004719)
(0.002844 0.002281 0.004719)
(0.002906 0.002281 0.004719)
(0.002969 0.002281 0.004719)
(0.003031 0.002281 0.004719)
(0.003094 0.002281 0.004719)
(0.003156 0.002281 0.004719)
(0.003219 0.002281 0.004719)
(0.003281 0.002281 0.004719)
(0.003344 0.002281 0.004719)
(0.003406 0.002281 0.004719)
(0.003469 0.002281 0.004719)
(0.003531 0.002281 0.004719)
(0.003594 0.002281 0.004719)
(0.003656 0.002281 0.004719)
(0.003719 0.002281 0.004719)
(0.003781 0.002281 0.004719)
(0.003844 0.002281 0.004719)
(0.003906 0.002281 0.004719)
(0.003969 0.002281 0.004719)
(0.002531 0.002344 0.004719)
(0.002594 0.002344 0.004719)
(0.002656 0.002344 0.004719)
(0.002719 0.002344 0.004719)
(0.002781 0.002344 0.004719)
(0.002844 0.002344 0.004719)
(0.002906 0.002344 0.004719)
(0.002969 0.002344 0.004719)
(0.003031 0.002344 0.004719)
(0.003094 0.002344 0.004719)
(0.003156 0.002344 0.004719)
(0.003219 0.002344 0.004719)
(0.003281 0.002344 0.004719)
(0.003344 0.002344 0.004719)
(0.003406 0.002344 0.004719)
(0.003469 0.002344 0.004719)
(0.003531 0.002344 0.004719)
(0.003594 0.002344 0.004719)
(0.003656 0.002344 0.004719)
(0.003719 0.002344 0.004719)
(0.003781 0.002344 0.004719)
(0.003844 0.002344 0.004719)
(0.003906 0.002344 0.004719)
(0.003969 0.002344 0.004719)
(0.002531 0.001281 0.004781)
(0.002594 0.001281 0.004781)
(0.002656 0.001281 0.004781)
(0.002719 0.001281 0.004781)
(0.002781 0.001281 0.004781)
(0.002844 0.001281 0.004781)
(0.002906 0.001281 0.004781)
(0.002969 0.001281 0.004781)
(0.003031 0.001281 0.004781)
(0.003094 0.001281 0.004781)
(0.003156 0.001281 0.004781)
(0.003219 0.001281 0.004781)
(0.003281 0.001281 0.004781)
(0.003344 0.001281 0.004781)
(0.003406 0.001281 0.004781)
(0.003469 0.001281 0.004781)
(0.003531 0.001281 0.004781)
(0.003594 0.001281 0.004781)
(0.003656 0.001281 0.004781)
(0.003719 0.001281 0.004781)
(0.003781 0.001281 0.004781)
(0.003844 0.001281 0.004781)
(0.003906 0.001281 0.004781)
(0.003969 0.001281 0.004781)
(0.002531 0.001344 0.004781)
(0.002594 0.001344 0.004781)
(0.002656 0.001344 0.004781)
(0.002719 0.001344 0.004781)
(0.002781 0.001344 0.004781)
(0.002844 0.001344 0.004781)
(0.002906 0.001344 0.004781)
(0.002969 0.001344 0.004781)
(0.003031 0.001344 0.004781)
(0.003094 0.001344 0.004781)
(0.003156 0.001344 0.004781)
(0.003219 0.001344 0.004781)
(0.003281 0.001344 0.004781)
(0.003344 0.001344 0.004781)
(0.003406 0.001344 0.004781)
(0.003469 0.001344 0.004781)
(0.003531 0.001344 0.004781)
(0.003594 0.001344 0.004781)
(0.003656 0.001344 0.004781)
(0.003719 0.001344 0.004781)
(0.003781 0.001344 0.004781)
(0.003844 0.001344 0.004781)
(0.003906 0.001344 0.004781)
(0.003969 0.001344 0.004781)
(0.002531 0.001406 0.004781)
(0.002594 0.001406 0.004781)
(0.002656 0.001406 0.004781)
(0.002719 0.001406 0.004781)
(0.002781 0.001406 0.004781)
(0.002844 0.001406 0.004781)
(0.002906 0.001406 0.004781)
(0.002969 0.001406 0.004781)
(0.003031 0.001406 0.004781)
(0.003094 0.001406 0.004781)
(0.003156 0.001406 0.004781)
(0.003219 0.001406 0.004781)
(0.003281 0.001406 0.004781)
(0.003344 0.001406 0.004781)
(0.003406 0.001406 0.004781)
(0.003469 0.001406 0.004781)
(0.003531 0.001406 0.004781)
(0.003594 0.001406 0.004781)
(0.003656 0.001406 0.004781)
(0.003719 0.001406 0.004781)
(0.003781 0.001406 0.004781)
(0.003844 0.001406 0.004781)
(0.003906 0.001406 0.004781)
(0.003969 0.001406 0.004781)
(0.002531 0.001469 0.004781)
(0.002594 0.001469 0.004781)
(0.002656 0.001469 0.004781)
(0.002719 0.001469 0.004781)
(0.002781 0.001469 0.004781)
(0.002844 0.001469 0.004781)
(0.002906 0.001469 0.004781)
(0.002969 0.001469 0.004781)
(0.003031 0.001469 0.004781)
(0.003094 0.001469 0.004781)
(0.003156 0.001469 0.004781)
(0.003219 0.001469 0.004781)
(0.003281 0.001469 0.004781)
(0.003344 0.001469 0.004781)
(0.003406 0.001469 0.004781)
(0.003469 0.001469 0.004781)
(0.003531 0.001469 0.004781)
(0.003594 0.001469 0.004781)
(0.003656 0.001469 0.004781)
(0.003719 0.001469 0.004781)
(0.003781 0.001469 0.004781)
(0.003844 0.001469 0.004781)
(0.003906 0.001469 0.004781)
(0.003969 0.001469 0.004781)
(0.002531 0.001531 0.004781)
(0.002594 0.001531 0.004781)
(0.002656 0.001531 0.004781)
(0.002719 0.001531 0.004781)
(0.002781 0.001531 0.004781)
(0.002844 0.001531 0.004781)
(0.002906 0.001531 0.004781)
(0.002969 0.001531 0.004781)
(0.003031 0.001531 0.004781)
(0.003094 0.001531 0.004781)
(0.003156 0.001531 0.004781)
(0.003219 0.001531 0.004781)
(0.003281 0.001531 0.004781)
(0.003344 0.001531 0.004781)
(0.003406 0.001531 0.004781)
(0.003469 0.001531 0.004781)
(0.003531 0.001531 0.004781)
(0.003594 0.001531 0.004781)
(0.003656 0.001531 0.004781)
(0.003719 0.001531 0.004781)
(0.003781 0.001531 0.004781)
(0.003844 0.001531 0.004781)
(0.003906 0.001531 0.004781)
(0.003969 0.001531 0.004781)
(0.002531 0.001594 0.004781)
(0.002594 0.001594 0.004781)
(0.002656 0.001594 0.004781)
(0.002719 0.001594 0.004781)
(0.002781 0.001594 0.004781)
(0.002844 0.001594 0.004781)
(0.002906 0.001594 0.004781)
(0.002969 0.001594 0.004781)
(0.003031 0.001594 0.004781)
(0.003094 0.001594 0.004781)
(0.003156 0.001594 0.004781)
(0.003219 0.001594 0.004781)
(0.003281 0.001594 0.004781)
(0.003344 0.001594 0.004781)
(0.003406 0.001594 0.004781)
(0.003469 0.001594 0.004781)
(0.003531 0.001594 0.004781)
(0.003594 0.001594 0.004781)
(0.003656 0.001594 0.004781)
(0.003719 0.001594 0.004781)
(0.003781 0.001594 0.004781)
(0.003844 0.001594 0.004781)
(0.003906 0.001594 0.004781)
(0.003969 0.001594 0.004781)
(0.002531 0.001656 0.004781)
(0.002594 0.001656 0.004781)
(0.002656 0.001656 0.004781)
(0.002719 0.001656 0.004781)
(0.002781 0.001656 0.004781)
(0.002844 0.001656 0.004781)
(0.002906 0.001656 0.004781)
(0.002969 0.001656 0.004781)
(0.003031 0.001656 0.004781)
(0.003094 0.001656 0.004781)
(0.003156 0.001656 0.004781)
(0.003219 0.001656 0.004781)
(0.003281 0.001656 0.004781)
(0.003344 0.001656 0.004781)
(0.003406 0.001656 0.004781)
(0.003469 0.001656 0.004781)
(0.003531 0.001656 0.004781)
(0.003594 0.001656 0.004781)
(0.003656 0.001656 0.004781)
(0.003719 0.001656 0.004781)
(0.003781 0.001656 0.004781)
(0.003844 0.001656 0.004781)
(0.003906 0.001656 0.004781)
(0.003969 0.001656 0.004781)
(0.002531 0.001719 0.004781)
(0.002594 0.001719 0.004781)
(0.002656 0.001719 0.004781)
(0.002719 0.001719 0.004781)
(0.002781 0.001719 0.004781)
(0.002844 0.001719 0.004781)
(0.002906 0.001719 0.004781)
(0.002969 0.001719 0.004781)
(0.003031 0.001719 0.004781)
(0.003094 0.001719 0.004781)
(0.003156 0.001719 0.004781)
(0.003219 0.001719 0.004781)
(0.003281 0.001719 0.004781)
(0.003344 0.001719 0.004781)
(0.003406 0.001719 0.004781)
(0.003469 0.001719 0.004781)
(0.003531 0.001719 0.004781)
(0.003594 0.001719 0.004781)
(0.003656 0.001719 0.004781)
(0.003719 0.001719 0.004781)
(0.003781 0.001719 0.004781)
(0.003844 0.001719 0.004781)
(0.003906 0.001719 0.004781)
(0.003969 0.001719 0.004781)
(0.002531 0.001781 0.004781)
(0.002594 0.001781 0.004781)
(0.002656 0.001781 0.004781)
(0.002719 0.001781 0.004781)
(0.002781 0.001781 0.004781)
(0.002844 0.001781 0.004781)
(0.002906 0.001781 0.004781)
(0.002969 0.001781 0.004781)
(0.003031 0.001781 0.004781)
(0.003094 0.001781 0.004781)
(0.003156 0.001781 0.004781)
(0.003219 0.001781 0.004781)
(0.003281 0.001781 0.004781)
(0.003344 0.001781 0.004781)
(0.003406 0.001781 0.004781)
(0.003469 0.001781 0.004781)
(0.003531 0.001781 0.004781)
(0.003594 0.001781 0.004781)
(0.003656 0.001781 0.004781)
(0.003719 0.001781 0.004781)
(0.003781 0.001781 0.004781)
(0.003844 0.001781 0.004781)
(0.003906 0.001781 0.004781)
(0.003969 0.001781 0.004781)
(0.002531 0.001844 0.004781)
(0.002594 0.001844 0.004781)
(0.002656 0.001844 0.004781)
(0.002719 0.001844 0.004781)
(0.002781 0.001844 0.004781)
(0.002844 0.001844 0.004781)
(0.002906 0.001844 0.004781)
(0.002969 0.001844 0.004781)
(0.003031 0.001844 0.004781)
(0.003094 0.001844 0.004781)
(0.003156 0.001844 0.004781)
(0.003219 0.001844 0.004781)
(0.003281 0.001844 0.004781)
(0.003344 0.001844 0.004781)
(0.003406 0.001844 0.004781)
(0.003469 0.001844 0.004781)
(0.003531 0.001844 0.004781)
(0.003594 0.001844 0.004781)
(0.003656 0.001844 0.004781)
(0.003719 0.001844 0.004781)
(0.003781 0.001844 0.004781)
(0.003844 0.001844 0.004781)
(0.003906 0.001844 0.004781)
(0.003969 0.001844 0.004781)
(0.002531 0.001906 0.004781)
(0.002594 0.001906 0.004781)
(0.002656 0.001906 0.004781)
(0.002719 0.001906 0.004781)
(0.002781 0.001906 0.004781)
(0.002844 0.001906 0.004781)
(0.002906 0.001906 0.004781)
(0.002969 0.001906 0.004781)
(0.003031 0.001906 0.004781)
(0.003094 0.001906 0.004781)
(0.003156 0.001906 0.004781)
(0.003219 0.001906 0.004781)
(0.003281 0.001906 0.004781)
(0.003344 0.001906 0.004781)
(0.003406 0.001906 0.004781)
(0.003469 0.001906 0.004781)
(0.003531 0.001906 0.004781)
(0.003594 0.001906 0.004781)
(0.003656 0.001906 0.004781)
(0.003719 0.001906 0.004781)
(0.003781 0.001906 0.004781)
(0.003844 0.001906 0.004781)
(0.003906 0.001906 0.004781)
(0.003969 0.001906 0.004781)
(0.002531 0.001969 0.004781)
(0.002594 0.001969 0.004781)
(0.002656 0.001969 0.004781)
(0.002719 0.001969 0.004781)
(0.002781 0.001969 0.004781)
(0.002844 0.001969 0.004781)
(0.002906 0.001969 0.004781)
(0.002969 0.001969 0.004781)
(0.003031 0.001969 0.004781)
(0.003094 0.001969 0.004781)
(0.003156 0.001969 0.004781)
(0.003219 0.001969 0.004781)
(0.003281 0.001969 0.004781)
(0.003344 0.001969 0.004781)
(0.003406 0.001969 0.004781)
(0.003469 0.001969 0.004781)
(0.003531 0.001969 0.004781)
(0.003594 0.001969 0.004781)
(0.003656 0.001969 0.004781)
(0.003719 0.001969 0.004781)
(0.003781 0.001969 0.004781)
(0.003844 0.001969 0.004781)
(0.003906 0.001969 0.004781)
(0.003969 0.001969 0.004781)
(0.002531 0.002031 0.004781)
(0.002594 0.002031 0.004781)
(0.002656 0.002031 0.004781)
(0.002719 0.002031 0.004781)
(0.002781 0.002031 0.004781)
(0.002844 0.002031 0.004781)
(0.002906 0.002031 0.004781)
(0.002969 0.002031 0.004781)
(0.003031 0.002031 0.004781)
(0.003094 0.002031 0.004781)
(0.003156 0.002031 0.004781)
(0.003219 0.002031 0.004781)
(0.003281 0.002031 0.004781)
(0.003344 0.002031 0.004781)
(0.003406 0.002031 0.004781)
(0.003469 0.002031 0.004781)
(0.003531 0.002031 0.004781)
(0.003594 0.002031 0.004781)
(0.003656 0.002031 0.004781)
(0.003719 0.002031 0.004781)
(0.003781 0.002031 0.004781)
(0.003844 0.002031 0.004781)
(0.003906 0.002031 0.004781)
(0.003969 0.002031 0.004781)
(0.002531 0.002094 0.004781)
(0.002594 0.002094 0.004781)
(0.002656 0.002094 0.004781)
(0.002719 0.002094 0.004781)
(0.002781 0.002094 0.004781)
(0.002844 0.002094 0.004781)
(0.002906 0.002094 0.004781)
(0.002969 0.002094 0.004781)
(0.003031 0.002094 0.004781)
(0.003094 0.002094 0.004781)
(0.003156 0.002094 0.004781)
(0.003219 0.002094 0.004781)
(0.003281 0.002094 0.004781)
(0.003344 0.002094 0.004781)
(0.003406 0.002094 0.004781)
(0.003469 0.002094 0.004781)
(0.003531 0.002094 0.004781)
(0.003594 0.002094 0.004781)
(0.003656 0.002094 0.004781)
(0.003719 0.002094 0.004781)
(0.003781 0.002094 0.004781)
(0.003844 0.002094 0.004781)
(0.003906 0.002094 0.004781)
(0.003969 0.002094 0.004781)
(0.002531 0.002156 0.004781)
(0.002594 0.002156 0.004781)
(0.002656 0.002156 0.004781)
(0.002719 0.002156 0.004781)
(0.002781 0.002156 0.004781)
(0.002844 0.002156 0.004781)
(0.002906 0.002156 0.004781)
(0.002969 0.002156 0.004781)
(0.003031 0.002156 0.004781)
(0.003094 0.002156 0.004781)
(0.003156 0.002156 0.004781)
(0.003219 0.002156 0.004781)
(0.003281 0.002156 0.004781)
(0.003344 0.002156 0.004781)
(0.003406 0.002156 0.004781)
(0.003469 0.002156 0.004781)
(0.003531 0.002156 0.004781)
(0.003594 0.002156 0.004781)
(0.003656 0.002156 0.004781)
(0.003719 0.002156 0.004781)
(0.003781 0.002156 0.004781)
(0.003844 0.002156 0.004781)
(0.003906 0.002156 0.004781)
(0.003969 0.002156 0.004781)
(0.002531 0.002219 0.004781)
(0.002594 0.002219 0.004781)
(0.002656 0.002219 0.004781)
(0.002719 0.002219 0.004781)
(0.002781 0.002219 0.004781)
(0.002844 0.002219 0.004781)
(0.002906 0.002219 0.004781)
(0.002969 0.002219 0.004781)
(0.003031 0.002219 0.004781)
(0.003094 0.002219 0.004781)
(0.003156 0.002219 0.004781)
(0.003219 0.002219 0.004781)
(0.003281 0.002219 0.004781)
(0.003344 0.002219 0.004781)
(0.003406 0.002219 0.004781)
(0.003469 0.002219 0.004781)
(0.003531 0.002219 0.004781)
(0.003594 0.002219 0.004781)
(0.003656 0.002219 0.004781)
(0.003719 0.002219 0.004781)
(0.003781 0.002219 0.004781)
(0.003844 0.002219 0.004781)
(0.003906 0.002219 0.004781)
(0.003969 0.002219 0.004781)
(0.002531 0.002281 0.004781)
(0.002594 0.002281 0.004781)
(0.002656 0.002281 0.004781)
(0.002719 0.002281 0.004781)
(0.002781 0.002281 0.004781)
(0.002844 0.002281 0.004781)
(0.002906 0.002281 0.004781)
(0.002969 0.002281 0.004781)
(0.003031 0.002281 0.004781)
(0.003094 0.002281 0.004781)
(0.003156 0.002281 0.004781)
(0.003219 0.002281 0.004781)
(0.003281 0.002281 0.004781)
(0.003344 0.002281 0.004781)
(0.003406 0.002281 0.004781)
(0.003469 0.002281 0.004781)
(0.003531 0.002281 0.004781)
(0.003594 0.002281 0.004781)
(0.003656 0.002281 0.004781)
(0.003719 0.002281 0.004781)
(0.003781 0.002281 0.004781)
(0.003844 0.002281 0.004781)
(0.003906 0.002281 0.004781)
(0.003969 0.002281 0.004781)
(0.002531 0.002344 0.004781)
(0.002594 0.002344 0.004781)
(0.002656 0.002344 0.004781)
(0.002719 0.002344 0.004781)
(0.002781 0.002344 0.004781)
(0.002844 0.002344 0.004781)
(0.002906 0.002344 0.004781)
(0.002969 0.002344 0.004781)
(0.003031 0.002344 0.004781)
(0.003094 0.002344 0.004781)
(0.003156 0.002344 0.004781)
(0.003219 0.002344 0.004781)
(0.003281 0.002344 0.004781)
(0.003344 0.002344 0.004781)
(0.003406 0.002344 0.004781)
(0.003469 0.002344 0.004781)
(0.003531 0.002344 0.004781)
(0.003594 0.002344 0.004781)
(0.003656 0.002344 0.004781)
(0.003719 0.002344 0.004781)
(0.003781 0.002344 0.004781)
(0.003844 0.002344 0.004781)
(0.003906 0.002344 0.004781)
(0.003969 0.002344 0.004781)
(0.002531 0.001281 0.004844)
(0.002594 0.001281 0.004844)
(0.002656 0.001281 0.004844)
(0.002719 0.001281 0.004844)
(0.002781 0.001281 0.004844)
(0.002844 0.001281 0.004844)
(0.002906 0.001281 0.004844)
(0.002969 0.001281 0.004844)
(0.003031 0.001281 0.004844)
(0.003094 0.001281 0.004844)
(0.003156 0.001281 0.004844)
(0.003219 0.001281 0.004844)
(0.003281 0.001281 0.004844)
(0.003344 0.001281 0.004844)
(0.003406 0.001281 0.004844)
(0.003469 0.001281 0.004844)
(0.003531 0.001281 0.004844)
(0.003594 0.001281 0.004844)
(0.003656 0.001281 0.004844)
(0.003719 0.001281 0.004844)
(0.003781 0.001281 0.004844)
(0.003844 0.001281 0.004844)
(0.003906 0.001281 0.004844)
(0.003969 0.001281 0.004844)
(0.002531 0.001344 0.004844)
(0.002594 0.001344 0.004844)
(0.002656 0.001344 0.004844)
(0.002719 0.001344 0.004844)
(0.002781 0.001344 0.004844)
(0.002844 0.001344 0.004844)
(0.002906 0.001344 0.004844)
(0.002969 0.001344 0.004844)
(0.003031 0.001344 0.004844)
(0.003094 0.001344 0.004844)
(0.003156 0.001344 0.004844)
(0.003219 0.001344 0.004844)
(0.003281 0.001344 0.004844)
(0.003344 0.001344 0.004844)
(0.003406 0.001344 0.004844)
(0.003469 0.001344 0.004844)
(0.003531 0.001344 0.004844)
(0.003594 0.001344 0.004844)
(0.003656 0.001344 0.004844)
(0.003719 0.001344 0.004844)
(0.003781 0.001344 0.004844)
(0.003844 0.001344 0.004844)
(0.003906 0.001344 0.004844)
(0.003969 0.001344 0.004844)
(0.002531 0.001406 0.004844)
(0.002594 0.001406 0.004844)
(0.002656 0.001406 0.004844)
(0.002719 0.001406 0.004844)
(0.002781 0.001406 0.004844)
(0.002844 0.001406 0.004844)
(0.002906 0.001406 0.004844)
(0.002969 0.001406 0.004844)
(0.003031 0.001406 0.004844)
(0.003094 0.001406 0.004844)
(0.003156 0.001406 0.004844)
(0.003219 0.001406 0.004844)
(0.003281 0.001406 0.004844)
(0.003344 0.001406 0.004844)
(0.003406 0.001406 0.004844)
(0.003469 0.001406 0.004844)
(0.003531 0.001406 0.004844)
(0.003594 0.001406 0.004844)
(0.003656 0.001406 0.004844)
(0.003719 0.001406 0.004844)
(0.003781 0.001406 0.004844)
(0.003844 0.001406 0.004844)
(0.003906 0.001406 0.004844)
(0.003969 0.001406 0.004844)
(0.002531 0.001469 0.004844)
(0.002594 0.001469 0.004844)
(0.002656 0.001469 0.004844)
(0.002719 0.001469 0.004844)
(0.002781 0.001469 0.004844)
(0.002844 0.001469 0.004844)
(0.002906 0.001469 0.004844)
(0.002969 0.001469 0.004844)
(0.003031 0.001469 0.004844)
(0.003094 0.001469 0.004844)
(0.003156 0.001469 0.004844)
(0.003219 0.001469 0.004844)
(0.003281 0.001469 0.004844)
(0.003344 0.001469 0.004844)
(0.003406 0.001469 0.004844)
(0.003469 0.001469 0.004844)
(0.003531 0.001469 0.004844)
(0.003594 0.001469 0.004844)
(0.003656 0.001469 0.004844)
(0.003719 0.001469 0.004844)
(0.003781 0.001469 0.004844)
(0.003844 0.001469 0.004844)
(0.003906 0.001469 0.004844)
(0.003969 0.001469 0.004844)
(0.002531 0.001531 0.004844)
(0.002594 0.001531 0.004844)
(0.002656 0.001531 0.004844)
(0.002719 0.001531 0.004844)
(0.002781 0.001531 0.004844)
(0.002844 0.001531 0.004844)
(0.002906 0.001531 0.004844)
(0.002969 0.001531 0.004844)
(0.003031 0.001531 0.004844)
(0.003094 0.001531 0.004844)
(0.003156 0.001531 0.004844)
(0.003219 0.001531 0.004844)
(0.003281 0.001531 0.004844)
(0.003344 0.001531 0.004844)
(0.003406 0.001531 0.004844)
(0.003469 0.001531 0.004844)
(0.003531 0.001531 0.004844)
(0.003594 0.001531 0.004844)
(0.003656 0.001531 0.004844)
(0.003719 0.001531 0.004844)
(0.003781 0.001531 0.004844)
(0.003844 0.001531 0.004844)
(0.003906 0.001531 0.004844)
(0.003969 0.001531 0.004844)
(0.002531 0.001594 0.004844)
(0.002594 0.001594 0.004844)
(0.002656 0.001594 0.004844)
(0.002719 0.001594 0.004844)
(0.002781 0.001594 0.004844)
(0.002844 0.001594 0.004844)
(0.002906 0.001594 0.004844)
(0.002969 0.001594 0.004844)
(0.003031 0.001594 0.004844)
(0.003094 0.001594 0.004844)
(0.003156 0.001594 0.004844)
(0.003219 0.001594 0.004844)
(0.003281 0.001594 0.004844)
(0.003344 0.001594 0.004844)
(0.003406 0.001594 0.004844)
(0.003469 0.001594 0.004844)
(0.003531 0.001594 0.004844)
(0.003594 0.001594 0.004844)
(0.003656 0.001594 0.004844)
(0.003719 0.001594 0.004844)
(0.003781 0.001594 0.004844)
(0.003844 0.001594 0.004844)
(0.003906 0.001594 0.004844)
(0.003969 0.001594 0.004844)
(0.002531 0.001656 0.004844)
(0.002594 0.001656 0.004844)
(0.002656 0.001656 0.004844)
(0.002719 0.001656 0.004844)
(0.002781 0.001656 0.004844)
(0.002844 0.001656 0.004844)
(0.002906 0.001656 0.004844)
(0.002969 0.001656 0.004844)
(0.003031 0.001656 0.004844)
(0.003094 0.001656 0.004844)
(0.003156 0.001656 0.004844)
(0.003219 0.001656 0.004844)
(0.003281 0.001656 0.004844)
(0.003344 0.001656 0.004844)
(0.003406 0.001656 0.004844)
(0.003469 0.001656 0.004844)
(0.003531 0.001656 0.004844)
(0.003594 0.001656 0.004844)
(0.003656 0.001656 0.004844)
(0.003719 0.001656 0.004844)
(0.003781 0.001656 0.004844)
(0.003844 0.001656 0.004844)
(0.003906 0.001656 0.004844)
(0.003969 0.001656 0.004844)
(0.002531 0.001719 0.004844)
(0.002594 0.001719 0.004844)
(0.002656 0.001719 0.004844)
(0.002719 0.001719 0.004844)
(0.002781 0.001719 0.004844)
(0.002844 0.001719 0.004844)
(0.002906 0.001719 0.004844)
(0.002969 0.001719 0.004844)
(0.003031 0.001719 0.004844)
(0.003094 0.001719 0.004844)
(0.003156 0.001719 0.004844)
(0.003219 0.001719 0.004844)
(0.003281 0.001719 0.004844)
(0.003344 0.001719 0.004844)
(0.003406 0.001719 0.004844)
(0.003469 0.001719 0.004844)
(0.003531 0.001719 0.004844)
(0.003594 0.001719 0.004844)
(0.003656 0.001719 0.004844)
(0.003719 0.001719 0.004844)
(0.003781 0.001719 0.004844)
(0.003844 0.001719 0.004844)
(0.003906 0.001719 0.004844)
(0.003969 0.001719 0.004844)
(0.002531 0.001781 0.004844)
(0.002594 0.001781 0.004844)
(0.002656 0.001781 0.004844)
(0.002719 0.001781 0.004844)
(0.002781 0.001781 0.004844)
(0.002844 0.001781 0.004844)
(0.002906 0.001781 0.004844)
(0.002969 0.001781 0.004844)
(0.003031 0.001781 0.004844)
(0.003094 0.001781 0.004844)
(0.003156 0.001781 0.004844)
(0.003219 0.001781 0.004844)
(0.003281 0.001781 0.004844)
(0.003344 0.001781 0.004844)
(0.003406 0.001781 0.004844)
(0.003469 0.001781 0.004844)
(0.003531 0.001781 0.004844)
(0.003594 0.001781 0.004844)
(0.003656 0.001781 0.004844)
(0.003719 0.001781 0.004844)
(0.003781 0.001781 0.004844)
(0.003844 0.001781 0.004844)
(0.003906 0.001781 0.004844)
(0.003969 0.001781 0.004844)
(0.002531 0.001844 0.004844)
(0.002594 0.001844 0.004844)
(0.002656 0.001844 0.004844)
(0.002719 0.001844 0.004844)
(0.002781 0.001844 0.004844)
(0.002844 0.001844 0.004844)
(0.002906 0.001844 0.004844)
(0.002969 0.001844 0.004844)
(0.003031 0.001844 0.004844)
(0.003094 0.001844 0.004844)
(0.003156 0.001844 0.004844)
(0.003219 0.001844 0.004844)
(0.003281 0.001844 0.004844)
(0.003344 0.001844 0.004844)
(0.003406 0.001844 0.004844)
(0.003469 0.001844 0.004844)
(0.003531 0.001844 0.004844)
(0.003594 0.001844 0.004844)
(0.003656 0.001844 0.004844)
(0.003719 0.001844 0.004844)
(0.003781 0.001844 0.004844)
(0.003844 0.001844 0.004844)
(0.003906 0.001844 0.004844)
(0.003969 0.001844 0.004844)
(0.002531 0.001906 0.004844)
(0.002594 0.001906 0.004844)
(0.002656 0.001906 0.004844)
(0.002719 0.001906 0.004844)
(0.002781 0.001906 0.004844)
(0.002844 0.001906 0.004844)
(0.002906 0.001906 0.004844)
(0.002969 0.001906 0.004844)
(0.003031 0.001906 0.004844)
(0.003094 0.001906 0.004844)
(0.003156 0.001906 0.004844)
(0.003219 0.001906 0.004844)
(0.003281 0.001906 0.004844)
(0.003344 0.001906 0.004844)
(0.003406 0.001906 0.004844)
(0.003469 0.001906 0.004844)
(0.003531 0.001906 0.004844)
(0.003594 0.001906 0.004844)
(0.003656 0.001906 0.004844)
(0.003719 0.001906 0.004844)
(0.003781 0.001906 0.004844)
(0.003844 0.001906 0.004844)
(0.003906 0.001906 0.004844)
(0.003969 0.001906 0.004844)
(0.002531 0.001969 0.004844)
(0.002594 0.001969 0.004844)
(0.002656 0.001969 0.004844)
(0.002719 0.001969 0.004844)
(0.002781 0.001969 0.004844)
(0.002844 0.001969 0.004844)
(0.002906 0.001969 0.004844)
(0.002969 0.001969 0.004844)
(0.003031 0.001969 0.004844)
(0.003094 0.001969 0.004844)
(0.003156 0.001969 0.004844)
(0.003219 0.001969 0.004844)
(0.003281 0.001969 0.004844)
(0.003344 0.001969 0.004844)
(0.003406 0.001969 0.004844)
(0.003469 0.001969 0.004844)
(0.003531 0.001969 0.004844)
(0.003594 0.001969 0.004844)
(0.003656 0.001969 0.004844)
(0.003719 0.001969 0.004844)
(0.003781 0.001969 0.004844)
(0.003844 0.001969 0.004844)
(0.003906 0.001969 0.004844)
(0.003969 0.001969 0.004844)
(0.002531 0.002031 0.004844)
(0.002594 0.002031 0.004844)
(0.002656 0.002031 0.004844)
(0.002719 0.002031 0.004844)
(0.002781 0.002031 0.004844)
(0.002844 0.002031 0.004844)
(0.002906 0.002031 0.004844)
(0.002969 0.002031 0.004844)
(0.003031 0.002031 0.004844)
(0.003094 0.002031 0.004844)
(0.003156 0.002031 0.004844)
(0.003219 0.002031 0.004844)
(0.003281 0.002031 0.004844)
(0.003344 0.002031 0.004844)
(0.003406 0.002031 0.004844)
(0.003469 0.002031 0.004844)
(0.003531 0.002031 0.004844)
(0.003594 0.002031 0.004844)
(0.003656 0.002031 0.004844)
(0.003719 0.002031 0.004844)
(0.003781 0.002031 0.004844)
(0.003844 0.002031 0.004844)
(0.003906 0.002031 0.004844)
(0.003969 0.002031 0.004844)
(0.002531 0.002094 0.004844)
(0.002594 0.002094 0.004844)
(0.002656 0.002094 0.004844)
(0.002719 0.002094 0.004844)
(0.002781 0.002094 0.004844)
(0.002844 0.002094 0.004844)
(0.002906 0.002094 0.004844)
(0.002969 0.002094 0.004844)
(0.003031 0.002094 0.004844)
(0.003094 0.002094 0.004844)
(0.003156 0.002094 0.004844)
(0.003219 0.002094 0.004844)
(0.003281 0.002094 0.004844)
(0.003344 0.002094 0.004844)
(0.003406 0.002094 0.004844)
(0.003469 0.002094 0.004844)
(0.003531 0.002094 0.004844)
(0.003594 0.002094 0.004844)
(0.003656 0.002094 0.004844)
(0.003719 0.002094 0.004844)
(0.003781 0.002094 0.004844)
(0.003844 0.002094 0.004844)
(0.003906 0.002094 0.004844)
(0.003969 0.002094 0.004844)
(0.002531 0.002156 0.004844)
(0.002594 0.002156 0.004844)
(0.002656 0.002156 0.004844)
(0.002719 0.002156 0.004844)
(0.002781 0.002156 0.004844)
(0.002844 0.002156 0.004844)
(0.002906 0.002156 0.004844)
(0.002969 0.002156 0.004844)
(0.003031 0.002156 0.004844)
(0.003094 0.002156 0.004844)
(0.003156 0.002156 0.004844)
(0.003219 0.002156 0.004844)
(0.003281 0.002156 0.004844)
(0.003344 0.002156 0.004844)
(0.003406 0.002156 0.004844)
(0.003469 0.002156 0.004844)
(0.003531 0.002156 0.004844)
(0.003594 0.002156 0.004844)
(0.003656 0.002156 0.004844)
(0.003719 0.002156 0.004844)
(0.003781 0.002156 0.004844)
(0.003844 0.002156 0.004844)
(0.003906 0.002156 0.004844)
(0.003969 0.002156 0.004844)
(0.002531 0.002219 0.004844)
(0.002594 0.002219 0.004844)
(0.002656 0.002219 0.004844)
(0.002719 0.002219 0.004844)
(0.002781 0.002219 0.004844)
(0.002844 0.002219 0.004844)
(0.002906 0.002219 0.004844)
(0.002969 0.002219 0.004844)
(0.003031 0.002219 0.004844)
(0.003094 0.002219 0.004844)
(0.003156 0.002219 0.004844)
(0.003219 0.002219 0.004844)
(0.003281 0.002219 0.004844)
(0.003344 0.002219 0.004844)
(0.003406 0.002219 0.004844)
(0.003469 0.002219 0.004844)
(0.003531 0.002219 0.004844)
(0.003594 0.002219 0.004844)
(0.003656 0.002219 0.004844)
(0.003719 0.002219 0.004844)
(0.003781 0.002219 0.004844)
(0.003844 0.002219 0.004844)
(0.003906 0.002219 0.004844)
(0.003969 0.002219 0.004844)
(0.002531 0.002281 0.004844)
(0.002594 0.002281 0.004844)
(0.002656 0.002281 0.004844)
(0.002719 0.002281 0.004844)
(0.002781 0.002281 0.004844)
(0.002844 0.002281 0.004844)
(0.002906 0.002281 0.004844)
(0.002969 0.002281 0.004844)
(0.003031 0.002281 0.004844)
(0.003094 0.002281 0.004844)
(0.003156 0.002281 0.004844)
(0.003219 0.002281 0.004844)
(0.003281 0.002281 0.004844)
(0.003344 0.002281 0.004844)
(0.003406 0.002281 0.004844)
(0.003469 0.002281 0.004844)
(0.003531 0.002281 0.004844)
(0.003594 0.002281 0.004844)
(0.003656 0.002281 0.004844)
(0.003719 0.002281 0.004844)
(0.003781 0.002281 0.004844)
(0.003844 0.002281 0.004844)
(0.003906 0.002281 0.004844)
(0.003969 0.002281 0.004844)
(0.002531 0.002344 0.004844)
(0.002594 0.002344 0.004844)
(0.002656 0.002344 0.004844)
(0.002719 0.002344 0.004844)
(0.002781 0.002344 0.004844)
(0.002844 0.002344 0.004844)
(0.002906 0.002344 0.004844)
(0.002969 0.002344 0.004844)
(0.003031 0.002344 0.004844)
(0.003094 0.002344 0.004844)
(0.003156 0.002344 0.004844)
(0.003219 0.002344 0.004844)
(0.003281 0.002344 0.004844)
(0.003344 0.002344 0.004844)
(0.003406 0.002344 0.004844)
(0.003469 0.002344 0.004844)
(0.003531 0.002344 0.004844)
(0.003594 0.002344 0.004844)
(0.003656 0.002344 0.004844)
(0.003719 0.002344 0.004844)
(0.003781 0.002344 0.004844)
(0.003844 0.002344 0.004844)
(0.003906 0.002344 0.004844)
(0.003969 0.002344 0.004844)
(0.002531 0.001281 0.004906)
(0.002594 0.001281 0.004906)
(0.002656 0.001281 0.004906)
(0.002719 0.001281 0.004906)
(0.002781 0.001281 0.004906)
(0.002844 0.001281 0.004906)
(0.002906 0.001281 0.004906)
(0.002969 0.001281 0.004906)
(0.003031 0.001281 0.004906)
(0.003094 0.001281 0.004906)
(0.003156 0.001281 0.004906)
(0.003219 0.001281 0.004906)
(0.003281 0.001281 0.004906)
(0.003344 0.001281 0.004906)
(0.003406 0.001281 0.004906)
(0.003469 0.001281 0.004906)
(0.003531 0.001281 0.004906)
(0.003594 0.001281 0.004906)
(0.003656 0.001281 0.004906)
(0.003719 0.001281 0.004906)
(0.003781 0.001281 0.004906)
(0.003844 0.001281 0.004906)
(0.003906 0.001281 0.004906)
(0.003969 0.001281 0.004906)
(0.002531 0.001344 0.004906)
(0.002594 0.001344 0.004906)
(0.002656 0.001344 0.004906)
(0.002719 0.001344 0.004906)
(0.002781 0.001344 0.004906)
(0.002844 0.001344 0.004906)
(0.002906 0.001344 0.004906)
(0.002969 0.001344 0.004906)
(0.003031 0.001344 0.004906)
(0.003094 0.001344 0.004906)
(0.003156 0.001344 0.004906)
(0.003219 0.001344 0.004906)
(0.003281 0.001344 0.004906)
(0.003344 0.001344 0.004906)
(0.003406 0.001344 0.004906)
(0.003469 0.001344 0.004906)
(0.003531 0.001344 0.004906)
(0.003594 0.001344 0.004906)
(0.003656 0.001344 0.004906)
(0.003719 0.001344 0.004906)
(0.003781 0.001344 0.004906)
(0.003844 0.001344 0.004906)
(0.003906 0.001344 0.004906)
(0.003969 0.001344 0.004906)
(0.002531 0.001406 0.004906)
(0.002594 0.001406 0.004906)
(0.002656 0.001406 0.004906)
(0.002719 0.001406 0.004906)
(0.002781 0.001406 0.004906)
(0.002844 0.001406 0.004906)
(0.002906 0.001406 0.004906)
(0.002969 0.001406 0.004906)
(0.003031 0.001406 0.004906)
(0.003094 0.001406 0.004906)
(0.003156 0.001406 0.004906)
(0.003219 0.001406 0.004906)
(0.003281 0.001406 0.004906)
(0.003344 0.001406 0.004906)
(0.003406 0.001406 0.004906)
(0.003469 0.001406 0.004906)
(0.003531 0.001406 0.004906)
(0.003594 0.001406 0.004906)
(0.003656 0.001406 0.004906)
(0.003719 0.001406 0.004906)
(0.003781 0.001406 0.004906)
(0.003844 0.001406 0.004906)
(0.003906 0.001406 0.004906)
(0.003969 0.001406 0.004906)
(0.002531 0.001469 0.004906)
(0.002594 0.001469 0.004906)
(0.002656 0.001469 0.004906)
(0.002719 0.001469 0.004906)
(0.002781 0.001469 0.004906)
(0.002844 0.001469 0.004906)
(0.002906 0.001469 0.004906)
(0.002969 0.001469 0.004906)
(0.003031 0.001469 0.004906)
(0.003094 0.001469 0.004906)
(0.003156 0.001469 0.004906)
(0.003219 0.001469 0.004906)
(0.003281 0.001469 0.004906)
(0.003344 0.001469 0.004906)
(0.003406 0.001469 0.004906)
(0.003469 0.001469 0.004906)
(0.003531 0.001469 0.004906)
(0.003594 0.001469 0.004906)
(0.003656 0.001469 0.004906)
(0.003719 0.001469 0.004906)
(0.003781 0.001469 0.004906)
(0.003844 0.001469 0.004906)
(0.003906 0.001469 0.004906)
(0.003969 0.001469 0.004906)
(0.002531 0.001531 0.004906)
(0.002594 0.001531 0.004906)
(0.002656 0.001531 0.004906)
(0.002719 0.001531 0.004906)
(0.002781 0.001531 0.004906)
(0.002844 0.001531 0.004906)
(0.002906 0.001531 0.004906)
(0.002969 0.001531 0.004906)
(0.003031 0.001531 0.004906)
(0.003094 0.001531 0.004906)
(0.003156 0.001531 0.004906)
(0.003219 0.001531 0.004906)
(0.003281 0.001531 0.004906)
(0.003344 0.001531 0.004906)
(0.003406 0.001531 0.004906)
(0.003469 0.001531 0.004906)
(0.003531 0.001531 0.004906)
(0.003594 0.001531 0.004906)
(0.003656 0.001531 0.004906)
(0.003719 0.001531 0.004906)
(0.003781 0.001531 0.004906)
(0.003844 0.001531 0.004906)
(0.003906 0.001531 0.004906)
(0.003969 0.001531 0.004906)
(0.002531 0.001594 0.004906)
(0.002594 0.001594 0.004906)
(0.002656 0.001594 0.004906)
(0.002719 0.001594 0.004906)
(0.002781 0.001594 0.004906)
(0.002844 0.001594 0.004906)
(0.002906 0.001594 0.004906)
(0.002969 0.001594 0.004906)
(0.003031 0.001594 0.004906)
(0.003094 0.001594 0.004906)
(0.003156 0.001594 0.004906)
(0.003219 0.001594 0.004906)
(0.003281 0.001594 0.004906)
(0.003344 0.001594 0.004906)
(0.003406 0.001594 0.004906)
(0.003469 0.001594 0.004906)
(0.003531 0.001594 0.004906)
(0.003594 0.001594 0.004906)
(0.003656 0.001594 0.004906)
(0.003719 0.001594 0.004906)
(0.003781 0.001594 0.004906)
(0.003844 0.001594 0.004906)
(0.003906 0.001594 0.004906)
(0.003969 0.001594 0.004906)
(0.002531 0.001656 0.004906)
(0.002594 0.001656 0.004906)
(0.002656 0.001656 0.004906)
(0.002719 0.001656 0.004906)
(0.002781 0.001656 0.004906)
(0.002844 0.001656 0.004906)
(0.002906 0.001656 0.004906)
(0.002969 0.001656 0.004906)
(0.003031 0.001656 0.004906)
(0.003094 0.001656 0.004906)
(0.003156 0.001656 0.004906)
(0.003219 0.001656 0.004906)
(0.003281 0.001656 0.004906)
(0.003344 0.001656 0.004906)
(0.003406 0.001656 0.004906)
(0.003469 0.001656 0.004906)
(0.003531 0.001656 0.004906)
(0.003594 0.001656 0.004906)
(0.003656 0.001656 0.004906)
(0.003719 0.001656 0.004906)
(0.003781 0.001656 0.004906)
(0.003844 0.001656 0.004906)
(0.003906 0.001656 0.004906)
(0.003969 0.001656 0.004906)
(0.002531 0.001719 0.004906)
(0.002594 0.001719 0.004906)
(0.002656 0.001719 0.004906)
(0.002719 0.001719 0.004906)
(0.002781 0.001719 0.004906)
(0.002844 0.001719 0.004906)
(0.002906 0.001719 0.004906)
(0.002969 0.001719 0.004906)
(0.003031 0.001719 0.004906)
(0.003094 0.001719 0.004906)
(0.003156 0.001719 0.004906)
(0.003219 0.001719 0.004906)
(0.003281 0.001719 0.004906)
(0.003344 0.001719 0.004906)
(0.003406 0.001719 0.004906)
(0.003469 0.001719 0.004906)
(0.003531 0.001719 0.004906)
(0.003594 0.001719 0.004906)
(0.003656 0.001719 0.004906)
(0.003719 0.001719 0.004906)
(0.003781 0.001719 0.004906)
(0.003844 0.001719 0.004906)
(0.003906 0.001719 0.004906)
(0.003969 0.001719 0.004906)
(0.002531 0.001781 0.004906)
(0.002594 0.001781 0.004906)
(0.002656 0.001781 0.004906)
(0.002719 0.001781 0.004906)
(0.002781 0.001781 0.004906)
(0.002844 0.001781 0.004906)
(0.002906 0.001781 0.004906)
(0.002969 0.001781 0.004906)
(0.003031 0.001781 0.004906)
(0.003094 0.001781 0.004906)
(0.003156 0.001781 0.004906)
(0.003219 0.001781 0.004906)
(0.003281 0.001781 0.004906)
(0.003344 0.001781 0.004906)
(0.003406 0.001781 0.004906)
(0.003469 0.001781 0.004906)
(0.003531 0.001781 0.004906)
(0.003594 0.001781 0.004906)
(0.003656 0.001781 0.004906)
(0.003719 0.001781 0.004906)
(0.003781 0.001781 0.004906)
(0.003844 0.001781 0.004906)
(0.003906 0.001781 0.004906)
(0.003969 0.001781 0.004906)
(0.002531 0.001844 0.004906)
(0.002594 0.001844 0.004906)
(0.002656 0.001844 0.004906)
(0.002719 0.001844 0.004906)
(0.002781 0.001844 0.004906)
(0.002844 0.001844 0.004906)
(0.002906 0.001844 0.004906)
(0.002969 0.001844 0.004906)
(0.003031 0.001844 0.004906)
(0.003094 0.001844 0.004906)
(0.003156 0.001844 0.004906)
(0.003219 0.001844 0.004906)
(0.003281 0.001844 0.004906)
(0.003344 0.001844 0.004906)
(0.003406 0.001844 0.004906)
(0.003469 0.001844 0.004906)
(0.003531 0.001844 0.004906)
(0.003594 0.001844 0.004906)
(0.003656 0.001844 0.004906)
(0.003719 0.001844 0.004906)
(0.003781 0.001844 0.004906)
(0.003844 0.001844 0.004906)
(0.003906 0.001844 0.004906)
(0.003969 0.001844 0.004906)
(0.002531 0.001906 0.004906)
(0.002594 0.001906 0.004906)
(0.002656 0.001906 0.004906)
(0.002719 0.001906 0.004906)
(0.002781 0.001906 0.004906)
(0.002844 0.001906 0.004906)
(0.002906 0.001906 0.004906)
(0.002969 0.001906 0.004906)
(0.003031 0.001906 0.004906)
(0.003094 0.001906 0.004906)
(0.003156 0.001906 0.004906)
(0.003219 0.001906 0.004906)
(0.003281 0.001906 0.004906)
(0.003344 0.001906 0.004906)
(0.003406 0.001906 0.004906)
(0.003469 0.001906 0.004906)
(0.003531 0.001906 0.004906)
(0.003594 0.001906 0.004906)
(0.003656 0.001906 0.004906)
(0.003719 0.001906 0.004906)
(0.003781 0.001906 0.004906)
(0.003844 0.001906 0.004906)
(0.003906 0.001906 0.004906)
(0.003969 0.001906 0.004906)
(0.002531 0.001969 0.004906)
(0.002594 0.001969 0.004906)
(0.002656 0.001969 0.004906)
(0.002719 0.001969 0.004906)
(0.002781 0.001969 0.004906)
(0.002844 0.001969 0.004906)
(0.002906 0.001969 0.004906)
(0.002969 0.001969 0.004906)
(0.003031 0.001969 0.004906)
(0.003094 0.001969 0.004906)
(0.003156 0.001969 0.004906)
(0.003219 0.001969 0.004906)
(0.003281 0.001969 0.004906)
(0.003344 0.001969 0.004906)
(0.003406 0.001969 0.004906)
(0.003469 0.001969 0.004906)
(0.003531 0.001969 0.004906)
(0.003594 0.001969 0.004906)
(0.003656 0.001969 0.004906)
(0.003719 0.001969 0.004906)
(0.003781 0.001969 0.004906)
(0.003844 0.001969 0.004906)
(0.003906 0.001969 0.004906)
(0.003969 0.001969 0.004906)
(0.002531 0.002031 0.004906)
(0.002594 0.002031 0.004906)
(0.002656 0.002031 0.004906)
(0.002719 0.002031 0.004906)
(0.002781 0.002031 0.004906)
(0.002844 0.002031 0.004906)
(0.002906 0.002031 0.004906)
(0.002969 0.002031 0.004906)
(0.003031 0.002031 0.004906)
(0.003094 0.002031 0.004906)
(0.003156 0.002031 0.004906)
(0.003219 0.002031 0.004906)
(0.003281 0.002031 0.004906)
(0.003344 0.002031 0.004906)
(0.003406 0.002031 0.004906)
(0.003469 0.002031 0.004906)
(0.003531 0.002031 0.004906)
(0.003594 0.002031 0.004906)
(0.003656 0.002031 0.004906)
(0.003719 0.002031 0.004906)
(0.003781 0.002031 0.004906)
(0.003844 0.002031 0.004906)
(0.003906 0.002031 0.004906)
(0.003969 0.002031 0.004906)
(0.002531 0.002094 0.004906)
(0.002594 0.002094 0.004906)
(0.002656 0.002094 0.004906)
(0.002719 0.002094 0.004906)
(0.002781 0.002094 0.004906)
(0.002844 0.002094 0.004906)
(0.002906 0.002094 0.004906)
(0.002969 0.002094 0.004906)
(0.003031 0.002094 0.004906)
(0.003094 0.002094 0.004906)
(0.003156 0.002094 0.004906)
(0.003219 0.002094 0.004906)
(0.003281 0.002094 0.004906)
(0.003344 0.002094 0.004906)
(0.003406 0.002094 0.004906)
(0.003469 0.002094 0.004906)
(0.003531 0.002094 0.004906)
(0.003594 0.002094 0.004906)
(0.003656 0.002094 0.004906)
(0.003719 0.002094 0.004906)
(0.003781 0.002094 0.004906)
(0.003844 0.002094 0.004906)
(0.003906 0.002094 0.004906)
(0.003969 0.002094 0.004906)
(0.002531 0.002156 0.004906)
(0.002594 0.002156 0.004906)
(0.002656 0.002156 0.004906)
(0.002719 0.002156 0.004906)
(0.002781 0.002156 0.004906)
(0.002844 0.002156 0.004906)
(0.002906 0.002156 0.004906)
(0.002969 0.002156 0.004906)
(0.003031 0.002156 0.004906)
(0.003094 0.002156 0.004906)
(0.003156 0.002156 0.004906)
(0.003219 0.002156 0.004906)
(0.003281 0.002156 0.004906)
(0.003344 0.002156 0.004906)
(0.003406 0.002156 0.004906)
(0.003469 0.002156 0.004906)
(0.003531 0.002156 0.004906)
(0.003594 0.002156 0.004906)
(0.003656 0.002156 0.004906)
(0.003719 0.002156 0.004906)
(0.003781 0.002156 0.004906)
(0.003844 0.002156 0.004906)
(0.003906 0.002156 0.004906)
(0.003969 0.002156 0.004906)
(0.002531 0.002219 0.004906)
(0.002594 0.002219 0.004906)
(0.002656 0.002219 0.004906)
(0.002719 0.002219 0.004906)
(0.002781 0.002219 0.004906)
(0.002844 0.002219 0.004906)
(0.002906 0.002219 0.004906)
(0.002969 0.002219 0.004906)
(0.003031 0.002219 0.004906)
(0.003094 0.002219 0.004906)
(0.003156 0.002219 0.004906)
(0.003219 0.002219 0.004906)
(0.003281 0.002219 0.004906)
(0.003344 0.002219 0.004906)
(0.003406 0.002219 0.004906)
(0.003469 0.002219 0.004906)
(0.003531 0.002219 0.004906)
(0.003594 0.002219 0.004906)
(0.003656 0.002219 0.004906)
(0.003719 0.002219 0.004906)
(0.003781 0.002219 0.004906)
(0.003844 0.002219 0.004906)
(0.003906 0.002219 0.004906)
(0.003969 0.002219 0.004906)
(0.002531 0.002281 0.004906)
(0.002594 0.002281 0.004906)
(0.002656 0.002281 0.004906)
(0.002719 0.002281 0.004906)
(0.002781 0.002281 0.004906)
(0.002844 0.002281 0.004906)
(0.002906 0.002281 0.004906)
(0.002969 0.002281 0.004906)
(0.003031 0.002281 0.004906)
(0.003094 0.002281 0.004906)
(0.003156 0.002281 0.004906)
(0.003219 0.002281 0.004906)
(0.003281 0.002281 0.004906)
(0.003344 0.002281 0.004906)
(0.003406 0.002281 0.004906)
(0.003469 0.002281 0.004906)
(0.003531 0.002281 0.004906)
(0.003594 0.002281 0.004906)
(0.003656 0.002281 0.004906)
(0.003719 0.002281 0.004906)
(0.003781 0.002281 0.004906)
(0.003844 0.002281 0.004906)
(0.003906 0.002281 0.004906)
(0.003969 0.002281 0.004906)
(0.002531 0.002344 0.004906)
(0.002594 0.002344 0.004906)
(0.002656 0.002344 0.004906)
(0.002719 0.002344 0.004906)
(0.002781 0.002344 0.004906)
(0.002844 0.002344 0.004906)
(0.002906 0.002344 0.004906)
(0.002969 0.002344 0.004906)
(0.003031 0.002344 0.004906)
(0.003094 0.002344 0.004906)
(0.003156 0.002344 0.004906)
(0.003219 0.002344 0.004906)
(0.003281 0.002344 0.004906)
(0.003344 0.002344 0.004906)
(0.003406 0.002344 0.004906)
(0.003469 0.002344 0.004906)
(0.003531 0.002344 0.004906)
(0.003594 0.002344 0.004906)
(0.003656 0.002344 0.004906)
(0.003719 0.002344 0.004906)
(0.003781 0.002344 0.004906)
(0.003844 0.002344 0.004906)
(0.003906 0.002344 0.004906)
(0.003969 0.002344 0.004906)
(0.002531 0.001281 0.004969)
(0.002594 0.001281 0.004969)
(0.002656 0.001281 0.004969)
(0.002719 0.001281 0.004969)
(0.002781 0.001281 0.004969)
(0.002844 0.001281 0.004969)
(0.002906 0.001281 0.004969)
(0.002969 0.001281 0.004969)
(0.003031 0.001281 0.004969)
(0.003094 0.001281 0.004969)
(0.003156 0.001281 0.004969)
(0.003219 0.001281 0.004969)
(0.003281 0.001281 0.004969)
(0.003344 0.001281 0.004969)
(0.003406 0.001281 0.004969)
(0.003469 0.001281 0.004969)
(0.003531 0.001281 0.004969)
(0.003594 0.001281 0.004969)
(0.003656 0.001281 0.004969)
(0.003719 0.001281 0.004969)
(0.003781 0.001281 0.004969)
(0.003844 0.001281 0.004969)
(0.003906 0.001281 0.004969)
(0.003969 0.001281 0.004969)
(0.002531 0.001344 0.004969)
(0.002594 0.001344 0.004969)
(0.002656 0.001344 0.004969)
(0.002719 0.001344 0.004969)
(0.002781 0.001344 0.004969)
(0.002844 0.001344 0.004969)
(0.002906 0.001344 0.004969)
(0.002969 0.001344 0.004969)
(0.003031 0.001344 0.004969)
(0.003094 0.001344 0.004969)
(0.003156 0.001344 0.004969)
(0.003219 0.001344 0.004969)
(0.003281 0.001344 0.004969)
(0.003344 0.001344 0.004969)
(0.003406 0.001344 0.004969)
(0.003469 0.001344 0.004969)
(0.003531 0.001344 0.004969)
(0.003594 0.001344 0.004969)
(0.003656 0.001344 0.004969)
(0.003719 0.001344 0.004969)
(0.003781 0.001344 0.004969)
(0.003844 0.001344 0.004969)
(0.003906 0.001344 0.004969)
(0.003969 0.001344 0.004969)
(0.002531 0.001406 0.004969)
(0.002594 0.001406 0.004969)
(0.002656 0.001406 0.004969)
(0.002719 0.001406 0.004969)
(0.002781 0.001406 0.004969)
(0.002844 0.001406 0.004969)
(0.002906 0.001406 0.004969)
(0.002969 0.001406 0.004969)
(0.003031 0.001406 0.004969)
(0.003094 0.001406 0.004969)
(0.003156 0.001406 0.004969)
(0.003219 0.001406 0.004969)
(0.003281 0.001406 0.004969)
(0.003344 0.001406 0.004969)
(0.003406 0.001406 0.004969)
(0.003469 0.001406 0.004969)
(0.003531 0.001406 0.004969)
(0.003594 0.001406 0.004969)
(0.003656 0.001406 0.004969)
(0.003719 0.001406 0.004969)
(0.003781 0.001406 0.004969)
(0.003844 0.001406 0.004969)
(0.003906 0.001406 0.004969)
(0.003969 0.001406 0.004969)
(0.002531 0.001469 0.004969)
(0.002594 0.001469 0.004969)
(0.002656 0.001469 0.004969)
(0.002719 0.001469 0.004969)
(0.002781 0.001469 0.004969)
(0.002844 0.001469 0.004969)
(0.002906 0.001469 0.004969)
(0.002969 0.001469 0.004969)
(0.003031 0.001469 0.004969)
(0.003094 0.001469 0.004969)
(0.003156 0.001469 0.004969)
(0.003219 0.001469 0.004969)
(0.003281 0.001469 0.004969)
(0.003344 0.001469 0.004969)
(0.003406 0.001469 0.004969)
(0.003469 0.001469 0.004969)
(0.003531 0.001469 0.004969)
(0.003594 0.001469 0.004969)
(0.003656 0.001469 0.004969)
(0.003719 0.001469 0.004969)
(0.003781 0.001469 0.004969)
(0.003844 0.001469 0.004969)
(0.003906 0.001469 0.004969)
(0.003969 0.001469 0.004969)
(0.002531 0.001531 0.004969)
(0.002594 0.001531 0.004969)
(0.002656 0.001531 0.004969)
(0.002719 0.001531 0.004969)
(0.002781 0.001531 0.004969)
(0.002844 0.001531 0.004969)
(0.002906 0.001531 0.004969)
(0.002969 0.001531 0.004969)
(0.003031 0.001531 0.004969)
(0.003094 0.001531 0.004969)
(0.003156 0.001531 0.004969)
(0.003219 0.001531 0.004969)
(0.003281 0.001531 0.004969)
(0.003344 0.001531 0.004969)
(0.003406 0.001531 0.004969)
(0.003469 0.001531 0.004969)
(0.003531 0.001531 0.004969)
(0.003594 0.001531 0.004969)
(0.003656 0.001531 0.004969)
(0.003719 0.001531 0.004969)
(0.003781 0.001531 0.004969)
(0.003844 0.001531 0.004969)
(0.003906 0.001531 0.004969)
(0.003969 0.001531 0.004969)
(0.002531 0.001594 0.004969)
(0.002594 0.001594 0.004969)
(0.002656 0.001594 0.004969)
(0.002719 0.001594 0.004969)
(0.002781 0.001594 0.004969)
(0.002844 0.001594 0.004969)
(0.002906 0.001594 0.004969)
(0.002969 0.001594 0.004969)
(0.003031 0.001594 0.004969)
(0.003094 0.001594 0.004969)
(0.003156 0.001594 0.004969)
(0.003219 0.001594 0.004969)
(0.003281 0.001594 0.004969)
(0.003344 0.001594 0.004969)
(0.003406 0.001594 0.004969)
(0.003469 0.001594 0.004969)
(0.003531 0.001594 0.004969)
(0.003594 0.001594 0.004969)
(0.003656 0.001594 0.004969)
(0.003719 0.001594 0.004969)
(0.003781 0.001594 0.004969)
(0.003844 0.001594 0.004969)
(0.003906 0.001594 0.004969)
(0.003969 0.001594 0.004969)
(0.002531 0.001656 0.004969)
(0.002594 0.001656 0.004969)
(0.002656 0.001656 0.004969)
(0.002719 0.001656 0.004969)
(0.002781 0.001656 0.004969)
(0.002844 0.001656 0.004969)
(0.002906 0.001656 0.004969)
(0.002969 0.001656 0.004969)
(0.003031 0.001656 0.004969)
(0.003094 0.001656 0.004969)
(0.003156 0.001656 0.004969)
(0.003219 0.001656 0.004969)
(0.003281 0.001656 0.004969)
(0.003344 0.001656 0.004969)
(0.003406 0.001656 0.004969)
(0.003469 0.001656 0.004969)
(0.003531 0.001656 0.004969)
(0.003594 0.001656 0.004969)
(0.003656 0.001656 0.004969)
(0.003719 0.001656 0.004969)
(0.003781 0.001656 0.004969)
(0.003844 0.001656 0.004969)
(0.003906 0.001656 0.004969)
(0.003969 0.001656 0.004969)
(0.002531 0.001719 0.004969)
(0.002594 0.001719 0.004969)
(0.002656 0.001719 0.004969)
(0.002719 0.001719 0.004969)
(0.002781 0.001719 0.004969)
(0.002844 0.001719 0.004969)
(0.002906 0.001719 0.004969)
(0.002969 0.001719 0.004969)
(0.003031 0.001719 0.004969)
(0.003094 0.001719 0.004969)
(0.003156 0.001719 0.004969)
(0.003219 0.001719 0.004969)
(0.003281 0.001719 0.004969)
(0.003344 0.001719 0.004969)
(0.003406 0.001719 0.004969)
(0.003469 0.001719 0.004969)
(0.003531 0.001719 0.004969)
(0.003594 0.001719 0.004969)
(0.003656 0.001719 0.004969)
(0.003719 0.001719 0.004969)
(0.003781 0.001719 0.004969)
(0.003844 0.001719 0.004969)
(0.003906 0.001719 0.004969)
(0.003969 0.001719 0.004969)
(0.002531 0.001781 0.004969)
(0.002594 0.001781 0.004969)
(0.002656 0.001781 0.004969)
(0.002719 0.001781 0.004969)
(0.002781 0.001781 0.004969)
(0.002844 0.001781 0.004969)
(0.002906 0.001781 0.004969)
(0.002969 0.001781 0.004969)
(0.003031 0.001781 0.004969)
(0.003094 0.001781 0.004969)
(0.003156 0.001781 0.004969)
(0.003219 0.001781 0.004969)
(0.003281 0.001781 0.004969)
(0.003344 0.001781 0.004969)
(0.003406 0.001781 0.004969)
(0.003469 0.001781 0.004969)
(0.003531 0.001781 0.004969)
(0.003594 0.001781 0.004969)
(0.003656 0.001781 0.004969)
(0.003719 0.001781 0.004969)
(0.003781 0.001781 0.004969)
(0.003844 0.001781 0.004969)
(0.003906 0.001781 0.004969)
(0.003969 0.001781 0.004969)
(0.002531 0.001844 0.004969)
(0.002594 0.001844 0.004969)
(0.002656 0.001844 0.004969)
(0.002719 0.001844 0.004969)
(0.002781 0.001844 0.004969)
(0.002844 0.001844 0.004969)
(0.002906 0.001844 0.004969)
(0.002969 0.001844 0.004969)
(0.003031 0.001844 0.004969)
(0.003094 0.001844 0.004969)
(0.003156 0.001844 0.004969)
(0.003219 0.001844 0.004969)
(0.003281 0.001844 0.004969)
(0.003344 0.001844 0.004969)
(0.003406 0.001844 0.004969)
(0.003469 0.001844 0.004969)
(0.003531 0.001844 0.004969)
(0.003594 0.001844 0.004969)
(0.003656 0.001844 0.004969)
(0.003719 0.001844 0.004969)
(0.003781 0.001844 0.004969)
(0.003844 0.001844 0.004969)
(0.003906 0.001844 0.004969)
(0.003969 0.001844 0.004969)
(0.002531 0.001906 0.004969)
(0.002594 0.001906 0.004969)
(0.002656 0.001906 0.004969)
(0.002719 0.001906 0.004969)
(0.002781 0.001906 0.004969)
(0.002844 0.001906 0.004969)
(0.002906 0.001906 0.004969)
(0.002969 0.001906 0.004969)
(0.003031 0.001906 0.004969)
(0.003094 0.001906 0.004969)
(0.003156 0.001906 0.004969)
(0.003219 0.001906 0.004969)
(0.003281 0.001906 0.004969)
(0.003344 0.001906 0.004969)
(0.003406 0.001906 0.004969)
(0.003469 0.001906 0.004969)
(0.003531 0.001906 0.004969)
(0.003594 0.001906 0.004969)
(0.003656 0.001906 0.004969)
(0.003719 0.001906 0.004969)
(0.003781 0.001906 0.004969)
(0.003844 0.001906 0.004969)
(0.003906 0.001906 0.004969)
(0.003969 0.001906 0.004969)
(0.002531 0.001969 0.004969)
(0.002594 0.001969 0.004969)
(0.002656 0.001969 0.004969)
(0.002719 0.001969 0.004969)
(0.002781 0.001969 0.004969)
(0.002844 0.001969 0.004969)
(0.002906 0.001969 0.004969)
(0.002969 0.001969 0.004969)
(0.003031 0.001969 0.004969)
(0.003094 0.001969 0.004969)
(0.003156 0.001969 0.004969)
(0.003219 0.001969 0.004969)
(0.003281 0.001969 0.004969)
(0.003344 0.001969 0.004969)
(0.003406 0.001969 0.004969)
(0.003469 0.001969 0.004969)
(0.003531 0.001969 0.004969)
(0.003594 0.001969 0.004969)
(0.003656 0.001969 0.004969)
(0.003719 0.001969 0.004969)
(0.003781 0.001969 0.004969)
(0.003844 0.001969 0.004969)
(0.003906 0.001969 0.004969)
(0.003969 0.001969 0.004969)
(0.002531 0.002031 0.004969)
(0.002594 0.002031 0.004969)
(0.002656 0.002031 0.004969)
(0.002719 0.002031 0.004969)
(0.002781 0.002031 0.004969)
(0.002844 0.002031 0.004969)
(0.002906 0.002031 0.004969)
(0.002969 0.002031 0.004969)
(0.003031 0.002031 0.004969)
(0.003094 0.002031 0.004969)
(0.003156 0.002031 0.004969)
(0.003219 0.002031 0.004969)
(0.003281 0.002031 0.004969)
(0.003344 0.002031 0.004969)
(0.003406 0.002031 0.004969)
(0.003469 0.002031 0.004969)
(0.003531 0.002031 0.004969)
(0.003594 0.002031 0.004969)
(0.003656 0.002031 0.004969)
(0.003719 0.002031 0.004969)
(0.003781 0.002031 0.004969)
(0.003844 0.002031 0.004969)
(0.003906 0.002031 0.004969)
(0.003969 0.002031 0.004969)
(0.002531 0.002094 0.004969)
(0.002594 0.002094 0.004969)
(0.002656 0.002094 0.004969)
(0.002719 0.002094 0.004969)
(0.002781 0.002094 0.004969)
(0.002844 0.002094 0.004969)
(0.002906 0.002094 0.004969)
(0.002969 0.002094 0.004969)
(0.003031 0.002094 0.004969)
(0.003094 0.002094 0.004969)
(0.003156 0.002094 0.004969)
(0.003219 0.002094 0.004969)
(0.003281 0.002094 0.004969)
(0.003344 0.002094 0.004969)
(0.003406 0.002094 0.004969)
(0.003469 0.002094 0.004969)
(0.003531 0.002094 0.004969)
(0.003594 0.002094 0.004969)
(0.003656 0.002094 0.004969)
(0.003719 0.002094 0.004969)
(0.003781 0.002094 0.004969)
(0.003844 0.002094 0.004969)
(0.003906 0.002094 0.004969)
(0.003969 0.002094 0.004969)
(0.002531 0.002156 0.004969)
(0.002594 0.002156 0.004969)
(0.002656 0.002156 0.004969)
(0.002719 0.002156 0.004969)
(0.002781 0.002156 0.004969)
(0.002844 0.002156 0.004969)
(0.002906 0.002156 0.004969)
(0.002969 0.002156 0.004969)
(0.003031 0.002156 0.004969)
(0.003094 0.002156 0.004969)
(0.003156 0.002156 0.004969)
(0.003219 0.002156 0.004969)
(0.003281 0.002156 0.004969)
(0.003344 0.002156 0.004969)
(0.003406 0.002156 0.004969)
(0.003469 0.002156 0.004969)
(0.003531 0.002156 0.004969)
(0.003594 0.002156 0.004969)
(0.003656 0.002156 0.004969)
(0.003719 0.002156 0.004969)
(0.003781 0.002156 0.004969)
(0.003844 0.002156 0.004969)
(0.003906 0.002156 0.004969)
(0.003969 0.002156 0.004969)
(0.002531 0.002219 0.004969)
(0.002594 0.002219 0.004969)
(0.002656 0.002219 0.004969)
(0.002719 0.002219 0.004969)
(0.002781 0.002219 0.004969)
(0.002844 0.002219 0.004969)
(0.002906 0.002219 0.004969)
(0.002969 0.002219 0.004969)
(0.003031 0.002219 0.004969)
(0.003094 0.002219 0.004969)
(0.003156 0.002219 0.004969)
(0.003219 0.002219 0.004969)
(0.003281 0.002219 0.004969)
(0.003344 0.002219 0.004969)
(0.003406 0.002219 0.004969)
(0.003469 0.002219 0.004969)
(0.003531 0.002219 0.004969)
(0.003594 0.002219 0.004969)
(0.003656 0.002219 0.004969)
(0.003719 0.002219 0.004969)
(0.003781 0.002219 0.004969)
(0.003844 0.002219 0.004969)
(0.003906 0.002219 0.004969)
(0.003969 0.002219 0.004969)
(0.002531 0.002281 0.004969)
(0.002594 0.002281 0.004969)
(0.002656 0.002281 0.004969)
(0.002719 0.002281 0.004969)
(0.002781 0.002281 0.004969)
(0.002844 0.002281 0.004969)
(0.002906 0.002281 0.004969)
(0.002969 0.002281 0.004969)
(0.003031 0.002281 0.004969)
(0.003094 0.002281 0.004969)
(0.003156 0.002281 0.004969)
(0.003219 0.002281 0.004969)
(0.003281 0.002281 0.004969)
(0.003344 0.002281 0.004969)
(0.003406 0.002281 0.004969)
(0.003469 0.002281 0.004969)
(0.003531 0.002281 0.004969)
(0.003594 0.002281 0.004969)
(0.003656 0.002281 0.004969)
(0.003719 0.002281 0.004969)
(0.003781 0.002281 0.004969)
(0.003844 0.002281 0.004969)
(0.003906 0.002281 0.004969)
(0.003969 0.002281 0.004969)
(0.002531 0.002344 0.004969)
(0.002594 0.002344 0.004969)
(0.002656 0.002344 0.004969)
(0.002719 0.002344 0.004969)
(0.002781 0.002344 0.004969)
(0.002844 0.002344 0.004969)
(0.002906 0.002344 0.004969)
(0.002969 0.002344 0.004969)
(0.003031 0.002344 0.004969)
(0.003094 0.002344 0.004969)
(0.003156 0.002344 0.004969)
(0.003219 0.002344 0.004969)
(0.003281 0.002344 0.004969)
(0.003344 0.002344 0.004969)
(0.003406 0.002344 0.004969)
(0.003469 0.002344 0.004969)
(0.003531 0.002344 0.004969)
(0.003594 0.002344 0.004969)
(0.003656 0.002344 0.004969)
(0.003719 0.002344 0.004969)
(0.003781 0.002344 0.004969)
(0.003844 0.002344 0.004969)
(0.003906 0.002344 0.004969)
(0.003969 0.002344 0.004969)
(0.002531 0.001281 0.005031)
(0.002594 0.001281 0.005031)
(0.002656 0.001281 0.005031)
(0.002719 0.001281 0.005031)
(0.002781 0.001281 0.005031)
(0.002844 0.001281 0.005031)
(0.002906 0.001281 0.005031)
(0.002969 0.001281 0.005031)
(0.003031 0.001281 0.005031)
(0.003094 0.001281 0.005031)
(0.003156 0.001281 0.005031)
(0.003219 0.001281 0.005031)
(0.003281 0.001281 0.005031)
(0.003344 0.001281 0.005031)
(0.003406 0.001281 0.005031)
(0.003469 0.001281 0.005031)
(0.003531 0.001281 0.005031)
(0.003594 0.001281 0.005031)
(0.003656 0.001281 0.005031)
(0.003719 0.001281 0.005031)
(0.003781 0.001281 0.005031)
(0.003844 0.001281 0.005031)
(0.003906 0.001281 0.005031)
(0.003969 0.001281 0.005031)
(0.002531 0.001344 0.005031)
(0.002594 0.001344 0.005031)
(0.002656 0.001344 0.005031)
(0.002719 0.001344 0.005031)
(0.002781 0.001344 0.005031)
(0.002844 0.001344 0.005031)
(0.002906 0.001344 0.005031)
(0.002969 0.001344 0.005031)
(0.003031 0.001344 0.005031)
(0.003094 0.001344 0.005031)
(0.003156 0.001344 0.005031)
(0.003219 0.001344 0.005031)
(0.003281 0.001344 0.005031)
(0.003344 0.001344 0.005031)
(0.003406 0.001344 0.005031)
(0.003469 0.001344 0.005031)
(0.003531 0.001344 0.005031)
(0.003594 0.001344 0.005031)
(0.003656 0.001344 0.005031)
(0.003719 0.001344 0.005031)
(0.003781 0.001344 0.005031)
(0.003844 0.001344 0.005031)
(0.003906 0.001344 0.005031)
(0.003969 0.001344 0.005031)
(0.002531 0.001406 0.005031)
(0.002594 0.001406 0.005031)
(0.002656 0.001406 0.005031)
(0.002719 0.001406 0.005031)
(0.002781 0.001406 0.005031)
(0.002844 0.001406 0.005031)
(0.002906 0.001406 0.005031)
(0.002969 0.001406 0.005031)
(0.003031 0.001406 0.005031)
(0.003094 0.001406 0.005031)
(0.003156 0.001406 0.005031)
(0.003219 0.001406 0.005031)
(0.003281 0.001406 0.005031)
(0.003344 0.001406 0.005031)
(0.003406 0.001406 0.005031)
(0.003469 0.001406 0.005031)
(0.003531 0.001406 0.005031)
(0.003594 0.001406 0.005031)
(0.003656 0.001406 0.005031)
(0.003719 0.001406 0.005031)
(0.003781 0.001406 0.005031)
(0.003844 0.001406 0.005031)
(0.003906 0.001406 0.005031)
(0.003969 0.001406 0.005031)
(0.002531 0.001469 0.005031)
(0.002594 0.001469 0.005031)
(0.002656 0.001469 0.005031)
(0.002719 0.001469 0.005031)
(0.002781 0.001469 0.005031)
(0.002844 0.001469 0.005031)
(0.002906 0.001469 0.005031)
(0.002969 0.001469 0.005031)
(0.003031 0.001469 0.005031)
(0.003094 0.001469 0.005031)
(0.003156 0.001469 0.005031)
(0.003219 0.001469 0.005031)
(0.003281 0.001469 0.005031)
(0.003344 0.001469 0.005031)
(0.003406 0.001469 0.005031)
(0.003469 0.001469 0.005031)
(0.003531 0.001469 0.005031)
(0.003594 0.001469 0.005031)
(0.003656 0.001469 0.005031)
(0.003719 0.001469 0.005031)
(0.003781 0.001469 0.005031)
(0.003844 0.001469 0.005031)
(0.003906 0.001469 0.005031)
(0.003969 0.001469 0.005031)
(0.002531 0.001531 0.005031)
(0.002594 0.001531 0.005031)
(0.002656 0.001531 0.005031)
(0.002719 0.001531 0.005031)
(0.002781 0.001531 0.005031)
(0.002844 0.001531 0.005031)
(0.002906 0.001531 0.005031)
(0.002969 0.001531 0.005031)
(0.003031 0.001531 0.005031)
(0.003094 0.001531 0.005031)
(0.003156 0.001531 0.005031)
(0.003219 0.001531 0.005031)
(0.003281 0.001531 0.005031)
(0.003344 0.001531 0.005031)
(0.003406 0.001531 0.005031)
(0.003469 0.001531 0.005031)
(0.003531 0.001531 0.005031)
(0.003594 0.001531 0.005031)
(0.003656 0.001531 0.005031)
(0.003719 0.001531 0.005031)
(0.003781 0.001531 0.005031)
(0.003844 0.001531 0.005031)
(0.003906 0.001531 0.005031)
(0.003969 0.001531 0.005031)
(0.002531 0.001594 0.005031)
(0.002594 0.001594 0.005031)
(0.002656 0.001594 0.005031)
(0.002719 0.001594 0.005031)
(0.002781 0.001594 0.005031)
(0.002844 0.001594 0.005031)
(0.002906 0.001594 0.005031)
(0.002969 0.001594 0.005031)
(0.003031 0.001594 0.005031)
(0.003094 0.001594 0.005031)
(0.003156 0.001594 0.005031)
(0.003219 0.001594 0.005031)
(0.003281 0.001594 0.005031)
(0.003344 0.001594 0.005031)
(0.003406 0.001594 0.005031)
(0.003469 0.001594 0.005031)
(0.003531 0.001594 0.005031)
(0.003594 0.001594 0.005031)
(0.003656 0.001594 0.005031)
(0.003719 0.001594 0.005031)
(0.003781 0.001594 0.005031)
(0.003844 0.001594 0.005031)
(0.003906 0.001594 0.005031)
(0.003969 0.001594 0.005031)
(0.002531 0.001656 0.005031)
(0.002594 0.001656 0.005031)
(0.002656 0.001656 0.005031)
(0.002719 0.001656 0.005031)
(0.002781 0.001656 0.005031)
(0.002844 0.001656 0.005031)
(0.002906 0.001656 0.005031)
(0.002969 0.001656 0.005031)
(0.003031 0.001656 0.005031)
(0.003094 0.001656 0.005031)
(0.003156 0.001656 0.005031)
(0.003219 0.001656 0.005031)
(0.003281 0.001656 0.005031)
(0.003344 0.001656 0.005031)
(0.003406 0.001656 0.005031)
(0.003469 0.001656 0.005031)
(0.003531 0.001656 0.005031)
(0.003594 0.001656 0.005031)
(0.003656 0.001656 0.005031)
(0.003719 0.001656 0.005031)
(0.003781 0.001656 0.005031)
(0.003844 0.001656 0.005031)
(0.003906 0.001656 0.005031)
(0.003969 0.001656 0.005031)
(0.002531 0.001719 0.005031)
(0.002594 0.001719 0.005031)
(0.002656 0.001719 0.005031)
(0.002719 0.001719 0.005031)
(0.002781 0.001719 0.005031)
(0.002844 0.001719 0.005031)
(0.002906 0.001719 0.005031)
(0.002969 0.001719 0.005031)
(0.003031 0.001719 0.005031)
(0.003094 0.001719 0.005031)
(0.003156 0.001719 0.005031)
(0.003219 0.001719 0.005031)
(0.003281 0.001719 0.005031)
(0.003344 0.001719 0.005031)
(0.003406 0.001719 0.005031)
(0.003469 0.001719 0.005031)
(0.003531 0.001719 0.005031)
(0.003594 0.001719 0.005031)
(0.003656 0.001719 0.005031)
(0.003719 0.001719 0.005031)
(0.003781 0.001719 0.005031)
(0.003844 0.001719 0.005031)
(0.003906 0.001719 0.005031)
(0.003969 0.001719 0.005031)
(0.002531 0.001781 0.005031)
(0.002594 0.001781 0.005031)
(0.002656 0.001781 0.005031)
(0.002719 0.001781 0.005031)
(0.002781 0.001781 0.005031)
(0.002844 0.001781 0.005031)
(0.002906 0.001781 0.005031)
(0.002969 0.001781 0.005031)
(0.003031 0.001781 0.005031)
(0.003094 0.001781 0.005031)
(0.003156 0.001781 0.005031)
(0.003219 0.001781 0.005031)
(0.003281 0.001781 0.005031)
(0.003344 0.001781 0.005031)
(0.003406 0.001781 0.005031)
(0.003469 0.001781 0.005031)
(0.003531 0.001781 0.005031)
(0.003594 0.001781 0.005031)
(0.003656 0.001781 0.005031)
(0.003719 0.001781 0.005031)
(0.003781 0.001781 0.005031)
(0.003844 0.001781 0.005031)
(0.003906 0.001781 0.005031)
(0.003969 0.001781 0.005031)
(0.002531 0.001844 0.005031)
(0.002594 0.001844 0.005031)
(0.002656 0.001844 0.005031)
(0.002719 0.001844 0.005031)
(0.002781 0.001844 0.005031)
(0.002844 0.001844 0.005031)
(0.002906 0.001844 0.005031)
(0.002969 0.001844 0.005031)
(0.003031 0.001844 0.005031)
(0.003094 0.001844 0.005031)
(0.003156 0.001844 0.005031)
(0.003219 0.001844 0.005031)
(0.003281 0.001844 0.005031)
(0.003344 0.001844 0.005031)
(0.003406 0.001844 0.005031)
(0.003469 0.001844 0.005031)
(0.003531 0.001844 0.005031)
(0.003594 0.001844 0.005031)
(0.003656 0.001844 0.005031)
(0.003719 0.001844 0.005031)
(0.003781 0.001844 0.005031)
(0.003844 0.001844 0.005031)
(0.003906 0.001844 0.005031)
(0.003969 0.001844 0.005031)
(0.002531 0.001906 0.005031)
(0.002594 0.001906 0.005031)
(0.002656 0.001906 0.005031)
(0.002719 0.001906 0.005031)
(0.002781 0.001906 0.005031)
(0.002844 0.001906 0.005031)
(0.002906 0.001906 0.005031)
(0.002969 0.001906 0.005031)
(0.003031 0.001906 0.005031)
(0.003094 0.001906 0.005031)
(0.003156 0.001906 0.005031)
(0.003219 0.001906 0.005031)
(0.003281 0.001906 0.005031)
(0.003344 0.001906 0.005031)
(0.003406 0.001906 0.005031)
(0.003469 0.001906 0.005031)
(0.003531 0.001906 0.005031)
(0.003594 0.001906 0.005031)
(0.003656 0.001906 0.005031)
(0.003719 0.001906 0.005031)
(0.003781 0.001906 0.005031)
(0.003844 0.001906 0.005031)
(0.003906 0.001906 0.005031)
(0.003969 0.001906 0.005031)
(0.002531 0.001969 0.005031)
(0.002594 0.001969 0.005031)
(0.002656 0.001969 0.005031)
(0.002719 0.001969 0.005031)
(0.002781 0.001969 0.005031)
(0.002844 0.001969 0.005031)
(0.002906 0.001969 0.005031)
(0.002969 0.001969 0.005031)
(0.003031 0.001969 0.005031)
(0.003094 0.001969 0.005031)
(0.003156 0.001969 0.005031)
(0.003219 0.001969 0.005031)
(0.003281 0.001969 0.005031)
(0.003344 0.001969 0.005031)
(0.003406 0.001969 0.005031)
(0.003469 0.001969 0.005031)
(0.003531 0.001969 0.005031)
(0.003594 0.001969 0.005031)
(0.003656 0.001969 0.005031)
(0.003719 0.001969 0.005031)
(0.003781 0.001969 0.005031)
(0.003844 0.001969 0.005031)
(0.003906 0.001969 0.005031)
(0.003969 0.001969 0.005031)
(0.002531 0.002031 0.005031)
(0.002594 0.002031 0.005031)
(0.002656 0.002031 0.005031)
(0.002719 0.002031 0.005031)
(0.002781 0.002031 0.005031)
(0.002844 0.002031 0.005031)
(0.002906 0.002031 0.005031)
(0.002969 0.002031 0.005031)
(0.003031 0.002031 0.005031)
(0.003094 0.002031 0.005031)
(0.003156 0.002031 0.005031)
(0.003219 0.002031 0.005031)
(0.003281 0.002031 0.005031)
(0.003344 0.002031 0.005031)
(0.003406 0.002031 0.005031)
(0.003469 0.002031 0.005031)
(0.003531 0.002031 0.005031)
(0.003594 0.002031 0.005031)
(0.003656 0.002031 0.005031)
(0.003719 0.002031 0.005031)
(0.003781 0.002031 0.005031)
(0.003844 0.002031 0.005031)
(0.003906 0.002031 0.005031)
(0.003969 0.002031 0.005031)
(0.002531 0.002094 0.005031)
(0.002594 0.002094 0.005031)
(0.002656 0.002094 0.005031)
(0.002719 0.002094 0.005031)
(0.002781 0.002094 0.005031)
(0.002844 0.002094 0.005031)
(0.002906 0.002094 0.005031)
(0.002969 0.002094 0.005031)
(0.003031 0.002094 0.005031)
(0.003094 0.002094 0.005031)
(0.003156 0.002094 0.005031)
(0.003219 0.002094 0.005031)
(0.003281 0.002094 0.005031)
(0.003344 0.002094 0.005031)
(0.003406 0.002094 0.005031)
(0.003469 0.002094 0.005031)
(0.003531 0.002094 0.005031)
(0.003594 0.002094 0.005031)
(0.003656 0.002094 0.005031)
(0.003719 0.002094 0.005031)
(0.003781 0.002094 0.005031)
(0.003844 0.002094 0.005031)
(0.003906 0.002094 0.005031)
(0.003969 0.002094 0.005031)
(0.002531 0.002156 0.005031)
(0.002594 0.002156 0.005031)
(0.002656 0.002156 0.005031)
(0.002719 0.002156 0.005031)
(0.002781 0.002156 0.005031)
(0.002844 0.002156 0.005031)
(0.002906 0.002156 0.005031)
(0.002969 0.002156 0.005031)
(0.003031 0.002156 0.005031)
(0.003094 0.002156 0.005031)
(0.003156 0.002156 0.005031)
(0.003219 0.002156 0.005031)
(0.003281 0.002156 0.005031)
(0.003344 0.002156 0.005031)
(0.003406 0.002156 0.005031)
(0.003469 0.002156 0.005031)
(0.003531 0.002156 0.005031)
(0.003594 0.002156 0.005031)
(0.003656 0.002156 0.005031)
(0.003719 0.002156 0.005031)
(0.003781 0.002156 0.005031)
(0.003844 0.002156 0.005031)
(0.003906 0.002156 0.005031)
(0.003969 0.002156 0.005031)
(0.002531 0.002219 0.005031)
(0.002594 0.002219 0.005031)
(0.002656 0.002219 0.005031)
(0.002719 0.002219 0.005031)
(0.002781 0.002219 0.005031)
(0.002844 0.002219 0.005031)
(0.002906 0.002219 0.005031)
(0.002969 0.002219 0.005031)
(0.003031 0.002219 0.005031)
(0.003094 0.002219 0.005031)
(0.003156 0.002219 0.005031)
(0.003219 0.002219 0.005031)
(0.003281 0.002219 0.005031)
(0.003344 0.002219 0.005031)
(0.003406 0.002219 0.005031)
(0.003469 0.002219 0.005031)
(0.003531 0.002219 0.005031)
(0.003594 0.002219 0.005031)
(0.003656 0.002219 0.005031)
(0.003719 0.002219 0.005031)
(0.003781 0.002219 0.005031)
(0.003844 0.002219 0.005031)
(0.003906 0.002219 0.005031)
(0.003969 0.002219 0.005031)
(0.002531 0.002281 0.005031)
(0.002594 0.002281 0.005031)
(0.002656 0.002281 0.005031)
(0.002719 0.002281 0.005031)
(0.002781 0.002281 0.005031)
(0.002844 0.002281 0.005031)
(0.002906 0.002281 0.005031)
(0.002969 0.002281 0.005031)
(0.003031 0.002281 0.005031)
(0.003094 0.002281 0.005031)
(0.003156 0.002281 0.005031)
(0.003219 0.002281 0.005031)
(0.003281 0.002281 0.005031)
(0.003344 0.002281 0.005031)
(0.003406 0.002281 0.005031)
(0.003469 0.002281 0.005031)
(0.003531 0.002281 0.005031)
(0.003594 0.002281 0.005031)
(0.003656 0.002281 0.005031)
(0.003719 0.002281 0.005031)
(0.003781 0.002281 0.005031)
(0.003844 0.002281 0.005031)
(0.003906 0.002281 0.005031)
(0.003969 0.002281 0.005031)
(0.002531 0.002344 0.005031)
(0.002594 0.002344 0.005031)
(0.002656 0.002344 0.005031)
(0.002719 0.002344 0.005031)
(0.002781 0.002344 0.005031)
(0.002844 0.002344 0.005031)
(0.002906 0.002344 0.005031)
(0.002969 0.002344 0.005031)
(0.003031 0.002344 0.005031)
(0.003094 0.002344 0.005031)
(0.003156 0.002344 0.005031)
(0.003219 0.002344 0.005031)
(0.003281 0.002344 0.005031)
(0.003344 0.002344 0.005031)
(0.003406 0.002344 0.005031)
(0.003469 0.002344 0.005031)
(0.003531 0.002344 0.005031)
(0.003594 0.002344 0.005031)
(0.003656 0.002344 0.005031)
(0.003719 0.002344 0.005031)
(0.003781 0.002344 0.005031)
(0.003844 0.002344 0.005031)
(0.003906 0.002344 0.005031)
(0.003969 0.002344 0.005031)
(0.002531 0.001281 0.005094)
(0.002594 0.001281 0.005094)
(0.002656 0.001281 0.005094)
(0.002719 0.001281 0.005094)
(0.002781 0.001281 0.005094)
(0.002844 0.001281 0.005094)
(0.002906 0.001281 0.005094)
(0.002969 0.001281 0.005094)
(0.003031 0.001281 0.005094)
(0.003094 0.001281 0.005094)
(0.003156 0.001281 0.005094)
(0.003219 0.001281 0.005094)
(0.003281 0.001281 0.005094)
(0.003344 0.001281 0.005094)
(0.003406 0.001281 0.005094)
(0.003469 0.001281 0.005094)
(0.003531 0.001281 0.005094)
(0.003594 0.001281 0.005094)
(0.003656 0.001281 0.005094)
(0.003719 0.001281 0.005094)
(0.003781 0.001281 0.005094)
(0.003844 0.001281 0.005094)
(0.003906 0.001281 0.005094)
(0.003969 0.001281 0.005094)
(0.002531 0.001344 0.005094)
(0.002594 0.001344 0.005094)
(0.002656 0.001344 0.005094)
(0.002719 0.001344 0.005094)
(0.002781 0.001344 0.005094)
(0.002844 0.001344 0.005094)
(0.002906 0.001344 0.005094)
(0.002969 0.001344 0.005094)
(0.003031 0.001344 0.005094)
(0.003094 0.001344 0.005094)
(0.003156 0.001344 0.005094)
(0.003219 0.001344 0.005094)
(0.003281 0.001344 0.005094)
(0.003344 0.001344 0.005094)
(0.003406 0.001344 0.005094)
(0.003469 0.001344 0.005094)
(0.003531 0.001344 0.005094)
(0.003594 0.001344 0.005094)
(0.003656 0.001344 0.005094)
(0.003719 0.001344 0.005094)
(0.003781 0.001344 0.005094)
(0.003844 0.001344 0.005094)
(0.003906 0.001344 0.005094)
(0.003969 0.001344 0.005094)
(0.002531 0.001406 0.005094)
(0.002594 0.001406 0.005094)
(0.002656 0.001406 0.005094)
(0.002719 0.001406 0.005094)
(0.002781 0.001406 0.005094)
(0.002844 0.001406 0.005094)
(0.002906 0.001406 0.005094)
(0.002969 0.001406 0.005094)
(0.003031 0.001406 0.005094)
(0.003094 0.001406 0.005094)
(0.003156 0.001406 0.005094)
(0.003219 0.001406 0.005094)
(0.003281 0.001406 0.005094)
(0.003344 0.001406 0.005094)
(0.003406 0.001406 0.005094)
(0.003469 0.001406 0.005094)
(0.003531 0.001406 0.005094)
(0.003594 0.001406 0.005094)
(0.003656 0.001406 0.005094)
(0.003719 0.001406 0.005094)
(0.003781 0.001406 0.005094)
(0.003844 0.001406 0.005094)
(0.003906 0.001406 0.005094)
(0.003969 0.001406 0.005094)
(0.002531 0.001469 0.005094)
(0.002594 0.001469 0.005094)
(0.002656 0.001469 0.005094)
(0.002719 0.001469 0.005094)
(0.002781 0.001469 0.005094)
(0.002844 0.001469 0.005094)
(0.002906 0.001469 0.005094)
(0.002969 0.001469 0.005094)
(0.003031 0.001469 0.005094)
(0.003094 0.001469 0.005094)
(0.003156 0.001469 0.005094)
(0.003219 0.001469 0.005094)
(0.003281 0.001469 0.005094)
(0.003344 0.001469 0.005094)
(0.003406 0.001469 0.005094)
(0.003469 0.001469 0.005094)
(0.003531 0.001469 0.005094)
(0.003594 0.001469 0.005094)
(0.003656 0.001469 0.005094)
(0.003719 0.001469 0.005094)
(0.003781 0.001469 0.005094)
(0.003844 0.001469 0.005094)
(0.003906 0.001469 0.005094)
(0.003969 0.001469 0.005094)
(0.002531 0.001531 0.005094)
(0.002594 0.001531 0.005094)
(0.002656 0.001531 0.005094)
(0.002719 0.001531 0.005094)
(0.002781 0.001531 0.005094)
(0.002844 0.001531 0.005094)
(0.002906 0.001531 0.005094)
(0.002969 0.001531 0.005094)
(0.003031 0.001531 0.005094)
(0.003094 0.001531 0.005094)
(0.003156 0.001531 0.005094)
(0.003219 0.001531 0.005094)
(0.003281 0.001531 0.005094)
(0.003344 0.001531 0.005094)
(0.003406 0.001531 0.005094)
(0.003469 0.001531 0.005094)
(0.003531 0.001531 0.005094)
(0.003594 0.001531 0.005094)
(0.003656 0.001531 0.005094)
(0.003719 0.001531 0.005094)
(0.003781 0.001531 0.005094)
(0.003844 0.001531 0.005094)
(0.003906 0.001531 0.005094)
(0.003969 0.001531 0.005094)
(0.002531 0.001594 0.005094)
(0.002594 0.001594 0.005094)
(0.002656 0.001594 0.005094)
(0.002719 0.001594 0.005094)
(0.002781 0.001594 0.005094)
(0.002844 0.001594 0.005094)
(0.002906 0.001594 0.005094)
(0.002969 0.001594 0.005094)
(0.003031 0.001594 0.005094)
(0.003094 0.001594 0.005094)
(0.003156 0.001594 0.005094)
(0.003219 0.001594 0.005094)
(0.003281 0.001594 0.005094)
(0.003344 0.001594 0.005094)
(0.003406 0.001594 0.005094)
(0.003469 0.001594 0.005094)
(0.003531 0.001594 0.005094)
(0.003594 0.001594 0.005094)
(0.003656 0.001594 0.005094)
(0.003719 0.001594 0.005094)
(0.003781 0.001594 0.005094)
(0.003844 0.001594 0.005094)
(0.003906 0.001594 0.005094)
(0.003969 0.001594 0.005094)
(0.002531 0.001656 0.005094)
(0.002594 0.001656 0.005094)
(0.002656 0.001656 0.005094)
(0.002719 0.001656 0.005094)
(0.002781 0.001656 0.005094)
(0.002844 0.001656 0.005094)
(0.002906 0.001656 0.005094)
(0.002969 0.001656 0.005094)
(0.003031 0.001656 0.005094)
(0.003094 0.001656 0.005094)
(0.003156 0.001656 0.005094)
(0.003219 0.001656 0.005094)
(0.003281 0.001656 0.005094)
(0.003344 0.001656 0.005094)
(0.003406 0.001656 0.005094)
(0.003469 0.001656 0.005094)
(0.003531 0.001656 0.005094)
(0.003594 0.001656 0.005094)
(0.003656 0.001656 0.005094)
(0.003719 0.001656 0.005094)
(0.003781 0.001656 0.005094)
(0.003844 0.001656 0.005094)
(0.003906 0.001656 0.005094)
(0.003969 0.001656 0.005094)
(0.002531 0.001719 0.005094)
(0.002594 0.001719 0.005094)
(0.002656 0.001719 0.005094)
(0.002719 0.001719 0.005094)
(0.002781 0.001719 0.005094)
(0.002844 0.001719 0.005094)
(0.002906 0.001719 0.005094)
(0.002969 0.001719 0.005094)
(0.003031 0.001719 0.005094)
(0.003094 0.001719 0.005094)
(0.003156 0.001719 0.005094)
(0.003219 0.001719 0.005094)
(0.003281 0.001719 0.005094)
(0.003344 0.001719 0.005094)
(0.003406 0.001719 0.005094)
(0.003469 0.001719 0.005094)
(0.003531 0.001719 0.005094)
(0.003594 0.001719 0.005094)
(0.003656 0.001719 0.005094)
(0.003719 0.001719 0.005094)
(0.003781 0.001719 0.005094)
(0.003844 0.001719 0.005094)
(0.003906 0.001719 0.005094)
(0.003969 0.001719 0.005094)
(0.002531 0.001781 0.005094)
(0.002594 0.001781 0.005094)
(0.002656 0.001781 0.005094)
(0.002719 0.001781 0.005094)
(0.002781 0.001781 0.005094)
(0.002844 0.001781 0.005094)
(0.002906 0.001781 0.005094)
(0.002969 0.001781 0.005094)
(0.003031 0.001781 0.005094)
(0.003094 0.001781 0.005094)
(0.003156 0.001781 0.005094)
(0.003219 0.001781 0.005094)
(0.003281 0.001781 0.005094)
(0.003344 0.001781 0.005094)
(0.003406 0.001781 0.005094)
(0.003469 0.001781 0.005094)
(0.003531 0.001781 0.005094)
(0.003594 0.001781 0.005094)
(0.003656 0.001781 0.005094)
(0.003719 0.001781 0.005094)
(0.003781 0.001781 0.005094)
(0.003844 0.001781 0.005094)
(0.003906 0.001781 0.005094)
(0.003969 0.001781 0.005094)
(0.002531 0.001844 0.005094)
(0.002594 0.001844 0.005094)
(0.002656 0.001844 0.005094)
(0.002719 0.001844 0.005094)
(0.002781 0.001844 0.005094)
(0.002844 0.001844 0.005094)
(0.002906 0.001844 0.005094)
(0.002969 0.001844 0.005094)
(0.003031 0.001844 0.005094)
(0.003094 0.001844 0.005094)
(0.003156 0.001844 0.005094)
(0.003219 0.001844 0.005094)
(0.003281 0.001844 0.005094)
(0.003344 0.001844 0.005094)
(0.003406 0.001844 0.005094)
(0.003469 0.001844 0.005094)
(0.003531 0.001844 0.005094)
(0.003594 0.001844 0.005094)
(0.003656 0.001844 0.005094)
(0.003719 0.001844 0.005094)
(0.003781 0.001844 0.005094)
(0.003844 0.001844 0.005094)
(0.003906 0.001844 0.005094)
(0.003969 0.001844 0.005094)
(0.002531 0.001906 0.005094)
(0.002594 0.001906 0.005094)
(0.002656 0.001906 0.005094)
(0.002719 0.001906 0.005094)
(0.002781 0.001906 0.005094)
(0.002844 0.001906 0.005094)
(0.002906 0.001906 0.005094)
(0.002969 0.001906 0.005094)
(0.003031 0.001906 0.005094)
(0.003094 0.001906 0.005094)
(0.003156 0.001906 0.005094)
(0.003219 0.001906 0.005094)
(0.003281 0.001906 0.005094)
(0.003344 0.001906 0.005094)
(0.003406 0.001906 0.005094)
(0.003469 0.001906 0.005094)
(0.003531 0.001906 0.005094)
(0.003594 0.001906 0.005094)
(0.003656 0.001906 0.005094)
(0.003719 0.001906 0.005094)
(0.003781 0.001906 0.005094)
(0.003844 0.001906 0.005094)
(0.003906 0.001906 0.005094)
(0.003969 0.001906 0.005094)
(0.002531 0.001969 0.005094)
(0.002594 0.001969 0.005094)
(0.002656 0.001969 0.005094)
(0.002719 0.001969 0.005094)
(0.002781 0.001969 0.005094)
(0.002844 0.001969 0.005094)
(0.002906 0.001969 0.005094)
(0.002969 0.001969 0.005094)
(0.003031 0.001969 0.005094)
(0.003094 0.001969 0.005094)
(0.003156 0.001969 0.005094)
(0.003219 0.001969 0.005094)
(0.003281 0.001969 0.005094)
(0.003344 0.001969 0.005094)
(0.003406 0.001969 0.005094)
(0.003469 0.001969 0.005094)
(0.003531 0.001969 0.005094)
(0.003594 0.001969 0.005094)
(0.003656 0.001969 0.005094)
(0.003719 0.001969 0.005094)
(0.003781 0.001969 0.005094)
(0.003844 0.001969 0.005094)
(0.003906 0.001969 0.005094)
(0.003969 0.001969 0.005094)
(0.002531 0.002031 0.005094)
(0.002594 0.002031 0.005094)
(0.002656 0.002031 0.005094)
(0.002719 0.002031 0.005094)
(0.002781 0.002031 0.005094)
(0.002844 0.002031 0.005094)
(0.002906 0.002031 0.005094)
(0.002969 0.002031 0.005094)
(0.003031 0.002031 0.005094)
(0.003094 0.002031 0.005094)
(0.003156 0.002031 0.005094)
(0.003219 0.002031 0.005094)
(0.003281 0.002031 0.005094)
(0.003344 0.002031 0.005094)
(0.003406 0.002031 0.005094)
(0.003469 0.002031 0.005094)
(0.003531 0.002031 0.005094)
(0.003594 0.002031 0.005094)
(0.003656 0.002031 0.005094)
(0.003719 0.002031 0.005094)
(0.003781 0.002031 0.005094)
(0.003844 0.002031 0.005094)
(0.003906 0.002031 0.005094)
(0.003969 0.002031 0.005094)
(0.002531 0.002094 0.005094)
(0.002594 0.002094 0.005094)
(0.002656 0.002094 0.005094)
(0.002719 0.002094 0.005094)
(0.002781 0.002094 0.005094)
(0.002844 0.002094 0.005094)
(0.002906 0.002094 0.005094)
(0.002969 0.002094 0.005094)
(0.003031 0.002094 0.005094)
(0.003094 0.002094 0.005094)
(0.003156 0.002094 0.005094)
(0.003219 0.002094 0.005094)
(0.003281 0.002094 0.005094)
(0.003344 0.002094 0.005094)
(0.003406 0.002094 0.005094)
(0.003469 0.002094 0.005094)
(0.003531 0.002094 0.005094)
(0.003594 0.002094 0.005094)
(0.003656 0.002094 0.005094)
(0.003719 0.002094 0.005094)
(0.003781 0.002094 0.005094)
(0.003844 0.002094 0.005094)
(0.003906 0.002094 0.005094)
(0.003969 0.002094 0.005094)
(0.002531 0.002156 0.005094)
(0.002594 0.002156 0.005094)
(0.002656 0.002156 0.005094)
(0.002719 0.002156 0.005094)
(0.002781 0.002156 0.005094)
(0.002844 0.002156 0.005094)
(0.002906 0.002156 0.005094)
(0.002969 0.002156 0.005094)
(0.003031 0.002156 0.005094)
(0.003094 0.002156 0.005094)
(0.003156 0.002156 0.005094)
(0.003219 0.002156 0.005094)
(0.003281 0.002156 0.005094)
(0.003344 0.002156 0.005094)
(0.003406 0.002156 0.005094)
(0.003469 0.002156 0.005094)
(0.003531 0.002156 0.005094)
(0.003594 0.002156 0.005094)
(0.003656 0.002156 0.005094)
(0.003719 0.002156 0.005094)
(0.003781 0.002156 0.005094)
(0.003844 0.002156 0.005094)
(0.003906 0.002156 0.005094)
(0.003969 0.002156 0.005094)
(0.002531 0.002219 0.005094)
(0.002594 0.002219 0.005094)
(0.002656 0.002219 0.005094)
(0.002719 0.002219 0.005094)
(0.002781 0.002219 0.005094)
(0.002844 0.002219 0.005094)
(0.002906 0.002219 0.005094)
(0.002969 0.002219 0.005094)
(0.003031 0.002219 0.005094)
(0.003094 0.002219 0.005094)
(0.003156 0.002219 0.005094)
(0.003219 0.002219 0.005094)
(0.003281 0.002219 0.005094)
(0.003344 0.002219 0.005094)
(0.003406 0.002219 0.005094)
(0.003469 0.002219 0.005094)
(0.003531 0.002219 0.005094)
(0.003594 0.002219 0.005094)
(0.003656 0.002219 0.005094)
(0.003719 0.002219 0.005094)
(0.003781 0.002219 0.005094)
(0.003844 0.002219 0.005094)
(0.003906 0.002219 0.005094)
(0.003969 0.002219 0.005094)
(0.002531 0.002281 0.005094)
(0.002594 0.002281 0.005094)
(0.002656 0.002281 0.005094)
(0.002719 0.002281 0.005094)
(0.002781 0.002281 0.005094)
(0.002844 0.002281 0.005094)
(0.002906 0.002281 0.005094)
(0.002969 0.002281 0.005094)
(0.003031 0.002281 0.005094)
(0.003094 0.002281 0.005094)
(0.003156 0.002281 0.005094)
(0.003219 0.002281 0.005094)
(0.003281 0.002281 0.005094)
(0.003344 0.002281 0.005094)
(0.003406 0.002281 0.005094)
(0.003469 0.002281 0.005094)
(0.003531 0.002281 0.005094)
(0.003594 0.002281 0.005094)
(0.003656 0.002281 0.005094)
(0.003719 0.002281 0.005094)
(0.003781 0.002281 0.005094)
(0.003844 0.002281 0.005094)
(0.003906 0.002281 0.005094)
(0.003969 0.002281 0.005094)
(0.002531 0.002344 0.005094)
(0.002594 0.002344 0.005094)
(0.002656 0.002344 0.005094)
(0.002719 0.002344 0.005094)
(0.002781 0.002344 0.005094)
(0.002844 0.002344 0.005094)
(0.002906 0.002344 0.005094)
(0.002969 0.002344 0.005094)
(0.003031 0.002344 0.005094)
(0.003094 0.002344 0.005094)
(0.003156 0.002344 0.005094)
(0.003219 0.002344 0.005094)
(0.003281 0.002344 0.005094)
(0.003344 0.002344 0.005094)
(0.003406 0.002344 0.005094)
(0.003469 0.002344 0.005094)
(0.003531 0.002344 0.005094)
(0.003594 0.002344 0.005094)
(0.003656 0.002344 0.005094)
(0.003719 0.002344 0.005094)
(0.003781 0.002344 0.005094)
(0.003844 0.002344 0.005094)
(0.003906 0.002344 0.005094)
(0.003969 0.002344 0.005094)
(0.002531 0.001281 0.005156)
(0.002594 0.001281 0.005156)
(0.002656 0.001281 0.005156)
(0.002719 0.001281 0.005156)
(0.002781 0.001281 0.005156)
(0.002844 0.001281 0.005156)
(0.002906 0.001281 0.005156)
(0.002969 0.001281 0.005156)
(0.003031 0.001281 0.005156)
(0.003094 0.001281 0.005156)
(0.003156 0.001281 0.005156)
(0.003219 0.001281 0.005156)
(0.003281 0.001281 0.005156)
(0.003344 0.001281 0.005156)
(0.003406 0.001281 0.005156)
(0.003469 0.001281 0.005156)
(0.003531 0.001281 0.005156)
(0.003594 0.001281 0.005156)
(0.003656 0.001281 0.005156)
(0.003719 0.001281 0.005156)
(0.003781 0.001281 0.005156)
(0.003844 0.001281 0.005156)
(0.003906 0.001281 0.005156)
(0.003969 0.001281 0.005156)
(0.002531 0.001344 0.005156)
(0.002594 0.001344 0.005156)
(0.002656 0.001344 0.005156)
(0.002719 0.001344 0.005156)
(0.002781 0.001344 0.005156)
(0.002844 0.001344 0.005156)
(0.002906 0.001344 0.005156)
(0.002969 0.001344 0.005156)
(0.003031 0.001344 0.005156)
(0.003094 0.001344 0.005156)
(0.003156 0.001344 0.005156)
(0.003219 0.001344 0.005156)
(0.003281 0.001344 0.005156)
(0.003344 0.001344 0.005156)
(0.003406 0.001344 0.005156)
(0.003469 0.001344 0.005156)
(0.003531 0.001344 0.005156)
(0.003594 0.001344 0.005156)
(0.003656 0.001344 0.005156)
(0.003719 0.001344 0.005156)
(0.003781 0.001344 0.005156)
(0.003844 0.001344 0.005156)
(0.003906 0.001344 0.005156)
(0.003969 0.001344 0.005156)
(0.002531 0.001406 0.005156)
(0.002594 0.001406 0.005156)
(0.002656 0.001406 0.005156)
(0.002719 0.001406 0.005156)
(0.002781 0.001406 0.005156)
(0.002844 0.001406 0.005156)
(0.002906 0.001406 0.005156)
(0.002969 0.001406 0.005156)
(0.003031 0.001406 0.005156)
(0.003094 0.001406 0.005156)
(0.003156 0.001406 0.005156)
(0.003219 0.001406 0.005156)
(0.003281 0.001406 0.005156)
(0.003344 0.001406 0.005156)
(0.003406 0.001406 0.005156)
(0.003469 0.001406 0.005156)
(0.003531 0.001406 0.005156)
(0.003594 0.001406 0.005156)
(0.003656 0.001406 0.005156)
(0.003719 0.001406 0.005156)
(0.003781 0.001406 0.005156)
(0.003844 0.001406 0.005156)
(0.003906 0.001406 0.005156)
(0.003969 0.001406 0.005156)
(0.002531 0.001469 0.005156)
(0.002594 0.001469 0.005156)
(0.002656 0.001469 0.005156)
(0.002719 0.001469 0.005156)
(0.002781 0.001469 0.005156)
(0.002844 0.001469 0.005156)
(0.002906 0.001469 0.005156)
(0.002969 0.001469 0.005156)
(0.003031 0.001469 0.005156)
(0.003094 0.001469 0.005156)
(0.003156 0.001469 0.005156)
(0.003219 0.001469 0.005156)
(0.003281 0.001469 0.005156)
(0.003344 0.001469 0.005156)
(0.003406 0.001469 0.005156)
(0.003469 0.001469 0.005156)
(0.003531 0.001469 0.005156)
(0.003594 0.001469 0.005156)
(0.003656 0.001469 0.005156)
(0.003719 0.001469 0.005156)
(0.003781 0.001469 0.005156)
(0.003844 0.001469 0.005156)
(0.003906 0.001469 0.005156)
(0.003969 0.001469 0.005156)
(0.002531 0.001531 0.005156)
(0.002594 0.001531 0.005156)
(0.002656 0.001531 0.005156)
(0.002719 0.001531 0.005156)
(0.002781 0.001531 0.005156)
(0.002844 0.001531 0.005156)
(0.002906 0.001531 0.005156)
(0.002969 0.001531 0.005156)
(0.003031 0.001531 0.005156)
(0.003094 0.001531 0.005156)
(0.003156 0.001531 0.005156)
(0.003219 0.001531 0.005156)
(0.003281 0.001531 0.005156)
(0.003344 0.001531 0.005156)
(0.003406 0.001531 0.005156)
(0.003469 0.001531 0.005156)
(0.003531 0.001531 0.005156)
(0.003594 0.001531 0.005156)
(0.003656 0.001531 0.005156)
(0.003719 0.001531 0.005156)
(0.003781 0.001531 0.005156)
(0.003844 0.001531 0.005156)
(0.003906 0.001531 0.005156)
(0.003969 0.001531 0.005156)
(0.002531 0.001594 0.005156)
(0.002594 0.001594 0.005156)
(0.002656 0.001594 0.005156)
(0.002719 0.001594 0.005156)
(0.002781 0.001594 0.005156)
(0.002844 0.001594 0.005156)
(0.002906 0.001594 0.005156)
(0.002969 0.001594 0.005156)
(0.003031 0.001594 0.005156)
(0.003094 0.001594 0.005156)
(0.003156 0.001594 0.005156)
(0.003219 0.001594 0.005156)
(0.003281 0.001594 0.005156)
(0.003344 0.001594 0.005156)
(0.003406 0.001594 0.005156)
(0.003469 0.001594 0.005156)
(0.003531 0.001594 0.005156)
(0.003594 0.001594 0.005156)
(0.003656 0.001594 0.005156)
(0.003719 0.001594 0.005156)
(0.003781 0.001594 0.005156)
(0.003844 0.001594 0.005156)
(0.003906 0.001594 0.005156)
(0.003969 0.001594 0.005156)
(0.002531 0.001656 0.005156)
(0.002594 0.001656 0.005156)
(0.002656 0.001656 0.005156)
(0.002719 0.001656 0.005156)
(0.002781 0.001656 0.005156)
(0.002844 0.001656 0.005156)
(0.002906 0.001656 0.005156)
(0.002969 0.001656 0.005156)
(0.003031 0.001656 0.005156)
(0.003094 0.001656 0.005156)
(0.003156 0.001656 0.005156)
(0.003219 0.001656 0.005156)
(0.003281 0.001656 0.005156)
(0.003344 0.001656 0.005156)
(0.003406 0.001656 0.005156)
(0.003469 0.001656 0.005156)
(0.003531 0.001656 0.005156)
(0.003594 0.001656 0.005156)
(0.003656 0.001656 0.005156)
(0.003719 0.001656 0.005156)
(0.003781 0.001656 0.005156)
(0.003844 0.001656 0.005156)
(0.003906 0.001656 0.005156)
(0.003969 0.001656 0.005156)
(0.002531 0.001719 0.005156)
(0.002594 0.001719 0.005156)
(0.002656 0.001719 0.005156)
(0.002719 0.001719 0.005156)
(0.002781 0.001719 0.005156)
(0.002844 0.001719 0.005156)
(0.002906 0.001719 0.005156)
(0.002969 0.001719 0.005156)
(0.003031 0.001719 0.005156)
(0.003094 0.001719 0.005156)
(0.003156 0.001719 0.005156)
(0.003219 0.001719 0.005156)
(0.003281 0.001719 0.005156)
(0.003344 0.001719 0.005156)
(0.003406 0.001719 0.005156)
(0.003469 0.001719 0.005156)
(0.003531 0.001719 0.005156)
(0.003594 0.001719 0.005156)
(0.003656 0.001719 0.005156)
(0.003719 0.001719 0.005156)
(0.003781 0.001719 0.005156)
(0.003844 0.001719 0.005156)
(0.003906 0.001719 0.005156)
(0.003969 0.001719 0.005156)
(0.002531 0.001781 0.005156)
(0.002594 0.001781 0.005156)
(0.002656 0.001781 0.005156)
(0.002719 0.001781 0.005156)
(0.002781 0.001781 0.005156)
(0.002844 0.001781 0.005156)
(0.002906 0.001781 0.005156)
(0.002969 0.001781 0.005156)
(0.003031 0.001781 0.005156)
(0.003094 0.001781 0.005156)
(0.003156 0.001781 0.005156)
(0.003219 0.001781 0.005156)
(0.003281 0.001781 0.005156)
(0.003344 0.001781 0.005156)
(0.003406 0.001781 0.005156)
(0.003469 0.001781 0.005156)
(0.003531 0.001781 0.005156)
(0.003594 0.001781 0.005156)
(0.003656 0.001781 0.005156)
(0.003719 0.001781 0.005156)
(0.003781 0.001781 0.005156)
(0.003844 0.001781 0.005156)
(0.003906 0.001781 0.005156)
(0.003969 0.001781 0.005156)
(0.002531 0.001844 0.005156)
(0.002594 0.001844 0.005156)
(0.002656 0.001844 0.005156)
(0.002719 0.001844 0.005156)
(0.002781 0.001844 0.005156)
(0.002844 0.001844 0.005156)
(0.002906 0.001844 0.005156)
(0.002969 0.001844 0.005156)
(0.003031 0.001844 0.005156)
(0.003094 0.001844 0.005156)
(0.003156 0.001844 0.005156)
(0.003219 0.001844 0.005156)
(0.003281 0.001844 0.005156)
(0.003344 0.001844 0.005156)
(0.003406 0.001844 0.005156)
(0.003469 0.001844 0.005156)
(0.003531 0.001844 0.005156)
(0.003594 0.001844 0.005156)
(0.003656 0.001844 0.005156)
(0.003719 0.001844 0.005156)
(0.003781 0.001844 0.005156)
(0.003844 0.001844 0.005156)
(0.003906 0.001844 0.005156)
(0.003969 0.001844 0.005156)
(0.002531 0.001906 0.005156)
(0.002594 0.001906 0.005156)
(0.002656 0.001906 0.005156)
(0.002719 0.001906 0.005156)
(0.002781 0.001906 0.005156)
(0.002844 0.001906 0.005156)
(0.002906 0.001906 0.005156)
(0.002969 0.001906 0.005156)
(0.003031 0.001906 0.005156)
(0.003094 0.001906 0.005156)
(0.003156 0.001906 0.005156)
(0.003219 0.001906 0.005156)
(0.003281 0.001906 0.005156)
(0.003344 0.001906 0.005156)
(0.003406 0.001906 0.005156)
(0.003469 0.001906 0.005156)
(0.003531 0.001906 0.005156)
(0.003594 0.001906 0.005156)
(0.003656 0.001906 0.005156)
(0.003719 0.001906 0.005156)
(0.003781 0.001906 0.005156)
(0.003844 0.001906 0.005156)
(0.003906 0.001906 0.005156)
(0.003969 0.001906 0.005156)
(0.002531 0.001969 0.005156)
(0.002594 0.001969 0.005156)
(0.002656 0.001969 0.005156)
(0.002719 0.001969 0.005156)
(0.002781 0.001969 0.005156)
(0.002844 0.001969 0.005156)
(0.002906 0.001969 0.005156)
(0.002969 0.001969 0.005156)
(0.003031 0.001969 0.005156)
(0.003094 0.001969 0.005156)
(0.003156 0.001969 0.005156)
(0.003219 0.001969 0.005156)
(0.003281 0.001969 0.005156)
(0.003344 0.001969 0.005156)
(0.003406 0.001969 0.005156)
(0.003469 0.001969 0.005156)
(0.003531 0.001969 0.005156)
(0.003594 0.001969 0.005156)
(0.003656 0.001969 0.005156)
(0.003719 0.001969 0.005156)
(0.003781 0.001969 0.005156)
(0.003844 0.001969 0.005156)
(0.003906 0.001969 0.005156)
(0.003969 0.001969 0.005156)
(0.002531 0.002031 0.005156)
(0.002594 0.002031 0.005156)
(0.002656 0.002031 0.005156)
(0.002719 0.002031 0.005156)
(0.002781 0.002031 0.005156)
(0.002844 0.002031 0.005156)
(0.002906 0.002031 0.005156)
(0.002969 0.002031 0.005156)
(0.003031 0.002031 0.005156)
(0.003094 0.002031 0.005156)
(0.003156 0.002031 0.005156)
(0.003219 0.002031 0.005156)
(0.003281 0.002031 0.005156)
(0.003344 0.002031 0.005156)
(0.003406 0.002031 0.005156)
(0.003469 0.002031 0.005156)
(0.003531 0.002031 0.005156)
(0.003594 0.002031 0.005156)
(0.003656 0.002031 0.005156)
(0.003719 0.002031 0.005156)
(0.003781 0.002031 0.005156)
(0.003844 0.002031 0.005156)
(0.003906 0.002031 0.005156)
(0.003969 0.002031 0.005156)
(0.002531 0.002094 0.005156)
(0.002594 0.002094 0.005156)
(0.002656 0.002094 0.005156)
(0.002719 0.002094 0.005156)
(0.002781 0.002094 0.005156)
(0.002844 0.002094 0.005156)
(0.002906 0.002094 0.005156)
(0.002969 0.002094 0.005156)
(0.003031 0.002094 0.005156)
(0.003094 0.002094 0.005156)
(0.003156 0.002094 0.005156)
(0.003219 0.002094 0.005156)
(0.003281 0.002094 0.005156)
(0.003344 0.002094 0.005156)
(0.003406 0.002094 0.005156)
(0.003469 0.002094 0.005156)
(0.003531 0.002094 0.005156)
(0.003594 0.002094 0.005156)
(0.003656 0.002094 0.005156)
(0.003719 0.002094 0.005156)
(0.003781 0.002094 0.005156)
(0.003844 0.002094 0.005156)
(0.003906 0.002094 0.005156)
(0.003969 0.002094 0.005156)
(0.002531 0.002156 0.005156)
(0.002594 0.002156 0.005156)
(0.002656 0.002156 0.005156)
(0.002719 0.002156 0.005156)
(0.002781 0.002156 0.005156)
(0.002844 0.002156 0.005156)
(0.002906 0.002156 0.005156)
(0.002969 0.002156 0.005156)
(0.003031 0.002156 0.005156)
(0.003094 0.002156 0.005156)
(0.003156 0.002156 0.005156)
(0.003219 0.002156 0.005156)
(0.003281 0.002156 0.005156)
(0.003344 0.002156 0.005156)
(0.003406 0.002156 0.005156)
(0.003469 0.002156 0.005156)
(0.003531 0.002156 0.005156)
(0.003594 0.002156 0.005156)
(0.003656 0.002156 0.005156)
(0.003719 0.002156 0.005156)
(0.003781 0.002156 0.005156)
(0.003844 0.002156 0.005156)
(0.003906 0.002156 0.005156)
(0.003969 0.002156 0.005156)
(0.002531 0.002219 0.005156)
(0.002594 0.002219 0.005156)
(0.002656 0.002219 0.005156)
(0.002719 0.002219 0.005156)
(0.002781 0.002219 0.005156)
(0.002844 0.002219 0.005156)
(0.002906 0.002219 0.005156)
(0.002969 0.002219 0.005156)
(0.003031 0.002219 0.005156)
(0.003094 0.002219 0.005156)
(0.003156 0.002219 0.005156)
(0.003219 0.002219 0.005156)
(0.003281 0.002219 0.005156)
(0.003344 0.002219 0.005156)
(0.003406 0.002219 0.005156)
(0.003469 0.002219 0.005156)
(0.003531 0.002219 0.005156)
(0.003594 0.002219 0.005156)
(0.003656 0.002219 0.005156)
(0.003719 0.002219 0.005156)
(0.003781 0.002219 0.005156)
(0.003844 0.002219 0.005156)
(0.003906 0.002219 0.005156)
(0.003969 0.002219 0.005156)
(0.002531 0.002281 0.005156)
(0.002594 0.002281 0.005156)
(0.002656 0.002281 0.005156)
(0.002719 0.002281 0.005156)
(0.002781 0.002281 0.005156)
(0.002844 0.002281 0.005156)
(0.002906 0.002281 0.005156)
(0.002969 0.002281 0.005156)
(0.003031 0.002281 0.005156)
(0.003094 0.002281 0.005156)
(0.003156 0.002281 0.005156)
(0.003219 0.002281 0.005156)
(0.003281 0.002281 0.005156)
(0.003344 0.002281 0.005156)
(0.003406 0.002281 0.005156)
(0.003469 0.002281 0.005156)
(0.003531 0.002281 0.005156)
(0.003594 0.002281 0.005156)
(0.003656 0.002281 0.005156)
(0.003719 0.002281 0.005156)
(0.003781 0.002281 0.005156)
(0.003844 0.002281 0.005156)
(0.003906 0.002281 0.005156)
(0.003969 0.002281 0.005156)
(0.002531 0.002344 0.005156)
(0.002594 0.002344 0.005156)
(0.002656 0.002344 0.005156)
(0.002719 0.002344 0.005156)
(0.002781 0.002344 0.005156)
(0.002844 0.002344 0.005156)
(0.002906 0.002344 0.005156)
(0.002969 0.002344 0.005156)
(0.003031 0.002344 0.005156)
(0.003094 0.002344 0.005156)
(0.003156 0.002344 0.005156)
(0.003219 0.002344 0.005156)
(0.003281 0.002344 0.005156)
(0.003344 0.002344 0.005156)
(0.003406 0.002344 0.005156)
(0.003469 0.002344 0.005156)
(0.003531 0.002344 0.005156)
(0.003594 0.002344 0.005156)
(0.003656 0.002344 0.005156)
(0.003719 0.002344 0.005156)
(0.003781 0.002344 0.005156)
(0.003844 0.002344 0.005156)
(0.003906 0.002344 0.005156)
(0.003969 0.002344 0.005156)
(0.002531 0.001281 0.005219)
(0.002594 0.001281 0.005219)
(0.002656 0.001281 0.005219)
(0.002719 0.001281 0.005219)
(0.002781 0.001281 0.005219)
(0.002844 0.001281 0.005219)
(0.002906 0.001281 0.005219)
(0.002969 0.001281 0.005219)
(0.003031 0.001281 0.005219)
(0.003094 0.001281 0.005219)
(0.003156 0.001281 0.005219)
(0.003219 0.001281 0.005219)
(0.003281 0.001281 0.005219)
(0.003344 0.001281 0.005219)
(0.003406 0.001281 0.005219)
(0.003469 0.001281 0.005219)
(0.003531 0.001281 0.005219)
(0.003594 0.001281 0.005219)
(0.003656 0.001281 0.005219)
(0.003719 0.001281 0.005219)
(0.003781 0.001281 0.005219)
(0.003844 0.001281 0.005219)
(0.003906 0.001281 0.005219)
(0.003969 0.001281 0.005219)
(0.002531 0.001344 0.005219)
(0.002594 0.001344 0.005219)
(0.002656 0.001344 0.005219)
(0.002719 0.001344 0.005219)
(0.002781 0.001344 0.005219)
(0.002844 0.001344 0.005219)
(0.002906 0.001344 0.005219)
(0.002969 0.001344 0.005219)
(0.003031 0.001344 0.005219)
(0.003094 0.001344 0.005219)
(0.003156 0.001344 0.005219)
(0.003219 0.001344 0.005219)
(0.003281 0.001344 0.005219)
(0.003344 0.001344 0.005219)
(0.003406 0.001344 0.005219)
(0.003469 0.001344 0.005219)
(0.003531 0.001344 0.005219)
(0.003594 0.001344 0.005219)
(0.003656 0.001344 0.005219)
(0.003719 0.001344 0.005219)
(0.003781 0.001344 0.005219)
(0.003844 0.001344 0.005219)
(0.003906 0.001344 0.005219)
(0.003969 0.001344 0.005219)
(0.002531 0.001406 0.005219)
(0.002594 0.001406 0.005219)
(0.002656 0.001406 0.005219)
(0.002719 0.001406 0.005219)
(0.002781 0.001406 0.005219)
(0.002844 0.001406 0.005219)
(0.002906 0.001406 0.005219)
(0.002969 0.001406 0.005219)
(0.003031 0.001406 0.005219)
(0.003094 0.001406 0.005219)
(0.003156 0.001406 0.005219)
(0.003219 0.001406 0.005219)
(0.003281 0.001406 0.005219)
(0.003344 0.001406 0.005219)
(0.003406 0.001406 0.005219)
(0.003469 0.001406 0.005219)
(0.003531 0.001406 0.005219)
(0.003594 0.001406 0.005219)
(0.003656 0.001406 0.005219)
(0.003719 0.001406 0.005219)
(0.003781 0.001406 0.005219)
(0.003844 0.001406 0.005219)
(0.003906 0.001406 0.005219)
(0.003969 0.001406 0.005219)
(0.002531 0.001469 0.005219)
(0.002594 0.001469 0.005219)
(0.002656 0.001469 0.005219)
(0.002719 0.001469 0.005219)
(0.002781 0.001469 0.005219)
(0.002844 0.001469 0.005219)
(0.002906 0.001469 0.005219)
(0.002969 0.001469 0.005219)
(0.003031 0.001469 0.005219)
(0.003094 0.001469 0.005219)
(0.003156 0.001469 0.005219)
(0.003219 0.001469 0.005219)
(0.003281 0.001469 0.005219)
(0.003344 0.001469 0.005219)
(0.003406 0.001469 0.005219)
(0.003469 0.001469 0.005219)
(0.003531 0.001469 0.005219)
(0.003594 0.001469 0.005219)
(0.003656 0.001469 0.005219)
(0.003719 0.001469 0.005219)
(0.003781 0.001469 0.005219)
(0.003844 0.001469 0.005219)
(0.003906 0.001469 0.005219)
(0.003969 0.001469 0.005219)
(0.002531 0.001531 0.005219)
(0.002594 0.001531 0.005219)
(0.002656 0.001531 0.005219)
(0.002719 0.001531 0.005219)
(0.002781 0.001531 0.005219)
(0.002844 0.001531 0.005219)
(0.002906 0.001531 0.005219)
(0.002969 0.001531 0.005219)
(0.003031 0.001531 0.005219)
(0.003094 0.001531 0.005219)
(0.003156 0.001531 0.005219)
(0.003219 0.001531 0.005219)
(0.003281 0.001531 0.005219)
(0.003344 0.001531 0.005219)
(0.003406 0.001531 0.005219)
(0.003469 0.001531 0.005219)
(0.003531 0.001531 0.005219)
(0.003594 0.001531 0.005219)
(0.003656 0.001531 0.005219)
(0.003719 0.001531 0.005219)
(0.003781 0.001531 0.005219)
(0.003844 0.001531 0.005219)
(0.003906 0.001531 0.005219)
(0.003969 0.001531 0.005219)
(0.002531 0.001594 0.005219)
(0.002594 0.001594 0.005219)
(0.002656 0.001594 0.005219)
(0.002719 0.001594 0.005219)
(0.002781 0.001594 0.005219)
(0.002844 0.001594 0.005219)
(0.002906 0.001594 0.005219)
(0.002969 0.001594 0.005219)
(0.003031 0.001594 0.005219)
(0.003094 0.001594 0.005219)
(0.003156 0.001594 0.005219)
(0.003219 0.001594 0.005219)
(0.003281 0.001594 0.005219)
(0.003344 0.001594 0.005219)
(0.003406 0.001594 0.005219)
(0.003469 0.001594 0.005219)
(0.003531 0.001594 0.005219)
(0.003594 0.001594 0.005219)
(0.003656 0.001594 0.005219)
(0.003719 0.001594 0.005219)
(0.003781 0.001594 0.005219)
(0.003844 0.001594 0.005219)
(0.003906 0.001594 0.005219)
(0.003969 0.001594 0.005219)
(0.002531 0.001656 0.005219)
(0.002594 0.001656 0.005219)
(0.002656 0.001656 0.005219)
(0.002719 0.001656 0.005219)
(0.002781 0.001656 0.005219)
(0.002844 0.001656 0.005219)
(0.002906 0.001656 0.005219)
(0.002969 0.001656 0.005219)
(0.003031 0.001656 0.005219)
(0.003094 0.001656 0.005219)
(0.003156 0.001656 0.005219)
(0.003219 0.001656 0.005219)
(0.003281 0.001656 0.005219)
(0.003344 0.001656 0.005219)
(0.003406 0.001656 0.005219)
(0.003469 0.001656 0.005219)
(0.003531 0.001656 0.005219)
(0.003594 0.001656 0.005219)
(0.003656 0.001656 0.005219)
(0.003719 0.001656 0.005219)
(0.003781 0.001656 0.005219)
(0.003844 0.001656 0.005219)
(0.003906 0.001656 0.005219)
(0.003969 0.001656 0.005219)
(0.002531 0.001719 0.005219)
(0.002594 0.001719 0.005219)
(0.002656 0.001719 0.005219)
(0.002719 0.001719 0.005219)
(0.002781 0.001719 0.005219)
(0.002844 0.001719 0.005219)
(0.002906 0.001719 0.005219)
(0.002969 0.001719 0.005219)
(0.003031 0.001719 0.005219)
(0.003094 0.001719 0.005219)
(0.003156 0.001719 0.005219)
(0.003219 0.001719 0.005219)
(0.003281 0.001719 0.005219)
(0.003344 0.001719 0.005219)
(0.003406 0.001719 0.005219)
(0.003469 0.001719 0.005219)
(0.003531 0.001719 0.005219)
(0.003594 0.001719 0.005219)
(0.003656 0.001719 0.005219)
(0.003719 0.001719 0.005219)
(0.003781 0.001719 0.005219)
(0.003844 0.001719 0.005219)
(0.003906 0.001719 0.005219)
(0.003969 0.001719 0.005219)
(0.002531 0.001781 0.005219)
(0.002594 0.001781 0.005219)
(0.002656 0.001781 0.005219)
(0.002719 0.001781 0.005219)
(0.002781 0.001781 0.005219)
(0.002844 0.001781 0.005219)
(0.002906 0.001781 0.005219)
(0.002969 0.001781 0.005219)
(0.003031 0.001781 0.005219)
(0.003094 0.001781 0.005219)
(0.003156 0.001781 0.005219)
(0.003219 0.001781 0.005219)
(0.003281 0.001781 0.005219)
(0.003344 0.001781 0.005219)
(0.003406 0.001781 0.005219)
(0.003469 0.001781 0.005219)
(0.003531 0.001781 0.005219)
(0.003594 0.001781 0.005219)
(0.003656 0.001781 0.005219)
(0.003719 0.001781 0.005219)
(0.003781 0.001781 0.005219)
(0.003844 0.001781 0.005219)
(0.003906 0.001781 0.005219)
(0.003969 0.001781 0.005219)
(0.002531 0.001844 0.005219)
(0.002594 0.001844 0.005219)
(0.002656 0.001844 0.005219)
(0.002719 0.001844 0.005219)
(0.002781 0.001844 0.005219)
(0.002844 0.001844 0.005219)
(0.002906 0.001844 0.005219)
(0.002969 0.001844 0.005219)
(0.003031 0.001844 0.005219)
(0.003094 0.001844 0.005219)
(0.003156 0.001844 0.005219)
(0.003219 0.001844 0.005219)
(0.003281 0.001844 0.005219)
(0.003344 0.001844 0.005219)
(0.003406 0.001844 0.005219)
(0.003469 0.001844 0.005219)
(0.003531 0.001844 0.005219)
(0.003594 0.001844 0.005219)
(0.003656 0.001844 0.005219)
(0.003719 0.001844 0.005219)
(0.003781 0.001844 0.005219)
(0.003844 0.001844 0.005219)
(0.003906 0.001844 0.005219)
(0.003969 0.001844 0.005219)
(0.002531 0.001906 0.005219)
(0.002594 0.001906 0.005219)
(0.002656 0.001906 0.005219)
(0.002719 0.001906 0.005219)
(0.002781 0.001906 0.005219)
(0.002844 0.001906 0.005219)
(0.002906 0.001906 0.005219)
(0.002969 0.001906 0.005219)
(0.003031 0.001906 0.005219)
(0.003094 0.001906 0.005219)
(0.003156 0.001906 0.005219)
(0.003219 0.001906 0.005219)
(0.003281 0.001906 0.005219)
(0.003344 0.001906 0.005219)
(0.003406 0.001906 0.005219)
(0.003469 0.001906 0.005219)
(0.003531 0.001906 0.005219)
(0.003594 0.001906 0.005219)
(0.003656 0.001906 0.005219)
(0.003719 0.001906 0.005219)
(0.003781 0.001906 0.005219)
(0.003844 0.001906 0.005219)
(0.003906 0.001906 0.005219)
(0.003969 0.001906 0.005219)
(0.002531 0.001969 0.005219)
(0.002594 0.001969 0.005219)
(0.002656 0.001969 0.005219)
(0.002719 0.001969 0.005219)
(0.002781 0.001969 0.005219)
(0.002844 0.001969 0.005219)
(0.002906 0.001969 0.005219)
(0.002969 0.001969 0.005219)
(0.003031 0.001969 0.005219)
(0.003094 0.001969 0.005219)
(0.003156 0.001969 0.005219)
(0.003219 0.001969 0.005219)
(0.003281 0.001969 0.005219)
(0.003344 0.001969 0.005219)
(0.003406 0.001969 0.005219)
(0.003469 0.001969 0.005219)
(0.003531 0.001969 0.005219)
(0.003594 0.001969 0.005219)
(0.003656 0.001969 0.005219)
(0.003719 0.001969 0.005219)
(0.003781 0.001969 0.005219)
(0.003844 0.001969 0.005219)
(0.003906 0.001969 0.005219)
(0.003969 0.001969 0.005219)
(0.002531 0.002031 0.005219)
(0.002594 0.002031 0.005219)
(0.002656 0.002031 0.005219)
(0.002719 0.002031 0.005219)
(0.002781 0.002031 0.005219)
(0.002844 0.002031 0.005219)
(0.002906 0.002031 0.005219)
(0.002969 0.002031 0.005219)
(0.003031 0.002031 0.005219)
(0.003094 0.002031 0.005219)
(0.003156 0.002031 0.005219)
(0.003219 0.002031 0.005219)
(0.003281 0.002031 0.005219)
(0.003344 0.002031 0.005219)
(0.003406 0.002031 0.005219)
(0.003469 0.002031 0.005219)
(0.003531 0.002031 0.005219)
(0.003594 0.002031 0.005219)
(0.003656 0.002031 0.005219)
(0.003719 0.002031 0.005219)
(0.003781 0.002031 0.005219)
(0.003844 0.002031 0.005219)
(0.003906 0.002031 0.005219)
(0.003969 0.002031 0.005219)
(0.002531 0.002094 0.005219)
(0.002594 0.002094 0.005219)
(0.002656 0.002094 0.005219)
(0.002719 0.002094 0.005219)
(0.002781 0.002094 0.005219)
(0.002844 0.002094 0.005219)
(0.002906 0.002094 0.005219)
(0.002969 0.002094 0.005219)
(0.003031 0.002094 0.005219)
(0.003094 0.002094 0.005219)
(0.003156 0.002094 0.005219)
(0.003219 0.002094 0.005219)
(0.003281 0.002094 0.005219)
(0.003344 0.002094 0.005219)
(0.003406 0.002094 0.005219)
(0.003469 0.002094 0.005219)
(0.003531 0.002094 0.005219)
(0.003594 0.002094 0.005219)
(0.003656 0.002094 0.005219)
(0.003719 0.002094 0.005219)
(0.003781 0.002094 0.005219)
(0.003844 0.002094 0.005219)
(0.003906 0.002094 0.005219)
(0.003969 0.002094 0.005219)
(0.002531 0.002156 0.005219)
(0.002594 0.002156 0.005219)
(0.002656 0.002156 0.005219)
(0.002719 0.002156 0.005219)
(0.002781 0.002156 0.005219)
(0.002844 0.002156 0.005219)
(0.002906 0.002156 0.005219)
(0.002969 0.002156 0.005219)
(0.003031 0.002156 0.005219)
(0.003094 0.002156 0.005219)
(0.003156 0.002156 0.005219)
(0.003219 0.002156 0.005219)
(0.003281 0.002156 0.005219)
(0.003344 0.002156 0.005219)
(0.003406 0.002156 0.005219)
(0.003469 0.002156 0.005219)
(0.003531 0.002156 0.005219)
(0.003594 0.002156 0.005219)
(0.003656 0.002156 0.005219)
(0.003719 0.002156 0.005219)
(0.003781 0.002156 0.005219)
(0.003844 0.002156 0.005219)
(0.003906 0.002156 0.005219)
(0.003969 0.002156 0.005219)
(0.002531 0.002219 0.005219)
(0.002594 0.002219 0.005219)
(0.002656 0.002219 0.005219)
(0.002719 0.002219 0.005219)
(0.002781 0.002219 0.005219)
(0.002844 0.002219 0.005219)
(0.002906 0.002219 0.005219)
(0.002969 0.002219 0.005219)
(0.003031 0.002219 0.005219)
(0.003094 0.002219 0.005219)
(0.003156 0.002219 0.005219)
(0.003219 0.002219 0.005219)
(0.003281 0.002219 0.005219)
(0.003344 0.002219 0.005219)
(0.003406 0.002219 0.005219)
(0.003469 0.002219 0.005219)
(0.003531 0.002219 0.005219)
(0.003594 0.002219 0.005219)
(0.003656 0.002219 0.005219)
(0.003719 0.002219 0.005219)
(0.003781 0.002219 0.005219)
(0.003844 0.002219 0.005219)
(0.003906 0.002219 0.005219)
(0.003969 0.002219 0.005219)
(0.002531 0.002281 0.005219)
(0.002594 0.002281 0.005219)
(0.002656 0.002281 0.005219)
(0.002719 0.002281 0.005219)
(0.002781 0.002281 0.005219)
(0.002844 0.002281 0.005219)
(0.002906 0.002281 0.005219)
(0.002969 0.002281 0.005219)
(0.003031 0.002281 0.005219)
(0.003094 0.002281 0.005219)
(0.003156 0.002281 0.005219)
(0.003219 0.002281 0.005219)
(0.003281 0.002281 0.005219)
(0.003344 0.002281 0.005219)
(0.003406 0.002281 0.005219)
(0.003469 0.002281 0.005219)
(0.003531 0.002281 0.005219)
(0.003594 0.002281 0.005219)
(0.003656 0.002281 0.005219)
(0.003719 0.002281 0.005219)
(0.003781 0.002281 0.005219)
(0.003844 0.002281 0.005219)
(0.003906 0.002281 0.005219)
(0.003969 0.002281 0.005219)
(0.002531 0.002344 0.005219)
(0.002594 0.002344 0.005219)
(0.002656 0.002344 0.005219)
(0.002719 0.002344 0.005219)
(0.002781 0.002344 0.005219)
(0.002844 0.002344 0.005219)
(0.002906 0.002344 0.005219)
(0.002969 0.002344 0.005219)
(0.003031 0.002344 0.005219)
(0.003094 0.002344 0.005219)
(0.003156 0.002344 0.005219)
(0.003219 0.002344 0.005219)
(0.003281 0.002344 0.005219)
(0.003344 0.002344 0.005219)
(0.003406 0.002344 0.005219)
(0.003469 0.002344 0.005219)
(0.003531 0.002344 0.005219)
(0.003594 0.002344 0.005219)
(0.003656 0.002344 0.005219)
(0.003719 0.002344 0.005219)
(0.003781 0.002344 0.005219)
(0.003844 0.002344 0.005219)
(0.003906 0.002344 0.005219)
(0.003969 0.002344 0.005219)
(0.002531 0.001281 0.005281)
(0.002594 0.001281 0.005281)
(0.002656 0.001281 0.005281)
(0.002719 0.001281 0.005281)
(0.002781 0.001281 0.005281)
(0.002844 0.001281 0.005281)
(0.002906 0.001281 0.005281)
(0.002969 0.001281 0.005281)
(0.003031 0.001281 0.005281)
(0.003094 0.001281 0.005281)
(0.003156 0.001281 0.005281)
(0.003219 0.001281 0.005281)
(0.003281 0.001281 0.005281)
(0.003344 0.001281 0.005281)
(0.003406 0.001281 0.005281)
(0.003469 0.001281 0.005281)
(0.003531 0.001281 0.005281)
(0.003594 0.001281 0.005281)
(0.003656 0.001281 0.005281)
(0.003719 0.001281 0.005281)
(0.003781 0.001281 0.005281)
(0.003844 0.001281 0.005281)
(0.003906 0.001281 0.005281)
(0.003969 0.001281 0.005281)
(0.002531 0.001344 0.005281)
(0.002594 0.001344 0.005281)
(0.002656 0.001344 0.005281)
(0.002719 0.001344 0.005281)
(0.002781 0.001344 0.005281)
(0.002844 0.001344 0.005281)
(0.002906 0.001344 0.005281)
(0.002969 0.001344 0.005281)
(0.003031 0.001344 0.005281)
(0.003094 0.001344 0.005281)
(0.003156 0.001344 0.005281)
(0.003219 0.001344 0.005281)
(0.003281 0.001344 0.005281)
(0.003344 0.001344 0.005281)
(0.003406 0.001344 0.005281)
(0.003469 0.001344 0.005281)
(0.003531 0.001344 0.005281)
(0.003594 0.001344 0.005281)
(0.003656 0.001344 0.005281)
(0.003719 0.001344 0.005281)
(0.003781 0.001344 0.005281)
(0.003844 0.001344 0.005281)
(0.003906 0.001344 0.005281)
(0.003969 0.001344 0.005281)
(0.002531 0.001406 0.005281)
(0.002594 0.001406 0.005281)
(0.002656 0.001406 0.005281)
(0.002719 0.001406 0.005281)
(0.002781 0.001406 0.005281)
(0.002844 0.001406 0.005281)
(0.002906 0.001406 0.005281)
(0.002969 0.001406 0.005281)
(0.003031 0.001406 0.005281)
(0.003094 0.001406 0.005281)
(0.003156 0.001406 0.005281)
(0.003219 0.001406 0.005281)
(0.003281 0.001406 0.005281)
(0.003344 0.001406 0.005281)
(0.003406 0.001406 0.005281)
(0.003469 0.001406 0.005281)
(0.003531 0.001406 0.005281)
(0.003594 0.001406 0.005281)
(0.003656 0.001406 0.005281)
(0.003719 0.001406 0.005281)
(0.003781 0.001406 0.005281)
(0.003844 0.001406 0.005281)
(0.003906 0.001406 0.005281)
(0.003969 0.001406 0.005281)
(0.002531 0.001469 0.005281)
(0.002594 0.001469 0.005281)
(0.002656 0.001469 0.005281)
(0.002719 0.001469 0.005281)
(0.002781 0.001469 0.005281)
(0.002844 0.001469 0.005281)
(0.002906 0.001469 0.005281)
(0.002969 0.001469 0.005281)
(0.003031 0.001469 0.005281)
(0.003094 0.001469 0.005281)
(0.003156 0.001469 0.005281)
(0.003219 0.001469 0.005281)
(0.003281 0.001469 0.005281)
(0.003344 0.001469 0.005281)
(0.003406 0.001469 0.005281)
(0.003469 0.001469 0.005281)
(0.003531 0.001469 0.005281)
(0.003594 0.001469 0.005281)
(0.003656 0.001469 0.005281)
(0.003719 0.001469 0.005281)
(0.003781 0.001469 0.005281)
(0.003844 0.001469 0.005281)
(0.003906 0.001469 0.005281)
(0.003969 0.001469 0.005281)
(0.002531 0.001531 0.005281)
(0.002594 0.001531 0.005281)
(0.002656 0.001531 0.005281)
(0.002719 0.001531 0.005281)
(0.002781 0.001531 0.005281)
(0.002844 0.001531 0.005281)
(0.002906 0.001531 0.005281)
(0.002969 0.001531 0.005281)
(0.003031 0.001531 0.005281)
(0.003094 0.001531 0.005281)
(0.003156 0.001531 0.005281)
(0.003219 0.001531 0.005281)
(0.003281 0.001531 0.005281)
(0.003344 0.001531 0.005281)
(0.003406 0.001531 0.005281)
(0.003469 0.001531 0.005281)
(0.003531 0.001531 0.005281)
(0.003594 0.001531 0.005281)
(0.003656 0.001531 0.005281)
(0.003719 0.001531 0.005281)
(0.003781 0.001531 0.005281)
(0.003844 0.001531 0.005281)
(0.003906 0.001531 0.005281)
(0.003969 0.001531 0.005281)
(0.002531 0.001594 0.005281)
(0.002594 0.001594 0.005281)
(0.002656 0.001594 0.005281)
(0.002719 0.001594 0.005281)
(0.002781 0.001594 0.005281)
(0.002844 0.001594 0.005281)
(0.002906 0.001594 0.005281)
(0.002969 0.001594 0.005281)
(0.003031 0.001594 0.005281)
(0.003094 0.001594 0.005281)
(0.003156 0.001594 0.005281)
(0.003219 0.001594 0.005281)
(0.003281 0.001594 0.005281)
(0.003344 0.001594 0.005281)
(0.003406 0.001594 0.005281)
(0.003469 0.001594 0.005281)
(0.003531 0.001594 0.005281)
(0.003594 0.001594 0.005281)
(0.003656 0.001594 0.005281)
(0.003719 0.001594 0.005281)
(0.003781 0.001594 0.005281)
(0.003844 0.001594 0.005281)
(0.003906 0.001594 0.005281)
(0.003969 0.001594 0.005281)
(0.002531 0.001656 0.005281)
(0.002594 0.001656 0.005281)
(0.002656 0.001656 0.005281)
(0.002719 0.001656 0.005281)
(0.002781 0.001656 0.005281)
(0.002844 0.001656 0.005281)
(0.002906 0.001656 0.005281)
(0.002969 0.001656 0.005281)
(0.003031 0.001656 0.005281)
(0.003094 0.001656 0.005281)
(0.003156 0.001656 0.005281)
(0.003219 0.001656 0.005281)
(0.003281 0.001656 0.005281)
(0.003344 0.001656 0.005281)
(0.003406 0.001656 0.005281)
(0.003469 0.001656 0.005281)
(0.003531 0.001656 0.005281)
(0.003594 0.001656 0.005281)
(0.003656 0.001656 0.005281)
(0.003719 0.001656 0.005281)
(0.003781 0.001656 0.005281)
(0.003844 0.001656 0.005281)
(0.003906 0.001656 0.005281)
(0.003969 0.001656 0.005281)
(0.002531 0.001719 0.005281)
(0.002594 0.001719 0.005281)
(0.002656 0.001719 0.005281)
(0.002719 0.001719 0.005281)
(0.002781 0.001719 0.005281)
(0.002844 0.001719 0.005281)
(0.002906 0.001719 0.005281)
(0.002969 0.001719 0.005281)
(0.003031 0.001719 0.005281)
(0.003094 0.001719 0.005281)
(0.003156 0.001719 0.005281)
(0.003219 0.001719 0.005281)
(0.003281 0.001719 0.005281)
(0.003344 0.001719 0.005281)
(0.003406 0.001719 0.005281)
(0.003469 0.001719 0.005281)
(0.003531 0.001719 0.005281)
(0.003594 0.001719 0.005281)
(0.003656 0.001719 0.005281)
(0.003719 0.001719 0.005281)
(0.003781 0.001719 0.005281)
(0.003844 0.001719 0.005281)
(0.003906 0.001719 0.005281)
(0.003969 0.001719 0.005281)
(0.002531 0.001781 0.005281)
(0.002594 0.001781 0.005281)
(0.002656 0.001781 0.005281)
(0.002719 0.001781 0.005281)
(0.002781 0.001781 0.005281)
(0.002844 0.001781 0.005281)
(0.002906 0.001781 0.005281)
(0.002969 0.001781 0.005281)
(0.003031 0.001781 0.005281)
(0.003094 0.001781 0.005281)
(0.003156 0.001781 0.005281)
(0.003219 0.001781 0.005281)
(0.003281 0.001781 0.005281)
(0.003344 0.001781 0.005281)
(0.003406 0.001781 0.005281)
(0.003469 0.001781 0.005281)
(0.003531 0.001781 0.005281)
(0.003594 0.001781 0.005281)
(0.003656 0.001781 0.005281)
(0.003719 0.001781 0.005281)
(0.003781 0.001781 0.005281)
(0.003844 0.001781 0.005281)
(0.003906 0.001781 0.005281)
(0.003969 0.001781 0.005281)
(0.002531 0.001844 0.005281)
(0.002594 0.001844 0.005281)
(0.002656 0.001844 0.005281)
(0.002719 0.001844 0.005281)
(0.002781 0.001844 0.005281)
(0.002844 0.001844 0.005281)
(0.002906 0.001844 0.005281)
(0.002969 0.001844 0.005281)
(0.003031 0.001844 0.005281)
(0.003094 0.001844 0.005281)
(0.003156 0.001844 0.005281)
(0.003219 0.001844 0.005281)
(0.003281 0.001844 0.005281)
(0.003344 0.001844 0.005281)
(0.003406 0.001844 0.005281)
(0.003469 0.001844 0.005281)
(0.003531 0.001844 0.005281)
(0.003594 0.001844 0.005281)
(0.003656 0.001844 0.005281)
(0.003719 0.001844 0.005281)
(0.003781 0.001844 0.005281)
(0.003844 0.001844 0.005281)
(0.003906 0.001844 0.005281)
(0.003969 0.001844 0.005281)
(0.002531 0.001906 0.005281)
(0.002594 0.001906 0.005281)
(0.002656 0.001906 0.005281)
(0.002719 0.001906 0.005281)
(0.002781 0.001906 0.005281)
(0.002844 0.001906 0.005281)
(0.002906 0.001906 0.005281)
(0.002969 0.001906 0.005281)
(0.003031 0.001906 0.005281)
(0.003094 0.001906 0.005281)
(0.003156 0.001906 0.005281)
(0.003219 0.001906 0.005281)
(0.003281 0.001906 0.005281)
(0.003344 0.001906 0.005281)
(0.003406 0.001906 0.005281)
(0.003469 0.001906 0.005281)
(0.003531 0.001906 0.005281)
(0.003594 0.001906 0.005281)
(0.003656 0.001906 0.005281)
(0.003719 0.001906 0.005281)
(0.003781 0.001906 0.005281)
(0.003844 0.001906 0.005281)
(0.003906 0.001906 0.005281)
(0.003969 0.001906 0.005281)
(0.002531 0.001969 0.005281)
(0.002594 0.001969 0.005281)
(0.002656 0.001969 0.005281)
(0.002719 0.001969 0.005281)
(0.002781 0.001969 0.005281)
(0.002844 0.001969 0.005281)
(0.002906 0.001969 0.005281)
(0.002969 0.001969 0.005281)
(0.003031 0.001969 0.005281)
(0.003094 0.001969 0.005281)
(0.003156 0.001969 0.005281)
(0.003219 0.001969 0.005281)
(0.003281 0.001969 0.005281)
(0.003344 0.001969 0.005281)
(0.003406 0.001969 0.005281)
(0.003469 0.001969 0.005281)
(0.003531 0.001969 0.005281)
(0.003594 0.001969 0.005281)
(0.003656 0.001969 0.005281)
(0.003719 0.001969 0.005281)
(0.003781 0.001969 0.005281)
(0.003844 0.001969 0.005281)
(0.003906 0.001969 0.005281)
(0.003969 0.001969 0.005281)
(0.002531 0.002031 0.005281)
(0.002594 0.002031 0.005281)
(0.002656 0.002031 0.005281)
(0.002719 0.002031 0.005281)
(0.002781 0.002031 0.005281)
(0.002844 0.002031 0.005281)
(0.002906 0.002031 0.005281)
(0.002969 0.002031 0.005281)
(0.003031 0.002031 0.005281)
(0.003094 0.002031 0.005281)
(0.003156 0.002031 0.005281)
(0.003219 0.002031 0.005281)
(0.003281 0.002031 0.005281)
(0.003344 0.002031 0.005281)
(0.003406 0.002031 0.005281)
(0.003469 0.002031 0.005281)
(0.003531 0.002031 0.005281)
(0.003594 0.002031 0.005281)
(0.003656 0.002031 0.005281)
(0.003719 0.002031 0.005281)
(0.003781 0.002031 0.005281)
(0.003844 0.002031 0.005281)
(0.003906 0.002031 0.005281)
(0.003969 0.002031 0.005281)
(0.002531 0.002094 0.005281)
(0.002594 0.002094 0.005281)
(0.002656 0.002094 0.005281)
(0.002719 0.002094 0.005281)
(0.002781 0.002094 0.005281)
(0.002844 0.002094 0.005281)
(0.002906 0.002094 0.005281)
(0.002969 0.002094 0.005281)
(0.003031 0.002094 0.005281)
(0.003094 0.002094 0.005281)
(0.003156 0.002094 0.005281)
(0.003219 0.002094 0.005281)
(0.003281 0.002094 0.005281)
(0.003344 0.002094 0.005281)
(0.003406 0.002094 0.005281)
(0.003469 0.002094 0.005281)
(0.003531 0.002094 0.005281)
(0.003594 0.002094 0.005281)
(0.003656 0.002094 0.005281)
(0.003719 0.002094 0.005281)
(0.003781 0.002094 0.005281)
(0.003844 0.002094 0.005281)
(0.003906 0.002094 0.005281)
(0.003969 0.002094 0.005281)
(0.002531 0.002156 0.005281)
(0.002594 0.002156 0.005281)
(0.002656 0.002156 0.005281)
(0.002719 0.002156 0.005281)
(0.002781 0.002156 0.005281)
(0.002844 0.002156 0.005281)
(0.002906 0.002156 0.005281)
(0.002969 0.002156 0.005281)
(0.003031 0.002156 0.005281)
(0.003094 0.002156 0.005281)
(0.003156 0.002156 0.005281)
(0.003219 0.002156 0.005281)
(0.003281 0.002156 0.005281)
(0.003344 0.002156 0.005281)
(0.003406 0.002156 0.005281)
(0.003469 0.002156 0.005281)
(0.003531 0.002156 0.005281)
(0.003594 0.002156 0.005281)
(0.003656 0.002156 0.005281)
(0.003719 0.002156 0.005281)
(0.003781 0.002156 0.005281)
(0.003844 0.002156 0.005281)
(0.003906 0.002156 0.005281)
(0.003969 0.002156 0.005281)
(0.002531 0.002219 0.005281)
(0.002594 0.002219 0.005281)
(0.002656 0.002219 0.005281)
(0.002719 0.002219 0.005281)
(0.002781 0.002219 0.005281)
(0.002844 0.002219 0.005281)
(0.002906 0.002219 0.005281)
(0.002969 0.002219 0.005281)
(0.003031 0.002219 0.005281)
(0.003094 0.002219 0.005281)
(0.003156 0.002219 0.005281)
(0.003219 0.002219 0.005281)
(0.003281 0.002219 0.005281)
(0.003344 0.002219 0.005281)
(0.003406 0.002219 0.005281)
(0.003469 0.002219 0.005281)
(0.003531 0.002219 0.005281)
(0.003594 0.002219 0.005281)
(0.003656 0.002219 0.005281)
(0.003719 0.002219 0.005281)
(0.003781 0.002219 0.005281)
(0.003844 0.002219 0.005281)
(0.003906 0.002219 0.005281)
(0.003969 0.002219 0.005281)
(0.002531 0.002281 0.005281)
(0.002594 0.002281 0.005281)
(0.002656 0.002281 0.005281)
(0.002719 0.002281 0.005281)
(0.002781 0.002281 0.005281)
(0.002844 0.002281 0.005281)
(0.002906 0.002281 0.005281)
(0.002969 0.002281 0.005281)
(0.003031 0.002281 0.005281)
(0.003094 0.002281 0.005281)
(0.003156 0.002281 0.005281)
(0.003219 0.002281 0.005281)
(0.003281 0.002281 0.005281)
(0.003344 0.002281 0.005281)
(0.003406 0.002281 0.005281)
(0.003469 0.002281 0.005281)
(0.003531 0.002281 0.005281)
(0.003594 0.002281 0.005281)
(0.003656 0.002281 0.005281)
(0.003719 0.002281 0.005281)
(0.003781 0.002281 0.005281)
(0.003844 0.002281 0.005281)
(0.003906 0.002281 0.005281)
(0.003969 0.002281 0.005281)
(0.002531 0.002344 0.005281)
(0.002594 0.002344 0.005281)
(0.002656 0.002344 0.005281)
(0.002719 0.002344 0.005281)
(0.002781 0.002344 0.005281)
(0.002844 0.002344 0.005281)
(0.002906 0.002344 0.005281)
(0.002969 0.002344 0.005281)
(0.003031 0.002344 0.005281)
(0.003094 0.002344 0.005281)
(0.003156 0.002344 0.005281)
(0.003219 0.002344 0.005281)
(0.003281 0.002344 0.005281)
(0.003344 0.002344 0.005281)
(0.003406 0.002344 0.005281)
(0.003469 0.002344 0.005281)
(0.003531 0.002344 0.005281)
(0.003594 0.002344 0.005281)
(0.003656 0.002344 0.005281)
(0.003719 0.002344 0.005281)
(0.003781 0.002344 0.005281)
(0.003844 0.002344 0.005281)
(0.003906 0.002344 0.005281)
(0.003969 0.002344 0.005281)
(0.002531 0.001281 0.005344)
(0.002594 0.001281 0.005344)
(0.002656 0.001281 0.005344)
(0.002719 0.001281 0.005344)
(0.002781 0.001281 0.005344)
(0.002844 0.001281 0.005344)
(0.002906 0.001281 0.005344)
(0.002969 0.001281 0.005344)
(0.003031 0.001281 0.005344)
(0.003094 0.001281 0.005344)
(0.003156 0.001281 0.005344)
(0.003219 0.001281 0.005344)
(0.003281 0.001281 0.005344)
(0.003344 0.001281 0.005344)
(0.003406 0.001281 0.005344)
(0.003469 0.001281 0.005344)
(0.003531 0.001281 0.005344)
(0.003594 0.001281 0.005344)
(0.003656 0.001281 0.005344)
(0.003719 0.001281 0.005344)
(0.003781 0.001281 0.005344)
(0.003844 0.001281 0.005344)
(0.003906 0.001281 0.005344)
(0.003969 0.001281 0.005344)
(0.002531 0.001344 0.005344)
(0.002594 0.001344 0.005344)
(0.002656 0.001344 0.005344)
(0.002719 0.001344 0.005344)
(0.002781 0.001344 0.005344)
(0.002844 0.001344 0.005344)
(0.002906 0.001344 0.005344)
(0.002969 0.001344 0.005344)
(0.003031 0.001344 0.005344)
(0.003094 0.001344 0.005344)
(0.003156 0.001344 0.005344)
(0.003219 0.001344 0.005344)
(0.003281 0.001344 0.005344)
(0.003344 0.001344 0.005344)
(0.003406 0.001344 0.005344)
(0.003469 0.001344 0.005344)
(0.003531 0.001344 0.005344)
(0.003594 0.001344 0.005344)
(0.003656 0.001344 0.005344)
(0.003719 0.001344 0.005344)
(0.003781 0.001344 0.005344)
(0.003844 0.001344 0.005344)
(0.003906 0.001344 0.005344)
(0.003969 0.001344 0.005344)
(0.002531 0.001406 0.005344)
(0.002594 0.001406 0.005344)
(0.002656 0.001406 0.005344)
(0.002719 0.001406 0.005344)
(0.002781 0.001406 0.005344)
(0.002844 0.001406 0.005344)
(0.002906 0.001406 0.005344)
(0.002969 0.001406 0.005344)
(0.003031 0.001406 0.005344)
(0.003094 0.001406 0.005344)
(0.003156 0.001406 0.005344)
(0.003219 0.001406 0.005344)
(0.003281 0.001406 0.005344)
(0.003344 0.001406 0.005344)
(0.003406 0.001406 0.005344)
(0.003469 0.001406 0.005344)
(0.003531 0.001406 0.005344)
(0.003594 0.001406 0.005344)
(0.003656 0.001406 0.005344)
(0.003719 0.001406 0.005344)
(0.003781 0.001406 0.005344)
(0.003844 0.001406 0.005344)
(0.003906 0.001406 0.005344)
(0.003969 0.001406 0.005344)
(0.002531 0.001469 0.005344)
(0.002594 0.001469 0.005344)
(0.002656 0.001469 0.005344)
(0.002719 0.001469 0.005344)
(0.002781 0.001469 0.005344)
(0.002844 0.001469 0.005344)
(0.002906 0.001469 0.005344)
(0.002969 0.001469 0.005344)
(0.003031 0.001469 0.005344)
(0.003094 0.001469 0.005344)
(0.003156 0.001469 0.005344)
(0.003219 0.001469 0.005344)
(0.003281 0.001469 0.005344)
(0.003344 0.001469 0.005344)
(0.003406 0.001469 0.005344)
(0.003469 0.001469 0.005344)
(0.003531 0.001469 0.005344)
(0.003594 0.001469 0.005344)
(0.003656 0.001469 0.005344)
(0.003719 0.001469 0.005344)
(0.003781 0.001469 0.005344)
(0.003844 0.001469 0.005344)
(0.003906 0.001469 0.005344)
(0.003969 0.001469 0.005344)
(0.002531 0.001531 0.005344)
(0.002594 0.001531 0.005344)
(0.002656 0.001531 0.005344)
(0.002719 0.001531 0.005344)
(0.002781 0.001531 0.005344)
(0.002844 0.001531 0.005344)
(0.002906 0.001531 0.005344)
(0.002969 0.001531 0.005344)
(0.003031 0.001531 0.005344)
(0.003094 0.001531 0.005344)
(0.003156 0.001531 0.005344)
(0.003219 0.001531 0.005344)
(0.003281 0.001531 0.005344)
(0.003344 0.001531 0.005344)
(0.003406 0.001531 0.005344)
(0.003469 0.001531 0.005344)
(0.003531 0.001531 0.005344)
(0.003594 0.001531 0.005344)
(0.003656 0.001531 0.005344)
(0.003719 0.001531 0.005344)
(0.003781 0.001531 0.005344)
(0.003844 0.001531 0.005344)
(0.003906 0.001531 0.005344)
(0.003969 0.001531 0.005344)
(0.002531 0.001594 0.005344)
(0.002594 0.001594 0.005344)
(0.002656 0.001594 0.005344)
(0.002719 0.001594 0.005344)
(0.002781 0.001594 0.005344)
(0.002844 0.001594 0.005344)
(0.002906 0.001594 0.005344)
(0.002969 0.001594 0.005344)
(0.003031 0.001594 0.005344)
(0.003094 0.001594 0.005344)
(0.003156 0.001594 0.005344)
(0.003219 0.001594 0.005344)
(0.003281 0.001594 0.005344)
(0.003344 0.001594 0.005344)
(0.003406 0.001594 0.005344)
(0.003469 0.001594 0.005344)
(0.003531 0.001594 0.005344)
(0.003594 0.001594 0.005344)
(0.003656 0.001594 0.005344)
(0.003719 0.001594 0.005344)
(0.003781 0.001594 0.005344)
(0.003844 0.001594 0.005344)
(0.003906 0.001594 0.005344)
(0.003969 0.001594 0.005344)
(0.002531 0.001656 0.005344)
(0.002594 0.001656 0.005344)
(0.002656 0.001656 0.005344)
(0.002719 0.001656 0.005344)
(0.002781 0.001656 0.005344)
(0.002844 0.001656 0.005344)
(0.002906 0.001656 0.005344)
(0.002969 0.001656 0.005344)
(0.003031 0.001656 0.005344)
(0.003094 0.001656 0.005344)
(0.003156 0.001656 0.005344)
(0.003219 0.001656 0.005344)
(0.003281 0.001656 0.005344)
(0.003344 0.001656 0.005344)
(0.003406 0.001656 0.005344)
(0.003469 0.001656 0.005344)
(0.003531 0.001656 0.005344)
(0.003594 0.001656 0.005344)
(0.003656 0.001656 0.005344)
(0.003719 0.001656 0.005344)
(0.003781 0.001656 0.005344)
(0.003844 0.001656 0.005344)
(0.003906 0.001656 0.005344)
(0.003969 0.001656 0.005344)
(0.002531 0.001719 0.005344)
(0.002594 0.001719 0.005344)
(0.002656 0.001719 0.005344)
(0.002719 0.001719 0.005344)
(0.002781 0.001719 0.005344)
(0.002844 0.001719 0.005344)
(0.002906 0.001719 0.005344)
(0.002969 0.001719 0.005344)
(0.003031 0.001719 0.005344)
(0.003094 0.001719 0.005344)
(0.003156 0.001719 0.005344)
(0.003219 0.001719 0.005344)
(0.003281 0.001719 0.005344)
(0.003344 0.001719 0.005344)
(0.003406 0.001719 0.005344)
(0.003469 0.001719 0.005344)
(0.003531 0.001719 0.005344)
(0.003594 0.001719 0.005344)
(0.003656 0.001719 0.005344)
(0.003719 0.001719 0.005344)
(0.003781 0.001719 0.005344)
(0.003844 0.001719 0.005344)
(0.003906 0.001719 0.005344)
(0.003969 0.001719 0.005344)
(0.002531 0.001781 0.005344)
(0.002594 0.001781 0.005344)
(0.002656 0.001781 0.005344)
(0.002719 0.001781 0.005344)
(0.002781 0.001781 0.005344)
(0.002844 0.001781 0.005344)
(0.002906 0.001781 0.005344)
(0.002969 0.001781 0.005344)
(0.003031 0.001781 0.005344)
(0.003094 0.001781 0.005344)
(0.003156 0.001781 0.005344)
(0.003219 0.001781 0.005344)
(0.003281 0.001781 0.005344)
(0.003344 0.001781 0.005344)
(0.003406 0.001781 0.005344)
(0.003469 0.001781 0.005344)
(0.003531 0.001781 0.005344)
(0.003594 0.001781 0.005344)
(0.003656 0.001781 0.005344)
(0.003719 0.001781 0.005344)
(0.003781 0.001781 0.005344)
(0.003844 0.001781 0.005344)
(0.003906 0.001781 0.005344)
(0.003969 0.001781 0.005344)
(0.002531 0.001844 0.005344)
(0.002594 0.001844 0.005344)
(0.002656 0.001844 0.005344)
(0.002719 0.001844 0.005344)
(0.002781 0.001844 0.005344)
(0.002844 0.001844 0.005344)
(0.002906 0.001844 0.005344)
(0.002969 0.001844 0.005344)
(0.003031 0.001844 0.005344)
(0.003094 0.001844 0.005344)
(0.003156 0.001844 0.005344)
(0.003219 0.001844 0.005344)
(0.003281 0.001844 0.005344)
(0.003344 0.001844 0.005344)
(0.003406 0.001844 0.005344)
(0.003469 0.001844 0.005344)
(0.003531 0.001844 0.005344)
(0.003594 0.001844 0.005344)
(0.003656 0.001844 0.005344)
(0.003719 0.001844 0.005344)
(0.003781 0.001844 0.005344)
(0.003844 0.001844 0.005344)
(0.003906 0.001844 0.005344)
(0.003969 0.001844 0.005344)
(0.002531 0.001906 0.005344)
(0.002594 0.001906 0.005344)
(0.002656 0.001906 0.005344)
(0.002719 0.001906 0.005344)
(0.002781 0.001906 0.005344)
(0.002844 0.001906 0.005344)
(0.002906 0.001906 0.005344)
(0.002969 0.001906 0.005344)
(0.003031 0.001906 0.005344)
(0.003094 0.001906 0.005344)
(0.003156 0.001906 0.005344)
(0.003219 0.001906 0.005344)
(0.003281 0.001906 0.005344)
(0.003344 0.001906 0.005344)
(0.003406 0.001906 0.005344)
(0.003469 0.001906 0.005344)
(0.003531 0.001906 0.005344)
(0.003594 0.001906 0.005344)
(0.003656 0.001906 0.005344)
(0.003719 0.001906 0.005344)
(0.003781 0.001906 0.005344)
(0.003844 0.001906 0.005344)
(0.003906 0.001906 0.005344)
(0.003969 0.001906 0.005344)
(0.002531 0.001969 0.005344)
(0.002594 0.001969 0.005344)
(0.002656 0.001969 0.005344)
(0.002719 0.001969 0.005344)
(0.002781 0.001969 0.005344)
(0.002844 0.001969 0.005344)
(0.002906 0.001969 0.005344)
(0.002969 0.001969 0.005344)
(0.003031 0.001969 0.005344)
(0.003094 0.001969 0.005344)
(0.003156 0.001969 0.005344)
(0.003219 0.001969 0.005344)
(0.003281 0.001969 0.005344)
(0.003344 0.001969 0.005344)
(0.003406 0.001969 0.005344)
(0.003469 0.001969 0.005344)
(0.003531 0.001969 0.005344)
(0.003594 0.001969 0.005344)
(0.003656 0.001969 0.005344)
(0.003719 0.001969 0.005344)
(0.003781 0.001969 0.005344)
(0.003844 0.001969 0.005344)
(0.003906 0.001969 0.005344)
(0.003969 0.001969 0.005344)
(0.002531 0.002031 0.005344)
(0.002594 0.002031 0.005344)
(0.002656 0.002031 0.005344)
(0.002719 0.002031 0.005344)
(0.002781 0.002031 0.005344)
(0.002844 0.002031 0.005344)
(0.002906 0.002031 0.005344)
(0.002969 0.002031 0.005344)
(0.003031 0.002031 0.005344)
(0.003094 0.002031 0.005344)
(0.003156 0.002031 0.005344)
(0.003219 0.002031 0.005344)
(0.003281 0.002031 0.005344)
(0.003344 0.002031 0.005344)
(0.003406 0.002031 0.005344)
(0.003469 0.002031 0.005344)
(0.003531 0.002031 0.005344)
(0.003594 0.002031 0.005344)
(0.003656 0.002031 0.005344)
(0.003719 0.002031 0.005344)
(0.003781 0.002031 0.005344)
(0.003844 0.002031 0.005344)
(0.003906 0.002031 0.005344)
(0.003969 0.002031 0.005344)
(0.002531 0.002094 0.005344)
(0.002594 0.002094 0.005344)
(0.002656 0.002094 0.005344)
(0.002719 0.002094 0.005344)
(0.002781 0.002094 0.005344)
(0.002844 0.002094 0.005344)
(0.002906 0.002094 0.005344)
(0.002969 0.002094 0.005344)
(0.003031 0.002094 0.005344)
(0.003094 0.002094 0.005344)
(0.003156 0.002094 0.005344)
(0.003219 0.002094 0.005344)
(0.003281 0.002094 0.005344)
(0.003344 0.002094 0.005344)
(0.003406 0.002094 0.005344)
(0.003469 0.002094 0.005344)
(0.003531 0.002094 0.005344)
(0.003594 0.002094 0.005344)
(0.003656 0.002094 0.005344)
(0.003719 0.002094 0.005344)
(0.003781 0.002094 0.005344)
(0.003844 0.002094 0.005344)
(0.003906 0.002094 0.005344)
(0.003969 0.002094 0.005344)
(0.002531 0.002156 0.005344)
(0.002594 0.002156 0.005344)
(0.002656 0.002156 0.005344)
(0.002719 0.002156 0.005344)
(0.002781 0.002156 0.005344)
(0.002844 0.002156 0.005344)
(0.002906 0.002156 0.005344)
(0.002969 0.002156 0.005344)
(0.003031 0.002156 0.005344)
(0.003094 0.002156 0.005344)
(0.003156 0.002156 0.005344)
(0.003219 0.002156 0.005344)
(0.003281 0.002156 0.005344)
(0.003344 0.002156 0.005344)
(0.003406 0.002156 0.005344)
(0.003469 0.002156 0.005344)
(0.003531 0.002156 0.005344)
(0.003594 0.002156 0.005344)
(0.003656 0.002156 0.005344)
(0.003719 0.002156 0.005344)
(0.003781 0.002156 0.005344)
(0.003844 0.002156 0.005344)
(0.003906 0.002156 0.005344)
(0.003969 0.002156 0.005344)
(0.002531 0.002219 0.005344)
(0.002594 0.002219 0.005344)
(0.002656 0.002219 0.005344)
(0.002719 0.002219 0.005344)
(0.002781 0.002219 0.005344)
(0.002844 0.002219 0.005344)
(0.002906 0.002219 0.005344)
(0.002969 0.002219 0.005344)
(0.003031 0.002219 0.005344)
(0.003094 0.002219 0.005344)
(0.003156 0.002219 0.005344)
(0.003219 0.002219 0.005344)
(0.003281 0.002219 0.005344)
(0.003344 0.002219 0.005344)
(0.003406 0.002219 0.005344)
(0.003469 0.002219 0.005344)
(0.003531 0.002219 0.005344)
(0.003594 0.002219 0.005344)
(0.003656 0.002219 0.005344)
(0.003719 0.002219 0.005344)
(0.003781 0.002219 0.005344)
(0.003844 0.002219 0.005344)
(0.003906 0.002219 0.005344)
(0.003969 0.002219 0.005344)
(0.002531 0.002281 0.005344)
(0.002594 0.002281 0.005344)
(0.002656 0.002281 0.005344)
(0.002719 0.002281 0.005344)
(0.002781 0.002281 0.005344)
(0.002844 0.002281 0.005344)
(0.002906 0.002281 0.005344)
(0.002969 0.002281 0.005344)
(0.003031 0.002281 0.005344)
(0.003094 0.002281 0.005344)
(0.003156 0.002281 0.005344)
(0.003219 0.002281 0.005344)
(0.003281 0.002281 0.005344)
(0.003344 0.002281 0.005344)
(0.003406 0.002281 0.005344)
(0.003469 0.002281 0.005344)
(0.003531 0.002281 0.005344)
(0.003594 0.002281 0.005344)
(0.003656 0.002281 0.005344)
(0.003719 0.002281 0.005344)
(0.003781 0.002281 0.005344)
(0.003844 0.002281 0.005344)
(0.003906 0.002281 0.005344)
(0.003969 0.002281 0.005344)
(0.002531 0.002344 0.005344)
(0.002594 0.002344 0.005344)
(0.002656 0.002344 0.005344)
(0.002719 0.002344 0.005344)
(0.002781 0.002344 0.005344)
(0.002844 0.002344 0.005344)
(0.002906 0.002344 0.005344)
(0.002969 0.002344 0.005344)
(0.003031 0.002344 0.005344)
(0.003094 0.002344 0.005344)
(0.003156 0.002344 0.005344)
(0.003219 0.002344 0.005344)
(0.003281 0.002344 0.005344)
(0.003344 0.002344 0.005344)
(0.003406 0.002344 0.005344)
(0.003469 0.002344 0.005344)
(0.003531 0.002344 0.005344)
(0.003594 0.002344 0.005344)
(0.003656 0.002344 0.005344)
(0.003719 0.002344 0.005344)
(0.003781 0.002344 0.005344)
(0.003844 0.002344 0.005344)
(0.003906 0.002344 0.005344)
(0.003969 0.002344 0.005344)
(0.002531 0.001281 0.005406)
(0.002594 0.001281 0.005406)
(0.002656 0.001281 0.005406)
(0.002719 0.001281 0.005406)
(0.002781 0.001281 0.005406)
(0.002844 0.001281 0.005406)
(0.002906 0.001281 0.005406)
(0.002969 0.001281 0.005406)
(0.003031 0.001281 0.005406)
(0.003094 0.001281 0.005406)
(0.003156 0.001281 0.005406)
(0.003219 0.001281 0.005406)
(0.003281 0.001281 0.005406)
(0.003344 0.001281 0.005406)
(0.003406 0.001281 0.005406)
(0.003469 0.001281 0.005406)
(0.003531 0.001281 0.005406)
(0.003594 0.001281 0.005406)
(0.003656 0.001281 0.005406)
(0.003719 0.001281 0.005406)
(0.003781 0.001281 0.005406)
(0.003844 0.001281 0.005406)
(0.003906 0.001281 0.005406)
(0.003969 0.001281 0.005406)
(0.002531 0.001344 0.005406)
(0.002594 0.001344 0.005406)
(0.002656 0.001344 0.005406)
(0.002719 0.001344 0.005406)
(0.002781 0.001344 0.005406)
(0.002844 0.001344 0.005406)
(0.002906 0.001344 0.005406)
(0.002969 0.001344 0.005406)
(0.003031 0.001344 0.005406)
(0.003094 0.001344 0.005406)
(0.003156 0.001344 0.005406)
(0.003219 0.001344 0.005406)
(0.003281 0.001344 0.005406)
(0.003344 0.001344 0.005406)
(0.003406 0.001344 0.005406)
(0.003469 0.001344 0.005406)
(0.003531 0.001344 0.005406)
(0.003594 0.001344 0.005406)
(0.003656 0.001344 0.005406)
(0.003719 0.001344 0.005406)
(0.003781 0.001344 0.005406)
(0.003844 0.001344 0.005406)
(0.003906 0.001344 0.005406)
(0.003969 0.001344 0.005406)
(0.002531 0.001406 0.005406)
(0.002594 0.001406 0.005406)
(0.002656 0.001406 0.005406)
(0.002719 0.001406 0.005406)
(0.002781 0.001406 0.005406)
(0.002844 0.001406 0.005406)
(0.002906 0.001406 0.005406)
(0.002969 0.001406 0.005406)
(0.003031 0.001406 0.005406)
(0.003094 0.001406 0.005406)
(0.003156 0.001406 0.005406)
(0.003219 0.001406 0.005406)
(0.003281 0.001406 0.005406)
(0.003344 0.001406 0.005406)
(0.003406 0.001406 0.005406)
(0.003469 0.001406 0.005406)
(0.003531 0.001406 0.005406)
(0.003594 0.001406 0.005406)
(0.003656 0.001406 0.005406)
(0.003719 0.001406 0.005406)
(0.003781 0.001406 0.005406)
(0.003844 0.001406 0.005406)
(0.003906 0.001406 0.005406)
(0.003969 0.001406 0.005406)
(0.002531 0.001469 0.005406)
(0.002594 0.001469 0.005406)
(0.002656 0.001469 0.005406)
(0.002719 0.001469 0.005406)
(0.002781 0.001469 0.005406)
(0.002844 0.001469 0.005406)
(0.002906 0.001469 0.005406)
(0.002969 0.001469 0.005406)
(0.003031 0.001469 0.005406)
(0.003094 0.001469 0.005406)
(0.003156 0.001469 0.005406)
(0.003219 0.001469 0.005406)
(0.003281 0.001469 0.005406)
(0.003344 0.001469 0.005406)
(0.003406 0.001469 0.005406)
(0.003469 0.001469 0.005406)
(0.003531 0.001469 0.005406)
(0.003594 0.001469 0.005406)
(0.003656 0.001469 0.005406)
(0.003719 0.001469 0.005406)
(0.003781 0.001469 0.005406)
(0.003844 0.001469 0.005406)
(0.003906 0.001469 0.005406)
(0.003969 0.001469 0.005406)
(0.002531 0.001531 0.005406)
(0.002594 0.001531 0.005406)
(0.002656 0.001531 0.005406)
(0.002719 0.001531 0.005406)
(0.002781 0.001531 0.005406)
(0.002844 0.001531 0.005406)
(0.002906 0.001531 0.005406)
(0.002969 0.001531 0.005406)
(0.003031 0.001531 0.005406)
(0.003094 0.001531 0.005406)
(0.003156 0.001531 0.005406)
(0.003219 0.001531 0.005406)
(0.003281 0.001531 0.005406)
(0.003344 0.001531 0.005406)
(0.003406 0.001531 0.005406)
(0.003469 0.001531 0.005406)
(0.003531 0.001531 0.005406)
(0.003594 0.001531 0.005406)
(0.003656 0.001531 0.005406)
(0.003719 0.001531 0.005406)
(0.003781 0.001531 0.005406)
(0.003844 0.001531 0.005406)
(0.003906 0.001531 0.005406)
(0.003969 0.001531 0.005406)
(0.002531 0.001594 0.005406)
(0.002594 0.001594 0.005406)
(0.002656 0.001594 0.005406)
(0.002719 0.001594 0.005406)
(0.002781 0.001594 0.005406)
(0.002844 0.001594 0.005406)
(0.002906 0.001594 0.005406)
(0.002969 0.001594 0.005406)
(0.003031 0.001594 0.005406)
(0.003094 0.001594 0.005406)
(0.003156 0.001594 0.005406)
(0.003219 0.001594 0.005406)
(0.003281 0.001594 0.005406)
(0.003344 0.001594 0.005406)
(0.003406 0.001594 0.005406)
(0.003469 0.001594 0.005406)
(0.003531 0.001594 0.005406)
(0.003594 0.001594 0.005406)
(0.003656 0.001594 0.005406)
(0.003719 0.001594 0.005406)
(0.003781 0.001594 0.005406)
(0.003844 0.001594 0.005406)
(0.003906 0.001594 0.005406)
(0.003969 0.001594 0.005406)
(0.002531 0.001656 0.005406)
(0.002594 0.001656 0.005406)
(0.002656 0.001656 0.005406)
(0.002719 0.001656 0.005406)
(0.002781 0.001656 0.005406)
(0.002844 0.001656 0.005406)
(0.002906 0.001656 0.005406)
(0.002969 0.001656 0.005406)
(0.003031 0.001656 0.005406)
(0.003094 0.001656 0.005406)
(0.003156 0.001656 0.005406)
(0.003219 0.001656 0.005406)
(0.003281 0.001656 0.005406)
(0.003344 0.001656 0.005406)
(0.003406 0.001656 0.005406)
(0.003469 0.001656 0.005406)
(0.003531 0.001656 0.005406)
(0.003594 0.001656 0.005406)
(0.003656 0.001656 0.005406)
(0.003719 0.001656 0.005406)
(0.003781 0.001656 0.005406)
(0.003844 0.001656 0.005406)
(0.003906 0.001656 0.005406)
(0.003969 0.001656 0.005406)
(0.002531 0.001719 0.005406)
(0.002594 0.001719 0.005406)
(0.002656 0.001719 0.005406)
(0.002719 0.001719 0.005406)
(0.002781 0.001719 0.005406)
(0.002844 0.001719 0.005406)
(0.002906 0.001719 0.005406)
(0.002969 0.001719 0.005406)
(0.003031 0.001719 0.005406)
(0.003094 0.001719 0.005406)
(0.003156 0.001719 0.005406)
(0.003219 0.001719 0.005406)
(0.003281 0.001719 0.005406)
(0.003344 0.001719 0.005406)
(0.003406 0.001719 0.005406)
(0.003469 0.001719 0.005406)
(0.003531 0.001719 0.005406)
(0.003594 0.001719 0.005406)
(0.003656 0.001719 0.005406)
(0.003719 0.001719 0.005406)
(0.003781 0.001719 0.005406)
(0.003844 0.001719 0.005406)
(0.003906 0.001719 0.005406)
(0.003969 0.001719 0.005406)
(0.002531 0.001781 0.005406)
(0.002594 0.001781 0.005406)
(0.002656 0.001781 0.005406)
(0.002719 0.001781 0.005406)
(0.002781 0.001781 0.005406)
(0.002844 0.001781 0.005406)
(0.002906 0.001781 0.005406)
(0.002969 0.001781 0.005406)
(0.003031 0.001781 0.005406)
(0.003094 0.001781 0.005406)
(0.003156 0.001781 0.005406)
(0.003219 0.001781 0.005406)
(0.003281 0.001781 0.005406)
(0.003344 0.001781 0.005406)
(0.003406 0.001781 0.005406)
(0.003469 0.001781 0.005406)
(0.003531 0.001781 0.005406)
(0.003594 0.001781 0.005406)
(0.003656 0.001781 0.005406)
(0.003719 0.001781 0.005406)
(0.003781 0.001781 0.005406)
(0.003844 0.001781 0.005406)
(0.003906 0.001781 0.005406)
(0.003969 0.001781 0.005406)
(0.002531 0.001844 0.005406)
(0.002594 0.001844 0.005406)
(0.002656 0.001844 0.005406)
(0.002719 0.001844 0.005406)
(0.002781 0.001844 0.005406)
(0.002844 0.001844 0.005406)
(0.002906 0.001844 0.005406)
(0.002969 0.001844 0.005406)
(0.003031 0.001844 0.005406)
(0.003094 0.001844 0.005406)
(0.003156 0.001844 0.005406)
(0.003219 0.001844 0.005406)
(0.003281 0.001844 0.005406)
(0.003344 0.001844 0.005406)
(0.003406 0.001844 0.005406)
(0.003469 0.001844 0.005406)
(0.003531 0.001844 0.005406)
(0.003594 0.001844 0.005406)
(0.003656 0.001844 0.005406)
(0.003719 0.001844 0.005406)
(0.003781 0.001844 0.005406)
(0.003844 0.001844 0.005406)
(0.003906 0.001844 0.005406)
(0.003969 0.001844 0.005406)
(0.002531 0.001906 0.005406)
(0.002594 0.001906 0.005406)
(0.002656 0.001906 0.005406)
(0.002719 0.001906 0.005406)
(0.002781 0.001906 0.005406)
(0.002844 0.001906 0.005406)
(0.002906 0.001906 0.005406)
(0.002969 0.001906 0.005406)
(0.003031 0.001906 0.005406)
(0.003094 0.001906 0.005406)
(0.003156 0.001906 0.005406)
(0.003219 0.001906 0.005406)
(0.003281 0.001906 0.005406)
(0.003344 0.001906 0.005406)
(0.003406 0.001906 0.005406)
(0.003469 0.001906 0.005406)
(0.003531 0.001906 0.005406)
(0.003594 0.001906 0.005406)
(0.003656 0.001906 0.005406)
(0.003719 0.001906 0.005406)
(0.003781 0.001906 0.005406)
(0.003844 0.001906 0.005406)
(0.003906 0.001906 0.005406)
(0.003969 0.001906 0.005406)
(0.002531 0.001969 0.005406)
(0.002594 0.001969 0.005406)
(0.002656 0.001969 0.005406)
(0.002719 0.001969 0.005406)
(0.002781 0.001969 0.005406)
(0.002844 0.001969 0.005406)
(0.002906 0.001969 0.005406)
(0.002969 0.001969 0.005406)
(0.003031 0.001969 0.005406)
(0.003094 0.001969 0.005406)
(0.003156 0.001969 0.005406)
(0.003219 0.001969 0.005406)
(0.003281 0.001969 0.005406)
(0.003344 0.001969 0.005406)
(0.003406 0.001969 0.005406)
(0.003469 0.001969 0.005406)
(0.003531 0.001969 0.005406)
(0.003594 0.001969 0.005406)
(0.003656 0.001969 0.005406)
(0.003719 0.001969 0.005406)
(0.003781 0.001969 0.005406)
(0.003844 0.001969 0.005406)
(0.003906 0.001969 0.005406)
(0.003969 0.001969 0.005406)
(0.002531 0.002031 0.005406)
(0.002594 0.002031 0.005406)
(0.002656 0.002031 0.005406)
(0.002719 0.002031 0.005406)
(0.002781 0.002031 0.005406)
(0.002844 0.002031 0.005406)
(0.002906 0.002031 0.005406)
(0.002969 0.002031 0.005406)
(0.003031 0.002031 0.005406)
(0.003094 0.002031 0.005406)
(0.003156 0.002031 0.005406)
(0.003219 0.002031 0.005406)
(0.003281 0.002031 0.005406)
(0.003344 0.002031 0.005406)
(0.003406 0.002031 0.005406)
(0.003469 0.002031 0.005406)
(0.003531 0.002031 0.005406)
(0.003594 0.002031 0.005406)
(0.003656 0.002031 0.005406)
(0.003719 0.002031 0.005406)
(0.003781 0.002031 0.005406)
(0.003844 0.002031 0.005406)
(0.003906 0.002031 0.005406)
(0.003969 0.002031 0.005406)
(0.002531 0.002094 0.005406)
(0.002594 0.002094 0.005406)
(0.002656 0.002094 0.005406)
(0.002719 0.002094 0.005406)
(0.002781 0.002094 0.005406)
(0.002844 0.002094 0.005406)
(0.002906 0.002094 0.005406)
(0.002969 0.002094 0.005406)
(0.003031 0.002094 0.005406)
(0.003094 0.002094 0.005406)
(0.003156 0.002094 0.005406)
(0.003219 0.002094 0.005406)
(0.003281 0.002094 0.005406)
(0.003344 0.002094 0.005406)
(0.003406 0.002094 0.005406)
(0.003469 0.002094 0.005406)
(0.003531 0.002094 0.005406)
(0.003594 0.002094 0.005406)
(0.003656 0.002094 0.005406)
(0.003719 0.002094 0.005406)
(0.003781 0.002094 0.005406)
(0.003844 0.002094 0.005406)
(0.003906 0.002094 0.005406)
(0.003969 0.002094 0.005406)
(0.002531 0.002156 0.005406)
(0.002594 0.002156 0.005406)
(0.002656 0.002156 0.005406)
(0.002719 0.002156 0.005406)
(0.002781 0.002156 0.005406)
(0.002844 0.002156 0.005406)
(0.002906 0.002156 0.005406)
(0.002969 0.002156 0.005406)
(0.003031 0.002156 0.005406)
(0.003094 0.002156 0.005406)
(0.003156 0.002156 0.005406)
(0.003219 0.002156 0.005406)
(0.003281 0.002156 0.005406)
(0.003344 0.002156 0.005406)
(0.003406 0.002156 0.005406)
(0.003469 0.002156 0.005406)
(0.003531 0.002156 0.005406)
(0.003594 0.002156 0.005406)
(0.003656 0.002156 0.005406)
(0.003719 0.002156 0.005406)
(0.003781 0.002156 0.005406)
(0.003844 0.002156 0.005406)
(0.003906 0.002156 0.005406)
(0.003969 0.002156 0.005406)
(0.002531 0.002219 0.005406)
(0.002594 0.002219 0.005406)
(0.002656 0.002219 0.005406)
(0.002719 0.002219 0.005406)
(0.002781 0.002219 0.005406)
(0.002844 0.002219 0.005406)
(0.002906 0.002219 0.005406)
(0.002969 0.002219 0.005406)
(0.003031 0.002219 0.005406)
(0.003094 0.002219 0.005406)
(0.003156 0.002219 0.005406)
(0.003219 0.002219 0.005406)
(0.003281 0.002219 0.005406)
(0.003344 0.002219 0.005406)
(0.003406 0.002219 0.005406)
(0.003469 0.002219 0.005406)
(0.003531 0.002219 0.005406)
(0.003594 0.002219 0.005406)
(0.003656 0.002219 0.005406)
(0.003719 0.002219 0.005406)
(0.003781 0.002219 0.005406)
(0.003844 0.002219 0.005406)
(0.003906 0.002219 0.005406)
(0.003969 0.002219 0.005406)
(0.002531 0.002281 0.005406)
(0.002594 0.002281 0.005406)
(0.002656 0.002281 0.005406)
(0.002719 0.002281 0.005406)
(0.002781 0.002281 0.005406)
(0.002844 0.002281 0.005406)
(0.002906 0.002281 0.005406)
(0.002969 0.002281 0.005406)
(0.003031 0.002281 0.005406)
(0.003094 0.002281 0.005406)
(0.003156 0.002281 0.005406)
(0.003219 0.002281 0.005406)
(0.003281 0.002281 0.005406)
(0.003344 0.002281 0.005406)
(0.003406 0.002281 0.005406)
(0.003469 0.002281 0.005406)
(0.003531 0.002281 0.005406)
(0.003594 0.002281 0.005406)
(0.003656 0.002281 0.005406)
(0.003719 0.002281 0.005406)
(0.003781 0.002281 0.005406)
(0.003844 0.002281 0.005406)
(0.003906 0.002281 0.005406)
(0.003969 0.002281 0.005406)
(0.002531 0.002344 0.005406)
(0.002594 0.002344 0.005406)
(0.002656 0.002344 0.005406)
(0.002719 0.002344 0.005406)
(0.002781 0.002344 0.005406)
(0.002844 0.002344 0.005406)
(0.002906 0.002344 0.005406)
(0.002969 0.002344 0.005406)
(0.003031 0.002344 0.005406)
(0.003094 0.002344 0.005406)
(0.003156 0.002344 0.005406)
(0.003219 0.002344 0.005406)
(0.003281 0.002344 0.005406)
(0.003344 0.002344 0.005406)
(0.003406 0.002344 0.005406)
(0.003469 0.002344 0.005406)
(0.003531 0.002344 0.005406)
(0.003594 0.002344 0.005406)
(0.003656 0.002344 0.005406)
(0.003719 0.002344 0.005406)
(0.003781 0.002344 0.005406)
(0.003844 0.002344 0.005406)
(0.003906 0.002344 0.005406)
(0.003969 0.002344 0.005406)
(0.002531 0.001281 0.005469)
(0.002594 0.001281 0.005469)
(0.002656 0.001281 0.005469)
(0.002719 0.001281 0.005469)
(0.002781 0.001281 0.005469)
(0.002844 0.001281 0.005469)
(0.002906 0.001281 0.005469)
(0.002969 0.001281 0.005469)
(0.003031 0.001281 0.005469)
(0.003094 0.001281 0.005469)
(0.003156 0.001281 0.005469)
(0.003219 0.001281 0.005469)
(0.003281 0.001281 0.005469)
(0.003344 0.001281 0.005469)
(0.003406 0.001281 0.005469)
(0.003469 0.001281 0.005469)
(0.003531 0.001281 0.005469)
(0.003594 0.001281 0.005469)
(0.003656 0.001281 0.005469)
(0.003719 0.001281 0.005469)
(0.003781 0.001281 0.005469)
(0.003844 0.001281 0.005469)
(0.003906 0.001281 0.005469)
(0.003969 0.001281 0.005469)
(0.002531 0.001344 0.005469)
(0.002594 0.001344 0.005469)
(0.002656 0.001344 0.005469)
(0.002719 0.001344 0.005469)
(0.002781 0.001344 0.005469)
(0.002844 0.001344 0.005469)
(0.002906 0.001344 0.005469)
(0.002969 0.001344 0.005469)
(0.003031 0.001344 0.005469)
(0.003094 0.001344 0.005469)
(0.003156 0.001344 0.005469)
(0.003219 0.001344 0.005469)
(0.003281 0.001344 0.005469)
(0.003344 0.001344 0.005469)
(0.003406 0.001344 0.005469)
(0.003469 0.001344 0.005469)
(0.003531 0.001344 0.005469)
(0.003594 0.001344 0.005469)
(0.003656 0.001344 0.005469)
(0.003719 0.001344 0.005469)
(0.003781 0.001344 0.005469)
(0.003844 0.001344 0.005469)
(0.003906 0.001344 0.005469)
(0.003969 0.001344 0.005469)
(0.002531 0.001406 0.005469)
(0.002594 0.001406 0.005469)
(0.002656 0.001406 0.005469)
(0.002719 0.001406 0.005469)
(0.002781 0.001406 0.005469)
(0.002844 0.001406 0.005469)
(0.002906 0.001406 0.005469)
(0.002969 0.001406 0.005469)
(0.003031 0.001406 0.005469)
(0.003094 0.001406 0.005469)
(0.003156 0.001406 0.005469)
(0.003219 0.001406 0.005469)
(0.003281 0.001406 0.005469)
(0.003344 0.001406 0.005469)
(0.003406 0.001406 0.005469)
(0.003469 0.001406 0.005469)
(0.003531 0.001406 0.005469)
(0.003594 0.001406 0.005469)
(0.003656 0.001406 0.005469)
(0.003719 0.001406 0.005469)
(0.003781 0.001406 0.005469)
(0.003844 0.001406 0.005469)
(0.003906 0.001406 0.005469)
(0.003969 0.001406 0.005469)
(0.002531 0.001469 0.005469)
(0.002594 0.001469 0.005469)
(0.002656 0.001469 0.005469)
(0.002719 0.001469 0.005469)
(0.002781 0.001469 0.005469)
(0.002844 0.001469 0.005469)
(0.002906 0.001469 0.005469)
(0.002969 0.001469 0.005469)
(0.003031 0.001469 0.005469)
(0.003094 0.001469 0.005469)
(0.003156 0.001469 0.005469)
(0.003219 0.001469 0.005469)
(0.003281 0.001469 0.005469)
(0.003344 0.001469 0.005469)
(0.003406 0.001469 0.005469)
(0.003469 0.001469 0.005469)
(0.003531 0.001469 0.005469)
(0.003594 0.001469 0.005469)
(0.003656 0.001469 0.005469)
(0.003719 0.001469 0.005469)
(0.003781 0.001469 0.005469)
(0.003844 0.001469 0.005469)
(0.003906 0.001469 0.005469)
(0.003969 0.001469 0.005469)
(0.002531 0.001531 0.005469)
(0.002594 0.001531 0.005469)
(0.002656 0.001531 0.005469)
(0.002719 0.001531 0.005469)
(0.002781 0.001531 0.005469)
(0.002844 0.001531 0.005469)
(0.002906 0.001531 0.005469)
(0.002969 0.001531 0.005469)
(0.003031 0.001531 0.005469)
(0.003094 0.001531 0.005469)
(0.003156 0.001531 0.005469)
(0.003219 0.001531 0.005469)
(0.003281 0.001531 0.005469)
(0.003344 0.001531 0.005469)
(0.003406 0.001531 0.005469)
(0.003469 0.001531 0.005469)
(0.003531 0.001531 0.005469)
(0.003594 0.001531 0.005469)
(0.003656 0.001531 0.005469)
(0.003719 0.001531 0.005469)
(0.003781 0.001531 0.005469)
(0.003844 0.001531 0.005469)
(0.003906 0.001531 0.005469)
(0.003969 0.001531 0.005469)
(0.002531 0.001594 0.005469)
(0.002594 0.001594 0.005469)
(0.002656 0.001594 0.005469)
(0.002719 0.001594 0.005469)
(0.002781 0.001594 0.005469)
(0.002844 0.001594 0.005469)
(0.002906 0.001594 0.005469)
(0.002969 0.001594 0.005469)
(0.003031 0.001594 0.005469)
(0.003094 0.001594 0.005469)
(0.003156 0.001594 0.005469)
(0.003219 0.001594 0.005469)
(0.003281 0.001594 0.005469)
(0.003344 0.001594 0.005469)
(0.003406 0.001594 0.005469)
(0.003469 0.001594 0.005469)
(0.003531 0.001594 0.005469)
(0.003594 0.001594 0.005469)
(0.003656 0.001594 0.005469)
(0.003719 0.001594 0.005469)
(0.003781 0.001594 0.005469)
(0.003844 0.001594 0.005469)
(0.003906 0.001594 0.005469)
(0.003969 0.001594 0.005469)
(0.002531 0.001656 0.005469)
(0.002594 0.001656 0.005469)
(0.002656 0.001656 0.005469)
(0.002719 0.001656 0.005469)
(0.002781 0.001656 0.005469)
(0.002844 0.001656 0.005469)
(0.002906 0.001656 0.005469)
(0.002969 0.001656 0.005469)
(0.003031 0.001656 0.005469)
(0.003094 0.001656 0.005469)
(0.003156 0.001656 0.005469)
(0.003219 0.001656 0.005469)
(0.003281 0.001656 0.005469)
(0.003344 0.001656 0.005469)
(0.003406 0.001656 0.005469)
(0.003469 0.001656 0.005469)
(0.003531 0.001656 0.005469)
(0.003594 0.001656 0.005469)
(0.003656 0.001656 0.005469)
(0.003719 0.001656 0.005469)
(0.003781 0.001656 0.005469)
(0.003844 0.001656 0.005469)
(0.003906 0.001656 0.005469)
(0.003969 0.001656 0.005469)
(0.002531 0.001719 0.005469)
(0.002594 0.001719 0.005469)
(0.002656 0.001719 0.005469)
(0.002719 0.001719 0.005469)
(0.002781 0.001719 0.005469)
(0.002844 0.001719 0.005469)
(0.002906 0.001719 0.005469)
(0.002969 0.001719 0.005469)
(0.003031 0.001719 0.005469)
(0.003094 0.001719 0.005469)
(0.003156 0.001719 0.005469)
(0.003219 0.001719 0.005469)
(0.003281 0.001719 0.005469)
(0.003344 0.001719 0.005469)
(0.003406 0.001719 0.005469)
(0.003469 0.001719 0.005469)
(0.003531 0.001719 0.005469)
(0.003594 0.001719 0.005469)
(0.003656 0.001719 0.005469)
(0.003719 0.001719 0.005469)
(0.003781 0.001719 0.005469)
(0.003844 0.001719 0.005469)
(0.003906 0.001719 0.005469)
(0.003969 0.001719 0.005469)
(0.002531 0.001781 0.005469)
(0.002594 0.001781 0.005469)
(0.002656 0.001781 0.005469)
(0.002719 0.001781 0.005469)
(0.002781 0.001781 0.005469)
(0.002844 0.001781 0.005469)
(0.002906 0.001781 0.005469)
(0.002969 0.001781 0.005469)
(0.003031 0.001781 0.005469)
(0.003094 0.001781 0.005469)
(0.003156 0.001781 0.005469)
(0.003219 0.001781 0.005469)
(0.003281 0.001781 0.005469)
(0.003344 0.001781 0.005469)
(0.003406 0.001781 0.005469)
(0.003469 0.001781 0.005469)
(0.003531 0.001781 0.005469)
(0.003594 0.001781 0.005469)
(0.003656 0.001781 0.005469)
(0.003719 0.001781 0.005469)
(0.003781 0.001781 0.005469)
(0.003844 0.001781 0.005469)
(0.003906 0.001781 0.005469)
(0.003969 0.001781 0.005469)
(0.002531 0.001844 0.005469)
(0.002594 0.001844 0.005469)
(0.002656 0.001844 0.005469)
(0.002719 0.001844 0.005469)
(0.002781 0.001844 0.005469)
(0.002844 0.001844 0.005469)
(0.002906 0.001844 0.005469)
(0.002969 0.001844 0.005469)
(0.003031 0.001844 0.005469)
(0.003094 0.001844 0.005469)
(0.003156 0.001844 0.005469)
(0.003219 0.001844 0.005469)
(0.003281 0.001844 0.005469)
(0.003344 0.001844 0.005469)
(0.003406 0.001844 0.005469)
(0.003469 0.001844 0.005469)
(0.003531 0.001844 0.005469)
(0.003594 0.001844 0.005469)
(0.003656 0.001844 0.005469)
(0.003719 0.001844 0.005469)
(0.003781 0.001844 0.005469)
(0.003844 0.001844 0.005469)
(0.003906 0.001844 0.005469)
(0.003969 0.001844 0.005469)
(0.002531 0.001906 0.005469)
(0.002594 0.001906 0.005469)
(0.002656 0.001906 0.005469)
(0.002719 0.001906 0.005469)
(0.002781 0.001906 0.005469)
(0.002844 0.001906 0.005469)
(0.002906 0.001906 0.005469)
(0.002969 0.001906 0.005469)
(0.003031 0.001906 0.005469)
(0.003094 0.001906 0.005469)
(0.003156 0.001906 0.005469)
(0.003219 0.001906 0.005469)
(0.003281 0.001906 0.005469)
(0.003344 0.001906 0.005469)
(0.003406 0.001906 0.005469)
(0.003469 0.001906 0.005469)
(0.003531 0.001906 0.005469)
(0.003594 0.001906 0.005469)
(0.003656 0.001906 0.005469)
(0.003719 0.001906 0.005469)
(0.003781 0.001906 0.005469)
(0.003844 0.001906 0.005469)
(0.003906 0.001906 0.005469)
(0.003969 0.001906 0.005469)
(0.002531 0.001969 0.005469)
(0.002594 0.001969 0.005469)
(0.002656 0.001969 0.005469)
(0.002719 0.001969 0.005469)
(0.002781 0.001969 0.005469)
(0.002844 0.001969 0.005469)
(0.002906 0.001969 0.005469)
(0.002969 0.001969 0.005469)
(0.003031 0.001969 0.005469)
(0.003094 0.001969 0.005469)
(0.003156 0.001969 0.005469)
(0.003219 0.001969 0.005469)
(0.003281 0.001969 0.005469)
(0.003344 0.001969 0.005469)
(0.003406 0.001969 0.005469)
(0.003469 0.001969 0.005469)
(0.003531 0.001969 0.005469)
(0.003594 0.001969 0.005469)
(0.003656 0.001969 0.005469)
(0.003719 0.001969 0.005469)
(0.003781 0.001969 0.005469)
(0.003844 0.001969 0.005469)
(0.003906 0.001969 0.005469)
(0.003969 0.001969 0.005469)
(0.002531 0.002031 0.005469)
(0.002594 0.002031 0.005469)
(0.002656 0.002031 0.005469)
(0.002719 0.002031 0.005469)
(0.002781 0.002031 0.005469)
(0.002844 0.002031 0.005469)
(0.002906 0.002031 0.005469)
(0.002969 0.002031 0.005469)
(0.003031 0.002031 0.005469)
(0.003094 0.002031 0.005469)
(0.003156 0.002031 0.005469)
(0.003219 0.002031 0.005469)
(0.003281 0.002031 0.005469)
(0.003344 0.002031 0.005469)
(0.003406 0.002031 0.005469)
(0.003469 0.002031 0.005469)
(0.003531 0.002031 0.005469)
(0.003594 0.002031 0.005469)
(0.003656 0.002031 0.005469)
(0.003719 0.002031 0.005469)
(0.003781 0.002031 0.005469)
(0.003844 0.002031 0.005469)
(0.003906 0.002031 0.005469)
(0.003969 0.002031 0.005469)
(0.002531 0.002094 0.005469)
(0.002594 0.002094 0.005469)
(0.002656 0.002094 0.005469)
(0.002719 0.002094 0.005469)
(0.002781 0.002094 0.005469)
(0.002844 0.002094 0.005469)
(0.002906 0.002094 0.005469)
(0.002969 0.002094 0.005469)
(0.003031 0.002094 0.005469)
(0.003094 0.002094 0.005469)
(0.003156 0.002094 0.005469)
(0.003219 0.002094 0.005469)
(0.003281 0.002094 0.005469)
(0.003344 0.002094 0.005469)
(0.003406 0.002094 0.005469)
(0.003469 0.002094 0.005469)
(0.003531 0.002094 0.005469)
(0.003594 0.002094 0.005469)
(0.003656 0.002094 0.005469)
(0.003719 0.002094 0.005469)
(0.003781 0.002094 0.005469)
(0.003844 0.002094 0.005469)
(0.003906 0.002094 0.005469)
(0.003969 0.002094 0.005469)
(0.002531 0.002156 0.005469)
(0.002594 0.002156 0.005469)
(0.002656 0.002156 0.005469)
(0.002719 0.002156 0.005469)
(0.002781 0.002156 0.005469)
(0.002844 0.002156 0.005469)
(0.002906 0.002156 0.005469)
(0.002969 0.002156 0.005469)
(0.003031 0.002156 0.005469)
(0.003094 0.002156 0.005469)
(0.003156 0.002156 0.005469)
(0.003219 0.002156 0.005469)
(0.003281 0.002156 0.005469)
(0.003344 0.002156 0.005469)
(0.003406 0.002156 0.005469)
(0.003469 0.002156 0.005469)
(0.003531 0.002156 0.005469)
(0.003594 0.002156 0.005469)
(0.003656 0.002156 0.005469)
(0.003719 0.002156 0.005469)
(0.003781 0.002156 0.005469)
(0.003844 0.002156 0.005469)
(0.003906 0.002156 0.005469)
(0.003969 0.002156 0.005469)
(0.002531 0.002219 0.005469)
(0.002594 0.002219 0.005469)
(0.002656 0.002219 0.005469)
(0.002719 0.002219 0.005469)
(0.002781 0.002219 0.005469)
(0.002844 0.002219 0.005469)
(0.002906 0.002219 0.005469)
(0.002969 0.002219 0.005469)
(0.003031 0.002219 0.005469)
(0.003094 0.002219 0.005469)
(0.003156 0.002219 0.005469)
(0.003219 0.002219 0.005469)
(0.003281 0.002219 0.005469)
(0.003344 0.002219 0.005469)
(0.003406 0.002219 0.005469)
(0.003469 0.002219 0.005469)
(0.003531 0.002219 0.005469)
(0.003594 0.002219 0.005469)
(0.003656 0.002219 0.005469)
(0.003719 0.002219 0.005469)
(0.003781 0.002219 0.005469)
(0.003844 0.002219 0.005469)
(0.003906 0.002219 0.005469)
(0.003969 0.002219 0.005469)
(0.002531 0.002281 0.005469)
(0.002594 0.002281 0.005469)
(0.002656 0.002281 0.005469)
(0.002719 0.002281 0.005469)
(0.002781 0.002281 0.005469)
(0.002844 0.002281 0.005469)
(0.002906 0.002281 0.005469)
(0.002969 0.002281 0.005469)
(0.003031 0.002281 0.005469)
(0.003094 0.002281 0.005469)
(0.003156 0.002281 0.005469)
(0.003219 0.002281 0.005469)
(0.003281 0.002281 0.005469)
(0.003344 0.002281 0.005469)
(0.003406 0.002281 0.005469)
(0.003469 0.002281 0.005469)
(0.003531 0.002281 0.005469)
(0.003594 0.002281 0.005469)
(0.003656 0.002281 0.005469)
(0.003719 0.002281 0.005469)
(0.003781 0.002281 0.005469)
(0.003844 0.002281 0.005469)
(0.003906 0.002281 0.005469)
(0.003969 0.002281 0.005469)
(0.002531 0.002344 0.005469)
(0.002594 0.002344 0.005469)
(0.002656 0.002344 0.005469)
(0.002719 0.002344 0.005469)
(0.002781 0.002344 0.005469)
(0.002844 0.002344 0.005469)
(0.002906 0.002344 0.005469)
(0.002969 0.002344 0.005469)
(0.003031 0.002344 0.005469)
(0.003094 0.002344 0.005469)
(0.003156 0.002344 0.005469)
(0.003219 0.002344 0.005469)
(0.003281 0.002344 0.005469)
(0.003344 0.002344 0.005469)
(0.003406 0.002344 0.005469)
(0.003469 0.002344 0.005469)
(0.003531 0.002344 0.005469)
(0.003594 0.002344 0.005469)
(0.003656 0.002344 0.005469)
(0.003719 0.002344 0.005469)
(0.003781 0.002344 0.005469)
(0.003844 0.002344 0.005469)
(0.003906 0.002344 0.005469)
(0.003969 0.002344 0.005469)
(0.002531 0.001281 0.005531)
(0.002594 0.001281 0.005531)
(0.002656 0.001281 0.005531)
(0.002719 0.001281 0.005531)
(0.002781 0.001281 0.005531)
(0.002844 0.001281 0.005531)
(0.002906 0.001281 0.005531)
(0.002969 0.001281 0.005531)
(0.003031 0.001281 0.005531)
(0.003094 0.001281 0.005531)
(0.003156 0.001281 0.005531)
(0.003219 0.001281 0.005531)
(0.003281 0.001281 0.005531)
(0.003344 0.001281 0.005531)
(0.003406 0.001281 0.005531)
(0.003469 0.001281 0.005531)
(0.003531 0.001281 0.005531)
(0.003594 0.001281 0.005531)
(0.003656 0.001281 0.005531)
(0.003719 0.001281 0.005531)
(0.003781 0.001281 0.005531)
(0.003844 0.001281 0.005531)
(0.003906 0.001281 0.005531)
(0.003969 0.001281 0.005531)
(0.002531 0.001344 0.005531)
(0.002594 0.001344 0.005531)
(0.002656 0.001344 0.005531)
(0.002719 0.001344 0.005531)
(0.002781 0.001344 0.005531)
(0.002844 0.001344 0.005531)
(0.002906 0.001344 0.005531)
(0.002969 0.001344 0.005531)
(0.003031 0.001344 0.005531)
(0.003094 0.001344 0.005531)
(0.003156 0.001344 0.005531)
(0.003219 0.001344 0.005531)
(0.003281 0.001344 0.005531)
(0.003344 0.001344 0.005531)
(0.003406 0.001344 0.005531)
(0.003469 0.001344 0.005531)
(0.003531 0.001344 0.005531)
(0.003594 0.001344 0.005531)
(0.003656 0.001344 0.005531)
(0.003719 0.001344 0.005531)
(0.003781 0.001344 0.005531)
(0.003844 0.001344 0.005531)
(0.003906 0.001344 0.005531)
(0.003969 0.001344 0.005531)
(0.002531 0.001406 0.005531)
(0.002594 0.001406 0.005531)
(0.002656 0.001406 0.005531)
(0.002719 0.001406 0.005531)
(0.002781 0.001406 0.005531)
(0.002844 0.001406 0.005531)
(0.002906 0.001406 0.005531)
(0.002969 0.001406 0.005531)
(0.003031 0.001406 0.005531)
(0.003094 0.001406 0.005531)
(0.003156 0.001406 0.005531)
(0.003219 0.001406 0.005531)
(0.003281 0.001406 0.005531)
(0.003344 0.001406 0.005531)
(0.003406 0.001406 0.005531)
(0.003469 0.001406 0.005531)
(0.003531 0.001406 0.005531)
(0.003594 0.001406 0.005531)
(0.003656 0.001406 0.005531)
(0.003719 0.001406 0.005531)
(0.003781 0.001406 0.005531)
(0.003844 0.001406 0.005531)
(0.003906 0.001406 0.005531)
(0.003969 0.001406 0.005531)
(0.002531 0.001469 0.005531)
(0.002594 0.001469 0.005531)
(0.002656 0.001469 0.005531)
(0.002719 0.001469 0.005531)
(0.002781 0.001469 0.005531)
(0.002844 0.001469 0.005531)
(0.002906 0.001469 0.005531)
(0.002969 0.001469 0.005531)
(0.003031 0.001469 0.005531)
(0.003094 0.001469 0.005531)
(0.003156 0.001469 0.005531)
(0.003219 0.001469 0.005531)
(0.003281 0.001469 0.005531)
(0.003344 0.001469 0.005531)
(0.003406 0.001469 0.005531)
(0.003469 0.001469 0.005531)
(0.003531 0.001469 0.005531)
(0.003594 0.001469 0.005531)
(0.003656 0.001469 0.005531)
(0.003719 0.001469 0.005531)
(0.003781 0.001469 0.005531)
(0.003844 0.001469 0.005531)
(0.003906 0.001469 0.005531)
(0.003969 0.001469 0.005531)
(0.002531 0.001531 0.005531)
(0.002594 0.001531 0.005531)
(0.002656 0.001531 0.005531)
(0.002719 0.001531 0.005531)
(0.002781 0.001531 0.005531)
(0.002844 0.001531 0.005531)
(0.002906 0.001531 0.005531)
(0.002969 0.001531 0.005531)
(0.003031 0.001531 0.005531)
(0.003094 0.001531 0.005531)
(0.003156 0.001531 0.005531)
(0.003219 0.001531 0.005531)
(0.003281 0.001531 0.005531)
(0.003344 0.001531 0.005531)
(0.003406 0.001531 0.005531)
(0.003469 0.001531 0.005531)
(0.003531 0.001531 0.005531)
(0.003594 0.001531 0.005531)
(0.003656 0.001531 0.005531)
(0.003719 0.001531 0.005531)
(0.003781 0.001531 0.005531)
(0.003844 0.001531 0.005531)
(0.003906 0.001531 0.005531)
(0.003969 0.001531 0.005531)
(0.002531 0.001594 0.005531)
(0.002594 0.001594 0.005531)
(0.002656 0.001594 0.005531)
(0.002719 0.001594 0.005531)
(0.002781 0.001594 0.005531)
(0.002844 0.001594 0.005531)
(0.002906 0.001594 0.005531)
(0.002969 0.001594 0.005531)
(0.003031 0.001594 0.005531)
(0.003094 0.001594 0.005531)
(0.003156 0.001594 0.005531)
(0.003219 0.001594 0.005531)
(0.003281 0.001594 0.005531)
(0.003344 0.001594 0.005531)
(0.003406 0.001594 0.005531)
(0.003469 0.001594 0.005531)
(0.003531 0.001594 0.005531)
(0.003594 0.001594 0.005531)
(0.003656 0.001594 0.005531)
(0.003719 0.001594 0.005531)
(0.003781 0.001594 0.005531)
(0.003844 0.001594 0.005531)
(0.003906 0.001594 0.005531)
(0.003969 0.001594 0.005531)
(0.002531 0.001656 0.005531)
(0.002594 0.001656 0.005531)
(0.002656 0.001656 0.005531)
(0.002719 0.001656 0.005531)
(0.002781 0.001656 0.005531)
(0.002844 0.001656 0.005531)
(0.002906 0.001656 0.005531)
(0.002969 0.001656 0.005531)
(0.003031 0.001656 0.005531)
(0.003094 0.001656 0.005531)
(0.003156 0.001656 0.005531)
(0.003219 0.001656 0.005531)
(0.003281 0.001656 0.005531)
(0.003344 0.001656 0.005531)
(0.003406 0.001656 0.005531)
(0.003469 0.001656 0.005531)
(0.003531 0.001656 0.005531)
(0.003594 0.001656 0.005531)
(0.003656 0.001656 0.005531)
(0.003719 0.001656 0.005531)
(0.003781 0.001656 0.005531)
(0.003844 0.001656 0.005531)
(0.003906 0.001656 0.005531)
(0.003969 0.001656 0.005531)
(0.002531 0.001719 0.005531)
(0.002594 0.001719 0.005531)
(0.002656 0.001719 0.005531)
(0.002719 0.001719 0.005531)
(0.002781 0.001719 0.005531)
(0.002844 0.001719 0.005531)
(0.002906 0.001719 0.005531)
(0.002969 0.001719 0.005531)
(0.003031 0.001719 0.005531)
(0.003094 0.001719 0.005531)
(0.003156 0.001719 0.005531)
(0.003219 0.001719 0.005531)
(0.003281 0.001719 0.005531)
(0.003344 0.001719 0.005531)
(0.003406 0.001719 0.005531)
(0.003469 0.001719 0.005531)
(0.003531 0.001719 0.005531)
(0.003594 0.001719 0.005531)
(0.003656 0.001719 0.005531)
(0.003719 0.001719 0.005531)
(0.003781 0.001719 0.005531)
(0.003844 0.001719 0.005531)
(0.003906 0.001719 0.005531)
(0.003969 0.001719 0.005531)
(0.002531 0.001781 0.005531)
(0.002594 0.001781 0.005531)
(0.002656 0.001781 0.005531)
(0.002719 0.001781 0.005531)
(0.002781 0.001781 0.005531)
(0.002844 0.001781 0.005531)
(0.002906 0.001781 0.005531)
(0.002969 0.001781 0.005531)
(0.003031 0.001781 0.005531)
(0.003094 0.001781 0.005531)
(0.003156 0.001781 0.005531)
(0.003219 0.001781 0.005531)
(0.003281 0.001781 0.005531)
(0.003344 0.001781 0.005531)
(0.003406 0.001781 0.005531)
(0.003469 0.001781 0.005531)
(0.003531 0.001781 0.005531)
(0.003594 0.001781 0.005531)
(0.003656 0.001781 0.005531)
(0.003719 0.001781 0.005531)
(0.003781 0.001781 0.005531)
(0.003844 0.001781 0.005531)
(0.003906 0.001781 0.005531)
(0.003969 0.001781 0.005531)
(0.002531 0.001844 0.005531)
(0.002594 0.001844 0.005531)
(0.002656 0.001844 0.005531)
(0.002719 0.001844 0.005531)
(0.002781 0.001844 0.005531)
(0.002844 0.001844 0.005531)
(0.002906 0.001844 0.005531)
(0.002969 0.001844 0.005531)
(0.003031 0.001844 0.005531)
(0.003094 0.001844 0.005531)
(0.003156 0.001844 0.005531)
(0.003219 0.001844 0.005531)
(0.003281 0.001844 0.005531)
(0.003344 0.001844 0.005531)
(0.003406 0.001844 0.005531)
(0.003469 0.001844 0.005531)
(0.003531 0.001844 0.005531)
(0.003594 0.001844 0.005531)
(0.003656 0.001844 0.005531)
(0.003719 0.001844 0.005531)
(0.003781 0.001844 0.005531)
(0.003844 0.001844 0.005531)
(0.003906 0.001844 0.005531)
(0.003969 0.001844 0.005531)
(0.002531 0.001906 0.005531)
(0.002594 0.001906 0.005531)
(0.002656 0.001906 0.005531)
(0.002719 0.001906 0.005531)
(0.002781 0.001906 0.005531)
(0.002844 0.001906 0.005531)
(0.002906 0.001906 0.005531)
(0.002969 0.001906 0.005531)
(0.003031 0.001906 0.005531)
(0.003094 0.001906 0.005531)
(0.003156 0.001906 0.005531)
(0.003219 0.001906 0.005531)
(0.003281 0.001906 0.005531)
(0.003344 0.001906 0.005531)
(0.003406 0.001906 0.005531)
(0.003469 0.001906 0.005531)
(0.003531 0.001906 0.005531)
(0.003594 0.001906 0.005531)
(0.003656 0.001906 0.005531)
(0.003719 0.001906 0.005531)
(0.003781 0.001906 0.005531)
(0.003844 0.001906 0.005531)
(0.003906 0.001906 0.005531)
(0.003969 0.001906 0.005531)
(0.002531 0.001969 0.005531)
(0.002594 0.001969 0.005531)
(0.002656 0.001969 0.005531)
(0.002719 0.001969 0.005531)
(0.002781 0.001969 0.005531)
(0.002844 0.001969 0.005531)
(0.002906 0.001969 0.005531)
(0.002969 0.001969 0.005531)
(0.003031 0.001969 0.005531)
(0.003094 0.001969 0.005531)
(0.003156 0.001969 0.005531)
(0.003219 0.001969 0.005531)
(0.003281 0.001969 0.005531)
(0.003344 0.001969 0.005531)
(0.003406 0.001969 0.005531)
(0.003469 0.001969 0.005531)
(0.003531 0.001969 0.005531)
(0.003594 0.001969 0.005531)
(0.003656 0.001969 0.005531)
(0.003719 0.001969 0.005531)
(0.003781 0.001969 0.005531)
(0.003844 0.001969 0.005531)
(0.003906 0.001969 0.005531)
(0.003969 0.001969 0.005531)
(0.002531 0.002031 0.005531)
(0.002594 0.002031 0.005531)
(0.002656 0.002031 0.005531)
(0.002719 0.002031 0.005531)
(0.002781 0.002031 0.005531)
(0.002844 0.002031 0.005531)
(0.002906 0.002031 0.005531)
(0.002969 0.002031 0.005531)
(0.003031 0.002031 0.005531)
(0.003094 0.002031 0.005531)
(0.003156 0.002031 0.005531)
(0.003219 0.002031 0.005531)
(0.003281 0.002031 0.005531)
(0.003344 0.002031 0.005531)
(0.003406 0.002031 0.005531)
(0.003469 0.002031 0.005531)
(0.003531 0.002031 0.005531)
(0.003594 0.002031 0.005531)
(0.003656 0.002031 0.005531)
(0.003719 0.002031 0.005531)
(0.003781 0.002031 0.005531)
(0.003844 0.002031 0.005531)
(0.003906 0.002031 0.005531)
(0.003969 0.002031 0.005531)
(0.002531 0.002094 0.005531)
(0.002594 0.002094 0.005531)
(0.002656 0.002094 0.005531)
(0.002719 0.002094 0.005531)
(0.002781 0.002094 0.005531)
(0.002844 0.002094 0.005531)
(0.002906 0.002094 0.005531)
(0.002969 0.002094 0.005531)
(0.003031 0.002094 0.005531)
(0.003094 0.002094 0.005531)
(0.003156 0.002094 0.005531)
(0.003219 0.002094 0.005531)
(0.003281 0.002094 0.005531)
(0.003344 0.002094 0.005531)
(0.003406 0.002094 0.005531)
(0.003469 0.002094 0.005531)
(0.003531 0.002094 0.005531)
(0.003594 0.002094 0.005531)
(0.003656 0.002094 0.005531)
(0.003719 0.002094 0.005531)
(0.003781 0.002094 0.005531)
(0.003844 0.002094 0.005531)
(0.003906 0.002094 0.005531)
(0.003969 0.002094 0.005531)
(0.002531 0.002156 0.005531)
(0.002594 0.002156 0.005531)
(0.002656 0.002156 0.005531)
(0.002719 0.002156 0.005531)
(0.002781 0.002156 0.005531)
(0.002844 0.002156 0.005531)
(0.002906 0.002156 0.005531)
(0.002969 0.002156 0.005531)
(0.003031 0.002156 0.005531)
(0.003094 0.002156 0.005531)
(0.003156 0.002156 0.005531)
(0.003219 0.002156 0.005531)
(0.003281 0.002156 0.005531)
(0.003344 0.002156 0.005531)
(0.003406 0.002156 0.005531)
(0.003469 0.002156 0.005531)
(0.003531 0.002156 0.005531)
(0.003594 0.002156 0.005531)
(0.003656 0.002156 0.005531)
(0.003719 0.002156 0.005531)
(0.003781 0.002156 0.005531)
(0.003844 0.002156 0.005531)
(0.003906 0.002156 0.005531)
(0.003969 0.002156 0.005531)
(0.002531 0.002219 0.005531)
(0.002594 0.002219 0.005531)
(0.002656 0.002219 0.005531)
(0.002719 0.002219 0.005531)
(0.002781 0.002219 0.005531)
(0.002844 0.002219 0.005531)
(0.002906 0.002219 0.005531)
(0.002969 0.002219 0.005531)
(0.003031 0.002219 0.005531)
(0.003094 0.002219 0.005531)
(0.003156 0.002219 0.005531)
(0.003219 0.002219 0.005531)
(0.003281 0.002219 0.005531)
(0.003344 0.002219 0.005531)
(0.003406 0.002219 0.005531)
(0.003469 0.002219 0.005531)
(0.003531 0.002219 0.005531)
(0.003594 0.002219 0.005531)
(0.003656 0.002219 0.005531)
(0.003719 0.002219 0.005531)
(0.003781 0.002219 0.005531)
(0.003844 0.002219 0.005531)
(0.003906 0.002219 0.005531)
(0.003969 0.002219 0.005531)
(0.002531 0.002281 0.005531)
(0.002594 0.002281 0.005531)
(0.002656 0.002281 0.005531)
(0.002719 0.002281 0.005531)
(0.002781 0.002281 0.005531)
(0.002844 0.002281 0.005531)
(0.002906 0.002281 0.005531)
(0.002969 0.002281 0.005531)
(0.003031 0.002281 0.005531)
(0.003094 0.002281 0.005531)
(0.003156 0.002281 0.005531)
(0.003219 0.002281 0.005531)
(0.003281 0.002281 0.005531)
(0.003344 0.002281 0.005531)
(0.003406 0.002281 0.005531)
(0.003469 0.002281 0.005531)
(0.003531 0.002281 0.005531)
(0.003594 0.002281 0.005531)
(0.003656 0.002281 0.005531)
(0.003719 0.002281 0.005531)
(0.003781 0.002281 0.005531)
(0.003844 0.002281 0.005531)
(0.003906 0.002281 0.005531)
(0.003969 0.002281 0.005531)
(0.002531 0.002344 0.005531)
(0.002594 0.002344 0.005531)
(0.002656 0.002344 0.005531)
(0.002719 0.002344 0.005531)
(0.002781 0.002344 0.005531)
(0.002844 0.002344 0.005531)
(0.002906 0.002344 0.005531)
(0.002969 0.002344 0.005531)
(0.003031 0.002344 0.005531)
(0.003094 0.002344 0.005531)
(0.003156 0.002344 0.005531)
(0.003219 0.002344 0.005531)
(0.003281 0.002344 0.005531)
(0.003344 0.002344 0.005531)
(0.003406 0.002344 0.005531)
(0.003469 0.002344 0.005531)
(0.003531 0.002344 0.005531)
(0.003594 0.002344 0.005531)
(0.003656 0.002344 0.005531)
(0.003719 0.002344 0.005531)
(0.003781 0.002344 0.005531)
(0.003844 0.002344 0.005531)
(0.003906 0.002344 0.005531)
(0.003969 0.002344 0.005531)
(0.002531 0.001281 0.005594)
(0.002594 0.001281 0.005594)
(0.002656 0.001281 0.005594)
(0.002719 0.001281 0.005594)
(0.002781 0.001281 0.005594)
(0.002844 0.001281 0.005594)
(0.002906 0.001281 0.005594)
(0.002969 0.001281 0.005594)
(0.003031 0.001281 0.005594)
(0.003094 0.001281 0.005594)
(0.003156 0.001281 0.005594)
(0.003219 0.001281 0.005594)
(0.003281 0.001281 0.005594)
(0.003344 0.001281 0.005594)
(0.003406 0.001281 0.005594)
(0.003469 0.001281 0.005594)
(0.003531 0.001281 0.005594)
(0.003594 0.001281 0.005594)
(0.003656 0.001281 0.005594)
(0.003719 0.001281 0.005594)
(0.003781 0.001281 0.005594)
(0.003844 0.001281 0.005594)
(0.003906 0.001281 0.005594)
(0.003969 0.001281 0.005594)
(0.002531 0.001344 0.005594)
(0.002594 0.001344 0.005594)
(0.002656 0.001344 0.005594)
(0.002719 0.001344 0.005594)
(0.002781 0.001344 0.005594)
(0.002844 0.001344 0.005594)
(0.002906 0.001344 0.005594)
(0.002969 0.001344 0.005594)
(0.003031 0.001344 0.005594)
(0.003094 0.001344 0.005594)
(0.003156 0.001344 0.005594)
(0.003219 0.001344 0.005594)
(0.003281 0.001344 0.005594)
(0.003344 0.001344 0.005594)
(0.003406 0.001344 0.005594)
(0.003469 0.001344 0.005594)
(0.003531 0.001344 0.005594)
(0.003594 0.001344 0.005594)
(0.003656 0.001344 0.005594)
(0.003719 0.001344 0.005594)
(0.003781 0.001344 0.005594)
(0.003844 0.001344 0.005594)
(0.003906 0.001344 0.005594)
(0.003969 0.001344 0.005594)
(0.002531 0.001406 0.005594)
(0.002594 0.001406 0.005594)
(0.002656 0.001406 0.005594)
(0.002719 0.001406 0.005594)
(0.002781 0.001406 0.005594)
(0.002844 0.001406 0.005594)
(0.002906 0.001406 0.005594)
(0.002969 0.001406 0.005594)
(0.003031 0.001406 0.005594)
(0.003094 0.001406 0.005594)
(0.003156 0.001406 0.005594)
(0.003219 0.001406 0.005594)
(0.003281 0.001406 0.005594)
(0.003344 0.001406 0.005594)
(0.003406 0.001406 0.005594)
(0.003469 0.001406 0.005594)
(0.003531 0.001406 0.005594)
(0.003594 0.001406 0.005594)
(0.003656 0.001406 0.005594)
(0.003719 0.001406 0.005594)
(0.003781 0.001406 0.005594)
(0.003844 0.001406 0.005594)
(0.003906 0.001406 0.005594)
(0.003969 0.001406 0.005594)
(0.002531 0.001469 0.005594)
(0.002594 0.001469 0.005594)
(0.002656 0.001469 0.005594)
(0.002719 0.001469 0.005594)
(0.002781 0.001469 0.005594)
(0.002844 0.001469 0.005594)
(0.002906 0.001469 0.005594)
(0.002969 0.001469 0.005594)
(0.003031 0.001469 0.005594)
(0.003094 0.001469 0.005594)
(0.003156 0.001469 0.005594)
(0.003219 0.001469 0.005594)
(0.003281 0.001469 0.005594)
(0.003344 0.001469 0.005594)
(0.003406 0.001469 0.005594)
(0.003469 0.001469 0.005594)
(0.003531 0.001469 0.005594)
(0.003594 0.001469 0.005594)
(0.003656 0.001469 0.005594)
(0.003719 0.001469 0.005594)
(0.003781 0.001469 0.005594)
(0.003844 0.001469 0.005594)
(0.003906 0.001469 0.005594)
(0.003969 0.001469 0.005594)
(0.002531 0.001531 0.005594)
(0.002594 0.001531 0.005594)
(0.002656 0.001531 0.005594)
(0.002719 0.001531 0.005594)
(0.002781 0.001531 0.005594)
(0.002844 0.001531 0.005594)
(0.002906 0.001531 0.005594)
(0.002969 0.001531 0.005594)
(0.003031 0.001531 0.005594)
(0.003094 0.001531 0.005594)
(0.003156 0.001531 0.005594)
(0.003219 0.001531 0.005594)
(0.003281 0.001531 0.005594)
(0.003344 0.001531 0.005594)
(0.003406 0.001531 0.005594)
(0.003469 0.001531 0.005594)
(0.003531 0.001531 0.005594)
(0.003594 0.001531 0.005594)
(0.003656 0.001531 0.005594)
(0.003719 0.001531 0.005594)
(0.003781 0.001531 0.005594)
(0.003844 0.001531 0.005594)
(0.003906 0.001531 0.005594)
(0.003969 0.001531 0.005594)
(0.002531 0.001594 0.005594)
(0.002594 0.001594 0.005594)
(0.002656 0.001594 0.005594)
(0.002719 0.001594 0.005594)
(0.002781 0.001594 0.005594)
(0.002844 0.001594 0.005594)
(0.002906 0.001594 0.005594)
(0.002969 0.001594 0.005594)
(0.003031 0.001594 0.005594)
(0.003094 0.001594 0.005594)
(0.003156 0.001594 0.005594)
(0.003219 0.001594 0.005594)
(0.003281 0.001594 0.005594)
(0.003344 0.001594 0.005594)
(0.003406 0.001594 0.005594)
(0.003469 0.001594 0.005594)
(0.003531 0.001594 0.005594)
(0.003594 0.001594 0.005594)
(0.003656 0.001594 0.005594)
(0.003719 0.001594 0.005594)
(0.003781 0.001594 0.005594)
(0.003844 0.001594 0.005594)
(0.003906 0.001594 0.005594)
(0.003969 0.001594 0.005594)
(0.002531 0.001656 0.005594)
(0.002594 0.001656 0.005594)
(0.002656 0.001656 0.005594)
(0.002719 0.001656 0.005594)
(0.002781 0.001656 0.005594)
(0.002844 0.001656 0.005594)
(0.002906 0.001656 0.005594)
(0.002969 0.001656 0.005594)
(0.003031 0.001656 0.005594)
(0.003094 0.001656 0.005594)
(0.003156 0.001656 0.005594)
(0.003219 0.001656 0.005594)
(0.003281 0.001656 0.005594)
(0.003344 0.001656 0.005594)
(0.003406 0.001656 0.005594)
(0.003469 0.001656 0.005594)
(0.003531 0.001656 0.005594)
(0.003594 0.001656 0.005594)
(0.003656 0.001656 0.005594)
(0.003719 0.001656 0.005594)
(0.003781 0.001656 0.005594)
(0.003844 0.001656 0.005594)
(0.003906 0.001656 0.005594)
(0.003969 0.001656 0.005594)
(0.002531 0.001719 0.005594)
(0.002594 0.001719 0.005594)
(0.002656 0.001719 0.005594)
(0.002719 0.001719 0.005594)
(0.002781 0.001719 0.005594)
(0.002844 0.001719 0.005594)
(0.002906 0.001719 0.005594)
(0.002969 0.001719 0.005594)
(0.003031 0.001719 0.005594)
(0.003094 0.001719 0.005594)
(0.003156 0.001719 0.005594)
(0.003219 0.001719 0.005594)
(0.003281 0.001719 0.005594)
(0.003344 0.001719 0.005594)
(0.003406 0.001719 0.005594)
(0.003469 0.001719 0.005594)
(0.003531 0.001719 0.005594)
(0.003594 0.001719 0.005594)
(0.003656 0.001719 0.005594)
(0.003719 0.001719 0.005594)
(0.003781 0.001719 0.005594)
(0.003844 0.001719 0.005594)
(0.003906 0.001719 0.005594)
(0.003969 0.001719 0.005594)
(0.002531 0.001781 0.005594)
(0.002594 0.001781 0.005594)
(0.002656 0.001781 0.005594)
(0.002719 0.001781 0.005594)
(0.002781 0.001781 0.005594)
(0.002844 0.001781 0.005594)
(0.002906 0.001781 0.005594)
(0.002969 0.001781 0.005594)
(0.003031 0.001781 0.005594)
(0.003094 0.001781 0.005594)
(0.003156 0.001781 0.005594)
(0.003219 0.001781 0.005594)
(0.003281 0.001781 0.005594)
(0.003344 0.001781 0.005594)
(0.003406 0.001781 0.005594)
(0.003469 0.001781 0.005594)
(0.003531 0.001781 0.005594)
(0.003594 0.001781 0.005594)
(0.003656 0.001781 0.005594)
(0.003719 0.001781 0.005594)
(0.003781 0.001781 0.005594)
(0.003844 0.001781 0.005594)
(0.003906 0.001781 0.005594)
(0.003969 0.001781 0.005594)
(0.002531 0.001844 0.005594)
(0.002594 0.001844 0.005594)
(0.002656 0.001844 0.005594)
(0.002719 0.001844 0.005594)
(0.002781 0.001844 0.005594)
(0.002844 0.001844 0.005594)
(0.002906 0.001844 0.005594)
(0.002969 0.001844 0.005594)
(0.003031 0.001844 0.005594)
(0.003094 0.001844 0.005594)
(0.003156 0.001844 0.005594)
(0.003219 0.001844 0.005594)
(0.003281 0.001844 0.005594)
(0.003344 0.001844 0.005594)
(0.003406 0.001844 0.005594)
(0.003469 0.001844 0.005594)
(0.003531 0.001844 0.005594)
(0.003594 0.001844 0.005594)
(0.003656 0.001844 0.005594)
(0.003719 0.001844 0.005594)
(0.003781 0.001844 0.005594)
(0.003844 0.001844 0.005594)
(0.003906 0.001844 0.005594)
(0.003969 0.001844 0.005594)
(0.002531 0.001906 0.005594)
(0.002594 0.001906 0.005594)
(0.002656 0.001906 0.005594)
(0.002719 0.001906 0.005594)
(0.002781 0.001906 0.005594)
(0.002844 0.001906 0.005594)
(0.002906 0.001906 0.005594)
(0.002969 0.001906 0.005594)
(0.003031 0.001906 0.005594)
(0.003094 0.001906 0.005594)
(0.003156 0.001906 0.005594)
(0.003219 0.001906 0.005594)
(0.003281 0.001906 0.005594)
(0.003344 0.001906 0.005594)
(0.003406 0.001906 0.005594)
(0.003469 0.001906 0.005594)
(0.003531 0.001906 0.005594)
(0.003594 0.001906 0.005594)
(0.003656 0.001906 0.005594)
(0.003719 0.001906 0.005594)
(0.003781 0.001906 0.005594)
(0.003844 0.001906 0.005594)
(0.003906 0.001906 0.005594)
(0.003969 0.001906 0.005594)
(0.002531 0.001969 0.005594)
(0.002594 0.001969 0.005594)
(0.002656 0.001969 0.005594)
(0.002719 0.001969 0.005594)
(0.002781 0.001969 0.005594)
(0.002844 0.001969 0.005594)
(0.002906 0.001969 0.005594)
(0.002969 0.001969 0.005594)
(0.003031 0.001969 0.005594)
(0.003094 0.001969 0.005594)
(0.003156 0.001969 0.005594)
(0.003219 0.001969 0.005594)
(0.003281 0.001969 0.005594)
(0.003344 0.001969 0.005594)
(0.003406 0.001969 0.005594)
(0.003469 0.001969 0.005594)
(0.003531 0.001969 0.005594)
(0.003594 0.001969 0.005594)
(0.003656 0.001969 0.005594)
(0.003719 0.001969 0.005594)
(0.003781 0.001969 0.005594)
(0.003844 0.001969 0.005594)
(0.003906 0.001969 0.005594)
(0.003969 0.001969 0.005594)
(0.002531 0.002031 0.005594)
(0.002594 0.002031 0.005594)
(0.002656 0.002031 0.005594)
(0.002719 0.002031 0.005594)
(0.002781 0.002031 0.005594)
(0.002844 0.002031 0.005594)
(0.002906 0.002031 0.005594)
(0.002969 0.002031 0.005594)
(0.003031 0.002031 0.005594)
(0.003094 0.002031 0.005594)
(0.003156 0.002031 0.005594)
(0.003219 0.002031 0.005594)
(0.003281 0.002031 0.005594)
(0.003344 0.002031 0.005594)
(0.003406 0.002031 0.005594)
(0.003469 0.002031 0.005594)
(0.003531 0.002031 0.005594)
(0.003594 0.002031 0.005594)
(0.003656 0.002031 0.005594)
(0.003719 0.002031 0.005594)
(0.003781 0.002031 0.005594)
(0.003844 0.002031 0.005594)
(0.003906 0.002031 0.005594)
(0.003969 0.002031 0.005594)
(0.002531 0.002094 0.005594)
(0.002594 0.002094 0.005594)
(0.002656 0.002094 0.005594)
(0.002719 0.002094 0.005594)
(0.002781 0.002094 0.005594)
(0.002844 0.002094 0.005594)
(0.002906 0.002094 0.005594)
(0.002969 0.002094 0.005594)
(0.003031 0.002094 0.005594)
(0.003094 0.002094 0.005594)
(0.003156 0.002094 0.005594)
(0.003219 0.002094 0.005594)
(0.003281 0.002094 0.005594)
(0.003344 0.002094 0.005594)
(0.003406 0.002094 0.005594)
(0.003469 0.002094 0.005594)
(0.003531 0.002094 0.005594)
(0.003594 0.002094 0.005594)
(0.003656 0.002094 0.005594)
(0.003719 0.002094 0.005594)
(0.003781 0.002094 0.005594)
(0.003844 0.002094 0.005594)
(0.003906 0.002094 0.005594)
(0.003969 0.002094 0.005594)
(0.002531 0.002156 0.005594)
(0.002594 0.002156 0.005594)
(0.002656 0.002156 0.005594)
(0.002719 0.002156 0.005594)
(0.002781 0.002156 0.005594)
(0.002844 0.002156 0.005594)
(0.002906 0.002156 0.005594)
(0.002969 0.002156 0.005594)
(0.003031 0.002156 0.005594)
(0.003094 0.002156 0.005594)
(0.003156 0.002156 0.005594)
(0.003219 0.002156 0.005594)
(0.003281 0.002156 0.005594)
(0.003344 0.002156 0.005594)
(0.003406 0.002156 0.005594)
(0.003469 0.002156 0.005594)
(0.003531 0.002156 0.005594)
(0.003594 0.002156 0.005594)
(0.003656 0.002156 0.005594)
(0.003719 0.002156 0.005594)
(0.003781 0.002156 0.005594)
(0.003844 0.002156 0.005594)
(0.003906 0.002156 0.005594)
(0.003969 0.002156 0.005594)
(0.002531 0.002219 0.005594)
(0.002594 0.002219 0.005594)
(0.002656 0.002219 0.005594)
(0.002719 0.002219 0.005594)
(0.002781 0.002219 0.005594)
(0.002844 0.002219 0.005594)
(0.002906 0.002219 0.005594)
(0.002969 0.002219 0.005594)
(0.003031 0.002219 0.005594)
(0.003094 0.002219 0.005594)
(0.003156 0.002219 0.005594)
(0.003219 0.002219 0.005594)
(0.003281 0.002219 0.005594)
(0.003344 0.002219 0.005594)
(0.003406 0.002219 0.005594)
(0.003469 0.002219 0.005594)
(0.003531 0.002219 0.005594)
(0.003594 0.002219 0.005594)
(0.003656 0.002219 0.005594)
(0.003719 0.002219 0.005594)
(0.003781 0.002219 0.005594)
(0.003844 0.002219 0.005594)
(0.003906 0.002219 0.005594)
(0.003969 0.002219 0.005594)
(0.002531 0.002281 0.005594)
(0.002594 0.002281 0.005594)
(0.002656 0.002281 0.005594)
(0.002719 0.002281 0.005594)
(0.002781 0.002281 0.005594)
(0.002844 0.002281 0.005594)
(0.002906 0.002281 0.005594)
(0.002969 0.002281 0.005594)
(0.003031 0.002281 0.005594)
(0.003094 0.002281 0.005594)
(0.003156 0.002281 0.005594)
(0.003219 0.002281 0.005594)
(0.003281 0.002281 0.005594)
(0.003344 0.002281 0.005594)
(0.003406 0.002281 0.005594)
(0.003469 0.002281 0.005594)
(0.003531 0.002281 0.005594)
(0.003594 0.002281 0.005594)
(0.003656 0.002281 0.005594)
(0.003719 0.002281 0.005594)
(0.003781 0.002281 0.005594)
(0.003844 0.002281 0.005594)
(0.003906 0.002281 0.005594)
(0.003969 0.002281 0.005594)
(0.002531 0.002344 0.005594)
(0.002594 0.002344 0.005594)
(0.002656 0.002344 0.005594)
(0.002719 0.002344 0.005594)
(0.002781 0.002344 0.005594)
(0.002844 0.002344 0.005594)
(0.002906 0.002344 0.005594)
(0.002969 0.002344 0.005594)
(0.003031 0.002344 0.005594)
(0.003094 0.002344 0.005594)
(0.003156 0.002344 0.005594)
(0.003219 0.002344 0.005594)
(0.003281 0.002344 0.005594)
(0.003344 0.002344 0.005594)
(0.003406 0.002344 0.005594)
(0.003469 0.002344 0.005594)
(0.003531 0.002344 0.005594)
(0.003594 0.002344 0.005594)
(0.003656 0.002344 0.005594)
(0.003719 0.002344 0.005594)
(0.003781 0.002344 0.005594)
(0.003844 0.002344 0.005594)
(0.003906 0.002344 0.005594)
(0.003969 0.002344 0.005594)
(0.002531 0.001281 0.005656)
(0.002594 0.001281 0.005656)
(0.002656 0.001281 0.005656)
(0.002719 0.001281 0.005656)
(0.002781 0.001281 0.005656)
(0.002844 0.001281 0.005656)
(0.002906 0.001281 0.005656)
(0.002969 0.001281 0.005656)
(0.003031 0.001281 0.005656)
(0.003094 0.001281 0.005656)
(0.003156 0.001281 0.005656)
(0.003219 0.001281 0.005656)
(0.003281 0.001281 0.005656)
(0.003344 0.001281 0.005656)
(0.003406 0.001281 0.005656)
(0.003469 0.001281 0.005656)
(0.003531 0.001281 0.005656)
(0.003594 0.001281 0.005656)
(0.003656 0.001281 0.005656)
(0.003719 0.001281 0.005656)
(0.003781 0.001281 0.005656)
(0.003844 0.001281 0.005656)
(0.003906 0.001281 0.005656)
(0.003969 0.001281 0.005656)
(0.002531 0.001344 0.005656)
(0.002594 0.001344 0.005656)
(0.002656 0.001344 0.005656)
(0.002719 0.001344 0.005656)
(0.002781 0.001344 0.005656)
(0.002844 0.001344 0.005656)
(0.002906 0.001344 0.005656)
(0.002969 0.001344 0.005656)
(0.003031 0.001344 0.005656)
(0.003094 0.001344 0.005656)
(0.003156 0.001344 0.005656)
(0.003219 0.001344 0.005656)
(0.003281 0.001344 0.005656)
(0.003344 0.001344 0.005656)
(0.003406 0.001344 0.005656)
(0.003469 0.001344 0.005656)
(0.003531 0.001344 0.005656)
(0.003594 0.001344 0.005656)
(0.003656 0.001344 0.005656)
(0.003719 0.001344 0.005656)
(0.003781 0.001344 0.005656)
(0.003844 0.001344 0.005656)
(0.003906 0.001344 0.005656)
(0.003969 0.001344 0.005656)
(0.002531 0.001406 0.005656)
(0.002594 0.001406 0.005656)
(0.002656 0.001406 0.005656)
(0.002719 0.001406 0.005656)
(0.002781 0.001406 0.005656)
(0.002844 0.001406 0.005656)
(0.002906 0.001406 0.005656)
(0.002969 0.001406 0.005656)
(0.003031 0.001406 0.005656)
(0.003094 0.001406 0.005656)
(0.003156 0.001406 0.005656)
(0.003219 0.001406 0.005656)
(0.003281 0.001406 0.005656)
(0.003344 0.001406 0.005656)
(0.003406 0.001406 0.005656)
(0.003469 0.001406 0.005656)
(0.003531 0.001406 0.005656)
(0.003594 0.001406 0.005656)
(0.003656 0.001406 0.005656)
(0.003719 0.001406 0.005656)
(0.003781 0.001406 0.005656)
(0.003844 0.001406 0.005656)
(0.003906 0.001406 0.005656)
(0.003969 0.001406 0.005656)
(0.002531 0.001469 0.005656)
(0.002594 0.001469 0.005656)
(0.002656 0.001469 0.005656)
(0.002719 0.001469 0.005656)
(0.002781 0.001469 0.005656)
(0.002844 0.001469 0.005656)
(0.002906 0.001469 0.005656)
(0.002969 0.001469 0.005656)
(0.003031 0.001469 0.005656)
(0.003094 0.001469 0.005656)
(0.003156 0.001469 0.005656)
(0.003219 0.001469 0.005656)
(0.003281 0.001469 0.005656)
(0.003344 0.001469 0.005656)
(0.003406 0.001469 0.005656)
(0.003469 0.001469 0.005656)
(0.003531 0.001469 0.005656)
(0.003594 0.001469 0.005656)
(0.003656 0.001469 0.005656)
(0.003719 0.001469 0.005656)
(0.003781 0.001469 0.005656)
(0.003844 0.001469 0.005656)
(0.003906 0.001469 0.005656)
(0.003969 0.001469 0.005656)
(0.002531 0.001531 0.005656)
(0.002594 0.001531 0.005656)
(0.002656 0.001531 0.005656)
(0.002719 0.001531 0.005656)
(0.002781 0.001531 0.005656)
(0.002844 0.001531 0.005656)
(0.002906 0.001531 0.005656)
(0.002969 0.001531 0.005656)
(0.003031 0.001531 0.005656)
(0.003094 0.001531 0.005656)
(0.003156 0.001531 0.005656)
(0.003219 0.001531 0.005656)
(0.003281 0.001531 0.005656)
(0.003344 0.001531 0.005656)
(0.003406 0.001531 0.005656)
(0.003469 0.001531 0.005656)
(0.003531 0.001531 0.005656)
(0.003594 0.001531 0.005656)
(0.003656 0.001531 0.005656)
(0.003719 0.001531 0.005656)
(0.003781 0.001531 0.005656)
(0.003844 0.001531 0.005656)
(0.003906 0.001531 0.005656)
(0.003969 0.001531 0.005656)
(0.002531 0.001594 0.005656)
(0.002594 0.001594 0.005656)
(0.002656 0.001594 0.005656)
(0.002719 0.001594 0.005656)
(0.002781 0.001594 0.005656)
(0.002844 0.001594 0.005656)
(0.002906 0.001594 0.005656)
(0.002969 0.001594 0.005656)
(0.003031 0.001594 0.005656)
(0.003094 0.001594 0.005656)
(0.003156 0.001594 0.005656)
(0.003219 0.001594 0.005656)
(0.003281 0.001594 0.005656)
(0.003344 0.001594 0.005656)
(0.003406 0.001594 0.005656)
(0.003469 0.001594 0.005656)
(0.003531 0.001594 0.005656)
(0.003594 0.001594 0.005656)
(0.003656 0.001594 0.005656)
(0.003719 0.001594 0.005656)
(0.003781 0.001594 0.005656)
(0.003844 0.001594 0.005656)
(0.003906 0.001594 0.005656)
(0.003969 0.001594 0.005656)
(0.002531 0.001656 0.005656)
(0.002594 0.001656 0.005656)
(0.002656 0.001656 0.005656)
(0.002719 0.001656 0.005656)
(0.002781 0.001656 0.005656)
(0.002844 0.001656 0.005656)
(0.002906 0.001656 0.005656)
(0.002969 0.001656 0.005656)
(0.003031 0.001656 0.005656)
(0.003094 0.001656 0.005656)
(0.003156 0.001656 0.005656)
(0.003219 0.001656 0.005656)
(0.003281 0.001656 0.005656)
(0.003344 0.001656 0.005656)
(0.003406 0.001656 0.005656)
(0.003469 0.001656 0.005656)
(0.003531 0.001656 0.005656)
(0.003594 0.001656 0.005656)
(0.003656 0.001656 0.005656)
(0.003719 0.001656 0.005656)
(0.003781 0.001656 0.005656)
(0.003844 0.001656 0.005656)
(0.003906 0.001656 0.005656)
(0.003969 0.001656 0.005656)
(0.002531 0.001719 0.005656)
(0.002594 0.001719 0.005656)
(0.002656 0.001719 0.005656)
(0.002719 0.001719 0.005656)
(0.002781 0.001719 0.005656)
(0.002844 0.001719 0.005656)
(0.002906 0.001719 0.005656)
(0.002969 0.001719 0.005656)
(0.003031 0.001719 0.005656)
(0.003094 0.001719 0.005656)
(0.003156 0.001719 0.005656)
(0.003219 0.001719 0.005656)
(0.003281 0.001719 0.005656)
(0.003344 0.001719 0.005656)
(0.003406 0.001719 0.005656)
(0.003469 0.001719 0.005656)
(0.003531 0.001719 0.005656)
(0.003594 0.001719 0.005656)
(0.003656 0.001719 0.005656)
(0.003719 0.001719 0.005656)
(0.003781 0.001719 0.005656)
(0.003844 0.001719 0.005656)
(0.003906 0.001719 0.005656)
(0.003969 0.001719 0.005656)
(0.002531 0.001781 0.005656)
(0.002594 0.001781 0.005656)
(0.002656 0.001781 0.005656)
(0.002719 0.001781 0.005656)
(0.002781 0.001781 0.005656)
(0.002844 0.001781 0.005656)
(0.002906 0.001781 0.005656)
(0.002969 0.001781 0.005656)
(0.003031 0.001781 0.005656)
(0.003094 0.001781 0.005656)
(0.003156 0.001781 0.005656)
(0.003219 0.001781 0.005656)
(0.003281 0.001781 0.005656)
(0.003344 0.001781 0.005656)
(0.003406 0.001781 0.005656)
(0.003469 0.001781 0.005656)
(0.003531 0.001781 0.005656)
(0.003594 0.001781 0.005656)
(0.003656 0.001781 0.005656)
(0.003719 0.001781 0.005656)
(0.003781 0.001781 0.005656)
(0.003844 0.001781 0.005656)
(0.003906 0.001781 0.005656)
(0.003969 0.001781 0.005656)
(0.002531 0.001844 0.005656)
(0.002594 0.001844 0.005656)
(0.002656 0.001844 0.005656)
(0.002719 0.001844 0.005656)
(0.002781 0.001844 0.005656)
(0.002844 0.001844 0.005656)
(0.002906 0.001844 0.005656)
(0.002969 0.001844 0.005656)
(0.003031 0.001844 0.005656)
(0.003094 0.001844 0.005656)
(0.003156 0.001844 0.005656)
(0.003219 0.001844 0.005656)
(0.003281 0.001844 0.005656)
(0.003344 0.001844 0.005656)
(0.003406 0.001844 0.005656)
(0.003469 0.001844 0.005656)
(0.003531 0.001844 0.005656)
(0.003594 0.001844 0.005656)
(0.003656 0.001844 0.005656)
(0.003719 0.001844 0.005656)
(0.003781 0.001844 0.005656)
(0.003844 0.001844 0.005656)
(0.003906 0.001844 0.005656)
(0.003969 0.001844 0.005656)
(0.002531 0.001906 0.005656)
(0.002594 0.001906 0.005656)
(0.002656 0.001906 0.005656)
(0.002719 0.001906 0.005656)
(0.002781 0.001906 0.005656)
(0.002844 0.001906 0.005656)
(0.002906 0.001906 0.005656)
(0.002969 0.001906 0.005656)
(0.003031 0.001906 0.005656)
(0.003094 0.001906 0.005656)
(0.003156 0.001906 0.005656)
(0.003219 0.001906 0.005656)
(0.003281 0.001906 0.005656)
(0.003344 0.001906 0.005656)
(0.003406 0.001906 0.005656)
(0.003469 0.001906 0.005656)
(0.003531 0.001906 0.005656)
(0.003594 0.001906 0.005656)
(0.003656 0.001906 0.005656)
(0.003719 0.001906 0.005656)
(0.003781 0.001906 0.005656)
(0.003844 0.001906 0.005656)
(0.003906 0.001906 0.005656)
(0.003969 0.001906 0.005656)
(0.002531 0.001969 0.005656)
(0.002594 0.001969 0.005656)
(0.002656 0.001969 0.005656)
(0.002719 0.001969 0.005656)
(0.002781 0.001969 0.005656)
(0.002844 0.001969 0.005656)
(0.002906 0.001969 0.005656)
(0.002969 0.001969 0.005656)
(0.003031 0.001969 0.005656)
(0.003094 0.001969 0.005656)
(0.003156 0.001969 0.005656)
(0.003219 0.001969 0.005656)
(0.003281 0.001969 0.005656)
(0.003344 0.001969 0.005656)
(0.003406 0.001969 0.005656)
(0.003469 0.001969 0.005656)
(0.003531 0.001969 0.005656)
(0.003594 0.001969 0.005656)
(0.003656 0.001969 0.005656)
(0.003719 0.001969 0.005656)
(0.003781 0.001969 0.005656)
(0.003844 0.001969 0.005656)
(0.003906 0.001969 0.005656)
(0.003969 0.001969 0.005656)
(0.002531 0.002031 0.005656)
(0.002594 0.002031 0.005656)
(0.002656 0.002031 0.005656)
(0.002719 0.002031 0.005656)
(0.002781 0.002031 0.005656)
(0.002844 0.002031 0.005656)
(0.002906 0.002031 0.005656)
(0.002969 0.002031 0.005656)
(0.003031 0.002031 0.005656)
(0.003094 0.002031 0.005656)
(0.003156 0.002031 0.005656)
(0.003219 0.002031 0.005656)
(0.003281 0.002031 0.005656)
(0.003344 0.002031 0.005656)
(0.003406 0.002031 0.005656)
(0.003469 0.002031 0.005656)
(0.003531 0.002031 0.005656)
(0.003594 0.002031 0.005656)
(0.003656 0.002031 0.005656)
(0.003719 0.002031 0.005656)
(0.003781 0.002031 0.005656)
(0.003844 0.002031 0.005656)
(0.003906 0.002031 0.005656)
(0.003969 0.002031 0.005656)
(0.002531 0.002094 0.005656)
(0.002594 0.002094 0.005656)
(0.002656 0.002094 0.005656)
(0.002719 0.002094 0.005656)
(0.002781 0.002094 0.005656)
(0.002844 0.002094 0.005656)
(0.002906 0.002094 0.005656)
(0.002969 0.002094 0.005656)
(0.003031 0.002094 0.005656)
(0.003094 0.002094 0.005656)
(0.003156 0.002094 0.005656)
(0.003219 0.002094 0.005656)
(0.003281 0.002094 0.005656)
(0.003344 0.002094 0.005656)
(0.003406 0.002094 0.005656)
(0.003469 0.002094 0.005656)
(0.003531 0.002094 0.005656)
(0.003594 0.002094 0.005656)
(0.003656 0.002094 0.005656)
(0.003719 0.002094 0.005656)
(0.003781 0.002094 0.005656)
(0.003844 0.002094 0.005656)
(0.003906 0.002094 0.005656)
(0.003969 0.002094 0.005656)
(0.002531 0.002156 0.005656)
(0.002594 0.002156 0.005656)
(0.002656 0.002156 0.005656)
(0.002719 0.002156 0.005656)
(0.002781 0.002156 0.005656)
(0.002844 0.002156 0.005656)
(0.002906 0.002156 0.005656)
(0.002969 0.002156 0.005656)
(0.003031 0.002156 0.005656)
(0.003094 0.002156 0.005656)
(0.003156 0.002156 0.005656)
(0.003219 0.002156 0.005656)
(0.003281 0.002156 0.005656)
(0.003344 0.002156 0.005656)
(0.003406 0.002156 0.005656)
(0.003469 0.002156 0.005656)
(0.003531 0.002156 0.005656)
(0.003594 0.002156 0.005656)
(0.003656 0.002156 0.005656)
(0.003719 0.002156 0.005656)
(0.003781 0.002156 0.005656)
(0.003844 0.002156 0.005656)
(0.003906 0.002156 0.005656)
(0.003969 0.002156 0.005656)
(0.002531 0.002219 0.005656)
(0.002594 0.002219 0.005656)
(0.002656 0.002219 0.005656)
(0.002719 0.002219 0.005656)
(0.002781 0.002219 0.005656)
(0.002844 0.002219 0.005656)
(0.002906 0.002219 0.005656)
(0.002969 0.002219 0.005656)
(0.003031 0.002219 0.005656)
(0.003094 0.002219 0.005656)
(0.003156 0.002219 0.005656)
(0.003219 0.002219 0.005656)
(0.003281 0.002219 0.005656)
(0.003344 0.002219 0.005656)
(0.003406 0.002219 0.005656)
(0.003469 0.002219 0.005656)
(0.003531 0.002219 0.005656)
(0.003594 0.002219 0.005656)
(0.003656 0.002219 0.005656)
(0.003719 0.002219 0.005656)
(0.003781 0.002219 0.005656)
(0.003844 0.002219 0.005656)
(0.003906 0.002219 0.005656)
(0.003969 0.002219 0.005656)
(0.002531 0.002281 0.005656)
(0.002594 0.002281 0.005656)
(0.002656 0.002281 0.005656)
(0.002719 0.002281 0.005656)
(0.002781 0.002281 0.005656)
(0.002844 0.002281 0.005656)
(0.002906 0.002281 0.005656)
(0.002969 0.002281 0.005656)
(0.003031 0.002281 0.005656)
(0.003094 0.002281 0.005656)
(0.003156 0.002281 0.005656)
(0.003219 0.002281 0.005656)
(0.003281 0.002281 0.005656)
(0.003344 0.002281 0.005656)
(0.003406 0.002281 0.005656)
(0.003469 0.002281 0.005656)
(0.003531 0.002281 0.005656)
(0.003594 0.002281 0.005656)
(0.003656 0.002281 0.005656)
(0.003719 0.002281 0.005656)
(0.003781 0.002281 0.005656)
(0.003844 0.002281 0.005656)
(0.003906 0.002281 0.005656)
(0.003969 0.002281 0.005656)
(0.002531 0.002344 0.005656)
(0.002594 0.002344 0.005656)
(0.002656 0.002344 0.005656)
(0.002719 0.002344 0.005656)
(0.002781 0.002344 0.005656)
(0.002844 0.002344 0.005656)
(0.002906 0.002344 0.005656)
(0.002969 0.002344 0.005656)
(0.003031 0.002344 0.005656)
(0.003094 0.002344 0.005656)
(0.003156 0.002344 0.005656)
(0.003219 0.002344 0.005656)
(0.003281 0.002344 0.005656)
(0.003344 0.002344 0.005656)
(0.003406 0.002344 0.005656)
(0.003469 0.002344 0.005656)
(0.003531 0.002344 0.005656)
(0.003594 0.002344 0.005656)
(0.003656 0.002344 0.005656)
(0.003719 0.002344 0.005656)
(0.003781 0.002344 0.005656)
(0.003844 0.002344 0.005656)
(0.003906 0.002344 0.005656)
(0.003969 0.002344 0.005656)
(0.002531 0.001281 0.005719)
(0.002594 0.001281 0.005719)
(0.002656 0.001281 0.005719)
(0.002719 0.001281 0.005719)
(0.002781 0.001281 0.005719)
(0.002844 0.001281 0.005719)
(0.002906 0.001281 0.005719)
(0.002969 0.001281 0.005719)
(0.003031 0.001281 0.005719)
(0.003094 0.001281 0.005719)
(0.003156 0.001281 0.005719)
(0.003219 0.001281 0.005719)
(0.003281 0.001281 0.005719)
(0.003344 0.001281 0.005719)
(0.003406 0.001281 0.005719)
(0.003469 0.001281 0.005719)
(0.003531 0.001281 0.005719)
(0.003594 0.001281 0.005719)
(0.003656 0.001281 0.005719)
(0.003719 0.001281 0.005719)
(0.003781 0.001281 0.005719)
(0.003844 0.001281 0.005719)
(0.003906 0.001281 0.005719)
(0.003969 0.001281 0.005719)
(0.002531 0.001344 0.005719)
(0.002594 0.001344 0.005719)
(0.002656 0.001344 0.005719)
(0.002719 0.001344 0.005719)
(0.002781 0.001344 0.005719)
(0.002844 0.001344 0.005719)
(0.002906 0.001344 0.005719)
(0.002969 0.001344 0.005719)
(0.003031 0.001344 0.005719)
(0.003094 0.001344 0.005719)
(0.003156 0.001344 0.005719)
(0.003219 0.001344 0.005719)
(0.003281 0.001344 0.005719)
(0.003344 0.001344 0.005719)
(0.003406 0.001344 0.005719)
(0.003469 0.001344 0.005719)
(0.003531 0.001344 0.005719)
(0.003594 0.001344 0.005719)
(0.003656 0.001344 0.005719)
(0.003719 0.001344 0.005719)
(0.003781 0.001344 0.005719)
(0.003844 0.001344 0.005719)
(0.003906 0.001344 0.005719)
(0.003969 0.001344 0.005719)
(0.002531 0.001406 0.005719)
(0.002594 0.001406 0.005719)
(0.002656 0.001406 0.005719)
(0.002719 0.001406 0.005719)
(0.002781 0.001406 0.005719)
(0.002844 0.001406 0.005719)
(0.002906 0.001406 0.005719)
(0.002969 0.001406 0.005719)
(0.003031 0.001406 0.005719)
(0.003094 0.001406 0.005719)
(0.003156 0.001406 0.005719)
(0.003219 0.001406 0.005719)
(0.003281 0.001406 0.005719)
(0.003344 0.001406 0.005719)
(0.003406 0.001406 0.005719)
(0.003469 0.001406 0.005719)
(0.003531 0.001406 0.005719)
(0.003594 0.001406 0.005719)
(0.003656 0.001406 0.005719)
(0.003719 0.001406 0.005719)
(0.003781 0.001406 0.005719)
(0.003844 0.001406 0.005719)
(0.003906 0.001406 0.005719)
(0.003969 0.001406 0.005719)
(0.002531 0.001469 0.005719)
(0.002594 0.001469 0.005719)
(0.002656 0.001469 0.005719)
(0.002719 0.001469 0.005719)
(0.002781 0.001469 0.005719)
(0.002844 0.001469 0.005719)
(0.002906 0.001469 0.005719)
(0.002969 0.001469 0.005719)
(0.003031 0.001469 0.005719)
(0.003094 0.001469 0.005719)
(0.003156 0.001469 0.005719)
(0.003219 0.001469 0.005719)
(0.003281 0.001469 0.005719)
(0.003344 0.001469 0.005719)
(0.003406 0.001469 0.005719)
(0.003469 0.001469 0.005719)
(0.003531 0.001469 0.005719)
(0.003594 0.001469 0.005719)
(0.003656 0.001469 0.005719)
(0.003719 0.001469 0.005719)
(0.003781 0.001469 0.005719)
(0.003844 0.001469 0.005719)
(0.003906 0.001469 0.005719)
(0.003969 0.001469 0.005719)
(0.002531 0.001531 0.005719)
(0.002594 0.001531 0.005719)
(0.002656 0.001531 0.005719)
(0.002719 0.001531 0.005719)
(0.002781 0.001531 0.005719)
(0.002844 0.001531 0.005719)
(0.002906 0.001531 0.005719)
(0.002969 0.001531 0.005719)
(0.003031 0.001531 0.005719)
(0.003094 0.001531 0.005719)
(0.003156 0.001531 0.005719)
(0.003219 0.001531 0.005719)
(0.003281 0.001531 0.005719)
(0.003344 0.001531 0.005719)
(0.003406 0.001531 0.005719)
(0.003469 0.001531 0.005719)
(0.003531 0.001531 0.005719)
(0.003594 0.001531 0.005719)
(0.003656 0.001531 0.005719)
(0.003719 0.001531 0.005719)
(0.003781 0.001531 0.005719)
(0.003844 0.001531 0.005719)
(0.003906 0.001531 0.005719)
(0.003969 0.001531 0.005719)
(0.002531 0.001594 0.005719)
(0.002594 0.001594 0.005719)
(0.002656 0.001594 0.005719)
(0.002719 0.001594 0.005719)
(0.002781 0.001594 0.005719)
(0.002844 0.001594 0.005719)
(0.002906 0.001594 0.005719)
(0.002969 0.001594 0.005719)
(0.003031 0.001594 0.005719)
(0.003094 0.001594 0.005719)
(0.003156 0.001594 0.005719)
(0.003219 0.001594 0.005719)
(0.003281 0.001594 0.005719)
(0.003344 0.001594 0.005719)
(0.003406 0.001594 0.005719)
(0.003469 0.001594 0.005719)
(0.003531 0.001594 0.005719)
(0.003594 0.001594 0.005719)
(0.003656 0.001594 0.005719)
(0.003719 0.001594 0.005719)
(0.003781 0.001594 0.005719)
(0.003844 0.001594 0.005719)
(0.003906 0.001594 0.005719)
(0.003969 0.001594 0.005719)
(0.002531 0.001656 0.005719)
(0.002594 0.001656 0.005719)
(0.002656 0.001656 0.005719)
(0.002719 0.001656 0.005719)
(0.002781 0.001656 0.005719)
(0.002844 0.001656 0.005719)
(0.002906 0.001656 0.005719)
(0.002969 0.001656 0.005719)
(0.003031 0.001656 0.005719)
(0.003094 0.001656 0.005719)
(0.003156 0.001656 0.005719)
(0.003219 0.001656 0.005719)
(0.003281 0.001656 0.005719)
(0.003344 0.001656 0.005719)
(0.003406 0.001656 0.005719)
(0.003469 0.001656 0.005719)
(0.003531 0.001656 0.005719)
(0.003594 0.001656 0.005719)
(0.003656 0.001656 0.005719)
(0.003719 0.001656 0.005719)
(0.003781 0.001656 0.005719)
(0.003844 0.001656 0.005719)
(0.003906 0.001656 0.005719)
(0.003969 0.001656 0.005719)
(0.002531 0.001719 0.005719)
(0.002594 0.001719 0.005719)
(0.002656 0.001719 0.005719)
(0.002719 0.001719 0.005719)
(0.002781 0.001719 0.005719)
(0.002844 0.001719 0.005719)
(0.002906 0.001719 0.005719)
(0.002969 0.001719 0.005719)
(0.003031 0.001719 0.005719)
(0.003094 0.001719 0.005719)
(0.003156 0.001719 0.005719)
(0.003219 0.001719 0.005719)
(0.003281 0.001719 0.005719)
(0.003344 0.001719 0.005719)
(0.003406 0.001719 0.005719)
(0.003469 0.001719 0.005719)
(0.003531 0.001719 0.005719)
(0.003594 0.001719 0.005719)
(0.003656 0.001719 0.005719)
(0.003719 0.001719 0.005719)
(0.003781 0.001719 0.005719)
(0.003844 0.001719 0.005719)
(0.003906 0.001719 0.005719)
(0.003969 0.001719 0.005719)
(0.002531 0.001781 0.005719)
(0.002594 0.001781 0.005719)
(0.002656 0.001781 0.005719)
(0.002719 0.001781 0.005719)
(0.002781 0.001781 0.005719)
(0.002844 0.001781 0.005719)
(0.002906 0.001781 0.005719)
(0.002969 0.001781 0.005719)
(0.003031 0.001781 0.005719)
(0.003094 0.001781 0.005719)
(0.003156 0.001781 0.005719)
(0.003219 0.001781 0.005719)
(0.003281 0.001781 0.005719)
(0.003344 0.001781 0.005719)
(0.003406 0.001781 0.005719)
(0.003469 0.001781 0.005719)
(0.003531 0.001781 0.005719)
(0.003594 0.001781 0.005719)
(0.003656 0.001781 0.005719)
(0.003719 0.001781 0.005719)
(0.003781 0.001781 0.005719)
(0.003844 0.001781 0.005719)
(0.003906 0.001781 0.005719)
(0.003969 0.001781 0.005719)
(0.002531 0.001844 0.005719)
(0.002594 0.001844 0.005719)
(0.002656 0.001844 0.005719)
(0.002719 0.001844 0.005719)
(0.002781 0.001844 0.005719)
(0.002844 0.001844 0.005719)
(0.002906 0.001844 0.005719)
(0.002969 0.001844 0.005719)
(0.003031 0.001844 0.005719)
(0.003094 0.001844 0.005719)
(0.003156 0.001844 0.005719)
(0.003219 0.001844 0.005719)
(0.003281 0.001844 0.005719)
(0.003344 0.001844 0.005719)
(0.003406 0.001844 0.005719)
(0.003469 0.001844 0.005719)
(0.003531 0.001844 0.005719)
(0.003594 0.001844 0.005719)
(0.003656 0.001844 0.005719)
(0.003719 0.001844 0.005719)
(0.003781 0.001844 0.005719)
(0.003844 0.001844 0.005719)
(0.003906 0.001844 0.005719)
(0.003969 0.001844 0.005719)
(0.002531 0.001906 0.005719)
(0.002594 0.001906 0.005719)
(0.002656 0.001906 0.005719)
(0.002719 0.001906 0.005719)
(0.002781 0.001906 0.005719)
(0.002844 0.001906 0.005719)
(0.002906 0.001906 0.005719)
(0.002969 0.001906 0.005719)
(0.003031 0.001906 0.005719)
(0.003094 0.001906 0.005719)
(0.003156 0.001906 0.005719)
(0.003219 0.001906 0.005719)
(0.003281 0.001906 0.005719)
(0.003344 0.001906 0.005719)
(0.003406 0.001906 0.005719)
(0.003469 0.001906 0.005719)
(0.003531 0.001906 0.005719)
(0.003594 0.001906 0.005719)
(0.003656 0.001906 0.005719)
(0.003719 0.001906 0.005719)
(0.003781 0.001906 0.005719)
(0.003844 0.001906 0.005719)
(0.003906 0.001906 0.005719)
(0.003969 0.001906 0.005719)
(0.002531 0.001969 0.005719)
(0.002594 0.001969 0.005719)
(0.002656 0.001969 0.005719)
(0.002719 0.001969 0.005719)
(0.002781 0.001969 0.005719)
(0.002844 0.001969 0.005719)
(0.002906 0.001969 0.005719)
(0.002969 0.001969 0.005719)
(0.003031 0.001969 0.005719)
(0.003094 0.001969 0.005719)
(0.003156 0.001969 0.005719)
(0.003219 0.001969 0.005719)
(0.003281 0.001969 0.005719)
(0.003344 0.001969 0.005719)
(0.003406 0.001969 0.005719)
(0.003469 0.001969 0.005719)
(0.003531 0.001969 0.005719)
(0.003594 0.001969 0.005719)
(0.003656 0.001969 0.005719)
(0.003719 0.001969 0.005719)
(0.003781 0.001969 0.005719)
(0.003844 0.001969 0.005719)
(0.003906 0.001969 0.005719)
(0.003969 0.001969 0.005719)
(0.002531 0.002031 0.005719)
(0.002594 0.002031 0.005719)
(0.002656 0.002031 0.005719)
(0.002719 0.002031 0.005719)
(0.002781 0.002031 0.005719)
(0.002844 0.002031 0.005719)
(0.002906 0.002031 0.005719)
(0.002969 0.002031 0.005719)
(0.003031 0.002031 0.005719)
(0.003094 0.002031 0.005719)
(0.003156 0.002031 0.005719)
(0.003219 0.002031 0.005719)
(0.003281 0.002031 0.005719)
(0.003344 0.002031 0.005719)
(0.003406 0.002031 0.005719)
(0.003469 0.002031 0.005719)
(0.003531 0.002031 0.005719)
(0.003594 0.002031 0.005719)
(0.003656 0.002031 0.005719)
(0.003719 0.002031 0.005719)
(0.003781 0.002031 0.005719)
(0.003844 0.002031 0.005719)
(0.003906 0.002031 0.005719)
(0.003969 0.002031 0.005719)
(0.002531 0.002094 0.005719)
(0.002594 0.002094 0.005719)
(0.002656 0.002094 0.005719)
(0.002719 0.002094 0.005719)
(0.002781 0.002094 0.005719)
(0.002844 0.002094 0.005719)
(0.002906 0.002094 0.005719)
(0.002969 0.002094 0.005719)
(0.003031 0.002094 0.005719)
(0.003094 0.002094 0.005719)
(0.003156 0.002094 0.005719)
(0.003219 0.002094 0.005719)
(0.003281 0.002094 0.005719)
(0.003344 0.002094 0.005719)
(0.003406 0.002094 0.005719)
(0.003469 0.002094 0.005719)
(0.003531 0.002094 0.005719)
(0.003594 0.002094 0.005719)
(0.003656 0.002094 0.005719)
(0.003719 0.002094 0.005719)
(0.003781 0.002094 0.005719)
(0.003844 0.002094 0.005719)
(0.003906 0.002094 0.005719)
(0.003969 0.002094 0.005719)
(0.002531 0.002156 0.005719)
(0.002594 0.002156 0.005719)
(0.002656 0.002156 0.005719)
(0.002719 0.002156 0.005719)
(0.002781 0.002156 0.005719)
(0.002844 0.002156 0.005719)
(0.002906 0.002156 0.005719)
(0.002969 0.002156 0.005719)
(0.003031 0.002156 0.005719)
(0.003094 0.002156 0.005719)
(0.003156 0.002156 0.005719)
(0.003219 0.002156 0.005719)
(0.003281 0.002156 0.005719)
(0.003344 0.002156 0.005719)
(0.003406 0.002156 0.005719)
(0.003469 0.002156 0.005719)
(0.003531 0.002156 0.005719)
(0.003594 0.002156 0.005719)
(0.003656 0.002156 0.005719)
(0.003719 0.002156 0.005719)
(0.003781 0.002156 0.005719)
(0.003844 0.002156 0.005719)
(0.003906 0.002156 0.005719)
(0.003969 0.002156 0.005719)
(0.002531 0.002219 0.005719)
(0.002594 0.002219 0.005719)
(0.002656 0.002219 0.005719)
(0.002719 0.002219 0.005719)
(0.002781 0.002219 0.005719)
(0.002844 0.002219 0.005719)
(0.002906 0.002219 0.005719)
(0.002969 0.002219 0.005719)
(0.003031 0.002219 0.005719)
(0.003094 0.002219 0.005719)
(0.003156 0.002219 0.005719)
(0.003219 0.002219 0.005719)
(0.003281 0.002219 0.005719)
(0.003344 0.002219 0.005719)
(0.003406 0.002219 0.005719)
(0.003469 0.002219 0.005719)
(0.003531 0.002219 0.005719)
(0.003594 0.002219 0.005719)
(0.003656 0.002219 0.005719)
(0.003719 0.002219 0.005719)
(0.003781 0.002219 0.005719)
(0.003844 0.002219 0.005719)
(0.003906 0.002219 0.005719)
(0.003969 0.002219 0.005719)
(0.002531 0.002281 0.005719)
(0.002594 0.002281 0.005719)
(0.002656 0.002281 0.005719)
(0.002719 0.002281 0.005719)
(0.002781 0.002281 0.005719)
(0.002844 0.002281 0.005719)
(0.002906 0.002281 0.005719)
(0.002969 0.002281 0.005719)
(0.003031 0.002281 0.005719)
(0.003094 0.002281 0.005719)
(0.003156 0.002281 0.005719)
(0.003219 0.002281 0.005719)
(0.003281 0.002281 0.005719)
(0.003344 0.002281 0.005719)
(0.003406 0.002281 0.005719)
(0.003469 0.002281 0.005719)
(0.003531 0.002281 0.005719)
(0.003594 0.002281 0.005719)
(0.003656 0.002281 0.005719)
(0.003719 0.002281 0.005719)
(0.003781 0.002281 0.005719)
(0.003844 0.002281 0.005719)
(0.003906 0.002281 0.005719)
(0.003969 0.002281 0.005719)
(0.002531 0.002344 0.005719)
(0.002594 0.002344 0.005719)
(0.002656 0.002344 0.005719)
(0.002719 0.002344 0.005719)
(0.002781 0.002344 0.005719)
(0.002844 0.002344 0.005719)
(0.002906 0.002344 0.005719)
(0.002969 0.002344 0.005719)
(0.003031 0.002344 0.005719)
(0.003094 0.002344 0.005719)
(0.003156 0.002344 0.005719)
(0.003219 0.002344 0.005719)
(0.003281 0.002344 0.005719)
(0.003344 0.002344 0.005719)
(0.003406 0.002344 0.005719)
(0.003469 0.002344 0.005719)
(0.003531 0.002344 0.005719)
(0.003594 0.002344 0.005719)
(0.003656 0.002344 0.005719)
(0.003719 0.002344 0.005719)
(0.003781 0.002344 0.005719)
(0.003844 0.002344 0.005719)
(0.003906 0.002344 0.005719)
(0.003969 0.002344 0.005719)
(0.002531 0.001281 0.005781)
(0.002594 0.001281 0.005781)
(0.002656 0.001281 0.005781)
(0.002719 0.001281 0.005781)
(0.002781 0.001281 0.005781)
(0.002844 0.001281 0.005781)
(0.002906 0.001281 0.005781)
(0.002969 0.001281 0.005781)
(0.003031 0.001281 0.005781)
(0.003094 0.001281 0.005781)
(0.003156 0.001281 0.005781)
(0.003219 0.001281 0.005781)
(0.003281 0.001281 0.005781)
(0.003344 0.001281 0.005781)
(0.003406 0.001281 0.005781)
(0.003469 0.001281 0.005781)
(0.003531 0.001281 0.005781)
(0.003594 0.001281 0.005781)
(0.003656 0.001281 0.005781)
(0.003719 0.001281 0.005781)
(0.003781 0.001281 0.005781)
(0.003844 0.001281 0.005781)
(0.003906 0.001281 0.005781)
(0.003969 0.001281 0.005781)
(0.002531 0.001344 0.005781)
(0.002594 0.001344 0.005781)
(0.002656 0.001344 0.005781)
(0.002719 0.001344 0.005781)
(0.002781 0.001344 0.005781)
(0.002844 0.001344 0.005781)
(0.002906 0.001344 0.005781)
(0.002969 0.001344 0.005781)
(0.003031 0.001344 0.005781)
(0.003094 0.001344 0.005781)
(0.003156 0.001344 0.005781)
(0.003219 0.001344 0.005781)
(0.003281 0.001344 0.005781)
(0.003344 0.001344 0.005781)
(0.003406 0.001344 0.005781)
(0.003469 0.001344 0.005781)
(0.003531 0.001344 0.005781)
(0.003594 0.001344 0.005781)
(0.003656 0.001344 0.005781)
(0.003719 0.001344 0.005781)
(0.003781 0.001344 0.005781)
(0.003844 0.001344 0.005781)
(0.003906 0.001344 0.005781)
(0.003969 0.001344 0.005781)
(0.002531 0.001406 0.005781)
(0.002594 0.001406 0.005781)
(0.002656 0.001406 0.005781)
(0.002719 0.001406 0.005781)
(0.002781 0.001406 0.005781)
(0.002844 0.001406 0.005781)
(0.002906 0.001406 0.005781)
(0.002969 0.001406 0.005781)
(0.003031 0.001406 0.005781)
(0.003094 0.001406 0.005781)
(0.003156 0.001406 0.005781)
(0.003219 0.001406 0.005781)
(0.003281 0.001406 0.005781)
(0.003344 0.001406 0.005781)
(0.003406 0.001406 0.005781)
(0.003469 0.001406 0.005781)
(0.003531 0.001406 0.005781)
(0.003594 0.001406 0.005781)
(0.003656 0.001406 0.005781)
(0.003719 0.001406 0.005781)
(0.003781 0.001406 0.005781)
(0.003844 0.001406 0.005781)
(0.003906 0.001406 0.005781)
(0.003969 0.001406 0.005781)
(0.002531 0.001469 0.005781)
(0.002594 0.001469 0.005781)
(0.002656 0.001469 0.005781)
(0.002719 0.001469 0.005781)
(0.002781 0.001469 0.005781)
(0.002844 0.001469 0.005781)
(0.002906 0.001469 0.005781)
(0.002969 0.001469 0.005781)
(0.003031 0.001469 0.005781)
(0.003094 0.001469 0.005781)
(0.003156 0.001469 0.005781)
(0.003219 0.001469 0.005781)
(0.003281 0.001469 0.005781)
(0.003344 0.001469 0.005781)
(0.003406 0.001469 0.005781)
(0.003469 0.001469 0.005781)
(0.003531 0.001469 0.005781)
(0.003594 0.001469 0.005781)
(0.003656 0.001469 0.005781)
(0.003719 0.001469 0.005781)
(0.003781 0.001469 0.005781)
(0.003844 0.001469 0.005781)
(0.003906 0.001469 0.005781)
(0.003969 0.001469 0.005781)
(0.002531 0.001531 0.005781)
(0.002594 0.001531 0.005781)
(0.002656 0.001531 0.005781)
(0.002719 0.001531 0.005781)
(0.002781 0.001531 0.005781)
(0.002844 0.001531 0.005781)
(0.002906 0.001531 0.005781)
(0.002969 0.001531 0.005781)
(0.003031 0.001531 0.005781)
(0.003094 0.001531 0.005781)
(0.003156 0.001531 0.005781)
(0.003219 0.001531 0.005781)
(0.003281 0.001531 0.005781)
(0.003344 0.001531 0.005781)
(0.003406 0.001531 0.005781)
(0.003469 0.001531 0.005781)
(0.003531 0.001531 0.005781)
(0.003594 0.001531 0.005781)
(0.003656 0.001531 0.005781)
(0.003719 0.001531 0.005781)
(0.003781 0.001531 0.005781)
(0.003844 0.001531 0.005781)
(0.003906 0.001531 0.005781)
(0.003969 0.001531 0.005781)
(0.002531 0.001594 0.005781)
(0.002594 0.001594 0.005781)
(0.002656 0.001594 0.005781)
(0.002719 0.001594 0.005781)
(0.002781 0.001594 0.005781)
(0.002844 0.001594 0.005781)
(0.002906 0.001594 0.005781)
(0.002969 0.001594 0.005781)
(0.003031 0.001594 0.005781)
(0.003094 0.001594 0.005781)
(0.003156 0.001594 0.005781)
(0.003219 0.001594 0.005781)
(0.003281 0.001594 0.005781)
(0.003344 0.001594 0.005781)
(0.003406 0.001594 0.005781)
(0.003469 0.001594 0.005781)
(0.003531 0.001594 0.005781)
(0.003594 0.001594 0.005781)
(0.003656 0.001594 0.005781)
(0.003719 0.001594 0.005781)
(0.003781 0.001594 0.005781)
(0.003844 0.001594 0.005781)
(0.003906 0.001594 0.005781)
(0.003969 0.001594 0.005781)
(0.002531 0.001656 0.005781)
(0.002594 0.001656 0.005781)
(0.002656 0.001656 0.005781)
(0.002719 0.001656 0.005781)
(0.002781 0.001656 0.005781)
(0.002844 0.001656 0.005781)
(0.002906 0.001656 0.005781)
(0.002969 0.001656 0.005781)
(0.003031 0.001656 0.005781)
(0.003094 0.001656 0.005781)
(0.003156 0.001656 0.005781)
(0.003219 0.001656 0.005781)
(0.003281 0.001656 0.005781)
(0.003344 0.001656 0.005781)
(0.003406 0.001656 0.005781)
(0.003469 0.001656 0.005781)
(0.003531 0.001656 0.005781)
(0.003594 0.001656 0.005781)
(0.003656 0.001656 0.005781)
(0.003719 0.001656 0.005781)
(0.003781 0.001656 0.005781)
(0.003844 0.001656 0.005781)
(0.003906 0.001656 0.005781)
(0.003969 0.001656 0.005781)
(0.002531 0.001719 0.005781)
(0.002594 0.001719 0.005781)
(0.002656 0.001719 0.005781)
(0.002719 0.001719 0.005781)
(0.002781 0.001719 0.005781)
(0.002844 0.001719 0.005781)
(0.002906 0.001719 0.005781)
(0.002969 0.001719 0.005781)
(0.003031 0.001719 0.005781)
(0.003094 0.001719 0.005781)
(0.003156 0.001719 0.005781)
(0.003219 0.001719 0.005781)
(0.003281 0.001719 0.005781)
(0.003344 0.001719 0.005781)
(0.003406 0.001719 0.005781)
(0.003469 0.001719 0.005781)
(0.003531 0.001719 0.005781)
(0.003594 0.001719 0.005781)
(0.003656 0.001719 0.005781)
(0.003719 0.001719 0.005781)
(0.003781 0.001719 0.005781)
(0.003844 0.001719 0.005781)
(0.003906 0.001719 0.005781)
(0.003969 0.001719 0.005781)
(0.002531 0.001781 0.005781)
(0.002594 0.001781 0.005781)
(0.002656 0.001781 0.005781)
(0.002719 0.001781 0.005781)
(0.002781 0.001781 0.005781)
(0.002844 0.001781 0.005781)
(0.002906 0.001781 0.005781)
(0.002969 0.001781 0.005781)
(0.003031 0.001781 0.005781)
(0.003094 0.001781 0.005781)
(0.003156 0.001781 0.005781)
(0.003219 0.001781 0.005781)
(0.003281 0.001781 0.005781)
(0.003344 0.001781 0.005781)
(0.003406 0.001781 0.005781)
(0.003469 0.001781 0.005781)
(0.003531 0.001781 0.005781)
(0.003594 0.001781 0.005781)
(0.003656 0.001781 0.005781)
(0.003719 0.001781 0.005781)
(0.003781 0.001781 0.005781)
(0.003844 0.001781 0.005781)
(0.003906 0.001781 0.005781)
(0.003969 0.001781 0.005781)
(0.002531 0.001844 0.005781)
(0.002594 0.001844 0.005781)
(0.002656 0.001844 0.005781)
(0.002719 0.001844 0.005781)
(0.002781 0.001844 0.005781)
(0.002844 0.001844 0.005781)
(0.002906 0.001844 0.005781)
(0.002969 0.001844 0.005781)
(0.003031 0.001844 0.005781)
(0.003094 0.001844 0.005781)
(0.003156 0.001844 0.005781)
(0.003219 0.001844 0.005781)
(0.003281 0.001844 0.005781)
(0.003344 0.001844 0.005781)
(0.003406 0.001844 0.005781)
(0.003469 0.001844 0.005781)
(0.003531 0.001844 0.005781)
(0.003594 0.001844 0.005781)
(0.003656 0.001844 0.005781)
(0.003719 0.001844 0.005781)
(0.003781 0.001844 0.005781)
(0.003844 0.001844 0.005781)
(0.003906 0.001844 0.005781)
(0.003969 0.001844 0.005781)
(0.002531 0.001906 0.005781)
(0.002594 0.001906 0.005781)
(0.002656 0.001906 0.005781)
(0.002719 0.001906 0.005781)
(0.002781 0.001906 0.005781)
(0.002844 0.001906 0.005781)
(0.002906 0.001906 0.005781)
(0.002969 0.001906 0.005781)
(0.003031 0.001906 0.005781)
(0.003094 0.001906 0.005781)
(0.003156 0.001906 0.005781)
(0.003219 0.001906 0.005781)
(0.003281 0.001906 0.005781)
(0.003344 0.001906 0.005781)
(0.003406 0.001906 0.005781)
(0.003469 0.001906 0.005781)
(0.003531 0.001906 0.005781)
(0.003594 0.001906 0.005781)
(0.003656 0.001906 0.005781)
(0.003719 0.001906 0.005781)
(0.003781 0.001906 0.005781)
(0.003844 0.001906 0.005781)
(0.003906 0.001906 0.005781)
(0.003969 0.001906 0.005781)
(0.002531 0.001969 0.005781)
(0.002594 0.001969 0.005781)
(0.002656 0.001969 0.005781)
(0.002719 0.001969 0.005781)
(0.002781 0.001969 0.005781)
(0.002844 0.001969 0.005781)
(0.002906 0.001969 0.005781)
(0.002969 0.001969 0.005781)
(0.003031 0.001969 0.005781)
(0.003094 0.001969 0.005781)
(0.003156 0.001969 0.005781)
(0.003219 0.001969 0.005781)
(0.003281 0.001969 0.005781)
(0.003344 0.001969 0.005781)
(0.003406 0.001969 0.005781)
(0.003469 0.001969 0.005781)
(0.003531 0.001969 0.005781)
(0.003594 0.001969 0.005781)
(0.003656 0.001969 0.005781)
(0.003719 0.001969 0.005781)
(0.003781 0.001969 0.005781)
(0.003844 0.001969 0.005781)
(0.003906 0.001969 0.005781)
(0.003969 0.001969 0.005781)
(0.002531 0.002031 0.005781)
(0.002594 0.002031 0.005781)
(0.002656 0.002031 0.005781)
(0.002719 0.002031 0.005781)
(0.002781 0.002031 0.005781)
(0.002844 0.002031 0.005781)
(0.002906 0.002031 0.005781)
(0.002969 0.002031 0.005781)
(0.003031 0.002031 0.005781)
(0.003094 0.002031 0.005781)
(0.003156 0.002031 0.005781)
(0.003219 0.002031 0.005781)
(0.003281 0.002031 0.005781)
(0.003344 0.002031 0.005781)
(0.003406 0.002031 0.005781)
(0.003469 0.002031 0.005781)
(0.003531 0.002031 0.005781)
(0.003594 0.002031 0.005781)
(0.003656 0.002031 0.005781)
(0.003719 0.002031 0.005781)
(0.003781 0.002031 0.005781)
(0.003844 0.002031 0.005781)
(0.003906 0.002031 0.005781)
(0.003969 0.002031 0.005781)
(0.002531 0.002094 0.005781)
(0.002594 0.002094 0.005781)
(0.002656 0.002094 0.005781)
(0.002719 0.002094 0.005781)
(0.002781 0.002094 0.005781)
(0.002844 0.002094 0.005781)
(0.002906 0.002094 0.005781)
(0.002969 0.002094 0.005781)
(0.003031 0.002094 0.005781)
(0.003094 0.002094 0.005781)
(0.003156 0.002094 0.005781)
(0.003219 0.002094 0.005781)
(0.003281 0.002094 0.005781)
(0.003344 0.002094 0.005781)
(0.003406 0.002094 0.005781)
(0.003469 0.002094 0.005781)
(0.003531 0.002094 0.005781)
(0.003594 0.002094 0.005781)
(0.003656 0.002094 0.005781)
(0.003719 0.002094 0.005781)
(0.003781 0.002094 0.005781)
(0.003844 0.002094 0.005781)
(0.003906 0.002094 0.005781)
(0.003969 0.002094 0.005781)
(0.002531 0.002156 0.005781)
(0.002594 0.002156 0.005781)
(0.002656 0.002156 0.005781)
(0.002719 0.002156 0.005781)
(0.002781 0.002156 0.005781)
(0.002844 0.002156 0.005781)
(0.002906 0.002156 0.005781)
(0.002969 0.002156 0.005781)
(0.003031 0.002156 0.005781)
(0.003094 0.002156 0.005781)
(0.003156 0.002156 0.005781)
(0.003219 0.002156 0.005781)
(0.003281 0.002156 0.005781)
(0.003344 0.002156 0.005781)
(0.003406 0.002156 0.005781)
(0.003469 0.002156 0.005781)
(0.003531 0.002156 0.005781)
(0.003594 0.002156 0.005781)
(0.003656 0.002156 0.005781)
(0.003719 0.002156 0.005781)
(0.003781 0.002156 0.005781)
(0.003844 0.002156 0.005781)
(0.003906 0.002156 0.005781)
(0.003969 0.002156 0.005781)
(0.002531 0.002219 0.005781)
(0.002594 0.002219 0.005781)
(0.002656 0.002219 0.005781)
(0.002719 0.002219 0.005781)
(0.002781 0.002219 0.005781)
(0.002844 0.002219 0.005781)
(0.002906 0.002219 0.005781)
(0.002969 0.002219 0.005781)
(0.003031 0.002219 0.005781)
(0.003094 0.002219 0.005781)
(0.003156 0.002219 0.005781)
(0.003219 0.002219 0.005781)
(0.003281 0.002219 0.005781)
(0.003344 0.002219 0.005781)
(0.003406 0.002219 0.005781)
(0.003469 0.002219 0.005781)
(0.003531 0.002219 0.005781)
(0.003594 0.002219 0.005781)
(0.003656 0.002219 0.005781)
(0.003719 0.002219 0.005781)
(0.003781 0.002219 0.005781)
(0.003844 0.002219 0.005781)
(0.003906 0.002219 0.005781)
(0.003969 0.002219 0.005781)
(0.002531 0.002281 0.005781)
(0.002594 0.002281 0.005781)
(0.002656 0.002281 0.005781)
(0.002719 0.002281 0.005781)
(0.002781 0.002281 0.005781)
(0.002844 0.002281 0.005781)
(0.002906 0.002281 0.005781)
(0.002969 0.002281 0.005781)
(0.003031 0.002281 0.005781)
(0.003094 0.002281 0.005781)
(0.003156 0.002281 0.005781)
(0.003219 0.002281 0.005781)
(0.003281 0.002281 0.005781)
(0.003344 0.002281 0.005781)
(0.003406 0.002281 0.005781)
(0.003469 0.002281 0.005781)
(0.003531 0.002281 0.005781)
(0.003594 0.002281 0.005781)
(0.003656 0.002281 0.005781)
(0.003719 0.002281 0.005781)
(0.003781 0.002281 0.005781)
(0.003844 0.002281 0.005781)
(0.003906 0.002281 0.005781)
(0.003969 0.002281 0.005781)
(0.002531 0.002344 0.005781)
(0.002594 0.002344 0.005781)
(0.002656 0.002344 0.005781)
(0.002719 0.002344 0.005781)
(0.002781 0.002344 0.005781)
(0.002844 0.002344 0.005781)
(0.002906 0.002344 0.005781)
(0.002969 0.002344 0.005781)
(0.003031 0.002344 0.005781)
(0.003094 0.002344 0.005781)
(0.003156 0.002344 0.005781)
(0.003219 0.002344 0.005781)
(0.003281 0.002344 0.005781)
(0.003344 0.002344 0.005781)
(0.003406 0.002344 0.005781)
(0.003469 0.002344 0.005781)
(0.003531 0.002344 0.005781)
(0.003594 0.002344 0.005781)
(0.003656 0.002344 0.005781)
(0.003719 0.002344 0.005781)
(0.003781 0.002344 0.005781)
(0.003844 0.002344 0.005781)
(0.003906 0.002344 0.005781)
(0.003969 0.002344 0.005781)
(0.002531 0.001281 0.005844)
(0.002594 0.001281 0.005844)
(0.002656 0.001281 0.005844)
(0.002719 0.001281 0.005844)
(0.002781 0.001281 0.005844)
(0.002844 0.001281 0.005844)
(0.002906 0.001281 0.005844)
(0.002969 0.001281 0.005844)
(0.003031 0.001281 0.005844)
(0.003094 0.001281 0.005844)
(0.003156 0.001281 0.005844)
(0.003219 0.001281 0.005844)
(0.003281 0.001281 0.005844)
(0.003344 0.001281 0.005844)
(0.003406 0.001281 0.005844)
(0.003469 0.001281 0.005844)
(0.003531 0.001281 0.005844)
(0.003594 0.001281 0.005844)
(0.003656 0.001281 0.005844)
(0.003719 0.001281 0.005844)
(0.003781 0.001281 0.005844)
(0.003844 0.001281 0.005844)
(0.003906 0.001281 0.005844)
(0.003969 0.001281 0.005844)
(0.002531 0.001344 0.005844)
(0.002594 0.001344 0.005844)
(0.002656 0.001344 0.005844)
(0.002719 0.001344 0.005844)
(0.002781 0.001344 0.005844)
(0.002844 0.001344 0.005844)
(0.002906 0.001344 0.005844)
(0.002969 0.001344 0.005844)
(0.003031 0.001344 0.005844)
(0.003094 0.001344 0.005844)
(0.003156 0.001344 0.005844)
(0.003219 0.001344 0.005844)
(0.003281 0.001344 0.005844)
(0.003344 0.001344 0.005844)
(0.003406 0.001344 0.005844)
(0.003469 0.001344 0.005844)
(0.003531 0.001344 0.005844)
(0.003594 0.001344 0.005844)
(0.003656 0.001344 0.005844)
(0.003719 0.001344 0.005844)
(0.003781 0.001344 0.005844)
(0.003844 0.001344 0.005844)
(0.003906 0.001344 0.005844)
(0.003969 0.001344 0.005844)
(0.002531 0.001406 0.005844)
(0.002594 0.001406 0.005844)
(0.002656 0.001406 0.005844)
(0.002719 0.001406 0.005844)
(0.002781 0.001406 0.005844)
(0.002844 0.001406 0.005844)
(0.002906 0.001406 0.005844)
(0.002969 0.001406 0.005844)
(0.003031 0.001406 0.005844)
(0.003094 0.001406 0.005844)
(0.003156 0.001406 0.005844)
(0.003219 0.001406 0.005844)
(0.003281 0.001406 0.005844)
(0.003344 0.001406 0.005844)
(0.003406 0.001406 0.005844)
(0.003469 0.001406 0.005844)
(0.003531 0.001406 0.005844)
(0.003594 0.001406 0.005844)
(0.003656 0.001406 0.005844)
(0.003719 0.001406 0.005844)
(0.003781 0.001406 0.005844)
(0.003844 0.001406 0.005844)
(0.003906 0.001406 0.005844)
(0.003969 0.001406 0.005844)
(0.002531 0.001469 0.005844)
(0.002594 0.001469 0.005844)
(0.002656 0.001469 0.005844)
(0.002719 0.001469 0.005844)
(0.002781 0.001469 0.005844)
(0.002844 0.001469 0.005844)
(0.002906 0.001469 0.005844)
(0.002969 0.001469 0.005844)
(0.003031 0.001469 0.005844)
(0.003094 0.001469 0.005844)
(0.003156 0.001469 0.005844)
(0.003219 0.001469 0.005844)
(0.003281 0.001469 0.005844)
(0.003344 0.001469 0.005844)
(0.003406 0.001469 0.005844)
(0.003469 0.001469 0.005844)
(0.003531 0.001469 0.005844)
(0.003594 0.001469 0.005844)
(0.003656 0.001469 0.005844)
(0.003719 0.001469 0.005844)
(0.003781 0.001469 0.005844)
(0.003844 0.001469 0.005844)
(0.003906 0.001469 0.005844)
(0.003969 0.001469 0.005844)
(0.002531 0.001531 0.005844)
(0.002594 0.001531 0.005844)
(0.002656 0.001531 0.005844)
(0.002719 0.001531 0.005844)
(0.002781 0.001531 0.005844)
(0.002844 0.001531 0.005844)
(0.002906 0.001531 0.005844)
(0.002969 0.001531 0.005844)
(0.003031 0.001531 0.005844)
(0.003094 0.001531 0.005844)
(0.003156 0.001531 0.005844)
(0.003219 0.001531 0.005844)
(0.003281 0.001531 0.005844)
(0.003344 0.001531 0.005844)
(0.003406 0.001531 0.005844)
(0.003469 0.001531 0.005844)
(0.003531 0.001531 0.005844)
(0.003594 0.001531 0.005844)
(0.003656 0.001531 0.005844)
(0.003719 0.001531 0.005844)
(0.003781 0.001531 0.005844)
(0.003844 0.001531 0.005844)
(0.003906 0.001531 0.005844)
(0.003969 0.001531 0.005844)
(0.002531 0.001594 0.005844)
(0.002594 0.001594 0.005844)
(0.002656 0.001594 0.005844)
(0.002719 0.001594 0.005844)
(0.002781 0.001594 0.005844)
(0.002844 0.001594 0.005844)
(0.002906 0.001594 0.005844)
(0.002969 0.001594 0.005844)
(0.003031 0.001594 0.005844)
(0.003094 0.001594 0.005844)
(0.003156 0.001594 0.005844)
(0.003219 0.001594 0.005844)
(0.003281 0.001594 0.005844)
(0.003344 0.001594 0.005844)
(0.003406 0.001594 0.005844)
(0.003469 0.001594 0.005844)
(0.003531 0.001594 0.005844)
(0.003594 0.001594 0.005844)
(0.003656 0.001594 0.005844)
(0.003719 0.001594 0.005844)
(0.003781 0.001594 0.005844)
(0.003844 0.001594 0.005844)
(0.003906 0.001594 0.005844)
(0.003969 0.001594 0.005844)
(0.002531 0.001656 0.005844)
(0.002594 0.001656 0.005844)
(0.002656 0.001656 0.005844)
(0.002719 0.001656 0.005844)
(0.002781 0.001656 0.005844)
(0.002844 0.001656 0.005844)
(0.002906 0.001656 0.005844)
(0.002969 0.001656 0.005844)
(0.003031 0.001656 0.005844)
(0.003094 0.001656 0.005844)
(0.003156 0.001656 0.005844)
(0.003219 0.001656 0.005844)
(0.003281 0.001656 0.005844)
(0.003344 0.001656 0.005844)
(0.003406 0.001656 0.005844)
(0.003469 0.001656 0.005844)
(0.003531 0.001656 0.005844)
(0.003594 0.001656 0.005844)
(0.003656 0.001656 0.005844)
(0.003719 0.001656 0.005844)
(0.003781 0.001656 0.005844)
(0.003844 0.001656 0.005844)
(0.003906 0.001656 0.005844)
(0.003969 0.001656 0.005844)
(0.002531 0.001719 0.005844)
(0.002594 0.001719 0.005844)
(0.002656 0.001719 0.005844)
(0.002719 0.001719 0.005844)
(0.002781 0.001719 0.005844)
(0.002844 0.001719 0.005844)
(0.002906 0.001719 0.005844)
(0.002969 0.001719 0.005844)
(0.003031 0.001719 0.005844)
(0.003094 0.001719 0.005844)
(0.003156 0.001719 0.005844)
(0.003219 0.001719 0.005844)
(0.003281 0.001719 0.005844)
(0.003344 0.001719 0.005844)
(0.003406 0.001719 0.005844)
(0.003469 0.001719 0.005844)
(0.003531 0.001719 0.005844)
(0.003594 0.001719 0.005844)
(0.003656 0.001719 0.005844)
(0.003719 0.001719 0.005844)
(0.003781 0.001719 0.005844)
(0.003844 0.001719 0.005844)
(0.003906 0.001719 0.005844)
(0.003969 0.001719 0.005844)
(0.002531 0.001781 0.005844)
(0.002594 0.001781 0.005844)
(0.002656 0.001781 0.005844)
(0.002719 0.001781 0.005844)
(0.002781 0.001781 0.005844)
(0.002844 0.001781 0.005844)
(0.002906 0.001781 0.005844)
(0.002969 0.001781 0.005844)
(0.003031 0.001781 0.005844)
(0.003094 0.001781 0.005844)
(0.003156 0.001781 0.005844)
(0.003219 0.001781 0.005844)
(0.003281 0.001781 0.005844)
(0.003344 0.001781 0.005844)
(0.003406 0.001781 0.005844)
(0.003469 0.001781 0.005844)
(0.003531 0.001781 0.005844)
(0.003594 0.001781 0.005844)
(0.003656 0.001781 0.005844)
(0.003719 0.001781 0.005844)
(0.003781 0.001781 0.005844)
(0.003844 0.001781 0.005844)
(0.003906 0.001781 0.005844)
(0.003969 0.001781 0.005844)
(0.002531 0.001844 0.005844)
(0.002594 0.001844 0.005844)
(0.002656 0.001844 0.005844)
(0.002719 0.001844 0.005844)
(0.002781 0.001844 0.005844)
(0.002844 0.001844 0.005844)
(0.002906 0.001844 0.005844)
(0.002969 0.001844 0.005844)
(0.003031 0.001844 0.005844)
(0.003094 0.001844 0.005844)
(0.003156 0.001844 0.005844)
(0.003219 0.001844 0.005844)
(0.003281 0.001844 0.005844)
(0.003344 0.001844 0.005844)
(0.003406 0.001844 0.005844)
(0.003469 0.001844 0.005844)
(0.003531 0.001844 0.005844)
(0.003594 0.001844 0.005844)
(0.003656 0.001844 0.005844)
(0.003719 0.001844 0.005844)
(0.003781 0.001844 0.005844)
(0.003844 0.001844 0.005844)
(0.003906 0.001844 0.005844)
(0.003969 0.001844 0.005844)
(0.002531 0.001906 0.005844)
(0.002594 0.001906 0.005844)
(0.002656 0.001906 0.005844)
(0.002719 0.001906 0.005844)
(0.002781 0.001906 0.005844)
(0.002844 0.001906 0.005844)
(0.002906 0.001906 0.005844)
(0.002969 0.001906 0.005844)
(0.003031 0.001906 0.005844)
(0.003094 0.001906 0.005844)
(0.003156 0.001906 0.005844)
(0.003219 0.001906 0.005844)
(0.003281 0.001906 0.005844)
(0.003344 0.001906 0.005844)
(0.003406 0.001906 0.005844)
(0.003469 0.001906 0.005844)
(0.003531 0.001906 0.005844)
(0.003594 0.001906 0.005844)
(0.003656 0.001906 0.005844)
(0.003719 0.001906 0.005844)
(0.003781 0.001906 0.005844)
(0.003844 0.001906 0.005844)
(0.003906 0.001906 0.005844)
(0.003969 0.001906 0.005844)
(0.002531 0.001969 0.005844)
(0.002594 0.001969 0.005844)
(0.002656 0.001969 0.005844)
(0.002719 0.001969 0.005844)
(0.002781 0.001969 0.005844)
(0.002844 0.001969 0.005844)
(0.002906 0.001969 0.005844)
(0.002969 0.001969 0.005844)
(0.003031 0.001969 0.005844)
(0.003094 0.001969 0.005844)
(0.003156 0.001969 0.005844)
(0.003219 0.001969 0.005844)
(0.003281 0.001969 0.005844)
(0.003344 0.001969 0.005844)
(0.003406 0.001969 0.005844)
(0.003469 0.001969 0.005844)
(0.003531 0.001969 0.005844)
(0.003594 0.001969 0.005844)
(0.003656 0.001969 0.005844)
(0.003719 0.001969 0.005844)
(0.003781 0.001969 0.005844)
(0.003844 0.001969 0.005844)
(0.003906 0.001969 0.005844)
(0.003969 0.001969 0.005844)
(0.002531 0.002031 0.005844)
(0.002594 0.002031 0.005844)
(0.002656 0.002031 0.005844)
(0.002719 0.002031 0.005844)
(0.002781 0.002031 0.005844)
(0.002844 0.002031 0.005844)
(0.002906 0.002031 0.005844)
(0.002969 0.002031 0.005844)
(0.003031 0.002031 0.005844)
(0.003094 0.002031 0.005844)
(0.003156 0.002031 0.005844)
(0.003219 0.002031 0.005844)
(0.003281 0.002031 0.005844)
(0.003344 0.002031 0.005844)
(0.003406 0.002031 0.005844)
(0.003469 0.002031 0.005844)
(0.003531 0.002031 0.005844)
(0.003594 0.002031 0.005844)
(0.003656 0.002031 0.005844)
(0.003719 0.002031 0.005844)
(0.003781 0.002031 0.005844)
(0.003844 0.002031 0.005844)
(0.003906 0.002031 0.005844)
(0.003969 0.002031 0.005844)
(0.002531 0.002094 0.005844)
(0.002594 0.002094 0.005844)
(0.002656 0.002094 0.005844)
(0.002719 0.002094 0.005844)
(0.002781 0.002094 0.005844)
(0.002844 0.002094 0.005844)
(0.002906 0.002094 0.005844)
(0.002969 0.002094 0.005844)
(0.003031 0.002094 0.005844)
(0.003094 0.002094 0.005844)
(0.003156 0.002094 0.005844)
(0.003219 0.002094 0.005844)
(0.003281 0.002094 0.005844)
(0.003344 0.002094 0.005844)
(0.003406 0.002094 0.005844)
(0.003469 0.002094 0.005844)
(0.003531 0.002094 0.005844)
(0.003594 0.002094 0.005844)
(0.003656 0.002094 0.005844)
(0.003719 0.002094 0.005844)
(0.003781 0.002094 0.005844)
(0.003844 0.002094 0.005844)
(0.003906 0.002094 0.005844)
(0.003969 0.002094 0.005844)
(0.002531 0.002156 0.005844)
(0.002594 0.002156 0.005844)
(0.002656 0.002156 0.005844)
(0.002719 0.002156 0.005844)
(0.002781 0.002156 0.005844)
(0.002844 0.002156 0.005844)
(0.002906 0.002156 0.005844)
(0.002969 0.002156 0.005844)
(0.003031 0.002156 0.005844)
(0.003094 0.002156 0.005844)
(0.003156 0.002156 0.005844)
(0.003219 0.002156 0.005844)
(0.003281 0.002156 0.005844)
(0.003344 0.002156 0.005844)
(0.003406 0.002156 0.005844)
(0.003469 0.002156 0.005844)
(0.003531 0.002156 0.005844)
(0.003594 0.002156 0.005844)
(0.003656 0.002156 0.005844)
(0.003719 0.002156 0.005844)
(0.003781 0.002156 0.005844)
(0.003844 0.002156 0.005844)
(0.003906 0.002156 0.005844)
(0.003969 0.002156 0.005844)
(0.002531 0.002219 0.005844)
(0.002594 0.002219 0.005844)
(0.002656 0.002219 0.005844)
(0.002719 0.002219 0.005844)
(0.002781 0.002219 0.005844)
(0.002844 0.002219 0.005844)
(0.002906 0.002219 0.005844)
(0.002969 0.002219 0.005844)
(0.003031 0.002219 0.005844)
(0.003094 0.002219 0.005844)
(0.003156 0.002219 0.005844)
(0.003219 0.002219 0.005844)
(0.003281 0.002219 0.005844)
(0.003344 0.002219 0.005844)
(0.003406 0.002219 0.005844)
(0.003469 0.002219 0.005844)
(0.003531 0.002219 0.005844)
(0.003594 0.002219 0.005844)
(0.003656 0.002219 0.005844)
(0.003719 0.002219 0.005844)
(0.003781 0.002219 0.005844)
(0.003844 0.002219 0.005844)
(0.003906 0.002219 0.005844)
(0.003969 0.002219 0.005844)
(0.002531 0.002281 0.005844)
(0.002594 0.002281 0.005844)
(0.002656 0.002281 0.005844)
(0.002719 0.002281 0.005844)
(0.002781 0.002281 0.005844)
(0.002844 0.002281 0.005844)
(0.002906 0.002281 0.005844)
(0.002969 0.002281 0.005844)
(0.003031 0.002281 0.005844)
(0.003094 0.002281 0.005844)
(0.003156 0.002281 0.005844)
(0.003219 0.002281 0.005844)
(0.003281 0.002281 0.005844)
(0.003344 0.002281 0.005844)
(0.003406 0.002281 0.005844)
(0.003469 0.002281 0.005844)
(0.003531 0.002281 0.005844)
(0.003594 0.002281 0.005844)
(0.003656 0.002281 0.005844)
(0.003719 0.002281 0.005844)
(0.003781 0.002281 0.005844)
(0.003844 0.002281 0.005844)
(0.003906 0.002281 0.005844)
(0.003969 0.002281 0.005844)
(0.002531 0.002344 0.005844)
(0.002594 0.002344 0.005844)
(0.002656 0.002344 0.005844)
(0.002719 0.002344 0.005844)
(0.002781 0.002344 0.005844)
(0.002844 0.002344 0.005844)
(0.002906 0.002344 0.005844)
(0.002969 0.002344 0.005844)
(0.003031 0.002344 0.005844)
(0.003094 0.002344 0.005844)
(0.003156 0.002344 0.005844)
(0.003219 0.002344 0.005844)
(0.003281 0.002344 0.005844)
(0.003344 0.002344 0.005844)
(0.003406 0.002344 0.005844)
(0.003469 0.002344 0.005844)
(0.003531 0.002344 0.005844)
(0.003594 0.002344 0.005844)
(0.003656 0.002344 0.005844)
(0.003719 0.002344 0.005844)
(0.003781 0.002344 0.005844)
(0.003844 0.002344 0.005844)
(0.003906 0.002344 0.005844)
(0.003969 0.002344 0.005844)
(0.002531 0.001281 0.005906)
(0.002594 0.001281 0.005906)
(0.002656 0.001281 0.005906)
(0.002719 0.001281 0.005906)
(0.002781 0.001281 0.005906)
(0.002844 0.001281 0.005906)
(0.002906 0.001281 0.005906)
(0.002969 0.001281 0.005906)
(0.003031 0.001281 0.005906)
(0.003094 0.001281 0.005906)
(0.003156 0.001281 0.005906)
(0.003219 0.001281 0.005906)
(0.003281 0.001281 0.005906)
(0.003344 0.001281 0.005906)
(0.003406 0.001281 0.005906)
(0.003469 0.001281 0.005906)
(0.003531 0.001281 0.005906)
(0.003594 0.001281 0.005906)
(0.003656 0.001281 0.005906)
(0.003719 0.001281 0.005906)
(0.003781 0.001281 0.005906)
(0.003844 0.001281 0.005906)
(0.003906 0.001281 0.005906)
(0.003969 0.001281 0.005906)
(0.002531 0.001344 0.005906)
(0.002594 0.001344 0.005906)
(0.002656 0.001344 0.005906)
(0.002719 0.001344 0.005906)
(0.002781 0.001344 0.005906)
(0.002844 0.001344 0.005906)
(0.002906 0.001344 0.005906)
(0.002969 0.001344 0.005906)
(0.003031 0.001344 0.005906)
(0.003094 0.001344 0.005906)
(0.003156 0.001344 0.005906)
(0.003219 0.001344 0.005906)
(0.003281 0.001344 0.005906)
(0.003344 0.001344 0.005906)
(0.003406 0.001344 0.005906)
(0.003469 0.001344 0.005906)
(0.003531 0.001344 0.005906)
(0.003594 0.001344 0.005906)
(0.003656 0.001344 0.005906)
(0.003719 0.001344 0.005906)
(0.003781 0.001344 0.005906)
(0.003844 0.001344 0.005906)
(0.003906 0.001344 0.005906)
(0.003969 0.001344 0.005906)
(0.002531 0.001406 0.005906)
(0.002594 0.001406 0.005906)
(0.002656 0.001406 0.005906)
(0.002719 0.001406 0.005906)
(0.002781 0.001406 0.005906)
(0.002844 0.001406 0.005906)
(0.002906 0.001406 0.005906)
(0.002969 0.001406 0.005906)
(0.003031 0.001406 0.005906)
(0.003094 0.001406 0.005906)
(0.003156 0.001406 0.005906)
(0.003219 0.001406 0.005906)
(0.003281 0.001406 0.005906)
(0.003344 0.001406 0.005906)
(0.003406 0.001406 0.005906)
(0.003469 0.001406 0.005906)
(0.003531 0.001406 0.005906)
(0.003594 0.001406 0.005906)
(0.003656 0.001406 0.005906)
(0.003719 0.001406 0.005906)
(0.003781 0.001406 0.005906)
(0.003844 0.001406 0.005906)
(0.003906 0.001406 0.005906)
(0.003969 0.001406 0.005906)
(0.002531 0.001469 0.005906)
(0.002594 0.001469 0.005906)
(0.002656 0.001469 0.005906)
(0.002719 0.001469 0.005906)
(0.002781 0.001469 0.005906)
(0.002844 0.001469 0.005906)
(0.002906 0.001469 0.005906)
(0.002969 0.001469 0.005906)
(0.003031 0.001469 0.005906)
(0.003094 0.001469 0.005906)
(0.003156 0.001469 0.005906)
(0.003219 0.001469 0.005906)
(0.003281 0.001469 0.005906)
(0.003344 0.001469 0.005906)
(0.003406 0.001469 0.005906)
(0.003469 0.001469 0.005906)
(0.003531 0.001469 0.005906)
(0.003594 0.001469 0.005906)
(0.003656 0.001469 0.005906)
(0.003719 0.001469 0.005906)
(0.003781 0.001469 0.005906)
(0.003844 0.001469 0.005906)
(0.003906 0.001469 0.005906)
(0.003969 0.001469 0.005906)
(0.002531 0.001531 0.005906)
(0.002594 0.001531 0.005906)
(0.002656 0.001531 0.005906)
(0.002719 0.001531 0.005906)
(0.002781 0.001531 0.005906)
(0.002844 0.001531 0.005906)
(0.002906 0.001531 0.005906)
(0.002969 0.001531 0.005906)
(0.003031 0.001531 0.005906)
(0.003094 0.001531 0.005906)
(0.003156 0.001531 0.005906)
(0.003219 0.001531 0.005906)
(0.003281 0.001531 0.005906)
(0.003344 0.001531 0.005906)
(0.003406 0.001531 0.005906)
(0.003469 0.001531 0.005906)
(0.003531 0.001531 0.005906)
(0.003594 0.001531 0.005906)
(0.003656 0.001531 0.005906)
(0.003719 0.001531 0.005906)
(0.003781 0.001531 0.005906)
(0.003844 0.001531 0.005906)
(0.003906 0.001531 0.005906)
(0.003969 0.001531 0.005906)
(0.002531 0.001594 0.005906)
(0.002594 0.001594 0.005906)
(0.002656 0.001594 0.005906)
(0.002719 0.001594 0.005906)
(0.002781 0.001594 0.005906)
(0.002844 0.001594 0.005906)
(0.002906 0.001594 0.005906)
(0.002969 0.001594 0.005906)
(0.003031 0.001594 0.005906)
(0.003094 0.001594 0.005906)
(0.003156 0.001594 0.005906)
(0.003219 0.001594 0.005906)
(0.003281 0.001594 0.005906)
(0.003344 0.001594 0.005906)
(0.003406 0.001594 0.005906)
(0.003469 0.001594 0.005906)
(0.003531 0.001594 0.005906)
(0.003594 0.001594 0.005906)
(0.003656 0.001594 0.005906)
(0.003719 0.001594 0.005906)
(0.003781 0.001594 0.005906)
(0.003844 0.001594 0.005906)
(0.003906 0.001594 0.005906)
(0.003969 0.001594 0.005906)
(0.002531 0.001656 0.005906)
(0.002594 0.001656 0.005906)
(0.002656 0.001656 0.005906)
(0.002719 0.001656 0.005906)
(0.002781 0.001656 0.005906)
(0.002844 0.001656 0.005906)
(0.002906 0.001656 0.005906)
(0.002969 0.001656 0.005906)
(0.003031 0.001656 0.005906)
(0.003094 0.001656 0.005906)
(0.003156 0.001656 0.005906)
(0.003219 0.001656 0.005906)
(0.003281 0.001656 0.005906)
(0.003344 0.001656 0.005906)
(0.003406 0.001656 0.005906)
(0.003469 0.001656 0.005906)
(0.003531 0.001656 0.005906)
(0.003594 0.001656 0.005906)
(0.003656 0.001656 0.005906)
(0.003719 0.001656 0.005906)
(0.003781 0.001656 0.005906)
(0.003844 0.001656 0.005906)
(0.003906 0.001656 0.005906)
(0.003969 0.001656 0.005906)
(0.002531 0.001719 0.005906)
(0.002594 0.001719 0.005906)
(0.002656 0.001719 0.005906)
(0.002719 0.001719 0.005906)
(0.002781 0.001719 0.005906)
(0.002844 0.001719 0.005906)
(0.002906 0.001719 0.005906)
(0.002969 0.001719 0.005906)
(0.003031 0.001719 0.005906)
(0.003094 0.001719 0.005906)
(0.003156 0.001719 0.005906)
(0.003219 0.001719 0.005906)
(0.003281 0.001719 0.005906)
(0.003344 0.001719 0.005906)
(0.003406 0.001719 0.005906)
(0.003469 0.001719 0.005906)
(0.003531 0.001719 0.005906)
(0.003594 0.001719 0.005906)
(0.003656 0.001719 0.005906)
(0.003719 0.001719 0.005906)
(0.003781 0.001719 0.005906)
(0.003844 0.001719 0.005906)
(0.003906 0.001719 0.005906)
(0.003969 0.001719 0.005906)
(0.002531 0.001781 0.005906)
(0.002594 0.001781 0.005906)
(0.002656 0.001781 0.005906)
(0.002719 0.001781 0.005906)
(0.002781 0.001781 0.005906)
(0.002844 0.001781 0.005906)
(0.002906 0.001781 0.005906)
(0.002969 0.001781 0.005906)
(0.003031 0.001781 0.005906)
(0.003094 0.001781 0.005906)
(0.003156 0.001781 0.005906)
(0.003219 0.001781 0.005906)
(0.003281 0.001781 0.005906)
(0.003344 0.001781 0.005906)
(0.003406 0.001781 0.005906)
(0.003469 0.001781 0.005906)
(0.003531 0.001781 0.005906)
(0.003594 0.001781 0.005906)
(0.003656 0.001781 0.005906)
(0.003719 0.001781 0.005906)
(0.003781 0.001781 0.005906)
(0.003844 0.001781 0.005906)
(0.003906 0.001781 0.005906)
(0.003969 0.001781 0.005906)
(0.002531 0.001844 0.005906)
(0.002594 0.001844 0.005906)
(0.002656 0.001844 0.005906)
(0.002719 0.001844 0.005906)
(0.002781 0.001844 0.005906)
(0.002844 0.001844 0.005906)
(0.002906 0.001844 0.005906)
(0.002969 0.001844 0.005906)
(0.003031 0.001844 0.005906)
(0.003094 0.001844 0.005906)
(0.003156 0.001844 0.005906)
(0.003219 0.001844 0.005906)
(0.003281 0.001844 0.005906)
(0.003344 0.001844 0.005906)
(0.003406 0.001844 0.005906)
(0.003469 0.001844 0.005906)
(0.003531 0.001844 0.005906)
(0.003594 0.001844 0.005906)
(0.003656 0.001844 0.005906)
(0.003719 0.001844 0.005906)
(0.003781 0.001844 0.005906)
(0.003844 0.001844 0.005906)
(0.003906 0.001844 0.005906)
(0.003969 0.001844 0.005906)
(0.002531 0.001906 0.005906)
(0.002594 0.001906 0.005906)
(0.002656 0.001906 0.005906)
(0.002719 0.001906 0.005906)
(0.002781 0.001906 0.005906)
(0.002844 0.001906 0.005906)
(0.002906 0.001906 0.005906)
(0.002969 0.001906 0.005906)
(0.003031 0.001906 0.005906)
(0.003094 0.001906 0.005906)
(0.003156 0.001906 0.005906)
(0.003219 0.001906 0.005906)
(0.003281 0.001906 0.005906)
(0.003344 0.001906 0.005906)
(0.003406 0.001906 0.005906)
(0.003469 0.001906 0.005906)
(0.003531 0.001906 0.005906)
(0.003594 0.001906 0.005906)
(0.003656 0.001906 0.005906)
(0.003719 0.001906 0.005906)
(0.003781 0.001906 0.005906)
(0.003844 0.001906 0.005906)
(0.003906 0.001906 0.005906)
(0.003969 0.001906 0.005906)
(0.002531 0.001969 0.005906)
(0.002594 0.001969 0.005906)
(0.002656 0.001969 0.005906)
(0.002719 0.001969 0.005906)
(0.002781 0.001969 0.005906)
(0.002844 0.001969 0.005906)
(0.002906 0.001969 0.005906)
(0.002969 0.001969 0.005906)
(0.003031 0.001969 0.005906)
(0.003094 0.001969 0.005906)
(0.003156 0.001969 0.005906)
(0.003219 0.001969 0.005906)
(0.003281 0.001969 0.005906)
(0.003344 0.001969 0.005906)
(0.003406 0.001969 0.005906)
(0.003469 0.001969 0.005906)
(0.003531 0.001969 0.005906)
(0.003594 0.001969 0.005906)
(0.003656 0.001969 0.005906)
(0.003719 0.001969 0.005906)
(0.003781 0.001969 0.005906)
(0.003844 0.001969 0.005906)
(0.003906 0.001969 0.005906)
(0.003969 0.001969 0.005906)
(0.002531 0.002031 0.005906)
(0.002594 0.002031 0.005906)
(0.002656 0.002031 0.005906)
(0.002719 0.002031 0.005906)
(0.002781 0.002031 0.005906)
(0.002844 0.002031 0.005906)
(0.002906 0.002031 0.005906)
(0.002969 0.002031 0.005906)
(0.003031 0.002031 0.005906)
(0.003094 0.002031 0.005906)
(0.003156 0.002031 0.005906)
(0.003219 0.002031 0.005906)
(0.003281 0.002031 0.005906)
(0.003344 0.002031 0.005906)
(0.003406 0.002031 0.005906)
(0.003469 0.002031 0.005906)
(0.003531 0.002031 0.005906)
(0.003594 0.002031 0.005906)
(0.003656 0.002031 0.005906)
(0.003719 0.002031 0.005906)
(0.003781 0.002031 0.005906)
(0.003844 0.002031 0.005906)
(0.003906 0.002031 0.005906)
(0.003969 0.002031 0.005906)
(0.002531 0.002094 0.005906)
(0.002594 0.002094 0.005906)
(0.002656 0.002094 0.005906)
(0.002719 0.002094 0.005906)
(0.002781 0.002094 0.005906)
(0.002844 0.002094 0.005906)
(0.002906 0.002094 0.005906)
(0.002969 0.002094 0.005906)
(0.003031 0.002094 0.005906)
(0.003094 0.002094 0.005906)
(0.003156 0.002094 0.005906)
(0.003219 0.002094 0.005906)
(0.003281 0.002094 0.005906)
(0.003344 0.002094 0.005906)
(0.003406 0.002094 0.005906)
(0.003469 0.002094 0.005906)
(0.003531 0.002094 0.005906)
(0.003594 0.002094 0.005906)
(0.003656 0.002094 0.005906)
(0.003719 0.002094 0.005906)
(0.003781 0.002094 0.005906)
(0.003844 0.002094 0.005906)
(0.003906 0.002094 0.005906)
(0.003969 0.002094 0.005906)
(0.002531 0.002156 0.005906)
(0.002594 0.002156 0.005906)
(0.002656 0.002156 0.005906)
(0.002719 0.002156 0.005906)
(0.002781 0.002156 0.005906)
(0.002844 0.002156 0.005906)
(0.002906 0.002156 0.005906)
(0.002969 0.002156 0.005906)
(0.003031 0.002156 0.005906)
(0.003094 0.002156 0.005906)
(0.003156 0.002156 0.005906)
(0.003219 0.002156 0.005906)
(0.003281 0.002156 0.005906)
(0.003344 0.002156 0.005906)
(0.003406 0.002156 0.005906)
(0.003469 0.002156 0.005906)
(0.003531 0.002156 0.005906)
(0.003594 0.002156 0.005906)
(0.003656 0.002156 0.005906)
(0.003719 0.002156 0.005906)
(0.003781 0.002156 0.005906)
(0.003844 0.002156 0.005906)
(0.003906 0.002156 0.005906)
(0.003969 0.002156 0.005906)
(0.002531 0.002219 0.005906)
(0.002594 0.002219 0.005906)
(0.002656 0.002219 0.005906)
(0.002719 0.002219 0.005906)
(0.002781 0.002219 0.005906)
(0.002844 0.002219 0.005906)
(0.002906 0.002219 0.005906)
(0.002969 0.002219 0.005906)
(0.003031 0.002219 0.005906)
(0.003094 0.002219 0.005906)
(0.003156 0.002219 0.005906)
(0.003219 0.002219 0.005906)
(0.003281 0.002219 0.005906)
(0.003344 0.002219 0.005906)
(0.003406 0.002219 0.005906)
(0.003469 0.002219 0.005906)
(0.003531 0.002219 0.005906)
(0.003594 0.002219 0.005906)
(0.003656 0.002219 0.005906)
(0.003719 0.002219 0.005906)
(0.003781 0.002219 0.005906)
(0.003844 0.002219 0.005906)
(0.003906 0.002219 0.005906)
(0.003969 0.002219 0.005906)
(0.002531 0.002281 0.005906)
(0.002594 0.002281 0.005906)
(0.002656 0.002281 0.005906)
(0.002719 0.002281 0.005906)
(0.002781 0.002281 0.005906)
(0.002844 0.002281 0.005906)
(0.002906 0.002281 0.005906)
(0.002969 0.002281 0.005906)
(0.003031 0.002281 0.005906)
(0.003094 0.002281 0.005906)
(0.003156 0.002281 0.005906)
(0.003219 0.002281 0.005906)
(0.003281 0.002281 0.005906)
(0.003344 0.002281 0.005906)
(0.003406 0.002281 0.005906)
(0.003469 0.002281 0.005906)
(0.003531 0.002281 0.005906)
(0.003594 0.002281 0.005906)
(0.003656 0.002281 0.005906)
(0.003719 0.002281 0.005906)
(0.003781 0.002281 0.005906)
(0.003844 0.002281 0.005906)
(0.003906 0.002281 0.005906)
(0.003969 0.002281 0.005906)
(0.002531 0.002344 0.005906)
(0.002594 0.002344 0.005906)
(0.002656 0.002344 0.005906)
(0.002719 0.002344 0.005906)
(0.002781 0.002344 0.005906)
(0.002844 0.002344 0.005906)
(0.002906 0.002344 0.005906)
(0.002969 0.002344 0.005906)
(0.003031 0.002344 0.005906)
(0.003094 0.002344 0.005906)
(0.003156 0.002344 0.005906)
(0.003219 0.002344 0.005906)
(0.003281 0.002344 0.005906)
(0.003344 0.002344 0.005906)
(0.003406 0.002344 0.005906)
(0.003469 0.002344 0.005906)
(0.003531 0.002344 0.005906)
(0.003594 0.002344 0.005906)
(0.003656 0.002344 0.005906)
(0.003719 0.002344 0.005906)
(0.003781 0.002344 0.005906)
(0.003844 0.002344 0.005906)
(0.003906 0.002344 0.005906)
(0.003969 0.002344 0.005906)
(0.002531 0.001281 0.005969)
(0.002594 0.001281 0.005969)
(0.002656 0.001281 0.005969)
(0.002719 0.001281 0.005969)
(0.002781 0.001281 0.005969)
(0.002844 0.001281 0.005969)
(0.002906 0.001281 0.005969)
(0.002969 0.001281 0.005969)
(0.003031 0.001281 0.005969)
(0.003094 0.001281 0.005969)
(0.003156 0.001281 0.005969)
(0.003219 0.001281 0.005969)
(0.003281 0.001281 0.005969)
(0.003344 0.001281 0.005969)
(0.003406 0.001281 0.005969)
(0.003469 0.001281 0.005969)
(0.003531 0.001281 0.005969)
(0.003594 0.001281 0.005969)
(0.003656 0.001281 0.005969)
(0.003719 0.001281 0.005969)
(0.003781 0.001281 0.005969)
(0.003844 0.001281 0.005969)
(0.003906 0.001281 0.005969)
(0.003969 0.001281 0.005969)
(0.002531 0.001344 0.005969)
(0.002594 0.001344 0.005969)
(0.002656 0.001344 0.005969)
(0.002719 0.001344 0.005969)
(0.002781 0.001344 0.005969)
(0.002844 0.001344 0.005969)
(0.002906 0.001344 0.005969)
(0.002969 0.001344 0.005969)
(0.003031 0.001344 0.005969)
(0.003094 0.001344 0.005969)
(0.003156 0.001344 0.005969)
(0.003219 0.001344 0.005969)
(0.003281 0.001344 0.005969)
(0.003344 0.001344 0.005969)
(0.003406 0.001344 0.005969)
(0.003469 0.001344 0.005969)
(0.003531 0.001344 0.005969)
(0.003594 0.001344 0.005969)
(0.003656 0.001344 0.005969)
(0.003719 0.001344 0.005969)
(0.003781 0.001344 0.005969)
(0.003844 0.001344 0.005969)
(0.003906 0.001344 0.005969)
(0.003969 0.001344 0.005969)
(0.002531 0.001406 0.005969)
(0.002594 0.001406 0.005969)
(0.002656 0.001406 0.005969)
(0.002719 0.001406 0.005969)
(0.002781 0.001406 0.005969)
(0.002844 0.001406 0.005969)
(0.002906 0.001406 0.005969)
(0.002969 0.001406 0.005969)
(0.003031 0.001406 0.005969)
(0.003094 0.001406 0.005969)
(0.003156 0.001406 0.005969)
(0.003219 0.001406 0.005969)
(0.003281 0.001406 0.005969)
(0.003344 0.001406 0.005969)
(0.003406 0.001406 0.005969)
(0.003469 0.001406 0.005969)
(0.003531 0.001406 0.005969)
(0.003594 0.001406 0.005969)
(0.003656 0.001406 0.005969)
(0.003719 0.001406 0.005969)
(0.003781 0.001406 0.005969)
(0.003844 0.001406 0.005969)
(0.003906 0.001406 0.005969)
(0.003969 0.001406 0.005969)
(0.002531 0.001469 0.005969)
(0.002594 0.001469 0.005969)
(0.002656 0.001469 0.005969)
(0.002719 0.001469 0.005969)
(0.002781 0.001469 0.005969)
(0.002844 0.001469 0.005969)
(0.002906 0.001469 0.005969)
(0.002969 0.001469 0.005969)
(0.003031 0.001469 0.005969)
(0.003094 0.001469 0.005969)
(0.003156 0.001469 0.005969)
(0.003219 0.001469 0.005969)
(0.003281 0.001469 0.005969)
(0.003344 0.001469 0.005969)
(0.003406 0.001469 0.005969)
(0.003469 0.001469 0.005969)
(0.003531 0.001469 0.005969)
(0.003594 0.001469 0.005969)
(0.003656 0.001469 0.005969)
(0.003719 0.001469 0.005969)
(0.003781 0.001469 0.005969)
(0.003844 0.001469 0.005969)
(0.003906 0.001469 0.005969)
(0.003969 0.001469 0.005969)
(0.002531 0.001531 0.005969)
(0.002594 0.001531 0.005969)
(0.002656 0.001531 0.005969)
(0.002719 0.001531 0.005969)
(0.002781 0.001531 0.005969)
(0.002844 0.001531 0.005969)
(0.002906 0.001531 0.005969)
(0.002969 0.001531 0.005969)
(0.003031 0.001531 0.005969)
(0.003094 0.001531 0.005969)
(0.003156 0.001531 0.005969)
(0.003219 0.001531 0.005969)
(0.003281 0.001531 0.005969)
(0.003344 0.001531 0.005969)
(0.003406 0.001531 0.005969)
(0.003469 0.001531 0.005969)
(0.003531 0.001531 0.005969)
(0.003594 0.001531 0.005969)
(0.003656 0.001531 0.005969)
(0.003719 0.001531 0.005969)
(0.003781 0.001531 0.005969)
(0.003844 0.001531 0.005969)
(0.003906 0.001531 0.005969)
(0.003969 0.001531 0.005969)
(0.002531 0.001594 0.005969)
(0.002594 0.001594 0.005969)
(0.002656 0.001594 0.005969)
(0.002719 0.001594 0.005969)
(0.002781 0.001594 0.005969)
(0.002844 0.001594 0.005969)
(0.002906 0.001594 0.005969)
(0.002969 0.001594 0.005969)
(0.003031 0.001594 0.005969)
(0.003094 0.001594 0.005969)
(0.003156 0.001594 0.005969)
(0.003219 0.001594 0.005969)
(0.003281 0.001594 0.005969)
(0.003344 0.001594 0.005969)
(0.003406 0.001594 0.005969)
(0.003469 0.001594 0.005969)
(0.003531 0.001594 0.005969)
(0.003594 0.001594 0.005969)
(0.003656 0.001594 0.005969)
(0.003719 0.001594 0.005969)
(0.003781 0.001594 0.005969)
(0.003844 0.001594 0.005969)
(0.003906 0.001594 0.005969)
(0.003969 0.001594 0.005969)
(0.002531 0.001656 0.005969)
(0.002594 0.001656 0.005969)
(0.002656 0.001656 0.005969)
(0.002719 0.001656 0.005969)
(0.002781 0.001656 0.005969)
(0.002844 0.001656 0.005969)
(0.002906 0.001656 0.005969)
(0.002969 0.001656 0.005969)
(0.003031 0.001656 0.005969)
(0.003094 0.001656 0.005969)
(0.003156 0.001656 0.005969)
(0.003219 0.001656 0.005969)
(0.003281 0.001656 0.005969)
(0.003344 0.001656 0.005969)
(0.003406 0.001656 0.005969)
(0.003469 0.001656 0.005969)
(0.003531 0.001656 0.005969)
(0.003594 0.001656 0.005969)
(0.003656 0.001656 0.005969)
(0.003719 0.001656 0.005969)
(0.003781 0.001656 0.005969)
(0.003844 0.001656 0.005969)
(0.003906 0.001656 0.005969)
(0.003969 0.001656 0.005969)
(0.002531 0.001719 0.005969)
(0.002594 0.001719 0.005969)
(0.002656 0.001719 0.005969)
(0.002719 0.001719 0.005969)
(0.002781 0.001719 0.005969)
(0.002844 0.001719 0.005969)
(0.002906 0.001719 0.005969)
(0.002969 0.001719 0.005969)
(0.003031 0.001719 0.005969)
(0.003094 0.001719 0.005969)
(0.003156 0.001719 0.005969)
(0.003219 0.001719 0.005969)
(0.003281 0.001719 0.005969)
(0.003344 0.001719 0.005969)
(0.003406 0.001719 0.005969)
(0.003469 0.001719 0.005969)
(0.003531 0.001719 0.005969)
(0.003594 0.001719 0.005969)
(0.003656 0.001719 0.005969)
(0.003719 0.001719 0.005969)
(0.003781 0.001719 0.005969)
(0.003844 0.001719 0.005969)
(0.003906 0.001719 0.005969)
(0.003969 0.001719 0.005969)
(0.002531 0.001781 0.005969)
(0.002594 0.001781 0.005969)
(0.002656 0.001781 0.005969)
(0.002719 0.001781 0.005969)
(0.002781 0.001781 0.005969)
(0.002844 0.001781 0.005969)
(0.002906 0.001781 0.005969)
(0.002969 0.001781 0.005969)
(0.003031 0.001781 0.005969)
(0.003094 0.001781 0.005969)
(0.003156 0.001781 0.005969)
(0.003219 0.001781 0.005969)
(0.003281 0.001781 0.005969)
(0.003344 0.001781 0.005969)
(0.003406 0.001781 0.005969)
(0.003469 0.001781 0.005969)
(0.003531 0.001781 0.005969)
(0.003594 0.001781 0.005969)
(0.003656 0.001781 0.005969)
(0.003719 0.001781 0.005969)
(0.003781 0.001781 0.005969)
(0.003844 0.001781 0.005969)
(0.003906 0.001781 0.005969)
(0.003969 0.001781 0.005969)
(0.002531 0.001844 0.005969)
(0.002594 0.001844 0.005969)
(0.002656 0.001844 0.005969)
(0.002719 0.001844 0.005969)
(0.002781 0.001844 0.005969)
(0.002844 0.001844 0.005969)
(0.002906 0.001844 0.005969)
(0.002969 0.001844 0.005969)
(0.003031 0.001844 0.005969)
(0.003094 0.001844 0.005969)
(0.003156 0.001844 0.005969)
(0.003219 0.001844 0.005969)
(0.003281 0.001844 0.005969)
(0.003344 0.001844 0.005969)
(0.003406 0.001844 0.005969)
(0.003469 0.001844 0.005969)
(0.003531 0.001844 0.005969)
(0.003594 0.001844 0.005969)
(0.003656 0.001844 0.005969)
(0.003719 0.001844 0.005969)
(0.003781 0.001844 0.005969)
(0.003844 0.001844 0.005969)
(0.003906 0.001844 0.005969)
(0.003969 0.001844 0.005969)
(0.002531 0.001906 0.005969)
(0.002594 0.001906 0.005969)
(0.002656 0.001906 0.005969)
(0.002719 0.001906 0.005969)
(0.002781 0.001906 0.005969)
(0.002844 0.001906 0.005969)
(0.002906 0.001906 0.005969)
(0.002969 0.001906 0.005969)
(0.003031 0.001906 0.005969)
(0.003094 0.001906 0.005969)
(0.003156 0.001906 0.005969)
(0.003219 0.001906 0.005969)
(0.003281 0.001906 0.005969)
(0.003344 0.001906 0.005969)
(0.003406 0.001906 0.005969)
(0.003469 0.001906 0.005969)
(0.003531 0.001906 0.005969)
(0.003594 0.001906 0.005969)
(0.003656 0.001906 0.005969)
(0.003719 0.001906 0.005969)
(0.003781 0.001906 0.005969)
(0.003844 0.001906 0.005969)
(0.003906 0.001906 0.005969)
(0.003969 0.001906 0.005969)
(0.002531 0.001969 0.005969)
(0.002594 0.001969 0.005969)
(0.002656 0.001969 0.005969)
(0.002719 0.001969 0.005969)
(0.002781 0.001969 0.005969)
(0.002844 0.001969 0.005969)
(0.002906 0.001969 0.005969)
(0.002969 0.001969 0.005969)
(0.003031 0.001969 0.005969)
(0.003094 0.001969 0.005969)
(0.003156 0.001969 0.005969)
(0.003219 0.001969 0.005969)
(0.003281 0.001969 0.005969)
(0.003344 0.001969 0.005969)
(0.003406 0.001969 0.005969)
(0.003469 0.001969 0.005969)
(0.003531 0.001969 0.005969)
(0.003594 0.001969 0.005969)
(0.003656 0.001969 0.005969)
(0.003719 0.001969 0.005969)
(0.003781 0.001969 0.005969)
(0.003844 0.001969 0.005969)
(0.003906 0.001969 0.005969)
(0.003969 0.001969 0.005969)
(0.002531 0.002031 0.005969)
(0.002594 0.002031 0.005969)
(0.002656 0.002031 0.005969)
(0.002719 0.002031 0.005969)
(0.002781 0.002031 0.005969)
(0.002844 0.002031 0.005969)
(0.002906 0.002031 0.005969)
(0.002969 0.002031 0.005969)
(0.003031 0.002031 0.005969)
(0.003094 0.002031 0.005969)
(0.003156 0.002031 0.005969)
(0.003219 0.002031 0.005969)
(0.003281 0.002031 0.005969)
(0.003344 0.002031 0.005969)
(0.003406 0.002031 0.005969)
(0.003469 0.002031 0.005969)
(0.003531 0.002031 0.005969)
(0.003594 0.002031 0.005969)
(0.003656 0.002031 0.005969)
(0.003719 0.002031 0.005969)
(0.003781 0.002031 0.005969)
(0.003844 0.002031 0.005969)
(0.003906 0.002031 0.005969)
(0.003969 0.002031 0.005969)
(0.002531 0.002094 0.005969)
(0.002594 0.002094 0.005969)
(0.002656 0.002094 0.005969)
(0.002719 0.002094 0.005969)
(0.002781 0.002094 0.005969)
(0.002844 0.002094 0.005969)
(0.002906 0.002094 0.005969)
(0.002969 0.002094 0.005969)
(0.003031 0.002094 0.005969)
(0.003094 0.002094 0.005969)
(0.003156 0.002094 0.005969)
(0.003219 0.002094 0.005969)
(0.003281 0.002094 0.005969)
(0.003344 0.002094 0.005969)
(0.003406 0.002094 0.005969)
(0.003469 0.002094 0.005969)
(0.003531 0.002094 0.005969)
(0.003594 0.002094 0.005969)
(0.003656 0.002094 0.005969)
(0.003719 0.002094 0.005969)
(0.003781 0.002094 0.005969)
(0.003844 0.002094 0.005969)
(0.003906 0.002094 0.005969)
(0.003969 0.002094 0.005969)
(0.002531 0.002156 0.005969)
(0.002594 0.002156 0.005969)
(0.002656 0.002156 0.005969)
(0.002719 0.002156 0.005969)
(0.002781 0.002156 0.005969)
(0.002844 0.002156 0.005969)
(0.002906 0.002156 0.005969)
(0.002969 0.002156 0.005969)
(0.003031 0.002156 0.005969)
(0.003094 0.002156 0.005969)
(0.003156 0.002156 0.005969)
(0.003219 0.002156 0.005969)
(0.003281 0.002156 0.005969)
(0.003344 0.002156 0.005969)
(0.003406 0.002156 0.005969)
(0.003469 0.002156 0.005969)
(0.003531 0.002156 0.005969)
(0.003594 0.002156 0.005969)
(0.003656 0.002156 0.005969)
(0.003719 0.002156 0.005969)
(0.003781 0.002156 0.005969)
(0.003844 0.002156 0.005969)
(0.003906 0.002156 0.005969)
(0.003969 0.002156 0.005969)
(0.002531 0.002219 0.005969)
(0.002594 0.002219 0.005969)
(0.002656 0.002219 0.005969)
(0.002719 0.002219 0.005969)
(0.002781 0.002219 0.005969)
(0.002844 0.002219 0.005969)
(0.002906 0.002219 0.005969)
(0.002969 0.002219 0.005969)
(0.003031 0.002219 0.005969)
(0.003094 0.002219 0.005969)
(0.003156 0.002219 0.005969)
(0.003219 0.002219 0.005969)
(0.003281 0.002219 0.005969)
(0.003344 0.002219 0.005969)
(0.003406 0.002219 0.005969)
(0.003469 0.002219 0.005969)
(0.003531 0.002219 0.005969)
(0.003594 0.002219 0.005969)
(0.003656 0.002219 0.005969)
(0.003719 0.002219 0.005969)
(0.003781 0.002219 0.005969)
(0.003844 0.002219 0.005969)
(0.003906 0.002219 0.005969)
(0.003969 0.002219 0.005969)
(0.002531 0.002281 0.005969)
(0.002594 0.002281 0.005969)
(0.002656 0.002281 0.005969)
(0.002719 0.002281 0.005969)
(0.002781 0.002281 0.005969)
(0.002844 0.002281 0.005969)
(0.002906 0.002281 0.005969)
(0.002969 0.002281 0.005969)
(0.003031 0.002281 0.005969)
(0.003094 0.002281 0.005969)
(0.003156 0.002281 0.005969)
(0.003219 0.002281 0.005969)
(0.003281 0.002281 0.005969)
(0.003344 0.002281 0.005969)
(0.003406 0.002281 0.005969)
(0.003469 0.002281 0.005969)
(0.003531 0.002281 0.005969)
(0.003594 0.002281 0.005969)
(0.003656 0.002281 0.005969)
(0.003719 0.002281 0.005969)
(0.003781 0.002281 0.005969)
(0.003844 0.002281 0.005969)
(0.003906 0.002281 0.005969)
(0.003969 0.002281 0.005969)
(0.002531 0.002344 0.005969)
(0.002594 0.002344 0.005969)
(0.002656 0.002344 0.005969)
(0.002719 0.002344 0.005969)
(0.002781 0.002344 0.005969)
(0.002844 0.002344 0.005969)
(0.002906 0.002344 0.005969)
(0.002969 0.002344 0.005969)
(0.003031 0.002344 0.005969)
(0.003094 0.002344 0.005969)
(0.003156 0.002344 0.005969)
(0.003219 0.002344 0.005969)
(0.003281 0.002344 0.005969)
(0.003344 0.002344 0.005969)
(0.003406 0.002344 0.005969)
(0.003469 0.002344 0.005969)
(0.003531 0.002344 0.005969)
(0.003594 0.002344 0.005969)
(0.003656 0.002344 0.005969)
(0.003719 0.002344 0.005969)
(0.003781 0.002344 0.005969)
(0.003844 0.002344 0.005969)
(0.003906 0.002344 0.005969)
(0.003969 0.002344 0.005969)
(0.004469 0.001281 0.003969)
(0.004531 0.001281 0.003969)
(0.004594 0.001281 0.003969)
(0.004656 0.001281 0.003969)
(0.004719 0.001281 0.003969)
(0.004781 0.001281 0.003969)
(0.004844 0.001281 0.003969)
(0.004906 0.001281 0.003969)
(0.004969 0.001281 0.003969)
(0.004406 0.001344 0.003969)
(0.004469 0.001344 0.003969)
(0.004531 0.001344 0.003969)
(0.004594 0.001344 0.003969)
(0.004656 0.001344 0.003969)
(0.004719 0.001344 0.003969)
(0.004781 0.001344 0.003969)
(0.004844 0.001344 0.003969)
(0.004906 0.001344 0.003969)
(0.004969 0.001344 0.003969)
(0.004344 0.001406 0.003969)
(0.004406 0.001406 0.003969)
(0.004469 0.001406 0.003969)
(0.004531 0.001406 0.003969)
(0.004594 0.001406 0.003969)
(0.004656 0.001406 0.003969)
(0.004719 0.001406 0.003969)
(0.004781 0.001406 0.003969)
(0.004844 0.001406 0.003969)
(0.004906 0.001406 0.003969)
(0.004969 0.001406 0.003969)
(0.004281 0.001469 0.003969)
(0.004344 0.001469 0.003969)
(0.004406 0.001469 0.003969)
(0.004469 0.001469 0.003969)
(0.004531 0.001469 0.003969)
(0.004594 0.001469 0.003969)
(0.004656 0.001469 0.003969)
(0.004719 0.001469 0.003969)
(0.004781 0.001469 0.003969)
(0.004844 0.001469 0.003969)
(0.004906 0.001469 0.003969)
(0.004969 0.001469 0.003969)
(0.004219 0.001531 0.003969)
(0.004281 0.001531 0.003969)
(0.004344 0.001531 0.003969)
(0.004406 0.001531 0.003969)
(0.004469 0.001531 0.003969)
(0.004531 0.001531 0.003969)
(0.004594 0.001531 0.003969)
(0.004656 0.001531 0.003969)
(0.004719 0.001531 0.003969)
(0.004781 0.001531 0.003969)
(0.004844 0.001531 0.003969)
(0.004906 0.001531 0.003969)
(0.004969 0.001531 0.003969)
(0.004156 0.001594 0.003969)
(0.004219 0.001594 0.003969)
(0.004281 0.001594 0.003969)
(0.004344 0.001594 0.003969)
(0.004406 0.001594 0.003969)
(0.004469 0.001594 0.003969)
(0.004531 0.001594 0.003969)
(0.004594 0.001594 0.003969)
(0.004656 0.001594 0.003969)
(0.004719 0.001594 0.003969)
(0.004781 0.001594 0.003969)
(0.004844 0.001594 0.003969)
(0.004906 0.001594 0.003969)
(0.004969 0.001594 0.003969)
(0.004094 0.001656 0.003969)
(0.004156 0.001656 0.003969)
(0.004219 0.001656 0.003969)
(0.004281 0.001656 0.003969)
(0.004344 0.001656 0.003969)
(0.004406 0.001656 0.003969)
(0.004469 0.001656 0.003969)
(0.004531 0.001656 0.003969)
(0.004594 0.001656 0.003969)
(0.004656 0.001656 0.003969)
(0.004719 0.001656 0.003969)
(0.004781 0.001656 0.003969)
(0.004844 0.001656 0.003969)
(0.004906 0.001656 0.003969)
(0.004969 0.001656 0.003969)
(0.004031 0.001719 0.003969)
(0.004094 0.001719 0.003969)
(0.004156 0.001719 0.003969)
(0.004219 0.001719 0.003969)
(0.004281 0.001719 0.003969)
(0.004344 0.001719 0.003969)
(0.004406 0.001719 0.003969)
(0.004469 0.001719 0.003969)
(0.004531 0.001719 0.003969)
(0.004594 0.001719 0.003969)
(0.004656 0.001719 0.003969)
(0.004719 0.001719 0.003969)
(0.004781 0.001719 0.003969)
(0.004844 0.001719 0.003969)
(0.004906 0.001719 0.003969)
(0.004969 0.001719 0.003969)
(0.004031 0.001781 0.003969)
(0.004094 0.001781 0.003969)
(0.004156 0.001781 0.003969)
(0.004219 0.001781 0.003969)
(0.004281 0.001781 0.003969)
(0.004344 0.001781 0.003969)
(0.004406 0.001781 0.003969)
(0.004469 0.001781 0.003969)
(0.004531 0.001781 0.003969)
(0.004594 0.001781 0.003969)
(0.004656 0.001781 0.003969)
(0.004719 0.001781 0.003969)
(0.004781 0.001781 0.003969)
(0.004844 0.001781 0.003969)
(0.004906 0.001781 0.003969)
(0.004969 0.001781 0.003969)
(0.004031 0.001844 0.003969)
(0.004094 0.001844 0.003969)
(0.004156 0.001844 0.003969)
(0.004219 0.001844 0.003969)
(0.004281 0.001844 0.003969)
(0.004344 0.001844 0.003969)
(0.004406 0.001844 0.003969)
(0.004469 0.001844 0.003969)
(0.004531 0.001844 0.003969)
(0.004594 0.001844 0.003969)
(0.004656 0.001844 0.003969)
(0.004719 0.001844 0.003969)
(0.004781 0.001844 0.003969)
(0.004844 0.001844 0.003969)
(0.004906 0.001844 0.003969)
(0.004969 0.001844 0.003969)
(0.004031 0.001906 0.003969)
(0.004094 0.001906 0.003969)
(0.004156 0.001906 0.003969)
(0.004219 0.001906 0.003969)
(0.004281 0.001906 0.003969)
(0.004344 0.001906 0.003969)
(0.004406 0.001906 0.003969)
(0.004469 0.001906 0.003969)
(0.004531 0.001906 0.003969)
(0.004594 0.001906 0.003969)
(0.004656 0.001906 0.003969)
(0.004719 0.001906 0.003969)
(0.004781 0.001906 0.003969)
(0.004844 0.001906 0.003969)
(0.004906 0.001906 0.003969)
(0.004969 0.001906 0.003969)
(0.004031 0.001969 0.003969)
(0.004094 0.001969 0.003969)
(0.004156 0.001969 0.003969)
(0.004219 0.001969 0.003969)
(0.004281 0.001969 0.003969)
(0.004344 0.001969 0.003969)
(0.004406 0.001969 0.003969)
(0.004469 0.001969 0.003969)
(0.004531 0.001969 0.003969)
(0.004594 0.001969 0.003969)
(0.004656 0.001969 0.003969)
(0.004719 0.001969 0.003969)
(0.004781 0.001969 0.003969)
(0.004844 0.001969 0.003969)
(0.004906 0.001969 0.003969)
(0.004969 0.001969 0.003969)
(0.004031 0.002031 0.003969)
(0.004094 0.002031 0.003969)
(0.004156 0.002031 0.003969)
(0.004219 0.002031 0.003969)
(0.004281 0.002031 0.003969)
(0.004344 0.002031 0.003969)
(0.004406 0.002031 0.003969)
(0.004469 0.002031 0.003969)
(0.004531 0.002031 0.003969)
(0.004594 0.002031 0.003969)
(0.004656 0.002031 0.003969)
(0.004719 0.002031 0.003969)
(0.004781 0.002031 0.003969)
(0.004844 0.002031 0.003969)
(0.004906 0.002031 0.003969)
(0.004969 0.002031 0.003969)
(0.004031 0.002094 0.003969)
(0.004094 0.002094 0.003969)
(0.004156 0.002094 0.003969)
(0.004219 0.002094 0.003969)
(0.004281 0.002094 0.003969)
(0.004344 0.002094 0.003969)
(0.004406 0.002094 0.003969)
(0.004469 0.002094 0.003969)
(0.004531 0.002094 0.003969)
(0.004594 0.002094 0.003969)
(0.004656 0.002094 0.003969)
(0.004719 0.002094 0.003969)
(0.004781 0.002094 0.003969)
(0.004844 0.002094 0.003969)
(0.004906 0.002094 0.003969)
(0.004969 0.002094 0.003969)
(0.004031 0.002156 0.003969)
(0.004094 0.002156 0.003969)
(0.004156 0.002156 0.003969)
(0.004219 0.002156 0.003969)
(0.004281 0.002156 0.003969)
(0.004344 0.002156 0.003969)
(0.004406 0.002156 0.003969)
(0.004469 0.002156 0.003969)
(0.004531 0.002156 0.003969)
(0.004594 0.002156 0.003969)
(0.004656 0.002156 0.003969)
(0.004719 0.002156 0.003969)
(0.004781 0.002156 0.003969)
(0.004844 0.002156 0.003969)
(0.004906 0.002156 0.003969)
(0.004969 0.002156 0.003969)
(0.004031 0.002219 0.003969)
(0.004094 0.002219 0.003969)
(0.004156 0.002219 0.003969)
(0.004219 0.002219 0.003969)
(0.004281 0.002219 0.003969)
(0.004344 0.002219 0.003969)
(0.004406 0.002219 0.003969)
(0.004469 0.002219 0.003969)
(0.004531 0.002219 0.003969)
(0.004594 0.002219 0.003969)
(0.004656 0.002219 0.003969)
(0.004719 0.002219 0.003969)
(0.004781 0.002219 0.003969)
(0.004844 0.002219 0.003969)
(0.004906 0.002219 0.003969)
(0.004969 0.002219 0.003969)
(0.004031 0.002281 0.003969)
(0.004094 0.002281 0.003969)
(0.004156 0.002281 0.003969)
(0.004219 0.002281 0.003969)
(0.004281 0.002281 0.003969)
(0.004344 0.002281 0.003969)
(0.004406 0.002281 0.003969)
(0.004469 0.002281 0.003969)
(0.004531 0.002281 0.003969)
(0.004594 0.002281 0.003969)
(0.004656 0.002281 0.003969)
(0.004719 0.002281 0.003969)
(0.004781 0.002281 0.003969)
(0.004844 0.002281 0.003969)
(0.004906 0.002281 0.003969)
(0.004969 0.002281 0.003969)
(0.004031 0.002344 0.003969)
(0.004094 0.002344 0.003969)
(0.004156 0.002344 0.003969)
(0.004219 0.002344 0.003969)
(0.004281 0.002344 0.003969)
(0.004344 0.002344 0.003969)
(0.004406 0.002344 0.003969)
(0.004469 0.002344 0.003969)
(0.004531 0.002344 0.003969)
(0.004594 0.002344 0.003969)
(0.004656 0.002344 0.003969)
(0.004719 0.002344 0.003969)
(0.004781 0.002344 0.003969)
(0.004844 0.002344 0.003969)
(0.004906 0.002344 0.003969)
(0.004969 0.002344 0.003969)
(0.004031 0.001281 0.004031)
(0.004094 0.001281 0.004031)
(0.004156 0.001281 0.004031)
(0.004219 0.001281 0.004031)
(0.004281 0.001281 0.004031)
(0.004344 0.001281 0.004031)
(0.004406 0.001281 0.004031)
(0.004469 0.001281 0.004031)
(0.004531 0.001281 0.004031)
(0.004594 0.001281 0.004031)
(0.004656 0.001281 0.004031)
(0.004719 0.001281 0.004031)
(0.004781 0.001281 0.004031)
(0.004844 0.001281 0.004031)
(0.004906 0.001281 0.004031)
(0.004969 0.001281 0.004031)
(0.004031 0.001344 0.004031)
(0.004094 0.001344 0.004031)
(0.004156 0.001344 0.004031)
(0.004219 0.001344 0.004031)
(0.004281 0.001344 0.004031)
(0.004344 0.001344 0.004031)
(0.004406 0.001344 0.004031)
(0.004469 0.001344 0.004031)
(0.004531 0.001344 0.004031)
(0.004594 0.001344 0.004031)
(0.004656 0.001344 0.004031)
(0.004719 0.001344 0.004031)
(0.004781 0.001344 0.004031)
(0.004844 0.001344 0.004031)
(0.004906 0.001344 0.004031)
(0.004969 0.001344 0.004031)
(0.004031 0.001406 0.004031)
(0.004094 0.001406 0.004031)
(0.004156 0.001406 0.004031)
(0.004219 0.001406 0.004031)
(0.004281 0.001406 0.004031)
(0.004344 0.001406 0.004031)
(0.004406 0.001406 0.004031)
(0.004469 0.001406 0.004031)
(0.004531 0.001406 0.004031)
(0.004594 0.001406 0.004031)
(0.004656 0.001406 0.004031)
(0.004719 0.001406 0.004031)
(0.004781 0.001406 0.004031)
(0.004844 0.001406 0.004031)
(0.004906 0.001406 0.004031)
(0.004969 0.001406 0.004031)
(0.004031 0.001469 0.004031)
(0.004094 0.001469 0.004031)
(0.004156 0.001469 0.004031)
(0.004219 0.001469 0.004031)
(0.004281 0.001469 0.004031)
(0.004344 0.001469 0.004031)
(0.004406 0.001469 0.004031)
(0.004469 0.001469 0.004031)
(0.004531 0.001469 0.004031)
(0.004594 0.001469 0.004031)
(0.004656 0.001469 0.004031)
(0.004719 0.001469 0.004031)
(0.004781 0.001469 0.004031)
(0.004844 0.001469 0.004031)
(0.004906 0.001469 0.004031)
(0.004969 0.001469 0.004031)
(0.004031 0.001531 0.004031)
(0.004094 0.001531 0.004031)
(0.004156 0.001531 0.004031)
(0.004219 0.001531 0.004031)
(0.004281 0.001531 0.004031)
(0.004344 0.001531 0.004031)
(0.004406 0.001531 0.004031)
(0.004469 0.001531 0.004031)
(0.004531 0.001531 0.004031)
(0.004594 0.001531 0.004031)
(0.004656 0.001531 0.004031)
(0.004719 0.001531 0.004031)
(0.004781 0.001531 0.004031)
(0.004844 0.001531 0.004031)
(0.004906 0.001531 0.004031)
(0.004969 0.001531 0.004031)
(0.004031 0.001594 0.004031)
(0.004094 0.001594 0.004031)
(0.004156 0.001594 0.004031)
(0.004219 0.001594 0.004031)
(0.004281 0.001594 0.004031)
(0.004344 0.001594 0.004031)
(0.004406 0.001594 0.004031)
(0.004469 0.001594 0.004031)
(0.004531 0.001594 0.004031)
(0.004594 0.001594 0.004031)
(0.004656 0.001594 0.004031)
(0.004719 0.001594 0.004031)
(0.004781 0.001594 0.004031)
(0.004844 0.001594 0.004031)
(0.004906 0.001594 0.004031)
(0.004969 0.001594 0.004031)
(0.004031 0.001656 0.004031)
(0.004094 0.001656 0.004031)
(0.004156 0.001656 0.004031)
(0.004219 0.001656 0.004031)
(0.004281 0.001656 0.004031)
(0.004344 0.001656 0.004031)
(0.004406 0.001656 0.004031)
(0.004469 0.001656 0.004031)
(0.004531 0.001656 0.004031)
(0.004594 0.001656 0.004031)
(0.004656 0.001656 0.004031)
(0.004719 0.001656 0.004031)
(0.004781 0.001656 0.004031)
(0.004844 0.001656 0.004031)
(0.004906 0.001656 0.004031)
(0.004969 0.001656 0.004031)
(0.004031 0.001719 0.004031)
(0.004094 0.001719 0.004031)
(0.004156 0.001719 0.004031)
(0.004219 0.001719 0.004031)
(0.004281 0.001719 0.004031)
(0.004344 0.001719 0.004031)
(0.004406 0.001719 0.004031)
(0.004469 0.001719 0.004031)
(0.004531 0.001719 0.004031)
(0.004594 0.001719 0.004031)
(0.004656 0.001719 0.004031)
(0.004719 0.001719 0.004031)
(0.004781 0.001719 0.004031)
(0.004844 0.001719 0.004031)
(0.004906 0.001719 0.004031)
(0.004969 0.001719 0.004031)
(0.004031 0.001781 0.004031)
(0.004094 0.001781 0.004031)
(0.004156 0.001781 0.004031)
(0.004219 0.001781 0.004031)
(0.004281 0.001781 0.004031)
(0.004344 0.001781 0.004031)
(0.004406 0.001781 0.004031)
(0.004469 0.001781 0.004031)
(0.004531 0.001781 0.004031)
(0.004594 0.001781 0.004031)
(0.004656 0.001781 0.004031)
(0.004719 0.001781 0.004031)
(0.004781 0.001781 0.004031)
(0.004844 0.001781 0.004031)
(0.004906 0.001781 0.004031)
(0.004969 0.001781 0.004031)
(0.004031 0.001844 0.004031)
(0.004094 0.001844 0.004031)
(0.004156 0.001844 0.004031)
(0.004219 0.001844 0.004031)
(0.004281 0.001844 0.004031)
(0.004344 0.001844 0.004031)
(0.004406 0.001844 0.004031)
(0.004469 0.001844 0.004031)
(0.004531 0.001844 0.004031)
(0.004594 0.001844 0.004031)
(0.004656 0.001844 0.004031)
(0.004719 0.001844 0.004031)
(0.004781 0.001844 0.004031)
(0.004844 0.001844 0.004031)
(0.004906 0.001844 0.004031)
(0.004969 0.001844 0.004031)
(0.004031 0.001906 0.004031)
(0.004094 0.001906 0.004031)
(0.004156 0.001906 0.004031)
(0.004219 0.001906 0.004031)
(0.004281 0.001906 0.004031)
(0.004344 0.001906 0.004031)
(0.004406 0.001906 0.004031)
(0.004469 0.001906 0.004031)
(0.004531 0.001906 0.004031)
(0.004594 0.001906 0.004031)
(0.004656 0.001906 0.004031)
(0.004719 0.001906 0.004031)
(0.004781 0.001906 0.004031)
(0.004844 0.001906 0.004031)
(0.004906 0.001906 0.004031)
(0.004969 0.001906 0.004031)
(0.004031 0.001969 0.004031)
(0.004094 0.001969 0.004031)
(0.004156 0.001969 0.004031)
(0.004219 0.001969 0.004031)
(0.004281 0.001969 0.004031)
(0.004344 0.001969 0.004031)
(0.004406 0.001969 0.004031)
(0.004469 0.001969 0.004031)
(0.004531 0.001969 0.004031)
(0.004594 0.001969 0.004031)
(0.004656 0.001969 0.004031)
(0.004719 0.001969 0.004031)
(0.004781 0.001969 0.004031)
(0.004844 0.001969 0.004031)
(0.004906 0.001969 0.004031)
(0.004969 0.001969 0.004031)
(0.004031 0.002031 0.004031)
(0.004094 0.002031 0.004031)
(0.004156 0.002031 0.004031)
(0.004219 0.002031 0.004031)
(0.004281 0.002031 0.004031)
(0.004344 0.002031 0.004031)
(0.004406 0.002031 0.004031)
(0.004469 0.002031 0.004031)
(0.004531 0.002031 0.004031)
(0.004594 0.002031 0.004031)
(0.004656 0.002031 0.004031)
(0.004719 0.002031 0.004031)
(0.004781 0.002031 0.004031)
(0.004844 0.002031 0.004031)
(0.004906 0.002031 0.004031)
(0.004969 0.002031 0.004031)
(0.004031 0.002094 0.004031)
(0.004094 0.002094 0.004031)
(0.004156 0.002094 0.004031)
(0.004219 0.002094 0.004031)
(0.004281 0.002094 0.004031)
(0.004344 0.002094 0.004031)
(0.004406 0.002094 0.004031)
(0.004469 0.002094 0.004031)
(0.004531 0.002094 0.004031)
(0.004594 0.002094 0.004031)
(0.004656 0.002094 0.004031)
(0.004719 0.002094 0.004031)
(0.004781 0.002094 0.004031)
(0.004844 0.002094 0.004031)
(0.004906 0.002094 0.004031)
(0.004969 0.002094 0.004031)
(0.004031 0.002156 0.004031)
(0.004094 0.002156 0.004031)
(0.004156 0.002156 0.004031)
(0.004219 0.002156 0.004031)
(0.004281 0.002156 0.004031)
(0.004344 0.002156 0.004031)
(0.004406 0.002156 0.004031)
(0.004469 0.002156 0.004031)
(0.004531 0.002156 0.004031)
(0.004594 0.002156 0.004031)
(0.004656 0.002156 0.004031)
(0.004719 0.002156 0.004031)
(0.004781 0.002156 0.004031)
(0.004844 0.002156 0.004031)
(0.004906 0.002156 0.004031)
(0.004969 0.002156 0.004031)
(0.004031 0.002219 0.004031)
(0.004094 0.002219 0.004031)
(0.004156 0.002219 0.004031)
(0.004219 0.002219 0.004031)
(0.004281 0.002219 0.004031)
(0.004344 0.002219 0.004031)
(0.004406 0.002219 0.004031)
(0.004469 0.002219 0.004031)
(0.004531 0.002219 0.004031)
(0.004594 0.002219 0.004031)
(0.004656 0.002219 0.004031)
(0.004719 0.002219 0.004031)
(0.004781 0.002219 0.004031)
(0.004844 0.002219 0.004031)
(0.004906 0.002219 0.004031)
(0.004969 0.002219 0.004031)
(0.004031 0.002281 0.004031)
(0.004094 0.002281 0.004031)
(0.004156 0.002281 0.004031)
(0.004219 0.002281 0.004031)
(0.004281 0.002281 0.004031)
(0.004344 0.002281 0.004031)
(0.004406 0.002281 0.004031)
(0.004469 0.002281 0.004031)
(0.004531 0.002281 0.004031)
(0.004594 0.002281 0.004031)
(0.004656 0.002281 0.004031)
(0.004719 0.002281 0.004031)
(0.004781 0.002281 0.004031)
(0.004844 0.002281 0.004031)
(0.004906 0.002281 0.004031)
(0.004969 0.002281 0.004031)
(0.004031 0.002344 0.004031)
(0.004094 0.002344 0.004031)
(0.004156 0.002344 0.004031)
(0.004219 0.002344 0.004031)
(0.004281 0.002344 0.004031)
(0.004344 0.002344 0.004031)
(0.004406 0.002344 0.004031)
(0.004469 0.002344 0.004031)
(0.004531 0.002344 0.004031)
(0.004594 0.002344 0.004031)
(0.004656 0.002344 0.004031)
(0.004719 0.002344 0.004031)
(0.004781 0.002344 0.004031)
(0.004844 0.002344 0.004031)
(0.004906 0.002344 0.004031)
(0.004969 0.002344 0.004031)
(0.004031 0.001281 0.004094)
(0.004094 0.001281 0.004094)
(0.004156 0.001281 0.004094)
(0.004219 0.001281 0.004094)
(0.004281 0.001281 0.004094)
(0.004344 0.001281 0.004094)
(0.004406 0.001281 0.004094)
(0.004469 0.001281 0.004094)
(0.004531 0.001281 0.004094)
(0.004594 0.001281 0.004094)
(0.004656 0.001281 0.004094)
(0.004719 0.001281 0.004094)
(0.004781 0.001281 0.004094)
(0.004844 0.001281 0.004094)
(0.004906 0.001281 0.004094)
(0.004969 0.001281 0.004094)
(0.004031 0.001344 0.004094)
(0.004094 0.001344 0.004094)
(0.004156 0.001344 0.004094)
(0.004219 0.001344 0.004094)
(0.004281 0.001344 0.004094)
(0.004344 0.001344 0.004094)
(0.004406 0.001344 0.004094)
(0.004469 0.001344 0.004094)
(0.004531 0.001344 0.004094)
(0.004594 0.001344 0.004094)
(0.004656 0.001344 0.004094)
(0.004719 0.001344 0.004094)
(0.004781 0.001344 0.004094)
(0.004844 0.001344 0.004094)
(0.004906 0.001344 0.004094)
(0.004969 0.001344 0.004094)
(0.004031 0.001406 0.004094)
(0.004094 0.001406 0.004094)
(0.004156 0.001406 0.004094)
(0.004219 0.001406 0.004094)
(0.004281 0.001406 0.004094)
(0.004344 0.001406 0.004094)
(0.004406 0.001406 0.004094)
(0.004469 0.001406 0.004094)
(0.004531 0.001406 0.004094)
(0.004594 0.001406 0.004094)
(0.004656 0.001406 0.004094)
(0.004719 0.001406 0.004094)
(0.004781 0.001406 0.004094)
(0.004844 0.001406 0.004094)
(0.004906 0.001406 0.004094)
(0.004969 0.001406 0.004094)
(0.004031 0.001469 0.004094)
(0.004094 0.001469 0.004094)
(0.004156 0.001469 0.004094)
(0.004219 0.001469 0.004094)
(0.004281 0.001469 0.004094)
(0.004344 0.001469 0.004094)
(0.004406 0.001469 0.004094)
(0.004469 0.001469 0.004094)
(0.004531 0.001469 0.004094)
(0.004594 0.001469 0.004094)
(0.004656 0.001469 0.004094)
(0.004719 0.001469 0.004094)
(0.004781 0.001469 0.004094)
(0.004844 0.001469 0.004094)
(0.004906 0.001469 0.004094)
(0.004969 0.001469 0.004094)
(0.004031 0.001531 0.004094)
(0.004094 0.001531 0.004094)
(0.004156 0.001531 0.004094)
(0.004219 0.001531 0.004094)
(0.004281 0.001531 0.004094)
(0.004344 0.001531 0.004094)
(0.004406 0.001531 0.004094)
(0.004469 0.001531 0.004094)
(0.004531 0.001531 0.004094)
(0.004594 0.001531 0.004094)
(0.004656 0.001531 0.004094)
(0.004719 0.001531 0.004094)
(0.004781 0.001531 0.004094)
(0.004844 0.001531 0.004094)
(0.004906 0.001531 0.004094)
(0.004969 0.001531 0.004094)
(0.004031 0.001594 0.004094)
(0.004094 0.001594 0.004094)
(0.004156 0.001594 0.004094)
(0.004219 0.001594 0.004094)
(0.004281 0.001594 0.004094)
(0.004344 0.001594 0.004094)
(0.004406 0.001594 0.004094)
(0.004469 0.001594 0.004094)
(0.004531 0.001594 0.004094)
(0.004594 0.001594 0.004094)
(0.004656 0.001594 0.004094)
(0.004719 0.001594 0.004094)
(0.004781 0.001594 0.004094)
(0.004844 0.001594 0.004094)
(0.004906 0.001594 0.004094)
(0.004969 0.001594 0.004094)
(0.004031 0.001656 0.004094)
(0.004094 0.001656 0.004094)
(0.004156 0.001656 0.004094)
(0.004219 0.001656 0.004094)
(0.004281 0.001656 0.004094)
(0.004344 0.001656 0.004094)
(0.004406 0.001656 0.004094)
(0.004469 0.001656 0.004094)
(0.004531 0.001656 0.004094)
(0.004594 0.001656 0.004094)
(0.004656 0.001656 0.004094)
(0.004719 0.001656 0.004094)
(0.004781 0.001656 0.004094)
(0.004844 0.001656 0.004094)
(0.004906 0.001656 0.004094)
(0.004969 0.001656 0.004094)
(0.004031 0.001719 0.004094)
(0.004094 0.001719 0.004094)
(0.004156 0.001719 0.004094)
(0.004219 0.001719 0.004094)
(0.004281 0.001719 0.004094)
(0.004344 0.001719 0.004094)
(0.004406 0.001719 0.004094)
(0.004469 0.001719 0.004094)
(0.004531 0.001719 0.004094)
(0.004594 0.001719 0.004094)
(0.004656 0.001719 0.004094)
(0.004719 0.001719 0.004094)
(0.004781 0.001719 0.004094)
(0.004844 0.001719 0.004094)
(0.004906 0.001719 0.004094)
(0.004969 0.001719 0.004094)
(0.004031 0.001781 0.004094)
(0.004094 0.001781 0.004094)
(0.004156 0.001781 0.004094)
(0.004219 0.001781 0.004094)
(0.004281 0.001781 0.004094)
(0.004344 0.001781 0.004094)
(0.004406 0.001781 0.004094)
(0.004469 0.001781 0.004094)
(0.004531 0.001781 0.004094)
(0.004594 0.001781 0.004094)
(0.004656 0.001781 0.004094)
(0.004719 0.001781 0.004094)
(0.004781 0.001781 0.004094)
(0.004844 0.001781 0.004094)
(0.004906 0.001781 0.004094)
(0.004969 0.001781 0.004094)
(0.004031 0.001844 0.004094)
(0.004094 0.001844 0.004094)
(0.004156 0.001844 0.004094)
(0.004219 0.001844 0.004094)
(0.004281 0.001844 0.004094)
(0.004344 0.001844 0.004094)
(0.004406 0.001844 0.004094)
(0.004469 0.001844 0.004094)
(0.004531 0.001844 0.004094)
(0.004594 0.001844 0.004094)
(0.004656 0.001844 0.004094)
(0.004719 0.001844 0.004094)
(0.004781 0.001844 0.004094)
(0.004844 0.001844 0.004094)
(0.004906 0.001844 0.004094)
(0.004969 0.001844 0.004094)
(0.004031 0.001906 0.004094)
(0.004094 0.001906 0.004094)
(0.004156 0.001906 0.004094)
(0.004219 0.001906 0.004094)
(0.004281 0.001906 0.004094)
(0.004344 0.001906 0.004094)
(0.004406 0.001906 0.004094)
(0.004469 0.001906 0.004094)
(0.004531 0.001906 0.004094)
(0.004594 0.001906 0.004094)
(0.004656 0.001906 0.004094)
(0.004719 0.001906 0.004094)
(0.004781 0.001906 0.004094)
(0.004844 0.001906 0.004094)
(0.004906 0.001906 0.004094)
(0.004969 0.001906 0.004094)
(0.004031 0.001969 0.004094)
(0.004094 0.001969 0.004094)
(0.004156 0.001969 0.004094)
(0.004219 0.001969 0.004094)
(0.004281 0.001969 0.004094)
(0.004344 0.001969 0.004094)
(0.004406 0.001969 0.004094)
(0.004469 0.001969 0.004094)
(0.004531 0.001969 0.004094)
(0.004594 0.001969 0.004094)
(0.004656 0.001969 0.004094)
(0.004719 0.001969 0.004094)
(0.004781 0.001969 0.004094)
(0.004844 0.001969 0.004094)
(0.004906 0.001969 0.004094)
(0.004969 0.001969 0.004094)
(0.004031 0.002031 0.004094)
(0.004094 0.002031 0.004094)
(0.004156 0.002031 0.004094)
(0.004219 0.002031 0.004094)
(0.004281 0.002031 0.004094)
(0.004344 0.002031 0.004094)
(0.004406 0.002031 0.004094)
(0.004469 0.002031 0.004094)
(0.004531 0.002031 0.004094)
(0.004594 0.002031 0.004094)
(0.004656 0.002031 0.004094)
(0.004719 0.002031 0.004094)
(0.004781 0.002031 0.004094)
(0.004844 0.002031 0.004094)
(0.004906 0.002031 0.004094)
(0.004969 0.002031 0.004094)
(0.004031 0.002094 0.004094)
(0.004094 0.002094 0.004094)
(0.004156 0.002094 0.004094)
(0.004219 0.002094 0.004094)
(0.004281 0.002094 0.004094)
(0.004344 0.002094 0.004094)
(0.004406 0.002094 0.004094)
(0.004469 0.002094 0.004094)
(0.004531 0.002094 0.004094)
(0.004594 0.002094 0.004094)
(0.004656 0.002094 0.004094)
(0.004719 0.002094 0.004094)
(0.004781 0.002094 0.004094)
(0.004844 0.002094 0.004094)
(0.004906 0.002094 0.004094)
(0.004969 0.002094 0.004094)
(0.004031 0.002156 0.004094)
(0.004094 0.002156 0.004094)
(0.004156 0.002156 0.004094)
(0.004219 0.002156 0.004094)
(0.004281 0.002156 0.004094)
(0.004344 0.002156 0.004094)
(0.004406 0.002156 0.004094)
(0.004469 0.002156 0.004094)
(0.004531 0.002156 0.004094)
(0.004594 0.002156 0.004094)
(0.004656 0.002156 0.004094)
(0.004719 0.002156 0.004094)
(0.004781 0.002156 0.004094)
(0.004844 0.002156 0.004094)
(0.004906 0.002156 0.004094)
(0.004969 0.002156 0.004094)
(0.004031 0.002219 0.004094)
(0.004094 0.002219 0.004094)
(0.004156 0.002219 0.004094)
(0.004219 0.002219 0.004094)
(0.004281 0.002219 0.004094)
(0.004344 0.002219 0.004094)
(0.004406 0.002219 0.004094)
(0.004469 0.002219 0.004094)
(0.004531 0.002219 0.004094)
(0.004594 0.002219 0.004094)
(0.004656 0.002219 0.004094)
(0.004719 0.002219 0.004094)
(0.004781 0.002219 0.004094)
(0.004844 0.002219 0.004094)
(0.004906 0.002219 0.004094)
(0.004969 0.002219 0.004094)
(0.004031 0.002281 0.004094)
(0.004094 0.002281 0.004094)
(0.004156 0.002281 0.004094)
(0.004219 0.002281 0.004094)
(0.004281 0.002281 0.004094)
(0.004344 0.002281 0.004094)
(0.004406 0.002281 0.004094)
(0.004469 0.002281 0.004094)
(0.004531 0.002281 0.004094)
(0.004594 0.002281 0.004094)
(0.004656 0.002281 0.004094)
(0.004719 0.002281 0.004094)
(0.004781 0.002281 0.004094)
(0.004844 0.002281 0.004094)
(0.004906 0.002281 0.004094)
(0.004969 0.002281 0.004094)
(0.004031 0.002344 0.004094)
(0.004094 0.002344 0.004094)
(0.004156 0.002344 0.004094)
(0.004219 0.002344 0.004094)
(0.004281 0.002344 0.004094)
(0.004344 0.002344 0.004094)
(0.004406 0.002344 0.004094)
(0.004469 0.002344 0.004094)
(0.004531 0.002344 0.004094)
(0.004594 0.002344 0.004094)
(0.004656 0.002344 0.004094)
(0.004719 0.002344 0.004094)
(0.004781 0.002344 0.004094)
(0.004844 0.002344 0.004094)
(0.004906 0.002344 0.004094)
(0.004969 0.002344 0.004094)
(0.004031 0.001281 0.004156)
(0.004094 0.001281 0.004156)
(0.004156 0.001281 0.004156)
(0.004219 0.001281 0.004156)
(0.004281 0.001281 0.004156)
(0.004344 0.001281 0.004156)
(0.004406 0.001281 0.004156)
(0.004469 0.001281 0.004156)
(0.004531 0.001281 0.004156)
(0.004594 0.001281 0.004156)
(0.004656 0.001281 0.004156)
(0.004719 0.001281 0.004156)
(0.004781 0.001281 0.004156)
(0.004844 0.001281 0.004156)
(0.004906 0.001281 0.004156)
(0.004969 0.001281 0.004156)
(0.004031 0.001344 0.004156)
(0.004094 0.001344 0.004156)
(0.004156 0.001344 0.004156)
(0.004219 0.001344 0.004156)
(0.004281 0.001344 0.004156)
(0.004344 0.001344 0.004156)
(0.004406 0.001344 0.004156)
(0.004469 0.001344 0.004156)
(0.004531 0.001344 0.004156)
(0.004594 0.001344 0.004156)
(0.004656 0.001344 0.004156)
(0.004719 0.001344 0.004156)
(0.004781 0.001344 0.004156)
(0.004844 0.001344 0.004156)
(0.004906 0.001344 0.004156)
(0.004969 0.001344 0.004156)
(0.004031 0.001406 0.004156)
(0.004094 0.001406 0.004156)
(0.004156 0.001406 0.004156)
(0.004219 0.001406 0.004156)
(0.004281 0.001406 0.004156)
(0.004344 0.001406 0.004156)
(0.004406 0.001406 0.004156)
(0.004469 0.001406 0.004156)
(0.004531 0.001406 0.004156)
(0.004594 0.001406 0.004156)
(0.004656 0.001406 0.004156)
(0.004719 0.001406 0.004156)
(0.004781 0.001406 0.004156)
(0.004844 0.001406 0.004156)
(0.004906 0.001406 0.004156)
(0.004969 0.001406 0.004156)
(0.004031 0.001469 0.004156)
(0.004094 0.001469 0.004156)
(0.004156 0.001469 0.004156)
(0.004219 0.001469 0.004156)
(0.004281 0.001469 0.004156)
(0.004344 0.001469 0.004156)
(0.004406 0.001469 0.004156)
(0.004469 0.001469 0.004156)
(0.004531 0.001469 0.004156)
(0.004594 0.001469 0.004156)
(0.004656 0.001469 0.004156)
(0.004719 0.001469 0.004156)
(0.004781 0.001469 0.004156)
(0.004844 0.001469 0.004156)
(0.004906 0.001469 0.004156)
(0.004969 0.001469 0.004156)
(0.004031 0.001531 0.004156)
(0.004094 0.001531 0.004156)
(0.004156 0.001531 0.004156)
(0.004219 0.001531 0.004156)
(0.004281 0.001531 0.004156)
(0.004344 0.001531 0.004156)
(0.004406 0.001531 0.004156)
(0.004469 0.001531 0.004156)
(0.004531 0.001531 0.004156)
(0.004594 0.001531 0.004156)
(0.004656 0.001531 0.004156)
(0.004719 0.001531 0.004156)
(0.004781 0.001531 0.004156)
(0.004844 0.001531 0.004156)
(0.004906 0.001531 0.004156)
(0.004969 0.001531 0.004156)
(0.004031 0.001594 0.004156)
(0.004094 0.001594 0.004156)
(0.004156 0.001594 0.004156)
(0.004219 0.001594 0.004156)
(0.004281 0.001594 0.004156)
(0.004344 0.001594 0.004156)
(0.004406 0.001594 0.004156)
(0.004469 0.001594 0.004156)
(0.004531 0.001594 0.004156)
(0.004594 0.001594 0.004156)
(0.004656 0.001594 0.004156)
(0.004719 0.001594 0.004156)
(0.004781 0.001594 0.004156)
(0.004844 0.001594 0.004156)
(0.004906 0.001594 0.004156)
(0.004969 0.001594 0.004156)
(0.004031 0.001656 0.004156)
(0.004094 0.001656 0.004156)
(0.004156 0.001656 0.004156)
(0.004219 0.001656 0.004156)
(0.004281 0.001656 0.004156)
(0.004344 0.001656 0.004156)
(0.004406 0.001656 0.004156)
(0.004469 0.001656 0.004156)
(0.004531 0.001656 0.004156)
(0.004594 0.001656 0.004156)
(0.004656 0.001656 0.004156)
(0.004719 0.001656 0.004156)
(0.004781 0.001656 0.004156)
(0.004844 0.001656 0.004156)
(0.004906 0.001656 0.004156)
(0.004969 0.001656 0.004156)
(0.004031 0.001719 0.004156)
(0.004094 0.001719 0.004156)
(0.004156 0.001719 0.004156)
(0.004219 0.001719 0.004156)
(0.004281 0.001719 0.004156)
(0.004344 0.001719 0.004156)
(0.004406 0.001719 0.004156)
(0.004469 0.001719 0.004156)
(0.004531 0.001719 0.004156)
(0.004594 0.001719 0.004156)
(0.004656 0.001719 0.004156)
(0.004719 0.001719 0.004156)
(0.004781 0.001719 0.004156)
(0.004844 0.001719 0.004156)
(0.004906 0.001719 0.004156)
(0.004969 0.001719 0.004156)
(0.004031 0.001781 0.004156)
(0.004094 0.001781 0.004156)
(0.004156 0.001781 0.004156)
(0.004219 0.001781 0.004156)
(0.004281 0.001781 0.004156)
(0.004344 0.001781 0.004156)
(0.004406 0.001781 0.004156)
(0.004469 0.001781 0.004156)
(0.004531 0.001781 0.004156)
(0.004594 0.001781 0.004156)
(0.004656 0.001781 0.004156)
(0.004719 0.001781 0.004156)
(0.004781 0.001781 0.004156)
(0.004844 0.001781 0.004156)
(0.004906 0.001781 0.004156)
(0.004969 0.001781 0.004156)
(0.004031 0.001844 0.004156)
(0.004094 0.001844 0.004156)
(0.004156 0.001844 0.004156)
(0.004219 0.001844 0.004156)
(0.004281 0.001844 0.004156)
(0.004344 0.001844 0.004156)
(0.004406 0.001844 0.004156)
(0.004469 0.001844 0.004156)
(0.004531 0.001844 0.004156)
(0.004594 0.001844 0.004156)
(0.004656 0.001844 0.004156)
(0.004719 0.001844 0.004156)
(0.004781 0.001844 0.004156)
(0.004844 0.001844 0.004156)
(0.004906 0.001844 0.004156)
(0.004969 0.001844 0.004156)
(0.004031 0.001906 0.004156)
(0.004094 0.001906 0.004156)
(0.004156 0.001906 0.004156)
(0.004219 0.001906 0.004156)
(0.004281 0.001906 0.004156)
(0.004344 0.001906 0.004156)
(0.004406 0.001906 0.004156)
(0.004469 0.001906 0.004156)
(0.004531 0.001906 0.004156)
(0.004594 0.001906 0.004156)
(0.004656 0.001906 0.004156)
(0.004719 0.001906 0.004156)
(0.004781 0.001906 0.004156)
(0.004844 0.001906 0.004156)
(0.004906 0.001906 0.004156)
(0.004969 0.001906 0.004156)
(0.004031 0.001969 0.004156)
(0.004094 0.001969 0.004156)
(0.004156 0.001969 0.004156)
(0.004219 0.001969 0.004156)
(0.004281 0.001969 0.004156)
(0.004344 0.001969 0.004156)
(0.004406 0.001969 0.004156)
(0.004469 0.001969 0.004156)
(0.004531 0.001969 0.004156)
(0.004594 0.001969 0.004156)
(0.004656 0.001969 0.004156)
(0.004719 0.001969 0.004156)
(0.004781 0.001969 0.004156)
(0.004844 0.001969 0.004156)
(0.004906 0.001969 0.004156)
(0.004969 0.001969 0.004156)
(0.004031 0.002031 0.004156)
(0.004094 0.002031 0.004156)
(0.004156 0.002031 0.004156)
(0.004219 0.002031 0.004156)
(0.004281 0.002031 0.004156)
(0.004344 0.002031 0.004156)
(0.004406 0.002031 0.004156)
(0.004469 0.002031 0.004156)
(0.004531 0.002031 0.004156)
(0.004594 0.002031 0.004156)
(0.004656 0.002031 0.004156)
(0.004719 0.002031 0.004156)
(0.004781 0.002031 0.004156)
(0.004844 0.002031 0.004156)
(0.004906 0.002031 0.004156)
(0.004969 0.002031 0.004156)
(0.004031 0.002094 0.004156)
(0.004094 0.002094 0.004156)
(0.004156 0.002094 0.004156)
(0.004219 0.002094 0.004156)
(0.004281 0.002094 0.004156)
(0.004344 0.002094 0.004156)
(0.004406 0.002094 0.004156)
(0.004469 0.002094 0.004156)
(0.004531 0.002094 0.004156)
(0.004594 0.002094 0.004156)
(0.004656 0.002094 0.004156)
(0.004719 0.002094 0.004156)
(0.004781 0.002094 0.004156)
(0.004844 0.002094 0.004156)
(0.004906 0.002094 0.004156)
(0.004969 0.002094 0.004156)
(0.004031 0.002156 0.004156)
(0.004094 0.002156 0.004156)
(0.004156 0.002156 0.004156)
(0.004219 0.002156 0.004156)
(0.004281 0.002156 0.004156)
(0.004344 0.002156 0.004156)
(0.004406 0.002156 0.004156)
(0.004469 0.002156 0.004156)
(0.004531 0.002156 0.004156)
(0.004594 0.002156 0.004156)
(0.004656 0.002156 0.004156)
(0.004719 0.002156 0.004156)
(0.004781 0.002156 0.004156)
(0.004844 0.002156 0.004156)
(0.004906 0.002156 0.004156)
(0.004969 0.002156 0.004156)
(0.004031 0.002219 0.004156)
(0.004094 0.002219 0.004156)
(0.004156 0.002219 0.004156)
(0.004219 0.002219 0.004156)
(0.004281 0.002219 0.004156)
(0.004344 0.002219 0.004156)
(0.004406 0.002219 0.004156)
(0.004469 0.002219 0.004156)
(0.004531 0.002219 0.004156)
(0.004594 0.002219 0.004156)
(0.004656 0.002219 0.004156)
(0.004719 0.002219 0.004156)
(0.004781 0.002219 0.004156)
(0.004844 0.002219 0.004156)
(0.004906 0.002219 0.004156)
(0.004969 0.002219 0.004156)
(0.004031 0.002281 0.004156)
(0.004094 0.002281 0.004156)
(0.004156 0.002281 0.004156)
(0.004219 0.002281 0.004156)
(0.004281 0.002281 0.004156)
(0.004344 0.002281 0.004156)
(0.004406 0.002281 0.004156)
(0.004469 0.002281 0.004156)
(0.004531 0.002281 0.004156)
(0.004594 0.002281 0.004156)
(0.004656 0.002281 0.004156)
(0.004719 0.002281 0.004156)
(0.004781 0.002281 0.004156)
(0.004844 0.002281 0.004156)
(0.004906 0.002281 0.004156)
(0.004969 0.002281 0.004156)
(0.004031 0.002344 0.004156)
(0.004094 0.002344 0.004156)
(0.004156 0.002344 0.004156)
(0.004219 0.002344 0.004156)
(0.004281 0.002344 0.004156)
(0.004344 0.002344 0.004156)
(0.004406 0.002344 0.004156)
(0.004469 0.002344 0.004156)
(0.004531 0.002344 0.004156)
(0.004594 0.002344 0.004156)
(0.004656 0.002344 0.004156)
(0.004719 0.002344 0.004156)
(0.004781 0.002344 0.004156)
(0.004844 0.002344 0.004156)
(0.004906 0.002344 0.004156)
(0.004969 0.002344 0.004156)
(0.004031 0.001281 0.004219)
(0.004094 0.001281 0.004219)
(0.004156 0.001281 0.004219)
(0.004219 0.001281 0.004219)
(0.004281 0.001281 0.004219)
(0.004344 0.001281 0.004219)
(0.004406 0.001281 0.004219)
(0.004469 0.001281 0.004219)
(0.004531 0.001281 0.004219)
(0.004594 0.001281 0.004219)
(0.004656 0.001281 0.004219)
(0.004719 0.001281 0.004219)
(0.004781 0.001281 0.004219)
(0.004844 0.001281 0.004219)
(0.004906 0.001281 0.004219)
(0.004969 0.001281 0.004219)
(0.004031 0.001344 0.004219)
(0.004094 0.001344 0.004219)
(0.004156 0.001344 0.004219)
(0.004219 0.001344 0.004219)
(0.004281 0.001344 0.004219)
(0.004344 0.001344 0.004219)
(0.004406 0.001344 0.004219)
(0.004469 0.001344 0.004219)
(0.004531 0.001344 0.004219)
(0.004594 0.001344 0.004219)
(0.004656 0.001344 0.004219)
(0.004719 0.001344 0.004219)
(0.004781 0.001344 0.004219)
(0.004844 0.001344 0.004219)
(0.004906 0.001344 0.004219)
(0.004969 0.001344 0.004219)
(0.004031 0.001406 0.004219)
(0.004094 0.001406 0.004219)
(0.004156 0.001406 0.004219)
(0.004219 0.001406 0.004219)
(0.004281 0.001406 0.004219)
(0.004344 0.001406 0.004219)
(0.004406 0.001406 0.004219)
(0.004469 0.001406 0.004219)
(0.004531 0.001406 0.004219)
(0.004594 0.001406 0.004219)
(0.004656 0.001406 0.004219)
(0.004719 0.001406 0.004219)
(0.004781 0.001406 0.004219)
(0.004844 0.001406 0.004219)
(0.004906 0.001406 0.004219)
(0.004969 0.001406 0.004219)
(0.004031 0.001469 0.004219)
(0.004094 0.001469 0.004219)
(0.004156 0.001469 0.004219)
(0.004219 0.001469 0.004219)
(0.004281 0.001469 0.004219)
(0.004344 0.001469 0.004219)
(0.004406 0.001469 0.004219)
(0.004469 0.001469 0.004219)
(0.004531 0.001469 0.004219)
(0.004594 0.001469 0.004219)
(0.004656 0.001469 0.004219)
(0.004719 0.001469 0.004219)
(0.004781 0.001469 0.004219)
(0.004844 0.001469 0.004219)
(0.004906 0.001469 0.004219)
(0.004969 0.001469 0.004219)
(0.004031 0.001531 0.004219)
(0.004094 0.001531 0.004219)
(0.004156 0.001531 0.004219)
(0.004219 0.001531 0.004219)
(0.004281 0.001531 0.004219)
(0.004344 0.001531 0.004219)
(0.004406 0.001531 0.004219)
(0.004469 0.001531 0.004219)
(0.004531 0.001531 0.004219)
(0.004594 0.001531 0.004219)
(0.004656 0.001531 0.004219)
(0.004719 0.001531 0.004219)
(0.004781 0.001531 0.004219)
(0.004844 0.001531 0.004219)
(0.004906 0.001531 0.004219)
(0.004969 0.001531 0.004219)
(0.004031 0.001594 0.004219)
(0.004094 0.001594 0.004219)
(0.004156 0.001594 0.004219)
(0.004219 0.001594 0.004219)
(0.004281 0.001594 0.004219)
(0.004344 0.001594 0.004219)
(0.004406 0.001594 0.004219)
(0.004469 0.001594 0.004219)
(0.004531 0.001594 0.004219)
(0.004594 0.001594 0.004219)
(0.004656 0.001594 0.004219)
(0.004719 0.001594 0.004219)
(0.004781 0.001594 0.004219)
(0.004844 0.001594 0.004219)
(0.004906 0.001594 0.004219)
(0.004969 0.001594 0.004219)
(0.004031 0.001656 0.004219)
(0.004094 0.001656 0.004219)
(0.004156 0.001656 0.004219)
(0.004219 0.001656 0.004219)
(0.004281 0.001656 0.004219)
(0.004344 0.001656 0.004219)
(0.004406 0.001656 0.004219)
(0.004469 0.001656 0.004219)
(0.004531 0.001656 0.004219)
(0.004594 0.001656 0.004219)
(0.004656 0.001656 0.004219)
(0.004719 0.001656 0.004219)
(0.004781 0.001656 0.004219)
(0.004844 0.001656 0.004219)
(0.004906 0.001656 0.004219)
(0.004969 0.001656 0.004219)
(0.004031 0.001719 0.004219)
(0.004094 0.001719 0.004219)
(0.004156 0.001719 0.004219)
(0.004219 0.001719 0.004219)
(0.004281 0.001719 0.004219)
(0.004344 0.001719 0.004219)
(0.004406 0.001719 0.004219)
(0.004469 0.001719 0.004219)
(0.004531 0.001719 0.004219)
(0.004594 0.001719 0.004219)
(0.004656 0.001719 0.004219)
(0.004719 0.001719 0.004219)
(0.004781 0.001719 0.004219)
(0.004844 0.001719 0.004219)
(0.004906 0.001719 0.004219)
(0.004969 0.001719 0.004219)
(0.004031 0.001781 0.004219)
(0.004094 0.001781 0.004219)
(0.004156 0.001781 0.004219)
(0.004219 0.001781 0.004219)
(0.004281 0.001781 0.004219)
(0.004344 0.001781 0.004219)
(0.004406 0.001781 0.004219)
(0.004469 0.001781 0.004219)
(0.004531 0.001781 0.004219)
(0.004594 0.001781 0.004219)
(0.004656 0.001781 0.004219)
(0.004719 0.001781 0.004219)
(0.004781 0.001781 0.004219)
(0.004844 0.001781 0.004219)
(0.004906 0.001781 0.004219)
(0.004969 0.001781 0.004219)
(0.004031 0.001844 0.004219)
(0.004094 0.001844 0.004219)
(0.004156 0.001844 0.004219)
(0.004219 0.001844 0.004219)
(0.004281 0.001844 0.004219)
(0.004344 0.001844 0.004219)
(0.004406 0.001844 0.004219)
(0.004469 0.001844 0.004219)
(0.004531 0.001844 0.004219)
(0.004594 0.001844 0.004219)
(0.004656 0.001844 0.004219)
(0.004719 0.001844 0.004219)
(0.004781 0.001844 0.004219)
(0.004844 0.001844 0.004219)
(0.004906 0.001844 0.004219)
(0.004969 0.001844 0.004219)
(0.004031 0.001906 0.004219)
(0.004094 0.001906 0.004219)
(0.004156 0.001906 0.004219)
(0.004219 0.001906 0.004219)
(0.004281 0.001906 0.004219)
(0.004344 0.001906 0.004219)
(0.004406 0.001906 0.004219)
(0.004469 0.001906 0.004219)
(0.004531 0.001906 0.004219)
(0.004594 0.001906 0.004219)
(0.004656 0.001906 0.004219)
(0.004719 0.001906 0.004219)
(0.004781 0.001906 0.004219)
(0.004844 0.001906 0.004219)
(0.004906 0.001906 0.004219)
(0.004969 0.001906 0.004219)
(0.004031 0.001969 0.004219)
(0.004094 0.001969 0.004219)
(0.004156 0.001969 0.004219)
(0.004219 0.001969 0.004219)
(0.004281 0.001969 0.004219)
(0.004344 0.001969 0.004219)
(0.004406 0.001969 0.004219)
(0.004469 0.001969 0.004219)
(0.004531 0.001969 0.004219)
(0.004594 0.001969 0.004219)
(0.004656 0.001969 0.004219)
(0.004719 0.001969 0.004219)
(0.004781 0.001969 0.004219)
(0.004844 0.001969 0.004219)
(0.004906 0.001969 0.004219)
(0.004969 0.001969 0.004219)
(0.004031 0.002031 0.004219)
(0.004094 0.002031 0.004219)
(0.004156 0.002031 0.004219)
(0.004219 0.002031 0.004219)
(0.004281 0.002031 0.004219)
(0.004344 0.002031 0.004219)
(0.004406 0.002031 0.004219)
(0.004469 0.002031 0.004219)
(0.004531 0.002031 0.004219)
(0.004594 0.002031 0.004219)
(0.004656 0.002031 0.004219)
(0.004719 0.002031 0.004219)
(0.004781 0.002031 0.004219)
(0.004844 0.002031 0.004219)
(0.004906 0.002031 0.004219)
(0.004969 0.002031 0.004219)
(0.004031 0.002094 0.004219)
(0.004094 0.002094 0.004219)
(0.004156 0.002094 0.004219)
(0.004219 0.002094 0.004219)
(0.004281 0.002094 0.004219)
(0.004344 0.002094 0.004219)
(0.004406 0.002094 0.004219)
(0.004469 0.002094 0.004219)
(0.004531 0.002094 0.004219)
(0.004594 0.002094 0.004219)
(0.004656 0.002094 0.004219)
(0.004719 0.002094 0.004219)
(0.004781 0.002094 0.004219)
(0.004844 0.002094 0.004219)
(0.004906 0.002094 0.004219)
(0.004969 0.002094 0.004219)
(0.004031 0.002156 0.004219)
(0.004094 0.002156 0.004219)
(0.004156 0.002156 0.004219)
(0.004219 0.002156 0.004219)
(0.004281 0.002156 0.004219)
(0.004344 0.002156 0.004219)
(0.004406 0.002156 0.004219)
(0.004469 0.002156 0.004219)
(0.004531 0.002156 0.004219)
(0.004594 0.002156 0.004219)
(0.004656 0.002156 0.004219)
(0.004719 0.002156 0.004219)
(0.004781 0.002156 0.004219)
(0.004844 0.002156 0.004219)
(0.004906 0.002156 0.004219)
(0.004969 0.002156 0.004219)
(0.004031 0.002219 0.004219)
(0.004094 0.002219 0.004219)
(0.004156 0.002219 0.004219)
(0.004219 0.002219 0.004219)
(0.004281 0.002219 0.004219)
(0.004344 0.002219 0.004219)
(0.004406 0.002219 0.004219)
(0.004469 0.002219 0.004219)
(0.004531 0.002219 0.004219)
(0.004594 0.002219 0.004219)
(0.004656 0.002219 0.004219)
(0.004719 0.002219 0.004219)
(0.004781 0.002219 0.004219)
(0.004844 0.002219 0.004219)
(0.004906 0.002219 0.004219)
(0.004969 0.002219 0.004219)
(0.004031 0.002281 0.004219)
(0.004094 0.002281 0.004219)
(0.004156 0.002281 0.004219)
(0.004219 0.002281 0.004219)
(0.004281 0.002281 0.004219)
(0.004344 0.002281 0.004219)
(0.004406 0.002281 0.004219)
(0.004469 0.002281 0.004219)
(0.004531 0.002281 0.004219)
(0.004594 0.002281 0.004219)
(0.004656 0.002281 0.004219)
(0.004719 0.002281 0.004219)
(0.004781 0.002281 0.004219)
(0.004844 0.002281 0.004219)
(0.004906 0.002281 0.004219)
(0.004969 0.002281 0.004219)
(0.004031 0.002344 0.004219)
(0.004094 0.002344 0.004219)
(0.004156 0.002344 0.004219)
(0.004219 0.002344 0.004219)
(0.004281 0.002344 0.004219)
(0.004344 0.002344 0.004219)
(0.004406 0.002344 0.004219)
(0.004469 0.002344 0.004219)
(0.004531 0.002344 0.004219)
(0.004594 0.002344 0.004219)
(0.004656 0.002344 0.004219)
(0.004719 0.002344 0.004219)
(0.004781 0.002344 0.004219)
(0.004844 0.002344 0.004219)
(0.004906 0.002344 0.004219)
(0.004969 0.002344 0.004219)
(0.004031 0.001281 0.004281)
(0.004094 0.001281 0.004281)
(0.004156 0.001281 0.004281)
(0.004219 0.001281 0.004281)
(0.004281 0.001281 0.004281)
(0.004344 0.001281 0.004281)
(0.004406 0.001281 0.004281)
(0.004469 0.001281 0.004281)
(0.004531 0.001281 0.004281)
(0.004594 0.001281 0.004281)
(0.004656 0.001281 0.004281)
(0.004719 0.001281 0.004281)
(0.004781 0.001281 0.004281)
(0.004844 0.001281 0.004281)
(0.004906 0.001281 0.004281)
(0.004969 0.001281 0.004281)
(0.004031 0.001344 0.004281)
(0.004094 0.001344 0.004281)
(0.004156 0.001344 0.004281)
(0.004219 0.001344 0.004281)
(0.004281 0.001344 0.004281)
(0.004344 0.001344 0.004281)
(0.004406 0.001344 0.004281)
(0.004469 0.001344 0.004281)
(0.004531 0.001344 0.004281)
(0.004594 0.001344 0.004281)
(0.004656 0.001344 0.004281)
(0.004719 0.001344 0.004281)
(0.004781 0.001344 0.004281)
(0.004844 0.001344 0.004281)
(0.004906 0.001344 0.004281)
(0.004969 0.001344 0.004281)
(0.004031 0.001406 0.004281)
(0.004094 0.001406 0.004281)
(0.004156 0.001406 0.004281)
(0.004219 0.001406 0.004281)
(0.004281 0.001406 0.004281)
(0.004344 0.001406 0.004281)
(0.004406 0.001406 0.004281)
(0.004469 0.001406 0.004281)
(0.004531 0.001406 0.004281)
(0.004594 0.001406 0.004281)
(0.004656 0.001406 0.004281)
(0.004719 0.001406 0.004281)
(0.004781 0.001406 0.004281)
(0.004844 0.001406 0.004281)
(0.004906 0.001406 0.004281)
(0.004969 0.001406 0.004281)
(0.004031 0.001469 0.004281)
(0.004094 0.001469 0.004281)
(0.004156 0.001469 0.004281)
(0.004219 0.001469 0.004281)
(0.004281 0.001469 0.004281)
(0.004344 0.001469 0.004281)
(0.004406 0.001469 0.004281)
(0.004469 0.001469 0.004281)
(0.004531 0.001469 0.004281)
(0.004594 0.001469 0.004281)
(0.004656 0.001469 0.004281)
(0.004719 0.001469 0.004281)
(0.004781 0.001469 0.004281)
(0.004844 0.001469 0.004281)
(0.004906 0.001469 0.004281)
(0.004969 0.001469 0.004281)
(0.004031 0.001531 0.004281)
(0.004094 0.001531 0.004281)
(0.004156 0.001531 0.004281)
(0.004219 0.001531 0.004281)
(0.004281 0.001531 0.004281)
(0.004344 0.001531 0.004281)
(0.004406 0.001531 0.004281)
(0.004469 0.001531 0.004281)
(0.004531 0.001531 0.004281)
(0.004594 0.001531 0.004281)
(0.004656 0.001531 0.004281)
(0.004719 0.001531 0.004281)
(0.004781 0.001531 0.004281)
(0.004844 0.001531 0.004281)
(0.004906 0.001531 0.004281)
(0.004969 0.001531 0.004281)
(0.004031 0.001594 0.004281)
(0.004094 0.001594 0.004281)
(0.004156 0.001594 0.004281)
(0.004219 0.001594 0.004281)
(0.004281 0.001594 0.004281)
(0.004344 0.001594 0.004281)
(0.004406 0.001594 0.004281)
(0.004469 0.001594 0.004281)
(0.004531 0.001594 0.004281)
(0.004594 0.001594 0.004281)
(0.004656 0.001594 0.004281)
(0.004719 0.001594 0.004281)
(0.004781 0.001594 0.004281)
(0.004844 0.001594 0.004281)
(0.004906 0.001594 0.004281)
(0.004969 0.001594 0.004281)
(0.004031 0.001656 0.004281)
(0.004094 0.001656 0.004281)
(0.004156 0.001656 0.004281)
(0.004219 0.001656 0.004281)
(0.004281 0.001656 0.004281)
(0.004344 0.001656 0.004281)
(0.004406 0.001656 0.004281)
(0.004469 0.001656 0.004281)
(0.004531 0.001656 0.004281)
(0.004594 0.001656 0.004281)
(0.004656 0.001656 0.004281)
(0.004719 0.001656 0.004281)
(0.004781 0.001656 0.004281)
(0.004844 0.001656 0.004281)
(0.004906 0.001656 0.004281)
(0.004969 0.001656 0.004281)
(0.004031 0.001719 0.004281)
(0.004094 0.001719 0.004281)
(0.004156 0.001719 0.004281)
(0.004219 0.001719 0.004281)
(0.004281 0.001719 0.004281)
(0.004344 0.001719 0.004281)
(0.004406 0.001719 0.004281)
(0.004469 0.001719 0.004281)
(0.004531 0.001719 0.004281)
(0.004594 0.001719 0.004281)
(0.004656 0.001719 0.004281)
(0.004719 0.001719 0.004281)
(0.004781 0.001719 0.004281)
(0.004844 0.001719 0.004281)
(0.004906 0.001719 0.004281)
(0.004969 0.001719 0.004281)
(0.004031 0.001781 0.004281)
(0.004094 0.001781 0.004281)
(0.004156 0.001781 0.004281)
(0.004219 0.001781 0.004281)
(0.004281 0.001781 0.004281)
(0.004344 0.001781 0.004281)
(0.004406 0.001781 0.004281)
(0.004469 0.001781 0.004281)
(0.004531 0.001781 0.004281)
(0.004594 0.001781 0.004281)
(0.004656 0.001781 0.004281)
(0.004719 0.001781 0.004281)
(0.004781 0.001781 0.004281)
(0.004844 0.001781 0.004281)
(0.004906 0.001781 0.004281)
(0.004969 0.001781 0.004281)
(0.004031 0.001844 0.004281)
(0.004094 0.001844 0.004281)
(0.004156 0.001844 0.004281)
(0.004219 0.001844 0.004281)
(0.004281 0.001844 0.004281)
(0.004344 0.001844 0.004281)
(0.004406 0.001844 0.004281)
(0.004469 0.001844 0.004281)
(0.004531 0.001844 0.004281)
(0.004594 0.001844 0.004281)
(0.004656 0.001844 0.004281)
(0.004719 0.001844 0.004281)
(0.004781 0.001844 0.004281)
(0.004844 0.001844 0.004281)
(0.004906 0.001844 0.004281)
(0.004969 0.001844 0.004281)
(0.004031 0.001906 0.004281)
(0.004094 0.001906 0.004281)
(0.004156 0.001906 0.004281)
(0.004219 0.001906 0.004281)
(0.004281 0.001906 0.004281)
(0.004344 0.001906 0.004281)
(0.004406 0.001906 0.004281)
(0.004469 0.001906 0.004281)
(0.004531 0.001906 0.004281)
(0.004594 0.001906 0.004281)
(0.004656 0.001906 0.004281)
(0.004719 0.001906 0.004281)
(0.004781 0.001906 0.004281)
(0.004844 0.001906 0.004281)
(0.004906 0.001906 0.004281)
(0.004969 0.001906 0.004281)
(0.004031 0.001969 0.004281)
(0.004094 0.001969 0.004281)
(0.004156 0.001969 0.004281)
(0.004219 0.001969 0.004281)
(0.004281 0.001969 0.004281)
(0.004344 0.001969 0.004281)
(0.004406 0.001969 0.004281)
(0.004469 0.001969 0.004281)
(0.004531 0.001969 0.004281)
(0.004594 0.001969 0.004281)
(0.004656 0.001969 0.004281)
(0.004719 0.001969 0.004281)
(0.004781 0.001969 0.004281)
(0.004844 0.001969 0.004281)
(0.004906 0.001969 0.004281)
(0.004969 0.001969 0.004281)
(0.004031 0.002031 0.004281)
(0.004094 0.002031 0.004281)
(0.004156 0.002031 0.004281)
(0.004219 0.002031 0.004281)
(0.004281 0.002031 0.004281)
(0.004344 0.002031 0.004281)
(0.004406 0.002031 0.004281)
(0.004469 0.002031 0.004281)
(0.004531 0.002031 0.004281)
(0.004594 0.002031 0.004281)
(0.004656 0.002031 0.004281)
(0.004719 0.002031 0.004281)
(0.004781 0.002031 0.004281)
(0.004844 0.002031 0.004281)
(0.004906 0.002031 0.004281)
(0.004969 0.002031 0.004281)
(0.004031 0.002094 0.004281)
(0.004094 0.002094 0.004281)
(0.004156 0.002094 0.004281)
(0.004219 0.002094 0.004281)
(0.004281 0.002094 0.004281)
(0.004344 0.002094 0.004281)
(0.004406 0.002094 0.004281)
(0.004469 0.002094 0.004281)
(0.004531 0.002094 0.004281)
(0.004594 0.002094 0.004281)
(0.004656 0.002094 0.004281)
(0.004719 0.002094 0.004281)
(0.004781 0.002094 0.004281)
(0.004844 0.002094 0.004281)
(0.004906 0.002094 0.004281)
(0.004969 0.002094 0.004281)
(0.004031 0.002156 0.004281)
(0.004094 0.002156 0.004281)
(0.004156 0.002156 0.004281)
(0.004219 0.002156 0.004281)
(0.004281 0.002156 0.004281)
(0.004344 0.002156 0.004281)
(0.004406 0.002156 0.004281)
(0.004469 0.002156 0.004281)
(0.004531 0.002156 0.004281)
(0.004594 0.002156 0.004281)
(0.004656 0.002156 0.004281)
(0.004719 0.002156 0.004281)
(0.004781 0.002156 0.004281)
(0.004844 0.002156 0.004281)
(0.004906 0.002156 0.004281)
(0.004969 0.002156 0.004281)
(0.004031 0.002219 0.004281)
(0.004094 0.002219 0.004281)
(0.004156 0.002219 0.004281)
(0.004219 0.002219 0.004281)
(0.004281 0.002219 0.004281)
(0.004344 0.002219 0.004281)
(0.004406 0.002219 0.004281)
(0.004469 0.002219 0.004281)
(0.004531 0.002219 0.004281)
(0.004594 0.002219 0.004281)
(0.004656 0.002219 0.004281)
(0.004719 0.002219 0.004281)
(0.004781 0.002219 0.004281)
(0.004844 0.002219 0.004281)
(0.004906 0.002219 0.004281)
(0.004969 0.002219 0.004281)
(0.004031 0.002281 0.004281)
(0.004094 0.002281 0.004281)
(0.004156 0.002281 0.004281)
(0.004219 0.002281 0.004281)
(0.004281 0.002281 0.004281)
(0.004344 0.002281 0.004281)
(0.004406 0.002281 0.004281)
(0.004469 0.002281 0.004281)
(0.004531 0.002281 0.004281)
(0.004594 0.002281 0.004281)
(0.004656 0.002281 0.004281)
(0.004719 0.002281 0.004281)
(0.004781 0.002281 0.004281)
(0.004844 0.002281 0.004281)
(0.004906 0.002281 0.004281)
(0.004969 0.002281 0.004281)
(0.004031 0.002344 0.004281)
(0.004094 0.002344 0.004281)
(0.004156 0.002344 0.004281)
(0.004219 0.002344 0.004281)
(0.004281 0.002344 0.004281)
(0.004344 0.002344 0.004281)
(0.004406 0.002344 0.004281)
(0.004469 0.002344 0.004281)
(0.004531 0.002344 0.004281)
(0.004594 0.002344 0.004281)
(0.004656 0.002344 0.004281)
(0.004719 0.002344 0.004281)
(0.004781 0.002344 0.004281)
(0.004844 0.002344 0.004281)
(0.004906 0.002344 0.004281)
(0.004969 0.002344 0.004281)
(0.004031 0.001281 0.004344)
(0.004094 0.001281 0.004344)
(0.004156 0.001281 0.004344)
(0.004219 0.001281 0.004344)
(0.004281 0.001281 0.004344)
(0.004344 0.001281 0.004344)
(0.004406 0.001281 0.004344)
(0.004469 0.001281 0.004344)
(0.004531 0.001281 0.004344)
(0.004594 0.001281 0.004344)
(0.004656 0.001281 0.004344)
(0.004719 0.001281 0.004344)
(0.004781 0.001281 0.004344)
(0.004844 0.001281 0.004344)
(0.004906 0.001281 0.004344)
(0.004969 0.001281 0.004344)
(0.004031 0.001344 0.004344)
(0.004094 0.001344 0.004344)
(0.004156 0.001344 0.004344)
(0.004219 0.001344 0.004344)
(0.004281 0.001344 0.004344)
(0.004344 0.001344 0.004344)
(0.004406 0.001344 0.004344)
(0.004469 0.001344 0.004344)
(0.004531 0.001344 0.004344)
(0.004594 0.001344 0.004344)
(0.004656 0.001344 0.004344)
(0.004719 0.001344 0.004344)
(0.004781 0.001344 0.004344)
(0.004844 0.001344 0.004344)
(0.004906 0.001344 0.004344)
(0.004969 0.001344 0.004344)
(0.004031 0.001406 0.004344)
(0.004094 0.001406 0.004344)
(0.004156 0.001406 0.004344)
(0.004219 0.001406 0.004344)
(0.004281 0.001406 0.004344)
(0.004344 0.001406 0.004344)
(0.004406 0.001406 0.004344)
(0.004469 0.001406 0.004344)
(0.004531 0.001406 0.004344)
(0.004594 0.001406 0.004344)
(0.004656 0.001406 0.004344)
(0.004719 0.001406 0.004344)
(0.004781 0.001406 0.004344)
(0.004844 0.001406 0.004344)
(0.004906 0.001406 0.004344)
(0.004969 0.001406 0.004344)
(0.004031 0.001469 0.004344)
(0.004094 0.001469 0.004344)
(0.004156 0.001469 0.004344)
(0.004219 0.001469 0.004344)
(0.004281 0.001469 0.004344)
(0.004344 0.001469 0.004344)
(0.004406 0.001469 0.004344)
(0.004469 0.001469 0.004344)
(0.004531 0.001469 0.004344)
(0.004594 0.001469 0.004344)
(0.004656 0.001469 0.004344)
(0.004719 0.001469 0.004344)
(0.004781 0.001469 0.004344)
(0.004844 0.001469 0.004344)
(0.004906 0.001469 0.004344)
(0.004969 0.001469 0.004344)
(0.004031 0.001531 0.004344)
(0.004094 0.001531 0.004344)
(0.004156 0.001531 0.004344)
(0.004219 0.001531 0.004344)
(0.004281 0.001531 0.004344)
(0.004344 0.001531 0.004344)
(0.004406 0.001531 0.004344)
(0.004469 0.001531 0.004344)
(0.004531 0.001531 0.004344)
(0.004594 0.001531 0.004344)
(0.004656 0.001531 0.004344)
(0.004719 0.001531 0.004344)
(0.004781 0.001531 0.004344)
(0.004844 0.001531 0.004344)
(0.004906 0.001531 0.004344)
(0.004969 0.001531 0.004344)
(0.004031 0.001594 0.004344)
(0.004094 0.001594 0.004344)
(0.004156 0.001594 0.004344)
(0.004219 0.001594 0.004344)
(0.004281 0.001594 0.004344)
(0.004344 0.001594 0.004344)
(0.004406 0.001594 0.004344)
(0.004469 0.001594 0.004344)
(0.004531 0.001594 0.004344)
(0.004594 0.001594 0.004344)
(0.004656 0.001594 0.004344)
(0.004719 0.001594 0.004344)
(0.004781 0.001594 0.004344)
(0.004844 0.001594 0.004344)
(0.004906 0.001594 0.004344)
(0.004969 0.001594 0.004344)
(0.004031 0.001656 0.004344)
(0.004094 0.001656 0.004344)
(0.004156 0.001656 0.004344)
(0.004219 0.001656 0.004344)
(0.004281 0.001656 0.004344)
(0.004344 0.001656 0.004344)
(0.004406 0.001656 0.004344)
(0.004469 0.001656 0.004344)
(0.004531 0.001656 0.004344)
(0.004594 0.001656 0.004344)
(0.004656 0.001656 0.004344)
(0.004719 0.001656 0.004344)
(0.004781 0.001656 0.004344)
(0.004844 0.001656 0.004344)
(0.004906 0.001656 0.004344)
(0.004969 0.001656 0.004344)
(0.004031 0.001719 0.004344)
(0.004094 0.001719 0.004344)
(0.004156 0.001719 0.004344)
(0.004219 0.001719 0.004344)
(0.004281 0.001719 0.004344)
(0.004344 0.001719 0.004344)
(0.004406 0.001719 0.004344)
(0.004469 0.001719 0.004344)
(0.004531 0.001719 0.004344)
(0.004594 0.001719 0.004344)
(0.004656 0.001719 0.004344)
(0.004719 0.001719 0.004344)
(0.004781 0.001719 0.004344)
(0.004844 0.001719 0.004344)
(0.004906 0.001719 0.004344)
(0.004969 0.001719 0.004344)
(0.004031 0.001781 0.004344)
(0.004094 0.001781 0.004344)
(0.004156 0.001781 0.004344)
(0.004219 0.001781 0.004344)
(0.004281 0.001781 0.004344)
(0.004344 0.001781 0.004344)
(0.004406 0.001781 0.004344)
(0.004469 0.001781 0.004344)
(0.004531 0.001781 0.004344)
(0.004594 0.001781 0.004344)
(0.004656 0.001781 0.004344)
(0.004719 0.001781 0.004344)
(0.004781 0.001781 0.004344)
(0.004844 0.001781 0.004344)
(0.004906 0.001781 0.004344)
(0.004969 0.001781 0.004344)
(0.004031 0.001844 0.004344)
(0.004094 0.001844 0.004344)
(0.004156 0.001844 0.004344)
(0.004219 0.001844 0.004344)
(0.004281 0.001844 0.004344)
(0.004344 0.001844 0.004344)
(0.004406 0.001844 0.004344)
(0.004469 0.001844 0.004344)
(0.004531 0.001844 0.004344)
(0.004594 0.001844 0.004344)
(0.004656 0.001844 0.004344)
(0.004719 0.001844 0.004344)
(0.004781 0.001844 0.004344)
(0.004844 0.001844 0.004344)
(0.004906 0.001844 0.004344)
(0.004969 0.001844 0.004344)
(0.004031 0.001906 0.004344)
(0.004094 0.001906 0.004344)
(0.004156 0.001906 0.004344)
(0.004219 0.001906 0.004344)
(0.004281 0.001906 0.004344)
(0.004344 0.001906 0.004344)
(0.004406 0.001906 0.004344)
(0.004469 0.001906 0.004344)
(0.004531 0.001906 0.004344)
(0.004594 0.001906 0.004344)
(0.004656 0.001906 0.004344)
(0.004719 0.001906 0.004344)
(0.004781 0.001906 0.004344)
(0.004844 0.001906 0.004344)
(0.004906 0.001906 0.004344)
(0.004969 0.001906 0.004344)
(0.004031 0.001969 0.004344)
(0.004094 0.001969 0.004344)
(0.004156 0.001969 0.004344)
(0.004219 0.001969 0.004344)
(0.004281 0.001969 0.004344)
(0.004344 0.001969 0.004344)
(0.004406 0.001969 0.004344)
(0.004469 0.001969 0.004344)
(0.004531 0.001969 0.004344)
(0.004594 0.001969 0.004344)
(0.004656 0.001969 0.004344)
(0.004719 0.001969 0.004344)
(0.004781 0.001969 0.004344)
(0.004844 0.001969 0.004344)
(0.004906 0.001969 0.004344)
(0.004969 0.001969 0.004344)
(0.004031 0.002031 0.004344)
(0.004094 0.002031 0.004344)
(0.004156 0.002031 0.004344)
(0.004219 0.002031 0.004344)
(0.004281 0.002031 0.004344)
(0.004344 0.002031 0.004344)
(0.004406 0.002031 0.004344)
(0.004469 0.002031 0.004344)
(0.004531 0.002031 0.004344)
(0.004594 0.002031 0.004344)
(0.004656 0.002031 0.004344)
(0.004719 0.002031 0.004344)
(0.004781 0.002031 0.004344)
(0.004844 0.002031 0.004344)
(0.004906 0.002031 0.004344)
(0.004969 0.002031 0.004344)
(0.004031 0.002094 0.004344)
(0.004094 0.002094 0.004344)
(0.004156 0.002094 0.004344)
(0.004219 0.002094 0.004344)
(0.004281 0.002094 0.004344)
(0.004344 0.002094 0.004344)
(0.004406 0.002094 0.004344)
(0.004469 0.002094 0.004344)
(0.004531 0.002094 0.004344)
(0.004594 0.002094 0.004344)
(0.004656 0.002094 0.004344)
(0.004719 0.002094 0.004344)
(0.004781 0.002094 0.004344)
(0.004844 0.002094 0.004344)
(0.004906 0.002094 0.004344)
(0.004969 0.002094 0.004344)
(0.004031 0.002156 0.004344)
(0.004094 0.002156 0.004344)
(0.004156 0.002156 0.004344)
(0.004219 0.002156 0.004344)
(0.004281 0.002156 0.004344)
(0.004344 0.002156 0.004344)
(0.004406 0.002156 0.004344)
(0.004469 0.002156 0.004344)
(0.004531 0.002156 0.004344)
(0.004594 0.002156 0.004344)
(0.004656 0.002156 0.004344)
(0.004719 0.002156 0.004344)
(0.004781 0.002156 0.004344)
(0.004844 0.002156 0.004344)
(0.004906 0.002156 0.004344)
(0.004969 0.002156 0.004344)
(0.004031 0.002219 0.004344)
(0.004094 0.002219 0.004344)
(0.004156 0.002219 0.004344)
(0.004219 0.002219 0.004344)
(0.004281 0.002219 0.004344)
(0.004344 0.002219 0.004344)
(0.004406 0.002219 0.004344)
(0.004469 0.002219 0.004344)
(0.004531 0.002219 0.004344)
(0.004594 0.002219 0.004344)
(0.004656 0.002219 0.004344)
(0.004719 0.002219 0.004344)
(0.004781 0.002219 0.004344)
(0.004844 0.002219 0.004344)
(0.004906 0.002219 0.004344)
(0.004969 0.002219 0.004344)
(0.004031 0.002281 0.004344)
(0.004094 0.002281 0.004344)
(0.004156 0.002281 0.004344)
(0.004219 0.002281 0.004344)
(0.004281 0.002281 0.004344)
(0.004344 0.002281 0.004344)
(0.004406 0.002281 0.004344)
(0.004469 0.002281 0.004344)
(0.004531 0.002281 0.004344)
(0.004594 0.002281 0.004344)
(0.004656 0.002281 0.004344)
(0.004719 0.002281 0.004344)
(0.004781 0.002281 0.004344)
(0.004844 0.002281 0.004344)
(0.004906 0.002281 0.004344)
(0.004969 0.002281 0.004344)
(0.004031 0.002344 0.004344)
(0.004094 0.002344 0.004344)
(0.004156 0.002344 0.004344)
(0.004219 0.002344 0.004344)
(0.004281 0.002344 0.004344)
(0.004344 0.002344 0.004344)
(0.004406 0.002344 0.004344)
(0.004469 0.002344 0.004344)
(0.004531 0.002344 0.004344)
(0.004594 0.002344 0.004344)
(0.004656 0.002344 0.004344)
(0.004719 0.002344 0.004344)
(0.004781 0.002344 0.004344)
(0.004844 0.002344 0.004344)
(0.004906 0.002344 0.004344)
(0.004969 0.002344 0.004344)
(0.004031 0.001281 0.004406)
(0.004094 0.001281 0.004406)
(0.004156 0.001281 0.004406)
(0.004219 0.001281 0.004406)
(0.004281 0.001281 0.004406)
(0.004344 0.001281 0.004406)
(0.004406 0.001281 0.004406)
(0.004469 0.001281 0.004406)
(0.004531 0.001281 0.004406)
(0.004594 0.001281 0.004406)
(0.004656 0.001281 0.004406)
(0.004719 0.001281 0.004406)
(0.004781 0.001281 0.004406)
(0.004844 0.001281 0.004406)
(0.004906 0.001281 0.004406)
(0.004969 0.001281 0.004406)
(0.004031 0.001344 0.004406)
(0.004094 0.001344 0.004406)
(0.004156 0.001344 0.004406)
(0.004219 0.001344 0.004406)
(0.004281 0.001344 0.004406)
(0.004344 0.001344 0.004406)
(0.004406 0.001344 0.004406)
(0.004469 0.001344 0.004406)
(0.004531 0.001344 0.004406)
(0.004594 0.001344 0.004406)
(0.004656 0.001344 0.004406)
(0.004719 0.001344 0.004406)
(0.004781 0.001344 0.004406)
(0.004844 0.001344 0.004406)
(0.004906 0.001344 0.004406)
(0.004969 0.001344 0.004406)
(0.004031 0.001406 0.004406)
(0.004094 0.001406 0.004406)
(0.004156 0.001406 0.004406)
(0.004219 0.001406 0.004406)
(0.004281 0.001406 0.004406)
(0.004344 0.001406 0.004406)
(0.004406 0.001406 0.004406)
(0.004469 0.001406 0.004406)
(0.004531 0.001406 0.004406)
(0.004594 0.001406 0.004406)
(0.004656 0.001406 0.004406)
(0.004719 0.001406 0.004406)
(0.004781 0.001406 0.004406)
(0.004844 0.001406 0.004406)
(0.004906 0.001406 0.004406)
(0.004969 0.001406 0.004406)
(0.004031 0.001469 0.004406)
(0.004094 0.001469 0.004406)
(0.004156 0.001469 0.004406)
(0.004219 0.001469 0.004406)
(0.004281 0.001469 0.004406)
(0.004344 0.001469 0.004406)
(0.004406 0.001469 0.004406)
(0.004469 0.001469 0.004406)
(0.004531 0.001469 0.004406)
(0.004594 0.001469 0.004406)
(0.004656 0.001469 0.004406)
(0.004719 0.001469 0.004406)
(0.004781 0.001469 0.004406)
(0.004844 0.001469 0.004406)
(0.004906 0.001469 0.004406)
(0.004969 0.001469 0.004406)
(0.004031 0.001531 0.004406)
(0.004094 0.001531 0.004406)
(0.004156 0.001531 0.004406)
(0.004219 0.001531 0.004406)
(0.004281 0.001531 0.004406)
(0.004344 0.001531 0.004406)
(0.004406 0.001531 0.004406)
(0.004469 0.001531 0.004406)
(0.004531 0.001531 0.004406)
(0.004594 0.001531 0.004406)
(0.004656 0.001531 0.004406)
(0.004719 0.001531 0.004406)
(0.004781 0.001531 0.004406)
(0.004844 0.001531 0.004406)
(0.004906 0.001531 0.004406)
(0.004969 0.001531 0.004406)
(0.004031 0.001594 0.004406)
(0.004094 0.001594 0.004406)
(0.004156 0.001594 0.004406)
(0.004219 0.001594 0.004406)
(0.004281 0.001594 0.004406)
(0.004344 0.001594 0.004406)
(0.004406 0.001594 0.004406)
(0.004469 0.001594 0.004406)
(0.004531 0.001594 0.004406)
(0.004594 0.001594 0.004406)
(0.004656 0.001594 0.004406)
(0.004719 0.001594 0.004406)
(0.004781 0.001594 0.004406)
(0.004844 0.001594 0.004406)
(0.004906 0.001594 0.004406)
(0.004969 0.001594 0.004406)
(0.004031 0.001656 0.004406)
(0.004094 0.001656 0.004406)
(0.004156 0.001656 0.004406)
(0.004219 0.001656 0.004406)
(0.004281 0.001656 0.004406)
(0.004344 0.001656 0.004406)
(0.004406 0.001656 0.004406)
(0.004469 0.001656 0.004406)
(0.004531 0.001656 0.004406)
(0.004594 0.001656 0.004406)
(0.004656 0.001656 0.004406)
(0.004719 0.001656 0.004406)
(0.004781 0.001656 0.004406)
(0.004844 0.001656 0.004406)
(0.004906 0.001656 0.004406)
(0.004969 0.001656 0.004406)
(0.004031 0.001719 0.004406)
(0.004094 0.001719 0.004406)
(0.004156 0.001719 0.004406)
(0.004219 0.001719 0.004406)
(0.004281 0.001719 0.004406)
(0.004344 0.001719 0.004406)
(0.004406 0.001719 0.004406)
(0.004469 0.001719 0.004406)
(0.004531 0.001719 0.004406)
(0.004594 0.001719 0.004406)
(0.004656 0.001719 0.004406)
(0.004719 0.001719 0.004406)
(0.004781 0.001719 0.004406)
(0.004844 0.001719 0.004406)
(0.004906 0.001719 0.004406)
(0.004969 0.001719 0.004406)
(0.004031 0.001781 0.004406)
(0.004094 0.001781 0.004406)
(0.004156 0.001781 0.004406)
(0.004219 0.001781 0.004406)
(0.004281 0.001781 0.004406)
(0.004344 0.001781 0.004406)
(0.004406 0.001781 0.004406)
(0.004469 0.001781 0.004406)
(0.004531 0.001781 0.004406)
(0.004594 0.001781 0.004406)
(0.004656 0.001781 0.004406)
(0.004719 0.001781 0.004406)
(0.004781 0.001781 0.004406)
(0.004844 0.001781 0.004406)
(0.004906 0.001781 0.004406)
(0.004969 0.001781 0.004406)
(0.004031 0.001844 0.004406)
(0.004094 0.001844 0.004406)
(0.004156 0.001844 0.004406)
(0.004219 0.001844 0.004406)
(0.004281 0.001844 0.004406)
(0.004344 0.001844 0.004406)
(0.004406 0.001844 0.004406)
(0.004469 0.001844 0.004406)
(0.004531 0.001844 0.004406)
(0.004594 0.001844 0.004406)
(0.004656 0.001844 0.004406)
(0.004719 0.001844 0.004406)
(0.004781 0.001844 0.004406)
(0.004844 0.001844 0.004406)
(0.004906 0.001844 0.004406)
(0.004969 0.001844 0.004406)
(0.004031 0.001906 0.004406)
(0.004094 0.001906 0.004406)
(0.004156 0.001906 0.004406)
(0.004219 0.001906 0.004406)
(0.004281 0.001906 0.004406)
(0.004344 0.001906 0.004406)
(0.004406 0.001906 0.004406)
(0.004469 0.001906 0.004406)
(0.004531 0.001906 0.004406)
(0.004594 0.001906 0.004406)
(0.004656 0.001906 0.004406)
(0.004719 0.001906 0.004406)
(0.004781 0.001906 0.004406)
(0.004844 0.001906 0.004406)
(0.004906 0.001906 0.004406)
(0.004969 0.001906 0.004406)
(0.004031 0.001969 0.004406)
(0.004094 0.001969 0.004406)
(0.004156 0.001969 0.004406)
(0.004219 0.001969 0.004406)
(0.004281 0.001969 0.004406)
(0.004344 0.001969 0.004406)
(0.004406 0.001969 0.004406)
(0.004469 0.001969 0.004406)
(0.004531 0.001969 0.004406)
(0.004594 0.001969 0.004406)
(0.004656 0.001969 0.004406)
(0.004719 0.001969 0.004406)
(0.004781 0.001969 0.004406)
(0.004844 0.001969 0.004406)
(0.004906 0.001969 0.004406)
(0.004969 0.001969 0.004406)
(0.004031 0.002031 0.004406)
(0.004094 0.002031 0.004406)
(0.004156 0.002031 0.004406)
(0.004219 0.002031 0.004406)
(0.004281 0.002031 0.004406)
(0.004344 0.002031 0.004406)
(0.004406 0.002031 0.004406)
(0.004469 0.002031 0.004406)
(0.004531 0.002031 0.004406)
(0.004594 0.002031 0.004406)
(0.004656 0.002031 0.004406)
(0.004719 0.002031 0.004406)
(0.004781 0.002031 0.004406)
(0.004844 0.002031 0.004406)
(0.004906 0.002031 0.004406)
(0.004969 0.002031 0.004406)
(0.004031 0.002094 0.004406)
(0.004094 0.002094 0.004406)
(0.004156 0.002094 0.004406)
(0.004219 0.002094 0.004406)
(0.004281 0.002094 0.004406)
(0.004344 0.002094 0.004406)
(0.004406 0.002094 0.004406)
(0.004469 0.002094 0.004406)
(0.004531 0.002094 0.004406)
(0.004594 0.002094 0.004406)
(0.004656 0.002094 0.004406)
(0.004719 0.002094 0.004406)
(0.004781 0.002094 0.004406)
(0.004844 0.002094 0.004406)
(0.004906 0.002094 0.004406)
(0.004969 0.002094 0.004406)
(0.004031 0.002156 0.004406)
(0.004094 0.002156 0.004406)
(0.004156 0.002156 0.004406)
(0.004219 0.002156 0.004406)
(0.004281 0.002156 0.004406)
(0.004344 0.002156 0.004406)
(0.004406 0.002156 0.004406)
(0.004469 0.002156 0.004406)
(0.004531 0.002156 0.004406)
(0.004594 0.002156 0.004406)
(0.004656 0.002156 0.004406)
(0.004719 0.002156 0.004406)
(0.004781 0.002156 0.004406)
(0.004844 0.002156 0.004406)
(0.004906 0.002156 0.004406)
(0.004969 0.002156 0.004406)
(0.004031 0.002219 0.004406)
(0.004094 0.002219 0.004406)
(0.004156 0.002219 0.004406)
(0.004219 0.002219 0.004406)
(0.004281 0.002219 0.004406)
(0.004344 0.002219 0.004406)
(0.004406 0.002219 0.004406)
(0.004469 0.002219 0.004406)
(0.004531 0.002219 0.004406)
(0.004594 0.002219 0.004406)
(0.004656 0.002219 0.004406)
(0.004719 0.002219 0.004406)
(0.004781 0.002219 0.004406)
(0.004844 0.002219 0.004406)
(0.004906 0.002219 0.004406)
(0.004969 0.002219 0.004406)
(0.004031 0.002281 0.004406)
(0.004094 0.002281 0.004406)
(0.004156 0.002281 0.004406)
(0.004219 0.002281 0.004406)
(0.004281 0.002281 0.004406)
(0.004344 0.002281 0.004406)
(0.004406 0.002281 0.004406)
(0.004469 0.002281 0.004406)
(0.004531 0.002281 0.004406)
(0.004594 0.002281 0.004406)
(0.004656 0.002281 0.004406)
(0.004719 0.002281 0.004406)
(0.004781 0.002281 0.004406)
(0.004844 0.002281 0.004406)
(0.004906 0.002281 0.004406)
(0.004969 0.002281 0.004406)
(0.004031 0.002344 0.004406)
(0.004094 0.002344 0.004406)
(0.004156 0.002344 0.004406)
(0.004219 0.002344 0.004406)
(0.004281 0.002344 0.004406)
(0.004344 0.002344 0.004406)
(0.004406 0.002344 0.004406)
(0.004469 0.002344 0.004406)
(0.004531 0.002344 0.004406)
(0.004594 0.002344 0.004406)
(0.004656 0.002344 0.004406)
(0.004719 0.002344 0.004406)
(0.004781 0.002344 0.004406)
(0.004844 0.002344 0.004406)
(0.004906 0.002344 0.004406)
(0.004969 0.002344 0.004406)
(0.004031 0.001281 0.004469)
(0.004094 0.001281 0.004469)
(0.004156 0.001281 0.004469)
(0.004219 0.001281 0.004469)
(0.004281 0.001281 0.004469)
(0.004344 0.001281 0.004469)
(0.004406 0.001281 0.004469)
(0.004469 0.001281 0.004469)
(0.004531 0.001281 0.004469)
(0.004594 0.001281 0.004469)
(0.004656 0.001281 0.004469)
(0.004719 0.001281 0.004469)
(0.004781 0.001281 0.004469)
(0.004844 0.001281 0.004469)
(0.004906 0.001281 0.004469)
(0.004969 0.001281 0.004469)
(0.004031 0.001344 0.004469)
(0.004094 0.001344 0.004469)
(0.004156 0.001344 0.004469)
(0.004219 0.001344 0.004469)
(0.004281 0.001344 0.004469)
(0.004344 0.001344 0.004469)
(0.004406 0.001344 0.004469)
(0.004469 0.001344 0.004469)
(0.004531 0.001344 0.004469)
(0.004594 0.001344 0.004469)
(0.004656 0.001344 0.004469)
(0.004719 0.001344 0.004469)
(0.004781 0.001344 0.004469)
(0.004844 0.001344 0.004469)
(0.004906 0.001344 0.004469)
(0.004969 0.001344 0.004469)
(0.004031 0.001406 0.004469)
(0.004094 0.001406 0.004469)
(0.004156 0.001406 0.004469)
(0.004219 0.001406 0.004469)
(0.004281 0.001406 0.004469)
(0.004344 0.001406 0.004469)
(0.004406 0.001406 0.004469)
(0.004469 0.001406 0.004469)
(0.004531 0.001406 0.004469)
(0.004594 0.001406 0.004469)
(0.004656 0.001406 0.004469)
(0.004719 0.001406 0.004469)
(0.004781 0.001406 0.004469)
(0.004844 0.001406 0.004469)
(0.004906 0.001406 0.004469)
(0.004969 0.001406 0.004469)
(0.004031 0.001469 0.004469)
(0.004094 0.001469 0.004469)
(0.004156 0.001469 0.004469)
(0.004219 0.001469 0.004469)
(0.004281 0.001469 0.004469)
(0.004344 0.001469 0.004469)
(0.004406 0.001469 0.004469)
(0.004469 0.001469 0.004469)
(0.004531 0.001469 0.004469)
(0.004594 0.001469 0.004469)
(0.004656 0.001469 0.004469)
(0.004719 0.001469 0.004469)
(0.004781 0.001469 0.004469)
(0.004844 0.001469 0.004469)
(0.004906 0.001469 0.004469)
(0.004969 0.001469 0.004469)
(0.004031 0.001531 0.004469)
(0.004094 0.001531 0.004469)
(0.004156 0.001531 0.004469)
(0.004219 0.001531 0.004469)
(0.004281 0.001531 0.004469)
(0.004344 0.001531 0.004469)
(0.004406 0.001531 0.004469)
(0.004469 0.001531 0.004469)
(0.004531 0.001531 0.004469)
(0.004594 0.001531 0.004469)
(0.004656 0.001531 0.004469)
(0.004719 0.001531 0.004469)
(0.004781 0.001531 0.004469)
(0.004844 0.001531 0.004469)
(0.004906 0.001531 0.004469)
(0.004969 0.001531 0.004469)
(0.004031 0.001594 0.004469)
(0.004094 0.001594 0.004469)
(0.004156 0.001594 0.004469)
(0.004219 0.001594 0.004469)
(0.004281 0.001594 0.004469)
(0.004344 0.001594 0.004469)
(0.004406 0.001594 0.004469)
(0.004469 0.001594 0.004469)
(0.004531 0.001594 0.004469)
(0.004594 0.001594 0.004469)
(0.004656 0.001594 0.004469)
(0.004719 0.001594 0.004469)
(0.004781 0.001594 0.004469)
(0.004844 0.001594 0.004469)
(0.004906 0.001594 0.004469)
(0.004969 0.001594 0.004469)
(0.004031 0.001656 0.004469)
(0.004094 0.001656 0.004469)
(0.004156 0.001656 0.004469)
(0.004219 0.001656 0.004469)
(0.004281 0.001656 0.004469)
(0.004344 0.001656 0.004469)
(0.004406 0.001656 0.004469)
(0.004469 0.001656 0.004469)
(0.004531 0.001656 0.004469)
(0.004594 0.001656 0.004469)
(0.004656 0.001656 0.004469)
(0.004719 0.001656 0.004469)
(0.004781 0.001656 0.004469)
(0.004844 0.001656 0.004469)
(0.004906 0.001656 0.004469)
(0.004969 0.001656 0.004469)
(0.004031 0.001719 0.004469)
(0.004094 0.001719 0.004469)
(0.004156 0.001719 0.004469)
(0.004219 0.001719 0.004469)
(0.004281 0.001719 0.004469)
(0.004344 0.001719 0.004469)
(0.004406 0.001719 0.004469)
(0.004469 0.001719 0.004469)
(0.004531 0.001719 0.004469)
(0.004594 0.001719 0.004469)
(0.004656 0.001719 0.004469)
(0.004719 0.001719 0.004469)
(0.004781 0.001719 0.004469)
(0.004844 0.001719 0.004469)
(0.004906 0.001719 0.004469)
(0.004969 0.001719 0.004469)
(0.004031 0.001781 0.004469)
(0.004094 0.001781 0.004469)
(0.004156 0.001781 0.004469)
(0.004219 0.001781 0.004469)
(0.004281 0.001781 0.004469)
(0.004344 0.001781 0.004469)
(0.004406 0.001781 0.004469)
(0.004469 0.001781 0.004469)
(0.004531 0.001781 0.004469)
(0.004594 0.001781 0.004469)
(0.004656 0.001781 0.004469)
(0.004719 0.001781 0.004469)
(0.004781 0.001781 0.004469)
(0.004844 0.001781 0.004469)
(0.004906 0.001781 0.004469)
(0.004969 0.001781 0.004469)
(0.004031 0.001844 0.004469)
(0.004094 0.001844 0.004469)
(0.004156 0.001844 0.004469)
(0.004219 0.001844 0.004469)
(0.004281 0.001844 0.004469)
(0.004344 0.001844 0.004469)
(0.004406 0.001844 0.004469)
(0.004469 0.001844 0.004469)
(0.004531 0.001844 0.004469)
(0.004594 0.001844 0.004469)
(0.004656 0.001844 0.004469)
(0.004719 0.001844 0.004469)
(0.004781 0.001844 0.004469)
(0.004844 0.001844 0.004469)
(0.004906 0.001844 0.004469)
(0.004969 0.001844 0.004469)
(0.004031 0.001906 0.004469)
(0.004094 0.001906 0.004469)
(0.004156 0.001906 0.004469)
(0.004219 0.001906 0.004469)
(0.004281 0.001906 0.004469)
(0.004344 0.001906 0.004469)
(0.004406 0.001906 0.004469)
(0.004469 0.001906 0.004469)
(0.004531 0.001906 0.004469)
(0.004594 0.001906 0.004469)
(0.004656 0.001906 0.004469)
(0.004719 0.001906 0.004469)
(0.004781 0.001906 0.004469)
(0.004844 0.001906 0.004469)
(0.004906 0.001906 0.004469)
(0.004969 0.001906 0.004469)
(0.004031 0.001969 0.004469)
(0.004094 0.001969 0.004469)
(0.004156 0.001969 0.004469)
(0.004219 0.001969 0.004469)
(0.004281 0.001969 0.004469)
(0.004344 0.001969 0.004469)
(0.004406 0.001969 0.004469)
(0.004469 0.001969 0.004469)
(0.004531 0.001969 0.004469)
(0.004594 0.001969 0.004469)
(0.004656 0.001969 0.004469)
(0.004719 0.001969 0.004469)
(0.004781 0.001969 0.004469)
(0.004844 0.001969 0.004469)
(0.004906 0.001969 0.004469)
(0.004969 0.001969 0.004469)
(0.004031 0.002031 0.004469)
(0.004094 0.002031 0.004469)
(0.004156 0.002031 0.004469)
(0.004219 0.002031 0.004469)
(0.004281 0.002031 0.004469)
(0.004344 0.002031 0.004469)
(0.004406 0.002031 0.004469)
(0.004469 0.002031 0.004469)
(0.004531 0.002031 0.004469)
(0.004594 0.002031 0.004469)
(0.004656 0.002031 0.004469)
(0.004719 0.002031 0.004469)
(0.004781 0.002031 0.004469)
(0.004844 0.002031 0.004469)
(0.004906 0.002031 0.004469)
(0.004969 0.002031 0.004469)
(0.004031 0.002094 0.004469)
(0.004094 0.002094 0.004469)
(0.004156 0.002094 0.004469)
(0.004219 0.002094 0.004469)
(0.004281 0.002094 0.004469)
(0.004344 0.002094 0.004469)
(0.004406 0.002094 0.004469)
(0.004469 0.002094 0.004469)
(0.004531 0.002094 0.004469)
(0.004594 0.002094 0.004469)
(0.004656 0.002094 0.004469)
(0.004719 0.002094 0.004469)
(0.004781 0.002094 0.004469)
(0.004844 0.002094 0.004469)
(0.004906 0.002094 0.004469)
(0.004969 0.002094 0.004469)
(0.004031 0.002156 0.004469)
(0.004094 0.002156 0.004469)
(0.004156 0.002156 0.004469)
(0.004219 0.002156 0.004469)
(0.004281 0.002156 0.004469)
(0.004344 0.002156 0.004469)
(0.004406 0.002156 0.004469)
(0.004469 0.002156 0.004469)
(0.004531 0.002156 0.004469)
(0.004594 0.002156 0.004469)
(0.004656 0.002156 0.004469)
(0.004719 0.002156 0.004469)
(0.004781 0.002156 0.004469)
(0.004844 0.002156 0.004469)
(0.004906 0.002156 0.004469)
(0.004969 0.002156 0.004469)
(0.004031 0.002219 0.004469)
(0.004094 0.002219 0.004469)
(0.004156 0.002219 0.004469)
(0.004219 0.002219 0.004469)
(0.004281 0.002219 0.004469)
(0.004344 0.002219 0.004469)
(0.004406 0.002219 0.004469)
(0.004469 0.002219 0.004469)
(0.004531 0.002219 0.004469)
(0.004594 0.002219 0.004469)
(0.004656 0.002219 0.004469)
(0.004719 0.002219 0.004469)
(0.004781 0.002219 0.004469)
(0.004844 0.002219 0.004469)
(0.004906 0.002219 0.004469)
(0.004969 0.002219 0.004469)
(0.004031 0.002281 0.004469)
(0.004094 0.002281 0.004469)
(0.004156 0.002281 0.004469)
(0.004219 0.002281 0.004469)
(0.004281 0.002281 0.004469)
(0.004344 0.002281 0.004469)
(0.004406 0.002281 0.004469)
(0.004469 0.002281 0.004469)
(0.004531 0.002281 0.004469)
(0.004594 0.002281 0.004469)
(0.004656 0.002281 0.004469)
(0.004719 0.002281 0.004469)
(0.004781 0.002281 0.004469)
(0.004844 0.002281 0.004469)
(0.004906 0.002281 0.004469)
(0.004969 0.002281 0.004469)
(0.004031 0.002344 0.004469)
(0.004094 0.002344 0.004469)
(0.004156 0.002344 0.004469)
(0.004219 0.002344 0.004469)
(0.004281 0.002344 0.004469)
(0.004344 0.002344 0.004469)
(0.004406 0.002344 0.004469)
(0.004469 0.002344 0.004469)
(0.004531 0.002344 0.004469)
(0.004594 0.002344 0.004469)
(0.004656 0.002344 0.004469)
(0.004719 0.002344 0.004469)
(0.004781 0.002344 0.004469)
(0.004844 0.002344 0.004469)
(0.004906 0.002344 0.004469)
(0.004969 0.002344 0.004469)
(0.004031 0.001281 0.004531)
(0.004094 0.001281 0.004531)
(0.004156 0.001281 0.004531)
(0.004219 0.001281 0.004531)
(0.004281 0.001281 0.004531)
(0.004344 0.001281 0.004531)
(0.004406 0.001281 0.004531)
(0.004469 0.001281 0.004531)
(0.004531 0.001281 0.004531)
(0.004594 0.001281 0.004531)
(0.004656 0.001281 0.004531)
(0.004719 0.001281 0.004531)
(0.004781 0.001281 0.004531)
(0.004844 0.001281 0.004531)
(0.004906 0.001281 0.004531)
(0.004969 0.001281 0.004531)
(0.004031 0.001344 0.004531)
(0.004094 0.001344 0.004531)
(0.004156 0.001344 0.004531)
(0.004219 0.001344 0.004531)
(0.004281 0.001344 0.004531)
(0.004344 0.001344 0.004531)
(0.004406 0.001344 0.004531)
(0.004469 0.001344 0.004531)
(0.004531 0.001344 0.004531)
(0.004594 0.001344 0.004531)
(0.004656 0.001344 0.004531)
(0.004719 0.001344 0.004531)
(0.004781 0.001344 0.004531)
(0.004844 0.001344 0.004531)
(0.004906 0.001344 0.004531)
(0.004969 0.001344 0.004531)
(0.004031 0.001406 0.004531)
(0.004094 0.001406 0.004531)
(0.004156 0.001406 0.004531)
(0.004219 0.001406 0.004531)
(0.004281 0.001406 0.004531)
(0.004344 0.001406 0.004531)
(0.004406 0.001406 0.004531)
(0.004469 0.001406 0.004531)
(0.004531 0.001406 0.004531)
(0.004594 0.001406 0.004531)
(0.004656 0.001406 0.004531)
(0.004719 0.001406 0.004531)
(0.004781 0.001406 0.004531)
(0.004844 0.001406 0.004531)
(0.004906 0.001406 0.004531)
(0.004969 0.001406 0.004531)
(0.004031 0.001469 0.004531)
(0.004094 0.001469 0.004531)
(0.004156 0.001469 0.004531)
(0.004219 0.001469 0.004531)
(0.004281 0.001469 0.004531)
(0.004344 0.001469 0.004531)
(0.004406 0.001469 0.004531)
(0.004469 0.001469 0.004531)
(0.004531 0.001469 0.004531)
(0.004594 0.001469 0.004531)
(0.004656 0.001469 0.004531)
(0.004719 0.001469 0.004531)
(0.004781 0.001469 0.004531)
(0.004844 0.001469 0.004531)
(0.004906 0.001469 0.004531)
(0.004969 0.001469 0.004531)
(0.004031 0.001531 0.004531)
(0.004094 0.001531 0.004531)
(0.004156 0.001531 0.004531)
(0.004219 0.001531 0.004531)
(0.004281 0.001531 0.004531)
(0.004344 0.001531 0.004531)
(0.004406 0.001531 0.004531)
(0.004469 0.001531 0.004531)
(0.004531 0.001531 0.004531)
(0.004594 0.001531 0.004531)
(0.004656 0.001531 0.004531)
(0.004719 0.001531 0.004531)
(0.004781 0.001531 0.004531)
(0.004844 0.001531 0.004531)
(0.004906 0.001531 0.004531)
(0.004969 0.001531 0.004531)
(0.004031 0.001594 0.004531)
(0.004094 0.001594 0.004531)
(0.004156 0.001594 0.004531)
(0.004219 0.001594 0.004531)
(0.004281 0.001594 0.004531)
(0.004344 0.001594 0.004531)
(0.004406 0.001594 0.004531)
(0.004469 0.001594 0.004531)
(0.004531 0.001594 0.004531)
(0.004594 0.001594 0.004531)
(0.004656 0.001594 0.004531)
(0.004719 0.001594 0.004531)
(0.004781 0.001594 0.004531)
(0.004844 0.001594 0.004531)
(0.004906 0.001594 0.004531)
(0.004969 0.001594 0.004531)
(0.004031 0.001656 0.004531)
(0.004094 0.001656 0.004531)
(0.004156 0.001656 0.004531)
(0.004219 0.001656 0.004531)
(0.004281 0.001656 0.004531)
(0.004344 0.001656 0.004531)
(0.004406 0.001656 0.004531)
(0.004469 0.001656 0.004531)
(0.004531 0.001656 0.004531)
(0.004594 0.001656 0.004531)
(0.004656 0.001656 0.004531)
(0.004719 0.001656 0.004531)
(0.004781 0.001656 0.004531)
(0.004844 0.001656 0.004531)
(0.004906 0.001656 0.004531)
(0.004969 0.001656 0.004531)
(0.004031 0.001719 0.004531)
(0.004094 0.001719 0.004531)
(0.004156 0.001719 0.004531)
(0.004219 0.001719 0.004531)
(0.004281 0.001719 0.004531)
(0.004344 0.001719 0.004531)
(0.004406 0.001719 0.004531)
(0.004469 0.001719 0.004531)
(0.004531 0.001719 0.004531)
(0.004594 0.001719 0.004531)
(0.004656 0.001719 0.004531)
(0.004719 0.001719 0.004531)
(0.004781 0.001719 0.004531)
(0.004844 0.001719 0.004531)
(0.004906 0.001719 0.004531)
(0.004969 0.001719 0.004531)
(0.004031 0.001781 0.004531)
(0.004094 0.001781 0.004531)
(0.004156 0.001781 0.004531)
(0.004219 0.001781 0.004531)
(0.004281 0.001781 0.004531)
(0.004344 0.001781 0.004531)
(0.004406 0.001781 0.004531)
(0.004469 0.001781 0.004531)
(0.004531 0.001781 0.004531)
(0.004594 0.001781 0.004531)
(0.004656 0.001781 0.004531)
(0.004719 0.001781 0.004531)
(0.004781 0.001781 0.004531)
(0.004844 0.001781 0.004531)
(0.004906 0.001781 0.004531)
(0.004969 0.001781 0.004531)
(0.004031 0.001844 0.004531)
(0.004094 0.001844 0.004531)
(0.004156 0.001844 0.004531)
(0.004219 0.001844 0.004531)
(0.004281 0.001844 0.004531)
(0.004344 0.001844 0.004531)
(0.004406 0.001844 0.004531)
(0.004469 0.001844 0.004531)
(0.004531 0.001844 0.004531)
(0.004594 0.001844 0.004531)
(0.004656 0.001844 0.004531)
(0.004719 0.001844 0.004531)
(0.004781 0.001844 0.004531)
(0.004844 0.001844 0.004531)
(0.004906 0.001844 0.004531)
(0.004969 0.001844 0.004531)
(0.004031 0.001906 0.004531)
(0.004094 0.001906 0.004531)
(0.004156 0.001906 0.004531)
(0.004219 0.001906 0.004531)
(0.004281 0.001906 0.004531)
(0.004344 0.001906 0.004531)
(0.004406 0.001906 0.004531)
(0.004469 0.001906 0.004531)
(0.004531 0.001906 0.004531)
(0.004594 0.001906 0.004531)
(0.004656 0.001906 0.004531)
(0.004719 0.001906 0.004531)
(0.004781 0.001906 0.004531)
(0.004844 0.001906 0.004531)
(0.004906 0.001906 0.004531)
(0.004969 0.001906 0.004531)
(0.004031 0.001969 0.004531)
(0.004094 0.001969 0.004531)
(0.004156 0.001969 0.004531)
(0.004219 0.001969 0.004531)
(0.004281 0.001969 0.004531)
(0.004344 0.001969 0.004531)
(0.004406 0.001969 0.004531)
(0.004469 0.001969 0.004531)
(0.004531 0.001969 0.004531)
(0.004594 0.001969 0.004531)
(0.004656 0.001969 0.004531)
(0.004719 0.001969 0.004531)
(0.004781 0.001969 0.004531)
(0.004844 0.001969 0.004531)
(0.004906 0.001969 0.004531)
(0.004969 0.001969 0.004531)
(0.004031 0.002031 0.004531)
(0.004094 0.002031 0.004531)
(0.004156 0.002031 0.004531)
(0.004219 0.002031 0.004531)
(0.004281 0.002031 0.004531)
(0.004344 0.002031 0.004531)
(0.004406 0.002031 0.004531)
(0.004469 0.002031 0.004531)
(0.004531 0.002031 0.004531)
(0.004594 0.002031 0.004531)
(0.004656 0.002031 0.004531)
(0.004719 0.002031 0.004531)
(0.004781 0.002031 0.004531)
(0.004844 0.002031 0.004531)
(0.004906 0.002031 0.004531)
(0.004969 0.002031 0.004531)
(0.004031 0.002094 0.004531)
(0.004094 0.002094 0.004531)
(0.004156 0.002094 0.004531)
(0.004219 0.002094 0.004531)
(0.004281 0.002094 0.004531)
(0.004344 0.002094 0.004531)
(0.004406 0.002094 0.004531)
(0.004469 0.002094 0.004531)
(0.004531 0.002094 0.004531)
(0.004594 0.002094 0.004531)
(0.004656 0.002094 0.004531)
(0.004719 0.002094 0.004531)
(0.004781 0.002094 0.004531)
(0.004844 0.002094 0.004531)
(0.004906 0.002094 0.004531)
(0.004969 0.002094 0.004531)
(0.004031 0.002156 0.004531)
(0.004094 0.002156 0.004531)
(0.004156 0.002156 0.004531)
(0.004219 0.002156 0.004531)
(0.004281 0.002156 0.004531)
(0.004344 0.002156 0.004531)
(0.004406 0.002156 0.004531)
(0.004469 0.002156 0.004531)
(0.004531 0.002156 0.004531)
(0.004594 0.002156 0.004531)
(0.004656 0.002156 0.004531)
(0.004719 0.002156 0.004531)
(0.004781 0.002156 0.004531)
(0.004844 0.002156 0.004531)
(0.004906 0.002156 0.004531)
(0.004969 0.002156 0.004531)
(0.004031 0.002219 0.004531)
(0.004094 0.002219 0.004531)
(0.004156 0.002219 0.004531)
(0.004219 0.002219 0.004531)
(0.004281 0.002219 0.004531)
(0.004344 0.002219 0.004531)
(0.004406 0.002219 0.004531)
(0.004469 0.002219 0.004531)
(0.004531 0.002219 0.004531)
(0.004594 0.002219 0.004531)
(0.004656 0.002219 0.004531)
(0.004719 0.002219 0.004531)
(0.004781 0.002219 0.004531)
(0.004844 0.002219 0.004531)
(0.004906 0.002219 0.004531)
(0.004969 0.002219 0.004531)
(0.004031 0.002281 0.004531)
(0.004094 0.002281 0.004531)
(0.004156 0.002281 0.004531)
(0.004219 0.002281 0.004531)
(0.004281 0.002281 0.004531)
(0.004344 0.002281 0.004531)
(0.004406 0.002281 0.004531)
(0.004469 0.002281 0.004531)
(0.004531 0.002281 0.004531)
(0.004594 0.002281 0.004531)
(0.004656 0.002281 0.004531)
(0.004719 0.002281 0.004531)
(0.004781 0.002281 0.004531)
(0.004844 0.002281 0.004531)
(0.004906 0.002281 0.004531)
(0.004969 0.002281 0.004531)
(0.004031 0.002344 0.004531)
(0.004094 0.002344 0.004531)
(0.004156 0.002344 0.004531)
(0.004219 0.002344 0.004531)
(0.004281 0.002344 0.004531)
(0.004344 0.002344 0.004531)
(0.004406 0.002344 0.004531)
(0.004469 0.002344 0.004531)
(0.004531 0.002344 0.004531)
(0.004594 0.002344 0.004531)
(0.004656 0.002344 0.004531)
(0.004719 0.002344 0.004531)
(0.004781 0.002344 0.004531)
(0.004844 0.002344 0.004531)
(0.004906 0.002344 0.004531)
(0.004969 0.002344 0.004531)
(0.004031 0.001281 0.004594)
(0.004094 0.001281 0.004594)
(0.004156 0.001281 0.004594)
(0.004219 0.001281 0.004594)
(0.004281 0.001281 0.004594)
(0.004344 0.001281 0.004594)
(0.004406 0.001281 0.004594)
(0.004469 0.001281 0.004594)
(0.004531 0.001281 0.004594)
(0.004594 0.001281 0.004594)
(0.004656 0.001281 0.004594)
(0.004719 0.001281 0.004594)
(0.004781 0.001281 0.004594)
(0.004844 0.001281 0.004594)
(0.004906 0.001281 0.004594)
(0.004969 0.001281 0.004594)
(0.004031 0.001344 0.004594)
(0.004094 0.001344 0.004594)
(0.004156 0.001344 0.004594)
(0.004219 0.001344 0.004594)
(0.004281 0.001344 0.004594)
(0.004344 0.001344 0.004594)
(0.004406 0.001344 0.004594)
(0.004469 0.001344 0.004594)
(0.004531 0.001344 0.004594)
(0.004594 0.001344 0.004594)
(0.004656 0.001344 0.004594)
(0.004719 0.001344 0.004594)
(0.004781 0.001344 0.004594)
(0.004844 0.001344 0.004594)
(0.004906 0.001344 0.004594)
(0.004969 0.001344 0.004594)
(0.004031 0.001406 0.004594)
(0.004094 0.001406 0.004594)
(0.004156 0.001406 0.004594)
(0.004219 0.001406 0.004594)
(0.004281 0.001406 0.004594)
(0.004344 0.001406 0.004594)
(0.004406 0.001406 0.004594)
(0.004469 0.001406 0.004594)
(0.004531 0.001406 0.004594)
(0.004594 0.001406 0.004594)
(0.004656 0.001406 0.004594)
(0.004719 0.001406 0.004594)
(0.004781 0.001406 0.004594)
(0.004844 0.001406 0.004594)
(0.004906 0.001406 0.004594)
(0.004969 0.001406 0.004594)
(0.004031 0.001469 0.004594)
(0.004094 0.001469 0.004594)
(0.004156 0.001469 0.004594)
(0.004219 0.001469 0.004594)
(0.004281 0.001469 0.004594)
(0.004344 0.001469 0.004594)
(0.004406 0.001469 0.004594)
(0.004469 0.001469 0.004594)
(0.004531 0.001469 0.004594)
(0.004594 0.001469 0.004594)
(0.004656 0.001469 0.004594)
(0.004719 0.001469 0.004594)
(0.004781 0.001469 0.004594)
(0.004844 0.001469 0.004594)
(0.004906 0.001469 0.004594)
(0.004969 0.001469 0.004594)
(0.004031 0.001531 0.004594)
(0.004094 0.001531 0.004594)
(0.004156 0.001531 0.004594)
(0.004219 0.001531 0.004594)
(0.004281 0.001531 0.004594)
(0.004344 0.001531 0.004594)
(0.004406 0.001531 0.004594)
(0.004469 0.001531 0.004594)
(0.004531 0.001531 0.004594)
(0.004594 0.001531 0.004594)
(0.004656 0.001531 0.004594)
(0.004719 0.001531 0.004594)
(0.004781 0.001531 0.004594)
(0.004844 0.001531 0.004594)
(0.004906 0.001531 0.004594)
(0.004969 0.001531 0.004594)
(0.004031 0.001594 0.004594)
(0.004094 0.001594 0.004594)
(0.004156 0.001594 0.004594)
(0.004219 0.001594 0.004594)
(0.004281 0.001594 0.004594)
(0.004344 0.001594 0.004594)
(0.004406 0.001594 0.004594)
(0.004469 0.001594 0.004594)
(0.004531 0.001594 0.004594)
(0.004594 0.001594 0.004594)
(0.004656 0.001594 0.004594)
(0.004719 0.001594 0.004594)
(0.004781 0.001594 0.004594)
(0.004844 0.001594 0.004594)
(0.004906 0.001594 0.004594)
(0.004969 0.001594 0.004594)
(0.004031 0.001656 0.004594)
(0.004094 0.001656 0.004594)
(0.004156 0.001656 0.004594)
(0.004219 0.001656 0.004594)
(0.004281 0.001656 0.004594)
(0.004344 0.001656 0.004594)
(0.004406 0.001656 0.004594)
(0.004469 0.001656 0.004594)
(0.004531 0.001656 0.004594)
(0.004594 0.001656 0.004594)
(0.004656 0.001656 0.004594)
(0.004719 0.001656 0.004594)
(0.004781 0.001656 0.004594)
(0.004844 0.001656 0.004594)
(0.004906 0.001656 0.004594)
(0.004969 0.001656 0.004594)
(0.004031 0.001719 0.004594)
(0.004094 0.001719 0.004594)
(0.004156 0.001719 0.004594)
(0.004219 0.001719 0.004594)
(0.004281 0.001719 0.004594)
(0.004344 0.001719 0.004594)
(0.004406 0.001719 0.004594)
(0.004469 0.001719 0.004594)
(0.004531 0.001719 0.004594)
(0.004594 0.001719 0.004594)
(0.004656 0.001719 0.004594)
(0.004719 0.001719 0.004594)
(0.004781 0.001719 0.004594)
(0.004844 0.001719 0.004594)
(0.004906 0.001719 0.004594)
(0.004969 0.001719 0.004594)
(0.004031 0.001781 0.004594)
(0.004094 0.001781 0.004594)
(0.004156 0.001781 0.004594)
(0.004219 0.001781 0.004594)
(0.004281 0.001781 0.004594)
(0.004344 0.001781 0.004594)
(0.004406 0.001781 0.004594)
(0.004469 0.001781 0.004594)
(0.004531 0.001781 0.004594)
(0.004594 0.001781 0.004594)
(0.004656 0.001781 0.004594)
(0.004719 0.001781 0.004594)
(0.004781 0.001781 0.004594)
(0.004844 0.001781 0.004594)
(0.004906 0.001781 0.004594)
(0.004969 0.001781 0.004594)
(0.004031 0.001844 0.004594)
(0.004094 0.001844 0.004594)
(0.004156 0.001844 0.004594)
(0.004219 0.001844 0.004594)
(0.004281 0.001844 0.004594)
(0.004344 0.001844 0.004594)
(0.004406 0.001844 0.004594)
(0.004469 0.001844 0.004594)
(0.004531 0.001844 0.004594)
(0.004594 0.001844 0.004594)
(0.004656 0.001844 0.004594)
(0.004719 0.001844 0.004594)
(0.004781 0.001844 0.004594)
(0.004844 0.001844 0.004594)
(0.004906 0.001844 0.004594)
(0.004969 0.001844 0.004594)
(0.004031 0.001906 0.004594)
(0.004094 0.001906 0.004594)
(0.004156 0.001906 0.004594)
(0.004219 0.001906 0.004594)
(0.004281 0.001906 0.004594)
(0.004344 0.001906 0.004594)
(0.004406 0.001906 0.004594)
(0.004469 0.001906 0.004594)
(0.004531 0.001906 0.004594)
(0.004594 0.001906 0.004594)
(0.004656 0.001906 0.004594)
(0.004719 0.001906 0.004594)
(0.004781 0.001906 0.004594)
(0.004844 0.001906 0.004594)
(0.004906 0.001906 0.004594)
(0.004969 0.001906 0.004594)
(0.004031 0.001969 0.004594)
(0.004094 0.001969 0.004594)
(0.004156 0.001969 0.004594)
(0.004219 0.001969 0.004594)
(0.004281 0.001969 0.004594)
(0.004344 0.001969 0.004594)
(0.004406 0.001969 0.004594)
(0.004469 0.001969 0.004594)
(0.004531 0.001969 0.004594)
(0.004594 0.001969 0.004594)
(0.004656 0.001969 0.004594)
(0.004719 0.001969 0.004594)
(0.004781 0.001969 0.004594)
(0.004844 0.001969 0.004594)
(0.004906 0.001969 0.004594)
(0.004969 0.001969 0.004594)
(0.004031 0.002031 0.004594)
(0.004094 0.002031 0.004594)
(0.004156 0.002031 0.004594)
(0.004219 0.002031 0.004594)
(0.004281 0.002031 0.004594)
(0.004344 0.002031 0.004594)
(0.004406 0.002031 0.004594)
(0.004469 0.002031 0.004594)
(0.004531 0.002031 0.004594)
(0.004594 0.002031 0.004594)
(0.004656 0.002031 0.004594)
(0.004719 0.002031 0.004594)
(0.004781 0.002031 0.004594)
(0.004844 0.002031 0.004594)
(0.004906 0.002031 0.004594)
(0.004969 0.002031 0.004594)
(0.004031 0.002094 0.004594)
(0.004094 0.002094 0.004594)
(0.004156 0.002094 0.004594)
(0.004219 0.002094 0.004594)
(0.004281 0.002094 0.004594)
(0.004344 0.002094 0.004594)
(0.004406 0.002094 0.004594)
(0.004469 0.002094 0.004594)
(0.004531 0.002094 0.004594)
(0.004594 0.002094 0.004594)
(0.004656 0.002094 0.004594)
(0.004719 0.002094 0.004594)
(0.004781 0.002094 0.004594)
(0.004844 0.002094 0.004594)
(0.004906 0.002094 0.004594)
(0.004969 0.002094 0.004594)
(0.004031 0.002156 0.004594)
(0.004094 0.002156 0.004594)
(0.004156 0.002156 0.004594)
(0.004219 0.002156 0.004594)
(0.004281 0.002156 0.004594)
(0.004344 0.002156 0.004594)
(0.004406 0.002156 0.004594)
(0.004469 0.002156 0.004594)
(0.004531 0.002156 0.004594)
(0.004594 0.002156 0.004594)
(0.004656 0.002156 0.004594)
(0.004719 0.002156 0.004594)
(0.004781 0.002156 0.004594)
(0.004844 0.002156 0.004594)
(0.004906 0.002156 0.004594)
(0.004969 0.002156 0.004594)
(0.004031 0.002219 0.004594)
(0.004094 0.002219 0.004594)
(0.004156 0.002219 0.004594)
(0.004219 0.002219 0.004594)
(0.004281 0.002219 0.004594)
(0.004344 0.002219 0.004594)
(0.004406 0.002219 0.004594)
(0.004469 0.002219 0.004594)
(0.004531 0.002219 0.004594)
(0.004594 0.002219 0.004594)
(0.004656 0.002219 0.004594)
(0.004719 0.002219 0.004594)
(0.004781 0.002219 0.004594)
(0.004844 0.002219 0.004594)
(0.004906 0.002219 0.004594)
(0.004969 0.002219 0.004594)
(0.004031 0.002281 0.004594)
(0.004094 0.002281 0.004594)
(0.004156 0.002281 0.004594)
(0.004219 0.002281 0.004594)
(0.004281 0.002281 0.004594)
(0.004344 0.002281 0.004594)
(0.004406 0.002281 0.004594)
(0.004469 0.002281 0.004594)
(0.004531 0.002281 0.004594)
(0.004594 0.002281 0.004594)
(0.004656 0.002281 0.004594)
(0.004719 0.002281 0.004594)
(0.004781 0.002281 0.004594)
(0.004844 0.002281 0.004594)
(0.004906 0.002281 0.004594)
(0.004969 0.002281 0.004594)
(0.004031 0.002344 0.004594)
(0.004094 0.002344 0.004594)
(0.004156 0.002344 0.004594)
(0.004219 0.002344 0.004594)
(0.004281 0.002344 0.004594)
(0.004344 0.002344 0.004594)
(0.004406 0.002344 0.004594)
(0.004469 0.002344 0.004594)
(0.004531 0.002344 0.004594)
(0.004594 0.002344 0.004594)
(0.004656 0.002344 0.004594)
(0.004719 0.002344 0.004594)
(0.004781 0.002344 0.004594)
(0.004844 0.002344 0.004594)
(0.004906 0.002344 0.004594)
(0.004969 0.002344 0.004594)
(0.004031 0.001281 0.004656)
(0.004094 0.001281 0.004656)
(0.004156 0.001281 0.004656)
(0.004219 0.001281 0.004656)
(0.004281 0.001281 0.004656)
(0.004344 0.001281 0.004656)
(0.004406 0.001281 0.004656)
(0.004469 0.001281 0.004656)
(0.004531 0.001281 0.004656)
(0.004594 0.001281 0.004656)
(0.004656 0.001281 0.004656)
(0.004719 0.001281 0.004656)
(0.004781 0.001281 0.004656)
(0.004844 0.001281 0.004656)
(0.004906 0.001281 0.004656)
(0.004969 0.001281 0.004656)
(0.004031 0.001344 0.004656)
(0.004094 0.001344 0.004656)
(0.004156 0.001344 0.004656)
(0.004219 0.001344 0.004656)
(0.004281 0.001344 0.004656)
(0.004344 0.001344 0.004656)
(0.004406 0.001344 0.004656)
(0.004469 0.001344 0.004656)
(0.004531 0.001344 0.004656)
(0.004594 0.001344 0.004656)
(0.004656 0.001344 0.004656)
(0.004719 0.001344 0.004656)
(0.004781 0.001344 0.004656)
(0.004844 0.001344 0.004656)
(0.004906 0.001344 0.004656)
(0.004969 0.001344 0.004656)
(0.004031 0.001406 0.004656)
(0.004094 0.001406 0.004656)
(0.004156 0.001406 0.004656)
(0.004219 0.001406 0.004656)
(0.004281 0.001406 0.004656)
(0.004344 0.001406 0.004656)
(0.004406 0.001406 0.004656)
(0.004469 0.001406 0.004656)
(0.004531 0.001406 0.004656)
(0.004594 0.001406 0.004656)
(0.004656 0.001406 0.004656)
(0.004719 0.001406 0.004656)
(0.004781 0.001406 0.004656)
(0.004844 0.001406 0.004656)
(0.004906 0.001406 0.004656)
(0.004969 0.001406 0.004656)
(0.004031 0.001469 0.004656)
(0.004094 0.001469 0.004656)
(0.004156 0.001469 0.004656)
(0.004219 0.001469 0.004656)
(0.004281 0.001469 0.004656)
(0.004344 0.001469 0.004656)
(0.004406 0.001469 0.004656)
(0.004469 0.001469 0.004656)
(0.004531 0.001469 0.004656)
(0.004594 0.001469 0.004656)
(0.004656 0.001469 0.004656)
(0.004719 0.001469 0.004656)
(0.004781 0.001469 0.004656)
(0.004844 0.001469 0.004656)
(0.004906 0.001469 0.004656)
(0.004969 0.001469 0.004656)
(0.004031 0.001531 0.004656)
(0.004094 0.001531 0.004656)
(0.004156 0.001531 0.004656)
(0.004219 0.001531 0.004656)
(0.004281 0.001531 0.004656)
(0.004344 0.001531 0.004656)
(0.004406 0.001531 0.004656)
(0.004469 0.001531 0.004656)
(0.004531 0.001531 0.004656)
(0.004594 0.001531 0.004656)
(0.004656 0.001531 0.004656)
(0.004719 0.001531 0.004656)
(0.004781 0.001531 0.004656)
(0.004844 0.001531 0.004656)
(0.004906 0.001531 0.004656)
(0.004969 0.001531 0.004656)
(0.004031 0.001594 0.004656)
(0.004094 0.001594 0.004656)
(0.004156 0.001594 0.004656)
(0.004219 0.001594 0.004656)
(0.004281 0.001594 0.004656)
(0.004344 0.001594 0.004656)
(0.004406 0.001594 0.004656)
(0.004469 0.001594 0.004656)
(0.004531 0.001594 0.004656)
(0.004594 0.001594 0.004656)
(0.004656 0.001594 0.004656)
(0.004719 0.001594 0.004656)
(0.004781 0.001594 0.004656)
(0.004844 0.001594 0.004656)
(0.004906 0.001594 0.004656)
(0.004969 0.001594 0.004656)
(0.004031 0.001656 0.004656)
(0.004094 0.001656 0.004656)
(0.004156 0.001656 0.004656)
(0.004219 0.001656 0.004656)
(0.004281 0.001656 0.004656)
(0.004344 0.001656 0.004656)
(0.004406 0.001656 0.004656)
(0.004469 0.001656 0.004656)
(0.004531 0.001656 0.004656)
(0.004594 0.001656 0.004656)
(0.004656 0.001656 0.004656)
(0.004719 0.001656 0.004656)
(0.004781 0.001656 0.004656)
(0.004844 0.001656 0.004656)
(0.004906 0.001656 0.004656)
(0.004969 0.001656 0.004656)
(0.004031 0.001719 0.004656)
(0.004094 0.001719 0.004656)
(0.004156 0.001719 0.004656)
(0.004219 0.001719 0.004656)
(0.004281 0.001719 0.004656)
(0.004344 0.001719 0.004656)
(0.004406 0.001719 0.004656)
(0.004469 0.001719 0.004656)
(0.004531 0.001719 0.004656)
(0.004594 0.001719 0.004656)
(0.004656 0.001719 0.004656)
(0.004719 0.001719 0.004656)
(0.004781 0.001719 0.004656)
(0.004844 0.001719 0.004656)
(0.004906 0.001719 0.004656)
(0.004969 0.001719 0.004656)
(0.004031 0.001781 0.004656)
(0.004094 0.001781 0.004656)
(0.004156 0.001781 0.004656)
(0.004219 0.001781 0.004656)
(0.004281 0.001781 0.004656)
(0.004344 0.001781 0.004656)
(0.004406 0.001781 0.004656)
(0.004469 0.001781 0.004656)
(0.004531 0.001781 0.004656)
(0.004594 0.001781 0.004656)
(0.004656 0.001781 0.004656)
(0.004719 0.001781 0.004656)
(0.004781 0.001781 0.004656)
(0.004844 0.001781 0.004656)
(0.004906 0.001781 0.004656)
(0.004969 0.001781 0.004656)
(0.004031 0.001844 0.004656)
(0.004094 0.001844 0.004656)
(0.004156 0.001844 0.004656)
(0.004219 0.001844 0.004656)
(0.004281 0.001844 0.004656)
(0.004344 0.001844 0.004656)
(0.004406 0.001844 0.004656)
(0.004469 0.001844 0.004656)
(0.004531 0.001844 0.004656)
(0.004594 0.001844 0.004656)
(0.004656 0.001844 0.004656)
(0.004719 0.001844 0.004656)
(0.004781 0.001844 0.004656)
(0.004844 0.001844 0.004656)
(0.004906 0.001844 0.004656)
(0.004969 0.001844 0.004656)
(0.004031 0.001906 0.004656)
(0.004094 0.001906 0.004656)
(0.004156 0.001906 0.004656)
(0.004219 0.001906 0.004656)
(0.004281 0.001906 0.004656)
(0.004344 0.001906 0.004656)
(0.004406 0.001906 0.004656)
(0.004469 0.001906 0.004656)
(0.004531 0.001906 0.004656)
(0.004594 0.001906 0.004656)
(0.004656 0.001906 0.004656)
(0.004719 0.001906 0.004656)
(0.004781 0.001906 0.004656)
(0.004844 0.001906 0.004656)
(0.004906 0.001906 0.004656)
(0.004969 0.001906 0.004656)
(0.004031 0.001969 0.004656)
(0.004094 0.001969 0.004656)
(0.004156 0.001969 0.004656)
(0.004219 0.001969 0.004656)
(0.004281 0.001969 0.004656)
(0.004344 0.001969 0.004656)
(0.004406 0.001969 0.004656)
(0.004469 0.001969 0.004656)
(0.004531 0.001969 0.004656)
(0.004594 0.001969 0.004656)
(0.004656 0.001969 0.004656)
(0.004719 0.001969 0.004656)
(0.004781 0.001969 0.004656)
(0.004844 0.001969 0.004656)
(0.004906 0.001969 0.004656)
(0.004969 0.001969 0.004656)
(0.004031 0.002031 0.004656)
(0.004094 0.002031 0.004656)
(0.004156 0.002031 0.004656)
(0.004219 0.002031 0.004656)
(0.004281 0.002031 0.004656)
(0.004344 0.002031 0.004656)
(0.004406 0.002031 0.004656)
(0.004469 0.002031 0.004656)
(0.004531 0.002031 0.004656)
(0.004594 0.002031 0.004656)
(0.004656 0.002031 0.004656)
(0.004719 0.002031 0.004656)
(0.004781 0.002031 0.004656)
(0.004844 0.002031 0.004656)
(0.004906 0.002031 0.004656)
(0.004969 0.002031 0.004656)
(0.004031 0.002094 0.004656)
(0.004094 0.002094 0.004656)
(0.004156 0.002094 0.004656)
(0.004219 0.002094 0.004656)
(0.004281 0.002094 0.004656)
(0.004344 0.002094 0.004656)
(0.004406 0.002094 0.004656)
(0.004469 0.002094 0.004656)
(0.004531 0.002094 0.004656)
(0.004594 0.002094 0.004656)
(0.004656 0.002094 0.004656)
(0.004719 0.002094 0.004656)
(0.004781 0.002094 0.004656)
(0.004844 0.002094 0.004656)
(0.004906 0.002094 0.004656)
(0.004969 0.002094 0.004656)
(0.004031 0.002156 0.004656)
(0.004094 0.002156 0.004656)
(0.004156 0.002156 0.004656)
(0.004219 0.002156 0.004656)
(0.004281 0.002156 0.004656)
(0.004344 0.002156 0.004656)
(0.004406 0.002156 0.004656)
(0.004469 0.002156 0.004656)
(0.004531 0.002156 0.004656)
(0.004594 0.002156 0.004656)
(0.004656 0.002156 0.004656)
(0.004719 0.002156 0.004656)
(0.004781 0.002156 0.004656)
(0.004844 0.002156 0.004656)
(0.004906 0.002156 0.004656)
(0.004969 0.002156 0.004656)
(0.004031 0.002219 0.004656)
(0.004094 0.002219 0.004656)
(0.004156 0.002219 0.004656)
(0.004219 0.002219 0.004656)
(0.004281 0.002219 0.004656)
(0.004344 0.002219 0.004656)
(0.004406 0.002219 0.004656)
(0.004469 0.002219 0.004656)
(0.004531 0.002219 0.004656)
(0.004594 0.002219 0.004656)
(0.004656 0.002219 0.004656)
(0.004719 0.002219 0.004656)
(0.004781 0.002219 0.004656)
(0.004844 0.002219 0.004656)
(0.004906 0.002219 0.004656)
(0.004969 0.002219 0.004656)
(0.004031 0.002281 0.004656)
(0.004094 0.002281 0.004656)
(0.004156 0.002281 0.004656)
(0.004219 0.002281 0.004656)
(0.004281 0.002281 0.004656)
(0.004344 0.002281 0.004656)
(0.004406 0.002281 0.004656)
(0.004469 0.002281 0.004656)
(0.004531 0.002281 0.004656)
(0.004594 0.002281 0.004656)
(0.004656 0.002281 0.004656)
(0.004719 0.002281 0.004656)
(0.004781 0.002281 0.004656)
(0.004844 0.002281 0.004656)
(0.004906 0.002281 0.004656)
(0.004969 0.002281 0.004656)
(0.004031 0.002344 0.004656)
(0.004094 0.002344 0.004656)
(0.004156 0.002344 0.004656)
(0.004219 0.002344 0.004656)
(0.004281 0.002344 0.004656)
(0.004344 0.002344 0.004656)
(0.004406 0.002344 0.004656)
(0.004469 0.002344 0.004656)
(0.004531 0.002344 0.004656)
(0.004594 0.002344 0.004656)
(0.004656 0.002344 0.004656)
(0.004719 0.002344 0.004656)
(0.004781 0.002344 0.004656)
(0.004844 0.002344 0.004656)
(0.004906 0.002344 0.004656)
(0.004969 0.002344 0.004656)
(0.004031 0.001281 0.004719)
(0.004094 0.001281 0.004719)
(0.004156 0.001281 0.004719)
(0.004219 0.001281 0.004719)
(0.004281 0.001281 0.004719)
(0.004344 0.001281 0.004719)
(0.004406 0.001281 0.004719)
(0.004469 0.001281 0.004719)
(0.004531 0.001281 0.004719)
(0.004594 0.001281 0.004719)
(0.004656 0.001281 0.004719)
(0.004719 0.001281 0.004719)
(0.004781 0.001281 0.004719)
(0.004844 0.001281 0.004719)
(0.004906 0.001281 0.004719)
(0.004969 0.001281 0.004719)
(0.004031 0.001344 0.004719)
(0.004094 0.001344 0.004719)
(0.004156 0.001344 0.004719)
(0.004219 0.001344 0.004719)
(0.004281 0.001344 0.004719)
(0.004344 0.001344 0.004719)
(0.004406 0.001344 0.004719)
(0.004469 0.001344 0.004719)
(0.004531 0.001344 0.004719)
(0.004594 0.001344 0.004719)
(0.004656 0.001344 0.004719)
(0.004719 0.001344 0.004719)
(0.004781 0.001344 0.004719)
(0.004844 0.001344 0.004719)
(0.004906 0.001344 0.004719)
(0.004969 0.001344 0.004719)
(0.004031 0.001406 0.004719)
(0.004094 0.001406 0.004719)
(0.004156 0.001406 0.004719)
(0.004219 0.001406 0.004719)
(0.004281 0.001406 0.004719)
(0.004344 0.001406 0.004719)
(0.004406 0.001406 0.004719)
(0.004469 0.001406 0.004719)
(0.004531 0.001406 0.004719)
(0.004594 0.001406 0.004719)
(0.004656 0.001406 0.004719)
(0.004719 0.001406 0.004719)
(0.004781 0.001406 0.004719)
(0.004844 0.001406 0.004719)
(0.004906 0.001406 0.004719)
(0.004969 0.001406 0.004719)
(0.004031 0.001469 0.004719)
(0.004094 0.001469 0.004719)
(0.004156 0.001469 0.004719)
(0.004219 0.001469 0.004719)
(0.004281 0.001469 0.004719)
(0.004344 0.001469 0.004719)
(0.004406 0.001469 0.004719)
(0.004469 0.001469 0.004719)
(0.004531 0.001469 0.004719)
(0.004594 0.001469 0.004719)
(0.004656 0.001469 0.004719)
(0.004719 0.001469 0.004719)
(0.004781 0.001469 0.004719)
(0.004844 0.001469 0.004719)
(0.004906 0.001469 0.004719)
(0.004969 0.001469 0.004719)
(0.004031 0.001531 0.004719)
(0.004094 0.001531 0.004719)
(0.004156 0.001531 0.004719)
(0.004219 0.001531 0.004719)
(0.004281 0.001531 0.004719)
(0.004344 0.001531 0.004719)
(0.004406 0.001531 0.004719)
(0.004469 0.001531 0.004719)
(0.004531 0.001531 0.004719)
(0.004594 0.001531 0.004719)
(0.004656 0.001531 0.004719)
(0.004719 0.001531 0.004719)
(0.004781 0.001531 0.004719)
(0.004844 0.001531 0.004719)
(0.004906 0.001531 0.004719)
(0.004969 0.001531 0.004719)
(0.004031 0.001594 0.004719)
(0.004094 0.001594 0.004719)
(0.004156 0.001594 0.004719)
(0.004219 0.001594 0.004719)
(0.004281 0.001594 0.004719)
(0.004344 0.001594 0.004719)
(0.004406 0.001594 0.004719)
(0.004469 0.001594 0.004719)
(0.004531 0.001594 0.004719)
(0.004594 0.001594 0.004719)
(0.004656 0.001594 0.004719)
(0.004719 0.001594 0.004719)
(0.004781 0.001594 0.004719)
(0.004844 0.001594 0.004719)
(0.004906 0.001594 0.004719)
(0.004969 0.001594 0.004719)
(0.004031 0.001656 0.004719)
(0.004094 0.001656 0.004719)
(0.004156 0.001656 0.004719)
(0.004219 0.001656 0.004719)
(0.004281 0.001656 0.004719)
(0.004344 0.001656 0.004719)
(0.004406 0.001656 0.004719)
(0.004469 0.001656 0.004719)
(0.004531 0.001656 0.004719)
(0.004594 0.001656 0.004719)
(0.004656 0.001656 0.004719)
(0.004719 0.001656 0.004719)
(0.004781 0.001656 0.004719)
(0.004844 0.001656 0.004719)
(0.004906 0.001656 0.004719)
(0.004969 0.001656 0.004719)
(0.004031 0.001719 0.004719)
(0.004094 0.001719 0.004719)
(0.004156 0.001719 0.004719)
(0.004219 0.001719 0.004719)
(0.004281 0.001719 0.004719)
(0.004344 0.001719 0.004719)
(0.004406 0.001719 0.004719)
(0.004469 0.001719 0.004719)
(0.004531 0.001719 0.004719)
(0.004594 0.001719 0.004719)
(0.004656 0.001719 0.004719)
(0.004719 0.001719 0.004719)
(0.004781 0.001719 0.004719)
(0.004844 0.001719 0.004719)
(0.004906 0.001719 0.004719)
(0.004969 0.001719 0.004719)
(0.004031 0.001781 0.004719)
(0.004094 0.001781 0.004719)
(0.004156 0.001781 0.004719)
(0.004219 0.001781 0.004719)
(0.004281 0.001781 0.004719)
(0.004344 0.001781 0.004719)
(0.004406 0.001781 0.004719)
(0.004469 0.001781 0.004719)
(0.004531 0.001781 0.004719)
(0.004594 0.001781 0.004719)
(0.004656 0.001781 0.004719)
(0.004719 0.001781 0.004719)
(0.004781 0.001781 0.004719)
(0.004844 0.001781 0.004719)
(0.004906 0.001781 0.004719)
(0.004969 0.001781 0.004719)
(0.004031 0.001844 0.004719)
(0.004094 0.001844 0.004719)
(0.004156 0.001844 0.004719)
(0.004219 0.001844 0.004719)
(0.004281 0.001844 0.004719)
(0.004344 0.001844 0.004719)
(0.004406 0.001844 0.004719)
(0.004469 0.001844 0.004719)
(0.004531 0.001844 0.004719)
(0.004594 0.001844 0.004719)
(0.004656 0.001844 0.004719)
(0.004719 0.001844 0.004719)
(0.004781 0.001844 0.004719)
(0.004844 0.001844 0.004719)
(0.004906 0.001844 0.004719)
(0.004969 0.001844 0.004719)
(0.004031 0.001906 0.004719)
(0.004094 0.001906 0.004719)
(0.004156 0.001906 0.004719)
(0.004219 0.001906 0.004719)
(0.004281 0.001906 0.004719)
(0.004344 0.001906 0.004719)
(0.004406 0.001906 0.004719)
(0.004469 0.001906 0.004719)
(0.004531 0.001906 0.004719)
(0.004594 0.001906 0.004719)
(0.004656 0.001906 0.004719)
(0.004719 0.001906 0.004719)
(0.004781 0.001906 0.004719)
(0.004844 0.001906 0.004719)
(0.004906 0.001906 0.004719)
(0.004969 0.001906 0.004719)
(0.004031 0.001969 0.004719)
(0.004094 0.001969 0.004719)
(0.004156 0.001969 0.004719)
(0.004219 0.001969 0.004719)
(0.004281 0.001969 0.004719)
(0.004344 0.001969 0.004719)
(0.004406 0.001969 0.004719)
(0.004469 0.001969 0.004719)
(0.004531 0.001969 0.004719)
(0.004594 0.001969 0.004719)
(0.004656 0.001969 0.004719)
(0.004719 0.001969 0.004719)
(0.004781 0.001969 0.004719)
(0.004844 0.001969 0.004719)
(0.004906 0.001969 0.004719)
(0.004969 0.001969 0.004719)
(0.004031 0.002031 0.004719)
(0.004094 0.002031 0.004719)
(0.004156 0.002031 0.004719)
(0.004219 0.002031 0.004719)
(0.004281 0.002031 0.004719)
(0.004344 0.002031 0.004719)
(0.004406 0.002031 0.004719)
(0.004469 0.002031 0.004719)
(0.004531 0.002031 0.004719)
(0.004594 0.002031 0.004719)
(0.004656 0.002031 0.004719)
(0.004719 0.002031 0.004719)
(0.004781 0.002031 0.004719)
(0.004844 0.002031 0.004719)
(0.004906 0.002031 0.004719)
(0.004969 0.002031 0.004719)
(0.004031 0.002094 0.004719)
(0.004094 0.002094 0.004719)
(0.004156 0.002094 0.004719)
(0.004219 0.002094 0.004719)
(0.004281 0.002094 0.004719)
(0.004344 0.002094 0.004719)
(0.004406 0.002094 0.004719)
(0.004469 0.002094 0.004719)
(0.004531 0.002094 0.004719)
(0.004594 0.002094 0.004719)
(0.004656 0.002094 0.004719)
(0.004719 0.002094 0.004719)
(0.004781 0.002094 0.004719)
(0.004844 0.002094 0.004719)
(0.004906 0.002094 0.004719)
(0.004969 0.002094 0.004719)
(0.004031 0.002156 0.004719)
(0.004094 0.002156 0.004719)
(0.004156 0.002156 0.004719)
(0.004219 0.002156 0.004719)
(0.004281 0.002156 0.004719)
(0.004344 0.002156 0.004719)
(0.004406 0.002156 0.004719)
(0.004469 0.002156 0.004719)
(0.004531 0.002156 0.004719)
(0.004594 0.002156 0.004719)
(0.004656 0.002156 0.004719)
(0.004719 0.002156 0.004719)
(0.004781 0.002156 0.004719)
(0.004844 0.002156 0.004719)
(0.004906 0.002156 0.004719)
(0.004969 0.002156 0.004719)
(0.004031 0.002219 0.004719)
(0.004094 0.002219 0.004719)
(0.004156 0.002219 0.004719)
(0.004219 0.002219 0.004719)
(0.004281 0.002219 0.004719)
(0.004344 0.002219 0.004719)
(0.004406 0.002219 0.004719)
(0.004469 0.002219 0.004719)
(0.004531 0.002219 0.004719)
(0.004594 0.002219 0.004719)
(0.004656 0.002219 0.004719)
(0.004719 0.002219 0.004719)
(0.004781 0.002219 0.004719)
(0.004844 0.002219 0.004719)
(0.004906 0.002219 0.004719)
(0.004969 0.002219 0.004719)
(0.004031 0.002281 0.004719)
(0.004094 0.002281 0.004719)
(0.004156 0.002281 0.004719)
(0.004219 0.002281 0.004719)
(0.004281 0.002281 0.004719)
(0.004344 0.002281 0.004719)
(0.004406 0.002281 0.004719)
(0.004469 0.002281 0.004719)
(0.004531 0.002281 0.004719)
(0.004594 0.002281 0.004719)
(0.004656 0.002281 0.004719)
(0.004719 0.002281 0.004719)
(0.004781 0.002281 0.004719)
(0.004844 0.002281 0.004719)
(0.004906 0.002281 0.004719)
(0.004969 0.002281 0.004719)
(0.004031 0.002344 0.004719)
(0.004094 0.002344 0.004719)
(0.004156 0.002344 0.004719)
(0.004219 0.002344 0.004719)
(0.004281 0.002344 0.004719)
(0.004344 0.002344 0.004719)
(0.004406 0.002344 0.004719)
(0.004469 0.002344 0.004719)
(0.004531 0.002344 0.004719)
(0.004594 0.002344 0.004719)
(0.004656 0.002344 0.004719)
(0.004719 0.002344 0.004719)
(0.004781 0.002344 0.004719)
(0.004844 0.002344 0.004719)
(0.004906 0.002344 0.004719)
(0.004969 0.002344 0.004719)
(0.004031 0.001281 0.004781)
(0.004094 0.001281 0.004781)
(0.004156 0.001281 0.004781)
(0.004219 0.001281 0.004781)
(0.004281 0.001281 0.004781)
(0.004344 0.001281 0.004781)
(0.004406 0.001281 0.004781)
(0.004469 0.001281 0.004781)
(0.004531 0.001281 0.004781)
(0.004594 0.001281 0.004781)
(0.004656 0.001281 0.004781)
(0.004719 0.001281 0.004781)
(0.004781 0.001281 0.004781)
(0.004844 0.001281 0.004781)
(0.004906 0.001281 0.004781)
(0.004969 0.001281 0.004781)
(0.004031 0.001344 0.004781)
(0.004094 0.001344 0.004781)
(0.004156 0.001344 0.004781)
(0.004219 0.001344 0.004781)
(0.004281 0.001344 0.004781)
(0.004344 0.001344 0.004781)
(0.004406 0.001344 0.004781)
(0.004469 0.001344 0.004781)
(0.004531 0.001344 0.004781)
(0.004594 0.001344 0.004781)
(0.004656 0.001344 0.004781)
(0.004719 0.001344 0.004781)
(0.004781 0.001344 0.004781)
(0.004844 0.001344 0.004781)
(0.004906 0.001344 0.004781)
(0.004969 0.001344 0.004781)
(0.004031 0.001406 0.004781)
(0.004094 0.001406 0.004781)
(0.004156 0.001406 0.004781)
(0.004219 0.001406 0.004781)
(0.004281 0.001406 0.004781)
(0.004344 0.001406 0.004781)
(0.004406 0.001406 0.004781)
(0.004469 0.001406 0.004781)
(0.004531 0.001406 0.004781)
(0.004594 0.001406 0.004781)
(0.004656 0.001406 0.004781)
(0.004719 0.001406 0.004781)
(0.004781 0.001406 0.004781)
(0.004844 0.001406 0.004781)
(0.004906 0.001406 0.004781)
(0.004969 0.001406 0.004781)
(0.004031 0.001469 0.004781)
(0.004094 0.001469 0.004781)
(0.004156 0.001469 0.004781)
(0.004219 0.001469 0.004781)
(0.004281 0.001469 0.004781)
(0.004344 0.001469 0.004781)
(0.004406 0.001469 0.004781)
(0.004469 0.001469 0.004781)
(0.004531 0.001469 0.004781)
(0.004594 0.001469 0.004781)
(0.004656 0.001469 0.004781)
(0.004719 0.001469 0.004781)
(0.004781 0.001469 0.004781)
(0.004844 0.001469 0.004781)
(0.004906 0.001469 0.004781)
(0.004969 0.001469 0.004781)
(0.004031 0.001531 0.004781)
(0.004094 0.001531 0.004781)
(0.004156 0.001531 0.004781)
(0.004219 0.001531 0.004781)
(0.004281 0.001531 0.004781)
(0.004344 0.001531 0.004781)
(0.004406 0.001531 0.004781)
(0.004469 0.001531 0.004781)
(0.004531 0.001531 0.004781)
(0.004594 0.001531 0.004781)
(0.004656 0.001531 0.004781)
(0.004719 0.001531 0.004781)
(0.004781 0.001531 0.004781)
(0.004844 0.001531 0.004781)
(0.004906 0.001531 0.004781)
(0.004969 0.001531 0.004781)
(0.004031 0.001594 0.004781)
(0.004094 0.001594 0.004781)
(0.004156 0.001594 0.004781)
(0.004219 0.001594 0.004781)
(0.004281 0.001594 0.004781)
(0.004344 0.001594 0.004781)
(0.004406 0.001594 0.004781)
(0.004469 0.001594 0.004781)
(0.004531 0.001594 0.004781)
(0.004594 0.001594 0.004781)
(0.004656 0.001594 0.004781)
(0.004719 0.001594 0.004781)
(0.004781 0.001594 0.004781)
(0.004844 0.001594 0.004781)
(0.004906 0.001594 0.004781)
(0.004969 0.001594 0.004781)
(0.004031 0.001656 0.004781)
(0.004094 0.001656 0.004781)
(0.004156 0.001656 0.004781)
(0.004219 0.001656 0.004781)
(0.004281 0.001656 0.004781)
(0.004344 0.001656 0.004781)
(0.004406 0.001656 0.004781)
(0.004469 0.001656 0.004781)
(0.004531 0.001656 0.004781)
(0.004594 0.001656 0.004781)
(0.004656 0.001656 0.004781)
(0.004719 0.001656 0.004781)
(0.004781 0.001656 0.004781)
(0.004844 0.001656 0.004781)
(0.004906 0.001656 0.004781)
(0.004969 0.001656 0.004781)
(0.004031 0.001719 0.004781)
(0.004094 0.001719 0.004781)
(0.004156 0.001719 0.004781)
(0.004219 0.001719 0.004781)
(0.004281 0.001719 0.004781)
(0.004344 0.001719 0.004781)
(0.004406 0.001719 0.004781)
(0.004469 0.001719 0.004781)
(0.004531 0.001719 0.004781)
(0.004594 0.001719 0.004781)
(0.004656 0.001719 0.004781)
(0.004719 0.001719 0.004781)
(0.004781 0.001719 0.004781)
(0.004844 0.001719 0.004781)
(0.004906 0.001719 0.004781)
(0.004969 0.001719 0.004781)
(0.004031 0.001781 0.004781)
(0.004094 0.001781 0.004781)
(0.004156 0.001781 0.004781)
(0.004219 0.001781 0.004781)
(0.004281 0.001781 0.004781)
(0.004344 0.001781 0.004781)
(0.004406 0.001781 0.004781)
(0.004469 0.001781 0.004781)
(0.004531 0.001781 0.004781)
(0.004594 0.001781 0.004781)
(0.004656 0.001781 0.004781)
(0.004719 0.001781 0.004781)
(0.004781 0.001781 0.004781)
(0.004844 0.001781 0.004781)
(0.004906 0.001781 0.004781)
(0.004969 0.001781 0.004781)
(0.004031 0.001844 0.004781)
(0.004094 0.001844 0.004781)
(0.004156 0.001844 0.004781)
(0.004219 0.001844 0.004781)
(0.004281 0.001844 0.004781)
(0.004344 0.001844 0.004781)
(0.004406 0.001844 0.004781)
(0.004469 0.001844 0.004781)
(0.004531 0.001844 0.004781)
(0.004594 0.001844 0.004781)
(0.004656 0.001844 0.004781)
(0.004719 0.001844 0.004781)
(0.004781 0.001844 0.004781)
(0.004844 0.001844 0.004781)
(0.004906 0.001844 0.004781)
(0.004969 0.001844 0.004781)
(0.004031 0.001906 0.004781)
(0.004094 0.001906 0.004781)
(0.004156 0.001906 0.004781)
(0.004219 0.001906 0.004781)
(0.004281 0.001906 0.004781)
(0.004344 0.001906 0.004781)
(0.004406 0.001906 0.004781)
(0.004469 0.001906 0.004781)
(0.004531 0.001906 0.004781)
(0.004594 0.001906 0.004781)
(0.004656 0.001906 0.004781)
(0.004719 0.001906 0.004781)
(0.004781 0.001906 0.004781)
(0.004844 0.001906 0.004781)
(0.004906 0.001906 0.004781)
(0.004969 0.001906 0.004781)
(0.004031 0.001969 0.004781)
(0.004094 0.001969 0.004781)
(0.004156 0.001969 0.004781)
(0.004219 0.001969 0.004781)
(0.004281 0.001969 0.004781)
(0.004344 0.001969 0.004781)
(0.004406 0.001969 0.004781)
(0.004469 0.001969 0.004781)
(0.004531 0.001969 0.004781)
(0.004594 0.001969 0.004781)
(0.004656 0.001969 0.004781)
(0.004719 0.001969 0.004781)
(0.004781 0.001969 0.004781)
(0.004844 0.001969 0.004781)
(0.004906 0.001969 0.004781)
(0.004969 0.001969 0.004781)
(0.004031 0.002031 0.004781)
(0.004094 0.002031 0.004781)
(0.004156 0.002031 0.004781)
(0.004219 0.002031 0.004781)
(0.004281 0.002031 0.004781)
(0.004344 0.002031 0.004781)
(0.004406 0.002031 0.004781)
(0.004469 0.002031 0.004781)
(0.004531 0.002031 0.004781)
(0.004594 0.002031 0.004781)
(0.004656 0.002031 0.004781)
(0.004719 0.002031 0.004781)
(0.004781 0.002031 0.004781)
(0.004844 0.002031 0.004781)
(0.004906 0.002031 0.004781)
(0.004969 0.002031 0.004781)
(0.004031 0.002094 0.004781)
(0.004094 0.002094 0.004781)
(0.004156 0.002094 0.004781)
(0.004219 0.002094 0.004781)
(0.004281 0.002094 0.004781)
(0.004344 0.002094 0.004781)
(0.004406 0.002094 0.004781)
(0.004469 0.002094 0.004781)
(0.004531 0.002094 0.004781)
(0.004594 0.002094 0.004781)
(0.004656 0.002094 0.004781)
(0.004719 0.002094 0.004781)
(0.004781 0.002094 0.004781)
(0.004844 0.002094 0.004781)
(0.004906 0.002094 0.004781)
(0.004969 0.002094 0.004781)
(0.004031 0.002156 0.004781)
(0.004094 0.002156 0.004781)
(0.004156 0.002156 0.004781)
(0.004219 0.002156 0.004781)
(0.004281 0.002156 0.004781)
(0.004344 0.002156 0.004781)
(0.004406 0.002156 0.004781)
(0.004469 0.002156 0.004781)
(0.004531 0.002156 0.004781)
(0.004594 0.002156 0.004781)
(0.004656 0.002156 0.004781)
(0.004719 0.002156 0.004781)
(0.004781 0.002156 0.004781)
(0.004844 0.002156 0.004781)
(0.004906 0.002156 0.004781)
(0.004969 0.002156 0.004781)
(0.004031 0.002219 0.004781)
(0.004094 0.002219 0.004781)
(0.004156 0.002219 0.004781)
(0.004219 0.002219 0.004781)
(0.004281 0.002219 0.004781)
(0.004344 0.002219 0.004781)
(0.004406 0.002219 0.004781)
(0.004469 0.002219 0.004781)
(0.004531 0.002219 0.004781)
(0.004594 0.002219 0.004781)
(0.004656 0.002219 0.004781)
(0.004719 0.002219 0.004781)
(0.004781 0.002219 0.004781)
(0.004844 0.002219 0.004781)
(0.004906 0.002219 0.004781)
(0.004969 0.002219 0.004781)
(0.004031 0.002281 0.004781)
(0.004094 0.002281 0.004781)
(0.004156 0.002281 0.004781)
(0.004219 0.002281 0.004781)
(0.004281 0.002281 0.004781)
(0.004344 0.002281 0.004781)
(0.004406 0.002281 0.004781)
(0.004469 0.002281 0.004781)
(0.004531 0.002281 0.004781)
(0.004594 0.002281 0.004781)
(0.004656 0.002281 0.004781)
(0.004719 0.002281 0.004781)
(0.004781 0.002281 0.004781)
(0.004844 0.002281 0.004781)
(0.004906 0.002281 0.004781)
(0.004969 0.002281 0.004781)
(0.004031 0.002344 0.004781)
(0.004094 0.002344 0.004781)
(0.004156 0.002344 0.004781)
(0.004219 0.002344 0.004781)
(0.004281 0.002344 0.004781)
(0.004344 0.002344 0.004781)
(0.004406 0.002344 0.004781)
(0.004469 0.002344 0.004781)
(0.004531 0.002344 0.004781)
(0.004594 0.002344 0.004781)
(0.004656 0.002344 0.004781)
(0.004719 0.002344 0.004781)
(0.004781 0.002344 0.004781)
(0.004844 0.002344 0.004781)
(0.004906 0.002344 0.004781)
(0.004969 0.002344 0.004781)
(0.004031 0.001281 0.004844)
(0.004094 0.001281 0.004844)
(0.004156 0.001281 0.004844)
(0.004219 0.001281 0.004844)
(0.004281 0.001281 0.004844)
(0.004344 0.001281 0.004844)
(0.004406 0.001281 0.004844)
(0.004469 0.001281 0.004844)
(0.004531 0.001281 0.004844)
(0.004594 0.001281 0.004844)
(0.004656 0.001281 0.004844)
(0.004719 0.001281 0.004844)
(0.004781 0.001281 0.004844)
(0.004844 0.001281 0.004844)
(0.004906 0.001281 0.004844)
(0.004969 0.001281 0.004844)
(0.004031 0.001344 0.004844)
(0.004094 0.001344 0.004844)
(0.004156 0.001344 0.004844)
(0.004219 0.001344 0.004844)
(0.004281 0.001344 0.004844)
(0.004344 0.001344 0.004844)
(0.004406 0.001344 0.004844)
(0.004469 0.001344 0.004844)
(0.004531 0.001344 0.004844)
(0.004594 0.001344 0.004844)
(0.004656 0.001344 0.004844)
(0.004719 0.001344 0.004844)
(0.004781 0.001344 0.004844)
(0.004844 0.001344 0.004844)
(0.004906 0.001344 0.004844)
(0.004969 0.001344 0.004844)
(0.004031 0.001406 0.004844)
(0.004094 0.001406 0.004844)
(0.004156 0.001406 0.004844)
(0.004219 0.001406 0.004844)
(0.004281 0.001406 0.004844)
(0.004344 0.001406 0.004844)
(0.004406 0.001406 0.004844)
(0.004469 0.001406 0.004844)
(0.004531 0.001406 0.004844)
(0.004594 0.001406 0.004844)
(0.004656 0.001406 0.004844)
(0.004719 0.001406 0.004844)
(0.004781 0.001406 0.004844)
(0.004844 0.001406 0.004844)
(0.004906 0.001406 0.004844)
(0.004969 0.001406 0.004844)
(0.004031 0.001469 0.004844)
(0.004094 0.001469 0.004844)
(0.004156 0.001469 0.004844)
(0.004219 0.001469 0.004844)
(0.004281 0.001469 0.004844)
(0.004344 0.001469 0.004844)
(0.004406 0.001469 0.004844)
(0.004469 0.001469 0.004844)
(0.004531 0.001469 0.004844)
(0.004594 0.001469 0.004844)
(0.004656 0.001469 0.004844)
(0.004719 0.001469 0.004844)
(0.004781 0.001469 0.004844)
(0.004844 0.001469 0.004844)
(0.004906 0.001469 0.004844)
(0.004969 0.001469 0.004844)
(0.004031 0.001531 0.004844)
(0.004094 0.001531 0.004844)
(0.004156 0.001531 0.004844)
(0.004219 0.001531 0.004844)
(0.004281 0.001531 0.004844)
(0.004344 0.001531 0.004844)
(0.004406 0.001531 0.004844)
(0.004469 0.001531 0.004844)
(0.004531 0.001531 0.004844)
(0.004594 0.001531 0.004844)
(0.004656 0.001531 0.004844)
(0.004719 0.001531 0.004844)
(0.004781 0.001531 0.004844)
(0.004844 0.001531 0.004844)
(0.004906 0.001531 0.004844)
(0.004969 0.001531 0.004844)
(0.004031 0.001594 0.004844)
(0.004094 0.001594 0.004844)
(0.004156 0.001594 0.004844)
(0.004219 0.001594 0.004844)
(0.004281 0.001594 0.004844)
(0.004344 0.001594 0.004844)
(0.004406 0.001594 0.004844)
(0.004469 0.001594 0.004844)
(0.004531 0.001594 0.004844)
(0.004594 0.001594 0.004844)
(0.004656 0.001594 0.004844)
(0.004719 0.001594 0.004844)
(0.004781 0.001594 0.004844)
(0.004844 0.001594 0.004844)
(0.004906 0.001594 0.004844)
(0.004969 0.001594 0.004844)
(0.004031 0.001656 0.004844)
(0.004094 0.001656 0.004844)
(0.004156 0.001656 0.004844)
(0.004219 0.001656 0.004844)
(0.004281 0.001656 0.004844)
(0.004344 0.001656 0.004844)
(0.004406 0.001656 0.004844)
(0.004469 0.001656 0.004844)
(0.004531 0.001656 0.004844)
(0.004594 0.001656 0.004844)
(0.004656 0.001656 0.004844)
(0.004719 0.001656 0.004844)
(0.004781 0.001656 0.004844)
(0.004844 0.001656 0.004844)
(0.004906 0.001656 0.004844)
(0.004969 0.001656 0.004844)
(0.004031 0.001719 0.004844)
(0.004094 0.001719 0.004844)
(0.004156 0.001719 0.004844)
(0.004219 0.001719 0.004844)
(0.004281 0.001719 0.004844)
(0.004344 0.001719 0.004844)
(0.004406 0.001719 0.004844)
(0.004469 0.001719 0.004844)
(0.004531 0.001719 0.004844)
(0.004594 0.001719 0.004844)
(0.004656 0.001719 0.004844)
(0.004719 0.001719 0.004844)
(0.004781 0.001719 0.004844)
(0.004844 0.001719 0.004844)
(0.004906 0.001719 0.004844)
(0.004969 0.001719 0.004844)
(0.004031 0.001781 0.004844)
(0.004094 0.001781 0.004844)
(0.004156 0.001781 0.004844)
(0.004219 0.001781 0.004844)
(0.004281 0.001781 0.004844)
(0.004344 0.001781 0.004844)
(0.004406 0.001781 0.004844)
(0.004469 0.001781 0.004844)
(0.004531 0.001781 0.004844)
(0.004594 0.001781 0.004844)
(0.004656 0.001781 0.004844)
(0.004719 0.001781 0.004844)
(0.004781 0.001781 0.004844)
(0.004844 0.001781 0.004844)
(0.004906 0.001781 0.004844)
(0.004969 0.001781 0.004844)
(0.004031 0.001844 0.004844)
(0.004094 0.001844 0.004844)
(0.004156 0.001844 0.004844)
(0.004219 0.001844 0.004844)
(0.004281 0.001844 0.004844)
(0.004344 0.001844 0.004844)
(0.004406 0.001844 0.004844)
(0.004469 0.001844 0.004844)
(0.004531 0.001844 0.004844)
(0.004594 0.001844 0.004844)
(0.004656 0.001844 0.004844)
(0.004719 0.001844 0.004844)
(0.004781 0.001844 0.004844)
(0.004844 0.001844 0.004844)
(0.004906 0.001844 0.004844)
(0.004969 0.001844 0.004844)
(0.004031 0.001906 0.004844)
(0.004094 0.001906 0.004844)
(0.004156 0.001906 0.004844)
(0.004219 0.001906 0.004844)
(0.004281 0.001906 0.004844)
(0.004344 0.001906 0.004844)
(0.004406 0.001906 0.004844)
(0.004469 0.001906 0.004844)
(0.004531 0.001906 0.004844)
(0.004594 0.001906 0.004844)
(0.004656 0.001906 0.004844)
(0.004719 0.001906 0.004844)
(0.004781 0.001906 0.004844)
(0.004844 0.001906 0.004844)
(0.004906 0.001906 0.004844)
(0.004969 0.001906 0.004844)
(0.004031 0.001969 0.004844)
(0.004094 0.001969 0.004844)
(0.004156 0.001969 0.004844)
(0.004219 0.001969 0.004844)
(0.004281 0.001969 0.004844)
(0.004344 0.001969 0.004844)
(0.004406 0.001969 0.004844)
(0.004469 0.001969 0.004844)
(0.004531 0.001969 0.004844)
(0.004594 0.001969 0.004844)
(0.004656 0.001969 0.004844)
(0.004719 0.001969 0.004844)
(0.004781 0.001969 0.004844)
(0.004844 0.001969 0.004844)
(0.004906 0.001969 0.004844)
(0.004969 0.001969 0.004844)
(0.004031 0.002031 0.004844)
(0.004094 0.002031 0.004844)
(0.004156 0.002031 0.004844)
(0.004219 0.002031 0.004844)
(0.004281 0.002031 0.004844)
(0.004344 0.002031 0.004844)
(0.004406 0.002031 0.004844)
(0.004469 0.002031 0.004844)
(0.004531 0.002031 0.004844)
(0.004594 0.002031 0.004844)
(0.004656 0.002031 0.004844)
(0.004719 0.002031 0.004844)
(0.004781 0.002031 0.004844)
(0.004844 0.002031 0.004844)
(0.004906 0.002031 0.004844)
(0.004969 0.002031 0.004844)
(0.004031 0.002094 0.004844)
(0.004094 0.002094 0.004844)
(0.004156 0.002094 0.004844)
(0.004219 0.002094 0.004844)
(0.004281 0.002094 0.004844)
(0.004344 0.002094 0.004844)
(0.004406 0.002094 0.004844)
(0.004469 0.002094 0.004844)
(0.004531 0.002094 0.004844)
(0.004594 0.002094 0.004844)
(0.004656 0.002094 0.004844)
(0.004719 0.002094 0.004844)
(0.004781 0.002094 0.004844)
(0.004844 0.002094 0.004844)
(0.004906 0.002094 0.004844)
(0.004969 0.002094 0.004844)
(0.004031 0.002156 0.004844)
(0.004094 0.002156 0.004844)
(0.004156 0.002156 0.004844)
(0.004219 0.002156 0.004844)
(0.004281 0.002156 0.004844)
(0.004344 0.002156 0.004844)
(0.004406 0.002156 0.004844)
(0.004469 0.002156 0.004844)
(0.004531 0.002156 0.004844)
(0.004594 0.002156 0.004844)
(0.004656 0.002156 0.004844)
(0.004719 0.002156 0.004844)
(0.004781 0.002156 0.004844)
(0.004844 0.002156 0.004844)
(0.004906 0.002156 0.004844)
(0.004969 0.002156 0.004844)
(0.004031 0.002219 0.004844)
(0.004094 0.002219 0.004844)
(0.004156 0.002219 0.004844)
(0.004219 0.002219 0.004844)
(0.004281 0.002219 0.004844)
(0.004344 0.002219 0.004844)
(0.004406 0.002219 0.004844)
(0.004469 0.002219 0.004844)
(0.004531 0.002219 0.004844)
(0.004594 0.002219 0.004844)
(0.004656 0.002219 0.004844)
(0.004719 0.002219 0.004844)
(0.004781 0.002219 0.004844)
(0.004844 0.002219 0.004844)
(0.004906 0.002219 0.004844)
(0.004969 0.002219 0.004844)
(0.004031 0.002281 0.004844)
(0.004094 0.002281 0.004844)
(0.004156 0.002281 0.004844)
(0.004219 0.002281 0.004844)
(0.004281 0.002281 0.004844)
(0.004344 0.002281 0.004844)
(0.004406 0.002281 0.004844)
(0.004469 0.002281 0.004844)
(0.004531 0.002281 0.004844)
(0.004594 0.002281 0.004844)
(0.004656 0.002281 0.004844)
(0.004719 0.002281 0.004844)
(0.004781 0.002281 0.004844)
(0.004844 0.002281 0.004844)
(0.004906 0.002281 0.004844)
(0.004969 0.002281 0.004844)
(0.004031 0.002344 0.004844)
(0.004094 0.002344 0.004844)
(0.004156 0.002344 0.004844)
(0.004219 0.002344 0.004844)
(0.004281 0.002344 0.004844)
(0.004344 0.002344 0.004844)
(0.004406 0.002344 0.004844)
(0.004469 0.002344 0.004844)
(0.004531 0.002344 0.004844)
(0.004594 0.002344 0.004844)
(0.004656 0.002344 0.004844)
(0.004719 0.002344 0.004844)
(0.004781 0.002344 0.004844)
(0.004844 0.002344 0.004844)
(0.004906 0.002344 0.004844)
(0.004969 0.002344 0.004844)
(0.004031 0.001281 0.004906)
(0.004094 0.001281 0.004906)
(0.004156 0.001281 0.004906)
(0.004219 0.001281 0.004906)
(0.004281 0.001281 0.004906)
(0.004344 0.001281 0.004906)
(0.004406 0.001281 0.004906)
(0.004469 0.001281 0.004906)
(0.004531 0.001281 0.004906)
(0.004594 0.001281 0.004906)
(0.004656 0.001281 0.004906)
(0.004719 0.001281 0.004906)
(0.004781 0.001281 0.004906)
(0.004844 0.001281 0.004906)
(0.004906 0.001281 0.004906)
(0.004969 0.001281 0.004906)
(0.004031 0.001344 0.004906)
(0.004094 0.001344 0.004906)
(0.004156 0.001344 0.004906)
(0.004219 0.001344 0.004906)
(0.004281 0.001344 0.004906)
(0.004344 0.001344 0.004906)
(0.004406 0.001344 0.004906)
(0.004469 0.001344 0.004906)
(0.004531 0.001344 0.004906)
(0.004594 0.001344 0.004906)
(0.004656 0.001344 0.004906)
(0.004719 0.001344 0.004906)
(0.004781 0.001344 0.004906)
(0.004844 0.001344 0.004906)
(0.004906 0.001344 0.004906)
(0.004969 0.001344 0.004906)
(0.004031 0.001406 0.004906)
(0.004094 0.001406 0.004906)
(0.004156 0.001406 0.004906)
(0.004219 0.001406 0.004906)
(0.004281 0.001406 0.004906)
(0.004344 0.001406 0.004906)
(0.004406 0.001406 0.004906)
(0.004469 0.001406 0.004906)
(0.004531 0.001406 0.004906)
(0.004594 0.001406 0.004906)
(0.004656 0.001406 0.004906)
(0.004719 0.001406 0.004906)
(0.004781 0.001406 0.004906)
(0.004844 0.001406 0.004906)
(0.004906 0.001406 0.004906)
(0.004969 0.001406 0.004906)
(0.004031 0.001469 0.004906)
(0.004094 0.001469 0.004906)
(0.004156 0.001469 0.004906)
(0.004219 0.001469 0.004906)
(0.004281 0.001469 0.004906)
(0.004344 0.001469 0.004906)
(0.004406 0.001469 0.004906)
(0.004469 0.001469 0.004906)
(0.004531 0.001469 0.004906)
(0.004594 0.001469 0.004906)
(0.004656 0.001469 0.004906)
(0.004719 0.001469 0.004906)
(0.004781 0.001469 0.004906)
(0.004844 0.001469 0.004906)
(0.004906 0.001469 0.004906)
(0.004969 0.001469 0.004906)
(0.004031 0.001531 0.004906)
(0.004094 0.001531 0.004906)
(0.004156 0.001531 0.004906)
(0.004219 0.001531 0.004906)
(0.004281 0.001531 0.004906)
(0.004344 0.001531 0.004906)
(0.004406 0.001531 0.004906)
(0.004469 0.001531 0.004906)
(0.004531 0.001531 0.004906)
(0.004594 0.001531 0.004906)
(0.004656 0.001531 0.004906)
(0.004719 0.001531 0.004906)
(0.004781 0.001531 0.004906)
(0.004844 0.001531 0.004906)
(0.004906 0.001531 0.004906)
(0.004969 0.001531 0.004906)
(0.004031 0.001594 0.004906)
(0.004094 0.001594 0.004906)
(0.004156 0.001594 0.004906)
(0.004219 0.001594 0.004906)
(0.004281 0.001594 0.004906)
(0.004344 0.001594 0.004906)
(0.004406 0.001594 0.004906)
(0.004469 0.001594 0.004906)
(0.004531 0.001594 0.004906)
(0.004594 0.001594 0.004906)
(0.004656 0.001594 0.004906)
(0.004719 0.001594 0.004906)
(0.004781 0.001594 0.004906)
(0.004844 0.001594 0.004906)
(0.004906 0.001594 0.004906)
(0.004969 0.001594 0.004906)
(0.004031 0.001656 0.004906)
(0.004094 0.001656 0.004906)
(0.004156 0.001656 0.004906)
(0.004219 0.001656 0.004906)
(0.004281 0.001656 0.004906)
(0.004344 0.001656 0.004906)
(0.004406 0.001656 0.004906)
(0.004469 0.001656 0.004906)
(0.004531 0.001656 0.004906)
(0.004594 0.001656 0.004906)
(0.004656 0.001656 0.004906)
(0.004719 0.001656 0.004906)
(0.004781 0.001656 0.004906)
(0.004844 0.001656 0.004906)
(0.004906 0.001656 0.004906)
(0.004969 0.001656 0.004906)
(0.004031 0.001719 0.004906)
(0.004094 0.001719 0.004906)
(0.004156 0.001719 0.004906)
(0.004219 0.001719 0.004906)
(0.004281 0.001719 0.004906)
(0.004344 0.001719 0.004906)
(0.004406 0.001719 0.004906)
(0.004469 0.001719 0.004906)
(0.004531 0.001719 0.004906)
(0.004594 0.001719 0.004906)
(0.004656 0.001719 0.004906)
(0.004719 0.001719 0.004906)
(0.004781 0.001719 0.004906)
(0.004844 0.001719 0.004906)
(0.004906 0.001719 0.004906)
(0.004969 0.001719 0.004906)
(0.004031 0.001781 0.004906)
(0.004094 0.001781 0.004906)
(0.004156 0.001781 0.004906)
(0.004219 0.001781 0.004906)
(0.004281 0.001781 0.004906)
(0.004344 0.001781 0.004906)
(0.004406 0.001781 0.004906)
(0.004469 0.001781 0.004906)
(0.004531 0.001781 0.004906)
(0.004594 0.001781 0.004906)
(0.004656 0.001781 0.004906)
(0.004719 0.001781 0.004906)
(0.004781 0.001781 0.004906)
(0.004844 0.001781 0.004906)
(0.004906 0.001781 0.004906)
(0.004969 0.001781 0.004906)
(0.004031 0.001844 0.004906)
(0.004094 0.001844 0.004906)
(0.004156 0.001844 0.004906)
(0.004219 0.001844 0.004906)
(0.004281 0.001844 0.004906)
(0.004344 0.001844 0.004906)
(0.004406 0.001844 0.004906)
(0.004469 0.001844 0.004906)
(0.004531 0.001844 0.004906)
(0.004594 0.001844 0.004906)
(0.004656 0.001844 0.004906)
(0.004719 0.001844 0.004906)
(0.004781 0.001844 0.004906)
(0.004844 0.001844 0.004906)
(0.004906 0.001844 0.004906)
(0.004969 0.001844 0.004906)
(0.004031 0.001906 0.004906)
(0.004094 0.001906 0.004906)
(0.004156 0.001906 0.004906)
(0.004219 0.001906 0.004906)
(0.004281 0.001906 0.004906)
(0.004344 0.001906 0.004906)
(0.004406 0.001906 0.004906)
(0.004469 0.001906 0.004906)
(0.004531 0.001906 0.004906)
(0.004594 0.001906 0.004906)
(0.004656 0.001906 0.004906)
(0.004719 0.001906 0.004906)
(0.004781 0.001906 0.004906)
(0.004844 0.001906 0.004906)
(0.004906 0.001906 0.004906)
(0.004969 0.001906 0.004906)
(0.004031 0.001969 0.004906)
(0.004094 0.001969 0.004906)
(0.004156 0.001969 0.004906)
(0.004219 0.001969 0.004906)
(0.004281 0.001969 0.004906)
(0.004344 0.001969 0.004906)
(0.004406 0.001969 0.004906)
(0.004469 0.001969 0.004906)
(0.004531 0.001969 0.004906)
(0.004594 0.001969 0.004906)
(0.004656 0.001969 0.004906)
(0.004719 0.001969 0.004906)
(0.004781 0.001969 0.004906)
(0.004844 0.001969 0.004906)
(0.004906 0.001969 0.004906)
(0.004969 0.001969 0.004906)
(0.004031 0.002031 0.004906)
(0.004094 0.002031 0.004906)
(0.004156 0.002031 0.004906)
(0.004219 0.002031 0.004906)
(0.004281 0.002031 0.004906)
(0.004344 0.002031 0.004906)
(0.004406 0.002031 0.004906)
(0.004469 0.002031 0.004906)
(0.004531 0.002031 0.004906)
(0.004594 0.002031 0.004906)
(0.004656 0.002031 0.004906)
(0.004719 0.002031 0.004906)
(0.004781 0.002031 0.004906)
(0.004844 0.002031 0.004906)
(0.004906 0.002031 0.004906)
(0.004969 0.002031 0.004906)
(0.004031 0.002094 0.004906)
(0.004094 0.002094 0.004906)
(0.004156 0.002094 0.004906)
(0.004219 0.002094 0.004906)
(0.004281 0.002094 0.004906)
(0.004344 0.002094 0.004906)
(0.004406 0.002094 0.004906)
(0.004469 0.002094 0.004906)
(0.004531 0.002094 0.004906)
(0.004594 0.002094 0.004906)
(0.004656 0.002094 0.004906)
(0.004719 0.002094 0.004906)
(0.004781 0.002094 0.004906)
(0.004844 0.002094 0.004906)
(0.004906 0.002094 0.004906)
(0.004969 0.002094 0.004906)
(0.004031 0.002156 0.004906)
(0.004094 0.002156 0.004906)
(0.004156 0.002156 0.004906)
(0.004219 0.002156 0.004906)
(0.004281 0.002156 0.004906)
(0.004344 0.002156 0.004906)
(0.004406 0.002156 0.004906)
(0.004469 0.002156 0.004906)
(0.004531 0.002156 0.004906)
(0.004594 0.002156 0.004906)
(0.004656 0.002156 0.004906)
(0.004719 0.002156 0.004906)
(0.004781 0.002156 0.004906)
(0.004844 0.002156 0.004906)
(0.004906 0.002156 0.004906)
(0.004969 0.002156 0.004906)
(0.004031 0.002219 0.004906)
(0.004094 0.002219 0.004906)
(0.004156 0.002219 0.004906)
(0.004219 0.002219 0.004906)
(0.004281 0.002219 0.004906)
(0.004344 0.002219 0.004906)
(0.004406 0.002219 0.004906)
(0.004469 0.002219 0.004906)
(0.004531 0.002219 0.004906)
(0.004594 0.002219 0.004906)
(0.004656 0.002219 0.004906)
(0.004719 0.002219 0.004906)
(0.004781 0.002219 0.004906)
(0.004844 0.002219 0.004906)
(0.004906 0.002219 0.004906)
(0.004969 0.002219 0.004906)
(0.004031 0.002281 0.004906)
(0.004094 0.002281 0.004906)
(0.004156 0.002281 0.004906)
(0.004219 0.002281 0.004906)
(0.004281 0.002281 0.004906)
(0.004344 0.002281 0.004906)
(0.004406 0.002281 0.004906)
(0.004469 0.002281 0.004906)
(0.004531 0.002281 0.004906)
(0.004594 0.002281 0.004906)
(0.004656 0.002281 0.004906)
(0.004719 0.002281 0.004906)
(0.004781 0.002281 0.004906)
(0.004844 0.002281 0.004906)
(0.004906 0.002281 0.004906)
(0.004969 0.002281 0.004906)
(0.004031 0.002344 0.004906)
(0.004094 0.002344 0.004906)
(0.004156 0.002344 0.004906)
(0.004219 0.002344 0.004906)
(0.004281 0.002344 0.004906)
(0.004344 0.002344 0.004906)
(0.004406 0.002344 0.004906)
(0.004469 0.002344 0.004906)
(0.004531 0.002344 0.004906)
(0.004594 0.002344 0.004906)
(0.004656 0.002344 0.004906)
(0.004719 0.002344 0.004906)
(0.004781 0.002344 0.004906)
(0.004844 0.002344 0.004906)
(0.004906 0.002344 0.004906)
(0.004969 0.002344 0.004906)
(0.004031 0.001281 0.004969)
(0.004094 0.001281 0.004969)
(0.004156 0.001281 0.004969)
(0.004219 0.001281 0.004969)
(0.004281 0.001281 0.004969)
(0.004344 0.001281 0.004969)
(0.004406 0.001281 0.004969)
(0.004469 0.001281 0.004969)
(0.004531 0.001281 0.004969)
(0.004594 0.001281 0.004969)
(0.004656 0.001281 0.004969)
(0.004719 0.001281 0.004969)
(0.004781 0.001281 0.004969)
(0.004844 0.001281 0.004969)
(0.004906 0.001281 0.004969)
(0.004969 0.001281 0.004969)
(0.004031 0.001344 0.004969)
(0.004094 0.001344 0.004969)
(0.004156 0.001344 0.004969)
(0.004219 0.001344 0.004969)
(0.004281 0.001344 0.004969)
(0.004344 0.001344 0.004969)
(0.004406 0.001344 0.004969)
(0.004469 0.001344 0.004969)
(0.004531 0.001344 0.004969)
(0.004594 0.001344 0.004969)
(0.004656 0.001344 0.004969)
(0.004719 0.001344 0.004969)
(0.004781 0.001344 0.004969)
(0.004844 0.001344 0.004969)
(0.004906 0.001344 0.004969)
(0.004969 0.001344 0.004969)
(0.004031 0.001406 0.004969)
(0.004094 0.001406 0.004969)
(0.004156 0.001406 0.004969)
(0.004219 0.001406 0.004969)
(0.004281 0.001406 0.004969)
(0.004344 0.001406 0.004969)
(0.004406 0.001406 0.004969)
(0.004469 0.001406 0.004969)
(0.004531 0.001406 0.004969)
(0.004594 0.001406 0.004969)
(0.004656 0.001406 0.004969)
(0.004719 0.001406 0.004969)
(0.004781 0.001406 0.004969)
(0.004844 0.001406 0.004969)
(0.004906 0.001406 0.004969)
(0.004969 0.001406 0.004969)
(0.004031 0.001469 0.004969)
(0.004094 0.001469 0.004969)
(0.004156 0.001469 0.004969)
(0.004219 0.001469 0.004969)
(0.004281 0.001469 0.004969)
(0.004344 0.001469 0.004969)
(0.004406 0.001469 0.004969)
(0.004469 0.001469 0.004969)
(0.004531 0.001469 0.004969)
(0.004594 0.001469 0.004969)
(0.004656 0.001469 0.004969)
(0.004719 0.001469 0.004969)
(0.004781 0.001469 0.004969)
(0.004844 0.001469 0.004969)
(0.004906 0.001469 0.004969)
(0.004969 0.001469 0.004969)
(0.004031 0.001531 0.004969)
(0.004094 0.001531 0.004969)
(0.004156 0.001531 0.004969)
(0.004219 0.001531 0.004969)
(0.004281 0.001531 0.004969)
(0.004344 0.001531 0.004969)
(0.004406 0.001531 0.004969)
(0.004469 0.001531 0.004969)
(0.004531 0.001531 0.004969)
(0.004594 0.001531 0.004969)
(0.004656 0.001531 0.004969)
(0.004719 0.001531 0.004969)
(0.004781 0.001531 0.004969)
(0.004844 0.001531 0.004969)
(0.004906 0.001531 0.004969)
(0.004969 0.001531 0.004969)
(0.004031 0.001594 0.004969)
(0.004094 0.001594 0.004969)
(0.004156 0.001594 0.004969)
(0.004219 0.001594 0.004969)
(0.004281 0.001594 0.004969)
(0.004344 0.001594 0.004969)
(0.004406 0.001594 0.004969)
(0.004469 0.001594 0.004969)
(0.004531 0.001594 0.004969)
(0.004594 0.001594 0.004969)
(0.004656 0.001594 0.004969)
(0.004719 0.001594 0.004969)
(0.004781 0.001594 0.004969)
(0.004844 0.001594 0.004969)
(0.004906 0.001594 0.004969)
(0.004969 0.001594 0.004969)
(0.004031 0.001656 0.004969)
(0.004094 0.001656 0.004969)
(0.004156 0.001656 0.004969)
(0.004219 0.001656 0.004969)
(0.004281 0.001656 0.004969)
(0.004344 0.001656 0.004969)
(0.004406 0.001656 0.004969)
(0.004469 0.001656 0.004969)
(0.004531 0.001656 0.004969)
(0.004594 0.001656 0.004969)
(0.004656 0.001656 0.004969)
(0.004719 0.001656 0.004969)
(0.004781 0.001656 0.004969)
(0.004844 0.001656 0.004969)
(0.004906 0.001656 0.004969)
(0.004969 0.001656 0.004969)
(0.004031 0.001719 0.004969)
(0.004094 0.001719 0.004969)
(0.004156 0.001719 0.004969)
(0.004219 0.001719 0.004969)
(0.004281 0.001719 0.004969)
(0.004344 0.001719 0.004969)
(0.004406 0.001719 0.004969)
(0.004469 0.001719 0.004969)
(0.004531 0.001719 0.004969)
(0.004594 0.001719 0.004969)
(0.004656 0.001719 0.004969)
(0.004719 0.001719 0.004969)
(0.004781 0.001719 0.004969)
(0.004844 0.001719 0.004969)
(0.004906 0.001719 0.004969)
(0.004969 0.001719 0.004969)
(0.004031 0.001781 0.004969)
(0.004094 0.001781 0.004969)
(0.004156 0.001781 0.004969)
(0.004219 0.001781 0.004969)
(0.004281 0.001781 0.004969)
(0.004344 0.001781 0.004969)
(0.004406 0.001781 0.004969)
(0.004469 0.001781 0.004969)
(0.004531 0.001781 0.004969)
(0.004594 0.001781 0.004969)
(0.004656 0.001781 0.004969)
(0.004719 0.001781 0.004969)
(0.004781 0.001781 0.004969)
(0.004844 0.001781 0.004969)
(0.004906 0.001781 0.004969)
(0.004969 0.001781 0.004969)
(0.004031 0.001844 0.004969)
(0.004094 0.001844 0.004969)
(0.004156 0.001844 0.004969)
(0.004219 0.001844 0.004969)
(0.004281 0.001844 0.004969)
(0.004344 0.001844 0.004969)
(0.004406 0.001844 0.004969)
(0.004469 0.001844 0.004969)
(0.004531 0.001844 0.004969)
(0.004594 0.001844 0.004969)
(0.004656 0.001844 0.004969)
(0.004719 0.001844 0.004969)
(0.004781 0.001844 0.004969)
(0.004844 0.001844 0.004969)
(0.004906 0.001844 0.004969)
(0.004969 0.001844 0.004969)
(0.004031 0.001906 0.004969)
(0.004094 0.001906 0.004969)
(0.004156 0.001906 0.004969)
(0.004219 0.001906 0.004969)
(0.004281 0.001906 0.004969)
(0.004344 0.001906 0.004969)
(0.004406 0.001906 0.004969)
(0.004469 0.001906 0.004969)
(0.004531 0.001906 0.004969)
(0.004594 0.001906 0.004969)
(0.004656 0.001906 0.004969)
(0.004719 0.001906 0.004969)
(0.004781 0.001906 0.004969)
(0.004844 0.001906 0.004969)
(0.004906 0.001906 0.004969)
(0.004969 0.001906 0.004969)
(0.004031 0.001969 0.004969)
(0.004094 0.001969 0.004969)
(0.004156 0.001969 0.004969)
(0.004219 0.001969 0.004969)
(0.004281 0.001969 0.004969)
(0.004344 0.001969 0.004969)
(0.004406 0.001969 0.004969)
(0.004469 0.001969 0.004969)
(0.004531 0.001969 0.004969)
(0.004594 0.001969 0.004969)
(0.004656 0.001969 0.004969)
(0.004719 0.001969 0.004969)
(0.004781 0.001969 0.004969)
(0.004844 0.001969 0.004969)
(0.004906 0.001969 0.004969)
(0.004969 0.001969 0.004969)
(0.004031 0.002031 0.004969)
(0.004094 0.002031 0.004969)
(0.004156 0.002031 0.004969)
(0.004219 0.002031 0.004969)
(0.004281 0.002031 0.004969)
(0.004344 0.002031 0.004969)
(0.004406 0.002031 0.004969)
(0.004469 0.002031 0.004969)
(0.004531 0.002031 0.004969)
(0.004594 0.002031 0.004969)
(0.004656 0.002031 0.004969)
(0.004719 0.002031 0.004969)
(0.004781 0.002031 0.004969)
(0.004844 0.002031 0.004969)
(0.004906 0.002031 0.004969)
(0.004969 0.002031 0.004969)
(0.004031 0.002094 0.004969)
(0.004094 0.002094 0.004969)
(0.004156 0.002094 0.004969)
(0.004219 0.002094 0.004969)
(0.004281 0.002094 0.004969)
(0.004344 0.002094 0.004969)
(0.004406 0.002094 0.004969)
(0.004469 0.002094 0.004969)
(0.004531 0.002094 0.004969)
(0.004594 0.002094 0.004969)
(0.004656 0.002094 0.004969)
(0.004719 0.002094 0.004969)
(0.004781 0.002094 0.004969)
(0.004844 0.002094 0.004969)
(0.004906 0.002094 0.004969)
(0.004969 0.002094 0.004969)
(0.004031 0.002156 0.004969)
(0.004094 0.002156 0.004969)
(0.004156 0.002156 0.004969)
(0.004219 0.002156 0.004969)
(0.004281 0.002156 0.004969)
(0.004344 0.002156 0.004969)
(0.004406 0.002156 0.004969)
(0.004469 0.002156 0.004969)
(0.004531 0.002156 0.004969)
(0.004594 0.002156 0.004969)
(0.004656 0.002156 0.004969)
(0.004719 0.002156 0.004969)
(0.004781 0.002156 0.004969)
(0.004844 0.002156 0.004969)
(0.004906 0.002156 0.004969)
(0.004969 0.002156 0.004969)
(0.004031 0.002219 0.004969)
(0.004094 0.002219 0.004969)
(0.004156 0.002219 0.004969)
(0.004219 0.002219 0.004969)
(0.004281 0.002219 0.004969)
(0.004344 0.002219 0.004969)
(0.004406 0.002219 0.004969)
(0.004469 0.002219 0.004969)
(0.004531 0.002219 0.004969)
(0.004594 0.002219 0.004969)
(0.004656 0.002219 0.004969)
(0.004719 0.002219 0.004969)
(0.004781 0.002219 0.004969)
(0.004844 0.002219 0.004969)
(0.004906 0.002219 0.004969)
(0.004969 0.002219 0.004969)
(0.004031 0.002281 0.004969)
(0.004094 0.002281 0.004969)
(0.004156 0.002281 0.004969)
(0.004219 0.002281 0.004969)
(0.004281 0.002281 0.004969)
(0.004344 0.002281 0.004969)
(0.004406 0.002281 0.004969)
(0.004469 0.002281 0.004969)
(0.004531 0.002281 0.004969)
(0.004594 0.002281 0.004969)
(0.004656 0.002281 0.004969)
(0.004719 0.002281 0.004969)
(0.004781 0.002281 0.004969)
(0.004844 0.002281 0.004969)
(0.004906 0.002281 0.004969)
(0.004969 0.002281 0.004969)
(0.004031 0.002344 0.004969)
(0.004094 0.002344 0.004969)
(0.004156 0.002344 0.004969)
(0.004219 0.002344 0.004969)
(0.004281 0.002344 0.004969)
(0.004344 0.002344 0.004969)
(0.004406 0.002344 0.004969)
(0.004469 0.002344 0.004969)
(0.004531 0.002344 0.004969)
(0.004594 0.002344 0.004969)
(0.004656 0.002344 0.004969)
(0.004719 0.002344 0.004969)
(0.004781 0.002344 0.004969)
(0.004844 0.002344 0.004969)
(0.004906 0.002344 0.004969)
(0.004969 0.002344 0.004969)
(0.004031 0.001281 0.005031)
(0.004094 0.001281 0.005031)
(0.004156 0.001281 0.005031)
(0.004219 0.001281 0.005031)
(0.004281 0.001281 0.005031)
(0.004344 0.001281 0.005031)
(0.004406 0.001281 0.005031)
(0.004469 0.001281 0.005031)
(0.004531 0.001281 0.005031)
(0.004594 0.001281 0.005031)
(0.004656 0.001281 0.005031)
(0.004719 0.001281 0.005031)
(0.004781 0.001281 0.005031)
(0.004844 0.001281 0.005031)
(0.004906 0.001281 0.005031)
(0.004969 0.001281 0.005031)
(0.004031 0.001344 0.005031)
(0.004094 0.001344 0.005031)
(0.004156 0.001344 0.005031)
(0.004219 0.001344 0.005031)
(0.004281 0.001344 0.005031)
(0.004344 0.001344 0.005031)
(0.004406 0.001344 0.005031)
(0.004469 0.001344 0.005031)
(0.004531 0.001344 0.005031)
(0.004594 0.001344 0.005031)
(0.004656 0.001344 0.005031)
(0.004719 0.001344 0.005031)
(0.004781 0.001344 0.005031)
(0.004844 0.001344 0.005031)
(0.004906 0.001344 0.005031)
(0.004969 0.001344 0.005031)
(0.004031 0.001406 0.005031)
(0.004094 0.001406 0.005031)
(0.004156 0.001406 0.005031)
(0.004219 0.001406 0.005031)
(0.004281 0.001406 0.005031)
(0.004344 0.001406 0.005031)
(0.004406 0.001406 0.005031)
(0.004469 0.001406 0.005031)
(0.004531 0.001406 0.005031)
(0.004594 0.001406 0.005031)
(0.004656 0.001406 0.005031)
(0.004719 0.001406 0.005031)
(0.004781 0.001406 0.005031)
(0.004844 0.001406 0.005031)
(0.004906 0.001406 0.005031)
(0.004969 0.001406 0.005031)
(0.004031 0.001469 0.005031)
(0.004094 0.001469 0.005031)
(0.004156 0.001469 0.005031)
(0.004219 0.001469 0.005031)
(0.004281 0.001469 0.005031)
(0.004344 0.001469 0.005031)
(0.004406 0.001469 0.005031)
(0.004469 0.001469 0.005031)
(0.004531 0.001469 0.005031)
(0.004594 0.001469 0.005031)
(0.004656 0.001469 0.005031)
(0.004719 0.001469 0.005031)
(0.004781 0.001469 0.005031)
(0.004844 0.001469 0.005031)
(0.004906 0.001469 0.005031)
(0.004969 0.001469 0.005031)
(0.004031 0.001531 0.005031)
(0.004094 0.001531 0.005031)
(0.004156 0.001531 0.005031)
(0.004219 0.001531 0.005031)
(0.004281 0.001531 0.005031)
(0.004344 0.001531 0.005031)
(0.004406 0.001531 0.005031)
(0.004469 0.001531 0.005031)
(0.004531 0.001531 0.005031)
(0.004594 0.001531 0.005031)
(0.004656 0.001531 0.005031)
(0.004719 0.001531 0.005031)
(0.004781 0.001531 0.005031)
(0.004844 0.001531 0.005031)
(0.004906 0.001531 0.005031)
(0.004969 0.001531 0.005031)
(0.004031 0.001594 0.005031)
(0.004094 0.001594 0.005031)
(0.004156 0.001594 0.005031)
(0.004219 0.001594 0.005031)
(0.004281 0.001594 0.005031)
(0.004344 0.001594 0.005031)
(0.004406 0.001594 0.005031)
(0.004469 0.001594 0.005031)
(0.004531 0.001594 0.005031)
(0.004594 0.001594 0.005031)
(0.004656 0.001594 0.005031)
(0.004719 0.001594 0.005031)
(0.004781 0.001594 0.005031)
(0.004844 0.001594 0.005031)
(0.004906 0.001594 0.005031)
(0.004969 0.001594 0.005031)
(0.004031 0.001656 0.005031)
(0.004094 0.001656 0.005031)
(0.004156 0.001656 0.005031)
(0.004219 0.001656 0.005031)
(0.004281 0.001656 0.005031)
(0.004344 0.001656 0.005031)
(0.004406 0.001656 0.005031)
(0.004469 0.001656 0.005031)
(0.004531 0.001656 0.005031)
(0.004594 0.001656 0.005031)
(0.004656 0.001656 0.005031)
(0.004719 0.001656 0.005031)
(0.004781 0.001656 0.005031)
(0.004844 0.001656 0.005031)
(0.004906 0.001656 0.005031)
(0.004969 0.001656 0.005031)
(0.004031 0.001719 0.005031)
(0.004094 0.001719 0.005031)
(0.004156 0.001719 0.005031)
(0.004219 0.001719 0.005031)
(0.004281 0.001719 0.005031)
(0.004344 0.001719 0.005031)
(0.004406 0.001719 0.005031)
(0.004469 0.001719 0.005031)
(0.004531 0.001719 0.005031)
(0.004594 0.001719 0.005031)
(0.004656 0.001719 0.005031)
(0.004719 0.001719 0.005031)
(0.004781 0.001719 0.005031)
(0.004844 0.001719 0.005031)
(0.004906 0.001719 0.005031)
(0.004969 0.001719 0.005031)
(0.004031 0.001781 0.005031)
(0.004094 0.001781 0.005031)
(0.004156 0.001781 0.005031)
(0.004219 0.001781 0.005031)
(0.004281 0.001781 0.005031)
(0.004344 0.001781 0.005031)
(0.004406 0.001781 0.005031)
(0.004469 0.001781 0.005031)
(0.004531 0.001781 0.005031)
(0.004594 0.001781 0.005031)
(0.004656 0.001781 0.005031)
(0.004719 0.001781 0.005031)
(0.004781 0.001781 0.005031)
(0.004844 0.001781 0.005031)
(0.004906 0.001781 0.005031)
(0.004969 0.001781 0.005031)
(0.004031 0.001844 0.005031)
(0.004094 0.001844 0.005031)
(0.004156 0.001844 0.005031)
(0.004219 0.001844 0.005031)
(0.004281 0.001844 0.005031)
(0.004344 0.001844 0.005031)
(0.004406 0.001844 0.005031)
(0.004469 0.001844 0.005031)
(0.004531 0.001844 0.005031)
(0.004594 0.001844 0.005031)
(0.004656 0.001844 0.005031)
(0.004719 0.001844 0.005031)
(0.004781 0.001844 0.005031)
(0.004844 0.001844 0.005031)
(0.004906 0.001844 0.005031)
(0.004969 0.001844 0.005031)
(0.004031 0.001906 0.005031)
(0.004094 0.001906 0.005031)
(0.004156 0.001906 0.005031)
(0.004219 0.001906 0.005031)
(0.004281 0.001906 0.005031)
(0.004344 0.001906 0.005031)
(0.004406 0.001906 0.005031)
(0.004469 0.001906 0.005031)
(0.004531 0.001906 0.005031)
(0.004594 0.001906 0.005031)
(0.004656 0.001906 0.005031)
(0.004719 0.001906 0.005031)
(0.004781 0.001906 0.005031)
(0.004844 0.001906 0.005031)
(0.004906 0.001906 0.005031)
(0.004969 0.001906 0.005031)
(0.004031 0.001969 0.005031)
(0.004094 0.001969 0.005031)
(0.004156 0.001969 0.005031)
(0.004219 0.001969 0.005031)
(0.004281 0.001969 0.005031)
(0.004344 0.001969 0.005031)
(0.004406 0.001969 0.005031)
(0.004469 0.001969 0.005031)
(0.004531 0.001969 0.005031)
(0.004594 0.001969 0.005031)
(0.004656 0.001969 0.005031)
(0.004719 0.001969 0.005031)
(0.004781 0.001969 0.005031)
(0.004844 0.001969 0.005031)
(0.004906 0.001969 0.005031)
(0.004969 0.001969 0.005031)
(0.004031 0.002031 0.005031)
(0.004094 0.002031 0.005031)
(0.004156 0.002031 0.005031)
(0.004219 0.002031 0.005031)
(0.004281 0.002031 0.005031)
(0.004344 0.002031 0.005031)
(0.004406 0.002031 0.005031)
(0.004469 0.002031 0.005031)
(0.004531 0.002031 0.005031)
(0.004594 0.002031 0.005031)
(0.004656 0.002031 0.005031)
(0.004719 0.002031 0.005031)
(0.004781 0.002031 0.005031)
(0.004844 0.002031 0.005031)
(0.004906 0.002031 0.005031)
(0.004969 0.002031 0.005031)
(0.004031 0.002094 0.005031)
(0.004094 0.002094 0.005031)
(0.004156 0.002094 0.005031)
(0.004219 0.002094 0.005031)
(0.004281 0.002094 0.005031)
(0.004344 0.002094 0.005031)
(0.004406 0.002094 0.005031)
(0.004469 0.002094 0.005031)
(0.004531 0.002094 0.005031)
(0.004594 0.002094 0.005031)
(0.004656 0.002094 0.005031)
(0.004719 0.002094 0.005031)
(0.004781 0.002094 0.005031)
(0.004844 0.002094 0.005031)
(0.004906 0.002094 0.005031)
(0.004969 0.002094 0.005031)
(0.004031 0.002156 0.005031)
(0.004094 0.002156 0.005031)
(0.004156 0.002156 0.005031)
(0.004219 0.002156 0.005031)
(0.004281 0.002156 0.005031)
(0.004344 0.002156 0.005031)
(0.004406 0.002156 0.005031)
(0.004469 0.002156 0.005031)
(0.004531 0.002156 0.005031)
(0.004594 0.002156 0.005031)
(0.004656 0.002156 0.005031)
(0.004719 0.002156 0.005031)
(0.004781 0.002156 0.005031)
(0.004844 0.002156 0.005031)
(0.004906 0.002156 0.005031)
(0.004969 0.002156 0.005031)
(0.004031 0.002219 0.005031)
(0.004094 0.002219 0.005031)
(0.004156 0.002219 0.005031)
(0.004219 0.002219 0.005031)
(0.004281 0.002219 0.005031)
(0.004344 0.002219 0.005031)
(0.004406 0.002219 0.005031)
(0.004469 0.002219 0.005031)
(0.004531 0.002219 0.005031)
(0.004594 0.002219 0.005031)
(0.004656 0.002219 0.005031)
(0.004719 0.002219 0.005031)
(0.004781 0.002219 0.005031)
(0.004844 0.002219 0.005031)
(0.004906 0.002219 0.005031)
(0.004969 0.002219 0.005031)
(0.004031 0.002281 0.005031)
(0.004094 0.002281 0.005031)
(0.004156 0.002281 0.005031)
(0.004219 0.002281 0.005031)
(0.004281 0.002281 0.005031)
(0.004344 0.002281 0.005031)
(0.004406 0.002281 0.005031)
(0.004469 0.002281 0.005031)
(0.004531 0.002281 0.005031)
(0.004594 0.002281 0.005031)
(0.004656 0.002281 0.005031)
(0.004719 0.002281 0.005031)
(0.004781 0.002281 0.005031)
(0.004844 0.002281 0.005031)
(0.004906 0.002281 0.005031)
(0.004969 0.002281 0.005031)
(0.004031 0.002344 0.005031)
(0.004094 0.002344 0.005031)
(0.004156 0.002344 0.005031)
(0.004219 0.002344 0.005031)
(0.004281 0.002344 0.005031)
(0.004344 0.002344 0.005031)
(0.004406 0.002344 0.005031)
(0.004469 0.002344 0.005031)
(0.004531 0.002344 0.005031)
(0.004594 0.002344 0.005031)
(0.004656 0.002344 0.005031)
(0.004719 0.002344 0.005031)
(0.004781 0.002344 0.005031)
(0.004844 0.002344 0.005031)
(0.004906 0.002344 0.005031)
(0.004969 0.002344 0.005031)
(0.004031 0.001281 0.005094)
(0.004094 0.001281 0.005094)
(0.004156 0.001281 0.005094)
(0.004219 0.001281 0.005094)
(0.004281 0.001281 0.005094)
(0.004344 0.001281 0.005094)
(0.004406 0.001281 0.005094)
(0.004469 0.001281 0.005094)
(0.004531 0.001281 0.005094)
(0.004594 0.001281 0.005094)
(0.004656 0.001281 0.005094)
(0.004719 0.001281 0.005094)
(0.004781 0.001281 0.005094)
(0.004844 0.001281 0.005094)
(0.004906 0.001281 0.005094)
(0.004969 0.001281 0.005094)
(0.004031 0.001344 0.005094)
(0.004094 0.001344 0.005094)
(0.004156 0.001344 0.005094)
(0.004219 0.001344 0.005094)
(0.004281 0.001344 0.005094)
(0.004344 0.001344 0.005094)
(0.004406 0.001344 0.005094)
(0.004469 0.001344 0.005094)
(0.004531 0.001344 0.005094)
(0.004594 0.001344 0.005094)
(0.004656 0.001344 0.005094)
(0.004719 0.001344 0.005094)
(0.004781 0.001344 0.005094)
(0.004844 0.001344 0.005094)
(0.004906 0.001344 0.005094)
(0.004969 0.001344 0.005094)
(0.004031 0.001406 0.005094)
(0.004094 0.001406 0.005094)
(0.004156 0.001406 0.005094)
(0.004219 0.001406 0.005094)
(0.004281 0.001406 0.005094)
(0.004344 0.001406 0.005094)
(0.004406 0.001406 0.005094)
(0.004469 0.001406 0.005094)
(0.004531 0.001406 0.005094)
(0.004594 0.001406 0.005094)
(0.004656 0.001406 0.005094)
(0.004719 0.001406 0.005094)
(0.004781 0.001406 0.005094)
(0.004844 0.001406 0.005094)
(0.004906 0.001406 0.005094)
(0.004969 0.001406 0.005094)
(0.004031 0.001469 0.005094)
(0.004094 0.001469 0.005094)
(0.004156 0.001469 0.005094)
(0.004219 0.001469 0.005094)
(0.004281 0.001469 0.005094)
(0.004344 0.001469 0.005094)
(0.004406 0.001469 0.005094)
(0.004469 0.001469 0.005094)
(0.004531 0.001469 0.005094)
(0.004594 0.001469 0.005094)
(0.004656 0.001469 0.005094)
(0.004719 0.001469 0.005094)
(0.004781 0.001469 0.005094)
(0.004844 0.001469 0.005094)
(0.004906 0.001469 0.005094)
(0.004969 0.001469 0.005094)
(0.004031 0.001531 0.005094)
(0.004094 0.001531 0.005094)
(0.004156 0.001531 0.005094)
(0.004219 0.001531 0.005094)
(0.004281 0.001531 0.005094)
(0.004344 0.001531 0.005094)
(0.004406 0.001531 0.005094)
(0.004469 0.001531 0.005094)
(0.004531 0.001531 0.005094)
(0.004594 0.001531 0.005094)
(0.004656 0.001531 0.005094)
(0.004719 0.001531 0.005094)
(0.004781 0.001531 0.005094)
(0.004844 0.001531 0.005094)
(0.004906 0.001531 0.005094)
(0.004969 0.001531 0.005094)
(0.004031 0.001594 0.005094)
(0.004094 0.001594 0.005094)
(0.004156 0.001594 0.005094)
(0.004219 0.001594 0.005094)
(0.004281 0.001594 0.005094)
(0.004344 0.001594 0.005094)
(0.004406 0.001594 0.005094)
(0.004469 0.001594 0.005094)
(0.004531 0.001594 0.005094)
(0.004594 0.001594 0.005094)
(0.004656 0.001594 0.005094)
(0.004719 0.001594 0.005094)
(0.004781 0.001594 0.005094)
(0.004844 0.001594 0.005094)
(0.004906 0.001594 0.005094)
(0.004969 0.001594 0.005094)
(0.004031 0.001656 0.005094)
(0.004094 0.001656 0.005094)
(0.004156 0.001656 0.005094)
(0.004219 0.001656 0.005094)
(0.004281 0.001656 0.005094)
(0.004344 0.001656 0.005094)
(0.004406 0.001656 0.005094)
(0.004469 0.001656 0.005094)
(0.004531 0.001656 0.005094)
(0.004594 0.001656 0.005094)
(0.004656 0.001656 0.005094)
(0.004719 0.001656 0.005094)
(0.004781 0.001656 0.005094)
(0.004844 0.001656 0.005094)
(0.004906 0.001656 0.005094)
(0.004969 0.001656 0.005094)
(0.004031 0.001719 0.005094)
(0.004094 0.001719 0.005094)
(0.004156 0.001719 0.005094)
(0.004219 0.001719 0.005094)
(0.004281 0.001719 0.005094)
(0.004344 0.001719 0.005094)
(0.004406 0.001719 0.005094)
(0.004469 0.001719 0.005094)
(0.004531 0.001719 0.005094)
(0.004594 0.001719 0.005094)
(0.004656 0.001719 0.005094)
(0.004719 0.001719 0.005094)
(0.004781 0.001719 0.005094)
(0.004844 0.001719 0.005094)
(0.004906 0.001719 0.005094)
(0.004969 0.001719 0.005094)
(0.004031 0.001781 0.005094)
(0.004094 0.001781 0.005094)
(0.004156 0.001781 0.005094)
(0.004219 0.001781 0.005094)
(0.004281 0.001781 0.005094)
(0.004344 0.001781 0.005094)
(0.004406 0.001781 0.005094)
(0.004469 0.001781 0.005094)
(0.004531 0.001781 0.005094)
(0.004594 0.001781 0.005094)
(0.004656 0.001781 0.005094)
(0.004719 0.001781 0.005094)
(0.004781 0.001781 0.005094)
(0.004844 0.001781 0.005094)
(0.004906 0.001781 0.005094)
(0.004969 0.001781 0.005094)
(0.004031 0.001844 0.005094)
(0.004094 0.001844 0.005094)
(0.004156 0.001844 0.005094)
(0.004219 0.001844 0.005094)
(0.004281 0.001844 0.005094)
(0.004344 0.001844 0.005094)
(0.004406 0.001844 0.005094)
(0.004469 0.001844 0.005094)
(0.004531 0.001844 0.005094)
(0.004594 0.001844 0.005094)
(0.004656 0.001844 0.005094)
(0.004719 0.001844 0.005094)
(0.004781 0.001844 0.005094)
(0.004844 0.001844 0.005094)
(0.004906 0.001844 0.005094)
(0.004969 0.001844 0.005094)
(0.004031 0.001906 0.005094)
(0.004094 0.001906 0.005094)
(0.004156 0.001906 0.005094)
(0.004219 0.001906 0.005094)
(0.004281 0.001906 0.005094)
(0.004344 0.001906 0.005094)
(0.004406 0.001906 0.005094)
(0.004469 0.001906 0.005094)
(0.004531 0.001906 0.005094)
(0.004594 0.001906 0.005094)
(0.004656 0.001906 0.005094)
(0.004719 0.001906 0.005094)
(0.004781 0.001906 0.005094)
(0.004844 0.001906 0.005094)
(0.004906 0.001906 0.005094)
(0.004969 0.001906 0.005094)
(0.004031 0.001969 0.005094)
(0.004094 0.001969 0.005094)
(0.004156 0.001969 0.005094)
(0.004219 0.001969 0.005094)
(0.004281 0.001969 0.005094)
(0.004344 0.001969 0.005094)
(0.004406 0.001969 0.005094)
(0.004469 0.001969 0.005094)
(0.004531 0.001969 0.005094)
(0.004594 0.001969 0.005094)
(0.004656 0.001969 0.005094)
(0.004719 0.001969 0.005094)
(0.004781 0.001969 0.005094)
(0.004844 0.001969 0.005094)
(0.004906 0.001969 0.005094)
(0.004969 0.001969 0.005094)
(0.004031 0.002031 0.005094)
(0.004094 0.002031 0.005094)
(0.004156 0.002031 0.005094)
(0.004219 0.002031 0.005094)
(0.004281 0.002031 0.005094)
(0.004344 0.002031 0.005094)
(0.004406 0.002031 0.005094)
(0.004469 0.002031 0.005094)
(0.004531 0.002031 0.005094)
(0.004594 0.002031 0.005094)
(0.004656 0.002031 0.005094)
(0.004719 0.002031 0.005094)
(0.004781 0.002031 0.005094)
(0.004844 0.002031 0.005094)
(0.004906 0.002031 0.005094)
(0.004969 0.002031 0.005094)
(0.004031 0.002094 0.005094)
(0.004094 0.002094 0.005094)
(0.004156 0.002094 0.005094)
(0.004219 0.002094 0.005094)
(0.004281 0.002094 0.005094)
(0.004344 0.002094 0.005094)
(0.004406 0.002094 0.005094)
(0.004469 0.002094 0.005094)
(0.004531 0.002094 0.005094)
(0.004594 0.002094 0.005094)
(0.004656 0.002094 0.005094)
(0.004719 0.002094 0.005094)
(0.004781 0.002094 0.005094)
(0.004844 0.002094 0.005094)
(0.004906 0.002094 0.005094)
(0.004969 0.002094 0.005094)
(0.004031 0.002156 0.005094)
(0.004094 0.002156 0.005094)
(0.004156 0.002156 0.005094)
(0.004219 0.002156 0.005094)
(0.004281 0.002156 0.005094)
(0.004344 0.002156 0.005094)
(0.004406 0.002156 0.005094)
(0.004469 0.002156 0.005094)
(0.004531 0.002156 0.005094)
(0.004594 0.002156 0.005094)
(0.004656 0.002156 0.005094)
(0.004719 0.002156 0.005094)
(0.004781 0.002156 0.005094)
(0.004844 0.002156 0.005094)
(0.004906 0.002156 0.005094)
(0.004969 0.002156 0.005094)
(0.004031 0.002219 0.005094)
(0.004094 0.002219 0.005094)
(0.004156 0.002219 0.005094)
(0.004219 0.002219 0.005094)
(0.004281 0.002219 0.005094)
(0.004344 0.002219 0.005094)
(0.004406 0.002219 0.005094)
(0.004469 0.002219 0.005094)
(0.004531 0.002219 0.005094)
(0.004594 0.002219 0.005094)
(0.004656 0.002219 0.005094)
(0.004719 0.002219 0.005094)
(0.004781 0.002219 0.005094)
(0.004844 0.002219 0.005094)
(0.004906 0.002219 0.005094)
(0.004969 0.002219 0.005094)
(0.004031 0.002281 0.005094)
(0.004094 0.002281 0.005094)
(0.004156 0.002281 0.005094)
(0.004219 0.002281 0.005094)
(0.004281 0.002281 0.005094)
(0.004344 0.002281 0.005094)
(0.004406 0.002281 0.005094)
(0.004469 0.002281 0.005094)
(0.004531 0.002281 0.005094)
(0.004594 0.002281 0.005094)
(0.004656 0.002281 0.005094)
(0.004719 0.002281 0.005094)
(0.004781 0.002281 0.005094)
(0.004844 0.002281 0.005094)
(0.004906 0.002281 0.005094)
(0.004969 0.002281 0.005094)
(0.004031 0.002344 0.005094)
(0.004094 0.002344 0.005094)
(0.004156 0.002344 0.005094)
(0.004219 0.002344 0.005094)
(0.004281 0.002344 0.005094)
(0.004344 0.002344 0.005094)
(0.004406 0.002344 0.005094)
(0.004469 0.002344 0.005094)
(0.004531 0.002344 0.005094)
(0.004594 0.002344 0.005094)
(0.004656 0.002344 0.005094)
(0.004719 0.002344 0.005094)
(0.004781 0.002344 0.005094)
(0.004844 0.002344 0.005094)
(0.004906 0.002344 0.005094)
(0.004969 0.002344 0.005094)
(0.004031 0.001281 0.005156)
(0.004094 0.001281 0.005156)
(0.004156 0.001281 0.005156)
(0.004219 0.001281 0.005156)
(0.004281 0.001281 0.005156)
(0.004344 0.001281 0.005156)
(0.004406 0.001281 0.005156)
(0.004469 0.001281 0.005156)
(0.004531 0.001281 0.005156)
(0.004594 0.001281 0.005156)
(0.004656 0.001281 0.005156)
(0.004719 0.001281 0.005156)
(0.004781 0.001281 0.005156)
(0.004844 0.001281 0.005156)
(0.004906 0.001281 0.005156)
(0.004969 0.001281 0.005156)
(0.004031 0.001344 0.005156)
(0.004094 0.001344 0.005156)
(0.004156 0.001344 0.005156)
(0.004219 0.001344 0.005156)
(0.004281 0.001344 0.005156)
(0.004344 0.001344 0.005156)
(0.004406 0.001344 0.005156)
(0.004469 0.001344 0.005156)
(0.004531 0.001344 0.005156)
(0.004594 0.001344 0.005156)
(0.004656 0.001344 0.005156)
(0.004719 0.001344 0.005156)
(0.004781 0.001344 0.005156)
(0.004844 0.001344 0.005156)
(0.004906 0.001344 0.005156)
(0.004969 0.001344 0.005156)
(0.004031 0.001406 0.005156)
(0.004094 0.001406 0.005156)
(0.004156 0.001406 0.005156)
(0.004219 0.001406 0.005156)
(0.004281 0.001406 0.005156)
(0.004344 0.001406 0.005156)
(0.004406 0.001406 0.005156)
(0.004469 0.001406 0.005156)
(0.004531 0.001406 0.005156)
(0.004594 0.001406 0.005156)
(0.004656 0.001406 0.005156)
(0.004719 0.001406 0.005156)
(0.004781 0.001406 0.005156)
(0.004844 0.001406 0.005156)
(0.004906 0.001406 0.005156)
(0.004969 0.001406 0.005156)
(0.004031 0.001469 0.005156)
(0.004094 0.001469 0.005156)
(0.004156 0.001469 0.005156)
(0.004219 0.001469 0.005156)
(0.004281 0.001469 0.005156)
(0.004344 0.001469 0.005156)
(0.004406 0.001469 0.005156)
(0.004469 0.001469 0.005156)
(0.004531 0.001469 0.005156)
(0.004594 0.001469 0.005156)
(0.004656 0.001469 0.005156)
(0.004719 0.001469 0.005156)
(0.004781 0.001469 0.005156)
(0.004844 0.001469 0.005156)
(0.004906 0.001469 0.005156)
(0.004969 0.001469 0.005156)
(0.004031 0.001531 0.005156)
(0.004094 0.001531 0.005156)
(0.004156 0.001531 0.005156)
(0.004219 0.001531 0.005156)
(0.004281 0.001531 0.005156)
(0.004344 0.001531 0.005156)
(0.004406 0.001531 0.005156)
(0.004469 0.001531 0.005156)
(0.004531 0.001531 0.005156)
(0.004594 0.001531 0.005156)
(0.004656 0.001531 0.005156)
(0.004719 0.001531 0.005156)
(0.004781 0.001531 0.005156)
(0.004844 0.001531 0.005156)
(0.004906 0.001531 0.005156)
(0.004969 0.001531 0.005156)
(0.004031 0.001594 0.005156)
(0.004094 0.001594 0.005156)
(0.004156 0.001594 0.005156)
(0.004219 0.001594 0.005156)
(0.004281 0.001594 0.005156)
(0.004344 0.001594 0.005156)
(0.004406 0.001594 0.005156)
(0.004469 0.001594 0.005156)
(0.004531 0.001594 0.005156)
(0.004594 0.001594 0.005156)
(0.004656 0.001594 0.005156)
(0.004719 0.001594 0.005156)
(0.004781 0.001594 0.005156)
(0.004844 0.001594 0.005156)
(0.004906 0.001594 0.005156)
(0.004969 0.001594 0.005156)
(0.004031 0.001656 0.005156)
(0.004094 0.001656 0.005156)
(0.004156 0.001656 0.005156)
(0.004219 0.001656 0.005156)
(0.004281 0.001656 0.005156)
(0.004344 0.001656 0.005156)
(0.004406 0.001656 0.005156)
(0.004469 0.001656 0.005156)
(0.004531 0.001656 0.005156)
(0.004594 0.001656 0.005156)
(0.004656 0.001656 0.005156)
(0.004719 0.001656 0.005156)
(0.004781 0.001656 0.005156)
(0.004844 0.001656 0.005156)
(0.004906 0.001656 0.005156)
(0.004969 0.001656 0.005156)
(0.004031 0.001719 0.005156)
(0.004094 0.001719 0.005156)
(0.004156 0.001719 0.005156)
(0.004219 0.001719 0.005156)
(0.004281 0.001719 0.005156)
(0.004344 0.001719 0.005156)
(0.004406 0.001719 0.005156)
(0.004469 0.001719 0.005156)
(0.004531 0.001719 0.005156)
(0.004594 0.001719 0.005156)
(0.004656 0.001719 0.005156)
(0.004719 0.001719 0.005156)
(0.004781 0.001719 0.005156)
(0.004844 0.001719 0.005156)
(0.004906 0.001719 0.005156)
(0.004969 0.001719 0.005156)
(0.004031 0.001781 0.005156)
(0.004094 0.001781 0.005156)
(0.004156 0.001781 0.005156)
(0.004219 0.001781 0.005156)
(0.004281 0.001781 0.005156)
(0.004344 0.001781 0.005156)
(0.004406 0.001781 0.005156)
(0.004469 0.001781 0.005156)
(0.004531 0.001781 0.005156)
(0.004594 0.001781 0.005156)
(0.004656 0.001781 0.005156)
(0.004719 0.001781 0.005156)
(0.004781 0.001781 0.005156)
(0.004844 0.001781 0.005156)
(0.004906 0.001781 0.005156)
(0.004969 0.001781 0.005156)
(0.004031 0.001844 0.005156)
(0.004094 0.001844 0.005156)
(0.004156 0.001844 0.005156)
(0.004219 0.001844 0.005156)
(0.004281 0.001844 0.005156)
(0.004344 0.001844 0.005156)
(0.004406 0.001844 0.005156)
(0.004469 0.001844 0.005156)
(0.004531 0.001844 0.005156)
(0.004594 0.001844 0.005156)
(0.004656 0.001844 0.005156)
(0.004719 0.001844 0.005156)
(0.004781 0.001844 0.005156)
(0.004844 0.001844 0.005156)
(0.004906 0.001844 0.005156)
(0.004969 0.001844 0.005156)
(0.004031 0.001906 0.005156)
(0.004094 0.001906 0.005156)
(0.004156 0.001906 0.005156)
(0.004219 0.001906 0.005156)
(0.004281 0.001906 0.005156)
(0.004344 0.001906 0.005156)
(0.004406 0.001906 0.005156)
(0.004469 0.001906 0.005156)
(0.004531 0.001906 0.005156)
(0.004594 0.001906 0.005156)
(0.004656 0.001906 0.005156)
(0.004719 0.001906 0.005156)
(0.004781 0.001906 0.005156)
(0.004844 0.001906 0.005156)
(0.004906 0.001906 0.005156)
(0.004969 0.001906 0.005156)
(0.004031 0.001969 0.005156)
(0.004094 0.001969 0.005156)
(0.004156 0.001969 0.005156)
(0.004219 0.001969 0.005156)
(0.004281 0.001969 0.005156)
(0.004344 0.001969 0.005156)
(0.004406 0.001969 0.005156)
(0.004469 0.001969 0.005156)
(0.004531 0.001969 0.005156)
(0.004594 0.001969 0.005156)
(0.004656 0.001969 0.005156)
(0.004719 0.001969 0.005156)
(0.004781 0.001969 0.005156)
(0.004844 0.001969 0.005156)
(0.004906 0.001969 0.005156)
(0.004969 0.001969 0.005156)
(0.004031 0.002031 0.005156)
(0.004094 0.002031 0.005156)
(0.004156 0.002031 0.005156)
(0.004219 0.002031 0.005156)
(0.004281 0.002031 0.005156)
(0.004344 0.002031 0.005156)
(0.004406 0.002031 0.005156)
(0.004469 0.002031 0.005156)
(0.004531 0.002031 0.005156)
(0.004594 0.002031 0.005156)
(0.004656 0.002031 0.005156)
(0.004719 0.002031 0.005156)
(0.004781 0.002031 0.005156)
(0.004844 0.002031 0.005156)
(0.004906 0.002031 0.005156)
(0.004969 0.002031 0.005156)
(0.004031 0.002094 0.005156)
(0.004094 0.002094 0.005156)
(0.004156 0.002094 0.005156)
(0.004219 0.002094 0.005156)
(0.004281 0.002094 0.005156)
(0.004344 0.002094 0.005156)
(0.004406 0.002094 0.005156)
(0.004469 0.002094 0.005156)
(0.004531 0.002094 0.005156)
(0.004594 0.002094 0.005156)
(0.004656 0.002094 0.005156)
(0.004719 0.002094 0.005156)
(0.004781 0.002094 0.005156)
(0.004844 0.002094 0.005156)
(0.004906 0.002094 0.005156)
(0.004969 0.002094 0.005156)
(0.004031 0.002156 0.005156)
(0.004094 0.002156 0.005156)
(0.004156 0.002156 0.005156)
(0.004219 0.002156 0.005156)
(0.004281 0.002156 0.005156)
(0.004344 0.002156 0.005156)
(0.004406 0.002156 0.005156)
(0.004469 0.002156 0.005156)
(0.004531 0.002156 0.005156)
(0.004594 0.002156 0.005156)
(0.004656 0.002156 0.005156)
(0.004719 0.002156 0.005156)
(0.004781 0.002156 0.005156)
(0.004844 0.002156 0.005156)
(0.004906 0.002156 0.005156)
(0.004969 0.002156 0.005156)
(0.004031 0.002219 0.005156)
(0.004094 0.002219 0.005156)
(0.004156 0.002219 0.005156)
(0.004219 0.002219 0.005156)
(0.004281 0.002219 0.005156)
(0.004344 0.002219 0.005156)
(0.004406 0.002219 0.005156)
(0.004469 0.002219 0.005156)
(0.004531 0.002219 0.005156)
(0.004594 0.002219 0.005156)
(0.004656 0.002219 0.005156)
(0.004719 0.002219 0.005156)
(0.004781 0.002219 0.005156)
(0.004844 0.002219 0.005156)
(0.004906 0.002219 0.005156)
(0.004969 0.002219 0.005156)
(0.004031 0.002281 0.005156)
(0.004094 0.002281 0.005156)
(0.004156 0.002281 0.005156)
(0.004219 0.002281 0.005156)
(0.004281 0.002281 0.005156)
(0.004344 0.002281 0.005156)
(0.004406 0.002281 0.005156)
(0.004469 0.002281 0.005156)
(0.004531 0.002281 0.005156)
(0.004594 0.002281 0.005156)
(0.004656 0.002281 0.005156)
(0.004719 0.002281 0.005156)
(0.004781 0.002281 0.005156)
(0.004844 0.002281 0.005156)
(0.004906 0.002281 0.005156)
(0.004969 0.002281 0.005156)
(0.004031 0.002344 0.005156)
(0.004094 0.002344 0.005156)
(0.004156 0.002344 0.005156)
(0.004219 0.002344 0.005156)
(0.004281 0.002344 0.005156)
(0.004344 0.002344 0.005156)
(0.004406 0.002344 0.005156)
(0.004469 0.002344 0.005156)
(0.004531 0.002344 0.005156)
(0.004594 0.002344 0.005156)
(0.004656 0.002344 0.005156)
(0.004719 0.002344 0.005156)
(0.004781 0.002344 0.005156)
(0.004844 0.002344 0.005156)
(0.004906 0.002344 0.005156)
(0.004969 0.002344 0.005156)
(0.004031 0.001281 0.005219)
(0.004094 0.001281 0.005219)
(0.004156 0.001281 0.005219)
(0.004219 0.001281 0.005219)
(0.004281 0.001281 0.005219)
(0.004344 0.001281 0.005219)
(0.004406 0.001281 0.005219)
(0.004469 0.001281 0.005219)
(0.004531 0.001281 0.005219)
(0.004594 0.001281 0.005219)
(0.004656 0.001281 0.005219)
(0.004719 0.001281 0.005219)
(0.004781 0.001281 0.005219)
(0.004844 0.001281 0.005219)
(0.004906 0.001281 0.005219)
(0.004969 0.001281 0.005219)
(0.004031 0.001344 0.005219)
(0.004094 0.001344 0.005219)
(0.004156 0.001344 0.005219)
(0.004219 0.001344 0.005219)
(0.004281 0.001344 0.005219)
(0.004344 0.001344 0.005219)
(0.004406 0.001344 0.005219)
(0.004469 0.001344 0.005219)
(0.004531 0.001344 0.005219)
(0.004594 0.001344 0.005219)
(0.004656 0.001344 0.005219)
(0.004719 0.001344 0.005219)
(0.004781 0.001344 0.005219)
(0.004844 0.001344 0.005219)
(0.004906 0.001344 0.005219)
(0.004969 0.001344 0.005219)
(0.004031 0.001406 0.005219)
(0.004094 0.001406 0.005219)
(0.004156 0.001406 0.005219)
(0.004219 0.001406 0.005219)
(0.004281 0.001406 0.005219)
(0.004344 0.001406 0.005219)
(0.004406 0.001406 0.005219)
(0.004469 0.001406 0.005219)
(0.004531 0.001406 0.005219)
(0.004594 0.001406 0.005219)
(0.004656 0.001406 0.005219)
(0.004719 0.001406 0.005219)
(0.004781 0.001406 0.005219)
(0.004844 0.001406 0.005219)
(0.004906 0.001406 0.005219)
(0.004969 0.001406 0.005219)
(0.004031 0.001469 0.005219)
(0.004094 0.001469 0.005219)
(0.004156 0.001469 0.005219)
(0.004219 0.001469 0.005219)
(0.004281 0.001469 0.005219)
(0.004344 0.001469 0.005219)
(0.004406 0.001469 0.005219)
(0.004469 0.001469 0.005219)
(0.004531 0.001469 0.005219)
(0.004594 0.001469 0.005219)
(0.004656 0.001469 0.005219)
(0.004719 0.001469 0.005219)
(0.004781 0.001469 0.005219)
(0.004844 0.001469 0.005219)
(0.004906 0.001469 0.005219)
(0.004969 0.001469 0.005219)
(0.004031 0.001531 0.005219)
(0.004094 0.001531 0.005219)
(0.004156 0.001531 0.005219)
(0.004219 0.001531 0.005219)
(0.004281 0.001531 0.005219)
(0.004344 0.001531 0.005219)
(0.004406 0.001531 0.005219)
(0.004469 0.001531 0.005219)
(0.004531 0.001531 0.005219)
(0.004594 0.001531 0.005219)
(0.004656 0.001531 0.005219)
(0.004719 0.001531 0.005219)
(0.004781 0.001531 0.005219)
(0.004844 0.001531 0.005219)
(0.004906 0.001531 0.005219)
(0.004969 0.001531 0.005219)
(0.004031 0.001594 0.005219)
(0.004094 0.001594 0.005219)
(0.004156 0.001594 0.005219)
(0.004219 0.001594 0.005219)
(0.004281 0.001594 0.005219)
(0.004344 0.001594 0.005219)
(0.004406 0.001594 0.005219)
(0.004469 0.001594 0.005219)
(0.004531 0.001594 0.005219)
(0.004594 0.001594 0.005219)
(0.004656 0.001594 0.005219)
(0.004719 0.001594 0.005219)
(0.004781 0.001594 0.005219)
(0.004844 0.001594 0.005219)
(0.004906 0.001594 0.005219)
(0.004969 0.001594 0.005219)
(0.004031 0.001656 0.005219)
(0.004094 0.001656 0.005219)
(0.004156 0.001656 0.005219)
(0.004219 0.001656 0.005219)
(0.004281 0.001656 0.005219)
(0.004344 0.001656 0.005219)
(0.004406 0.001656 0.005219)
(0.004469 0.001656 0.005219)
(0.004531 0.001656 0.005219)
(0.004594 0.001656 0.005219)
(0.004656 0.001656 0.005219)
(0.004719 0.001656 0.005219)
(0.004781 0.001656 0.005219)
(0.004844 0.001656 0.005219)
(0.004906 0.001656 0.005219)
(0.004969 0.001656 0.005219)
(0.004031 0.001719 0.005219)
(0.004094 0.001719 0.005219)
(0.004156 0.001719 0.005219)
(0.004219 0.001719 0.005219)
(0.004281 0.001719 0.005219)
(0.004344 0.001719 0.005219)
(0.004406 0.001719 0.005219)
(0.004469 0.001719 0.005219)
(0.004531 0.001719 0.005219)
(0.004594 0.001719 0.005219)
(0.004656 0.001719 0.005219)
(0.004719 0.001719 0.005219)
(0.004781 0.001719 0.005219)
(0.004844 0.001719 0.005219)
(0.004906 0.001719 0.005219)
(0.004969 0.001719 0.005219)
(0.004031 0.001781 0.005219)
(0.004094 0.001781 0.005219)
(0.004156 0.001781 0.005219)
(0.004219 0.001781 0.005219)
(0.004281 0.001781 0.005219)
(0.004344 0.001781 0.005219)
(0.004406 0.001781 0.005219)
(0.004469 0.001781 0.005219)
(0.004531 0.001781 0.005219)
(0.004594 0.001781 0.005219)
(0.004656 0.001781 0.005219)
(0.004719 0.001781 0.005219)
(0.004781 0.001781 0.005219)
(0.004844 0.001781 0.005219)
(0.004906 0.001781 0.005219)
(0.004969 0.001781 0.005219)
(0.004031 0.001844 0.005219)
(0.004094 0.001844 0.005219)
(0.004156 0.001844 0.005219)
(0.004219 0.001844 0.005219)
(0.004281 0.001844 0.005219)
(0.004344 0.001844 0.005219)
(0.004406 0.001844 0.005219)
(0.004469 0.001844 0.005219)
(0.004531 0.001844 0.005219)
(0.004594 0.001844 0.005219)
(0.004656 0.001844 0.005219)
(0.004719 0.001844 0.005219)
(0.004781 0.001844 0.005219)
(0.004844 0.001844 0.005219)
(0.004906 0.001844 0.005219)
(0.004969 0.001844 0.005219)
(0.004031 0.001906 0.005219)
(0.004094 0.001906 0.005219)
(0.004156 0.001906 0.005219)
(0.004219 0.001906 0.005219)
(0.004281 0.001906 0.005219)
(0.004344 0.001906 0.005219)
(0.004406 0.001906 0.005219)
(0.004469 0.001906 0.005219)
(0.004531 0.001906 0.005219)
(0.004594 0.001906 0.005219)
(0.004656 0.001906 0.005219)
(0.004719 0.001906 0.005219)
(0.004781 0.001906 0.005219)
(0.004844 0.001906 0.005219)
(0.004906 0.001906 0.005219)
(0.004969 0.001906 0.005219)
(0.004031 0.001969 0.005219)
(0.004094 0.001969 0.005219)
(0.004156 0.001969 0.005219)
(0.004219 0.001969 0.005219)
(0.004281 0.001969 0.005219)
(0.004344 0.001969 0.005219)
(0.004406 0.001969 0.005219)
(0.004469 0.001969 0.005219)
(0.004531 0.001969 0.005219)
(0.004594 0.001969 0.005219)
(0.004656 0.001969 0.005219)
(0.004719 0.001969 0.005219)
(0.004781 0.001969 0.005219)
(0.004844 0.001969 0.005219)
(0.004906 0.001969 0.005219)
(0.004969 0.001969 0.005219)
(0.004031 0.002031 0.005219)
(0.004094 0.002031 0.005219)
(0.004156 0.002031 0.005219)
(0.004219 0.002031 0.005219)
(0.004281 0.002031 0.005219)
(0.004344 0.002031 0.005219)
(0.004406 0.002031 0.005219)
(0.004469 0.002031 0.005219)
(0.004531 0.002031 0.005219)
(0.004594 0.002031 0.005219)
(0.004656 0.002031 0.005219)
(0.004719 0.002031 0.005219)
(0.004781 0.002031 0.005219)
(0.004844 0.002031 0.005219)
(0.004906 0.002031 0.005219)
(0.004969 0.002031 0.005219)
(0.004031 0.002094 0.005219)
(0.004094 0.002094 0.005219)
(0.004156 0.002094 0.005219)
(0.004219 0.002094 0.005219)
(0.004281 0.002094 0.005219)
(0.004344 0.002094 0.005219)
(0.004406 0.002094 0.005219)
(0.004469 0.002094 0.005219)
(0.004531 0.002094 0.005219)
(0.004594 0.002094 0.005219)
(0.004656 0.002094 0.005219)
(0.004719 0.002094 0.005219)
(0.004781 0.002094 0.005219)
(0.004844 0.002094 0.005219)
(0.004906 0.002094 0.005219)
(0.004969 0.002094 0.005219)
(0.004031 0.002156 0.005219)
(0.004094 0.002156 0.005219)
(0.004156 0.002156 0.005219)
(0.004219 0.002156 0.005219)
(0.004281 0.002156 0.005219)
(0.004344 0.002156 0.005219)
(0.004406 0.002156 0.005219)
(0.004469 0.002156 0.005219)
(0.004531 0.002156 0.005219)
(0.004594 0.002156 0.005219)
(0.004656 0.002156 0.005219)
(0.004719 0.002156 0.005219)
(0.004781 0.002156 0.005219)
(0.004844 0.002156 0.005219)
(0.004906 0.002156 0.005219)
(0.004969 0.002156 0.005219)
(0.004031 0.002219 0.005219)
(0.004094 0.002219 0.005219)
(0.004156 0.002219 0.005219)
(0.004219 0.002219 0.005219)
(0.004281 0.002219 0.005219)
(0.004344 0.002219 0.005219)
(0.004406 0.002219 0.005219)
(0.004469 0.002219 0.005219)
(0.004531 0.002219 0.005219)
(0.004594 0.002219 0.005219)
(0.004656 0.002219 0.005219)
(0.004719 0.002219 0.005219)
(0.004781 0.002219 0.005219)
(0.004844 0.002219 0.005219)
(0.004906 0.002219 0.005219)
(0.004969 0.002219 0.005219)
(0.004031 0.002281 0.005219)
(0.004094 0.002281 0.005219)
(0.004156 0.002281 0.005219)
(0.004219 0.002281 0.005219)
(0.004281 0.002281 0.005219)
(0.004344 0.002281 0.005219)
(0.004406 0.002281 0.005219)
(0.004469 0.002281 0.005219)
(0.004531 0.002281 0.005219)
(0.004594 0.002281 0.005219)
(0.004656 0.002281 0.005219)
(0.004719 0.002281 0.005219)
(0.004781 0.002281 0.005219)
(0.004844 0.002281 0.005219)
(0.004906 0.002281 0.005219)
(0.004969 0.002281 0.005219)
(0.004031 0.002344 0.005219)
(0.004094 0.002344 0.005219)
(0.004156 0.002344 0.005219)
(0.004219 0.002344 0.005219)
(0.004281 0.002344 0.005219)
(0.004344 0.002344 0.005219)
(0.004406 0.002344 0.005219)
(0.004469 0.002344 0.005219)
(0.004531 0.002344 0.005219)
(0.004594 0.002344 0.005219)
(0.004656 0.002344 0.005219)
(0.004719 0.002344 0.005219)
(0.004781 0.002344 0.005219)
(0.004844 0.002344 0.005219)
(0.004906 0.002344 0.005219)
(0.004969 0.002344 0.005219)
(0.004031 0.001281 0.005281)
(0.004094 0.001281 0.005281)
(0.004156 0.001281 0.005281)
(0.004219 0.001281 0.005281)
(0.004281 0.001281 0.005281)
(0.004344 0.001281 0.005281)
(0.004406 0.001281 0.005281)
(0.004469 0.001281 0.005281)
(0.004531 0.001281 0.005281)
(0.004594 0.001281 0.005281)
(0.004656 0.001281 0.005281)
(0.004719 0.001281 0.005281)
(0.004781 0.001281 0.005281)
(0.004844 0.001281 0.005281)
(0.004906 0.001281 0.005281)
(0.004969 0.001281 0.005281)
(0.004031 0.001344 0.005281)
(0.004094 0.001344 0.005281)
(0.004156 0.001344 0.005281)
(0.004219 0.001344 0.005281)
(0.004281 0.001344 0.005281)
(0.004344 0.001344 0.005281)
(0.004406 0.001344 0.005281)
(0.004469 0.001344 0.005281)
(0.004531 0.001344 0.005281)
(0.004594 0.001344 0.005281)
(0.004656 0.001344 0.005281)
(0.004719 0.001344 0.005281)
(0.004781 0.001344 0.005281)
(0.004844 0.001344 0.005281)
(0.004906 0.001344 0.005281)
(0.004969 0.001344 0.005281)
(0.004031 0.001406 0.005281)
(0.004094 0.001406 0.005281)
(0.004156 0.001406 0.005281)
(0.004219 0.001406 0.005281)
(0.004281 0.001406 0.005281)
(0.004344 0.001406 0.005281)
(0.004406 0.001406 0.005281)
(0.004469 0.001406 0.005281)
(0.004531 0.001406 0.005281)
(0.004594 0.001406 0.005281)
(0.004656 0.001406 0.005281)
(0.004719 0.001406 0.005281)
(0.004781 0.001406 0.005281)
(0.004844 0.001406 0.005281)
(0.004906 0.001406 0.005281)
(0.004969 0.001406 0.005281)
(0.004031 0.001469 0.005281)
(0.004094 0.001469 0.005281)
(0.004156 0.001469 0.005281)
(0.004219 0.001469 0.005281)
(0.004281 0.001469 0.005281)
(0.004344 0.001469 0.005281)
(0.004406 0.001469 0.005281)
(0.004469 0.001469 0.005281)
(0.004531 0.001469 0.005281)
(0.004594 0.001469 0.005281)
(0.004656 0.001469 0.005281)
(0.004719 0.001469 0.005281)
(0.004781 0.001469 0.005281)
(0.004844 0.001469 0.005281)
(0.004906 0.001469 0.005281)
(0.004969 0.001469 0.005281)
(0.004031 0.001531 0.005281)
(0.004094 0.001531 0.005281)
(0.004156 0.001531 0.005281)
(0.004219 0.001531 0.005281)
(0.004281 0.001531 0.005281)
(0.004344 0.001531 0.005281)
(0.004406 0.001531 0.005281)
(0.004469 0.001531 0.005281)
(0.004531 0.001531 0.005281)
(0.004594 0.001531 0.005281)
(0.004656 0.001531 0.005281)
(0.004719 0.001531 0.005281)
(0.004781 0.001531 0.005281)
(0.004844 0.001531 0.005281)
(0.004906 0.001531 0.005281)
(0.004969 0.001531 0.005281)
(0.004031 0.001594 0.005281)
(0.004094 0.001594 0.005281)
(0.004156 0.001594 0.005281)
(0.004219 0.001594 0.005281)
(0.004281 0.001594 0.005281)
(0.004344 0.001594 0.005281)
(0.004406 0.001594 0.005281)
(0.004469 0.001594 0.005281)
(0.004531 0.001594 0.005281)
(0.004594 0.001594 0.005281)
(0.004656 0.001594 0.005281)
(0.004719 0.001594 0.005281)
(0.004781 0.001594 0.005281)
(0.004844 0.001594 0.005281)
(0.004906 0.001594 0.005281)
(0.004969 0.001594 0.005281)
(0.004031 0.001656 0.005281)
(0.004094 0.001656 0.005281)
(0.004156 0.001656 0.005281)
(0.004219 0.001656 0.005281)
(0.004281 0.001656 0.005281)
(0.004344 0.001656 0.005281)
(0.004406 0.001656 0.005281)
(0.004469 0.001656 0.005281)
(0.004531 0.001656 0.005281)
(0.004594 0.001656 0.005281)
(0.004656 0.001656 0.005281)
(0.004719 0.001656 0.005281)
(0.004781 0.001656 0.005281)
(0.004844 0.001656 0.005281)
(0.004906 0.001656 0.005281)
(0.004969 0.001656 0.005281)
(0.004031 0.001719 0.005281)
(0.004094 0.001719 0.005281)
(0.004156 0.001719 0.005281)
(0.004219 0.001719 0.005281)
(0.004281 0.001719 0.005281)
(0.004344 0.001719 0.005281)
(0.004406 0.001719 0.005281)
(0.004469 0.001719 0.005281)
(0.004531 0.001719 0.005281)
(0.004594 0.001719 0.005281)
(0.004656 0.001719 0.005281)
(0.004719 0.001719 0.005281)
(0.004781 0.001719 0.005281)
(0.004844 0.001719 0.005281)
(0.004906 0.001719 0.005281)
(0.004969 0.001719 0.005281)
(0.004031 0.001781 0.005281)
(0.004094 0.001781 0.005281)
(0.004156 0.001781 0.005281)
(0.004219 0.001781 0.005281)
(0.004281 0.001781 0.005281)
(0.004344 0.001781 0.005281)
(0.004406 0.001781 0.005281)
(0.004469 0.001781 0.005281)
(0.004531 0.001781 0.005281)
(0.004594 0.001781 0.005281)
(0.004656 0.001781 0.005281)
(0.004719 0.001781 0.005281)
(0.004781 0.001781 0.005281)
(0.004844 0.001781 0.005281)
(0.004906 0.001781 0.005281)
(0.004969 0.001781 0.005281)
(0.004031 0.001844 0.005281)
(0.004094 0.001844 0.005281)
(0.004156 0.001844 0.005281)
(0.004219 0.001844 0.005281)
(0.004281 0.001844 0.005281)
(0.004344 0.001844 0.005281)
(0.004406 0.001844 0.005281)
(0.004469 0.001844 0.005281)
(0.004531 0.001844 0.005281)
(0.004594 0.001844 0.005281)
(0.004656 0.001844 0.005281)
(0.004719 0.001844 0.005281)
(0.004781 0.001844 0.005281)
(0.004844 0.001844 0.005281)
(0.004906 0.001844 0.005281)
(0.004969 0.001844 0.005281)
(0.004031 0.001906 0.005281)
(0.004094 0.001906 0.005281)
(0.004156 0.001906 0.005281)
(0.004219 0.001906 0.005281)
(0.004281 0.001906 0.005281)
(0.004344 0.001906 0.005281)
(0.004406 0.001906 0.005281)
(0.004469 0.001906 0.005281)
(0.004531 0.001906 0.005281)
(0.004594 0.001906 0.005281)
(0.004656 0.001906 0.005281)
(0.004719 0.001906 0.005281)
(0.004781 0.001906 0.005281)
(0.004844 0.001906 0.005281)
(0.004906 0.001906 0.005281)
(0.004969 0.001906 0.005281)
(0.004031 0.001969 0.005281)
(0.004094 0.001969 0.005281)
(0.004156 0.001969 0.005281)
(0.004219 0.001969 0.005281)
(0.004281 0.001969 0.005281)
(0.004344 0.001969 0.005281)
(0.004406 0.001969 0.005281)
(0.004469 0.001969 0.005281)
(0.004531 0.001969 0.005281)
(0.004594 0.001969 0.005281)
(0.004656 0.001969 0.005281)
(0.004719 0.001969 0.005281)
(0.004781 0.001969 0.005281)
(0.004844 0.001969 0.005281)
(0.004906 0.001969 0.005281)
(0.004969 0.001969 0.005281)
(0.004031 0.002031 0.005281)
(0.004094 0.002031 0.005281)
(0.004156 0.002031 0.005281)
(0.004219 0.002031 0.005281)
(0.004281 0.002031 0.005281)
(0.004344 0.002031 0.005281)
(0.004406 0.002031 0.005281)
(0.004469 0.002031 0.005281)
(0.004531 0.002031 0.005281)
(0.004594 0.002031 0.005281)
(0.004656 0.002031 0.005281)
(0.004719 0.002031 0.005281)
(0.004781 0.002031 0.005281)
(0.004844 0.002031 0.005281)
(0.004906 0.002031 0.005281)
(0.004969 0.002031 0.005281)
(0.004031 0.002094 0.005281)
(0.004094 0.002094 0.005281)
(0.004156 0.002094 0.005281)
(0.004219 0.002094 0.005281)
(0.004281 0.002094 0.005281)
(0.004344 0.002094 0.005281)
(0.004406 0.002094 0.005281)
(0.004469 0.002094 0.005281)
(0.004531 0.002094 0.005281)
(0.004594 0.002094 0.005281)
(0.004656 0.002094 0.005281)
(0.004719 0.002094 0.005281)
(0.004781 0.002094 0.005281)
(0.004844 0.002094 0.005281)
(0.004906 0.002094 0.005281)
(0.004969 0.002094 0.005281)
(0.004031 0.002156 0.005281)
(0.004094 0.002156 0.005281)
(0.004156 0.002156 0.005281)
(0.004219 0.002156 0.005281)
(0.004281 0.002156 0.005281)
(0.004344 0.002156 0.005281)
(0.004406 0.002156 0.005281)
(0.004469 0.002156 0.005281)
(0.004531 0.002156 0.005281)
(0.004594 0.002156 0.005281)
(0.004656 0.002156 0.005281)
(0.004719 0.002156 0.005281)
(0.004781 0.002156 0.005281)
(0.004844 0.002156 0.005281)
(0.004906 0.002156 0.005281)
(0.004969 0.002156 0.005281)
(0.004031 0.002219 0.005281)
(0.004094 0.002219 0.005281)
(0.004156 0.002219 0.005281)
(0.004219 0.002219 0.005281)
(0.004281 0.002219 0.005281)
(0.004344 0.002219 0.005281)
(0.004406 0.002219 0.005281)
(0.004469 0.002219 0.005281)
(0.004531 0.002219 0.005281)
(0.004594 0.002219 0.005281)
(0.004656 0.002219 0.005281)
(0.004719 0.002219 0.005281)
(0.004781 0.002219 0.005281)
(0.004844 0.002219 0.005281)
(0.004906 0.002219 0.005281)
(0.004969 0.002219 0.005281)
(0.004031 0.002281 0.005281)
(0.004094 0.002281 0.005281)
(0.004156 0.002281 0.005281)
(0.004219 0.002281 0.005281)
(0.004281 0.002281 0.005281)
(0.004344 0.002281 0.005281)
(0.004406 0.002281 0.005281)
(0.004469 0.002281 0.005281)
(0.004531 0.002281 0.005281)
(0.004594 0.002281 0.005281)
(0.004656 0.002281 0.005281)
(0.004719 0.002281 0.005281)
(0.004781 0.002281 0.005281)
(0.004844 0.002281 0.005281)
(0.004906 0.002281 0.005281)
(0.004969 0.002281 0.005281)
(0.004031 0.002344 0.005281)
(0.004094 0.002344 0.005281)
(0.004156 0.002344 0.005281)
(0.004219 0.002344 0.005281)
(0.004281 0.002344 0.005281)
(0.004344 0.002344 0.005281)
(0.004406 0.002344 0.005281)
(0.004469 0.002344 0.005281)
(0.004531 0.002344 0.005281)
(0.004594 0.002344 0.005281)
(0.004656 0.002344 0.005281)
(0.004719 0.002344 0.005281)
(0.004781 0.002344 0.005281)
(0.004844 0.002344 0.005281)
(0.004906 0.002344 0.005281)
(0.004969 0.002344 0.005281)
(0.004031 0.001281 0.005344)
(0.004094 0.001281 0.005344)
(0.004156 0.001281 0.005344)
(0.004219 0.001281 0.005344)
(0.004281 0.001281 0.005344)
(0.004344 0.001281 0.005344)
(0.004406 0.001281 0.005344)
(0.004469 0.001281 0.005344)
(0.004531 0.001281 0.005344)
(0.004594 0.001281 0.005344)
(0.004656 0.001281 0.005344)
(0.004719 0.001281 0.005344)
(0.004781 0.001281 0.005344)
(0.004844 0.001281 0.005344)
(0.004906 0.001281 0.005344)
(0.004969 0.001281 0.005344)
(0.004031 0.001344 0.005344)
(0.004094 0.001344 0.005344)
(0.004156 0.001344 0.005344)
(0.004219 0.001344 0.005344)
(0.004281 0.001344 0.005344)
(0.004344 0.001344 0.005344)
(0.004406 0.001344 0.005344)
(0.004469 0.001344 0.005344)
(0.004531 0.001344 0.005344)
(0.004594 0.001344 0.005344)
(0.004656 0.001344 0.005344)
(0.004719 0.001344 0.005344)
(0.004781 0.001344 0.005344)
(0.004844 0.001344 0.005344)
(0.004906 0.001344 0.005344)
(0.004969 0.001344 0.005344)
(0.004031 0.001406 0.005344)
(0.004094 0.001406 0.005344)
(0.004156 0.001406 0.005344)
(0.004219 0.001406 0.005344)
(0.004281 0.001406 0.005344)
(0.004344 0.001406 0.005344)
(0.004406 0.001406 0.005344)
(0.004469 0.001406 0.005344)
(0.004531 0.001406 0.005344)
(0.004594 0.001406 0.005344)
(0.004656 0.001406 0.005344)
(0.004719 0.001406 0.005344)
(0.004781 0.001406 0.005344)
(0.004844 0.001406 0.005344)
(0.004906 0.001406 0.005344)
(0.004969 0.001406 0.005344)
(0.004031 0.001469 0.005344)
(0.004094 0.001469 0.005344)
(0.004156 0.001469 0.005344)
(0.004219 0.001469 0.005344)
(0.004281 0.001469 0.005344)
(0.004344 0.001469 0.005344)
(0.004406 0.001469 0.005344)
(0.004469 0.001469 0.005344)
(0.004531 0.001469 0.005344)
(0.004594 0.001469 0.005344)
(0.004656 0.001469 0.005344)
(0.004719 0.001469 0.005344)
(0.004781 0.001469 0.005344)
(0.004844 0.001469 0.005344)
(0.004906 0.001469 0.005344)
(0.004969 0.001469 0.005344)
(0.004031 0.001531 0.005344)
(0.004094 0.001531 0.005344)
(0.004156 0.001531 0.005344)
(0.004219 0.001531 0.005344)
(0.004281 0.001531 0.005344)
(0.004344 0.001531 0.005344)
(0.004406 0.001531 0.005344)
(0.004469 0.001531 0.005344)
(0.004531 0.001531 0.005344)
(0.004594 0.001531 0.005344)
(0.004656 0.001531 0.005344)
(0.004719 0.001531 0.005344)
(0.004781 0.001531 0.005344)
(0.004844 0.001531 0.005344)
(0.004906 0.001531 0.005344)
(0.004969 0.001531 0.005344)
(0.004031 0.001594 0.005344)
(0.004094 0.001594 0.005344)
(0.004156 0.001594 0.005344)
(0.004219 0.001594 0.005344)
(0.004281 0.001594 0.005344)
(0.004344 0.001594 0.005344)
(0.004406 0.001594 0.005344)
(0.004469 0.001594 0.005344)
(0.004531 0.001594 0.005344)
(0.004594 0.001594 0.005344)
(0.004656 0.001594 0.005344)
(0.004719 0.001594 0.005344)
(0.004781 0.001594 0.005344)
(0.004844 0.001594 0.005344)
(0.004906 0.001594 0.005344)
(0.004969 0.001594 0.005344)
(0.004031 0.001656 0.005344)
(0.004094 0.001656 0.005344)
(0.004156 0.001656 0.005344)
(0.004219 0.001656 0.005344)
(0.004281 0.001656 0.005344)
(0.004344 0.001656 0.005344)
(0.004406 0.001656 0.005344)
(0.004469 0.001656 0.005344)
(0.004531 0.001656 0.005344)
(0.004594 0.001656 0.005344)
(0.004656 0.001656 0.005344)
(0.004719 0.001656 0.005344)
(0.004781 0.001656 0.005344)
(0.004844 0.001656 0.005344)
(0.004906 0.001656 0.005344)
(0.004969 0.001656 0.005344)
(0.004031 0.001719 0.005344)
(0.004094 0.001719 0.005344)
(0.004156 0.001719 0.005344)
(0.004219 0.001719 0.005344)
(0.004281 0.001719 0.005344)
(0.004344 0.001719 0.005344)
(0.004406 0.001719 0.005344)
(0.004469 0.001719 0.005344)
(0.004531 0.001719 0.005344)
(0.004594 0.001719 0.005344)
(0.004656 0.001719 0.005344)
(0.004719 0.001719 0.005344)
(0.004781 0.001719 0.005344)
(0.004844 0.001719 0.005344)
(0.004906 0.001719 0.005344)
(0.004969 0.001719 0.005344)
(0.004031 0.001781 0.005344)
(0.004094 0.001781 0.005344)
(0.004156 0.001781 0.005344)
(0.004219 0.001781 0.005344)
(0.004281 0.001781 0.005344)
(0.004344 0.001781 0.005344)
(0.004406 0.001781 0.005344)
(0.004469 0.001781 0.005344)
(0.004531 0.001781 0.005344)
(0.004594 0.001781 0.005344)
(0.004656 0.001781 0.005344)
(0.004719 0.001781 0.005344)
(0.004781 0.001781 0.005344)
(0.004844 0.001781 0.005344)
(0.004906 0.001781 0.005344)
(0.004969 0.001781 0.005344)
(0.004031 0.001844 0.005344)
(0.004094 0.001844 0.005344)
(0.004156 0.001844 0.005344)
(0.004219 0.001844 0.005344)
(0.004281 0.001844 0.005344)
(0.004344 0.001844 0.005344)
(0.004406 0.001844 0.005344)
(0.004469 0.001844 0.005344)
(0.004531 0.001844 0.005344)
(0.004594 0.001844 0.005344)
(0.004656 0.001844 0.005344)
(0.004719 0.001844 0.005344)
(0.004781 0.001844 0.005344)
(0.004844 0.001844 0.005344)
(0.004906 0.001844 0.005344)
(0.004969 0.001844 0.005344)
(0.004031 0.001906 0.005344)
(0.004094 0.001906 0.005344)
(0.004156 0.001906 0.005344)
(0.004219 0.001906 0.005344)
(0.004281 0.001906 0.005344)
(0.004344 0.001906 0.005344)
(0.004406 0.001906 0.005344)
(0.004469 0.001906 0.005344)
(0.004531 0.001906 0.005344)
(0.004594 0.001906 0.005344)
(0.004656 0.001906 0.005344)
(0.004719 0.001906 0.005344)
(0.004781 0.001906 0.005344)
(0.004844 0.001906 0.005344)
(0.004906 0.001906 0.005344)
(0.004969 0.001906 0.005344)
(0.004031 0.001969 0.005344)
(0.004094 0.001969 0.005344)
(0.004156 0.001969 0.005344)
(0.004219 0.001969 0.005344)
(0.004281 0.001969 0.005344)
(0.004344 0.001969 0.005344)
(0.004406 0.001969 0.005344)
(0.004469 0.001969 0.005344)
(0.004531 0.001969 0.005344)
(0.004594 0.001969 0.005344)
(0.004656 0.001969 0.005344)
(0.004719 0.001969 0.005344)
(0.004781 0.001969 0.005344)
(0.004844 0.001969 0.005344)
(0.004906 0.001969 0.005344)
(0.004969 0.001969 0.005344)
(0.004031 0.002031 0.005344)
(0.004094 0.002031 0.005344)
(0.004156 0.002031 0.005344)
(0.004219 0.002031 0.005344)
(0.004281 0.002031 0.005344)
(0.004344 0.002031 0.005344)
(0.004406 0.002031 0.005344)
(0.004469 0.002031 0.005344)
(0.004531 0.002031 0.005344)
(0.004594 0.002031 0.005344)
(0.004656 0.002031 0.005344)
(0.004719 0.002031 0.005344)
(0.004781 0.002031 0.005344)
(0.004844 0.002031 0.005344)
(0.004906 0.002031 0.005344)
(0.004969 0.002031 0.005344)
(0.004031 0.002094 0.005344)
(0.004094 0.002094 0.005344)
(0.004156 0.002094 0.005344)
(0.004219 0.002094 0.005344)
(0.004281 0.002094 0.005344)
(0.004344 0.002094 0.005344)
(0.004406 0.002094 0.005344)
(0.004469 0.002094 0.005344)
(0.004531 0.002094 0.005344)
(0.004594 0.002094 0.005344)
(0.004656 0.002094 0.005344)
(0.004719 0.002094 0.005344)
(0.004781 0.002094 0.005344)
(0.004844 0.002094 0.005344)
(0.004906 0.002094 0.005344)
(0.004969 0.002094 0.005344)
(0.004031 0.002156 0.005344)
(0.004094 0.002156 0.005344)
(0.004156 0.002156 0.005344)
(0.004219 0.002156 0.005344)
(0.004281 0.002156 0.005344)
(0.004344 0.002156 0.005344)
(0.004406 0.002156 0.005344)
(0.004469 0.002156 0.005344)
(0.004531 0.002156 0.005344)
(0.004594 0.002156 0.005344)
(0.004656 0.002156 0.005344)
(0.004719 0.002156 0.005344)
(0.004781 0.002156 0.005344)
(0.004844 0.002156 0.005344)
(0.004906 0.002156 0.005344)
(0.004969 0.002156 0.005344)
(0.004031 0.002219 0.005344)
(0.004094 0.002219 0.005344)
(0.004156 0.002219 0.005344)
(0.004219 0.002219 0.005344)
(0.004281 0.002219 0.005344)
(0.004344 0.002219 0.005344)
(0.004406 0.002219 0.005344)
(0.004469 0.002219 0.005344)
(0.004531 0.002219 0.005344)
(0.004594 0.002219 0.005344)
(0.004656 0.002219 0.005344)
(0.004719 0.002219 0.005344)
(0.004781 0.002219 0.005344)
(0.004844 0.002219 0.005344)
(0.004906 0.002219 0.005344)
(0.004969 0.002219 0.005344)
(0.004031 0.002281 0.005344)
(0.004094 0.002281 0.005344)
(0.004156 0.002281 0.005344)
(0.004219 0.002281 0.005344)
(0.004281 0.002281 0.005344)
(0.004344 0.002281 0.005344)
(0.004406 0.002281 0.005344)
(0.004469 0.002281 0.005344)
(0.004531 0.002281 0.005344)
(0.004594 0.002281 0.005344)
(0.004656 0.002281 0.005344)
(0.004719 0.002281 0.005344)
(0.004781 0.002281 0.005344)
(0.004844 0.002281 0.005344)
(0.004906 0.002281 0.005344)
(0.004969 0.002281 0.005344)
(0.004031 0.002344 0.005344)
(0.004094 0.002344 0.005344)
(0.004156 0.002344 0.005344)
(0.004219 0.002344 0.005344)
(0.004281 0.002344 0.005344)
(0.004344 0.002344 0.005344)
(0.004406 0.002344 0.005344)
(0.004469 0.002344 0.005344)
(0.004531 0.002344 0.005344)
(0.004594 0.002344 0.005344)
(0.004656 0.002344 0.005344)
(0.004719 0.002344 0.005344)
(0.004781 0.002344 0.005344)
(0.004844 0.002344 0.005344)
(0.004906 0.002344 0.005344)
(0.004969 0.002344 0.005344)
(0.004031 0.001281 0.005406)
(0.004094 0.001281 0.005406)
(0.004156 0.001281 0.005406)
(0.004219 0.001281 0.005406)
(0.004281 0.001281 0.005406)
(0.004344 0.001281 0.005406)
(0.004406 0.001281 0.005406)
(0.004469 0.001281 0.005406)
(0.004531 0.001281 0.005406)
(0.004594 0.001281 0.005406)
(0.004656 0.001281 0.005406)
(0.004719 0.001281 0.005406)
(0.004781 0.001281 0.005406)
(0.004844 0.001281 0.005406)
(0.004906 0.001281 0.005406)
(0.004969 0.001281 0.005406)
(0.004031 0.001344 0.005406)
(0.004094 0.001344 0.005406)
(0.004156 0.001344 0.005406)
(0.004219 0.001344 0.005406)
(0.004281 0.001344 0.005406)
(0.004344 0.001344 0.005406)
(0.004406 0.001344 0.005406)
(0.004469 0.001344 0.005406)
(0.004531 0.001344 0.005406)
(0.004594 0.001344 0.005406)
(0.004656 0.001344 0.005406)
(0.004719 0.001344 0.005406)
(0.004781 0.001344 0.005406)
(0.004844 0.001344 0.005406)
(0.004906 0.001344 0.005406)
(0.004969 0.001344 0.005406)
(0.004031 0.001406 0.005406)
(0.004094 0.001406 0.005406)
(0.004156 0.001406 0.005406)
(0.004219 0.001406 0.005406)
(0.004281 0.001406 0.005406)
(0.004344 0.001406 0.005406)
(0.004406 0.001406 0.005406)
(0.004469 0.001406 0.005406)
(0.004531 0.001406 0.005406)
(0.004594 0.001406 0.005406)
(0.004656 0.001406 0.005406)
(0.004719 0.001406 0.005406)
(0.004781 0.001406 0.005406)
(0.004844 0.001406 0.005406)
(0.004906 0.001406 0.005406)
(0.004969 0.001406 0.005406)
(0.004031 0.001469 0.005406)
(0.004094 0.001469 0.005406)
(0.004156 0.001469 0.005406)
(0.004219 0.001469 0.005406)
(0.004281 0.001469 0.005406)
(0.004344 0.001469 0.005406)
(0.004406 0.001469 0.005406)
(0.004469 0.001469 0.005406)
(0.004531 0.001469 0.005406)
(0.004594 0.001469 0.005406)
(0.004656 0.001469 0.005406)
(0.004719 0.001469 0.005406)
(0.004781 0.001469 0.005406)
(0.004844 0.001469 0.005406)
(0.004906 0.001469 0.005406)
(0.004969 0.001469 0.005406)
(0.004031 0.001531 0.005406)
(0.004094 0.001531 0.005406)
(0.004156 0.001531 0.005406)
(0.004219 0.001531 0.005406)
(0.004281 0.001531 0.005406)
(0.004344 0.001531 0.005406)
(0.004406 0.001531 0.005406)
(0.004469 0.001531 0.005406)
(0.004531 0.001531 0.005406)
(0.004594 0.001531 0.005406)
(0.004656 0.001531 0.005406)
(0.004719 0.001531 0.005406)
(0.004781 0.001531 0.005406)
(0.004844 0.001531 0.005406)
(0.004906 0.001531 0.005406)
(0.004969 0.001531 0.005406)
(0.004031 0.001594 0.005406)
(0.004094 0.001594 0.005406)
(0.004156 0.001594 0.005406)
(0.004219 0.001594 0.005406)
(0.004281 0.001594 0.005406)
(0.004344 0.001594 0.005406)
(0.004406 0.001594 0.005406)
(0.004469 0.001594 0.005406)
(0.004531 0.001594 0.005406)
(0.004594 0.001594 0.005406)
(0.004656 0.001594 0.005406)
(0.004719 0.001594 0.005406)
(0.004781 0.001594 0.005406)
(0.004844 0.001594 0.005406)
(0.004906 0.001594 0.005406)
(0.004969 0.001594 0.005406)
(0.004031 0.001656 0.005406)
(0.004094 0.001656 0.005406)
(0.004156 0.001656 0.005406)
(0.004219 0.001656 0.005406)
(0.004281 0.001656 0.005406)
(0.004344 0.001656 0.005406)
(0.004406 0.001656 0.005406)
(0.004469 0.001656 0.005406)
(0.004531 0.001656 0.005406)
(0.004594 0.001656 0.005406)
(0.004656 0.001656 0.005406)
(0.004719 0.001656 0.005406)
(0.004781 0.001656 0.005406)
(0.004844 0.001656 0.005406)
(0.004906 0.001656 0.005406)
(0.004969 0.001656 0.005406)
(0.004031 0.001719 0.005406)
(0.004094 0.001719 0.005406)
(0.004156 0.001719 0.005406)
(0.004219 0.001719 0.005406)
(0.004281 0.001719 0.005406)
(0.004344 0.001719 0.005406)
(0.004406 0.001719 0.005406)
(0.004469 0.001719 0.005406)
(0.004531 0.001719 0.005406)
(0.004594 0.001719 0.005406)
(0.004656 0.001719 0.005406)
(0.004719 0.001719 0.005406)
(0.004781 0.001719 0.005406)
(0.004844 0.001719 0.005406)
(0.004906 0.001719 0.005406)
(0.004969 0.001719 0.005406)
(0.004031 0.001781 0.005406)
(0.004094 0.001781 0.005406)
(0.004156 0.001781 0.005406)
(0.004219 0.001781 0.005406)
(0.004281 0.001781 0.005406)
(0.004344 0.001781 0.005406)
(0.004406 0.001781 0.005406)
(0.004469 0.001781 0.005406)
(0.004531 0.001781 0.005406)
(0.004594 0.001781 0.005406)
(0.004656 0.001781 0.005406)
(0.004719 0.001781 0.005406)
(0.004781 0.001781 0.005406)
(0.004844 0.001781 0.005406)
(0.004906 0.001781 0.005406)
(0.004969 0.001781 0.005406)
(0.004031 0.001844 0.005406)
(0.004094 0.001844 0.005406)
(0.004156 0.001844 0.005406)
(0.004219 0.001844 0.005406)
(0.004281 0.001844 0.005406)
(0.004344 0.001844 0.005406)
(0.004406 0.001844 0.005406)
(0.004469 0.001844 0.005406)
(0.004531 0.001844 0.005406)
(0.004594 0.001844 0.005406)
(0.004656 0.001844 0.005406)
(0.004719 0.001844 0.005406)
(0.004781 0.001844 0.005406)
(0.004844 0.001844 0.005406)
(0.004906 0.001844 0.005406)
(0.004969 0.001844 0.005406)
(0.004031 0.001906 0.005406)
(0.004094 0.001906 0.005406)
(0.004156 0.001906 0.005406)
(0.004219 0.001906 0.005406)
(0.004281 0.001906 0.005406)
(0.004344 0.001906 0.005406)
(0.004406 0.001906 0.005406)
(0.004469 0.001906 0.005406)
(0.004531 0.001906 0.005406)
(0.004594 0.001906 0.005406)
(0.004656 0.001906 0.005406)
(0.004719 0.001906 0.005406)
(0.004781 0.001906 0.005406)
(0.004844 0.001906 0.005406)
(0.004906 0.001906 0.005406)
(0.004969 0.001906 0.005406)
(0.004031 0.001969 0.005406)
(0.004094 0.001969 0.005406)
(0.004156 0.001969 0.005406)
(0.004219 0.001969 0.005406)
(0.004281 0.001969 0.005406)
(0.004344 0.001969 0.005406)
(0.004406 0.001969 0.005406)
(0.004469 0.001969 0.005406)
(0.004531 0.001969 0.005406)
(0.004594 0.001969 0.005406)
(0.004656 0.001969 0.005406)
(0.004719 0.001969 0.005406)
(0.004781 0.001969 0.005406)
(0.004844 0.001969 0.005406)
(0.004906 0.001969 0.005406)
(0.004969 0.001969 0.005406)
(0.004031 0.002031 0.005406)
(0.004094 0.002031 0.005406)
(0.004156 0.002031 0.005406)
(0.004219 0.002031 0.005406)
(0.004281 0.002031 0.005406)
(0.004344 0.002031 0.005406)
(0.004406 0.002031 0.005406)
(0.004469 0.002031 0.005406)
(0.004531 0.002031 0.005406)
(0.004594 0.002031 0.005406)
(0.004656 0.002031 0.005406)
(0.004719 0.002031 0.005406)
(0.004781 0.002031 0.005406)
(0.004844 0.002031 0.005406)
(0.004906 0.002031 0.005406)
(0.004969 0.002031 0.005406)
(0.004031 0.002094 0.005406)
(0.004094 0.002094 0.005406)
(0.004156 0.002094 0.005406)
(0.004219 0.002094 0.005406)
(0.004281 0.002094 0.005406)
(0.004344 0.002094 0.005406)
(0.004406 0.002094 0.005406)
(0.004469 0.002094 0.005406)
(0.004531 0.002094 0.005406)
(0.004594 0.002094 0.005406)
(0.004656 0.002094 0.005406)
(0.004719 0.002094 0.005406)
(0.004781 0.002094 0.005406)
(0.004844 0.002094 0.005406)
(0.004906 0.002094 0.005406)
(0.004969 0.002094 0.005406)
(0.004031 0.002156 0.005406)
(0.004094 0.002156 0.005406)
(0.004156 0.002156 0.005406)
(0.004219 0.002156 0.005406)
(0.004281 0.002156 0.005406)
(0.004344 0.002156 0.005406)
(0.004406 0.002156 0.005406)
(0.004469 0.002156 0.005406)
(0.004531 0.002156 0.005406)
(0.004594 0.002156 0.005406)
(0.004656 0.002156 0.005406)
(0.004719 0.002156 0.005406)
(0.004781 0.002156 0.005406)
(0.004844 0.002156 0.005406)
(0.004906 0.002156 0.005406)
(0.004969 0.002156 0.005406)
(0.004031 0.002219 0.005406)
(0.004094 0.002219 0.005406)
(0.004156 0.002219 0.005406)
(0.004219 0.002219 0.005406)
(0.004281 0.002219 0.005406)
(0.004344 0.002219 0.005406)
(0.004406 0.002219 0.005406)
(0.004469 0.002219 0.005406)
(0.004531 0.002219 0.005406)
(0.004594 0.002219 0.005406)
(0.004656 0.002219 0.005406)
(0.004719 0.002219 0.005406)
(0.004781 0.002219 0.005406)
(0.004844 0.002219 0.005406)
(0.004906 0.002219 0.005406)
(0.004969 0.002219 0.005406)
(0.004031 0.002281 0.005406)
(0.004094 0.002281 0.005406)
(0.004156 0.002281 0.005406)
(0.004219 0.002281 0.005406)
(0.004281 0.002281 0.005406)
(0.004344 0.002281 0.005406)
(0.004406 0.002281 0.005406)
(0.004469 0.002281 0.005406)
(0.004531 0.002281 0.005406)
(0.004594 0.002281 0.005406)
(0.004656 0.002281 0.005406)
(0.004719 0.002281 0.005406)
(0.004781 0.002281 0.005406)
(0.004844 0.002281 0.005406)
(0.004906 0.002281 0.005406)
(0.004969 0.002281 0.005406)
(0.004031 0.002344 0.005406)
(0.004094 0.002344 0.005406)
(0.004156 0.002344 0.005406)
(0.004219 0.002344 0.005406)
(0.004281 0.002344 0.005406)
(0.004344 0.002344 0.005406)
(0.004406 0.002344 0.005406)
(0.004469 0.002344 0.005406)
(0.004531 0.002344 0.005406)
(0.004594 0.002344 0.005406)
(0.004656 0.002344 0.005406)
(0.004719 0.002344 0.005406)
(0.004781 0.002344 0.005406)
(0.004844 0.002344 0.005406)
(0.004906 0.002344 0.005406)
(0.004969 0.002344 0.005406)
(0.004031 0.001281 0.005469)
(0.004094 0.001281 0.005469)
(0.004156 0.001281 0.005469)
(0.004219 0.001281 0.005469)
(0.004281 0.001281 0.005469)
(0.004344 0.001281 0.005469)
(0.004406 0.001281 0.005469)
(0.004469 0.001281 0.005469)
(0.004531 0.001281 0.005469)
(0.004594 0.001281 0.005469)
(0.004656 0.001281 0.005469)
(0.004719 0.001281 0.005469)
(0.004781 0.001281 0.005469)
(0.004844 0.001281 0.005469)
(0.004906 0.001281 0.005469)
(0.004969 0.001281 0.005469)
(0.004031 0.001344 0.005469)
(0.004094 0.001344 0.005469)
(0.004156 0.001344 0.005469)
(0.004219 0.001344 0.005469)
(0.004281 0.001344 0.005469)
(0.004344 0.001344 0.005469)
(0.004406 0.001344 0.005469)
(0.004469 0.001344 0.005469)
(0.004531 0.001344 0.005469)
(0.004594 0.001344 0.005469)
(0.004656 0.001344 0.005469)
(0.004719 0.001344 0.005469)
(0.004781 0.001344 0.005469)
(0.004844 0.001344 0.005469)
(0.004906 0.001344 0.005469)
(0.004969 0.001344 0.005469)
(0.004031 0.001406 0.005469)
(0.004094 0.001406 0.005469)
(0.004156 0.001406 0.005469)
(0.004219 0.001406 0.005469)
(0.004281 0.001406 0.005469)
(0.004344 0.001406 0.005469)
(0.004406 0.001406 0.005469)
(0.004469 0.001406 0.005469)
(0.004531 0.001406 0.005469)
(0.004594 0.001406 0.005469)
(0.004656 0.001406 0.005469)
(0.004719 0.001406 0.005469)
(0.004781 0.001406 0.005469)
(0.004844 0.001406 0.005469)
(0.004906 0.001406 0.005469)
(0.004969 0.001406 0.005469)
(0.004031 0.001469 0.005469)
(0.004094 0.001469 0.005469)
(0.004156 0.001469 0.005469)
(0.004219 0.001469 0.005469)
(0.004281 0.001469 0.005469)
(0.004344 0.001469 0.005469)
(0.004406 0.001469 0.005469)
(0.004469 0.001469 0.005469)
(0.004531 0.001469 0.005469)
(0.004594 0.001469 0.005469)
(0.004656 0.001469 0.005469)
(0.004719 0.001469 0.005469)
(0.004781 0.001469 0.005469)
(0.004844 0.001469 0.005469)
(0.004906 0.001469 0.005469)
(0.004969 0.001469 0.005469)
(0.004031 0.001531 0.005469)
(0.004094 0.001531 0.005469)
(0.004156 0.001531 0.005469)
(0.004219 0.001531 0.005469)
(0.004281 0.001531 0.005469)
(0.004344 0.001531 0.005469)
(0.004406 0.001531 0.005469)
(0.004469 0.001531 0.005469)
(0.004531 0.001531 0.005469)
(0.004594 0.001531 0.005469)
(0.004656 0.001531 0.005469)
(0.004719 0.001531 0.005469)
(0.004781 0.001531 0.005469)
(0.004844 0.001531 0.005469)
(0.004906 0.001531 0.005469)
(0.004969 0.001531 0.005469)
(0.004031 0.001594 0.005469)
(0.004094 0.001594 0.005469)
(0.004156 0.001594 0.005469)
(0.004219 0.001594 0.005469)
(0.004281 0.001594 0.005469)
(0.004344 0.001594 0.005469)
(0.004406 0.001594 0.005469)
(0.004469 0.001594 0.005469)
(0.004531 0.001594 0.005469)
(0.004594 0.001594 0.005469)
(0.004656 0.001594 0.005469)
(0.004719 0.001594 0.005469)
(0.004781 0.001594 0.005469)
(0.004844 0.001594 0.005469)
(0.004906 0.001594 0.005469)
(0.004969 0.001594 0.005469)
(0.004031 0.001656 0.005469)
(0.004094 0.001656 0.005469)
(0.004156 0.001656 0.005469)
(0.004219 0.001656 0.005469)
(0.004281 0.001656 0.005469)
(0.004344 0.001656 0.005469)
(0.004406 0.001656 0.005469)
(0.004469 0.001656 0.005469)
(0.004531 0.001656 0.005469)
(0.004594 0.001656 0.005469)
(0.004656 0.001656 0.005469)
(0.004719 0.001656 0.005469)
(0.004781 0.001656 0.005469)
(0.004844 0.001656 0.005469)
(0.004906 0.001656 0.005469)
(0.004969 0.001656 0.005469)
(0.004031 0.001719 0.005469)
(0.004094 0.001719 0.005469)
(0.004156 0.001719 0.005469)
(0.004219 0.001719 0.005469)
(0.004281 0.001719 0.005469)
(0.004344 0.001719 0.005469)
(0.004406 0.001719 0.005469)
(0.004469 0.001719 0.005469)
(0.004531 0.001719 0.005469)
(0.004594 0.001719 0.005469)
(0.004656 0.001719 0.005469)
(0.004719 0.001719 0.005469)
(0.004781 0.001719 0.005469)
(0.004844 0.001719 0.005469)
(0.004906 0.001719 0.005469)
(0.004969 0.001719 0.005469)
(0.004031 0.001781 0.005469)
(0.004094 0.001781 0.005469)
(0.004156 0.001781 0.005469)
(0.004219 0.001781 0.005469)
(0.004281 0.001781 0.005469)
(0.004344 0.001781 0.005469)
(0.004406 0.001781 0.005469)
(0.004469 0.001781 0.005469)
(0.004531 0.001781 0.005469)
(0.004594 0.001781 0.005469)
(0.004656 0.001781 0.005469)
(0.004719 0.001781 0.005469)
(0.004781 0.001781 0.005469)
(0.004844 0.001781 0.005469)
(0.004906 0.001781 0.005469)
(0.004969 0.001781 0.005469)
(0.004031 0.001844 0.005469)
(0.004094 0.001844 0.005469)
(0.004156 0.001844 0.005469)
(0.004219 0.001844 0.005469)
(0.004281 0.001844 0.005469)
(0.004344 0.001844 0.005469)
(0.004406 0.001844 0.005469)
(0.004469 0.001844 0.005469)
(0.004531 0.001844 0.005469)
(0.004594 0.001844 0.005469)
(0.004656 0.001844 0.005469)
(0.004719 0.001844 0.005469)
(0.004781 0.001844 0.005469)
(0.004844 0.001844 0.005469)
(0.004906 0.001844 0.005469)
(0.004969 0.001844 0.005469)
(0.004031 0.001906 0.005469)
(0.004094 0.001906 0.005469)
(0.004156 0.001906 0.005469)
(0.004219 0.001906 0.005469)
(0.004281 0.001906 0.005469)
(0.004344 0.001906 0.005469)
(0.004406 0.001906 0.005469)
(0.004469 0.001906 0.005469)
(0.004531 0.001906 0.005469)
(0.004594 0.001906 0.005469)
(0.004656 0.001906 0.005469)
(0.004719 0.001906 0.005469)
(0.004781 0.001906 0.005469)
(0.004844 0.001906 0.005469)
(0.004906 0.001906 0.005469)
(0.004969 0.001906 0.005469)
(0.004031 0.001969 0.005469)
(0.004094 0.001969 0.005469)
(0.004156 0.001969 0.005469)
(0.004219 0.001969 0.005469)
(0.004281 0.001969 0.005469)
(0.004344 0.001969 0.005469)
(0.004406 0.001969 0.005469)
(0.004469 0.001969 0.005469)
(0.004531 0.001969 0.005469)
(0.004594 0.001969 0.005469)
(0.004656 0.001969 0.005469)
(0.004719 0.001969 0.005469)
(0.004781 0.001969 0.005469)
(0.004844 0.001969 0.005469)
(0.004906 0.001969 0.005469)
(0.004969 0.001969 0.005469)
(0.004031 0.002031 0.005469)
(0.004094 0.002031 0.005469)
(0.004156 0.002031 0.005469)
(0.004219 0.002031 0.005469)
(0.004281 0.002031 0.005469)
(0.004344 0.002031 0.005469)
(0.004406 0.002031 0.005469)
(0.004469 0.002031 0.005469)
(0.004531 0.002031 0.005469)
(0.004594 0.002031 0.005469)
(0.004656 0.002031 0.005469)
(0.004719 0.002031 0.005469)
(0.004781 0.002031 0.005469)
(0.004844 0.002031 0.005469)
(0.004906 0.002031 0.005469)
(0.004969 0.002031 0.005469)
(0.004031 0.002094 0.005469)
(0.004094 0.002094 0.005469)
(0.004156 0.002094 0.005469)
(0.004219 0.002094 0.005469)
(0.004281 0.002094 0.005469)
(0.004344 0.002094 0.005469)
(0.004406 0.002094 0.005469)
(0.004469 0.002094 0.005469)
(0.004531 0.002094 0.005469)
(0.004594 0.002094 0.005469)
(0.004656 0.002094 0.005469)
(0.004719 0.002094 0.005469)
(0.004781 0.002094 0.005469)
(0.004844 0.002094 0.005469)
(0.004906 0.002094 0.005469)
(0.004969 0.002094 0.005469)
(0.004031 0.002156 0.005469)
(0.004094 0.002156 0.005469)
(0.004156 0.002156 0.005469)
(0.004219 0.002156 0.005469)
(0.004281 0.002156 0.005469)
(0.004344 0.002156 0.005469)
(0.004406 0.002156 0.005469)
(0.004469 0.002156 0.005469)
(0.004531 0.002156 0.005469)
(0.004594 0.002156 0.005469)
(0.004656 0.002156 0.005469)
(0.004719 0.002156 0.005469)
(0.004781 0.002156 0.005469)
(0.004844 0.002156 0.005469)
(0.004906 0.002156 0.005469)
(0.004969 0.002156 0.005469)
(0.004031 0.002219 0.005469)
(0.004094 0.002219 0.005469)
(0.004156 0.002219 0.005469)
(0.004219 0.002219 0.005469)
(0.004281 0.002219 0.005469)
(0.004344 0.002219 0.005469)
(0.004406 0.002219 0.005469)
(0.004469 0.002219 0.005469)
(0.004531 0.002219 0.005469)
(0.004594 0.002219 0.005469)
(0.004656 0.002219 0.005469)
(0.004719 0.002219 0.005469)
(0.004781 0.002219 0.005469)
(0.004844 0.002219 0.005469)
(0.004906 0.002219 0.005469)
(0.004969 0.002219 0.005469)
(0.004031 0.002281 0.005469)
(0.004094 0.002281 0.005469)
(0.004156 0.002281 0.005469)
(0.004219 0.002281 0.005469)
(0.004281 0.002281 0.005469)
(0.004344 0.002281 0.005469)
(0.004406 0.002281 0.005469)
(0.004469 0.002281 0.005469)
(0.004531 0.002281 0.005469)
(0.004594 0.002281 0.005469)
(0.004656 0.002281 0.005469)
(0.004719 0.002281 0.005469)
(0.004781 0.002281 0.005469)
(0.004844 0.002281 0.005469)
(0.004906 0.002281 0.005469)
(0.004969 0.002281 0.005469)
(0.004031 0.002344 0.005469)
(0.004094 0.002344 0.005469)
(0.004156 0.002344 0.005469)
(0.004219 0.002344 0.005469)
(0.004281 0.002344 0.005469)
(0.004344 0.002344 0.005469)
(0.004406 0.002344 0.005469)
(0.004469 0.002344 0.005469)
(0.004531 0.002344 0.005469)
(0.004594 0.002344 0.005469)
(0.004656 0.002344 0.005469)
(0.004719 0.002344 0.005469)
(0.004781 0.002344 0.005469)
(0.004844 0.002344 0.005469)
(0.004906 0.002344 0.005469)
(0.004969 0.002344 0.005469)
(0.004031 0.001281 0.005531)
(0.004094 0.001281 0.005531)
(0.004156 0.001281 0.005531)
(0.004219 0.001281 0.005531)
(0.004281 0.001281 0.005531)
(0.004344 0.001281 0.005531)
(0.004406 0.001281 0.005531)
(0.004469 0.001281 0.005531)
(0.004531 0.001281 0.005531)
(0.004594 0.001281 0.005531)
(0.004656 0.001281 0.005531)
(0.004719 0.001281 0.005531)
(0.004781 0.001281 0.005531)
(0.004844 0.001281 0.005531)
(0.004906 0.001281 0.005531)
(0.004969 0.001281 0.005531)
(0.004031 0.001344 0.005531)
(0.004094 0.001344 0.005531)
(0.004156 0.001344 0.005531)
(0.004219 0.001344 0.005531)
(0.004281 0.001344 0.005531)
(0.004344 0.001344 0.005531)
(0.004406 0.001344 0.005531)
(0.004469 0.001344 0.005531)
(0.004531 0.001344 0.005531)
(0.004594 0.001344 0.005531)
(0.004656 0.001344 0.005531)
(0.004719 0.001344 0.005531)
(0.004781 0.001344 0.005531)
(0.004844 0.001344 0.005531)
(0.004906 0.001344 0.005531)
(0.004969 0.001344 0.005531)
(0.004031 0.001406 0.005531)
(0.004094 0.001406 0.005531)
(0.004156 0.001406 0.005531)
(0.004219 0.001406 0.005531)
(0.004281 0.001406 0.005531)
(0.004344 0.001406 0.005531)
(0.004406 0.001406 0.005531)
(0.004469 0.001406 0.005531)
(0.004531 0.001406 0.005531)
(0.004594 0.001406 0.005531)
(0.004656 0.001406 0.005531)
(0.004719 0.001406 0.005531)
(0.004781 0.001406 0.005531)
(0.004844 0.001406 0.005531)
(0.004906 0.001406 0.005531)
(0.004969 0.001406 0.005531)
(0.004031 0.001469 0.005531)
(0.004094 0.001469 0.005531)
(0.004156 0.001469 0.005531)
(0.004219 0.001469 0.005531)
(0.004281 0.001469 0.005531)
(0.004344 0.001469 0.005531)
(0.004406 0.001469 0.005531)
(0.004469 0.001469 0.005531)
(0.004531 0.001469 0.005531)
(0.004594 0.001469 0.005531)
(0.004656 0.001469 0.005531)
(0.004719 0.001469 0.005531)
(0.004781 0.001469 0.005531)
(0.004844 0.001469 0.005531)
(0.004906 0.001469 0.005531)
(0.004969 0.001469 0.005531)
(0.004031 0.001531 0.005531)
(0.004094 0.001531 0.005531)
(0.004156 0.001531 0.005531)
(0.004219 0.001531 0.005531)
(0.004281 0.001531 0.005531)
(0.004344 0.001531 0.005531)
(0.004406 0.001531 0.005531)
(0.004469 0.001531 0.005531)
(0.004531 0.001531 0.005531)
(0.004594 0.001531 0.005531)
(0.004656 0.001531 0.005531)
(0.004719 0.001531 0.005531)
(0.004781 0.001531 0.005531)
(0.004844 0.001531 0.005531)
(0.004906 0.001531 0.005531)
(0.004969 0.001531 0.005531)
(0.004031 0.001594 0.005531)
(0.004094 0.001594 0.005531)
(0.004156 0.001594 0.005531)
(0.004219 0.001594 0.005531)
(0.004281 0.001594 0.005531)
(0.004344 0.001594 0.005531)
(0.004406 0.001594 0.005531)
(0.004469 0.001594 0.005531)
(0.004531 0.001594 0.005531)
(0.004594 0.001594 0.005531)
(0.004656 0.001594 0.005531)
(0.004719 0.001594 0.005531)
(0.004781 0.001594 0.005531)
(0.004844 0.001594 0.005531)
(0.004906 0.001594 0.005531)
(0.004969 0.001594 0.005531)
(0.004031 0.001656 0.005531)
(0.004094 0.001656 0.005531)
(0.004156 0.001656 0.005531)
(0.004219 0.001656 0.005531)
(0.004281 0.001656 0.005531)
(0.004344 0.001656 0.005531)
(0.004406 0.001656 0.005531)
(0.004469 0.001656 0.005531)
(0.004531 0.001656 0.005531)
(0.004594 0.001656 0.005531)
(0.004656 0.001656 0.005531)
(0.004719 0.001656 0.005531)
(0.004781 0.001656 0.005531)
(0.004844 0.001656 0.005531)
(0.004906 0.001656 0.005531)
(0.004969 0.001656 0.005531)
(0.004031 0.001719 0.005531)
(0.004094 0.001719 0.005531)
(0.004156 0.001719 0.005531)
(0.004219 0.001719 0.005531)
(0.004281 0.001719 0.005531)
(0.004344 0.001719 0.005531)
(0.004406 0.001719 0.005531)
(0.004469 0.001719 0.005531)
(0.004531 0.001719 0.005531)
(0.004594 0.001719 0.005531)
(0.004656 0.001719 0.005531)
(0.004719 0.001719 0.005531)
(0.004781 0.001719 0.005531)
(0.004844 0.001719 0.005531)
(0.004906 0.001719 0.005531)
(0.004969 0.001719 0.005531)
(0.004031 0.001781 0.005531)
(0.004094 0.001781 0.005531)
(0.004156 0.001781 0.005531)
(0.004219 0.001781 0.005531)
(0.004281 0.001781 0.005531)
(0.004344 0.001781 0.005531)
(0.004406 0.001781 0.005531)
(0.004469 0.001781 0.005531)
(0.004531 0.001781 0.005531)
(0.004594 0.001781 0.005531)
(0.004656 0.001781 0.005531)
(0.004719 0.001781 0.005531)
(0.004781 0.001781 0.005531)
(0.004844 0.001781 0.005531)
(0.004906 0.001781 0.005531)
(0.004969 0.001781 0.005531)
(0.004031 0.001844 0.005531)
(0.004094 0.001844 0.005531)
(0.004156 0.001844 0.005531)
(0.004219 0.001844 0.005531)
(0.004281 0.001844 0.005531)
(0.004344 0.001844 0.005531)
(0.004406 0.001844 0.005531)
(0.004469 0.001844 0.005531)
(0.004531 0.001844 0.005531)
(0.004594 0.001844 0.005531)
(0.004656 0.001844 0.005531)
(0.004719 0.001844 0.005531)
(0.004781 0.001844 0.005531)
(0.004844 0.001844 0.005531)
(0.004906 0.001844 0.005531)
(0.004969 0.001844 0.005531)
(0.004031 0.001906 0.005531)
(0.004094 0.001906 0.005531)
(0.004156 0.001906 0.005531)
(0.004219 0.001906 0.005531)
(0.004281 0.001906 0.005531)
(0.004344 0.001906 0.005531)
(0.004406 0.001906 0.005531)
(0.004469 0.001906 0.005531)
(0.004531 0.001906 0.005531)
(0.004594 0.001906 0.005531)
(0.004656 0.001906 0.005531)
(0.004719 0.001906 0.005531)
(0.004781 0.001906 0.005531)
(0.004844 0.001906 0.005531)
(0.004906 0.001906 0.005531)
(0.004969 0.001906 0.005531)
(0.004031 0.001969 0.005531)
(0.004094 0.001969 0.005531)
(0.004156 0.001969 0.005531)
(0.004219 0.001969 0.005531)
(0.004281 0.001969 0.005531)
(0.004344 0.001969 0.005531)
(0.004406 0.001969 0.005531)
(0.004469 0.001969 0.005531)
(0.004531 0.001969 0.005531)
(0.004594 0.001969 0.005531)
(0.004656 0.001969 0.005531)
(0.004719 0.001969 0.005531)
(0.004781 0.001969 0.005531)
(0.004844 0.001969 0.005531)
(0.004906 0.001969 0.005531)
(0.004969 0.001969 0.005531)
(0.004031 0.002031 0.005531)
(0.004094 0.002031 0.005531)
(0.004156 0.002031 0.005531)
(0.004219 0.002031 0.005531)
(0.004281 0.002031 0.005531)
(0.004344 0.002031 0.005531)
(0.004406 0.002031 0.005531)
(0.004469 0.002031 0.005531)
(0.004531 0.002031 0.005531)
(0.004594 0.002031 0.005531)
(0.004656 0.002031 0.005531)
(0.004719 0.002031 0.005531)
(0.004781 0.002031 0.005531)
(0.004844 0.002031 0.005531)
(0.004906 0.002031 0.005531)
(0.004969 0.002031 0.005531)
(0.004031 0.002094 0.005531)
(0.004094 0.002094 0.005531)
(0.004156 0.002094 0.005531)
(0.004219 0.002094 0.005531)
(0.004281 0.002094 0.005531)
(0.004344 0.002094 0.005531)
(0.004406 0.002094 0.005531)
(0.004469 0.002094 0.005531)
(0.004531 0.002094 0.005531)
(0.004594 0.002094 0.005531)
(0.004656 0.002094 0.005531)
(0.004719 0.002094 0.005531)
(0.004781 0.002094 0.005531)
(0.004844 0.002094 0.005531)
(0.004906 0.002094 0.005531)
(0.004969 0.002094 0.005531)
(0.004031 0.002156 0.005531)
(0.004094 0.002156 0.005531)
(0.004156 0.002156 0.005531)
(0.004219 0.002156 0.005531)
(0.004281 0.002156 0.005531)
(0.004344 0.002156 0.005531)
(0.004406 0.002156 0.005531)
(0.004469 0.002156 0.005531)
(0.004531 0.002156 0.005531)
(0.004594 0.002156 0.005531)
(0.004656 0.002156 0.005531)
(0.004719 0.002156 0.005531)
(0.004781 0.002156 0.005531)
(0.004844 0.002156 0.005531)
(0.004906 0.002156 0.005531)
(0.004969 0.002156 0.005531)
(0.004031 0.002219 0.005531)
(0.004094 0.002219 0.005531)
(0.004156 0.002219 0.005531)
(0.004219 0.002219 0.005531)
(0.004281 0.002219 0.005531)
(0.004344 0.002219 0.005531)
(0.004406 0.002219 0.005531)
(0.004469 0.002219 0.005531)
(0.004531 0.002219 0.005531)
(0.004594 0.002219 0.005531)
(0.004656 0.002219 0.005531)
(0.004719 0.002219 0.005531)
(0.004781 0.002219 0.005531)
(0.004844 0.002219 0.005531)
(0.004906 0.002219 0.005531)
(0.004969 0.002219 0.005531)
(0.004031 0.002281 0.005531)
(0.004094 0.002281 0.005531)
(0.004156 0.002281 0.005531)
(0.004219 0.002281 0.005531)
(0.004281 0.002281 0.005531)
(0.004344 0.002281 0.005531)
(0.004406 0.002281 0.005531)
(0.004469 0.002281 0.005531)
(0.004531 0.002281 0.005531)
(0.004594 0.002281 0.005531)
(0.004656 0.002281 0.005531)
(0.004719 0.002281 0.005531)
(0.004781 0.002281 0.005531)
(0.004844 0.002281 0.005531)
(0.004906 0.002281 0.005531)
(0.004969 0.002281 0.005531)
(0.004031 0.002344 0.005531)
(0.004094 0.002344 0.005531)
(0.004156 0.002344 0.005531)
(0.004219 0.002344 0.005531)
(0.004281 0.002344 0.005531)
(0.004344 0.002344 0.005531)
(0.004406 0.002344 0.005531)
(0.004469 0.002344 0.005531)
(0.004531 0.002344 0.005531)
(0.004594 0.002344 0.005531)
(0.004656 0.002344 0.005531)
(0.004719 0.002344 0.005531)
(0.004781 0.002344 0.005531)
(0.004844 0.002344 0.005531)
(0.004906 0.002344 0.005531)
(0.004969 0.002344 0.005531)
(0.004031 0.001281 0.005594)
(0.004094 0.001281 0.005594)
(0.004156 0.001281 0.005594)
(0.004219 0.001281 0.005594)
(0.004281 0.001281 0.005594)
(0.004344 0.001281 0.005594)
(0.004406 0.001281 0.005594)
(0.004469 0.001281 0.005594)
(0.004531 0.001281 0.005594)
(0.004594 0.001281 0.005594)
(0.004656 0.001281 0.005594)
(0.004719 0.001281 0.005594)
(0.004781 0.001281 0.005594)
(0.004844 0.001281 0.005594)
(0.004906 0.001281 0.005594)
(0.004969 0.001281 0.005594)
(0.004031 0.001344 0.005594)
(0.004094 0.001344 0.005594)
(0.004156 0.001344 0.005594)
(0.004219 0.001344 0.005594)
(0.004281 0.001344 0.005594)
(0.004344 0.001344 0.005594)
(0.004406 0.001344 0.005594)
(0.004469 0.001344 0.005594)
(0.004531 0.001344 0.005594)
(0.004594 0.001344 0.005594)
(0.004656 0.001344 0.005594)
(0.004719 0.001344 0.005594)
(0.004781 0.001344 0.005594)
(0.004844 0.001344 0.005594)
(0.004906 0.001344 0.005594)
(0.004969 0.001344 0.005594)
(0.004031 0.001406 0.005594)
(0.004094 0.001406 0.005594)
(0.004156 0.001406 0.005594)
(0.004219 0.001406 0.005594)
(0.004281 0.001406 0.005594)
(0.004344 0.001406 0.005594)
(0.004406 0.001406 0.005594)
(0.004469 0.001406 0.005594)
(0.004531 0.001406 0.005594)
(0.004594 0.001406 0.005594)
(0.004656 0.001406 0.005594)
(0.004719 0.001406 0.005594)
(0.004781 0.001406 0.005594)
(0.004844 0.001406 0.005594)
(0.004906 0.001406 0.005594)
(0.004969 0.001406 0.005594)
(0.004031 0.001469 0.005594)
(0.004094 0.001469 0.005594)
(0.004156 0.001469 0.005594)
(0.004219 0.001469 0.005594)
(0.004281 0.001469 0.005594)
(0.004344 0.001469 0.005594)
(0.004406 0.001469 0.005594)
(0.004469 0.001469 0.005594)
(0.004531 0.001469 0.005594)
(0.004594 0.001469 0.005594)
(0.004656 0.001469 0.005594)
(0.004719 0.001469 0.005594)
(0.004781 0.001469 0.005594)
(0.004844 0.001469 0.005594)
(0.004906 0.001469 0.005594)
(0.004969 0.001469 0.005594)
(0.004031 0.001531 0.005594)
(0.004094 0.001531 0.005594)
(0.004156 0.001531 0.005594)
(0.004219 0.001531 0.005594)
(0.004281 0.001531 0.005594)
(0.004344 0.001531 0.005594)
(0.004406 0.001531 0.005594)
(0.004469 0.001531 0.005594)
(0.004531 0.001531 0.005594)
(0.004594 0.001531 0.005594)
(0.004656 0.001531 0.005594)
(0.004719 0.001531 0.005594)
(0.004781 0.001531 0.005594)
(0.004844 0.001531 0.005594)
(0.004906 0.001531 0.005594)
(0.004969 0.001531 0.005594)
(0.004031 0.001594 0.005594)
(0.004094 0.001594 0.005594)
(0.004156 0.001594 0.005594)
(0.004219 0.001594 0.005594)
(0.004281 0.001594 0.005594)
(0.004344 0.001594 0.005594)
(0.004406 0.001594 0.005594)
(0.004469 0.001594 0.005594)
(0.004531 0.001594 0.005594)
(0.004594 0.001594 0.005594)
(0.004656 0.001594 0.005594)
(0.004719 0.001594 0.005594)
(0.004781 0.001594 0.005594)
(0.004844 0.001594 0.005594)
(0.004906 0.001594 0.005594)
(0.004969 0.001594 0.005594)
(0.004031 0.001656 0.005594)
(0.004094 0.001656 0.005594)
(0.004156 0.001656 0.005594)
(0.004219 0.001656 0.005594)
(0.004281 0.001656 0.005594)
(0.004344 0.001656 0.005594)
(0.004406 0.001656 0.005594)
(0.004469 0.001656 0.005594)
(0.004531 0.001656 0.005594)
(0.004594 0.001656 0.005594)
(0.004656 0.001656 0.005594)
(0.004719 0.001656 0.005594)
(0.004781 0.001656 0.005594)
(0.004844 0.001656 0.005594)
(0.004906 0.001656 0.005594)
(0.004969 0.001656 0.005594)
(0.004031 0.001719 0.005594)
(0.004094 0.001719 0.005594)
(0.004156 0.001719 0.005594)
(0.004219 0.001719 0.005594)
(0.004281 0.001719 0.005594)
(0.004344 0.001719 0.005594)
(0.004406 0.001719 0.005594)
(0.004469 0.001719 0.005594)
(0.004531 0.001719 0.005594)
(0.004594 0.001719 0.005594)
(0.004656 0.001719 0.005594)
(0.004719 0.001719 0.005594)
(0.004781 0.001719 0.005594)
(0.004844 0.001719 0.005594)
(0.004906 0.001719 0.005594)
(0.004969 0.001719 0.005594)
(0.004031 0.001781 0.005594)
(0.004094 0.001781 0.005594)
(0.004156 0.001781 0.005594)
(0.004219 0.001781 0.005594)
(0.004281 0.001781 0.005594)
(0.004344 0.001781 0.005594)
(0.004406 0.001781 0.005594)
(0.004469 0.001781 0.005594)
(0.004531 0.001781 0.005594)
(0.004594 0.001781 0.005594)
(0.004656 0.001781 0.005594)
(0.004719 0.001781 0.005594)
(0.004781 0.001781 0.005594)
(0.004844 0.001781 0.005594)
(0.004906 0.001781 0.005594)
(0.004969 0.001781 0.005594)
(0.004031 0.001844 0.005594)
(0.004094 0.001844 0.005594)
(0.004156 0.001844 0.005594)
(0.004219 0.001844 0.005594)
(0.004281 0.001844 0.005594)
(0.004344 0.001844 0.005594)
(0.004406 0.001844 0.005594)
(0.004469 0.001844 0.005594)
(0.004531 0.001844 0.005594)
(0.004594 0.001844 0.005594)
(0.004656 0.001844 0.005594)
(0.004719 0.001844 0.005594)
(0.004781 0.001844 0.005594)
(0.004844 0.001844 0.005594)
(0.004906 0.001844 0.005594)
(0.004969 0.001844 0.005594)
(0.004031 0.001906 0.005594)
(0.004094 0.001906 0.005594)
(0.004156 0.001906 0.005594)
(0.004219 0.001906 0.005594)
(0.004281 0.001906 0.005594)
(0.004344 0.001906 0.005594)
(0.004406 0.001906 0.005594)
(0.004469 0.001906 0.005594)
(0.004531 0.001906 0.005594)
(0.004594 0.001906 0.005594)
(0.004656 0.001906 0.005594)
(0.004719 0.001906 0.005594)
(0.004781 0.001906 0.005594)
(0.004844 0.001906 0.005594)
(0.004906 0.001906 0.005594)
(0.004969 0.001906 0.005594)
(0.004031 0.001969 0.005594)
(0.004094 0.001969 0.005594)
(0.004156 0.001969 0.005594)
(0.004219 0.001969 0.005594)
(0.004281 0.001969 0.005594)
(0.004344 0.001969 0.005594)
(0.004406 0.001969 0.005594)
(0.004469 0.001969 0.005594)
(0.004531 0.001969 0.005594)
(0.004594 0.001969 0.005594)
(0.004656 0.001969 0.005594)
(0.004719 0.001969 0.005594)
(0.004781 0.001969 0.005594)
(0.004844 0.001969 0.005594)
(0.004906 0.001969 0.005594)
(0.004969 0.001969 0.005594)
(0.004031 0.002031 0.005594)
(0.004094 0.002031 0.005594)
(0.004156 0.002031 0.005594)
(0.004219 0.002031 0.005594)
(0.004281 0.002031 0.005594)
(0.004344 0.002031 0.005594)
(0.004406 0.002031 0.005594)
(0.004469 0.002031 0.005594)
(0.004531 0.002031 0.005594)
(0.004594 0.002031 0.005594)
(0.004656 0.002031 0.005594)
(0.004719 0.002031 0.005594)
(0.004781 0.002031 0.005594)
(0.004844 0.002031 0.005594)
(0.004906 0.002031 0.005594)
(0.004969 0.002031 0.005594)
(0.004031 0.002094 0.005594)
(0.004094 0.002094 0.005594)
(0.004156 0.002094 0.005594)
(0.004219 0.002094 0.005594)
(0.004281 0.002094 0.005594)
(0.004344 0.002094 0.005594)
(0.004406 0.002094 0.005594)
(0.004469 0.002094 0.005594)
(0.004531 0.002094 0.005594)
(0.004594 0.002094 0.005594)
(0.004656 0.002094 0.005594)
(0.004719 0.002094 0.005594)
(0.004781 0.002094 0.005594)
(0.004844 0.002094 0.005594)
(0.004906 0.002094 0.005594)
(0.004969 0.002094 0.005594)
(0.004031 0.002156 0.005594)
(0.004094 0.002156 0.005594)
(0.004156 0.002156 0.005594)
(0.004219 0.002156 0.005594)
(0.004281 0.002156 0.005594)
(0.004344 0.002156 0.005594)
(0.004406 0.002156 0.005594)
(0.004469 0.002156 0.005594)
(0.004531 0.002156 0.005594)
(0.004594 0.002156 0.005594)
(0.004656 0.002156 0.005594)
(0.004719 0.002156 0.005594)
(0.004781 0.002156 0.005594)
(0.004844 0.002156 0.005594)
(0.004906 0.002156 0.005594)
(0.004969 0.002156 0.005594)
(0.004031 0.002219 0.005594)
(0.004094 0.002219 0.005594)
(0.004156 0.002219 0.005594)
(0.004219 0.002219 0.005594)
(0.004281 0.002219 0.005594)
(0.004344 0.002219 0.005594)
(0.004406 0.002219 0.005594)
(0.004469 0.002219 0.005594)
(0.004531 0.002219 0.005594)
(0.004594 0.002219 0.005594)
(0.004656 0.002219 0.005594)
(0.004719 0.002219 0.005594)
(0.004781 0.002219 0.005594)
(0.004844 0.002219 0.005594)
(0.004906 0.002219 0.005594)
(0.004969 0.002219 0.005594)
(0.004031 0.002281 0.005594)
(0.004094 0.002281 0.005594)
(0.004156 0.002281 0.005594)
(0.004219 0.002281 0.005594)
(0.004281 0.002281 0.005594)
(0.004344 0.002281 0.005594)
(0.004406 0.002281 0.005594)
(0.004469 0.002281 0.005594)
(0.004531 0.002281 0.005594)
(0.004594 0.002281 0.005594)
(0.004656 0.002281 0.005594)
(0.004719 0.002281 0.005594)
(0.004781 0.002281 0.005594)
(0.004844 0.002281 0.005594)
(0.004906 0.002281 0.005594)
(0.004969 0.002281 0.005594)
(0.004031 0.002344 0.005594)
(0.004094 0.002344 0.005594)
(0.004156 0.002344 0.005594)
(0.004219 0.002344 0.005594)
(0.004281 0.002344 0.005594)
(0.004344 0.002344 0.005594)
(0.004406 0.002344 0.005594)
(0.004469 0.002344 0.005594)
(0.004531 0.002344 0.005594)
(0.004594 0.002344 0.005594)
(0.004656 0.002344 0.005594)
(0.004719 0.002344 0.005594)
(0.004781 0.002344 0.005594)
(0.004844 0.002344 0.005594)
(0.004906 0.002344 0.005594)
(0.004969 0.002344 0.005594)
(0.004031 0.001281 0.005656)
(0.004094 0.001281 0.005656)
(0.004156 0.001281 0.005656)
(0.004219 0.001281 0.005656)
(0.004281 0.001281 0.005656)
(0.004344 0.001281 0.005656)
(0.004406 0.001281 0.005656)
(0.004469 0.001281 0.005656)
(0.004531 0.001281 0.005656)
(0.004594 0.001281 0.005656)
(0.004656 0.001281 0.005656)
(0.004719 0.001281 0.005656)
(0.004781 0.001281 0.005656)
(0.004844 0.001281 0.005656)
(0.004906 0.001281 0.005656)
(0.004969 0.001281 0.005656)
(0.004031 0.001344 0.005656)
(0.004094 0.001344 0.005656)
(0.004156 0.001344 0.005656)
(0.004219 0.001344 0.005656)
(0.004281 0.001344 0.005656)
(0.004344 0.001344 0.005656)
(0.004406 0.001344 0.005656)
(0.004469 0.001344 0.005656)
(0.004531 0.001344 0.005656)
(0.004594 0.001344 0.005656)
(0.004656 0.001344 0.005656)
(0.004719 0.001344 0.005656)
(0.004781 0.001344 0.005656)
(0.004844 0.001344 0.005656)
(0.004906 0.001344 0.005656)
(0.004969 0.001344 0.005656)
(0.004031 0.001406 0.005656)
(0.004094 0.001406 0.005656)
(0.004156 0.001406 0.005656)
(0.004219 0.001406 0.005656)
(0.004281 0.001406 0.005656)
(0.004344 0.001406 0.005656)
(0.004406 0.001406 0.005656)
(0.004469 0.001406 0.005656)
(0.004531 0.001406 0.005656)
(0.004594 0.001406 0.005656)
(0.004656 0.001406 0.005656)
(0.004719 0.001406 0.005656)
(0.004781 0.001406 0.005656)
(0.004844 0.001406 0.005656)
(0.004906 0.001406 0.005656)
(0.004969 0.001406 0.005656)
(0.004031 0.001469 0.005656)
(0.004094 0.001469 0.005656)
(0.004156 0.001469 0.005656)
(0.004219 0.001469 0.005656)
(0.004281 0.001469 0.005656)
(0.004344 0.001469 0.005656)
(0.004406 0.001469 0.005656)
(0.004469 0.001469 0.005656)
(0.004531 0.001469 0.005656)
(0.004594 0.001469 0.005656)
(0.004656 0.001469 0.005656)
(0.004719 0.001469 0.005656)
(0.004781 0.001469 0.005656)
(0.004844 0.001469 0.005656)
(0.004906 0.001469 0.005656)
(0.004969 0.001469 0.005656)
(0.004031 0.001531 0.005656)
(0.004094 0.001531 0.005656)
(0.004156 0.001531 0.005656)
(0.004219 0.001531 0.005656)
(0.004281 0.001531 0.005656)
(0.004344 0.001531 0.005656)
(0.004406 0.001531 0.005656)
(0.004469 0.001531 0.005656)
(0.004531 0.001531 0.005656)
(0.004594 0.001531 0.005656)
(0.004656 0.001531 0.005656)
(0.004719 0.001531 0.005656)
(0.004781 0.001531 0.005656)
(0.004844 0.001531 0.005656)
(0.004906 0.001531 0.005656)
(0.004969 0.001531 0.005656)
(0.004031 0.001594 0.005656)
(0.004094 0.001594 0.005656)
(0.004156 0.001594 0.005656)
(0.004219 0.001594 0.005656)
(0.004281 0.001594 0.005656)
(0.004344 0.001594 0.005656)
(0.004406 0.001594 0.005656)
(0.004469 0.001594 0.005656)
(0.004531 0.001594 0.005656)
(0.004594 0.001594 0.005656)
(0.004656 0.001594 0.005656)
(0.004719 0.001594 0.005656)
(0.004781 0.001594 0.005656)
(0.004844 0.001594 0.005656)
(0.004906 0.001594 0.005656)
(0.004969 0.001594 0.005656)
(0.004031 0.001656 0.005656)
(0.004094 0.001656 0.005656)
(0.004156 0.001656 0.005656)
(0.004219 0.001656 0.005656)
(0.004281 0.001656 0.005656)
(0.004344 0.001656 0.005656)
(0.004406 0.001656 0.005656)
(0.004469 0.001656 0.005656)
(0.004531 0.001656 0.005656)
(0.004594 0.001656 0.005656)
(0.004656 0.001656 0.005656)
(0.004719 0.001656 0.005656)
(0.004781 0.001656 0.005656)
(0.004844 0.001656 0.005656)
(0.004906 0.001656 0.005656)
(0.004969 0.001656 0.005656)
(0.004031 0.001719 0.005656)
(0.004094 0.001719 0.005656)
(0.004156 0.001719 0.005656)
(0.004219 0.001719 0.005656)
(0.004281 0.001719 0.005656)
(0.004344 0.001719 0.005656)
(0.004406 0.001719 0.005656)
(0.004469 0.001719 0.005656)
(0.004531 0.001719 0.005656)
(0.004594 0.001719 0.005656)
(0.004656 0.001719 0.005656)
(0.004719 0.001719 0.005656)
(0.004781 0.001719 0.005656)
(0.004844 0.001719 0.005656)
(0.004906 0.001719 0.005656)
(0.004969 0.001719 0.005656)
(0.004031 0.001781 0.005656)
(0.004094 0.001781 0.005656)
(0.004156 0.001781 0.005656)
(0.004219 0.001781 0.005656)
(0.004281 0.001781 0.005656)
(0.004344 0.001781 0.005656)
(0.004406 0.001781 0.005656)
(0.004469 0.001781 0.005656)
(0.004531 0.001781 0.005656)
(0.004594 0.001781 0.005656)
(0.004656 0.001781 0.005656)
(0.004719 0.001781 0.005656)
(0.004781 0.001781 0.005656)
(0.004844 0.001781 0.005656)
(0.004906 0.001781 0.005656)
(0.004969 0.001781 0.005656)
(0.004031 0.001844 0.005656)
(0.004094 0.001844 0.005656)
(0.004156 0.001844 0.005656)
(0.004219 0.001844 0.005656)
(0.004281 0.001844 0.005656)
(0.004344 0.001844 0.005656)
(0.004406 0.001844 0.005656)
(0.004469 0.001844 0.005656)
(0.004531 0.001844 0.005656)
(0.004594 0.001844 0.005656)
(0.004656 0.001844 0.005656)
(0.004719 0.001844 0.005656)
(0.004781 0.001844 0.005656)
(0.004844 0.001844 0.005656)
(0.004906 0.001844 0.005656)
(0.004969 0.001844 0.005656)
(0.004031 0.001906 0.005656)
(0.004094 0.001906 0.005656)
(0.004156 0.001906 0.005656)
(0.004219 0.001906 0.005656)
(0.004281 0.001906 0.005656)
(0.004344 0.001906 0.005656)
(0.004406 0.001906 0.005656)
(0.004469 0.001906 0.005656)
(0.004531 0.001906 0.005656)
(0.004594 0.001906 0.005656)
(0.004656 0.001906 0.005656)
(0.004719 0.001906 0.005656)
(0.004781 0.001906 0.005656)
(0.004844 0.001906 0.005656)
(0.004906 0.001906 0.005656)
(0.004969 0.001906 0.005656)
(0.004031 0.001969 0.005656)
(0.004094 0.001969 0.005656)
(0.004156 0.001969 0.005656)
(0.004219 0.001969 0.005656)
(0.004281 0.001969 0.005656)
(0.004344 0.001969 0.005656)
(0.004406 0.001969 0.005656)
(0.004469 0.001969 0.005656)
(0.004531 0.001969 0.005656)
(0.004594 0.001969 0.005656)
(0.004656 0.001969 0.005656)
(0.004719 0.001969 0.005656)
(0.004781 0.001969 0.005656)
(0.004844 0.001969 0.005656)
(0.004906 0.001969 0.005656)
(0.004969 0.001969 0.005656)
(0.004031 0.002031 0.005656)
(0.004094 0.002031 0.005656)
(0.004156 0.002031 0.005656)
(0.004219 0.002031 0.005656)
(0.004281 0.002031 0.005656)
(0.004344 0.002031 0.005656)
(0.004406 0.002031 0.005656)
(0.004469 0.002031 0.005656)
(0.004531 0.002031 0.005656)
(0.004594 0.002031 0.005656)
(0.004656 0.002031 0.005656)
(0.004719 0.002031 0.005656)
(0.004781 0.002031 0.005656)
(0.004844 0.002031 0.005656)
(0.004906 0.002031 0.005656)
(0.004969 0.002031 0.005656)
(0.004031 0.002094 0.005656)
(0.004094 0.002094 0.005656)
(0.004156 0.002094 0.005656)
(0.004219 0.002094 0.005656)
(0.004281 0.002094 0.005656)
(0.004344 0.002094 0.005656)
(0.004406 0.002094 0.005656)
(0.004469 0.002094 0.005656)
(0.004531 0.002094 0.005656)
(0.004594 0.002094 0.005656)
(0.004656 0.002094 0.005656)
(0.004719 0.002094 0.005656)
(0.004781 0.002094 0.005656)
(0.004844 0.002094 0.005656)
(0.004906 0.002094 0.005656)
(0.004969 0.002094 0.005656)
(0.004031 0.002156 0.005656)
(0.004094 0.002156 0.005656)
(0.004156 0.002156 0.005656)
(0.004219 0.002156 0.005656)
(0.004281 0.002156 0.005656)
(0.004344 0.002156 0.005656)
(0.004406 0.002156 0.005656)
(0.004469 0.002156 0.005656)
(0.004531 0.002156 0.005656)
(0.004594 0.002156 0.005656)
(0.004656 0.002156 0.005656)
(0.004719 0.002156 0.005656)
(0.004781 0.002156 0.005656)
(0.004844 0.002156 0.005656)
(0.004906 0.002156 0.005656)
(0.004969 0.002156 0.005656)
(0.004031 0.002219 0.005656)
(0.004094 0.002219 0.005656)
(0.004156 0.002219 0.005656)
(0.004219 0.002219 0.005656)
(0.004281 0.002219 0.005656)
(0.004344 0.002219 0.005656)
(0.004406 0.002219 0.005656)
(0.004469 0.002219 0.005656)
(0.004531 0.002219 0.005656)
(0.004594 0.002219 0.005656)
(0.004656 0.002219 0.005656)
(0.004719 0.002219 0.005656)
(0.004781 0.002219 0.005656)
(0.004844 0.002219 0.005656)
(0.004906 0.002219 0.005656)
(0.004969 0.002219 0.005656)
(0.004031 0.002281 0.005656)
(0.004094 0.002281 0.005656)
(0.004156 0.002281 0.005656)
(0.004219 0.002281 0.005656)
(0.004281 0.002281 0.005656)
(0.004344 0.002281 0.005656)
(0.004406 0.002281 0.005656)
(0.004469 0.002281 0.005656)
(0.004531 0.002281 0.005656)
(0.004594 0.002281 0.005656)
(0.004656 0.002281 0.005656)
(0.004719 0.002281 0.005656)
(0.004781 0.002281 0.005656)
(0.004844 0.002281 0.005656)
(0.004906 0.002281 0.005656)
(0.004969 0.002281 0.005656)
(0.004031 0.002344 0.005656)
(0.004094 0.002344 0.005656)
(0.004156 0.002344 0.005656)
(0.004219 0.002344 0.005656)
(0.004281 0.002344 0.005656)
(0.004344 0.002344 0.005656)
(0.004406 0.002344 0.005656)
(0.004469 0.002344 0.005656)
(0.004531 0.002344 0.005656)
(0.004594 0.002344 0.005656)
(0.004656 0.002344 0.005656)
(0.004719 0.002344 0.005656)
(0.004781 0.002344 0.005656)
(0.004844 0.002344 0.005656)
(0.004906 0.002344 0.005656)
(0.004969 0.002344 0.005656)
(0.004031 0.001281 0.005719)
(0.004094 0.001281 0.005719)
(0.004156 0.001281 0.005719)
(0.004219 0.001281 0.005719)
(0.004281 0.001281 0.005719)
(0.004344 0.001281 0.005719)
(0.004406 0.001281 0.005719)
(0.004469 0.001281 0.005719)
(0.004531 0.001281 0.005719)
(0.004594 0.001281 0.005719)
(0.004656 0.001281 0.005719)
(0.004719 0.001281 0.005719)
(0.004781 0.001281 0.005719)
(0.004844 0.001281 0.005719)
(0.004906 0.001281 0.005719)
(0.004969 0.001281 0.005719)
(0.004031 0.001344 0.005719)
(0.004094 0.001344 0.005719)
(0.004156 0.001344 0.005719)
(0.004219 0.001344 0.005719)
(0.004281 0.001344 0.005719)
(0.004344 0.001344 0.005719)
(0.004406 0.001344 0.005719)
(0.004469 0.001344 0.005719)
(0.004531 0.001344 0.005719)
(0.004594 0.001344 0.005719)
(0.004656 0.001344 0.005719)
(0.004719 0.001344 0.005719)
(0.004781 0.001344 0.005719)
(0.004844 0.001344 0.005719)
(0.004906 0.001344 0.005719)
(0.004969 0.001344 0.005719)
(0.004031 0.001406 0.005719)
(0.004094 0.001406 0.005719)
(0.004156 0.001406 0.005719)
(0.004219 0.001406 0.005719)
(0.004281 0.001406 0.005719)
(0.004344 0.001406 0.005719)
(0.004406 0.001406 0.005719)
(0.004469 0.001406 0.005719)
(0.004531 0.001406 0.005719)
(0.004594 0.001406 0.005719)
(0.004656 0.001406 0.005719)
(0.004719 0.001406 0.005719)
(0.004781 0.001406 0.005719)
(0.004844 0.001406 0.005719)
(0.004906 0.001406 0.005719)
(0.004969 0.001406 0.005719)
(0.004031 0.001469 0.005719)
(0.004094 0.001469 0.005719)
(0.004156 0.001469 0.005719)
(0.004219 0.001469 0.005719)
(0.004281 0.001469 0.005719)
(0.004344 0.001469 0.005719)
(0.004406 0.001469 0.005719)
(0.004469 0.001469 0.005719)
(0.004531 0.001469 0.005719)
(0.004594 0.001469 0.005719)
(0.004656 0.001469 0.005719)
(0.004719 0.001469 0.005719)
(0.004781 0.001469 0.005719)
(0.004844 0.001469 0.005719)
(0.004906 0.001469 0.005719)
(0.004969 0.001469 0.005719)
(0.004031 0.001531 0.005719)
(0.004094 0.001531 0.005719)
(0.004156 0.001531 0.005719)
(0.004219 0.001531 0.005719)
(0.004281 0.001531 0.005719)
(0.004344 0.001531 0.005719)
(0.004406 0.001531 0.005719)
(0.004469 0.001531 0.005719)
(0.004531 0.001531 0.005719)
(0.004594 0.001531 0.005719)
(0.004656 0.001531 0.005719)
(0.004719 0.001531 0.005719)
(0.004781 0.001531 0.005719)
(0.004844 0.001531 0.005719)
(0.004906 0.001531 0.005719)
(0.004969 0.001531 0.005719)
(0.004031 0.001594 0.005719)
(0.004094 0.001594 0.005719)
(0.004156 0.001594 0.005719)
(0.004219 0.001594 0.005719)
(0.004281 0.001594 0.005719)
(0.004344 0.001594 0.005719)
(0.004406 0.001594 0.005719)
(0.004469 0.001594 0.005719)
(0.004531 0.001594 0.005719)
(0.004594 0.001594 0.005719)
(0.004656 0.001594 0.005719)
(0.004719 0.001594 0.005719)
(0.004781 0.001594 0.005719)
(0.004844 0.001594 0.005719)
(0.004906 0.001594 0.005719)
(0.004969 0.001594 0.005719)
(0.004031 0.001656 0.005719)
(0.004094 0.001656 0.005719)
(0.004156 0.001656 0.005719)
(0.004219 0.001656 0.005719)
(0.004281 0.001656 0.005719)
(0.004344 0.001656 0.005719)
(0.004406 0.001656 0.005719)
(0.004469 0.001656 0.005719)
(0.004531 0.001656 0.005719)
(0.004594 0.001656 0.005719)
(0.004656 0.001656 0.005719)
(0.004719 0.001656 0.005719)
(0.004781 0.001656 0.005719)
(0.004844 0.001656 0.005719)
(0.004906 0.001656 0.005719)
(0.004969 0.001656 0.005719)
(0.004031 0.001719 0.005719)
(0.004094 0.001719 0.005719)
(0.004156 0.001719 0.005719)
(0.004219 0.001719 0.005719)
(0.004281 0.001719 0.005719)
(0.004344 0.001719 0.005719)
(0.004406 0.001719 0.005719)
(0.004469 0.001719 0.005719)
(0.004531 0.001719 0.005719)
(0.004594 0.001719 0.005719)
(0.004656 0.001719 0.005719)
(0.004719 0.001719 0.005719)
(0.004781 0.001719 0.005719)
(0.004844 0.001719 0.005719)
(0.004906 0.001719 0.005719)
(0.004969 0.001719 0.005719)
(0.004031 0.001781 0.005719)
(0.004094 0.001781 0.005719)
(0.004156 0.001781 0.005719)
(0.004219 0.001781 0.005719)
(0.004281 0.001781 0.005719)
(0.004344 0.001781 0.005719)
(0.004406 0.001781 0.005719)
(0.004469 0.001781 0.005719)
(0.004531 0.001781 0.005719)
(0.004594 0.001781 0.005719)
(0.004656 0.001781 0.005719)
(0.004719 0.001781 0.005719)
(0.004781 0.001781 0.005719)
(0.004844 0.001781 0.005719)
(0.004906 0.001781 0.005719)
(0.004969 0.001781 0.005719)
(0.004031 0.001844 0.005719)
(0.004094 0.001844 0.005719)
(0.004156 0.001844 0.005719)
(0.004219 0.001844 0.005719)
(0.004281 0.001844 0.005719)
(0.004344 0.001844 0.005719)
(0.004406 0.001844 0.005719)
(0.004469 0.001844 0.005719)
(0.004531 0.001844 0.005719)
(0.004594 0.001844 0.005719)
(0.004656 0.001844 0.005719)
(0.004719 0.001844 0.005719)
(0.004781 0.001844 0.005719)
(0.004844 0.001844 0.005719)
(0.004906 0.001844 0.005719)
(0.004969 0.001844 0.005719)
(0.004031 0.001906 0.005719)
(0.004094 0.001906 0.005719)
(0.004156 0.001906 0.005719)
(0.004219 0.001906 0.005719)
(0.004281 0.001906 0.005719)
(0.004344 0.001906 0.005719)
(0.004406 0.001906 0.005719)
(0.004469 0.001906 0.005719)
(0.004531 0.001906 0.005719)
(0.004594 0.001906 0.005719)
(0.004656 0.001906 0.005719)
(0.004719 0.001906 0.005719)
(0.004781 0.001906 0.005719)
(0.004844 0.001906 0.005719)
(0.004906 0.001906 0.005719)
(0.004969 0.001906 0.005719)
(0.004031 0.001969 0.005719)
(0.004094 0.001969 0.005719)
(0.004156 0.001969 0.005719)
(0.004219 0.001969 0.005719)
(0.004281 0.001969 0.005719)
(0.004344 0.001969 0.005719)
(0.004406 0.001969 0.005719)
(0.004469 0.001969 0.005719)
(0.004531 0.001969 0.005719)
(0.004594 0.001969 0.005719)
(0.004656 0.001969 0.005719)
(0.004719 0.001969 0.005719)
(0.004781 0.001969 0.005719)
(0.004844 0.001969 0.005719)
(0.004906 0.001969 0.005719)
(0.004969 0.001969 0.005719)
(0.004031 0.002031 0.005719)
(0.004094 0.002031 0.005719)
(0.004156 0.002031 0.005719)
(0.004219 0.002031 0.005719)
(0.004281 0.002031 0.005719)
(0.004344 0.002031 0.005719)
(0.004406 0.002031 0.005719)
(0.004469 0.002031 0.005719)
(0.004531 0.002031 0.005719)
(0.004594 0.002031 0.005719)
(0.004656 0.002031 0.005719)
(0.004719 0.002031 0.005719)
(0.004781 0.002031 0.005719)
(0.004844 0.002031 0.005719)
(0.004906 0.002031 0.005719)
(0.004969 0.002031 0.005719)
(0.004031 0.002094 0.005719)
(0.004094 0.002094 0.005719)
(0.004156 0.002094 0.005719)
(0.004219 0.002094 0.005719)
(0.004281 0.002094 0.005719)
(0.004344 0.002094 0.005719)
(0.004406 0.002094 0.005719)
(0.004469 0.002094 0.005719)
(0.004531 0.002094 0.005719)
(0.004594 0.002094 0.005719)
(0.004656 0.002094 0.005719)
(0.004719 0.002094 0.005719)
(0.004781 0.002094 0.005719)
(0.004844 0.002094 0.005719)
(0.004906 0.002094 0.005719)
(0.004969 0.002094 0.005719)
(0.004031 0.002156 0.005719)
(0.004094 0.002156 0.005719)
(0.004156 0.002156 0.005719)
(0.004219 0.002156 0.005719)
(0.004281 0.002156 0.005719)
(0.004344 0.002156 0.005719)
(0.004406 0.002156 0.005719)
(0.004469 0.002156 0.005719)
(0.004531 0.002156 0.005719)
(0.004594 0.002156 0.005719)
(0.004656 0.002156 0.005719)
(0.004719 0.002156 0.005719)
(0.004781 0.002156 0.005719)
(0.004844 0.002156 0.005719)
(0.004906 0.002156 0.005719)
(0.004969 0.002156 0.005719)
(0.004031 0.002219 0.005719)
(0.004094 0.002219 0.005719)
(0.004156 0.002219 0.005719)
(0.004219 0.002219 0.005719)
(0.004281 0.002219 0.005719)
(0.004344 0.002219 0.005719)
(0.004406 0.002219 0.005719)
(0.004469 0.002219 0.005719)
(0.004531 0.002219 0.005719)
(0.004594 0.002219 0.005719)
(0.004656 0.002219 0.005719)
(0.004719 0.002219 0.005719)
(0.004781 0.002219 0.005719)
(0.004844 0.002219 0.005719)
(0.004906 0.002219 0.005719)
(0.004969 0.002219 0.005719)
(0.004031 0.002281 0.005719)
(0.004094 0.002281 0.005719)
(0.004156 0.002281 0.005719)
(0.004219 0.002281 0.005719)
(0.004281 0.002281 0.005719)
(0.004344 0.002281 0.005719)
(0.004406 0.002281 0.005719)
(0.004469 0.002281 0.005719)
(0.004531 0.002281 0.005719)
(0.004594 0.002281 0.005719)
(0.004656 0.002281 0.005719)
(0.004719 0.002281 0.005719)
(0.004781 0.002281 0.005719)
(0.004844 0.002281 0.005719)
(0.004906 0.002281 0.005719)
(0.004969 0.002281 0.005719)
(0.004031 0.002344 0.005719)
(0.004094 0.002344 0.005719)
(0.004156 0.002344 0.005719)
(0.004219 0.002344 0.005719)
(0.004281 0.002344 0.005719)
(0.004344 0.002344 0.005719)
(0.004406 0.002344 0.005719)
(0.004469 0.002344 0.005719)
(0.004531 0.002344 0.005719)
(0.004594 0.002344 0.005719)
(0.004656 0.002344 0.005719)
(0.004719 0.002344 0.005719)
(0.004781 0.002344 0.005719)
(0.004844 0.002344 0.005719)
(0.004906 0.002344 0.005719)
(0.004969 0.002344 0.005719)
(0.004031 0.001281 0.005781)
(0.004094 0.001281 0.005781)
(0.004156 0.001281 0.005781)
(0.004219 0.001281 0.005781)
(0.004281 0.001281 0.005781)
(0.004344 0.001281 0.005781)
(0.004406 0.001281 0.005781)
(0.004469 0.001281 0.005781)
(0.004531 0.001281 0.005781)
(0.004594 0.001281 0.005781)
(0.004656 0.001281 0.005781)
(0.004719 0.001281 0.005781)
(0.004781 0.001281 0.005781)
(0.004844 0.001281 0.005781)
(0.004906 0.001281 0.005781)
(0.004969 0.001281 0.005781)
(0.004031 0.001344 0.005781)
(0.004094 0.001344 0.005781)
(0.004156 0.001344 0.005781)
(0.004219 0.001344 0.005781)
(0.004281 0.001344 0.005781)
(0.004344 0.001344 0.005781)
(0.004406 0.001344 0.005781)
(0.004469 0.001344 0.005781)
(0.004531 0.001344 0.005781)
(0.004594 0.001344 0.005781)
(0.004656 0.001344 0.005781)
(0.004719 0.001344 0.005781)
(0.004781 0.001344 0.005781)
(0.004844 0.001344 0.005781)
(0.004906 0.001344 0.005781)
(0.004969 0.001344 0.005781)
(0.004031 0.001406 0.005781)
(0.004094 0.001406 0.005781)
(0.004156 0.001406 0.005781)
(0.004219 0.001406 0.005781)
(0.004281 0.001406 0.005781)
(0.004344 0.001406 0.005781)
(0.004406 0.001406 0.005781)
(0.004469 0.001406 0.005781)
(0.004531 0.001406 0.005781)
(0.004594 0.001406 0.005781)
(0.004656 0.001406 0.005781)
(0.004719 0.001406 0.005781)
(0.004781 0.001406 0.005781)
(0.004844 0.001406 0.005781)
(0.004906 0.001406 0.005781)
(0.004969 0.001406 0.005781)
(0.004031 0.001469 0.005781)
(0.004094 0.001469 0.005781)
(0.004156 0.001469 0.005781)
(0.004219 0.001469 0.005781)
(0.004281 0.001469 0.005781)
(0.004344 0.001469 0.005781)
(0.004406 0.001469 0.005781)
(0.004469 0.001469 0.005781)
(0.004531 0.001469 0.005781)
(0.004594 0.001469 0.005781)
(0.004656 0.001469 0.005781)
(0.004719 0.001469 0.005781)
(0.004781 0.001469 0.005781)
(0.004844 0.001469 0.005781)
(0.004906 0.001469 0.005781)
(0.004969 0.001469 0.005781)
(0.004031 0.001531 0.005781)
(0.004094 0.001531 0.005781)
(0.004156 0.001531 0.005781)
(0.004219 0.001531 0.005781)
(0.004281 0.001531 0.005781)
(0.004344 0.001531 0.005781)
(0.004406 0.001531 0.005781)
(0.004469 0.001531 0.005781)
(0.004531 0.001531 0.005781)
(0.004594 0.001531 0.005781)
(0.004656 0.001531 0.005781)
(0.004719 0.001531 0.005781)
(0.004781 0.001531 0.005781)
(0.004844 0.001531 0.005781)
(0.004906 0.001531 0.005781)
(0.004969 0.001531 0.005781)
(0.004031 0.001594 0.005781)
(0.004094 0.001594 0.005781)
(0.004156 0.001594 0.005781)
(0.004219 0.001594 0.005781)
(0.004281 0.001594 0.005781)
(0.004344 0.001594 0.005781)
(0.004406 0.001594 0.005781)
(0.004469 0.001594 0.005781)
(0.004531 0.001594 0.005781)
(0.004594 0.001594 0.005781)
(0.004656 0.001594 0.005781)
(0.004719 0.001594 0.005781)
(0.004781 0.001594 0.005781)
(0.004844 0.001594 0.005781)
(0.004906 0.001594 0.005781)
(0.004969 0.001594 0.005781)
(0.004031 0.001656 0.005781)
(0.004094 0.001656 0.005781)
(0.004156 0.001656 0.005781)
(0.004219 0.001656 0.005781)
(0.004281 0.001656 0.005781)
(0.004344 0.001656 0.005781)
(0.004406 0.001656 0.005781)
(0.004469 0.001656 0.005781)
(0.004531 0.001656 0.005781)
(0.004594 0.001656 0.005781)
(0.004656 0.001656 0.005781)
(0.004719 0.001656 0.005781)
(0.004781 0.001656 0.005781)
(0.004844 0.001656 0.005781)
(0.004906 0.001656 0.005781)
(0.004969 0.001656 0.005781)
(0.004031 0.001719 0.005781)
(0.004094 0.001719 0.005781)
(0.004156 0.001719 0.005781)
(0.004219 0.001719 0.005781)
(0.004281 0.001719 0.005781)
(0.004344 0.001719 0.005781)
(0.004406 0.001719 0.005781)
(0.004469 0.001719 0.005781)
(0.004531 0.001719 0.005781)
(0.004594 0.001719 0.005781)
(0.004656 0.001719 0.005781)
(0.004719 0.001719 0.005781)
(0.004781 0.001719 0.005781)
(0.004844 0.001719 0.005781)
(0.004906 0.001719 0.005781)
(0.004969 0.001719 0.005781)
(0.004031 0.001781 0.005781)
(0.004094 0.001781 0.005781)
(0.004156 0.001781 0.005781)
(0.004219 0.001781 0.005781)
(0.004281 0.001781 0.005781)
(0.004344 0.001781 0.005781)
(0.004406 0.001781 0.005781)
(0.004469 0.001781 0.005781)
(0.004531 0.001781 0.005781)
(0.004594 0.001781 0.005781)
(0.004656 0.001781 0.005781)
(0.004719 0.001781 0.005781)
(0.004781 0.001781 0.005781)
(0.004844 0.001781 0.005781)
(0.004906 0.001781 0.005781)
(0.004969 0.001781 0.005781)
(0.004031 0.001844 0.005781)
(0.004094 0.001844 0.005781)
(0.004156 0.001844 0.005781)
(0.004219 0.001844 0.005781)
(0.004281 0.001844 0.005781)
(0.004344 0.001844 0.005781)
(0.004406 0.001844 0.005781)
(0.004469 0.001844 0.005781)
(0.004531 0.001844 0.005781)
(0.004594 0.001844 0.005781)
(0.004656 0.001844 0.005781)
(0.004719 0.001844 0.005781)
(0.004781 0.001844 0.005781)
(0.004844 0.001844 0.005781)
(0.004906 0.001844 0.005781)
(0.004969 0.001844 0.005781)
(0.004031 0.001906 0.005781)
(0.004094 0.001906 0.005781)
(0.004156 0.001906 0.005781)
(0.004219 0.001906 0.005781)
(0.004281 0.001906 0.005781)
(0.004344 0.001906 0.005781)
(0.004406 0.001906 0.005781)
(0.004469 0.001906 0.005781)
(0.004531 0.001906 0.005781)
(0.004594 0.001906 0.005781)
(0.004656 0.001906 0.005781)
(0.004719 0.001906 0.005781)
(0.004781 0.001906 0.005781)
(0.004844 0.001906 0.005781)
(0.004906 0.001906 0.005781)
(0.004969 0.001906 0.005781)
(0.004031 0.001969 0.005781)
(0.004094 0.001969 0.005781)
(0.004156 0.001969 0.005781)
(0.004219 0.001969 0.005781)
(0.004281 0.001969 0.005781)
(0.004344 0.001969 0.005781)
(0.004406 0.001969 0.005781)
(0.004469 0.001969 0.005781)
(0.004531 0.001969 0.005781)
(0.004594 0.001969 0.005781)
(0.004656 0.001969 0.005781)
(0.004719 0.001969 0.005781)
(0.004781 0.001969 0.005781)
(0.004844 0.001969 0.005781)
(0.004906 0.001969 0.005781)
(0.004969 0.001969 0.005781)
(0.004031 0.002031 0.005781)
(0.004094 0.002031 0.005781)
(0.004156 0.002031 0.005781)
(0.004219 0.002031 0.005781)
(0.004281 0.002031 0.005781)
(0.004344 0.002031 0.005781)
(0.004406 0.002031 0.005781)
(0.004469 0.002031 0.005781)
(0.004531 0.002031 0.005781)
(0.004594 0.002031 0.005781)
(0.004656 0.002031 0.005781)
(0.004719 0.002031 0.005781)
(0.004781 0.002031 0.005781)
(0.004844 0.002031 0.005781)
(0.004906 0.002031 0.005781)
(0.004969 0.002031 0.005781)
(0.004031 0.002094 0.005781)
(0.004094 0.002094 0.005781)
(0.004156 0.002094 0.005781)
(0.004219 0.002094 0.005781)
(0.004281 0.002094 0.005781)
(0.004344 0.002094 0.005781)
(0.004406 0.002094 0.005781)
(0.004469 0.002094 0.005781)
(0.004531 0.002094 0.005781)
(0.004594 0.002094 0.005781)
(0.004656 0.002094 0.005781)
(0.004719 0.002094 0.005781)
(0.004781 0.002094 0.005781)
(0.004844 0.002094 0.005781)
(0.004906 0.002094 0.005781)
(0.004969 0.002094 0.005781)
(0.004031 0.002156 0.005781)
(0.004094 0.002156 0.005781)
(0.004156 0.002156 0.005781)
(0.004219 0.002156 0.005781)
(0.004281 0.002156 0.005781)
(0.004344 0.002156 0.005781)
(0.004406 0.002156 0.005781)
(0.004469 0.002156 0.005781)
(0.004531 0.002156 0.005781)
(0.004594 0.002156 0.005781)
(0.004656 0.002156 0.005781)
(0.004719 0.002156 0.005781)
(0.004781 0.002156 0.005781)
(0.004844 0.002156 0.005781)
(0.004906 0.002156 0.005781)
(0.004969 0.002156 0.005781)
(0.004031 0.002219 0.005781)
(0.004094 0.002219 0.005781)
(0.004156 0.002219 0.005781)
(0.004219 0.002219 0.005781)
(0.004281 0.002219 0.005781)
(0.004344 0.002219 0.005781)
(0.004406 0.002219 0.005781)
(0.004469 0.002219 0.005781)
(0.004531 0.002219 0.005781)
(0.004594 0.002219 0.005781)
(0.004656 0.002219 0.005781)
(0.004719 0.002219 0.005781)
(0.004781 0.002219 0.005781)
(0.004844 0.002219 0.005781)
(0.004906 0.002219 0.005781)
(0.004969 0.002219 0.005781)
(0.004031 0.002281 0.005781)
(0.004094 0.002281 0.005781)
(0.004156 0.002281 0.005781)
(0.004219 0.002281 0.005781)
(0.004281 0.002281 0.005781)
(0.004344 0.002281 0.005781)
(0.004406 0.002281 0.005781)
(0.004469 0.002281 0.005781)
(0.004531 0.002281 0.005781)
(0.004594 0.002281 0.005781)
(0.004656 0.002281 0.005781)
(0.004719 0.002281 0.005781)
(0.004781 0.002281 0.005781)
(0.004844 0.002281 0.005781)
(0.004906 0.002281 0.005781)
(0.004969 0.002281 0.005781)
(0.004031 0.002344 0.005781)
(0.004094 0.002344 0.005781)
(0.004156 0.002344 0.005781)
(0.004219 0.002344 0.005781)
(0.004281 0.002344 0.005781)
(0.004344 0.002344 0.005781)
(0.004406 0.002344 0.005781)
(0.004469 0.002344 0.005781)
(0.004531 0.002344 0.005781)
(0.004594 0.002344 0.005781)
(0.004656 0.002344 0.005781)
(0.004719 0.002344 0.005781)
(0.004781 0.002344 0.005781)
(0.004844 0.002344 0.005781)
(0.004906 0.002344 0.005781)
(0.004969 0.002344 0.005781)
(0.004031 0.001281 0.005844)
(0.004094 0.001281 0.005844)
(0.004156 0.001281 0.005844)
(0.004219 0.001281 0.005844)
(0.004281 0.001281 0.005844)
(0.004344 0.001281 0.005844)
(0.004406 0.001281 0.005844)
(0.004469 0.001281 0.005844)
(0.004531 0.001281 0.005844)
(0.004594 0.001281 0.005844)
(0.004656 0.001281 0.005844)
(0.004719 0.001281 0.005844)
(0.004781 0.001281 0.005844)
(0.004844 0.001281 0.005844)
(0.004906 0.001281 0.005844)
(0.004969 0.001281 0.005844)
(0.004031 0.001344 0.005844)
(0.004094 0.001344 0.005844)
(0.004156 0.001344 0.005844)
(0.004219 0.001344 0.005844)
(0.004281 0.001344 0.005844)
(0.004344 0.001344 0.005844)
(0.004406 0.001344 0.005844)
(0.004469 0.001344 0.005844)
(0.004531 0.001344 0.005844)
(0.004594 0.001344 0.005844)
(0.004656 0.001344 0.005844)
(0.004719 0.001344 0.005844)
(0.004781 0.001344 0.005844)
(0.004844 0.001344 0.005844)
(0.004906 0.001344 0.005844)
(0.004969 0.001344 0.005844)
(0.004031 0.001406 0.005844)
(0.004094 0.001406 0.005844)
(0.004156 0.001406 0.005844)
(0.004219 0.001406 0.005844)
(0.004281 0.001406 0.005844)
(0.004344 0.001406 0.005844)
(0.004406 0.001406 0.005844)
(0.004469 0.001406 0.005844)
(0.004531 0.001406 0.005844)
(0.004594 0.001406 0.005844)
(0.004656 0.001406 0.005844)
(0.004719 0.001406 0.005844)
(0.004781 0.001406 0.005844)
(0.004844 0.001406 0.005844)
(0.004906 0.001406 0.005844)
(0.004969 0.001406 0.005844)
(0.004031 0.001469 0.005844)
(0.004094 0.001469 0.005844)
(0.004156 0.001469 0.005844)
(0.004219 0.001469 0.005844)
(0.004281 0.001469 0.005844)
(0.004344 0.001469 0.005844)
(0.004406 0.001469 0.005844)
(0.004469 0.001469 0.005844)
(0.004531 0.001469 0.005844)
(0.004594 0.001469 0.005844)
(0.004656 0.001469 0.005844)
(0.004719 0.001469 0.005844)
(0.004781 0.001469 0.005844)
(0.004844 0.001469 0.005844)
(0.004906 0.001469 0.005844)
(0.004969 0.001469 0.005844)
(0.004031 0.001531 0.005844)
(0.004094 0.001531 0.005844)
(0.004156 0.001531 0.005844)
(0.004219 0.001531 0.005844)
(0.004281 0.001531 0.005844)
(0.004344 0.001531 0.005844)
(0.004406 0.001531 0.005844)
(0.004469 0.001531 0.005844)
(0.004531 0.001531 0.005844)
(0.004594 0.001531 0.005844)
(0.004656 0.001531 0.005844)
(0.004719 0.001531 0.005844)
(0.004781 0.001531 0.005844)
(0.004844 0.001531 0.005844)
(0.004906 0.001531 0.005844)
(0.004969 0.001531 0.005844)
(0.004031 0.001594 0.005844)
(0.004094 0.001594 0.005844)
(0.004156 0.001594 0.005844)
(0.004219 0.001594 0.005844)
(0.004281 0.001594 0.005844)
(0.004344 0.001594 0.005844)
(0.004406 0.001594 0.005844)
(0.004469 0.001594 0.005844)
(0.004531 0.001594 0.005844)
(0.004594 0.001594 0.005844)
(0.004656 0.001594 0.005844)
(0.004719 0.001594 0.005844)
(0.004781 0.001594 0.005844)
(0.004844 0.001594 0.005844)
(0.004906 0.001594 0.005844)
(0.004969 0.001594 0.005844)
(0.004031 0.001656 0.005844)
(0.004094 0.001656 0.005844)
(0.004156 0.001656 0.005844)
(0.004219 0.001656 0.005844)
(0.004281 0.001656 0.005844)
(0.004344 0.001656 0.005844)
(0.004406 0.001656 0.005844)
(0.004469 0.001656 0.005844)
(0.004531 0.001656 0.005844)
(0.004594 0.001656 0.005844)
(0.004656 0.001656 0.005844)
(0.004719 0.001656 0.005844)
(0.004781 0.001656 0.005844)
(0.004844 0.001656 0.005844)
(0.004906 0.001656 0.005844)
(0.004969 0.001656 0.005844)
(0.004031 0.001719 0.005844)
(0.004094 0.001719 0.005844)
(0.004156 0.001719 0.005844)
(0.004219 0.001719 0.005844)
(0.004281 0.001719 0.005844)
(0.004344 0.001719 0.005844)
(0.004406 0.001719 0.005844)
(0.004469 0.001719 0.005844)
(0.004531 0.001719 0.005844)
(0.004594 0.001719 0.005844)
(0.004656 0.001719 0.005844)
(0.004719 0.001719 0.005844)
(0.004781 0.001719 0.005844)
(0.004844 0.001719 0.005844)
(0.004906 0.001719 0.005844)
(0.004969 0.001719 0.005844)
(0.004031 0.001781 0.005844)
(0.004094 0.001781 0.005844)
(0.004156 0.001781 0.005844)
(0.004219 0.001781 0.005844)
(0.004281 0.001781 0.005844)
(0.004344 0.001781 0.005844)
(0.004406 0.001781 0.005844)
(0.004469 0.001781 0.005844)
(0.004531 0.001781 0.005844)
(0.004594 0.001781 0.005844)
(0.004656 0.001781 0.005844)
(0.004719 0.001781 0.005844)
(0.004781 0.001781 0.005844)
(0.004844 0.001781 0.005844)
(0.004906 0.001781 0.005844)
(0.004969 0.001781 0.005844)
(0.004031 0.001844 0.005844)
(0.004094 0.001844 0.005844)
(0.004156 0.001844 0.005844)
(0.004219 0.001844 0.005844)
(0.004281 0.001844 0.005844)
(0.004344 0.001844 0.005844)
(0.004406 0.001844 0.005844)
(0.004469 0.001844 0.005844)
(0.004531 0.001844 0.005844)
(0.004594 0.001844 0.005844)
(0.004656 0.001844 0.005844)
(0.004719 0.001844 0.005844)
(0.004781 0.001844 0.005844)
(0.004844 0.001844 0.005844)
(0.004906 0.001844 0.005844)
(0.004969 0.001844 0.005844)
(0.004031 0.001906 0.005844)
(0.004094 0.001906 0.005844)
(0.004156 0.001906 0.005844)
(0.004219 0.001906 0.005844)
(0.004281 0.001906 0.005844)
(0.004344 0.001906 0.005844)
(0.004406 0.001906 0.005844)
(0.004469 0.001906 0.005844)
(0.004531 0.001906 0.005844)
(0.004594 0.001906 0.005844)
(0.004656 0.001906 0.005844)
(0.004719 0.001906 0.005844)
(0.004781 0.001906 0.005844)
(0.004844 0.001906 0.005844)
(0.004906 0.001906 0.005844)
(0.004969 0.001906 0.005844)
(0.004031 0.001969 0.005844)
(0.004094 0.001969 0.005844)
(0.004156 0.001969 0.005844)
(0.004219 0.001969 0.005844)
(0.004281 0.001969 0.005844)
(0.004344 0.001969 0.005844)
(0.004406 0.001969 0.005844)
(0.004469 0.001969 0.005844)
(0.004531 0.001969 0.005844)
(0.004594 0.001969 0.005844)
(0.004656 0.001969 0.005844)
(0.004719 0.001969 0.005844)
(0.004781 0.001969 0.005844)
(0.004844 0.001969 0.005844)
(0.004906 0.001969 0.005844)
(0.004969 0.001969 0.005844)
(0.004031 0.002031 0.005844)
(0.004094 0.002031 0.005844)
(0.004156 0.002031 0.005844)
(0.004219 0.002031 0.005844)
(0.004281 0.002031 0.005844)
(0.004344 0.002031 0.005844)
(0.004406 0.002031 0.005844)
(0.004469 0.002031 0.005844)
(0.004531 0.002031 0.005844)
(0.004594 0.002031 0.005844)
(0.004656 0.002031 0.005844)
(0.004719 0.002031 0.005844)
(0.004781 0.002031 0.005844)
(0.004844 0.002031 0.005844)
(0.004906 0.002031 0.005844)
(0.004969 0.002031 0.005844)
(0.004031 0.002094 0.005844)
(0.004094 0.002094 0.005844)
(0.004156 0.002094 0.005844)
(0.004219 0.002094 0.005844)
(0.004281 0.002094 0.005844)
(0.004344 0.002094 0.005844)
(0.004406 0.002094 0.005844)
(0.004469 0.002094 0.005844)
(0.004531 0.002094 0.005844)
(0.004594 0.002094 0.005844)
(0.004656 0.002094 0.005844)
(0.004719 0.002094 0.005844)
(0.004781 0.002094 0.005844)
(0.004844 0.002094 0.005844)
(0.004906 0.002094 0.005844)
(0.004969 0.002094 0.005844)
(0.004031 0.002156 0.005844)
(0.004094 0.002156 0.005844)
(0.004156 0.002156 0.005844)
(0.004219 0.002156 0.005844)
(0.004281 0.002156 0.005844)
(0.004344 0.002156 0.005844)
(0.004406 0.002156 0.005844)
(0.004469 0.002156 0.005844)
(0.004531 0.002156 0.005844)
(0.004594 0.002156 0.005844)
(0.004656 0.002156 0.005844)
(0.004719 0.002156 0.005844)
(0.004781 0.002156 0.005844)
(0.004844 0.002156 0.005844)
(0.004906 0.002156 0.005844)
(0.004969 0.002156 0.005844)
(0.004031 0.002219 0.005844)
(0.004094 0.002219 0.005844)
(0.004156 0.002219 0.005844)
(0.004219 0.002219 0.005844)
(0.004281 0.002219 0.005844)
(0.004344 0.002219 0.005844)
(0.004406 0.002219 0.005844)
(0.004469 0.002219 0.005844)
(0.004531 0.002219 0.005844)
(0.004594 0.002219 0.005844)
(0.004656 0.002219 0.005844)
(0.004719 0.002219 0.005844)
(0.004781 0.002219 0.005844)
(0.004844 0.002219 0.005844)
(0.004906 0.002219 0.005844)
(0.004969 0.002219 0.005844)
(0.004031 0.002281 0.005844)
(0.004094 0.002281 0.005844)
(0.004156 0.002281 0.005844)
(0.004219 0.002281 0.005844)
(0.004281 0.002281 0.005844)
(0.004344 0.002281 0.005844)
(0.004406 0.002281 0.005844)
(0.004469 0.002281 0.005844)
(0.004531 0.002281 0.005844)
(0.004594 0.002281 0.005844)
(0.004656 0.002281 0.005844)
(0.004719 0.002281 0.005844)
(0.004781 0.002281 0.005844)
(0.004844 0.002281 0.005844)
(0.004906 0.002281 0.005844)
(0.004969 0.002281 0.005844)
(0.004031 0.002344 0.005844)
(0.004094 0.002344 0.005844)
(0.004156 0.002344 0.005844)
(0.004219 0.002344 0.005844)
(0.004281 0.002344 0.005844)
(0.004344 0.002344 0.005844)
(0.004406 0.002344 0.005844)
(0.004469 0.002344 0.005844)
(0.004531 0.002344 0.005844)
(0.004594 0.002344 0.005844)
(0.004656 0.002344 0.005844)
(0.004719 0.002344 0.005844)
(0.004781 0.002344 0.005844)
(0.004844 0.002344 0.005844)
(0.004906 0.002344 0.005844)
(0.004969 0.002344 0.005844)
(0.004031 0.001281 0.005906)
(0.004094 0.001281 0.005906)
(0.004156 0.001281 0.005906)
(0.004219 0.001281 0.005906)
(0.004281 0.001281 0.005906)
(0.004344 0.001281 0.005906)
(0.004406 0.001281 0.005906)
(0.004469 0.001281 0.005906)
(0.004531 0.001281 0.005906)
(0.004594 0.001281 0.005906)
(0.004656 0.001281 0.005906)
(0.004719 0.001281 0.005906)
(0.004781 0.001281 0.005906)
(0.004844 0.001281 0.005906)
(0.004906 0.001281 0.005906)
(0.004969 0.001281 0.005906)
(0.004031 0.001344 0.005906)
(0.004094 0.001344 0.005906)
(0.004156 0.001344 0.005906)
(0.004219 0.001344 0.005906)
(0.004281 0.001344 0.005906)
(0.004344 0.001344 0.005906)
(0.004406 0.001344 0.005906)
(0.004469 0.001344 0.005906)
(0.004531 0.001344 0.005906)
(0.004594 0.001344 0.005906)
(0.004656 0.001344 0.005906)
(0.004719 0.001344 0.005906)
(0.004781 0.001344 0.005906)
(0.004844 0.001344 0.005906)
(0.004906 0.001344 0.005906)
(0.004969 0.001344 0.005906)
(0.004031 0.001406 0.005906)
(0.004094 0.001406 0.005906)
(0.004156 0.001406 0.005906)
(0.004219 0.001406 0.005906)
(0.004281 0.001406 0.005906)
(0.004344 0.001406 0.005906)
(0.004406 0.001406 0.005906)
(0.004469 0.001406 0.005906)
(0.004531 0.001406 0.005906)
(0.004594 0.001406 0.005906)
(0.004656 0.001406 0.005906)
(0.004719 0.001406 0.005906)
(0.004781 0.001406 0.005906)
(0.004844 0.001406 0.005906)
(0.004906 0.001406 0.005906)
(0.004969 0.001406 0.005906)
(0.004031 0.001469 0.005906)
(0.004094 0.001469 0.005906)
(0.004156 0.001469 0.005906)
(0.004219 0.001469 0.005906)
(0.004281 0.001469 0.005906)
(0.004344 0.001469 0.005906)
(0.004406 0.001469 0.005906)
(0.004469 0.001469 0.005906)
(0.004531 0.001469 0.005906)
(0.004594 0.001469 0.005906)
(0.004656 0.001469 0.005906)
(0.004719 0.001469 0.005906)
(0.004781 0.001469 0.005906)
(0.004844 0.001469 0.005906)
(0.004906 0.001469 0.005906)
(0.004969 0.001469 0.005906)
(0.004031 0.001531 0.005906)
(0.004094 0.001531 0.005906)
(0.004156 0.001531 0.005906)
(0.004219 0.001531 0.005906)
(0.004281 0.001531 0.005906)
(0.004344 0.001531 0.005906)
(0.004406 0.001531 0.005906)
(0.004469 0.001531 0.005906)
(0.004531 0.001531 0.005906)
(0.004594 0.001531 0.005906)
(0.004656 0.001531 0.005906)
(0.004719 0.001531 0.005906)
(0.004781 0.001531 0.005906)
(0.004844 0.001531 0.005906)
(0.004906 0.001531 0.005906)
(0.004969 0.001531 0.005906)
(0.004031 0.001594 0.005906)
(0.004094 0.001594 0.005906)
(0.004156 0.001594 0.005906)
(0.004219 0.001594 0.005906)
(0.004281 0.001594 0.005906)
(0.004344 0.001594 0.005906)
(0.004406 0.001594 0.005906)
(0.004469 0.001594 0.005906)
(0.004531 0.001594 0.005906)
(0.004594 0.001594 0.005906)
(0.004656 0.001594 0.005906)
(0.004719 0.001594 0.005906)
(0.004781 0.001594 0.005906)
(0.004844 0.001594 0.005906)
(0.004906 0.001594 0.005906)
(0.004969 0.001594 0.005906)
(0.004031 0.001656 0.005906)
(0.004094 0.001656 0.005906)
(0.004156 0.001656 0.005906)
(0.004219 0.001656 0.005906)
(0.004281 0.001656 0.005906)
(0.004344 0.001656 0.005906)
(0.004406 0.001656 0.005906)
(0.004469 0.001656 0.005906)
(0.004531 0.001656 0.005906)
(0.004594 0.001656 0.005906)
(0.004656 0.001656 0.005906)
(0.004719 0.001656 0.005906)
(0.004781 0.001656 0.005906)
(0.004844 0.001656 0.005906)
(0.004906 0.001656 0.005906)
(0.004969 0.001656 0.005906)
(0.004031 0.001719 0.005906)
(0.004094 0.001719 0.005906)
(0.004156 0.001719 0.005906)
(0.004219 0.001719 0.005906)
(0.004281 0.001719 0.005906)
(0.004344 0.001719 0.005906)
(0.004406 0.001719 0.005906)
(0.004469 0.001719 0.005906)
(0.004531 0.001719 0.005906)
(0.004594 0.001719 0.005906)
(0.004656 0.001719 0.005906)
(0.004719 0.001719 0.005906)
(0.004781 0.001719 0.005906)
(0.004844 0.001719 0.005906)
(0.004906 0.001719 0.005906)
(0.004969 0.001719 0.005906)
(0.004031 0.001781 0.005906)
(0.004094 0.001781 0.005906)
(0.004156 0.001781 0.005906)
(0.004219 0.001781 0.005906)
(0.004281 0.001781 0.005906)
(0.004344 0.001781 0.005906)
(0.004406 0.001781 0.005906)
(0.004469 0.001781 0.005906)
(0.004531 0.001781 0.005906)
(0.004594 0.001781 0.005906)
(0.004656 0.001781 0.005906)
(0.004719 0.001781 0.005906)
(0.004781 0.001781 0.005906)
(0.004844 0.001781 0.005906)
(0.004906 0.001781 0.005906)
(0.004969 0.001781 0.005906)
(0.004031 0.001844 0.005906)
(0.004094 0.001844 0.005906)
(0.004156 0.001844 0.005906)
(0.004219 0.001844 0.005906)
(0.004281 0.001844 0.005906)
(0.004344 0.001844 0.005906)
(0.004406 0.001844 0.005906)
(0.004469 0.001844 0.005906)
(0.004531 0.001844 0.005906)
(0.004594 0.001844 0.005906)
(0.004656 0.001844 0.005906)
(0.004719 0.001844 0.005906)
(0.004781 0.001844 0.005906)
(0.004844 0.001844 0.005906)
(0.004906 0.001844 0.005906)
(0.004969 0.001844 0.005906)
(0.004031 0.001906 0.005906)
(0.004094 0.001906 0.005906)
(0.004156 0.001906 0.005906)
(0.004219 0.001906 0.005906)
(0.004281 0.001906 0.005906)
(0.004344 0.001906 0.005906)
(0.004406 0.001906 0.005906)
(0.004469 0.001906 0.005906)
(0.004531 0.001906 0.005906)
(0.004594 0.001906 0.005906)
(0.004656 0.001906 0.005906)
(0.004719 0.001906 0.005906)
(0.004781 0.001906 0.005906)
(0.004844 0.001906 0.005906)
(0.004906 0.001906 0.005906)
(0.004969 0.001906 0.005906)
(0.004031 0.001969 0.005906)
(0.004094 0.001969 0.005906)
(0.004156 0.001969 0.005906)
(0.004219 0.001969 0.005906)
(0.004281 0.001969 0.005906)
(0.004344 0.001969 0.005906)
(0.004406 0.001969 0.005906)
(0.004469 0.001969 0.005906)
(0.004531 0.001969 0.005906)
(0.004594 0.001969 0.005906)
(0.004656 0.001969 0.005906)
(0.004719 0.001969 0.005906)
(0.004781 0.001969 0.005906)
(0.004844 0.001969 0.005906)
(0.004906 0.001969 0.005906)
(0.004969 0.001969 0.005906)
(0.004031 0.002031 0.005906)
(0.004094 0.002031 0.005906)
(0.004156 0.002031 0.005906)
(0.004219 0.002031 0.005906)
(0.004281 0.002031 0.005906)
(0.004344 0.002031 0.005906)
(0.004406 0.002031 0.005906)
(0.004469 0.002031 0.005906)
(0.004531 0.002031 0.005906)
(0.004594 0.002031 0.005906)
(0.004656 0.002031 0.005906)
(0.004719 0.002031 0.005906)
(0.004781 0.002031 0.005906)
(0.004844 0.002031 0.005906)
(0.004906 0.002031 0.005906)
(0.004969 0.002031 0.005906)
(0.004031 0.002094 0.005906)
(0.004094 0.002094 0.005906)
(0.004156 0.002094 0.005906)
(0.004219 0.002094 0.005906)
(0.004281 0.002094 0.005906)
(0.004344 0.002094 0.005906)
(0.004406 0.002094 0.005906)
(0.004469 0.002094 0.005906)
(0.004531 0.002094 0.005906)
(0.004594 0.002094 0.005906)
(0.004656 0.002094 0.005906)
(0.004719 0.002094 0.005906)
(0.004781 0.002094 0.005906)
(0.004844 0.002094 0.005906)
(0.004906 0.002094 0.005906)
(0.004969 0.002094 0.005906)
(0.004031 0.002156 0.005906)
(0.004094 0.002156 0.005906)
(0.004156 0.002156 0.005906)
(0.004219 0.002156 0.005906)
(0.004281 0.002156 0.005906)
(0.004344 0.002156 0.005906)
(0.004406 0.002156 0.005906)
(0.004469 0.002156 0.005906)
(0.004531 0.002156 0.005906)
(0.004594 0.002156 0.005906)
(0.004656 0.002156 0.005906)
(0.004719 0.002156 0.005906)
(0.004781 0.002156 0.005906)
(0.004844 0.002156 0.005906)
(0.004906 0.002156 0.005906)
(0.004969 0.002156 0.005906)
(0.004031 0.002219 0.005906)
(0.004094 0.002219 0.005906)
(0.004156 0.002219 0.005906)
(0.004219 0.002219 0.005906)
(0.004281 0.002219 0.005906)
(0.004344 0.002219 0.005906)
(0.004406 0.002219 0.005906)
(0.004469 0.002219 0.005906)
(0.004531 0.002219 0.005906)
(0.004594 0.002219 0.005906)
(0.004656 0.002219 0.005906)
(0.004719 0.002219 0.005906)
(0.004781 0.002219 0.005906)
(0.004844 0.002219 0.005906)
(0.004906 0.002219 0.005906)
(0.004969 0.002219 0.005906)
(0.004031 0.002281 0.005906)
(0.004094 0.002281 0.005906)
(0.004156 0.002281 0.005906)
(0.004219 0.002281 0.005906)
(0.004281 0.002281 0.005906)
(0.004344 0.002281 0.005906)
(0.004406 0.002281 0.005906)
(0.004469 0.002281 0.005906)
(0.004531 0.002281 0.005906)
(0.004594 0.002281 0.005906)
(0.004656 0.002281 0.005906)
(0.004719 0.002281 0.005906)
(0.004781 0.002281 0.005906)
(0.004844 0.002281 0.005906)
(0.004906 0.002281 0.005906)
(0.004969 0.002281 0.005906)
(0.004031 0.002344 0.005906)
(0.004094 0.002344 0.005906)
(0.004156 0.002344 0.005906)
(0.004219 0.002344 0.005906)
(0.004281 0.002344 0.005906)
(0.004344 0.002344 0.005906)
(0.004406 0.002344 0.005906)
(0.004469 0.002344 0.005906)
(0.004531 0.002344 0.005906)
(0.004594 0.002344 0.005906)
(0.004656 0.002344 0.005906)
(0.004719 0.002344 0.005906)
(0.004781 0.002344 0.005906)
(0.004844 0.002344 0.005906)
(0.004906 0.002344 0.005906)
(0.004969 0.002344 0.005906)
(0.004031 0.001281 0.005969)
(0.004094 0.001281 0.005969)
(0.004156 0.001281 0.005969)
(0.004219 0.001281 0.005969)
(0.004281 0.001281 0.005969)
(0.004344 0.001281 0.005969)
(0.004406 0.001281 0.005969)
(0.004469 0.001281 0.005969)
(0.004531 0.001281 0.005969)
(0.004594 0.001281 0.005969)
(0.004656 0.001281 0.005969)
(0.004719 0.001281 0.005969)
(0.004781 0.001281 0.005969)
(0.004844 0.001281 0.005969)
(0.004906 0.001281 0.005969)
(0.004969 0.001281 0.005969)
(0.004031 0.001344 0.005969)
(0.004094 0.001344 0.005969)
(0.004156 0.001344 0.005969)
(0.004219 0.001344 0.005969)
(0.004281 0.001344 0.005969)
(0.004344 0.001344 0.005969)
(0.004406 0.001344 0.005969)
(0.004469 0.001344 0.005969)
(0.004531 0.001344 0.005969)
(0.004594 0.001344 0.005969)
(0.004656 0.001344 0.005969)
(0.004719 0.001344 0.005969)
(0.004781 0.001344 0.005969)
(0.004844 0.001344 0.005969)
(0.004906 0.001344 0.005969)
(0.004969 0.001344 0.005969)
(0.004031 0.001406 0.005969)
(0.004094 0.001406 0.005969)
(0.004156 0.001406 0.005969)
(0.004219 0.001406 0.005969)
(0.004281 0.001406 0.005969)
(0.004344 0.001406 0.005969)
(0.004406 0.001406 0.005969)
(0.004469 0.001406 0.005969)
(0.004531 0.001406 0.005969)
(0.004594 0.001406 0.005969)
(0.004656 0.001406 0.005969)
(0.004719 0.001406 0.005969)
(0.004781 0.001406 0.005969)
(0.004844 0.001406 0.005969)
(0.004906 0.001406 0.005969)
(0.004969 0.001406 0.005969)
(0.004031 0.001469 0.005969)
(0.004094 0.001469 0.005969)
(0.004156 0.001469 0.005969)
(0.004219 0.001469 0.005969)
(0.004281 0.001469 0.005969)
(0.004344 0.001469 0.005969)
(0.004406 0.001469 0.005969)
(0.004469 0.001469 0.005969)
(0.004531 0.001469 0.005969)
(0.004594 0.001469 0.005969)
(0.004656 0.001469 0.005969)
(0.004719 0.001469 0.005969)
(0.004781 0.001469 0.005969)
(0.004844 0.001469 0.005969)
(0.004906 0.001469 0.005969)
(0.004969 0.001469 0.005969)
(0.004031 0.001531 0.005969)
(0.004094 0.001531 0.005969)
(0.004156 0.001531 0.005969)
(0.004219 0.001531 0.005969)
(0.004281 0.001531 0.005969)
(0.004344 0.001531 0.005969)
(0.004406 0.001531 0.005969)
(0.004469 0.001531 0.005969)
(0.004531 0.001531 0.005969)
(0.004594 0.001531 0.005969)
(0.004656 0.001531 0.005969)
(0.004719 0.001531 0.005969)
(0.004781 0.001531 0.005969)
(0.004844 0.001531 0.005969)
(0.004906 0.001531 0.005969)
(0.004969 0.001531 0.005969)
(0.004031 0.001594 0.005969)
(0.004094 0.001594 0.005969)
(0.004156 0.001594 0.005969)
(0.004219 0.001594 0.005969)
(0.004281 0.001594 0.005969)
(0.004344 0.001594 0.005969)
(0.004406 0.001594 0.005969)
(0.004469 0.001594 0.005969)
(0.004531 0.001594 0.005969)
(0.004594 0.001594 0.005969)
(0.004656 0.001594 0.005969)
(0.004719 0.001594 0.005969)
(0.004781 0.001594 0.005969)
(0.004844 0.001594 0.005969)
(0.004906 0.001594 0.005969)
(0.004969 0.001594 0.005969)
(0.004031 0.001656 0.005969)
(0.004094 0.001656 0.005969)
(0.004156 0.001656 0.005969)
(0.004219 0.001656 0.005969)
(0.004281 0.001656 0.005969)
(0.004344 0.001656 0.005969)
(0.004406 0.001656 0.005969)
(0.004469 0.001656 0.005969)
(0.004531 0.001656 0.005969)
(0.004594 0.001656 0.005969)
(0.004656 0.001656 0.005969)
(0.004719 0.001656 0.005969)
(0.004781 0.001656 0.005969)
(0.004844 0.001656 0.005969)
(0.004906 0.001656 0.005969)
(0.004969 0.001656 0.005969)
(0.004031 0.001719 0.005969)
(0.004094 0.001719 0.005969)
(0.004156 0.001719 0.005969)
(0.004219 0.001719 0.005969)
(0.004281 0.001719 0.005969)
(0.004344 0.001719 0.005969)
(0.004406 0.001719 0.005969)
(0.004469 0.001719 0.005969)
(0.004531 0.001719 0.005969)
(0.004594 0.001719 0.005969)
(0.004656 0.001719 0.005969)
(0.004719 0.001719 0.005969)
(0.004781 0.001719 0.005969)
(0.004844 0.001719 0.005969)
(0.004906 0.001719 0.005969)
(0.004969 0.001719 0.005969)
(0.004031 0.001781 0.005969)
(0.004094 0.001781 0.005969)
(0.004156 0.001781 0.005969)
(0.004219 0.001781 0.005969)
(0.004281 0.001781 0.005969)
(0.004344 0.001781 0.005969)
(0.004406 0.001781 0.005969)
(0.004469 0.001781 0.005969)
(0.004531 0.001781 0.005969)
(0.004594 0.001781 0.005969)
(0.004656 0.001781 0.005969)
(0.004719 0.001781 0.005969)
(0.004781 0.001781 0.005969)
(0.004844 0.001781 0.005969)
(0.004906 0.001781 0.005969)
(0.004969 0.001781 0.005969)
(0.004031 0.001844 0.005969)
(0.004094 0.001844 0.005969)
(0.004156 0.001844 0.005969)
(0.004219 0.001844 0.005969)
(0.004281 0.001844 0.005969)
(0.004344 0.001844 0.005969)
(0.004406 0.001844 0.005969)
(0.004469 0.001844 0.005969)
(0.004531 0.001844 0.005969)
(0.004594 0.001844 0.005969)
(0.004656 0.001844 0.005969)
(0.004719 0.001844 0.005969)
(0.004781 0.001844 0.005969)
(0.004844 0.001844 0.005969)
(0.004906 0.001844 0.005969)
(0.004969 0.001844 0.005969)
(0.004031 0.001906 0.005969)
(0.004094 0.001906 0.005969)
(0.004156 0.001906 0.005969)
(0.004219 0.001906 0.005969)
(0.004281 0.001906 0.005969)
(0.004344 0.001906 0.005969)
(0.004406 0.001906 0.005969)
(0.004469 0.001906 0.005969)
(0.004531 0.001906 0.005969)
(0.004594 0.001906 0.005969)
(0.004656 0.001906 0.005969)
(0.004719 0.001906 0.005969)
(0.004781 0.001906 0.005969)
(0.004844 0.001906 0.005969)
(0.004906 0.001906 0.005969)
(0.004969 0.001906 0.005969)
(0.004031 0.001969 0.005969)
(0.004094 0.001969 0.005969)
(0.004156 0.001969 0.005969)
(0.004219 0.001969 0.005969)
(0.004281 0.001969 0.005969)
(0.004344 0.001969 0.005969)
(0.004406 0.001969 0.005969)
(0.004469 0.001969 0.005969)
(0.004531 0.001969 0.005969)
(0.004594 0.001969 0.005969)
(0.004656 0.001969 0.005969)
(0.004719 0.001969 0.005969)
(0.004781 0.001969 0.005969)
(0.004844 0.001969 0.005969)
(0.004906 0.001969 0.005969)
(0.004969 0.001969 0.005969)
(0.004031 0.002031 0.005969)
(0.004094 0.002031 0.005969)
(0.004156 0.002031 0.005969)
(0.004219 0.002031 0.005969)
(0.004281 0.002031 0.005969)
(0.004344 0.002031 0.005969)
(0.004406 0.002031 0.005969)
(0.004469 0.002031 0.005969)
(0.004531 0.002031 0.005969)
(0.004594 0.002031 0.005969)
(0.004656 0.002031 0.005969)
(0.004719 0.002031 0.005969)
(0.004781 0.002031 0.005969)
(0.004844 0.002031 0.005969)
(0.004906 0.002031 0.005969)
(0.004969 0.002031 0.005969)
(0.004031 0.002094 0.005969)
(0.004094 0.002094 0.005969)
(0.004156 0.002094 0.005969)
(0.004219 0.002094 0.005969)
(0.004281 0.002094 0.005969)
(0.004344 0.002094 0.005969)
(0.004406 0.002094 0.005969)
(0.004469 0.002094 0.005969)
(0.004531 0.002094 0.005969)
(0.004594 0.002094 0.005969)
(0.004656 0.002094 0.005969)
(0.004719 0.002094 0.005969)
(0.004781 0.002094 0.005969)
(0.004844 0.002094 0.005969)
(0.004906 0.002094 0.005969)
(0.004969 0.002094 0.005969)
(0.004031 0.002156 0.005969)
(0.004094 0.002156 0.005969)
(0.004156 0.002156 0.005969)
(0.004219 0.002156 0.005969)
(0.004281 0.002156 0.005969)
(0.004344 0.002156 0.005969)
(0.004406 0.002156 0.005969)
(0.004469 0.002156 0.005969)
(0.004531 0.002156 0.005969)
(0.004594 0.002156 0.005969)
(0.004656 0.002156 0.005969)
(0.004719 0.002156 0.005969)
(0.004781 0.002156 0.005969)
(0.004844 0.002156 0.005969)
(0.004906 0.002156 0.005969)
(0.004969 0.002156 0.005969)
(0.004031 0.002219 0.005969)
(0.004094 0.002219 0.005969)
(0.004156 0.002219 0.005969)
(0.004219 0.002219 0.005969)
(0.004281 0.002219 0.005969)
(0.004344 0.002219 0.005969)
(0.004406 0.002219 0.005969)
(0.004469 0.002219 0.005969)
(0.004531 0.002219 0.005969)
(0.004594 0.002219 0.005969)
(0.004656 0.002219 0.005969)
(0.004719 0.002219 0.005969)
(0.004781 0.002219 0.005969)
(0.004844 0.002219 0.005969)
(0.004906 0.002219 0.005969)
(0.004969 0.002219 0.005969)
(0.004031 0.002281 0.005969)
(0.004094 0.002281 0.005969)
(0.004156 0.002281 0.005969)
(0.004219 0.002281 0.005969)
(0.004281 0.002281 0.005969)
(0.004344 0.002281 0.005969)
(0.004406 0.002281 0.005969)
(0.004469 0.002281 0.005969)
(0.004531 0.002281 0.005969)
(0.004594 0.002281 0.005969)
(0.004656 0.002281 0.005969)
(0.004719 0.002281 0.005969)
(0.004781 0.002281 0.005969)
(0.004844 0.002281 0.005969)
(0.004906 0.002281 0.005969)
(0.004969 0.002281 0.005969)
(0.004031 0.002344 0.005969)
(0.004094 0.002344 0.005969)
(0.004156 0.002344 0.005969)
(0.004219 0.002344 0.005969)
(0.004281 0.002344 0.005969)
(0.004344 0.002344 0.005969)
(0.004406 0.002344 0.005969)
(0.004469 0.002344 0.005969)
(0.004531 0.002344 0.005969)
(0.004594 0.002344 0.005969)
(0.004656 0.002344 0.005969)
(0.004719 0.002344 0.005969)
(0.004781 0.002344 0.005969)
(0.004844 0.002344 0.005969)
(0.004906 0.002344 0.005969)
(0.004969 0.002344 0.005969)
(0.003344 0.002406 0.003969)
(0.003406 0.002406 0.003969)
(0.003469 0.002406 0.003969)
(0.003531 0.002406 0.003969)
(0.003594 0.002406 0.003969)
(0.003656 0.002406 0.003969)
(0.003719 0.002406 0.003969)
(0.003781 0.002406 0.003969)
(0.003844 0.002406 0.003969)
(0.003906 0.002406 0.003969)
(0.003969 0.002406 0.003969)
(0.003281 0.002469 0.003969)
(0.003344 0.002469 0.003969)
(0.003406 0.002469 0.003969)
(0.003469 0.002469 0.003969)
(0.003531 0.002469 0.003969)
(0.003594 0.002469 0.003969)
(0.003656 0.002469 0.003969)
(0.003719 0.002469 0.003969)
(0.003781 0.002469 0.003969)
(0.003844 0.002469 0.003969)
(0.003906 0.002469 0.003969)
(0.003969 0.002469 0.003969)
(0.002594 0.002406 0.004031)
(0.002656 0.002406 0.004031)
(0.002719 0.002406 0.004031)
(0.002781 0.002406 0.004031)
(0.002844 0.002406 0.004031)
(0.002906 0.002406 0.004031)
(0.002969 0.002406 0.004031)
(0.003031 0.002406 0.004031)
(0.003094 0.002406 0.004031)
(0.003156 0.002406 0.004031)
(0.003219 0.002406 0.004031)
(0.003281 0.002406 0.004031)
(0.003344 0.002406 0.004031)
(0.003406 0.002406 0.004031)
(0.003469 0.002406 0.004031)
(0.003531 0.002406 0.004031)
(0.003594 0.002406 0.004031)
(0.003656 0.002406 0.004031)
(0.003719 0.002406 0.004031)
(0.003781 0.002406 0.004031)
(0.003844 0.002406 0.004031)
(0.003906 0.002406 0.004031)
(0.003969 0.002406 0.004031)
(0.002594 0.002469 0.004031)
(0.002656 0.002469 0.004031)
(0.002719 0.002469 0.004031)
(0.002781 0.002469 0.004031)
(0.002844 0.002469 0.004031)
(0.002906 0.002469 0.004031)
(0.002969 0.002469 0.004031)
(0.003031 0.002469 0.004031)
(0.003094 0.002469 0.004031)
(0.003156 0.002469 0.004031)
(0.003219 0.002469 0.004031)
(0.003281 0.002469 0.004031)
(0.003344 0.002469 0.004031)
(0.003406 0.002469 0.004031)
(0.003469 0.002469 0.004031)
(0.003531 0.002469 0.004031)
(0.003594 0.002469 0.004031)
(0.003656 0.002469 0.004031)
(0.003719 0.002469 0.004031)
(0.003781 0.002469 0.004031)
(0.003844 0.002469 0.004031)
(0.003906 0.002469 0.004031)
(0.003969 0.002469 0.004031)
(0.002594 0.002406 0.004094)
(0.002656 0.002406 0.004094)
(0.002719 0.002406 0.004094)
(0.002781 0.002406 0.004094)
(0.002844 0.002406 0.004094)
(0.002906 0.002406 0.004094)
(0.002969 0.002406 0.004094)
(0.003031 0.002406 0.004094)
(0.003094 0.002406 0.004094)
(0.003156 0.002406 0.004094)
(0.003219 0.002406 0.004094)
(0.003281 0.002406 0.004094)
(0.003344 0.002406 0.004094)
(0.003406 0.002406 0.004094)
(0.003469 0.002406 0.004094)
(0.003531 0.002406 0.004094)
(0.003594 0.002406 0.004094)
(0.003656 0.002406 0.004094)
(0.003719 0.002406 0.004094)
(0.003781 0.002406 0.004094)
(0.003844 0.002406 0.004094)
(0.003906 0.002406 0.004094)
(0.003969 0.002406 0.004094)
(0.002594 0.002469 0.004094)
(0.002656 0.002469 0.004094)
(0.002719 0.002469 0.004094)
(0.002781 0.002469 0.004094)
(0.002844 0.002469 0.004094)
(0.002906 0.002469 0.004094)
(0.002969 0.002469 0.004094)
(0.003031 0.002469 0.004094)
(0.003094 0.002469 0.004094)
(0.003156 0.002469 0.004094)
(0.003219 0.002469 0.004094)
(0.003281 0.002469 0.004094)
(0.003344 0.002469 0.004094)
(0.003406 0.002469 0.004094)
(0.003469 0.002469 0.004094)
(0.003531 0.002469 0.004094)
(0.003594 0.002469 0.004094)
(0.003656 0.002469 0.004094)
(0.003719 0.002469 0.004094)
(0.003781 0.002469 0.004094)
(0.003844 0.002469 0.004094)
(0.003906 0.002469 0.004094)
(0.003969 0.002469 0.004094)
(0.002594 0.002406 0.004156)
(0.002656 0.002406 0.004156)
(0.002719 0.002406 0.004156)
(0.002781 0.002406 0.004156)
(0.002844 0.002406 0.004156)
(0.002906 0.002406 0.004156)
(0.002969 0.002406 0.004156)
(0.003031 0.002406 0.004156)
(0.003094 0.002406 0.004156)
(0.003156 0.002406 0.004156)
(0.003219 0.002406 0.004156)
(0.003281 0.002406 0.004156)
(0.003344 0.002406 0.004156)
(0.003406 0.002406 0.004156)
(0.003469 0.002406 0.004156)
(0.003531 0.002406 0.004156)
(0.003594 0.002406 0.004156)
(0.003656 0.002406 0.004156)
(0.003719 0.002406 0.004156)
(0.003781 0.002406 0.004156)
(0.003844 0.002406 0.004156)
(0.003906 0.002406 0.004156)
(0.003969 0.002406 0.004156)
(0.002594 0.002469 0.004156)
(0.002656 0.002469 0.004156)
(0.002719 0.002469 0.004156)
(0.002781 0.002469 0.004156)
(0.002844 0.002469 0.004156)
(0.002906 0.002469 0.004156)
(0.002969 0.002469 0.004156)
(0.003031 0.002469 0.004156)
(0.003094 0.002469 0.004156)
(0.003156 0.002469 0.004156)
(0.003219 0.002469 0.004156)
(0.003281 0.002469 0.004156)
(0.003344 0.002469 0.004156)
(0.003406 0.002469 0.004156)
(0.003469 0.002469 0.004156)
(0.003531 0.002469 0.004156)
(0.003594 0.002469 0.004156)
(0.003656 0.002469 0.004156)
(0.003719 0.002469 0.004156)
(0.003781 0.002469 0.004156)
(0.003844 0.002469 0.004156)
(0.003906 0.002469 0.004156)
(0.003969 0.002469 0.004156)
(0.002594 0.002406 0.004219)
(0.002656 0.002406 0.004219)
(0.002719 0.002406 0.004219)
(0.002781 0.002406 0.004219)
(0.002844 0.002406 0.004219)
(0.002906 0.002406 0.004219)
(0.002969 0.002406 0.004219)
(0.003031 0.002406 0.004219)
(0.003094 0.002406 0.004219)
(0.003156 0.002406 0.004219)
(0.003219 0.002406 0.004219)
(0.003281 0.002406 0.004219)
(0.003344 0.002406 0.004219)
(0.003406 0.002406 0.004219)
(0.003469 0.002406 0.004219)
(0.003531 0.002406 0.004219)
(0.003594 0.002406 0.004219)
(0.003656 0.002406 0.004219)
(0.003719 0.002406 0.004219)
(0.003781 0.002406 0.004219)
(0.003844 0.002406 0.004219)
(0.003906 0.002406 0.004219)
(0.003969 0.002406 0.004219)
(0.002594 0.002469 0.004219)
(0.002656 0.002469 0.004219)
(0.002719 0.002469 0.004219)
(0.002781 0.002469 0.004219)
(0.002844 0.002469 0.004219)
(0.002906 0.002469 0.004219)
(0.002969 0.002469 0.004219)
(0.003031 0.002469 0.004219)
(0.003094 0.002469 0.004219)
(0.003156 0.002469 0.004219)
(0.003219 0.002469 0.004219)
(0.003281 0.002469 0.004219)
(0.003344 0.002469 0.004219)
(0.003406 0.002469 0.004219)
(0.003469 0.002469 0.004219)
(0.003531 0.002469 0.004219)
(0.003594 0.002469 0.004219)
(0.003656 0.002469 0.004219)
(0.003719 0.002469 0.004219)
(0.003781 0.002469 0.004219)
(0.003844 0.002469 0.004219)
(0.003906 0.002469 0.004219)
(0.003969 0.002469 0.004219)
(0.002594 0.002406 0.004281)
(0.002656 0.002406 0.004281)
(0.002719 0.002406 0.004281)
(0.002781 0.002406 0.004281)
(0.002844 0.002406 0.004281)
(0.002906 0.002406 0.004281)
(0.002969 0.002406 0.004281)
(0.003031 0.002406 0.004281)
(0.003094 0.002406 0.004281)
(0.003156 0.002406 0.004281)
(0.003219 0.002406 0.004281)
(0.003281 0.002406 0.004281)
(0.003344 0.002406 0.004281)
(0.003406 0.002406 0.004281)
(0.003469 0.002406 0.004281)
(0.003531 0.002406 0.004281)
(0.003594 0.002406 0.004281)
(0.003656 0.002406 0.004281)
(0.003719 0.002406 0.004281)
(0.003781 0.002406 0.004281)
(0.003844 0.002406 0.004281)
(0.003906 0.002406 0.004281)
(0.003969 0.002406 0.004281)
(0.002594 0.002469 0.004281)
(0.002656 0.002469 0.004281)
(0.002719 0.002469 0.004281)
(0.002781 0.002469 0.004281)
(0.002844 0.002469 0.004281)
(0.002906 0.002469 0.004281)
(0.002969 0.002469 0.004281)
(0.003031 0.002469 0.004281)
(0.003094 0.002469 0.004281)
(0.003156 0.002469 0.004281)
(0.003219 0.002469 0.004281)
(0.003281 0.002469 0.004281)
(0.003344 0.002469 0.004281)
(0.003406 0.002469 0.004281)
(0.003469 0.002469 0.004281)
(0.003531 0.002469 0.004281)
(0.003594 0.002469 0.004281)
(0.003656 0.002469 0.004281)
(0.003719 0.002469 0.004281)
(0.003781 0.002469 0.004281)
(0.003844 0.002469 0.004281)
(0.003906 0.002469 0.004281)
(0.003969 0.002469 0.004281)
(0.002531 0.002406 0.004344)
(0.002594 0.002406 0.004344)
(0.002656 0.002406 0.004344)
(0.002719 0.002406 0.004344)
(0.002781 0.002406 0.004344)
(0.002844 0.002406 0.004344)
(0.002906 0.002406 0.004344)
(0.002969 0.002406 0.004344)
(0.003031 0.002406 0.004344)
(0.003094 0.002406 0.004344)
(0.003156 0.002406 0.004344)
(0.003219 0.002406 0.004344)
(0.003281 0.002406 0.004344)
(0.003344 0.002406 0.004344)
(0.003406 0.002406 0.004344)
(0.003469 0.002406 0.004344)
(0.003531 0.002406 0.004344)
(0.003594 0.002406 0.004344)
(0.003656 0.002406 0.004344)
(0.003719 0.002406 0.004344)
(0.003781 0.002406 0.004344)
(0.003844 0.002406 0.004344)
(0.003906 0.002406 0.004344)
(0.003969 0.002406 0.004344)
(0.002594 0.002469 0.004344)
(0.002656 0.002469 0.004344)
(0.002719 0.002469 0.004344)
(0.002781 0.002469 0.004344)
(0.002844 0.002469 0.004344)
(0.002906 0.002469 0.004344)
(0.002969 0.002469 0.004344)
(0.003031 0.002469 0.004344)
(0.003094 0.002469 0.004344)
(0.003156 0.002469 0.004344)
(0.003219 0.002469 0.004344)
(0.003281 0.002469 0.004344)
(0.003344 0.002469 0.004344)
(0.003406 0.002469 0.004344)
(0.003469 0.002469 0.004344)
(0.003531 0.002469 0.004344)
(0.003594 0.002469 0.004344)
(0.003656 0.002469 0.004344)
(0.003719 0.002469 0.004344)
(0.003781 0.002469 0.004344)
(0.003844 0.002469 0.004344)
(0.003906 0.002469 0.004344)
(0.003969 0.002469 0.004344)
(0.002531 0.002406 0.004406)
(0.002594 0.002406 0.004406)
(0.002656 0.002406 0.004406)
(0.002719 0.002406 0.004406)
(0.002781 0.002406 0.004406)
(0.002844 0.002406 0.004406)
(0.002906 0.002406 0.004406)
(0.002969 0.002406 0.004406)
(0.003031 0.002406 0.004406)
(0.003094 0.002406 0.004406)
(0.003156 0.002406 0.004406)
(0.003219 0.002406 0.004406)
(0.003281 0.002406 0.004406)
(0.003344 0.002406 0.004406)
(0.003406 0.002406 0.004406)
(0.003469 0.002406 0.004406)
(0.003531 0.002406 0.004406)
(0.003594 0.002406 0.004406)
(0.003656 0.002406 0.004406)
(0.003719 0.002406 0.004406)
(0.003781 0.002406 0.004406)
(0.003844 0.002406 0.004406)
(0.003906 0.002406 0.004406)
(0.003969 0.002406 0.004406)
(0.002531 0.002469 0.004406)
(0.002594 0.002469 0.004406)
(0.002656 0.002469 0.004406)
(0.002719 0.002469 0.004406)
(0.002781 0.002469 0.004406)
(0.002844 0.002469 0.004406)
(0.002906 0.002469 0.004406)
(0.002969 0.002469 0.004406)
(0.003031 0.002469 0.004406)
(0.003094 0.002469 0.004406)
(0.003156 0.002469 0.004406)
(0.003219 0.002469 0.004406)
(0.003281 0.002469 0.004406)
(0.003344 0.002469 0.004406)
(0.003406 0.002469 0.004406)
(0.003469 0.002469 0.004406)
(0.003531 0.002469 0.004406)
(0.003594 0.002469 0.004406)
(0.003656 0.002469 0.004406)
(0.003719 0.002469 0.004406)
(0.003781 0.002469 0.004406)
(0.003844 0.002469 0.004406)
(0.003906 0.002469 0.004406)
(0.003969 0.002469 0.004406)
(0.002531 0.002406 0.004469)
(0.002594 0.002406 0.004469)
(0.002656 0.002406 0.004469)
(0.002719 0.002406 0.004469)
(0.002781 0.002406 0.004469)
(0.002844 0.002406 0.004469)
(0.002906 0.002406 0.004469)
(0.002969 0.002406 0.004469)
(0.003031 0.002406 0.004469)
(0.003094 0.002406 0.004469)
(0.003156 0.002406 0.004469)
(0.003219 0.002406 0.004469)
(0.003281 0.002406 0.004469)
(0.003344 0.002406 0.004469)
(0.003406 0.002406 0.004469)
(0.003469 0.002406 0.004469)
(0.003531 0.002406 0.004469)
(0.003594 0.002406 0.004469)
(0.003656 0.002406 0.004469)
(0.003719 0.002406 0.004469)
(0.003781 0.002406 0.004469)
(0.003844 0.002406 0.004469)
(0.003906 0.002406 0.004469)
(0.003969 0.002406 0.004469)
(0.002531 0.002469 0.004469)
(0.002594 0.002469 0.004469)
(0.002656 0.002469 0.004469)
(0.002719 0.002469 0.004469)
(0.002781 0.002469 0.004469)
(0.002844 0.002469 0.004469)
(0.002906 0.002469 0.004469)
(0.002969 0.002469 0.004469)
(0.003031 0.002469 0.004469)
(0.003094 0.002469 0.004469)
(0.003156 0.002469 0.004469)
(0.003219 0.002469 0.004469)
(0.003281 0.002469 0.004469)
(0.003344 0.002469 0.004469)
(0.003406 0.002469 0.004469)
(0.003469 0.002469 0.004469)
(0.003531 0.002469 0.004469)
(0.003594 0.002469 0.004469)
(0.003656 0.002469 0.004469)
(0.003719 0.002469 0.004469)
(0.003781 0.002469 0.004469)
(0.003844 0.002469 0.004469)
(0.003906 0.002469 0.004469)
(0.003969 0.002469 0.004469)
(0.002531 0.002406 0.004531)
(0.002594 0.002406 0.004531)
(0.002656 0.002406 0.004531)
(0.002719 0.002406 0.004531)
(0.002781 0.002406 0.004531)
(0.002844 0.002406 0.004531)
(0.002906 0.002406 0.004531)
(0.002969 0.002406 0.004531)
(0.003031 0.002406 0.004531)
(0.003094 0.002406 0.004531)
(0.003156 0.002406 0.004531)
(0.003219 0.002406 0.004531)
(0.003281 0.002406 0.004531)
(0.003344 0.002406 0.004531)
(0.003406 0.002406 0.004531)
(0.003469 0.002406 0.004531)
(0.003531 0.002406 0.004531)
(0.003594 0.002406 0.004531)
(0.003656 0.002406 0.004531)
(0.003719 0.002406 0.004531)
(0.003781 0.002406 0.004531)
(0.003844 0.002406 0.004531)
(0.003906 0.002406 0.004531)
(0.003969 0.002406 0.004531)
(0.002531 0.002469 0.004531)
(0.002594 0.002469 0.004531)
(0.002656 0.002469 0.004531)
(0.002719 0.002469 0.004531)
(0.002781 0.002469 0.004531)
(0.002844 0.002469 0.004531)
(0.002906 0.002469 0.004531)
(0.002969 0.002469 0.004531)
(0.003031 0.002469 0.004531)
(0.003094 0.002469 0.004531)
(0.003156 0.002469 0.004531)
(0.003219 0.002469 0.004531)
(0.003281 0.002469 0.004531)
(0.003344 0.002469 0.004531)
(0.003406 0.002469 0.004531)
(0.003469 0.002469 0.004531)
(0.003531 0.002469 0.004531)
(0.003594 0.002469 0.004531)
(0.003656 0.002469 0.004531)
(0.003719 0.002469 0.004531)
(0.003781 0.002469 0.004531)
(0.003844 0.002469 0.004531)
(0.003906 0.002469 0.004531)
(0.003969 0.002469 0.004531)
(0.002531 0.002406 0.004594)
(0.002594 0.002406 0.004594)
(0.002656 0.002406 0.004594)
(0.002719 0.002406 0.004594)
(0.002781 0.002406 0.004594)
(0.002844 0.002406 0.004594)
(0.002906 0.002406 0.004594)
(0.002969 0.002406 0.004594)
(0.003031 0.002406 0.004594)
(0.003094 0.002406 0.004594)
(0.003156 0.002406 0.004594)
(0.003219 0.002406 0.004594)
(0.003281 0.002406 0.004594)
(0.003344 0.002406 0.004594)
(0.003406 0.002406 0.004594)
(0.003469 0.002406 0.004594)
(0.003531 0.002406 0.004594)
(0.003594 0.002406 0.004594)
(0.003656 0.002406 0.004594)
(0.003719 0.002406 0.004594)
(0.003781 0.002406 0.004594)
(0.003844 0.002406 0.004594)
(0.003906 0.002406 0.004594)
(0.003969 0.002406 0.004594)
(0.002531 0.002469 0.004594)
(0.002594 0.002469 0.004594)
(0.002656 0.002469 0.004594)
(0.002719 0.002469 0.004594)
(0.002781 0.002469 0.004594)
(0.002844 0.002469 0.004594)
(0.002906 0.002469 0.004594)
(0.002969 0.002469 0.004594)
(0.003031 0.002469 0.004594)
(0.003094 0.002469 0.004594)
(0.003156 0.002469 0.004594)
(0.003219 0.002469 0.004594)
(0.003281 0.002469 0.004594)
(0.003344 0.002469 0.004594)
(0.003406 0.002469 0.004594)
(0.003469 0.002469 0.004594)
(0.003531 0.002469 0.004594)
(0.003594 0.002469 0.004594)
(0.003656 0.002469 0.004594)
(0.003719 0.002469 0.004594)
(0.003781 0.002469 0.004594)
(0.003844 0.002469 0.004594)
(0.003906 0.002469 0.004594)
(0.003969 0.002469 0.004594)
(0.002531 0.002406 0.004656)
(0.002594 0.002406 0.004656)
(0.002656 0.002406 0.004656)
(0.002719 0.002406 0.004656)
(0.002781 0.002406 0.004656)
(0.002844 0.002406 0.004656)
(0.002906 0.002406 0.004656)
(0.002969 0.002406 0.004656)
(0.003031 0.002406 0.004656)
(0.003094 0.002406 0.004656)
(0.003156 0.002406 0.004656)
(0.003219 0.002406 0.004656)
(0.003281 0.002406 0.004656)
(0.003344 0.002406 0.004656)
(0.003406 0.002406 0.004656)
(0.003469 0.002406 0.004656)
(0.003531 0.002406 0.004656)
(0.003594 0.002406 0.004656)
(0.003656 0.002406 0.004656)
(0.003719 0.002406 0.004656)
(0.003781 0.002406 0.004656)
(0.003844 0.002406 0.004656)
(0.003906 0.002406 0.004656)
(0.003969 0.002406 0.004656)
(0.002531 0.002469 0.004656)
(0.002594 0.002469 0.004656)
(0.002656 0.002469 0.004656)
(0.002719 0.002469 0.004656)
(0.002781 0.002469 0.004656)
(0.002844 0.002469 0.004656)
(0.002906 0.002469 0.004656)
(0.002969 0.002469 0.004656)
(0.003031 0.002469 0.004656)
(0.003094 0.002469 0.004656)
(0.003156 0.002469 0.004656)
(0.003219 0.002469 0.004656)
(0.003281 0.002469 0.004656)
(0.003344 0.002469 0.004656)
(0.003406 0.002469 0.004656)
(0.003469 0.002469 0.004656)
(0.003531 0.002469 0.004656)
(0.003594 0.002469 0.004656)
(0.003656 0.002469 0.004656)
(0.003719 0.002469 0.004656)
(0.003781 0.002469 0.004656)
(0.003844 0.002469 0.004656)
(0.003906 0.002469 0.004656)
(0.003969 0.002469 0.004656)
(0.002531 0.002406 0.004719)
(0.002594 0.002406 0.004719)
(0.002656 0.002406 0.004719)
(0.002719 0.002406 0.004719)
(0.002781 0.002406 0.004719)
(0.002844 0.002406 0.004719)
(0.002906 0.002406 0.004719)
(0.002969 0.002406 0.004719)
(0.003031 0.002406 0.004719)
(0.003094 0.002406 0.004719)
(0.003156 0.002406 0.004719)
(0.003219 0.002406 0.004719)
(0.003281 0.002406 0.004719)
(0.003344 0.002406 0.004719)
(0.003406 0.002406 0.004719)
(0.003469 0.002406 0.004719)
(0.003531 0.002406 0.004719)
(0.003594 0.002406 0.004719)
(0.003656 0.002406 0.004719)
(0.003719 0.002406 0.004719)
(0.003781 0.002406 0.004719)
(0.003844 0.002406 0.004719)
(0.003906 0.002406 0.004719)
(0.003969 0.002406 0.004719)
(0.002531 0.002469 0.004719)
(0.002594 0.002469 0.004719)
(0.002656 0.002469 0.004719)
(0.002719 0.002469 0.004719)
(0.002781 0.002469 0.004719)
(0.002844 0.002469 0.004719)
(0.002906 0.002469 0.004719)
(0.002969 0.002469 0.004719)
(0.003031 0.002469 0.004719)
(0.003094 0.002469 0.004719)
(0.003156 0.002469 0.004719)
(0.003219 0.002469 0.004719)
(0.003281 0.002469 0.004719)
(0.003344 0.002469 0.004719)
(0.003406 0.002469 0.004719)
(0.003469 0.002469 0.004719)
(0.003531 0.002469 0.004719)
(0.003594 0.002469 0.004719)
(0.003656 0.002469 0.004719)
(0.003719 0.002469 0.004719)
(0.003781 0.002469 0.004719)
(0.003844 0.002469 0.004719)
(0.003906 0.002469 0.004719)
(0.003969 0.002469 0.004719)
(0.002531 0.002406 0.004781)
(0.002594 0.002406 0.004781)
(0.002656 0.002406 0.004781)
(0.002719 0.002406 0.004781)
(0.002781 0.002406 0.004781)
(0.002844 0.002406 0.004781)
(0.002906 0.002406 0.004781)
(0.002969 0.002406 0.004781)
(0.003031 0.002406 0.004781)
(0.003094 0.002406 0.004781)
(0.003156 0.002406 0.004781)
(0.003219 0.002406 0.004781)
(0.003281 0.002406 0.004781)
(0.003344 0.002406 0.004781)
(0.003406 0.002406 0.004781)
(0.003469 0.002406 0.004781)
(0.003531 0.002406 0.004781)
(0.003594 0.002406 0.004781)
(0.003656 0.002406 0.004781)
(0.003719 0.002406 0.004781)
(0.003781 0.002406 0.004781)
(0.003844 0.002406 0.004781)
(0.003906 0.002406 0.004781)
(0.003969 0.002406 0.004781)
(0.002531 0.002469 0.004781)
(0.002594 0.002469 0.004781)
(0.002656 0.002469 0.004781)
(0.002719 0.002469 0.004781)
(0.002781 0.002469 0.004781)
(0.002844 0.002469 0.004781)
(0.002906 0.002469 0.004781)
(0.002969 0.002469 0.004781)
(0.003031 0.002469 0.004781)
(0.003094 0.002469 0.004781)
(0.003156 0.002469 0.004781)
(0.003219 0.002469 0.004781)
(0.003281 0.002469 0.004781)
(0.003344 0.002469 0.004781)
(0.003406 0.002469 0.004781)
(0.003469 0.002469 0.004781)
(0.003531 0.002469 0.004781)
(0.003594 0.002469 0.004781)
(0.003656 0.002469 0.004781)
(0.003719 0.002469 0.004781)
(0.003781 0.002469 0.004781)
(0.003844 0.002469 0.004781)
(0.003906 0.002469 0.004781)
(0.003969 0.002469 0.004781)
(0.002531 0.002406 0.004844)
(0.002594 0.002406 0.004844)
(0.002656 0.002406 0.004844)
(0.002719 0.002406 0.004844)
(0.002781 0.002406 0.004844)
(0.002844 0.002406 0.004844)
(0.002906 0.002406 0.004844)
(0.002969 0.002406 0.004844)
(0.003031 0.002406 0.004844)
(0.003094 0.002406 0.004844)
(0.003156 0.002406 0.004844)
(0.003219 0.002406 0.004844)
(0.003281 0.002406 0.004844)
(0.003344 0.002406 0.004844)
(0.003406 0.002406 0.004844)
(0.003469 0.002406 0.004844)
(0.003531 0.002406 0.004844)
(0.003594 0.002406 0.004844)
(0.003656 0.002406 0.004844)
(0.003719 0.002406 0.004844)
(0.003781 0.002406 0.004844)
(0.003844 0.002406 0.004844)
(0.003906 0.002406 0.004844)
(0.003969 0.002406 0.004844)
(0.002531 0.002469 0.004844)
(0.002594 0.002469 0.004844)
(0.002656 0.002469 0.004844)
(0.002719 0.002469 0.004844)
(0.002781 0.002469 0.004844)
(0.002844 0.002469 0.004844)
(0.002906 0.002469 0.004844)
(0.002969 0.002469 0.004844)
(0.003031 0.002469 0.004844)
(0.003094 0.002469 0.004844)
(0.003156 0.002469 0.004844)
(0.003219 0.002469 0.004844)
(0.003281 0.002469 0.004844)
(0.003344 0.002469 0.004844)
(0.003406 0.002469 0.004844)
(0.003469 0.002469 0.004844)
(0.003531 0.002469 0.004844)
(0.003594 0.002469 0.004844)
(0.003656 0.002469 0.004844)
(0.003719 0.002469 0.004844)
(0.003781 0.002469 0.004844)
(0.003844 0.002469 0.004844)
(0.003906 0.002469 0.004844)
(0.003969 0.002469 0.004844)
(0.002531 0.002406 0.004906)
(0.002594 0.002406 0.004906)
(0.002656 0.002406 0.004906)
(0.002719 0.002406 0.004906)
(0.002781 0.002406 0.004906)
(0.002844 0.002406 0.004906)
(0.002906 0.002406 0.004906)
(0.002969 0.002406 0.004906)
(0.003031 0.002406 0.004906)
(0.003094 0.002406 0.004906)
(0.003156 0.002406 0.004906)
(0.003219 0.002406 0.004906)
(0.003281 0.002406 0.004906)
(0.003344 0.002406 0.004906)
(0.003406 0.002406 0.004906)
(0.003469 0.002406 0.004906)
(0.003531 0.002406 0.004906)
(0.003594 0.002406 0.004906)
(0.003656 0.002406 0.004906)
(0.003719 0.002406 0.004906)
(0.003781 0.002406 0.004906)
(0.003844 0.002406 0.004906)
(0.003906 0.002406 0.004906)
(0.003969 0.002406 0.004906)
(0.002531 0.002469 0.004906)
(0.002594 0.002469 0.004906)
(0.002656 0.002469 0.004906)
(0.002719 0.002469 0.004906)
(0.002781 0.002469 0.004906)
(0.002844 0.002469 0.004906)
(0.002906 0.002469 0.004906)
(0.002969 0.002469 0.004906)
(0.003031 0.002469 0.004906)
(0.003094 0.002469 0.004906)
(0.003156 0.002469 0.004906)
(0.003219 0.002469 0.004906)
(0.003281 0.002469 0.004906)
(0.003344 0.002469 0.004906)
(0.003406 0.002469 0.004906)
(0.003469 0.002469 0.004906)
(0.003531 0.002469 0.004906)
(0.003594 0.002469 0.004906)
(0.003656 0.002469 0.004906)
(0.003719 0.002469 0.004906)
(0.003781 0.002469 0.004906)
(0.003844 0.002469 0.004906)
(0.003906 0.002469 0.004906)
(0.003969 0.002469 0.004906)
(0.002531 0.002406 0.004969)
(0.002594 0.002406 0.004969)
(0.002656 0.002406 0.004969)
(0.002719 0.002406 0.004969)
(0.002781 0.002406 0.004969)
(0.002844 0.002406 0.004969)
(0.002906 0.002406 0.004969)
(0.002969 0.002406 0.004969)
(0.003031 0.002406 0.004969)
(0.003094 0.002406 0.004969)
(0.003156 0.002406 0.004969)
(0.003219 0.002406 0.004969)
(0.003281 0.002406 0.004969)
(0.003344 0.002406 0.004969)
(0.003406 0.002406 0.004969)
(0.003469 0.002406 0.004969)
(0.003531 0.002406 0.004969)
(0.003594 0.002406 0.004969)
(0.003656 0.002406 0.004969)
(0.003719 0.002406 0.004969)
(0.003781 0.002406 0.004969)
(0.003844 0.002406 0.004969)
(0.003906 0.002406 0.004969)
(0.003969 0.002406 0.004969)
(0.002531 0.002469 0.004969)
(0.002594 0.002469 0.004969)
(0.002656 0.002469 0.004969)
(0.002719 0.002469 0.004969)
(0.002781 0.002469 0.004969)
(0.002844 0.002469 0.004969)
(0.002906 0.002469 0.004969)
(0.002969 0.002469 0.004969)
(0.003031 0.002469 0.004969)
(0.003094 0.002469 0.004969)
(0.003156 0.002469 0.004969)
(0.003219 0.002469 0.004969)
(0.003281 0.002469 0.004969)
(0.003344 0.002469 0.004969)
(0.003406 0.002469 0.004969)
(0.003469 0.002469 0.004969)
(0.003531 0.002469 0.004969)
(0.003594 0.002469 0.004969)
(0.003656 0.002469 0.004969)
(0.003719 0.002469 0.004969)
(0.003781 0.002469 0.004969)
(0.003844 0.002469 0.004969)
(0.003906 0.002469 0.004969)
(0.003969 0.002469 0.004969)
(0.002531 0.002406 0.005031)
(0.002594 0.002406 0.005031)
(0.002656 0.002406 0.005031)
(0.002719 0.002406 0.005031)
(0.002781 0.002406 0.005031)
(0.002844 0.002406 0.005031)
(0.002906 0.002406 0.005031)
(0.002969 0.002406 0.005031)
(0.003031 0.002406 0.005031)
(0.003094 0.002406 0.005031)
(0.003156 0.002406 0.005031)
(0.003219 0.002406 0.005031)
(0.003281 0.002406 0.005031)
(0.003344 0.002406 0.005031)
(0.003406 0.002406 0.005031)
(0.003469 0.002406 0.005031)
(0.003531 0.002406 0.005031)
(0.003594 0.002406 0.005031)
(0.003656 0.002406 0.005031)
(0.003719 0.002406 0.005031)
(0.003781 0.002406 0.005031)
(0.003844 0.002406 0.005031)
(0.003906 0.002406 0.005031)
(0.003969 0.002406 0.005031)
(0.002531 0.002469 0.005031)
(0.002594 0.002469 0.005031)
(0.002656 0.002469 0.005031)
(0.002719 0.002469 0.005031)
(0.002781 0.002469 0.005031)
(0.002844 0.002469 0.005031)
(0.002906 0.002469 0.005031)
(0.002969 0.002469 0.005031)
(0.003031 0.002469 0.005031)
(0.003094 0.002469 0.005031)
(0.003156 0.002469 0.005031)
(0.003219 0.002469 0.005031)
(0.003281 0.002469 0.005031)
(0.003344 0.002469 0.005031)
(0.003406 0.002469 0.005031)
(0.003469 0.002469 0.005031)
(0.003531 0.002469 0.005031)
(0.003594 0.002469 0.005031)
(0.003656 0.002469 0.005031)
(0.003719 0.002469 0.005031)
(0.003781 0.002469 0.005031)
(0.003844 0.002469 0.005031)
(0.003906 0.002469 0.005031)
(0.003969 0.002469 0.005031)
(0.002531 0.002406 0.005094)
(0.002594 0.002406 0.005094)
(0.002656 0.002406 0.005094)
(0.002719 0.002406 0.005094)
(0.002781 0.002406 0.005094)
(0.002844 0.002406 0.005094)
(0.002906 0.002406 0.005094)
(0.002969 0.002406 0.005094)
(0.003031 0.002406 0.005094)
(0.003094 0.002406 0.005094)
(0.003156 0.002406 0.005094)
(0.003219 0.002406 0.005094)
(0.003281 0.002406 0.005094)
(0.003344 0.002406 0.005094)
(0.003406 0.002406 0.005094)
(0.003469 0.002406 0.005094)
(0.003531 0.002406 0.005094)
(0.003594 0.002406 0.005094)
(0.003656 0.002406 0.005094)
(0.003719 0.002406 0.005094)
(0.003781 0.002406 0.005094)
(0.003844 0.002406 0.005094)
(0.003906 0.002406 0.005094)
(0.003969 0.002406 0.005094)
(0.002531 0.002469 0.005094)
(0.002594 0.002469 0.005094)
(0.002656 0.002469 0.005094)
(0.002719 0.002469 0.005094)
(0.002781 0.002469 0.005094)
(0.002844 0.002469 0.005094)
(0.002906 0.002469 0.005094)
(0.002969 0.002469 0.005094)
(0.003031 0.002469 0.005094)
(0.003094 0.002469 0.005094)
(0.003156 0.002469 0.005094)
(0.003219 0.002469 0.005094)
(0.003281 0.002469 0.005094)
(0.003344 0.002469 0.005094)
(0.003406 0.002469 0.005094)
(0.003469 0.002469 0.005094)
(0.003531 0.002469 0.005094)
(0.003594 0.002469 0.005094)
(0.003656 0.002469 0.005094)
(0.003719 0.002469 0.005094)
(0.003781 0.002469 0.005094)
(0.003844 0.002469 0.005094)
(0.003906 0.002469 0.005094)
(0.003969 0.002469 0.005094)
(0.002531 0.002406 0.005156)
(0.002594 0.002406 0.005156)
(0.002656 0.002406 0.005156)
(0.002719 0.002406 0.005156)
(0.002781 0.002406 0.005156)
(0.002844 0.002406 0.005156)
(0.002906 0.002406 0.005156)
(0.002969 0.002406 0.005156)
(0.003031 0.002406 0.005156)
(0.003094 0.002406 0.005156)
(0.003156 0.002406 0.005156)
(0.003219 0.002406 0.005156)
(0.003281 0.002406 0.005156)
(0.003344 0.002406 0.005156)
(0.003406 0.002406 0.005156)
(0.003469 0.002406 0.005156)
(0.003531 0.002406 0.005156)
(0.003594 0.002406 0.005156)
(0.003656 0.002406 0.005156)
(0.003719 0.002406 0.005156)
(0.003781 0.002406 0.005156)
(0.003844 0.002406 0.005156)
(0.003906 0.002406 0.005156)
(0.003969 0.002406 0.005156)
(0.002531 0.002469 0.005156)
(0.002594 0.002469 0.005156)
(0.002656 0.002469 0.005156)
(0.002719 0.002469 0.005156)
(0.002781 0.002469 0.005156)
(0.002844 0.002469 0.005156)
(0.002906 0.002469 0.005156)
(0.002969 0.002469 0.005156)
(0.003031 0.002469 0.005156)
(0.003094 0.002469 0.005156)
(0.003156 0.002469 0.005156)
(0.003219 0.002469 0.005156)
(0.003281 0.002469 0.005156)
(0.003344 0.002469 0.005156)
(0.003406 0.002469 0.005156)
(0.003469 0.002469 0.005156)
(0.003531 0.002469 0.005156)
(0.003594 0.002469 0.005156)
(0.003656 0.002469 0.005156)
(0.003719 0.002469 0.005156)
(0.003781 0.002469 0.005156)
(0.003844 0.002469 0.005156)
(0.003906 0.002469 0.005156)
(0.003969 0.002469 0.005156)
(0.002531 0.002406 0.005219)
(0.002594 0.002406 0.005219)
(0.002656 0.002406 0.005219)
(0.002719 0.002406 0.005219)
(0.002781 0.002406 0.005219)
(0.002844 0.002406 0.005219)
(0.002906 0.002406 0.005219)
(0.002969 0.002406 0.005219)
(0.003031 0.002406 0.005219)
(0.003094 0.002406 0.005219)
(0.003156 0.002406 0.005219)
(0.003219 0.002406 0.005219)
(0.003281 0.002406 0.005219)
(0.003344 0.002406 0.005219)
(0.003406 0.002406 0.005219)
(0.003469 0.002406 0.005219)
(0.003531 0.002406 0.005219)
(0.003594 0.002406 0.005219)
(0.003656 0.002406 0.005219)
(0.003719 0.002406 0.005219)
(0.003781 0.002406 0.005219)
(0.003844 0.002406 0.005219)
(0.003906 0.002406 0.005219)
(0.003969 0.002406 0.005219)
(0.002531 0.002469 0.005219)
(0.002594 0.002469 0.005219)
(0.002656 0.002469 0.005219)
(0.002719 0.002469 0.005219)
(0.002781 0.002469 0.005219)
(0.002844 0.002469 0.005219)
(0.002906 0.002469 0.005219)
(0.002969 0.002469 0.005219)
(0.003031 0.002469 0.005219)
(0.003094 0.002469 0.005219)
(0.003156 0.002469 0.005219)
(0.003219 0.002469 0.005219)
(0.003281 0.002469 0.005219)
(0.003344 0.002469 0.005219)
(0.003406 0.002469 0.005219)
(0.003469 0.002469 0.005219)
(0.003531 0.002469 0.005219)
(0.003594 0.002469 0.005219)
(0.003656 0.002469 0.005219)
(0.003719 0.002469 0.005219)
(0.003781 0.002469 0.005219)
(0.003844 0.002469 0.005219)
(0.003906 0.002469 0.005219)
(0.003969 0.002469 0.005219)
(0.002531 0.002406 0.005281)
(0.002594 0.002406 0.005281)
(0.002656 0.002406 0.005281)
(0.002719 0.002406 0.005281)
(0.002781 0.002406 0.005281)
(0.002844 0.002406 0.005281)
(0.002906 0.002406 0.005281)
(0.002969 0.002406 0.005281)
(0.003031 0.002406 0.005281)
(0.003094 0.002406 0.005281)
(0.003156 0.002406 0.005281)
(0.003219 0.002406 0.005281)
(0.003281 0.002406 0.005281)
(0.003344 0.002406 0.005281)
(0.003406 0.002406 0.005281)
(0.003469 0.002406 0.005281)
(0.003531 0.002406 0.005281)
(0.003594 0.002406 0.005281)
(0.003656 0.002406 0.005281)
(0.003719 0.002406 0.005281)
(0.003781 0.002406 0.005281)
(0.003844 0.002406 0.005281)
(0.003906 0.002406 0.005281)
(0.003969 0.002406 0.005281)
(0.002531 0.002469 0.005281)
(0.002594 0.002469 0.005281)
(0.002656 0.002469 0.005281)
(0.002719 0.002469 0.005281)
(0.002781 0.002469 0.005281)
(0.002844 0.002469 0.005281)
(0.002906 0.002469 0.005281)
(0.002969 0.002469 0.005281)
(0.003031 0.002469 0.005281)
(0.003094 0.002469 0.005281)
(0.003156 0.002469 0.005281)
(0.003219 0.002469 0.005281)
(0.003281 0.002469 0.005281)
(0.003344 0.002469 0.005281)
(0.003406 0.002469 0.005281)
(0.003469 0.002469 0.005281)
(0.003531 0.002469 0.005281)
(0.003594 0.002469 0.005281)
(0.003656 0.002469 0.005281)
(0.003719 0.002469 0.005281)
(0.003781 0.002469 0.005281)
(0.003844 0.002469 0.005281)
(0.003906 0.002469 0.005281)
(0.003969 0.002469 0.005281)
(0.002531 0.002406 0.005344)
(0.002594 0.002406 0.005344)
(0.002656 0.002406 0.005344)
(0.002719 0.002406 0.005344)
(0.002781 0.002406 0.005344)
(0.002844 0.002406 0.005344)
(0.002906 0.002406 0.005344)
(0.002969 0.002406 0.005344)
(0.003031 0.002406 0.005344)
(0.003094 0.002406 0.005344)
(0.003156 0.002406 0.005344)
(0.003219 0.002406 0.005344)
(0.003281 0.002406 0.005344)
(0.003344 0.002406 0.005344)
(0.003406 0.002406 0.005344)
(0.003469 0.002406 0.005344)
(0.003531 0.002406 0.005344)
(0.003594 0.002406 0.005344)
(0.003656 0.002406 0.005344)
(0.003719 0.002406 0.005344)
(0.003781 0.002406 0.005344)
(0.003844 0.002406 0.005344)
(0.003906 0.002406 0.005344)
(0.003969 0.002406 0.005344)
(0.002531 0.002469 0.005344)
(0.002594 0.002469 0.005344)
(0.002656 0.002469 0.005344)
(0.002719 0.002469 0.005344)
(0.002781 0.002469 0.005344)
(0.002844 0.002469 0.005344)
(0.002906 0.002469 0.005344)
(0.002969 0.002469 0.005344)
(0.003031 0.002469 0.005344)
(0.003094 0.002469 0.005344)
(0.003156 0.002469 0.005344)
(0.003219 0.002469 0.005344)
(0.003281 0.002469 0.005344)
(0.003344 0.002469 0.005344)
(0.003406 0.002469 0.005344)
(0.003469 0.002469 0.005344)
(0.003531 0.002469 0.005344)
(0.003594 0.002469 0.005344)
(0.003656 0.002469 0.005344)
(0.003719 0.002469 0.005344)
(0.003781 0.002469 0.005344)
(0.003844 0.002469 0.005344)
(0.003906 0.002469 0.005344)
(0.003969 0.002469 0.005344)
(0.002531 0.002406 0.005406)
(0.002594 0.002406 0.005406)
(0.002656 0.002406 0.005406)
(0.002719 0.002406 0.005406)
(0.002781 0.002406 0.005406)
(0.002844 0.002406 0.005406)
(0.002906 0.002406 0.005406)
(0.002969 0.002406 0.005406)
(0.003031 0.002406 0.005406)
(0.003094 0.002406 0.005406)
(0.003156 0.002406 0.005406)
(0.003219 0.002406 0.005406)
(0.003281 0.002406 0.005406)
(0.003344 0.002406 0.005406)
(0.003406 0.002406 0.005406)
(0.003469 0.002406 0.005406)
(0.003531 0.002406 0.005406)
(0.003594 0.002406 0.005406)
(0.003656 0.002406 0.005406)
(0.003719 0.002406 0.005406)
(0.003781 0.002406 0.005406)
(0.003844 0.002406 0.005406)
(0.003906 0.002406 0.005406)
(0.003969 0.002406 0.005406)
(0.002531 0.002469 0.005406)
(0.002594 0.002469 0.005406)
(0.002656 0.002469 0.005406)
(0.002719 0.002469 0.005406)
(0.002781 0.002469 0.005406)
(0.002844 0.002469 0.005406)
(0.002906 0.002469 0.005406)
(0.002969 0.002469 0.005406)
(0.003031 0.002469 0.005406)
(0.003094 0.002469 0.005406)
(0.003156 0.002469 0.005406)
(0.003219 0.002469 0.005406)
(0.003281 0.002469 0.005406)
(0.003344 0.002469 0.005406)
(0.003406 0.002469 0.005406)
(0.003469 0.002469 0.005406)
(0.003531 0.002469 0.005406)
(0.003594 0.002469 0.005406)
(0.003656 0.002469 0.005406)
(0.003719 0.002469 0.005406)
(0.003781 0.002469 0.005406)
(0.003844 0.002469 0.005406)
(0.003906 0.002469 0.005406)
(0.003969 0.002469 0.005406)
(0.002531 0.002406 0.005469)
(0.002594 0.002406 0.005469)
(0.002656 0.002406 0.005469)
(0.002719 0.002406 0.005469)
(0.002781 0.002406 0.005469)
(0.002844 0.002406 0.005469)
(0.002906 0.002406 0.005469)
(0.002969 0.002406 0.005469)
(0.003031 0.002406 0.005469)
(0.003094 0.002406 0.005469)
(0.003156 0.002406 0.005469)
(0.003219 0.002406 0.005469)
(0.003281 0.002406 0.005469)
(0.003344 0.002406 0.005469)
(0.003406 0.002406 0.005469)
(0.003469 0.002406 0.005469)
(0.003531 0.002406 0.005469)
(0.003594 0.002406 0.005469)
(0.003656 0.002406 0.005469)
(0.003719 0.002406 0.005469)
(0.003781 0.002406 0.005469)
(0.003844 0.002406 0.005469)
(0.003906 0.002406 0.005469)
(0.003969 0.002406 0.005469)
(0.002531 0.002469 0.005469)
(0.002594 0.002469 0.005469)
(0.002656 0.002469 0.005469)
(0.002719 0.002469 0.005469)
(0.002781 0.002469 0.005469)
(0.002844 0.002469 0.005469)
(0.002906 0.002469 0.005469)
(0.002969 0.002469 0.005469)
(0.003031 0.002469 0.005469)
(0.003094 0.002469 0.005469)
(0.003156 0.002469 0.005469)
(0.003219 0.002469 0.005469)
(0.003281 0.002469 0.005469)
(0.003344 0.002469 0.005469)
(0.003406 0.002469 0.005469)
(0.003469 0.002469 0.005469)
(0.003531 0.002469 0.005469)
(0.003594 0.002469 0.005469)
(0.003656 0.002469 0.005469)
(0.003719 0.002469 0.005469)
(0.003781 0.002469 0.005469)
(0.003844 0.002469 0.005469)
(0.003906 0.002469 0.005469)
(0.003969 0.002469 0.005469)
(0.002531 0.002406 0.005531)
(0.002594 0.002406 0.005531)
(0.002656 0.002406 0.005531)
(0.002719 0.002406 0.005531)
(0.002781 0.002406 0.005531)
(0.002844 0.002406 0.005531)
(0.002906 0.002406 0.005531)
(0.002969 0.002406 0.005531)
(0.003031 0.002406 0.005531)
(0.003094 0.002406 0.005531)
(0.003156 0.002406 0.005531)
(0.003219 0.002406 0.005531)
(0.003281 0.002406 0.005531)
(0.003344 0.002406 0.005531)
(0.003406 0.002406 0.005531)
(0.003469 0.002406 0.005531)
(0.003531 0.002406 0.005531)
(0.003594 0.002406 0.005531)
(0.003656 0.002406 0.005531)
(0.003719 0.002406 0.005531)
(0.003781 0.002406 0.005531)
(0.003844 0.002406 0.005531)
(0.003906 0.002406 0.005531)
(0.003969 0.002406 0.005531)
(0.002531 0.002469 0.005531)
(0.002594 0.002469 0.005531)
(0.002656 0.002469 0.005531)
(0.002719 0.002469 0.005531)
(0.002781 0.002469 0.005531)
(0.002844 0.002469 0.005531)
(0.002906 0.002469 0.005531)
(0.002969 0.002469 0.005531)
(0.003031 0.002469 0.005531)
(0.003094 0.002469 0.005531)
(0.003156 0.002469 0.005531)
(0.003219 0.002469 0.005531)
(0.003281 0.002469 0.005531)
(0.003344 0.002469 0.005531)
(0.003406 0.002469 0.005531)
(0.003469 0.002469 0.005531)
(0.003531 0.002469 0.005531)
(0.003594 0.002469 0.005531)
(0.003656 0.002469 0.005531)
(0.003719 0.002469 0.005531)
(0.003781 0.002469 0.005531)
(0.003844 0.002469 0.005531)
(0.003906 0.002469 0.005531)
(0.003969 0.002469 0.005531)
(0.002531 0.002406 0.005594)
(0.002594 0.002406 0.005594)
(0.002656 0.002406 0.005594)
(0.002719 0.002406 0.005594)
(0.002781 0.002406 0.005594)
(0.002844 0.002406 0.005594)
(0.002906 0.002406 0.005594)
(0.002969 0.002406 0.005594)
(0.003031 0.002406 0.005594)
(0.003094 0.002406 0.005594)
(0.003156 0.002406 0.005594)
(0.003219 0.002406 0.005594)
(0.003281 0.002406 0.005594)
(0.003344 0.002406 0.005594)
(0.003406 0.002406 0.005594)
(0.003469 0.002406 0.005594)
(0.003531 0.002406 0.005594)
(0.003594 0.002406 0.005594)
(0.003656 0.002406 0.005594)
(0.003719 0.002406 0.005594)
(0.003781 0.002406 0.005594)
(0.003844 0.002406 0.005594)
(0.003906 0.002406 0.005594)
(0.003969 0.002406 0.005594)
(0.002531 0.002469 0.005594)
(0.002594 0.002469 0.005594)
(0.002656 0.002469 0.005594)
(0.002719 0.002469 0.005594)
(0.002781 0.002469 0.005594)
(0.002844 0.002469 0.005594)
(0.002906 0.002469 0.005594)
(0.002969 0.002469 0.005594)
(0.003031 0.002469 0.005594)
(0.003094 0.002469 0.005594)
(0.003156 0.002469 0.005594)
(0.003219 0.002469 0.005594)
(0.003281 0.002469 0.005594)
(0.003344 0.002469 0.005594)
(0.003406 0.002469 0.005594)
(0.003469 0.002469 0.005594)
(0.003531 0.002469 0.005594)
(0.003594 0.002469 0.005594)
(0.003656 0.002469 0.005594)
(0.003719 0.002469 0.005594)
(0.003781 0.002469 0.005594)
(0.003844 0.002469 0.005594)
(0.003906 0.002469 0.005594)
(0.003969 0.002469 0.005594)
(0.002531 0.002406 0.005656)
(0.002594 0.002406 0.005656)
(0.002656 0.002406 0.005656)
(0.002719 0.002406 0.005656)
(0.002781 0.002406 0.005656)
(0.002844 0.002406 0.005656)
(0.002906 0.002406 0.005656)
(0.002969 0.002406 0.005656)
(0.003031 0.002406 0.005656)
(0.003094 0.002406 0.005656)
(0.003156 0.002406 0.005656)
(0.003219 0.002406 0.005656)
(0.003281 0.002406 0.005656)
(0.003344 0.002406 0.005656)
(0.003406 0.002406 0.005656)
(0.003469 0.002406 0.005656)
(0.003531 0.002406 0.005656)
(0.003594 0.002406 0.005656)
(0.003656 0.002406 0.005656)
(0.003719 0.002406 0.005656)
(0.003781 0.002406 0.005656)
(0.003844 0.002406 0.005656)
(0.003906 0.002406 0.005656)
(0.003969 0.002406 0.005656)
(0.002531 0.002469 0.005656)
(0.002594 0.002469 0.005656)
(0.002656 0.002469 0.005656)
(0.002719 0.002469 0.005656)
(0.002781 0.002469 0.005656)
(0.002844 0.002469 0.005656)
(0.002906 0.002469 0.005656)
(0.002969 0.002469 0.005656)
(0.003031 0.002469 0.005656)
(0.003094 0.002469 0.005656)
(0.003156 0.002469 0.005656)
(0.003219 0.002469 0.005656)
(0.003281 0.002469 0.005656)
(0.003344 0.002469 0.005656)
(0.003406 0.002469 0.005656)
(0.003469 0.002469 0.005656)
(0.003531 0.002469 0.005656)
(0.003594 0.002469 0.005656)
(0.003656 0.002469 0.005656)
(0.003719 0.002469 0.005656)
(0.003781 0.002469 0.005656)
(0.003844 0.002469 0.005656)
(0.003906 0.002469 0.005656)
(0.003969 0.002469 0.005656)
(0.002531 0.002406 0.005719)
(0.002594 0.002406 0.005719)
(0.002656 0.002406 0.005719)
(0.002719 0.002406 0.005719)
(0.002781 0.002406 0.005719)
(0.002844 0.002406 0.005719)
(0.002906 0.002406 0.005719)
(0.002969 0.002406 0.005719)
(0.003031 0.002406 0.005719)
(0.003094 0.002406 0.005719)
(0.003156 0.002406 0.005719)
(0.003219 0.002406 0.005719)
(0.003281 0.002406 0.005719)
(0.003344 0.002406 0.005719)
(0.003406 0.002406 0.005719)
(0.003469 0.002406 0.005719)
(0.003531 0.002406 0.005719)
(0.003594 0.002406 0.005719)
(0.003656 0.002406 0.005719)
(0.003719 0.002406 0.005719)
(0.003781 0.002406 0.005719)
(0.003844 0.002406 0.005719)
(0.003906 0.002406 0.005719)
(0.003969 0.002406 0.005719)
(0.002531 0.002469 0.005719)
(0.002594 0.002469 0.005719)
(0.002656 0.002469 0.005719)
(0.002719 0.002469 0.005719)
(0.002781 0.002469 0.005719)
(0.002844 0.002469 0.005719)
(0.002906 0.002469 0.005719)
(0.002969 0.002469 0.005719)
(0.003031 0.002469 0.005719)
(0.003094 0.002469 0.005719)
(0.003156 0.002469 0.005719)
(0.003219 0.002469 0.005719)
(0.003281 0.002469 0.005719)
(0.003344 0.002469 0.005719)
(0.003406 0.002469 0.005719)
(0.003469 0.002469 0.005719)
(0.003531 0.002469 0.005719)
(0.003594 0.002469 0.005719)
(0.003656 0.002469 0.005719)
(0.003719 0.002469 0.005719)
(0.003781 0.002469 0.005719)
(0.003844 0.002469 0.005719)
(0.003906 0.002469 0.005719)
(0.003969 0.002469 0.005719)
(0.002531 0.002406 0.005781)
(0.002594 0.002406 0.005781)
(0.002656 0.002406 0.005781)
(0.002719 0.002406 0.005781)
(0.002781 0.002406 0.005781)
(0.002844 0.002406 0.005781)
(0.002906 0.002406 0.005781)
(0.002969 0.002406 0.005781)
(0.003031 0.002406 0.005781)
(0.003094 0.002406 0.005781)
(0.003156 0.002406 0.005781)
(0.003219 0.002406 0.005781)
(0.003281 0.002406 0.005781)
(0.003344 0.002406 0.005781)
(0.003406 0.002406 0.005781)
(0.003469 0.002406 0.005781)
(0.003531 0.002406 0.005781)
(0.003594 0.002406 0.005781)
(0.003656 0.002406 0.005781)
(0.003719 0.002406 0.005781)
(0.003781 0.002406 0.005781)
(0.003844 0.002406 0.005781)
(0.003906 0.002406 0.005781)
(0.003969 0.002406 0.005781)
(0.002531 0.002469 0.005781)
(0.002594 0.002469 0.005781)
(0.002656 0.002469 0.005781)
(0.002719 0.002469 0.005781)
(0.002781 0.002469 0.005781)
(0.002844 0.002469 0.005781)
(0.002906 0.002469 0.005781)
(0.002969 0.002469 0.005781)
(0.003031 0.002469 0.005781)
(0.003094 0.002469 0.005781)
(0.003156 0.002469 0.005781)
(0.003219 0.002469 0.005781)
(0.003281 0.002469 0.005781)
(0.003344 0.002469 0.005781)
(0.003406 0.002469 0.005781)
(0.003469 0.002469 0.005781)
(0.003531 0.002469 0.005781)
(0.003594 0.002469 0.005781)
(0.003656 0.002469 0.005781)
(0.003719 0.002469 0.005781)
(0.003781 0.002469 0.005781)
(0.003844 0.002469 0.005781)
(0.003906 0.002469 0.005781)
(0.003969 0.002469 0.005781)
(0.002531 0.002406 0.005844)
(0.002594 0.002406 0.005844)
(0.002656 0.002406 0.005844)
(0.002719 0.002406 0.005844)
(0.002781 0.002406 0.005844)
(0.002844 0.002406 0.005844)
(0.002906 0.002406 0.005844)
(0.002969 0.002406 0.005844)
(0.003031 0.002406 0.005844)
(0.003094 0.002406 0.005844)
(0.003156 0.002406 0.005844)
(0.003219 0.002406 0.005844)
(0.003281 0.002406 0.005844)
(0.003344 0.002406 0.005844)
(0.003406 0.002406 0.005844)
(0.003469 0.002406 0.005844)
(0.003531 0.002406 0.005844)
(0.003594 0.002406 0.005844)
(0.003656 0.002406 0.005844)
(0.003719 0.002406 0.005844)
(0.003781 0.002406 0.005844)
(0.003844 0.002406 0.005844)
(0.003906 0.002406 0.005844)
(0.003969 0.002406 0.005844)
(0.002531 0.002469 0.005844)
(0.002594 0.002469 0.005844)
(0.002656 0.002469 0.005844)
(0.002719 0.002469 0.005844)
(0.002781 0.002469 0.005844)
(0.002844 0.002469 0.005844)
(0.002906 0.002469 0.005844)
(0.002969 0.002469 0.005844)
(0.003031 0.002469 0.005844)
(0.003094 0.002469 0.005844)
(0.003156 0.002469 0.005844)
(0.003219 0.002469 0.005844)
(0.003281 0.002469 0.005844)
(0.003344 0.002469 0.005844)
(0.003406 0.002469 0.005844)
(0.003469 0.002469 0.005844)
(0.003531 0.002469 0.005844)
(0.003594 0.002469 0.005844)
(0.003656 0.002469 0.005844)
(0.003719 0.002469 0.005844)
(0.003781 0.002469 0.005844)
(0.003844 0.002469 0.005844)
(0.003906 0.002469 0.005844)
(0.003969 0.002469 0.005844)
(0.002531 0.002406 0.005906)
(0.002594 0.002406 0.005906)
(0.002656 0.002406 0.005906)
(0.002719 0.002406 0.005906)
(0.002781 0.002406 0.005906)
(0.002844 0.002406 0.005906)
(0.002906 0.002406 0.005906)
(0.002969 0.002406 0.005906)
(0.003031 0.002406 0.005906)
(0.003094 0.002406 0.005906)
(0.003156 0.002406 0.005906)
(0.003219 0.002406 0.005906)
(0.003281 0.002406 0.005906)
(0.003344 0.002406 0.005906)
(0.003406 0.002406 0.005906)
(0.003469 0.002406 0.005906)
(0.003531 0.002406 0.005906)
(0.003594 0.002406 0.005906)
(0.003656 0.002406 0.005906)
(0.003719 0.002406 0.005906)
(0.003781 0.002406 0.005906)
(0.003844 0.002406 0.005906)
(0.003906 0.002406 0.005906)
(0.003969 0.002406 0.005906)
(0.002531 0.002469 0.005906)
(0.002594 0.002469 0.005906)
(0.002656 0.002469 0.005906)
(0.002719 0.002469 0.005906)
(0.002781 0.002469 0.005906)
(0.002844 0.002469 0.005906)
(0.002906 0.002469 0.005906)
(0.002969 0.002469 0.005906)
(0.003031 0.002469 0.005906)
(0.003094 0.002469 0.005906)
(0.003156 0.002469 0.005906)
(0.003219 0.002469 0.005906)
(0.003281 0.002469 0.005906)
(0.003344 0.002469 0.005906)
(0.003406 0.002469 0.005906)
(0.003469 0.002469 0.005906)
(0.003531 0.002469 0.005906)
(0.003594 0.002469 0.005906)
(0.003656 0.002469 0.005906)
(0.003719 0.002469 0.005906)
(0.003781 0.002469 0.005906)
(0.003844 0.002469 0.005906)
(0.003906 0.002469 0.005906)
(0.003969 0.002469 0.005906)
(0.002531 0.002406 0.005969)
(0.002594 0.002406 0.005969)
(0.002656 0.002406 0.005969)
(0.002719 0.002406 0.005969)
(0.002781 0.002406 0.005969)
(0.002844 0.002406 0.005969)
(0.002906 0.002406 0.005969)
(0.002969 0.002406 0.005969)
(0.003031 0.002406 0.005969)
(0.003094 0.002406 0.005969)
(0.003156 0.002406 0.005969)
(0.003219 0.002406 0.005969)
(0.003281 0.002406 0.005969)
(0.003344 0.002406 0.005969)
(0.003406 0.002406 0.005969)
(0.003469 0.002406 0.005969)
(0.003531 0.002406 0.005969)
(0.003594 0.002406 0.005969)
(0.003656 0.002406 0.005969)
(0.003719 0.002406 0.005969)
(0.003781 0.002406 0.005969)
(0.003844 0.002406 0.005969)
(0.003906 0.002406 0.005969)
(0.003969 0.002406 0.005969)
(0.002531 0.002469 0.005969)
(0.002594 0.002469 0.005969)
(0.002656 0.002469 0.005969)
(0.002719 0.002469 0.005969)
(0.002781 0.002469 0.005969)
(0.002844 0.002469 0.005969)
(0.002906 0.002469 0.005969)
(0.002969 0.002469 0.005969)
(0.003031 0.002469 0.005969)
(0.003094 0.002469 0.005969)
(0.003156 0.002469 0.005969)
(0.003219 0.002469 0.005969)
(0.003281 0.002469 0.005969)
(0.003344 0.002469 0.005969)
(0.003406 0.002469 0.005969)
(0.003469 0.002469 0.005969)
(0.003531 0.002469 0.005969)
(0.003594 0.002469 0.005969)
(0.003656 0.002469 0.005969)
(0.003719 0.002469 0.005969)
(0.003781 0.002469 0.005969)
(0.003844 0.002469 0.005969)
(0.003906 0.002469 0.005969)
(0.003969 0.002469 0.005969)
(0.004031 0.002406 0.003969)
(0.004094 0.002406 0.003969)
(0.004156 0.002406 0.003969)
(0.004219 0.002406 0.003969)
(0.004281 0.002406 0.003969)
(0.004344 0.002406 0.003969)
(0.004406 0.002406 0.003969)
(0.004469 0.002406 0.003969)
(0.004531 0.002406 0.003969)
(0.004594 0.002406 0.003969)
(0.004656 0.002406 0.003969)
(0.004719 0.002406 0.003969)
(0.004781 0.002406 0.003969)
(0.004844 0.002406 0.003969)
(0.004906 0.002406 0.003969)
(0.004969 0.002406 0.003969)
(0.004031 0.002469 0.003969)
(0.004094 0.002469 0.003969)
(0.004156 0.002469 0.003969)
(0.004219 0.002469 0.003969)
(0.004281 0.002469 0.003969)
(0.004344 0.002469 0.003969)
(0.004406 0.002469 0.003969)
(0.004469 0.002469 0.003969)
(0.004531 0.002469 0.003969)
(0.004594 0.002469 0.003969)
(0.004656 0.002469 0.003969)
(0.004719 0.002469 0.003969)
(0.004781 0.002469 0.003969)
(0.004844 0.002469 0.003969)
(0.004906 0.002469 0.003969)
(0.004969 0.002469 0.003969)
(0.004031 0.002406 0.004031)
(0.004094 0.002406 0.004031)
(0.004156 0.002406 0.004031)
(0.004219 0.002406 0.004031)
(0.004281 0.002406 0.004031)
(0.004344 0.002406 0.004031)
(0.004406 0.002406 0.004031)
(0.004469 0.002406 0.004031)
(0.004531 0.002406 0.004031)
(0.004594 0.002406 0.004031)
(0.004656 0.002406 0.004031)
(0.004719 0.002406 0.004031)
(0.004781 0.002406 0.004031)
(0.004844 0.002406 0.004031)
(0.004906 0.002406 0.004031)
(0.004969 0.002406 0.004031)
(0.004031 0.002469 0.004031)
(0.004094 0.002469 0.004031)
(0.004156 0.002469 0.004031)
(0.004219 0.002469 0.004031)
(0.004281 0.002469 0.004031)
(0.004344 0.002469 0.004031)
(0.004406 0.002469 0.004031)
(0.004469 0.002469 0.004031)
(0.004531 0.002469 0.004031)
(0.004594 0.002469 0.004031)
(0.004656 0.002469 0.004031)
(0.004719 0.002469 0.004031)
(0.004781 0.002469 0.004031)
(0.004844 0.002469 0.004031)
(0.004906 0.002469 0.004031)
(0.004969 0.002469 0.004031)
(0.004031 0.002406 0.004094)
(0.004094 0.002406 0.004094)
(0.004156 0.002406 0.004094)
(0.004219 0.002406 0.004094)
(0.004281 0.002406 0.004094)
(0.004344 0.002406 0.004094)
(0.004406 0.002406 0.004094)
(0.004469 0.002406 0.004094)
(0.004531 0.002406 0.004094)
(0.004594 0.002406 0.004094)
(0.004656 0.002406 0.004094)
(0.004719 0.002406 0.004094)
(0.004781 0.002406 0.004094)
(0.004844 0.002406 0.004094)
(0.004906 0.002406 0.004094)
(0.004969 0.002406 0.004094)
(0.004031 0.002469 0.004094)
(0.004094 0.002469 0.004094)
(0.004156 0.002469 0.004094)
(0.004219 0.002469 0.004094)
(0.004281 0.002469 0.004094)
(0.004344 0.002469 0.004094)
(0.004406 0.002469 0.004094)
(0.004469 0.002469 0.004094)
(0.004531 0.002469 0.004094)
(0.004594 0.002469 0.004094)
(0.004656 0.002469 0.004094)
(0.004719 0.002469 0.004094)
(0.004781 0.002469 0.004094)
(0.004844 0.002469 0.004094)
(0.004906 0.002469 0.004094)
(0.004969 0.002469 0.004094)
(0.004031 0.002406 0.004156)
(0.004094 0.002406 0.004156)
(0.004156 0.002406 0.004156)
(0.004219 0.002406 0.004156)
(0.004281 0.002406 0.004156)
(0.004344 0.002406 0.004156)
(0.004406 0.002406 0.004156)
(0.004469 0.002406 0.004156)
(0.004531 0.002406 0.004156)
(0.004594 0.002406 0.004156)
(0.004656 0.002406 0.004156)
(0.004719 0.002406 0.004156)
(0.004781 0.002406 0.004156)
(0.004844 0.002406 0.004156)
(0.004906 0.002406 0.004156)
(0.004969 0.002406 0.004156)
(0.004031 0.002469 0.004156)
(0.004094 0.002469 0.004156)
(0.004156 0.002469 0.004156)
(0.004219 0.002469 0.004156)
(0.004281 0.002469 0.004156)
(0.004344 0.002469 0.004156)
(0.004406 0.002469 0.004156)
(0.004469 0.002469 0.004156)
(0.004531 0.002469 0.004156)
(0.004594 0.002469 0.004156)
(0.004656 0.002469 0.004156)
(0.004719 0.002469 0.004156)
(0.004781 0.002469 0.004156)
(0.004844 0.002469 0.004156)
(0.004906 0.002469 0.004156)
(0.004969 0.002469 0.004156)
(0.004031 0.002406 0.004219)
(0.004094 0.002406 0.004219)
(0.004156 0.002406 0.004219)
(0.004219 0.002406 0.004219)
(0.004281 0.002406 0.004219)
(0.004344 0.002406 0.004219)
(0.004406 0.002406 0.004219)
(0.004469 0.002406 0.004219)
(0.004531 0.002406 0.004219)
(0.004594 0.002406 0.004219)
(0.004656 0.002406 0.004219)
(0.004719 0.002406 0.004219)
(0.004781 0.002406 0.004219)
(0.004844 0.002406 0.004219)
(0.004906 0.002406 0.004219)
(0.004969 0.002406 0.004219)
(0.004031 0.002469 0.004219)
(0.004094 0.002469 0.004219)
(0.004156 0.002469 0.004219)
(0.004219 0.002469 0.004219)
(0.004281 0.002469 0.004219)
(0.004344 0.002469 0.004219)
(0.004406 0.002469 0.004219)
(0.004469 0.002469 0.004219)
(0.004531 0.002469 0.004219)
(0.004594 0.002469 0.004219)
(0.004656 0.002469 0.004219)
(0.004719 0.002469 0.004219)
(0.004781 0.002469 0.004219)
(0.004844 0.002469 0.004219)
(0.004906 0.002469 0.004219)
(0.004969 0.002469 0.004219)
(0.004031 0.002406 0.004281)
(0.004094 0.002406 0.004281)
(0.004156 0.002406 0.004281)
(0.004219 0.002406 0.004281)
(0.004281 0.002406 0.004281)
(0.004344 0.002406 0.004281)
(0.004406 0.002406 0.004281)
(0.004469 0.002406 0.004281)
(0.004531 0.002406 0.004281)
(0.004594 0.002406 0.004281)
(0.004656 0.002406 0.004281)
(0.004719 0.002406 0.004281)
(0.004781 0.002406 0.004281)
(0.004844 0.002406 0.004281)
(0.004906 0.002406 0.004281)
(0.004969 0.002406 0.004281)
(0.004031 0.002469 0.004281)
(0.004094 0.002469 0.004281)
(0.004156 0.002469 0.004281)
(0.004219 0.002469 0.004281)
(0.004281 0.002469 0.004281)
(0.004344 0.002469 0.004281)
(0.004406 0.002469 0.004281)
(0.004469 0.002469 0.004281)
(0.004531 0.002469 0.004281)
(0.004594 0.002469 0.004281)
(0.004656 0.002469 0.004281)
(0.004719 0.002469 0.004281)
(0.004781 0.002469 0.004281)
(0.004844 0.002469 0.004281)
(0.004906 0.002469 0.004281)
(0.004969 0.002469 0.004281)
(0.004031 0.002406 0.004344)
(0.004094 0.002406 0.004344)
(0.004156 0.002406 0.004344)
(0.004219 0.002406 0.004344)
(0.004281 0.002406 0.004344)
(0.004344 0.002406 0.004344)
(0.004406 0.002406 0.004344)
(0.004469 0.002406 0.004344)
(0.004531 0.002406 0.004344)
(0.004594 0.002406 0.004344)
(0.004656 0.002406 0.004344)
(0.004719 0.002406 0.004344)
(0.004781 0.002406 0.004344)
(0.004844 0.002406 0.004344)
(0.004906 0.002406 0.004344)
(0.004969 0.002406 0.004344)
(0.004031 0.002469 0.004344)
(0.004094 0.002469 0.004344)
(0.004156 0.002469 0.004344)
(0.004219 0.002469 0.004344)
(0.004281 0.002469 0.004344)
(0.004344 0.002469 0.004344)
(0.004406 0.002469 0.004344)
(0.004469 0.002469 0.004344)
(0.004531 0.002469 0.004344)
(0.004594 0.002469 0.004344)
(0.004656 0.002469 0.004344)
(0.004719 0.002469 0.004344)
(0.004781 0.002469 0.004344)
(0.004844 0.002469 0.004344)
(0.004906 0.002469 0.004344)
(0.004969 0.002469 0.004344)
(0.004031 0.002406 0.004406)
(0.004094 0.002406 0.004406)
(0.004156 0.002406 0.004406)
(0.004219 0.002406 0.004406)
(0.004281 0.002406 0.004406)
(0.004344 0.002406 0.004406)
(0.004406 0.002406 0.004406)
(0.004469 0.002406 0.004406)
(0.004531 0.002406 0.004406)
(0.004594 0.002406 0.004406)
(0.004656 0.002406 0.004406)
(0.004719 0.002406 0.004406)
(0.004781 0.002406 0.004406)
(0.004844 0.002406 0.004406)
(0.004906 0.002406 0.004406)
(0.004969 0.002406 0.004406)
(0.004031 0.002469 0.004406)
(0.004094 0.002469 0.004406)
(0.004156 0.002469 0.004406)
(0.004219 0.002469 0.004406)
(0.004281 0.002469 0.004406)
(0.004344 0.002469 0.004406)
(0.004406 0.002469 0.004406)
(0.004469 0.002469 0.004406)
(0.004531 0.002469 0.004406)
(0.004594 0.002469 0.004406)
(0.004656 0.002469 0.004406)
(0.004719 0.002469 0.004406)
(0.004781 0.002469 0.004406)
(0.004844 0.002469 0.004406)
(0.004906 0.002469 0.004406)
(0.004969 0.002469 0.004406)
(0.004031 0.002406 0.004469)
(0.004094 0.002406 0.004469)
(0.004156 0.002406 0.004469)
(0.004219 0.002406 0.004469)
(0.004281 0.002406 0.004469)
(0.004344 0.002406 0.004469)
(0.004406 0.002406 0.004469)
(0.004469 0.002406 0.004469)
(0.004531 0.002406 0.004469)
(0.004594 0.002406 0.004469)
(0.004656 0.002406 0.004469)
(0.004719 0.002406 0.004469)
(0.004781 0.002406 0.004469)
(0.004844 0.002406 0.004469)
(0.004906 0.002406 0.004469)
(0.004969 0.002406 0.004469)
(0.004031 0.002469 0.004469)
(0.004094 0.002469 0.004469)
(0.004156 0.002469 0.004469)
(0.004219 0.002469 0.004469)
(0.004281 0.002469 0.004469)
(0.004344 0.002469 0.004469)
(0.004406 0.002469 0.004469)
(0.004469 0.002469 0.004469)
(0.004531 0.002469 0.004469)
(0.004594 0.002469 0.004469)
(0.004656 0.002469 0.004469)
(0.004719 0.002469 0.004469)
(0.004781 0.002469 0.004469)
(0.004844 0.002469 0.004469)
(0.004906 0.002469 0.004469)
(0.004969 0.002469 0.004469)
(0.004031 0.002406 0.004531)
(0.004094 0.002406 0.004531)
(0.004156 0.002406 0.004531)
(0.004219 0.002406 0.004531)
(0.004281 0.002406 0.004531)
(0.004344 0.002406 0.004531)
(0.004406 0.002406 0.004531)
(0.004469 0.002406 0.004531)
(0.004531 0.002406 0.004531)
(0.004594 0.002406 0.004531)
(0.004656 0.002406 0.004531)
(0.004719 0.002406 0.004531)
(0.004781 0.002406 0.004531)
(0.004844 0.002406 0.004531)
(0.004906 0.002406 0.004531)
(0.004969 0.002406 0.004531)
(0.004031 0.002469 0.004531)
(0.004094 0.002469 0.004531)
(0.004156 0.002469 0.004531)
(0.004219 0.002469 0.004531)
(0.004281 0.002469 0.004531)
(0.004344 0.002469 0.004531)
(0.004406 0.002469 0.004531)
(0.004469 0.002469 0.004531)
(0.004531 0.002469 0.004531)
(0.004594 0.002469 0.004531)
(0.004656 0.002469 0.004531)
(0.004719 0.002469 0.004531)
(0.004781 0.002469 0.004531)
(0.004844 0.002469 0.004531)
(0.004906 0.002469 0.004531)
(0.004969 0.002469 0.004531)
(0.004031 0.002406 0.004594)
(0.004094 0.002406 0.004594)
(0.004156 0.002406 0.004594)
(0.004219 0.002406 0.004594)
(0.004281 0.002406 0.004594)
(0.004344 0.002406 0.004594)
(0.004406 0.002406 0.004594)
(0.004469 0.002406 0.004594)
(0.004531 0.002406 0.004594)
(0.004594 0.002406 0.004594)
(0.004656 0.002406 0.004594)
(0.004719 0.002406 0.004594)
(0.004781 0.002406 0.004594)
(0.004844 0.002406 0.004594)
(0.004906 0.002406 0.004594)
(0.004969 0.002406 0.004594)
(0.004031 0.002469 0.004594)
(0.004094 0.002469 0.004594)
(0.004156 0.002469 0.004594)
(0.004219 0.002469 0.004594)
(0.004281 0.002469 0.004594)
(0.004344 0.002469 0.004594)
(0.004406 0.002469 0.004594)
(0.004469 0.002469 0.004594)
(0.004531 0.002469 0.004594)
(0.004594 0.002469 0.004594)
(0.004656 0.002469 0.004594)
(0.004719 0.002469 0.004594)
(0.004781 0.002469 0.004594)
(0.004844 0.002469 0.004594)
(0.004906 0.002469 0.004594)
(0.004969 0.002469 0.004594)
(0.004031 0.002406 0.004656)
(0.004094 0.002406 0.004656)
(0.004156 0.002406 0.004656)
(0.004219 0.002406 0.004656)
(0.004281 0.002406 0.004656)
(0.004344 0.002406 0.004656)
(0.004406 0.002406 0.004656)
(0.004469 0.002406 0.004656)
(0.004531 0.002406 0.004656)
(0.004594 0.002406 0.004656)
(0.004656 0.002406 0.004656)
(0.004719 0.002406 0.004656)
(0.004781 0.002406 0.004656)
(0.004844 0.002406 0.004656)
(0.004906 0.002406 0.004656)
(0.004969 0.002406 0.004656)
(0.004031 0.002469 0.004656)
(0.004094 0.002469 0.004656)
(0.004156 0.002469 0.004656)
(0.004219 0.002469 0.004656)
(0.004281 0.002469 0.004656)
(0.004344 0.002469 0.004656)
(0.004406 0.002469 0.004656)
(0.004469 0.002469 0.004656)
(0.004531 0.002469 0.004656)
(0.004594 0.002469 0.004656)
(0.004656 0.002469 0.004656)
(0.004719 0.002469 0.004656)
(0.004781 0.002469 0.004656)
(0.004844 0.002469 0.004656)
(0.004906 0.002469 0.004656)
(0.004969 0.002469 0.004656)
(0.004031 0.002406 0.004719)
(0.004094 0.002406 0.004719)
(0.004156 0.002406 0.004719)
(0.004219 0.002406 0.004719)
(0.004281 0.002406 0.004719)
(0.004344 0.002406 0.004719)
(0.004406 0.002406 0.004719)
(0.004469 0.002406 0.004719)
(0.004531 0.002406 0.004719)
(0.004594 0.002406 0.004719)
(0.004656 0.002406 0.004719)
(0.004719 0.002406 0.004719)
(0.004781 0.002406 0.004719)
(0.004844 0.002406 0.004719)
(0.004906 0.002406 0.004719)
(0.004969 0.002406 0.004719)
(0.004031 0.002469 0.004719)
(0.004094 0.002469 0.004719)
(0.004156 0.002469 0.004719)
(0.004219 0.002469 0.004719)
(0.004281 0.002469 0.004719)
(0.004344 0.002469 0.004719)
(0.004406 0.002469 0.004719)
(0.004469 0.002469 0.004719)
(0.004531 0.002469 0.004719)
(0.004594 0.002469 0.004719)
(0.004656 0.002469 0.004719)
(0.004719 0.002469 0.004719)
(0.004781 0.002469 0.004719)
(0.004844 0.002469 0.004719)
(0.004906 0.002469 0.004719)
(0.004969 0.002469 0.004719)
(0.004031 0.002406 0.004781)
(0.004094 0.002406 0.004781)
(0.004156 0.002406 0.004781)
(0.004219 0.002406 0.004781)
(0.004281 0.002406 0.004781)
(0.004344 0.002406 0.004781)
(0.004406 0.002406 0.004781)
(0.004469 0.002406 0.004781)
(0.004531 0.002406 0.004781)
(0.004594 0.002406 0.004781)
(0.004656 0.002406 0.004781)
(0.004719 0.002406 0.004781)
(0.004781 0.002406 0.004781)
(0.004844 0.002406 0.004781)
(0.004906 0.002406 0.004781)
(0.004969 0.002406 0.004781)
(0.004031 0.002469 0.004781)
(0.004094 0.002469 0.004781)
(0.004156 0.002469 0.004781)
(0.004219 0.002469 0.004781)
(0.004281 0.002469 0.004781)
(0.004344 0.002469 0.004781)
(0.004406 0.002469 0.004781)
(0.004469 0.002469 0.004781)
(0.004531 0.002469 0.004781)
(0.004594 0.002469 0.004781)
(0.004656 0.002469 0.004781)
(0.004719 0.002469 0.004781)
(0.004781 0.002469 0.004781)
(0.004844 0.002469 0.004781)
(0.004906 0.002469 0.004781)
(0.004969 0.002469 0.004781)
(0.004031 0.002406 0.004844)
(0.004094 0.002406 0.004844)
(0.004156 0.002406 0.004844)
(0.004219 0.002406 0.004844)
(0.004281 0.002406 0.004844)
(0.004344 0.002406 0.004844)
(0.004406 0.002406 0.004844)
(0.004469 0.002406 0.004844)
(0.004531 0.002406 0.004844)
(0.004594 0.002406 0.004844)
(0.004656 0.002406 0.004844)
(0.004719 0.002406 0.004844)
(0.004781 0.002406 0.004844)
(0.004844 0.002406 0.004844)
(0.004906 0.002406 0.004844)
(0.004969 0.002406 0.004844)
(0.004031 0.002469 0.004844)
(0.004094 0.002469 0.004844)
(0.004156 0.002469 0.004844)
(0.004219 0.002469 0.004844)
(0.004281 0.002469 0.004844)
(0.004344 0.002469 0.004844)
(0.004406 0.002469 0.004844)
(0.004469 0.002469 0.004844)
(0.004531 0.002469 0.004844)
(0.004594 0.002469 0.004844)
(0.004656 0.002469 0.004844)
(0.004719 0.002469 0.004844)
(0.004781 0.002469 0.004844)
(0.004844 0.002469 0.004844)
(0.004906 0.002469 0.004844)
(0.004969 0.002469 0.004844)
(0.004031 0.002406 0.004906)
(0.004094 0.002406 0.004906)
(0.004156 0.002406 0.004906)
(0.004219 0.002406 0.004906)
(0.004281 0.002406 0.004906)
(0.004344 0.002406 0.004906)
(0.004406 0.002406 0.004906)
(0.004469 0.002406 0.004906)
(0.004531 0.002406 0.004906)
(0.004594 0.002406 0.004906)
(0.004656 0.002406 0.004906)
(0.004719 0.002406 0.004906)
(0.004781 0.002406 0.004906)
(0.004844 0.002406 0.004906)
(0.004906 0.002406 0.004906)
(0.004969 0.002406 0.004906)
(0.004031 0.002469 0.004906)
(0.004094 0.002469 0.004906)
(0.004156 0.002469 0.004906)
(0.004219 0.002469 0.004906)
(0.004281 0.002469 0.004906)
(0.004344 0.002469 0.004906)
(0.004406 0.002469 0.004906)
(0.004469 0.002469 0.004906)
(0.004531 0.002469 0.004906)
(0.004594 0.002469 0.004906)
(0.004656 0.002469 0.004906)
(0.004719 0.002469 0.004906)
(0.004781 0.002469 0.004906)
(0.004844 0.002469 0.004906)
(0.004906 0.002469 0.004906)
(0.004969 0.002469 0.004906)
(0.004031 0.002406 0.004969)
(0.004094 0.002406 0.004969)
(0.004156 0.002406 0.004969)
(0.004219 0.002406 0.004969)
(0.004281 0.002406 0.004969)
(0.004344 0.002406 0.004969)
(0.004406 0.002406 0.004969)
(0.004469 0.002406 0.004969)
(0.004531 0.002406 0.004969)
(0.004594 0.002406 0.004969)
(0.004656 0.002406 0.004969)
(0.004719 0.002406 0.004969)
(0.004781 0.002406 0.004969)
(0.004844 0.002406 0.004969)
(0.004906 0.002406 0.004969)
(0.004969 0.002406 0.004969)
(0.004031 0.002469 0.004969)
(0.004094 0.002469 0.004969)
(0.004156 0.002469 0.004969)
(0.004219 0.002469 0.004969)
(0.004281 0.002469 0.004969)
(0.004344 0.002469 0.004969)
(0.004406 0.002469 0.004969)
(0.004469 0.002469 0.004969)
(0.004531 0.002469 0.004969)
(0.004594 0.002469 0.004969)
(0.004656 0.002469 0.004969)
(0.004719 0.002469 0.004969)
(0.004781 0.002469 0.004969)
(0.004844 0.002469 0.004969)
(0.004906 0.002469 0.004969)
(0.004969 0.002469 0.004969)
(0.004031 0.002406 0.005031)
(0.004094 0.002406 0.005031)
(0.004156 0.002406 0.005031)
(0.004219 0.002406 0.005031)
(0.004281 0.002406 0.005031)
(0.004344 0.002406 0.005031)
(0.004406 0.002406 0.005031)
(0.004469 0.002406 0.005031)
(0.004531 0.002406 0.005031)
(0.004594 0.002406 0.005031)
(0.004656 0.002406 0.005031)
(0.004719 0.002406 0.005031)
(0.004781 0.002406 0.005031)
(0.004844 0.002406 0.005031)
(0.004906 0.002406 0.005031)
(0.004969 0.002406 0.005031)
(0.004031 0.002469 0.005031)
(0.004094 0.002469 0.005031)
(0.004156 0.002469 0.005031)
(0.004219 0.002469 0.005031)
(0.004281 0.002469 0.005031)
(0.004344 0.002469 0.005031)
(0.004406 0.002469 0.005031)
(0.004469 0.002469 0.005031)
(0.004531 0.002469 0.005031)
(0.004594 0.002469 0.005031)
(0.004656 0.002469 0.005031)
(0.004719 0.002469 0.005031)
(0.004781 0.002469 0.005031)
(0.004844 0.002469 0.005031)
(0.004906 0.002469 0.005031)
(0.004969 0.002469 0.005031)
(0.004031 0.002406 0.005094)
(0.004094 0.002406 0.005094)
(0.004156 0.002406 0.005094)
(0.004219 0.002406 0.005094)
(0.004281 0.002406 0.005094)
(0.004344 0.002406 0.005094)
(0.004406 0.002406 0.005094)
(0.004469 0.002406 0.005094)
(0.004531 0.002406 0.005094)
(0.004594 0.002406 0.005094)
(0.004656 0.002406 0.005094)
(0.004719 0.002406 0.005094)
(0.004781 0.002406 0.005094)
(0.004844 0.002406 0.005094)
(0.004906 0.002406 0.005094)
(0.004969 0.002406 0.005094)
(0.004031 0.002469 0.005094)
(0.004094 0.002469 0.005094)
(0.004156 0.002469 0.005094)
(0.004219 0.002469 0.005094)
(0.004281 0.002469 0.005094)
(0.004344 0.002469 0.005094)
(0.004406 0.002469 0.005094)
(0.004469 0.002469 0.005094)
(0.004531 0.002469 0.005094)
(0.004594 0.002469 0.005094)
(0.004656 0.002469 0.005094)
(0.004719 0.002469 0.005094)
(0.004781 0.002469 0.005094)
(0.004844 0.002469 0.005094)
(0.004906 0.002469 0.005094)
(0.004969 0.002469 0.005094)
(0.004031 0.002406 0.005156)
(0.004094 0.002406 0.005156)
(0.004156 0.002406 0.005156)
(0.004219 0.002406 0.005156)
(0.004281 0.002406 0.005156)
(0.004344 0.002406 0.005156)
(0.004406 0.002406 0.005156)
(0.004469 0.002406 0.005156)
(0.004531 0.002406 0.005156)
(0.004594 0.002406 0.005156)
(0.004656 0.002406 0.005156)
(0.004719 0.002406 0.005156)
(0.004781 0.002406 0.005156)
(0.004844 0.002406 0.005156)
(0.004906 0.002406 0.005156)
(0.004969 0.002406 0.005156)
(0.004031 0.002469 0.005156)
(0.004094 0.002469 0.005156)
(0.004156 0.002469 0.005156)
(0.004219 0.002469 0.005156)
(0.004281 0.002469 0.005156)
(0.004344 0.002469 0.005156)
(0.004406 0.002469 0.005156)
(0.004469 0.002469 0.005156)
(0.004531 0.002469 0.005156)
(0.004594 0.002469 0.005156)
(0.004656 0.002469 0.005156)
(0.004719 0.002469 0.005156)
(0.004781 0.002469 0.005156)
(0.004844 0.002469 0.005156)
(0.004906 0.002469 0.005156)
(0.004969 0.002469 0.005156)
(0.004031 0.002406 0.005219)
(0.004094 0.002406 0.005219)
(0.004156 0.002406 0.005219)
(0.004219 0.002406 0.005219)
(0.004281 0.002406 0.005219)
(0.004344 0.002406 0.005219)
(0.004406 0.002406 0.005219)
(0.004469 0.002406 0.005219)
(0.004531 0.002406 0.005219)
(0.004594 0.002406 0.005219)
(0.004656 0.002406 0.005219)
(0.004719 0.002406 0.005219)
(0.004781 0.002406 0.005219)
(0.004844 0.002406 0.005219)
(0.004906 0.002406 0.005219)
(0.004969 0.002406 0.005219)
(0.004031 0.002469 0.005219)
(0.004094 0.002469 0.005219)
(0.004156 0.002469 0.005219)
(0.004219 0.002469 0.005219)
(0.004281 0.002469 0.005219)
(0.004344 0.002469 0.005219)
(0.004406 0.002469 0.005219)
(0.004469 0.002469 0.005219)
(0.004531 0.002469 0.005219)
(0.004594 0.002469 0.005219)
(0.004656 0.002469 0.005219)
(0.004719 0.002469 0.005219)
(0.004781 0.002469 0.005219)
(0.004844 0.002469 0.005219)
(0.004906 0.002469 0.005219)
(0.004969 0.002469 0.005219)
(0.004031 0.002406 0.005281)
(0.004094 0.002406 0.005281)
(0.004156 0.002406 0.005281)
(0.004219 0.002406 0.005281)
(0.004281 0.002406 0.005281)
(0.004344 0.002406 0.005281)
(0.004406 0.002406 0.005281)
(0.004469 0.002406 0.005281)
(0.004531 0.002406 0.005281)
(0.004594 0.002406 0.005281)
(0.004656 0.002406 0.005281)
(0.004719 0.002406 0.005281)
(0.004781 0.002406 0.005281)
(0.004844 0.002406 0.005281)
(0.004906 0.002406 0.005281)
(0.004969 0.002406 0.005281)
(0.004031 0.002469 0.005281)
(0.004094 0.002469 0.005281)
(0.004156 0.002469 0.005281)
(0.004219 0.002469 0.005281)
(0.004281 0.002469 0.005281)
(0.004344 0.002469 0.005281)
(0.004406 0.002469 0.005281)
(0.004469 0.002469 0.005281)
(0.004531 0.002469 0.005281)
(0.004594 0.002469 0.005281)
(0.004656 0.002469 0.005281)
(0.004719 0.002469 0.005281)
(0.004781 0.002469 0.005281)
(0.004844 0.002469 0.005281)
(0.004906 0.002469 0.005281)
(0.004969 0.002469 0.005281)
(0.004031 0.002406 0.005344)
(0.004094 0.002406 0.005344)
(0.004156 0.002406 0.005344)
(0.004219 0.002406 0.005344)
(0.004281 0.002406 0.005344)
(0.004344 0.002406 0.005344)
(0.004406 0.002406 0.005344)
(0.004469 0.002406 0.005344)
(0.004531 0.002406 0.005344)
(0.004594 0.002406 0.005344)
(0.004656 0.002406 0.005344)
(0.004719 0.002406 0.005344)
(0.004781 0.002406 0.005344)
(0.004844 0.002406 0.005344)
(0.004906 0.002406 0.005344)
(0.004969 0.002406 0.005344)
(0.004031 0.002469 0.005344)
(0.004094 0.002469 0.005344)
(0.004156 0.002469 0.005344)
(0.004219 0.002469 0.005344)
(0.004281 0.002469 0.005344)
(0.004344 0.002469 0.005344)
(0.004406 0.002469 0.005344)
(0.004469 0.002469 0.005344)
(0.004531 0.002469 0.005344)
(0.004594 0.002469 0.005344)
(0.004656 0.002469 0.005344)
(0.004719 0.002469 0.005344)
(0.004781 0.002469 0.005344)
(0.004844 0.002469 0.005344)
(0.004906 0.002469 0.005344)
(0.004969 0.002469 0.005344)
(0.004031 0.002406 0.005406)
(0.004094 0.002406 0.005406)
(0.004156 0.002406 0.005406)
(0.004219 0.002406 0.005406)
(0.004281 0.002406 0.005406)
(0.004344 0.002406 0.005406)
(0.004406 0.002406 0.005406)
(0.004469 0.002406 0.005406)
(0.004531 0.002406 0.005406)
(0.004594 0.002406 0.005406)
(0.004656 0.002406 0.005406)
(0.004719 0.002406 0.005406)
(0.004781 0.002406 0.005406)
(0.004844 0.002406 0.005406)
(0.004906 0.002406 0.005406)
(0.004969 0.002406 0.005406)
(0.004031 0.002469 0.005406)
(0.004094 0.002469 0.005406)
(0.004156 0.002469 0.005406)
(0.004219 0.002469 0.005406)
(0.004281 0.002469 0.005406)
(0.004344 0.002469 0.005406)
(0.004406 0.002469 0.005406)
(0.004469 0.002469 0.005406)
(0.004531 0.002469 0.005406)
(0.004594 0.002469 0.005406)
(0.004656 0.002469 0.005406)
(0.004719 0.002469 0.005406)
(0.004781 0.002469 0.005406)
(0.004844 0.002469 0.005406)
(0.004906 0.002469 0.005406)
(0.004969 0.002469 0.005406)
(0.004031 0.002406 0.005469)
(0.004094 0.002406 0.005469)
(0.004156 0.002406 0.005469)
(0.004219 0.002406 0.005469)
(0.004281 0.002406 0.005469)
(0.004344 0.002406 0.005469)
(0.004406 0.002406 0.005469)
(0.004469 0.002406 0.005469)
(0.004531 0.002406 0.005469)
(0.004594 0.002406 0.005469)
(0.004656 0.002406 0.005469)
(0.004719 0.002406 0.005469)
(0.004781 0.002406 0.005469)
(0.004844 0.002406 0.005469)
(0.004906 0.002406 0.005469)
(0.004969 0.002406 0.005469)
(0.004031 0.002469 0.005469)
(0.004094 0.002469 0.005469)
(0.004156 0.002469 0.005469)
(0.004219 0.002469 0.005469)
(0.004281 0.002469 0.005469)
(0.004344 0.002469 0.005469)
(0.004406 0.002469 0.005469)
(0.004469 0.002469 0.005469)
(0.004531 0.002469 0.005469)
(0.004594 0.002469 0.005469)
(0.004656 0.002469 0.005469)
(0.004719 0.002469 0.005469)
(0.004781 0.002469 0.005469)
(0.004844 0.002469 0.005469)
(0.004906 0.002469 0.005469)
(0.004969 0.002469 0.005469)
(0.004031 0.002406 0.005531)
(0.004094 0.002406 0.005531)
(0.004156 0.002406 0.005531)
(0.004219 0.002406 0.005531)
(0.004281 0.002406 0.005531)
(0.004344 0.002406 0.005531)
(0.004406 0.002406 0.005531)
(0.004469 0.002406 0.005531)
(0.004531 0.002406 0.005531)
(0.004594 0.002406 0.005531)
(0.004656 0.002406 0.005531)
(0.004719 0.002406 0.005531)
(0.004781 0.002406 0.005531)
(0.004844 0.002406 0.005531)
(0.004906 0.002406 0.005531)
(0.004969 0.002406 0.005531)
(0.004031 0.002469 0.005531)
(0.004094 0.002469 0.005531)
(0.004156 0.002469 0.005531)
(0.004219 0.002469 0.005531)
(0.004281 0.002469 0.005531)
(0.004344 0.002469 0.005531)
(0.004406 0.002469 0.005531)
(0.004469 0.002469 0.005531)
(0.004531 0.002469 0.005531)
(0.004594 0.002469 0.005531)
(0.004656 0.002469 0.005531)
(0.004719 0.002469 0.005531)
(0.004781 0.002469 0.005531)
(0.004844 0.002469 0.005531)
(0.004906 0.002469 0.005531)
(0.004969 0.002469 0.005531)
(0.004031 0.002406 0.005594)
(0.004094 0.002406 0.005594)
(0.004156 0.002406 0.005594)
(0.004219 0.002406 0.005594)
(0.004281 0.002406 0.005594)
(0.004344 0.002406 0.005594)
(0.004406 0.002406 0.005594)
(0.004469 0.002406 0.005594)
(0.004531 0.002406 0.005594)
(0.004594 0.002406 0.005594)
(0.004656 0.002406 0.005594)
(0.004719 0.002406 0.005594)
(0.004781 0.002406 0.005594)
(0.004844 0.002406 0.005594)
(0.004906 0.002406 0.005594)
(0.004969 0.002406 0.005594)
(0.004031 0.002469 0.005594)
(0.004094 0.002469 0.005594)
(0.004156 0.002469 0.005594)
(0.004219 0.002469 0.005594)
(0.004281 0.002469 0.005594)
(0.004344 0.002469 0.005594)
(0.004406 0.002469 0.005594)
(0.004469 0.002469 0.005594)
(0.004531 0.002469 0.005594)
(0.004594 0.002469 0.005594)
(0.004656 0.002469 0.005594)
(0.004719 0.002469 0.005594)
(0.004781 0.002469 0.005594)
(0.004844 0.002469 0.005594)
(0.004906 0.002469 0.005594)
(0.004969 0.002469 0.005594)
(0.004031 0.002406 0.005656)
(0.004094 0.002406 0.005656)
(0.004156 0.002406 0.005656)
(0.004219 0.002406 0.005656)
(0.004281 0.002406 0.005656)
(0.004344 0.002406 0.005656)
(0.004406 0.002406 0.005656)
(0.004469 0.002406 0.005656)
(0.004531 0.002406 0.005656)
(0.004594 0.002406 0.005656)
(0.004656 0.002406 0.005656)
(0.004719 0.002406 0.005656)
(0.004781 0.002406 0.005656)
(0.004844 0.002406 0.005656)
(0.004906 0.002406 0.005656)
(0.004969 0.002406 0.005656)
(0.004031 0.002469 0.005656)
(0.004094 0.002469 0.005656)
(0.004156 0.002469 0.005656)
(0.004219 0.002469 0.005656)
(0.004281 0.002469 0.005656)
(0.004344 0.002469 0.005656)
(0.004406 0.002469 0.005656)
(0.004469 0.002469 0.005656)
(0.004531 0.002469 0.005656)
(0.004594 0.002469 0.005656)
(0.004656 0.002469 0.005656)
(0.004719 0.002469 0.005656)
(0.004781 0.002469 0.005656)
(0.004844 0.002469 0.005656)
(0.004906 0.002469 0.005656)
(0.004969 0.002469 0.005656)
(0.004031 0.002406 0.005719)
(0.004094 0.002406 0.005719)
(0.004156 0.002406 0.005719)
(0.004219 0.002406 0.005719)
(0.004281 0.002406 0.005719)
(0.004344 0.002406 0.005719)
(0.004406 0.002406 0.005719)
(0.004469 0.002406 0.005719)
(0.004531 0.002406 0.005719)
(0.004594 0.002406 0.005719)
(0.004656 0.002406 0.005719)
(0.004719 0.002406 0.005719)
(0.004781 0.002406 0.005719)
(0.004844 0.002406 0.005719)
(0.004906 0.002406 0.005719)
(0.004969 0.002406 0.005719)
(0.004031 0.002469 0.005719)
(0.004094 0.002469 0.005719)
(0.004156 0.002469 0.005719)
(0.004219 0.002469 0.005719)
(0.004281 0.002469 0.005719)
(0.004344 0.002469 0.005719)
(0.004406 0.002469 0.005719)
(0.004469 0.002469 0.005719)
(0.004531 0.002469 0.005719)
(0.004594 0.002469 0.005719)
(0.004656 0.002469 0.005719)
(0.004719 0.002469 0.005719)
(0.004781 0.002469 0.005719)
(0.004844 0.002469 0.005719)
(0.004906 0.002469 0.005719)
(0.004969 0.002469 0.005719)
(0.004031 0.002406 0.005781)
(0.004094 0.002406 0.005781)
(0.004156 0.002406 0.005781)
(0.004219 0.002406 0.005781)
(0.004281 0.002406 0.005781)
(0.004344 0.002406 0.005781)
(0.004406 0.002406 0.005781)
(0.004469 0.002406 0.005781)
(0.004531 0.002406 0.005781)
(0.004594 0.002406 0.005781)
(0.004656 0.002406 0.005781)
(0.004719 0.002406 0.005781)
(0.004781 0.002406 0.005781)
(0.004844 0.002406 0.005781)
(0.004906 0.002406 0.005781)
(0.004969 0.002406 0.005781)
(0.004031 0.002469 0.005781)
(0.004094 0.002469 0.005781)
(0.004156 0.002469 0.005781)
(0.004219 0.002469 0.005781)
(0.004281 0.002469 0.005781)
(0.004344 0.002469 0.005781)
(0.004406 0.002469 0.005781)
(0.004469 0.002469 0.005781)
(0.004531 0.002469 0.005781)
(0.004594 0.002469 0.005781)
(0.004656 0.002469 0.005781)
(0.004719 0.002469 0.005781)
(0.004781 0.002469 0.005781)
(0.004844 0.002469 0.005781)
(0.004906 0.002469 0.005781)
(0.004969 0.002469 0.005781)
(0.004031 0.002406 0.005844)
(0.004094 0.002406 0.005844)
(0.004156 0.002406 0.005844)
(0.004219 0.002406 0.005844)
(0.004281 0.002406 0.005844)
(0.004344 0.002406 0.005844)
(0.004406 0.002406 0.005844)
(0.004469 0.002406 0.005844)
(0.004531 0.002406 0.005844)
(0.004594 0.002406 0.005844)
(0.004656 0.002406 0.005844)
(0.004719 0.002406 0.005844)
(0.004781 0.002406 0.005844)
(0.004844 0.002406 0.005844)
(0.004906 0.002406 0.005844)
(0.004969 0.002406 0.005844)
(0.004031 0.002469 0.005844)
(0.004094 0.002469 0.005844)
(0.004156 0.002469 0.005844)
(0.004219 0.002469 0.005844)
(0.004281 0.002469 0.005844)
(0.004344 0.002469 0.005844)
(0.004406 0.002469 0.005844)
(0.004469 0.002469 0.005844)
(0.004531 0.002469 0.005844)
(0.004594 0.002469 0.005844)
(0.004656 0.002469 0.005844)
(0.004719 0.002469 0.005844)
(0.004781 0.002469 0.005844)
(0.004844 0.002469 0.005844)
(0.004906 0.002469 0.005844)
(0.004969 0.002469 0.005844)
(0.004031 0.002406 0.005906)
(0.004094 0.002406 0.005906)
(0.004156 0.002406 0.005906)
(0.004219 0.002406 0.005906)
(0.004281 0.002406 0.005906)
(0.004344 0.002406 0.005906)
(0.004406 0.002406 0.005906)
(0.004469 0.002406 0.005906)
(0.004531 0.002406 0.005906)
(0.004594 0.002406 0.005906)
(0.004656 0.002406 0.005906)
(0.004719 0.002406 0.005906)
(0.004781 0.002406 0.005906)
(0.004844 0.002406 0.005906)
(0.004906 0.002406 0.005906)
(0.004969 0.002406 0.005906)
(0.004031 0.002469 0.005906)
(0.004094 0.002469 0.005906)
(0.004156 0.002469 0.005906)
(0.004219 0.002469 0.005906)
(0.004281 0.002469 0.005906)
(0.004344 0.002469 0.005906)
(0.004406 0.002469 0.005906)
(0.004469 0.002469 0.005906)
(0.004531 0.002469 0.005906)
(0.004594 0.002469 0.005906)
(0.004656 0.002469 0.005906)
(0.004719 0.002469 0.005906)
(0.004781 0.002469 0.005906)
(0.004844 0.002469 0.005906)
(0.004906 0.002469 0.005906)
(0.004969 0.002469 0.005906)
(0.004031 0.002406 0.005969)
(0.004094 0.002406 0.005969)
(0.004156 0.002406 0.005969)
(0.004219 0.002406 0.005969)
(0.004281 0.002406 0.005969)
(0.004344 0.002406 0.005969)
(0.004406 0.002406 0.005969)
(0.004469 0.002406 0.005969)
(0.004531 0.002406 0.005969)
(0.004594 0.002406 0.005969)
(0.004656 0.002406 0.005969)
(0.004719 0.002406 0.005969)
(0.004781 0.002406 0.005969)
(0.004844 0.002406 0.005969)
(0.004906 0.002406 0.005969)
(0.004969 0.002406 0.005969)
(0.004031 0.002469 0.005969)
(0.004094 0.002469 0.005969)
(0.004156 0.002469 0.005969)
(0.004219 0.002469 0.005969)
(0.004281 0.002469 0.005969)
(0.004344 0.002469 0.005969)
(0.004406 0.002469 0.005969)
(0.004469 0.002469 0.005969)
(0.004531 0.002469 0.005969)
(0.004594 0.002469 0.005969)
(0.004656 0.002469 0.005969)
(0.004719 0.002469 0.005969)
(0.004781 0.002469 0.005969)
(0.004844 0.002469 0.005969)
(0.004906 0.002469 0.005969)
(0.004969 0.002469 0.005969)
)
;

boundaryField
{
    inlet
    {
        type            calculated;
        value           nonuniform List<vector> 0();
    }
    outlet
    {
        type            calculated;
        value           nonuniform List<vector> 0();
    }
    force
    {
        type            calculated;
        value           nonuniform List<vector> 
1302
(
(0.004031 0.0025 0.003969)
(0.004031 0.0025 0.004031)
(0.004031 0.0025 0.004094)
(0.004031 0.0025 0.004156)
(0.004031 0.0025 0.004219)
(0.004031 0.0025 0.004281)
(0.004031 0.0025 0.004344)
(0.004031 0.0025 0.004406)
(0.004031 0.0025 0.004469)
(0.004031 0.0025 0.004531)
(0.004031 0.0025 0.004594)
(0.004031 0.0025 0.004656)
(0.004031 0.0025 0.004719)
(0.004031 0.0025 0.004781)
(0.004031 0.0025 0.004844)
(0.004031 0.0025 0.004906)
(0.004031 0.0025 0.004969)
(0.004031 0.0025 0.005031)
(0.004031 0.0025 0.005094)
(0.004031 0.0025 0.005156)
(0.004031 0.0025 0.005219)
(0.004031 0.0025 0.005281)
(0.004031 0.0025 0.005344)
(0.004031 0.0025 0.005406)
(0.004031 0.0025 0.005469)
(0.004031 0.0025 0.005531)
(0.004031 0.0025 0.005594)
(0.004031 0.0025 0.005656)
(0.004031 0.0025 0.005719)
(0.004031 0.0025 0.005781)
(0.004031 0.0025 0.005844)
(0.004031 0.0025 0.005906)
(0.004031 0.0025 0.005969)
(0.004094 0.0025 0.003969)
(0.004094 0.0025 0.004031)
(0.004094 0.0025 0.004094)
(0.004094 0.0025 0.004156)
(0.004094 0.0025 0.004219)
(0.004094 0.0025 0.004281)
(0.004094 0.0025 0.004344)
(0.004094 0.0025 0.004406)
(0.004094 0.0025 0.004469)
(0.004094 0.0025 0.004531)
(0.004094 0.0025 0.004594)
(0.004094 0.0025 0.004656)
(0.004094 0.0025 0.004719)
(0.004094 0.0025 0.004781)
(0.004094 0.0025 0.004844)
(0.004094 0.0025 0.004906)
(0.004094 0.0025 0.004969)
(0.004094 0.0025 0.005031)
(0.004094 0.0025 0.005094)
(0.004094 0.0025 0.005156)
(0.004094 0.0025 0.005219)
(0.004094 0.0025 0.005281)
(0.004094 0.0025 0.005344)
(0.004094 0.0025 0.005406)
(0.004094 0.0025 0.005469)
(0.004094 0.0025 0.005531)
(0.004094 0.0025 0.005594)
(0.004094 0.0025 0.005656)
(0.004094 0.0025 0.005719)
(0.004094 0.0025 0.005781)
(0.004094 0.0025 0.005844)
(0.004094 0.0025 0.005906)
(0.004094 0.0025 0.005969)
(0.004156 0.0025 0.003969)
(0.004156 0.0025 0.004031)
(0.004156 0.0025 0.004094)
(0.004156 0.0025 0.004156)
(0.004156 0.0025 0.004219)
(0.004156 0.0025 0.004281)
(0.004156 0.0025 0.004344)
(0.004156 0.0025 0.004406)
(0.004156 0.0025 0.004469)
(0.004156 0.0025 0.004531)
(0.004156 0.0025 0.004594)
(0.004156 0.0025 0.004656)
(0.004156 0.0025 0.004719)
(0.004156 0.0025 0.004781)
(0.004156 0.0025 0.004844)
(0.004156 0.0025 0.004906)
(0.004156 0.0025 0.004969)
(0.004156 0.0025 0.005031)
(0.004156 0.0025 0.005094)
(0.004156 0.0025 0.005156)
(0.004156 0.0025 0.005219)
(0.004156 0.0025 0.005281)
(0.004156 0.0025 0.005344)
(0.004156 0.0025 0.005406)
(0.004156 0.0025 0.005469)
(0.004156 0.0025 0.005531)
(0.004156 0.0025 0.005594)
(0.004156 0.0025 0.005656)
(0.004156 0.0025 0.005719)
(0.004156 0.0025 0.005781)
(0.004156 0.0025 0.005844)
(0.004156 0.0025 0.005906)
(0.004156 0.0025 0.005969)
(0.004219 0.0025 0.003969)
(0.004219 0.0025 0.004031)
(0.004219 0.0025 0.004094)
(0.004219 0.0025 0.004156)
(0.004219 0.0025 0.004219)
(0.004219 0.0025 0.004281)
(0.004219 0.0025 0.004344)
(0.004219 0.0025 0.004406)
(0.004219 0.0025 0.004469)
(0.004219 0.0025 0.004531)
(0.004219 0.0025 0.004594)
(0.004219 0.0025 0.004656)
(0.004219 0.0025 0.004719)
(0.004219 0.0025 0.004781)
(0.004219 0.0025 0.004844)
(0.004219 0.0025 0.004906)
(0.004219 0.0025 0.004969)
(0.004219 0.0025 0.005031)
(0.004219 0.0025 0.005094)
(0.004219 0.0025 0.005156)
(0.004219 0.0025 0.005219)
(0.004219 0.0025 0.005281)
(0.004219 0.0025 0.005344)
(0.004219 0.0025 0.005406)
(0.004219 0.0025 0.005469)
(0.004219 0.0025 0.005531)
(0.004219 0.0025 0.005594)
(0.004219 0.0025 0.005656)
(0.004219 0.0025 0.005719)
(0.004219 0.0025 0.005781)
(0.004219 0.0025 0.005844)
(0.004219 0.0025 0.005906)
(0.004219 0.0025 0.005969)
(0.004281 0.0025 0.003969)
(0.004281 0.0025 0.004031)
(0.004281 0.0025 0.004094)
(0.004281 0.0025 0.004156)
(0.004281 0.0025 0.004219)
(0.004281 0.0025 0.004281)
(0.004281 0.0025 0.004344)
(0.004281 0.0025 0.004406)
(0.004281 0.0025 0.004469)
(0.004281 0.0025 0.004531)
(0.004281 0.0025 0.004594)
(0.004281 0.0025 0.004656)
(0.004281 0.0025 0.004719)
(0.004281 0.0025 0.004781)
(0.004281 0.0025 0.004844)
(0.004281 0.0025 0.004906)
(0.004281 0.0025 0.004969)
(0.004281 0.0025 0.005031)
(0.004281 0.0025 0.005094)
(0.004281 0.0025 0.005156)
(0.004281 0.0025 0.005219)
(0.004281 0.0025 0.005281)
(0.004281 0.0025 0.005344)
(0.004281 0.0025 0.005406)
(0.004281 0.0025 0.005469)
(0.004281 0.0025 0.005531)
(0.004281 0.0025 0.005594)
(0.004281 0.0025 0.005656)
(0.004281 0.0025 0.005719)
(0.004281 0.0025 0.005781)
(0.004281 0.0025 0.005844)
(0.004281 0.0025 0.005906)
(0.004281 0.0025 0.005969)
(0.004344 0.0025 0.003969)
(0.004344 0.0025 0.004031)
(0.004344 0.0025 0.004094)
(0.004344 0.0025 0.004156)
(0.004344 0.0025 0.004219)
(0.004344 0.0025 0.004281)
(0.004344 0.0025 0.004344)
(0.004344 0.0025 0.004406)
(0.004344 0.0025 0.004469)
(0.004344 0.0025 0.004531)
(0.004344 0.0025 0.004594)
(0.004344 0.0025 0.004656)
(0.004344 0.0025 0.004719)
(0.004344 0.0025 0.004781)
(0.004344 0.0025 0.004844)
(0.004344 0.0025 0.004906)
(0.004344 0.0025 0.004969)
(0.004344 0.0025 0.005031)
(0.004344 0.0025 0.005094)
(0.004344 0.0025 0.005156)
(0.004344 0.0025 0.005219)
(0.004344 0.0025 0.005281)
(0.004344 0.0025 0.005344)
(0.004344 0.0025 0.005406)
(0.004344 0.0025 0.005469)
(0.004344 0.0025 0.005531)
(0.004344 0.0025 0.005594)
(0.004344 0.0025 0.005656)
(0.004344 0.0025 0.005719)
(0.004344 0.0025 0.005781)
(0.004344 0.0025 0.005844)
(0.004344 0.0025 0.005906)
(0.004344 0.0025 0.005969)
(0.004406 0.0025 0.003969)
(0.004406 0.0025 0.004031)
(0.004406 0.0025 0.004094)
(0.004406 0.0025 0.004156)
(0.004406 0.0025 0.004219)
(0.004406 0.0025 0.004281)
(0.004406 0.0025 0.004344)
(0.004406 0.0025 0.004406)
(0.004406 0.0025 0.004469)
(0.004406 0.0025 0.004531)
(0.004406 0.0025 0.004594)
(0.004406 0.0025 0.004656)
(0.004406 0.0025 0.004719)
(0.004406 0.0025 0.004781)
(0.004406 0.0025 0.004844)
(0.004406 0.0025 0.004906)
(0.004406 0.0025 0.004969)
(0.004406 0.0025 0.005031)
(0.004406 0.0025 0.005094)
(0.004406 0.0025 0.005156)
(0.004406 0.0025 0.005219)
(0.004406 0.0025 0.005281)
(0.004406 0.0025 0.005344)
(0.004406 0.0025 0.005406)
(0.004406 0.0025 0.005469)
(0.004406 0.0025 0.005531)
(0.004406 0.0025 0.005594)
(0.004406 0.0025 0.005656)
(0.004406 0.0025 0.005719)
(0.004406 0.0025 0.005781)
(0.004406 0.0025 0.005844)
(0.004406 0.0025 0.005906)
(0.004406 0.0025 0.005969)
(0.004469 0.0025 0.003969)
(0.004469 0.0025 0.004031)
(0.004469 0.0025 0.004094)
(0.004469 0.0025 0.004156)
(0.004469 0.0025 0.004219)
(0.004469 0.0025 0.004281)
(0.004469 0.0025 0.004344)
(0.004469 0.0025 0.004406)
(0.004469 0.0025 0.004469)
(0.004469 0.0025 0.004531)
(0.004469 0.0025 0.004594)
(0.004469 0.0025 0.004656)
(0.004469 0.0025 0.004719)
(0.004469 0.0025 0.004781)
(0.004469 0.0025 0.004844)
(0.004469 0.0025 0.004906)
(0.004469 0.0025 0.004969)
(0.004469 0.0025 0.005031)
(0.004469 0.0025 0.005094)
(0.004469 0.0025 0.005156)
(0.004469 0.0025 0.005219)
(0.004469 0.0025 0.005281)
(0.004469 0.0025 0.005344)
(0.004469 0.0025 0.005406)
(0.004469 0.0025 0.005469)
(0.004469 0.0025 0.005531)
(0.004469 0.0025 0.005594)
(0.004469 0.0025 0.005656)
(0.004469 0.0025 0.005719)
(0.004469 0.0025 0.005781)
(0.004469 0.0025 0.005844)
(0.004469 0.0025 0.005906)
(0.004469 0.0025 0.005969)
(0.004531 0.0025 0.003969)
(0.004531 0.0025 0.004031)
(0.004531 0.0025 0.004094)
(0.004531 0.0025 0.004156)
(0.004531 0.0025 0.004219)
(0.004531 0.0025 0.004281)
(0.004531 0.0025 0.004344)
(0.004531 0.0025 0.004406)
(0.004531 0.0025 0.004469)
(0.004531 0.0025 0.004531)
(0.004531 0.0025 0.004594)
(0.004531 0.0025 0.004656)
(0.004531 0.0025 0.004719)
(0.004531 0.0025 0.004781)
(0.004531 0.0025 0.004844)
(0.004531 0.0025 0.004906)
(0.004531 0.0025 0.004969)
(0.004531 0.0025 0.005031)
(0.004531 0.0025 0.005094)
(0.004531 0.0025 0.005156)
(0.004531 0.0025 0.005219)
(0.004531 0.0025 0.005281)
(0.004531 0.0025 0.005344)
(0.004531 0.0025 0.005406)
(0.004531 0.0025 0.005469)
(0.004531 0.0025 0.005531)
(0.004531 0.0025 0.005594)
(0.004531 0.0025 0.005656)
(0.004531 0.0025 0.005719)
(0.004531 0.0025 0.005781)
(0.004531 0.0025 0.005844)
(0.004531 0.0025 0.005906)
(0.004531 0.0025 0.005969)
(0.004594 0.0025 0.003969)
(0.004594 0.0025 0.004031)
(0.004594 0.0025 0.004094)
(0.004594 0.0025 0.004156)
(0.004594 0.0025 0.004219)
(0.004594 0.0025 0.004281)
(0.004594 0.0025 0.004344)
(0.004594 0.0025 0.004406)
(0.004594 0.0025 0.004469)
(0.004594 0.0025 0.004531)
(0.004594 0.0025 0.004594)
(0.004594 0.0025 0.004656)
(0.004594 0.0025 0.004719)
(0.004594 0.0025 0.004781)
(0.004594 0.0025 0.004844)
(0.004594 0.0025 0.004906)
(0.004594 0.0025 0.004969)
(0.004594 0.0025 0.005031)
(0.004594 0.0025 0.005094)
(0.004594 0.0025 0.005156)
(0.004594 0.0025 0.005219)
(0.004594 0.0025 0.005281)
(0.004594 0.0025 0.005344)
(0.004594 0.0025 0.005406)
(0.004594 0.0025 0.005469)
(0.004594 0.0025 0.005531)
(0.004594 0.0025 0.005594)
(0.004594 0.0025 0.005656)
(0.004594 0.0025 0.005719)
(0.004594 0.0025 0.005781)
(0.004594 0.0025 0.005844)
(0.004594 0.0025 0.005906)
(0.004594 0.0025 0.005969)
(0.004656 0.0025 0.003969)
(0.004656 0.0025 0.004031)
(0.004656 0.0025 0.004094)
(0.004656 0.0025 0.004156)
(0.004656 0.0025 0.004219)
(0.004656 0.0025 0.004281)
(0.004656 0.0025 0.004344)
(0.004656 0.0025 0.004406)
(0.004656 0.0025 0.004469)
(0.004656 0.0025 0.004531)
(0.004656 0.0025 0.004594)
(0.004656 0.0025 0.004656)
(0.004656 0.0025 0.004719)
(0.004656 0.0025 0.004781)
(0.004656 0.0025 0.004844)
(0.004656 0.0025 0.004906)
(0.004656 0.0025 0.004969)
(0.004656 0.0025 0.005031)
(0.004656 0.0025 0.005094)
(0.004656 0.0025 0.005156)
(0.004656 0.0025 0.005219)
(0.004656 0.0025 0.005281)
(0.004656 0.0025 0.005344)
(0.004656 0.0025 0.005406)
(0.004656 0.0025 0.005469)
(0.004656 0.0025 0.005531)
(0.004656 0.0025 0.005594)
(0.004656 0.0025 0.005656)
(0.004656 0.0025 0.005719)
(0.004656 0.0025 0.005781)
(0.004656 0.0025 0.005844)
(0.004656 0.0025 0.005906)
(0.004656 0.0025 0.005969)
(0.004719 0.0025 0.003969)
(0.004719 0.0025 0.004031)
(0.004719 0.0025 0.004094)
(0.004719 0.0025 0.004156)
(0.004719 0.0025 0.004219)
(0.004719 0.0025 0.004281)
(0.004719 0.0025 0.004344)
(0.004719 0.0025 0.004406)
(0.004719 0.0025 0.004469)
(0.004719 0.0025 0.004531)
(0.004719 0.0025 0.004594)
(0.004719 0.0025 0.004656)
(0.004719 0.0025 0.004719)
(0.004719 0.0025 0.004781)
(0.004719 0.0025 0.004844)
(0.004719 0.0025 0.004906)
(0.004719 0.0025 0.004969)
(0.004719 0.0025 0.005031)
(0.004719 0.0025 0.005094)
(0.004719 0.0025 0.005156)
(0.004719 0.0025 0.005219)
(0.004719 0.0025 0.005281)
(0.004719 0.0025 0.005344)
(0.004719 0.0025 0.005406)
(0.004719 0.0025 0.005469)
(0.004719 0.0025 0.005531)
(0.004719 0.0025 0.005594)
(0.004719 0.0025 0.005656)
(0.004719 0.0025 0.005719)
(0.004719 0.0025 0.005781)
(0.004719 0.0025 0.005844)
(0.004719 0.0025 0.005906)
(0.004719 0.0025 0.005969)
(0.004781 0.0025 0.003969)
(0.004781 0.0025 0.004031)
(0.004781 0.0025 0.004094)
(0.004781 0.0025 0.004156)
(0.004781 0.0025 0.004219)
(0.004781 0.0025 0.004281)
(0.004781 0.0025 0.004344)
(0.004781 0.0025 0.004406)
(0.004781 0.0025 0.004469)
(0.004781 0.0025 0.004531)
(0.004781 0.0025 0.004594)
(0.004781 0.0025 0.004656)
(0.004781 0.0025 0.004719)
(0.004781 0.0025 0.004781)
(0.004781 0.0025 0.004844)
(0.004781 0.0025 0.004906)
(0.004781 0.0025 0.004969)
(0.004781 0.0025 0.005031)
(0.004781 0.0025 0.005094)
(0.004781 0.0025 0.005156)
(0.004781 0.0025 0.005219)
(0.004781 0.0025 0.005281)
(0.004781 0.0025 0.005344)
(0.004781 0.0025 0.005406)
(0.004781 0.0025 0.005469)
(0.004781 0.0025 0.005531)
(0.004781 0.0025 0.005594)
(0.004781 0.0025 0.005656)
(0.004781 0.0025 0.005719)
(0.004781 0.0025 0.005781)
(0.004781 0.0025 0.005844)
(0.004781 0.0025 0.005906)
(0.004781 0.0025 0.005969)
(0.004844 0.0025 0.003969)
(0.004844 0.0025 0.004031)
(0.004844 0.0025 0.004094)
(0.004844 0.0025 0.004156)
(0.004844 0.0025 0.004219)
(0.004844 0.0025 0.004281)
(0.004844 0.0025 0.004344)
(0.004844 0.0025 0.004406)
(0.004844 0.0025 0.004469)
(0.004844 0.0025 0.004531)
(0.004844 0.0025 0.004594)
(0.004844 0.0025 0.004656)
(0.004844 0.0025 0.004719)
(0.004844 0.0025 0.004781)
(0.004844 0.0025 0.004844)
(0.004844 0.0025 0.004906)
(0.004844 0.0025 0.004969)
(0.004844 0.0025 0.005031)
(0.004844 0.0025 0.005094)
(0.004844 0.0025 0.005156)
(0.004844 0.0025 0.005219)
(0.004844 0.0025 0.005281)
(0.004844 0.0025 0.005344)
(0.004844 0.0025 0.005406)
(0.004844 0.0025 0.005469)
(0.004844 0.0025 0.005531)
(0.004844 0.0025 0.005594)
(0.004844 0.0025 0.005656)
(0.004844 0.0025 0.005719)
(0.004844 0.0025 0.005781)
(0.004844 0.0025 0.005844)
(0.004844 0.0025 0.005906)
(0.004844 0.0025 0.005969)
(0.004906 0.0025 0.003969)
(0.004906 0.0025 0.004031)
(0.004906 0.0025 0.004094)
(0.004906 0.0025 0.004156)
(0.004906 0.0025 0.004219)
(0.004906 0.0025 0.004281)
(0.004906 0.0025 0.004344)
(0.004906 0.0025 0.004406)
(0.004906 0.0025 0.004469)
(0.004906 0.0025 0.004531)
(0.004906 0.0025 0.004594)
(0.004906 0.0025 0.004656)
(0.004906 0.0025 0.004719)
(0.004906 0.0025 0.004781)
(0.004906 0.0025 0.004844)
(0.004906 0.0025 0.004906)
(0.004906 0.0025 0.004969)
(0.004906 0.0025 0.005031)
(0.004906 0.0025 0.005094)
(0.004906 0.0025 0.005156)
(0.004906 0.0025 0.005219)
(0.004906 0.0025 0.005281)
(0.004906 0.0025 0.005344)
(0.004906 0.0025 0.005406)
(0.004906 0.0025 0.005469)
(0.004906 0.0025 0.005531)
(0.004906 0.0025 0.005594)
(0.004906 0.0025 0.005656)
(0.004906 0.0025 0.005719)
(0.004906 0.0025 0.005781)
(0.004906 0.0025 0.005844)
(0.004906 0.0025 0.005906)
(0.004906 0.0025 0.005969)
(0.004969 0.0025 0.003969)
(0.004969 0.0025 0.004031)
(0.004969 0.0025 0.004094)
(0.004969 0.0025 0.004156)
(0.004969 0.0025 0.004219)
(0.004969 0.0025 0.004281)
(0.004969 0.0025 0.004344)
(0.004969 0.0025 0.004406)
(0.004969 0.0025 0.004469)
(0.004969 0.0025 0.004531)
(0.004969 0.0025 0.004594)
(0.004969 0.0025 0.004656)
(0.004969 0.0025 0.004719)
(0.004969 0.0025 0.004781)
(0.004969 0.0025 0.004844)
(0.004969 0.0025 0.004906)
(0.004969 0.0025 0.004969)
(0.004969 0.0025 0.005031)
(0.004969 0.0025 0.005094)
(0.004969 0.0025 0.005156)
(0.004969 0.0025 0.005219)
(0.004969 0.0025 0.005281)
(0.004969 0.0025 0.005344)
(0.004969 0.0025 0.005406)
(0.004969 0.0025 0.005469)
(0.004969 0.0025 0.005531)
(0.004969 0.0025 0.005594)
(0.004969 0.0025 0.005656)
(0.004969 0.0025 0.005719)
(0.004969 0.0025 0.005781)
(0.004969 0.0025 0.005844)
(0.004969 0.0025 0.005906)
(0.004969 0.0025 0.005969)
(0.002531 0.0025 0.004406)
(0.002531 0.0025 0.004469)
(0.002531 0.0025 0.004531)
(0.002531 0.0025 0.004594)
(0.002531 0.0025 0.004656)
(0.002531 0.0025 0.004719)
(0.002531 0.0025 0.004781)
(0.002531 0.0025 0.004844)
(0.002531 0.0025 0.004906)
(0.002531 0.0025 0.004969)
(0.002531 0.0025 0.005031)
(0.002531 0.0025 0.005094)
(0.002531 0.0025 0.005156)
(0.002531 0.0025 0.005219)
(0.002531 0.0025 0.005281)
(0.002531 0.0025 0.005344)
(0.002531 0.0025 0.005406)
(0.002531 0.0025 0.005469)
(0.002531 0.0025 0.005531)
(0.002531 0.0025 0.005594)
(0.002531 0.0025 0.005656)
(0.002531 0.0025 0.005719)
(0.002531 0.0025 0.005781)
(0.002531 0.0025 0.005844)
(0.002531 0.0025 0.005906)
(0.002531 0.0025 0.005969)
(0.002594 0.0025 0.004031)
(0.002594 0.0025 0.004094)
(0.002594 0.0025 0.004156)
(0.002594 0.0025 0.004219)
(0.002594 0.0025 0.004281)
(0.002594 0.0025 0.004344)
(0.002594 0.0025 0.004406)
(0.002594 0.0025 0.004469)
(0.002594 0.0025 0.004531)
(0.002594 0.0025 0.004594)
(0.002594 0.0025 0.004656)
(0.002594 0.0025 0.004719)
(0.002594 0.0025 0.004781)
(0.002594 0.0025 0.004844)
(0.002594 0.0025 0.004906)
(0.002594 0.0025 0.004969)
(0.002594 0.0025 0.005031)
(0.002594 0.0025 0.005094)
(0.002594 0.0025 0.005156)
(0.002594 0.0025 0.005219)
(0.002594 0.0025 0.005281)
(0.002594 0.0025 0.005344)
(0.002594 0.0025 0.005406)
(0.002594 0.0025 0.005469)
(0.002594 0.0025 0.005531)
(0.002594 0.0025 0.005594)
(0.002594 0.0025 0.005656)
(0.002594 0.0025 0.005719)
(0.002594 0.0025 0.005781)
(0.002594 0.0025 0.005844)
(0.002594 0.0025 0.005906)
(0.002594 0.0025 0.005969)
(0.002656 0.0025 0.004031)
(0.002656 0.0025 0.004094)
(0.002656 0.0025 0.004156)
(0.002656 0.0025 0.004219)
(0.002656 0.0025 0.004281)
(0.002656 0.0025 0.004344)
(0.002656 0.0025 0.004406)
(0.002656 0.0025 0.004469)
(0.002656 0.0025 0.004531)
(0.002656 0.0025 0.004594)
(0.002656 0.0025 0.004656)
(0.002656 0.0025 0.004719)
(0.002656 0.0025 0.004781)
(0.002656 0.0025 0.004844)
(0.002656 0.0025 0.004906)
(0.002656 0.0025 0.004969)
(0.002656 0.0025 0.005031)
(0.002656 0.0025 0.005094)
(0.002656 0.0025 0.005156)
(0.002656 0.0025 0.005219)
(0.002656 0.0025 0.005281)
(0.002656 0.0025 0.005344)
(0.002656 0.0025 0.005406)
(0.002656 0.0025 0.005469)
(0.002656 0.0025 0.005531)
(0.002656 0.0025 0.005594)
(0.002656 0.0025 0.005656)
(0.002656 0.0025 0.005719)
(0.002656 0.0025 0.005781)
(0.002656 0.0025 0.005844)
(0.002656 0.0025 0.005906)
(0.002656 0.0025 0.005969)
(0.002719 0.0025 0.004031)
(0.002719 0.0025 0.004094)
(0.002719 0.0025 0.004156)
(0.002719 0.0025 0.004219)
(0.002719 0.0025 0.004281)
(0.002719 0.0025 0.004344)
(0.002719 0.0025 0.004406)
(0.002719 0.0025 0.004469)
(0.002719 0.0025 0.004531)
(0.002719 0.0025 0.004594)
(0.002719 0.0025 0.004656)
(0.002719 0.0025 0.004719)
(0.002719 0.0025 0.004781)
(0.002719 0.0025 0.004844)
(0.002719 0.0025 0.004906)
(0.002719 0.0025 0.004969)
(0.002719 0.0025 0.005031)
(0.002719 0.0025 0.005094)
(0.002719 0.0025 0.005156)
(0.002719 0.0025 0.005219)
(0.002719 0.0025 0.005281)
(0.002719 0.0025 0.005344)
(0.002719 0.0025 0.005406)
(0.002719 0.0025 0.005469)
(0.002719 0.0025 0.005531)
(0.002719 0.0025 0.005594)
(0.002719 0.0025 0.005656)
(0.002719 0.0025 0.005719)
(0.002719 0.0025 0.005781)
(0.002719 0.0025 0.005844)
(0.002719 0.0025 0.005906)
(0.002719 0.0025 0.005969)
(0.002781 0.0025 0.004031)
(0.002781 0.0025 0.004094)
(0.002781 0.0025 0.004156)
(0.002781 0.0025 0.004219)
(0.002781 0.0025 0.004281)
(0.002781 0.0025 0.004344)
(0.002781 0.0025 0.004406)
(0.002781 0.0025 0.004469)
(0.002781 0.0025 0.004531)
(0.002781 0.0025 0.004594)
(0.002781 0.0025 0.004656)
(0.002781 0.0025 0.004719)
(0.002781 0.0025 0.004781)
(0.002781 0.0025 0.004844)
(0.002781 0.0025 0.004906)
(0.002781 0.0025 0.004969)
(0.002781 0.0025 0.005031)
(0.002781 0.0025 0.005094)
(0.002781 0.0025 0.005156)
(0.002781 0.0025 0.005219)
(0.002781 0.0025 0.005281)
(0.002781 0.0025 0.005344)
(0.002781 0.0025 0.005406)
(0.002781 0.0025 0.005469)
(0.002781 0.0025 0.005531)
(0.002781 0.0025 0.005594)
(0.002781 0.0025 0.005656)
(0.002781 0.0025 0.005719)
(0.002781 0.0025 0.005781)
(0.002781 0.0025 0.005844)
(0.002781 0.0025 0.005906)
(0.002781 0.0025 0.005969)
(0.002844 0.0025 0.004031)
(0.002844 0.0025 0.004094)
(0.002844 0.0025 0.004156)
(0.002844 0.0025 0.004219)
(0.002844 0.0025 0.004281)
(0.002844 0.0025 0.004344)
(0.002844 0.0025 0.004406)
(0.002844 0.0025 0.004469)
(0.002844 0.0025 0.004531)
(0.002844 0.0025 0.004594)
(0.002844 0.0025 0.004656)
(0.002844 0.0025 0.004719)
(0.002844 0.0025 0.004781)
(0.002844 0.0025 0.004844)
(0.002844 0.0025 0.004906)
(0.002844 0.0025 0.004969)
(0.002844 0.0025 0.005031)
(0.002844 0.0025 0.005094)
(0.002844 0.0025 0.005156)
(0.002844 0.0025 0.005219)
(0.002844 0.0025 0.005281)
(0.002844 0.0025 0.005344)
(0.002844 0.0025 0.005406)
(0.002844 0.0025 0.005469)
(0.002844 0.0025 0.005531)
(0.002844 0.0025 0.005594)
(0.002844 0.0025 0.005656)
(0.002844 0.0025 0.005719)
(0.002844 0.0025 0.005781)
(0.002844 0.0025 0.005844)
(0.002844 0.0025 0.005906)
(0.002844 0.0025 0.005969)
(0.002906 0.0025 0.004031)
(0.002906 0.0025 0.004094)
(0.002906 0.0025 0.004156)
(0.002906 0.0025 0.004219)
(0.002906 0.0025 0.004281)
(0.002906 0.0025 0.004344)
(0.002906 0.0025 0.004406)
(0.002906 0.0025 0.004469)
(0.002906 0.0025 0.004531)
(0.002906 0.0025 0.004594)
(0.002906 0.0025 0.004656)
(0.002906 0.0025 0.004719)
(0.002906 0.0025 0.004781)
(0.002906 0.0025 0.004844)
(0.002906 0.0025 0.004906)
(0.002906 0.0025 0.004969)
(0.002906 0.0025 0.005031)
(0.002906 0.0025 0.005094)
(0.002906 0.0025 0.005156)
(0.002906 0.0025 0.005219)
(0.002906 0.0025 0.005281)
(0.002906 0.0025 0.005344)
(0.002906 0.0025 0.005406)
(0.002906 0.0025 0.005469)
(0.002906 0.0025 0.005531)
(0.002906 0.0025 0.005594)
(0.002906 0.0025 0.005656)
(0.002906 0.0025 0.005719)
(0.002906 0.0025 0.005781)
(0.002906 0.0025 0.005844)
(0.002906 0.0025 0.005906)
(0.002906 0.0025 0.005969)
(0.002969 0.0025 0.004031)
(0.002969 0.0025 0.004094)
(0.002969 0.0025 0.004156)
(0.002969 0.0025 0.004219)
(0.002969 0.0025 0.004281)
(0.002969 0.0025 0.004344)
(0.002969 0.0025 0.004406)
(0.002969 0.0025 0.004469)
(0.002969 0.0025 0.004531)
(0.002969 0.0025 0.004594)
(0.002969 0.0025 0.004656)
(0.002969 0.0025 0.004719)
(0.002969 0.0025 0.004781)
(0.002969 0.0025 0.004844)
(0.002969 0.0025 0.004906)
(0.002969 0.0025 0.004969)
(0.002969 0.0025 0.005031)
(0.002969 0.0025 0.005094)
(0.002969 0.0025 0.005156)
(0.002969 0.0025 0.005219)
(0.002969 0.0025 0.005281)
(0.002969 0.0025 0.005344)
(0.002969 0.0025 0.005406)
(0.002969 0.0025 0.005469)
(0.002969 0.0025 0.005531)
(0.002969 0.0025 0.005594)
(0.002969 0.0025 0.005656)
(0.002969 0.0025 0.005719)
(0.002969 0.0025 0.005781)
(0.002969 0.0025 0.005844)
(0.002969 0.0025 0.005906)
(0.002969 0.0025 0.005969)
(0.003031 0.0025 0.004031)
(0.003031 0.0025 0.004094)
(0.003031 0.0025 0.004156)
(0.003031 0.0025 0.004219)
(0.003031 0.0025 0.004281)
(0.003031 0.0025 0.004344)
(0.003031 0.0025 0.004406)
(0.003031 0.0025 0.004469)
(0.003031 0.0025 0.004531)
(0.003031 0.0025 0.004594)
(0.003031 0.0025 0.004656)
(0.003031 0.0025 0.004719)
(0.003031 0.0025 0.004781)
(0.003031 0.0025 0.004844)
(0.003031 0.0025 0.004906)
(0.003031 0.0025 0.004969)
(0.003031 0.0025 0.005031)
(0.003031 0.0025 0.005094)
(0.003031 0.0025 0.005156)
(0.003031 0.0025 0.005219)
(0.003031 0.0025 0.005281)
(0.003031 0.0025 0.005344)
(0.003031 0.0025 0.005406)
(0.003031 0.0025 0.005469)
(0.003031 0.0025 0.005531)
(0.003031 0.0025 0.005594)
(0.003031 0.0025 0.005656)
(0.003031 0.0025 0.005719)
(0.003031 0.0025 0.005781)
(0.003031 0.0025 0.005844)
(0.003031 0.0025 0.005906)
(0.003031 0.0025 0.005969)
(0.003094 0.0025 0.004031)
(0.003094 0.0025 0.004094)
(0.003094 0.0025 0.004156)
(0.003094 0.0025 0.004219)
(0.003094 0.0025 0.004281)
(0.003094 0.0025 0.004344)
(0.003094 0.0025 0.004406)
(0.003094 0.0025 0.004469)
(0.003094 0.0025 0.004531)
(0.003094 0.0025 0.004594)
(0.003094 0.0025 0.004656)
(0.003094 0.0025 0.004719)
(0.003094 0.0025 0.004781)
(0.003094 0.0025 0.004844)
(0.003094 0.0025 0.004906)
(0.003094 0.0025 0.004969)
(0.003094 0.0025 0.005031)
(0.003094 0.0025 0.005094)
(0.003094 0.0025 0.005156)
(0.003094 0.0025 0.005219)
(0.003094 0.0025 0.005281)
(0.003094 0.0025 0.005344)
(0.003094 0.0025 0.005406)
(0.003094 0.0025 0.005469)
(0.003094 0.0025 0.005531)
(0.003094 0.0025 0.005594)
(0.003094 0.0025 0.005656)
(0.003094 0.0025 0.005719)
(0.003094 0.0025 0.005781)
(0.003094 0.0025 0.005844)
(0.003094 0.0025 0.005906)
(0.003094 0.0025 0.005969)
(0.003156 0.0025 0.004031)
(0.003156 0.0025 0.004094)
(0.003156 0.0025 0.004156)
(0.003156 0.0025 0.004219)
(0.003156 0.0025 0.004281)
(0.003156 0.0025 0.004344)
(0.003156 0.0025 0.004406)
(0.003156 0.0025 0.004469)
(0.003156 0.0025 0.004531)
(0.003156 0.0025 0.004594)
(0.003156 0.0025 0.004656)
(0.003156 0.0025 0.004719)
(0.003156 0.0025 0.004781)
(0.003156 0.0025 0.004844)
(0.003156 0.0025 0.004906)
(0.003156 0.0025 0.004969)
(0.003156 0.0025 0.005031)
(0.003156 0.0025 0.005094)
(0.003156 0.0025 0.005156)
(0.003156 0.0025 0.005219)
(0.003156 0.0025 0.005281)
(0.003156 0.0025 0.005344)
(0.003156 0.0025 0.005406)
(0.003156 0.0025 0.005469)
(0.003156 0.0025 0.005531)
(0.003156 0.0025 0.005594)
(0.003156 0.0025 0.005656)
(0.003156 0.0025 0.005719)
(0.003156 0.0025 0.005781)
(0.003156 0.0025 0.005844)
(0.003156 0.0025 0.005906)
(0.003156 0.0025 0.005969)
(0.003219 0.0025 0.004031)
(0.003219 0.0025 0.004094)
(0.003219 0.0025 0.004156)
(0.003219 0.0025 0.004219)
(0.003219 0.0025 0.004281)
(0.003219 0.0025 0.004344)
(0.003219 0.0025 0.004406)
(0.003219 0.0025 0.004469)
(0.003219 0.0025 0.004531)
(0.003219 0.0025 0.004594)
(0.003219 0.0025 0.004656)
(0.003219 0.0025 0.004719)
(0.003219 0.0025 0.004781)
(0.003219 0.0025 0.004844)
(0.003219 0.0025 0.004906)
(0.003219 0.0025 0.004969)
(0.003219 0.0025 0.005031)
(0.003219 0.0025 0.005094)
(0.003219 0.0025 0.005156)
(0.003219 0.0025 0.005219)
(0.003219 0.0025 0.005281)
(0.003219 0.0025 0.005344)
(0.003219 0.0025 0.005406)
(0.003219 0.0025 0.005469)
(0.003219 0.0025 0.005531)
(0.003219 0.0025 0.005594)
(0.003219 0.0025 0.005656)
(0.003219 0.0025 0.005719)
(0.003219 0.0025 0.005781)
(0.003219 0.0025 0.005844)
(0.003219 0.0025 0.005906)
(0.003219 0.0025 0.005969)
(0.003281 0.0025 0.003969)
(0.003281 0.0025 0.004031)
(0.003281 0.0025 0.004094)
(0.003281 0.0025 0.004156)
(0.003281 0.0025 0.004219)
(0.003281 0.0025 0.004281)
(0.003281 0.0025 0.004344)
(0.003281 0.0025 0.004406)
(0.003281 0.0025 0.004469)
(0.003281 0.0025 0.004531)
(0.003281 0.0025 0.004594)
(0.003281 0.0025 0.004656)
(0.003281 0.0025 0.004719)
(0.003281 0.0025 0.004781)
(0.003281 0.0025 0.004844)
(0.003281 0.0025 0.004906)
(0.003281 0.0025 0.004969)
(0.003281 0.0025 0.005031)
(0.003281 0.0025 0.005094)
(0.003281 0.0025 0.005156)
(0.003281 0.0025 0.005219)
(0.003281 0.0025 0.005281)
(0.003281 0.0025 0.005344)
(0.003281 0.0025 0.005406)
(0.003281 0.0025 0.005469)
(0.003281 0.0025 0.005531)
(0.003281 0.0025 0.005594)
(0.003281 0.0025 0.005656)
(0.003281 0.0025 0.005719)
(0.003281 0.0025 0.005781)
(0.003281 0.0025 0.005844)
(0.003281 0.0025 0.005906)
(0.003281 0.0025 0.005969)
(0.003344 0.0025 0.003969)
(0.003344 0.0025 0.004031)
(0.003344 0.0025 0.004094)
(0.003344 0.0025 0.004156)
(0.003344 0.0025 0.004219)
(0.003344 0.0025 0.004281)
(0.003344 0.0025 0.004344)
(0.003344 0.0025 0.004406)
(0.003344 0.0025 0.004469)
(0.003344 0.0025 0.004531)
(0.003344 0.0025 0.004594)
(0.003344 0.0025 0.004656)
(0.003344 0.0025 0.004719)
(0.003344 0.0025 0.004781)
(0.003344 0.0025 0.004844)
(0.003344 0.0025 0.004906)
(0.003344 0.0025 0.004969)
(0.003344 0.0025 0.005031)
(0.003344 0.0025 0.005094)
(0.003344 0.0025 0.005156)
(0.003344 0.0025 0.005219)
(0.003344 0.0025 0.005281)
(0.003344 0.0025 0.005344)
(0.003344 0.0025 0.005406)
(0.003344 0.0025 0.005469)
(0.003344 0.0025 0.005531)
(0.003344 0.0025 0.005594)
(0.003344 0.0025 0.005656)
(0.003344 0.0025 0.005719)
(0.003344 0.0025 0.005781)
(0.003344 0.0025 0.005844)
(0.003344 0.0025 0.005906)
(0.003344 0.0025 0.005969)
(0.003406 0.0025 0.003969)
(0.003406 0.0025 0.004031)
(0.003406 0.0025 0.004094)
(0.003406 0.0025 0.004156)
(0.003406 0.0025 0.004219)
(0.003406 0.0025 0.004281)
(0.003406 0.0025 0.004344)
(0.003406 0.0025 0.004406)
(0.003406 0.0025 0.004469)
(0.003406 0.0025 0.004531)
(0.003406 0.0025 0.004594)
(0.003406 0.0025 0.004656)
(0.003406 0.0025 0.004719)
(0.003406 0.0025 0.004781)
(0.003406 0.0025 0.004844)
(0.003406 0.0025 0.004906)
(0.003406 0.0025 0.004969)
(0.003406 0.0025 0.005031)
(0.003406 0.0025 0.005094)
(0.003406 0.0025 0.005156)
(0.003406 0.0025 0.005219)
(0.003406 0.0025 0.005281)
(0.003406 0.0025 0.005344)
(0.003406 0.0025 0.005406)
(0.003406 0.0025 0.005469)
(0.003406 0.0025 0.005531)
(0.003406 0.0025 0.005594)
(0.003406 0.0025 0.005656)
(0.003406 0.0025 0.005719)
(0.003406 0.0025 0.005781)
(0.003406 0.0025 0.005844)
(0.003406 0.0025 0.005906)
(0.003406 0.0025 0.005969)
(0.003469 0.0025 0.003969)
(0.003469 0.0025 0.004031)
(0.003469 0.0025 0.004094)
(0.003469 0.0025 0.004156)
(0.003469 0.0025 0.004219)
(0.003469 0.0025 0.004281)
(0.003469 0.0025 0.004344)
(0.003469 0.0025 0.004406)
(0.003469 0.0025 0.004469)
(0.003469 0.0025 0.004531)
(0.003469 0.0025 0.004594)
(0.003469 0.0025 0.004656)
(0.003469 0.0025 0.004719)
(0.003469 0.0025 0.004781)
(0.003469 0.0025 0.004844)
(0.003469 0.0025 0.004906)
(0.003469 0.0025 0.004969)
(0.003469 0.0025 0.005031)
(0.003469 0.0025 0.005094)
(0.003469 0.0025 0.005156)
(0.003469 0.0025 0.005219)
(0.003469 0.0025 0.005281)
(0.003469 0.0025 0.005344)
(0.003469 0.0025 0.005406)
(0.003469 0.0025 0.005469)
(0.003469 0.0025 0.005531)
(0.003469 0.0025 0.005594)
(0.003469 0.0025 0.005656)
(0.003469 0.0025 0.005719)
(0.003469 0.0025 0.005781)
(0.003469 0.0025 0.005844)
(0.003469 0.0025 0.005906)
(0.003469 0.0025 0.005969)
(0.003531 0.0025 0.003969)
(0.003531 0.0025 0.004031)
(0.003531 0.0025 0.004094)
(0.003531 0.0025 0.004156)
(0.003531 0.0025 0.004219)
(0.003531 0.0025 0.004281)
(0.003531 0.0025 0.004344)
(0.003531 0.0025 0.004406)
(0.003531 0.0025 0.004469)
(0.003531 0.0025 0.004531)
(0.003531 0.0025 0.004594)
(0.003531 0.0025 0.004656)
(0.003531 0.0025 0.004719)
(0.003531 0.0025 0.004781)
(0.003531 0.0025 0.004844)
(0.003531 0.0025 0.004906)
(0.003531 0.0025 0.004969)
(0.003531 0.0025 0.005031)
(0.003531 0.0025 0.005094)
(0.003531 0.0025 0.005156)
(0.003531 0.0025 0.005219)
(0.003531 0.0025 0.005281)
(0.003531 0.0025 0.005344)
(0.003531 0.0025 0.005406)
(0.003531 0.0025 0.005469)
(0.003531 0.0025 0.005531)
(0.003531 0.0025 0.005594)
(0.003531 0.0025 0.005656)
(0.003531 0.0025 0.005719)
(0.003531 0.0025 0.005781)
(0.003531 0.0025 0.005844)
(0.003531 0.0025 0.005906)
(0.003531 0.0025 0.005969)
(0.003594 0.0025 0.003969)
(0.003594 0.0025 0.004031)
(0.003594 0.0025 0.004094)
(0.003594 0.0025 0.004156)
(0.003594 0.0025 0.004219)
(0.003594 0.0025 0.004281)
(0.003594 0.0025 0.004344)
(0.003594 0.0025 0.004406)
(0.003594 0.0025 0.004469)
(0.003594 0.0025 0.004531)
(0.003594 0.0025 0.004594)
(0.003594 0.0025 0.004656)
(0.003594 0.0025 0.004719)
(0.003594 0.0025 0.004781)
(0.003594 0.0025 0.004844)
(0.003594 0.0025 0.004906)
(0.003594 0.0025 0.004969)
(0.003594 0.0025 0.005031)
(0.003594 0.0025 0.005094)
(0.003594 0.0025 0.005156)
(0.003594 0.0025 0.005219)
(0.003594 0.0025 0.005281)
(0.003594 0.0025 0.005344)
(0.003594 0.0025 0.005406)
(0.003594 0.0025 0.005469)
(0.003594 0.0025 0.005531)
(0.003594 0.0025 0.005594)
(0.003594 0.0025 0.005656)
(0.003594 0.0025 0.005719)
(0.003594 0.0025 0.005781)
(0.003594 0.0025 0.005844)
(0.003594 0.0025 0.005906)
(0.003594 0.0025 0.005969)
(0.003656 0.0025 0.003969)
(0.003656 0.0025 0.004031)
(0.003656 0.0025 0.004094)
(0.003656 0.0025 0.004156)
(0.003656 0.0025 0.004219)
(0.003656 0.0025 0.004281)
(0.003656 0.0025 0.004344)
(0.003656 0.0025 0.004406)
(0.003656 0.0025 0.004469)
(0.003656 0.0025 0.004531)
(0.003656 0.0025 0.004594)
(0.003656 0.0025 0.004656)
(0.003656 0.0025 0.004719)
(0.003656 0.0025 0.004781)
(0.003656 0.0025 0.004844)
(0.003656 0.0025 0.004906)
(0.003656 0.0025 0.004969)
(0.003656 0.0025 0.005031)
(0.003656 0.0025 0.005094)
(0.003656 0.0025 0.005156)
(0.003656 0.0025 0.005219)
(0.003656 0.0025 0.005281)
(0.003656 0.0025 0.005344)
(0.003656 0.0025 0.005406)
(0.003656 0.0025 0.005469)
(0.003656 0.0025 0.005531)
(0.003656 0.0025 0.005594)
(0.003656 0.0025 0.005656)
(0.003656 0.0025 0.005719)
(0.003656 0.0025 0.005781)
(0.003656 0.0025 0.005844)
(0.003656 0.0025 0.005906)
(0.003656 0.0025 0.005969)
(0.003719 0.0025 0.003969)
(0.003719 0.0025 0.004031)
(0.003719 0.0025 0.004094)
(0.003719 0.0025 0.004156)
(0.003719 0.0025 0.004219)
(0.003719 0.0025 0.004281)
(0.003719 0.0025 0.004344)
(0.003719 0.0025 0.004406)
(0.003719 0.0025 0.004469)
(0.003719 0.0025 0.004531)
(0.003719 0.0025 0.004594)
(0.003719 0.0025 0.004656)
(0.003719 0.0025 0.004719)
(0.003719 0.0025 0.004781)
(0.003719 0.0025 0.004844)
(0.003719 0.0025 0.004906)
(0.003719 0.0025 0.004969)
(0.003719 0.0025 0.005031)
(0.003719 0.0025 0.005094)
(0.003719 0.0025 0.005156)
(0.003719 0.0025 0.005219)
(0.003719 0.0025 0.005281)
(0.003719 0.0025 0.005344)
(0.003719 0.0025 0.005406)
(0.003719 0.0025 0.005469)
(0.003719 0.0025 0.005531)
(0.003719 0.0025 0.005594)
(0.003719 0.0025 0.005656)
(0.003719 0.0025 0.005719)
(0.003719 0.0025 0.005781)
(0.003719 0.0025 0.005844)
(0.003719 0.0025 0.005906)
(0.003719 0.0025 0.005969)
(0.003781 0.0025 0.003969)
(0.003781 0.0025 0.004031)
(0.003781 0.0025 0.004094)
(0.003781 0.0025 0.004156)
(0.003781 0.0025 0.004219)
(0.003781 0.0025 0.004281)
(0.003781 0.0025 0.004344)
(0.003781 0.0025 0.004406)
(0.003781 0.0025 0.004469)
(0.003781 0.0025 0.004531)
(0.003781 0.0025 0.004594)
(0.003781 0.0025 0.004656)
(0.003781 0.0025 0.004719)
(0.003781 0.0025 0.004781)
(0.003781 0.0025 0.004844)
(0.003781 0.0025 0.004906)
(0.003781 0.0025 0.004969)
(0.003781 0.0025 0.005031)
(0.003781 0.0025 0.005094)
(0.003781 0.0025 0.005156)
(0.003781 0.0025 0.005219)
(0.003781 0.0025 0.005281)
(0.003781 0.0025 0.005344)
(0.003781 0.0025 0.005406)
(0.003781 0.0025 0.005469)
(0.003781 0.0025 0.005531)
(0.003781 0.0025 0.005594)
(0.003781 0.0025 0.005656)
(0.003781 0.0025 0.005719)
(0.003781 0.0025 0.005781)
(0.003781 0.0025 0.005844)
(0.003781 0.0025 0.005906)
(0.003781 0.0025 0.005969)
(0.003844 0.0025 0.003969)
(0.003844 0.0025 0.004031)
(0.003844 0.0025 0.004094)
(0.003844 0.0025 0.004156)
(0.003844 0.0025 0.004219)
(0.003844 0.0025 0.004281)
(0.003844 0.0025 0.004344)
(0.003844 0.0025 0.004406)
(0.003844 0.0025 0.004469)
(0.003844 0.0025 0.004531)
(0.003844 0.0025 0.004594)
(0.003844 0.0025 0.004656)
(0.003844 0.0025 0.004719)
(0.003844 0.0025 0.004781)
(0.003844 0.0025 0.004844)
(0.003844 0.0025 0.004906)
(0.003844 0.0025 0.004969)
(0.003844 0.0025 0.005031)
(0.003844 0.0025 0.005094)
(0.003844 0.0025 0.005156)
(0.003844 0.0025 0.005219)
(0.003844 0.0025 0.005281)
(0.003844 0.0025 0.005344)
(0.003844 0.0025 0.005406)
(0.003844 0.0025 0.005469)
(0.003844 0.0025 0.005531)
(0.003844 0.0025 0.005594)
(0.003844 0.0025 0.005656)
(0.003844 0.0025 0.005719)
(0.003844 0.0025 0.005781)
(0.003844 0.0025 0.005844)
(0.003844 0.0025 0.005906)
(0.003844 0.0025 0.005969)
(0.003906 0.0025 0.003969)
(0.003906 0.0025 0.004031)
(0.003906 0.0025 0.004094)
(0.003906 0.0025 0.004156)
(0.003906 0.0025 0.004219)
(0.003906 0.0025 0.004281)
(0.003906 0.0025 0.004344)
(0.003906 0.0025 0.004406)
(0.003906 0.0025 0.004469)
(0.003906 0.0025 0.004531)
(0.003906 0.0025 0.004594)
(0.003906 0.0025 0.004656)
(0.003906 0.0025 0.004719)
(0.003906 0.0025 0.004781)
(0.003906 0.0025 0.004844)
(0.003906 0.0025 0.004906)
(0.003906 0.0025 0.004969)
(0.003906 0.0025 0.005031)
(0.003906 0.0025 0.005094)
(0.003906 0.0025 0.005156)
(0.003906 0.0025 0.005219)
(0.003906 0.0025 0.005281)
(0.003906 0.0025 0.005344)
(0.003906 0.0025 0.005406)
(0.003906 0.0025 0.005469)
(0.003906 0.0025 0.005531)
(0.003906 0.0025 0.005594)
(0.003906 0.0025 0.005656)
(0.003906 0.0025 0.005719)
(0.003906 0.0025 0.005781)
(0.003906 0.0025 0.005844)
(0.003906 0.0025 0.005906)
(0.003906 0.0025 0.005969)
(0.003969 0.0025 0.003969)
(0.003969 0.0025 0.004031)
(0.003969 0.0025 0.004094)
(0.003969 0.0025 0.004156)
(0.003969 0.0025 0.004219)
(0.003969 0.0025 0.004281)
(0.003969 0.0025 0.004344)
(0.003969 0.0025 0.004406)
(0.003969 0.0025 0.004469)
(0.003969 0.0025 0.004531)
(0.003969 0.0025 0.004594)
(0.003969 0.0025 0.004656)
(0.003969 0.0025 0.004719)
(0.003969 0.0025 0.004781)
(0.003969 0.0025 0.004844)
(0.003969 0.0025 0.004906)
(0.003969 0.0025 0.004969)
(0.003969 0.0025 0.005031)
(0.003969 0.0025 0.005094)
(0.003969 0.0025 0.005156)
(0.003969 0.0025 0.005219)
(0.003969 0.0025 0.005281)
(0.003969 0.0025 0.005344)
(0.003969 0.0025 0.005406)
(0.003969 0.0025 0.005469)
(0.003969 0.0025 0.005531)
(0.003969 0.0025 0.005594)
(0.003969 0.0025 0.005656)
(0.003969 0.0025 0.005719)
(0.003969 0.0025 0.005781)
(0.003969 0.0025 0.005844)
(0.003969 0.0025 0.005906)
(0.003969 0.0025 0.005969)
)
;
    }
    wall
    {
        type            calculated;
        value           nonuniform List<vector> 0();
    }
    sym
    {
        type            symmetry;
    }
    procBoundary11to5
    {
        type            processor;
        value           uniform (0.004469 0.001219 0.003969);
    }
    procBoundary11to6
    {
        type            processor;
        value           uniform (0.002531 0.002094 0.003969);
    }
    procBoundary11to7
    {
        type            processor;
        value           nonuniform List<vector> 
832
(
(0.003969 0.001781 0.003906)
(0.003906 0.001844 0.003906)
(0.003969 0.001844 0.003906)
(0.003844 0.001906 0.003906)
(0.003906 0.001906 0.003906)
(0.003969 0.001906 0.003906)
(0.003781 0.001969 0.003906)
(0.003844 0.001969 0.003906)
(0.003906 0.001969 0.003906)
(0.003969 0.001969 0.003906)
(0.003719 0.002031 0.003906)
(0.003781 0.002031 0.003906)
(0.003844 0.002031 0.003906)
(0.003906 0.002031 0.003906)
(0.003969 0.002031 0.003906)
(0.003656 0.002094 0.003906)
(0.003719 0.002094 0.003906)
(0.003781 0.002094 0.003906)
(0.003844 0.002094 0.003906)
(0.003906 0.002094 0.003906)
(0.003969 0.002094 0.003906)
(0.003594 0.002156 0.003906)
(0.003656 0.002156 0.003906)
(0.003719 0.002156 0.003906)
(0.003781 0.002156 0.003906)
(0.003844 0.002156 0.003906)
(0.003906 0.002156 0.003906)
(0.003969 0.002156 0.003906)
(0.003531 0.002219 0.003906)
(0.003594 0.002219 0.003906)
(0.003656 0.002219 0.003906)
(0.003719 0.002219 0.003906)
(0.003781 0.002219 0.003906)
(0.003844 0.002219 0.003906)
(0.003906 0.002219 0.003906)
(0.003969 0.002219 0.003906)
(0.003469 0.002281 0.003906)
(0.003531 0.002281 0.003906)
(0.003594 0.002281 0.003906)
(0.003656 0.002281 0.003906)
(0.003719 0.002281 0.003906)
(0.003781 0.002281 0.003906)
(0.003844 0.002281 0.003906)
(0.003906 0.002281 0.003906)
(0.003969 0.002281 0.003906)
(0.003406 0.002344 0.003906)
(0.003469 0.002344 0.003906)
(0.003531 0.002344 0.003906)
(0.003594 0.002344 0.003906)
(0.003656 0.002344 0.003906)
(0.003719 0.002344 0.003906)
(0.003781 0.002344 0.003906)
(0.003844 0.002344 0.003906)
(0.003906 0.002344 0.003906)
(0.003969 0.002344 0.003906)
(0.002531 0.001281 0.003969)
(0.002594 0.001281 0.003969)
(0.002656 0.001281 0.003969)
(0.002719 0.001281 0.003969)
(0.002781 0.001281 0.003969)
(0.002844 0.001281 0.003969)
(0.002906 0.001281 0.003969)
(0.002969 0.001281 0.003969)
(0.003031 0.001281 0.003969)
(0.003094 0.001281 0.003969)
(0.003156 0.001281 0.003969)
(0.003219 0.001281 0.003969)
(0.003281 0.001281 0.003969)
(0.003344 0.001281 0.003969)
(0.003406 0.001281 0.003969)
(0.003469 0.001281 0.003969)
(0.003531 0.001281 0.003969)
(0.003594 0.001281 0.003969)
(0.003656 0.001281 0.003969)
(0.003719 0.001281 0.003969)
(0.003781 0.001281 0.003969)
(0.003844 0.001281 0.003969)
(0.003906 0.001281 0.003969)
(0.003969 0.001281 0.003969)
(0.002531 0.001344 0.003969)
(0.002594 0.001344 0.003969)
(0.002656 0.001344 0.003969)
(0.002719 0.001344 0.003969)
(0.002781 0.001344 0.003969)
(0.002844 0.001344 0.003969)
(0.002906 0.001344 0.003969)
(0.002969 0.001344 0.003969)
(0.003031 0.001344 0.003969)
(0.003094 0.001344 0.003969)
(0.003156 0.001344 0.003969)
(0.003219 0.001344 0.003969)
(0.003281 0.001344 0.003969)
(0.003344 0.001344 0.003969)
(0.003406 0.001344 0.003969)
(0.003469 0.001344 0.003969)
(0.003531 0.001344 0.003969)
(0.003594 0.001344 0.003969)
(0.003656 0.001344 0.003969)
(0.003719 0.001344 0.003969)
(0.003781 0.001344 0.003969)
(0.003844 0.001344 0.003969)
(0.003906 0.001344 0.003969)
(0.003969 0.001344 0.003969)
(0.002531 0.001406 0.003969)
(0.002594 0.001406 0.003969)
(0.002656 0.001406 0.003969)
(0.002719 0.001406 0.003969)
(0.002781 0.001406 0.003969)
(0.002844 0.001406 0.003969)
(0.002906 0.001406 0.003969)
(0.002969 0.001406 0.003969)
(0.003031 0.001406 0.003969)
(0.003094 0.001406 0.003969)
(0.003156 0.001406 0.003969)
(0.003219 0.001406 0.003969)
(0.003281 0.001406 0.003969)
(0.003344 0.001406 0.003969)
(0.003406 0.001406 0.003969)
(0.003469 0.001406 0.003969)
(0.003531 0.001406 0.003969)
(0.003594 0.001406 0.003969)
(0.003656 0.001406 0.003969)
(0.003719 0.001406 0.003969)
(0.003781 0.001406 0.003969)
(0.003844 0.001406 0.003969)
(0.003906 0.001406 0.003969)
(0.003969 0.001406 0.003969)
(0.002531 0.001469 0.003969)
(0.002594 0.001469 0.003969)
(0.002656 0.001469 0.003969)
(0.002719 0.001469 0.003969)
(0.002781 0.001469 0.003969)
(0.002844 0.001469 0.003969)
(0.002906 0.001469 0.003969)
(0.002969 0.001469 0.003969)
(0.003031 0.001469 0.003969)
(0.003094 0.001469 0.003969)
(0.003156 0.001469 0.003969)
(0.003219 0.001469 0.003969)
(0.003281 0.001469 0.003969)
(0.003344 0.001469 0.003969)
(0.003406 0.001469 0.003969)
(0.003469 0.001469 0.003969)
(0.003531 0.001469 0.003969)
(0.003594 0.001469 0.003969)
(0.003656 0.001469 0.003969)
(0.003719 0.001469 0.003969)
(0.003781 0.001469 0.003969)
(0.003844 0.001469 0.003969)
(0.003906 0.001469 0.003969)
(0.003969 0.001469 0.003969)
(0.002531 0.001531 0.003969)
(0.002594 0.001531 0.003969)
(0.002656 0.001531 0.003969)
(0.002719 0.001531 0.003969)
(0.002781 0.001531 0.003969)
(0.002844 0.001531 0.003969)
(0.002906 0.001531 0.003969)
(0.002969 0.001531 0.003969)
(0.003031 0.001531 0.003969)
(0.003094 0.001531 0.003969)
(0.003156 0.001531 0.003969)
(0.003219 0.001531 0.003969)
(0.003281 0.001531 0.003969)
(0.003344 0.001531 0.003969)
(0.003406 0.001531 0.003969)
(0.003469 0.001531 0.003969)
(0.003531 0.001531 0.003969)
(0.003594 0.001531 0.003969)
(0.003656 0.001531 0.003969)
(0.003719 0.001531 0.003969)
(0.003781 0.001531 0.003969)
(0.003844 0.001531 0.003969)
(0.003906 0.001531 0.003969)
(0.003969 0.001531 0.003969)
(0.002531 0.001594 0.003969)
(0.002594 0.001594 0.003969)
(0.002656 0.001594 0.003969)
(0.002719 0.001594 0.003969)
(0.002781 0.001594 0.003969)
(0.002844 0.001594 0.003969)
(0.002906 0.001594 0.003969)
(0.002969 0.001594 0.003969)
(0.003031 0.001594 0.003969)
(0.003094 0.001594 0.003969)
(0.003156 0.001594 0.003969)
(0.003219 0.001594 0.003969)
(0.003281 0.001594 0.003969)
(0.003344 0.001594 0.003969)
(0.003406 0.001594 0.003969)
(0.003469 0.001594 0.003969)
(0.003531 0.001594 0.003969)
(0.003594 0.001594 0.003969)
(0.003656 0.001594 0.003969)
(0.003719 0.001594 0.003969)
(0.003781 0.001594 0.003969)
(0.003844 0.001594 0.003969)
(0.003906 0.001594 0.003969)
(0.003969 0.001594 0.003969)
(0.002531 0.001656 0.003969)
(0.002594 0.001656 0.003969)
(0.002656 0.001656 0.003969)
(0.002719 0.001656 0.003969)
(0.002781 0.001656 0.003969)
(0.002844 0.001656 0.003969)
(0.002906 0.001656 0.003969)
(0.002969 0.001656 0.003969)
(0.003031 0.001656 0.003969)
(0.003094 0.001656 0.003969)
(0.003156 0.001656 0.003969)
(0.003219 0.001656 0.003969)
(0.003281 0.001656 0.003969)
(0.003344 0.001656 0.003969)
(0.003406 0.001656 0.003969)
(0.003469 0.001656 0.003969)
(0.003531 0.001656 0.003969)
(0.003594 0.001656 0.003969)
(0.003656 0.001656 0.003969)
(0.003719 0.001656 0.003969)
(0.003781 0.001656 0.003969)
(0.003844 0.001656 0.003969)
(0.003906 0.001656 0.003969)
(0.003969 0.001656 0.003969)
(0.002531 0.001719 0.003969)
(0.002594 0.001719 0.003969)
(0.002656 0.001719 0.003969)
(0.002719 0.001719 0.003969)
(0.002781 0.001719 0.003969)
(0.002844 0.001719 0.003969)
(0.002906 0.001719 0.003969)
(0.002969 0.001719 0.003969)
(0.003031 0.001719 0.003969)
(0.003094 0.001719 0.003969)
(0.003156 0.001719 0.003969)
(0.003219 0.001719 0.003969)
(0.003281 0.001719 0.003969)
(0.003344 0.001719 0.003969)
(0.003406 0.001719 0.003969)
(0.003469 0.001719 0.003969)
(0.003531 0.001719 0.003969)
(0.003594 0.001719 0.003969)
(0.003656 0.001719 0.003969)
(0.003719 0.001719 0.003969)
(0.003781 0.001719 0.003969)
(0.003844 0.001719 0.003969)
(0.003906 0.001719 0.003969)
(0.003969 0.001719 0.003969)
(0.003969 0.001719 0.003969)
(0.003969 0.001719 0.003969)
(0.002531 0.001781 0.003969)
(0.002594 0.001781 0.003969)
(0.002656 0.001781 0.003969)
(0.002719 0.001781 0.003969)
(0.002781 0.001781 0.003969)
(0.002844 0.001781 0.003969)
(0.002906 0.001781 0.003969)
(0.002969 0.001781 0.003969)
(0.003031 0.001781 0.003969)
(0.003094 0.001781 0.003969)
(0.003156 0.001781 0.003969)
(0.003219 0.001781 0.003969)
(0.003281 0.001781 0.003969)
(0.003344 0.001781 0.003969)
(0.003406 0.001781 0.003969)
(0.003469 0.001781 0.003969)
(0.003531 0.001781 0.003969)
(0.003594 0.001781 0.003969)
(0.003656 0.001781 0.003969)
(0.003719 0.001781 0.003969)
(0.003781 0.001781 0.003969)
(0.003844 0.001781 0.003969)
(0.003906 0.001781 0.003969)
(0.003906 0.001781 0.003969)
(0.003906 0.001781 0.003969)
(0.002531 0.001844 0.003969)
(0.002594 0.001844 0.003969)
(0.002656 0.001844 0.003969)
(0.002719 0.001844 0.003969)
(0.002781 0.001844 0.003969)
(0.002844 0.001844 0.003969)
(0.002906 0.001844 0.003969)
(0.002969 0.001844 0.003969)
(0.003031 0.001844 0.003969)
(0.003094 0.001844 0.003969)
(0.003156 0.001844 0.003969)
(0.003219 0.001844 0.003969)
(0.003281 0.001844 0.003969)
(0.003344 0.001844 0.003969)
(0.003406 0.001844 0.003969)
(0.003469 0.001844 0.003969)
(0.003531 0.001844 0.003969)
(0.003594 0.001844 0.003969)
(0.003656 0.001844 0.003969)
(0.003719 0.001844 0.003969)
(0.003781 0.001844 0.003969)
(0.003844 0.001844 0.003969)
(0.003844 0.001844 0.003969)
(0.003844 0.001844 0.003969)
(0.002531 0.001906 0.003969)
(0.002594 0.001906 0.003969)
(0.002656 0.001906 0.003969)
(0.002719 0.001906 0.003969)
(0.002781 0.001906 0.003969)
(0.002844 0.001906 0.003969)
(0.002906 0.001906 0.003969)
(0.002969 0.001906 0.003969)
(0.003031 0.001906 0.003969)
(0.003094 0.001906 0.003969)
(0.003156 0.001906 0.003969)
(0.003219 0.001906 0.003969)
(0.003281 0.001906 0.003969)
(0.003344 0.001906 0.003969)
(0.003406 0.001906 0.003969)
(0.003469 0.001906 0.003969)
(0.003531 0.001906 0.003969)
(0.003594 0.001906 0.003969)
(0.003656 0.001906 0.003969)
(0.003719 0.001906 0.003969)
(0.003781 0.001906 0.003969)
(0.003781 0.001906 0.003969)
(0.003781 0.001906 0.003969)
(0.002531 0.001969 0.003969)
(0.002594 0.001969 0.003969)
(0.002656 0.001969 0.003969)
(0.002719 0.001969 0.003969)
(0.002781 0.001969 0.003969)
(0.002844 0.001969 0.003969)
(0.002906 0.001969 0.003969)
(0.002969 0.001969 0.003969)
(0.003031 0.001969 0.003969)
(0.003094 0.001969 0.003969)
(0.003156 0.001969 0.003969)
(0.003219 0.001969 0.003969)
(0.003281 0.001969 0.003969)
(0.003344 0.001969 0.003969)
(0.003406 0.001969 0.003969)
(0.003469 0.001969 0.003969)
(0.003531 0.001969 0.003969)
(0.003594 0.001969 0.003969)
(0.003656 0.001969 0.003969)
(0.003719 0.001969 0.003969)
(0.003719 0.001969 0.003969)
(0.003719 0.001969 0.003969)
(0.002531 0.002031 0.003969)
(0.002594 0.002031 0.003969)
(0.002656 0.002031 0.003969)
(0.002719 0.002031 0.003969)
(0.002781 0.002031 0.003969)
(0.002844 0.002031 0.003969)
(0.002906 0.002031 0.003969)
(0.002969 0.002031 0.003969)
(0.003031 0.002031 0.003969)
(0.003094 0.002031 0.003969)
(0.003156 0.002031 0.003969)
(0.003219 0.002031 0.003969)
(0.003281 0.002031 0.003969)
(0.003344 0.002031 0.003969)
(0.003406 0.002031 0.003969)
(0.003469 0.002031 0.003969)
(0.003531 0.002031 0.003969)
(0.003594 0.002031 0.003969)
(0.003656 0.002031 0.003969)
(0.003656 0.002031 0.003969)
(0.003656 0.002031 0.003969)
(0.002594 0.002094 0.003969)
(0.002656 0.002094 0.003969)
(0.002719 0.002094 0.003969)
(0.002781 0.002094 0.003969)
(0.002844 0.002094 0.003969)
(0.002906 0.002094 0.003969)
(0.002969 0.002094 0.003969)
(0.003031 0.002094 0.003969)
(0.003094 0.002094 0.003969)
(0.003156 0.002094 0.003969)
(0.003219 0.002094 0.003969)
(0.003281 0.002094 0.003969)
(0.003344 0.002094 0.003969)
(0.003406 0.002094 0.003969)
(0.003469 0.002094 0.003969)
(0.003531 0.002094 0.003969)
(0.003594 0.002094 0.003969)
(0.003594 0.002094 0.003969)
(0.003594 0.002094 0.003969)
(0.002594 0.002156 0.003969)
(0.002656 0.002156 0.003969)
(0.002719 0.002156 0.003969)
(0.002781 0.002156 0.003969)
(0.002844 0.002156 0.003969)
(0.002906 0.002156 0.003969)
(0.002969 0.002156 0.003969)
(0.003031 0.002156 0.003969)
(0.003094 0.002156 0.003969)
(0.003156 0.002156 0.003969)
(0.003219 0.002156 0.003969)
(0.003281 0.002156 0.003969)
(0.003344 0.002156 0.003969)
(0.003406 0.002156 0.003969)
(0.003469 0.002156 0.003969)
(0.003531 0.002156 0.003969)
(0.003531 0.002156 0.003969)
(0.003531 0.002156 0.003969)
(0.002594 0.002219 0.003969)
(0.002656 0.002219 0.003969)
(0.002719 0.002219 0.003969)
(0.002781 0.002219 0.003969)
(0.002844 0.002219 0.003969)
(0.002906 0.002219 0.003969)
(0.002969 0.002219 0.003969)
(0.003031 0.002219 0.003969)
(0.003094 0.002219 0.003969)
(0.003156 0.002219 0.003969)
(0.003219 0.002219 0.003969)
(0.003281 0.002219 0.003969)
(0.003344 0.002219 0.003969)
(0.003406 0.002219 0.003969)
(0.003469 0.002219 0.003969)
(0.003469 0.002219 0.003969)
(0.003469 0.002219 0.003969)
(0.002594 0.002281 0.003969)
(0.002656 0.002281 0.003969)
(0.002719 0.002281 0.003969)
(0.002781 0.002281 0.003969)
(0.002844 0.002281 0.003969)
(0.002906 0.002281 0.003969)
(0.002969 0.002281 0.003969)
(0.003031 0.002281 0.003969)
(0.003094 0.002281 0.003969)
(0.003156 0.002281 0.003969)
(0.003219 0.002281 0.003969)
(0.003281 0.002281 0.003969)
(0.003344 0.002281 0.003969)
(0.003406 0.002281 0.003969)
(0.003406 0.002281 0.003969)
(0.003406 0.002281 0.003969)
(0.002594 0.002344 0.003969)
(0.002656 0.002344 0.003969)
(0.002719 0.002344 0.003969)
(0.002781 0.002344 0.003969)
(0.002844 0.002344 0.003969)
(0.002906 0.002344 0.003969)
(0.002969 0.002344 0.003969)
(0.003031 0.002344 0.003969)
(0.003094 0.002344 0.003969)
(0.003156 0.002344 0.003969)
(0.003219 0.002344 0.003969)
(0.003281 0.002344 0.003969)
(0.003344 0.002344 0.003969)
(0.003344 0.002344 0.003969)
(0.003344 0.002344 0.003969)
(0.004469 0.001281 0.003906)
(0.004531 0.001281 0.003906)
(0.004594 0.001281 0.003906)
(0.004656 0.001281 0.003906)
(0.004719 0.001281 0.003906)
(0.004781 0.001281 0.003906)
(0.004844 0.001281 0.003906)
(0.004906 0.001281 0.003906)
(0.004969 0.001281 0.003906)
(0.004406 0.001344 0.003906)
(0.004469 0.001344 0.003906)
(0.004531 0.001344 0.003906)
(0.004594 0.001344 0.003906)
(0.004656 0.001344 0.003906)
(0.004719 0.001344 0.003906)
(0.004781 0.001344 0.003906)
(0.004844 0.001344 0.003906)
(0.004906 0.001344 0.003906)
(0.004969 0.001344 0.003906)
(0.004344 0.001406 0.003906)
(0.004406 0.001406 0.003906)
(0.004469 0.001406 0.003906)
(0.004531 0.001406 0.003906)
(0.004594 0.001406 0.003906)
(0.004656 0.001406 0.003906)
(0.004719 0.001406 0.003906)
(0.004781 0.001406 0.003906)
(0.004844 0.001406 0.003906)
(0.004906 0.001406 0.003906)
(0.004969 0.001406 0.003906)
(0.004281 0.001469 0.003906)
(0.004344 0.001469 0.003906)
(0.004406 0.001469 0.003906)
(0.004469 0.001469 0.003906)
(0.004531 0.001469 0.003906)
(0.004594 0.001469 0.003906)
(0.004656 0.001469 0.003906)
(0.004719 0.001469 0.003906)
(0.004781 0.001469 0.003906)
(0.004844 0.001469 0.003906)
(0.004906 0.001469 0.003906)
(0.004969 0.001469 0.003906)
(0.004219 0.001531 0.003906)
(0.004281 0.001531 0.003906)
(0.004344 0.001531 0.003906)
(0.004406 0.001531 0.003906)
(0.004469 0.001531 0.003906)
(0.004531 0.001531 0.003906)
(0.004594 0.001531 0.003906)
(0.004656 0.001531 0.003906)
(0.004719 0.001531 0.003906)
(0.004781 0.001531 0.003906)
(0.004844 0.001531 0.003906)
(0.004906 0.001531 0.003906)
(0.004969 0.001531 0.003906)
(0.004156 0.001594 0.003906)
(0.004219 0.001594 0.003906)
(0.004281 0.001594 0.003906)
(0.004344 0.001594 0.003906)
(0.004406 0.001594 0.003906)
(0.004469 0.001594 0.003906)
(0.004531 0.001594 0.003906)
(0.004594 0.001594 0.003906)
(0.004656 0.001594 0.003906)
(0.004719 0.001594 0.003906)
(0.004781 0.001594 0.003906)
(0.004844 0.001594 0.003906)
(0.004906 0.001594 0.003906)
(0.004969 0.001594 0.003906)
(0.004094 0.001656 0.003906)
(0.004156 0.001656 0.003906)
(0.004219 0.001656 0.003906)
(0.004281 0.001656 0.003906)
(0.004344 0.001656 0.003906)
(0.004406 0.001656 0.003906)
(0.004469 0.001656 0.003906)
(0.004531 0.001656 0.003906)
(0.004594 0.001656 0.003906)
(0.004656 0.001656 0.003906)
(0.004719 0.001656 0.003906)
(0.004781 0.001656 0.003906)
(0.004844 0.001656 0.003906)
(0.004906 0.001656 0.003906)
(0.004969 0.001656 0.003906)
(0.004031 0.001719 0.003906)
(0.004094 0.001719 0.003906)
(0.004156 0.001719 0.003906)
(0.004219 0.001719 0.003906)
(0.004281 0.001719 0.003906)
(0.004344 0.001719 0.003906)
(0.004406 0.001719 0.003906)
(0.004469 0.001719 0.003906)
(0.004531 0.001719 0.003906)
(0.004594 0.001719 0.003906)
(0.004656 0.001719 0.003906)
(0.004719 0.001719 0.003906)
(0.004781 0.001719 0.003906)
(0.004844 0.001719 0.003906)
(0.004906 0.001719 0.003906)
(0.004969 0.001719 0.003906)
(0.004031 0.001781 0.003906)
(0.004094 0.001781 0.003906)
(0.004156 0.001781 0.003906)
(0.004219 0.001781 0.003906)
(0.004281 0.001781 0.003906)
(0.004344 0.001781 0.003906)
(0.004406 0.001781 0.003906)
(0.004469 0.001781 0.003906)
(0.004531 0.001781 0.003906)
(0.004594 0.001781 0.003906)
(0.004656 0.001781 0.003906)
(0.004719 0.001781 0.003906)
(0.004781 0.001781 0.003906)
(0.004844 0.001781 0.003906)
(0.004906 0.001781 0.003906)
(0.004969 0.001781 0.003906)
(0.004031 0.001844 0.003906)
(0.004094 0.001844 0.003906)
(0.004156 0.001844 0.003906)
(0.004219 0.001844 0.003906)
(0.004281 0.001844 0.003906)
(0.004344 0.001844 0.003906)
(0.004406 0.001844 0.003906)
(0.004469 0.001844 0.003906)
(0.004531 0.001844 0.003906)
(0.004594 0.001844 0.003906)
(0.004656 0.001844 0.003906)
(0.004719 0.001844 0.003906)
(0.004781 0.001844 0.003906)
(0.004844 0.001844 0.003906)
(0.004906 0.001844 0.003906)
(0.004969 0.001844 0.003906)
(0.004031 0.001906 0.003906)
(0.004094 0.001906 0.003906)
(0.004156 0.001906 0.003906)
(0.004219 0.001906 0.003906)
(0.004281 0.001906 0.003906)
(0.004344 0.001906 0.003906)
(0.004406 0.001906 0.003906)
(0.004469 0.001906 0.003906)
(0.004531 0.001906 0.003906)
(0.004594 0.001906 0.003906)
(0.004656 0.001906 0.003906)
(0.004719 0.001906 0.003906)
(0.004781 0.001906 0.003906)
(0.004844 0.001906 0.003906)
(0.004906 0.001906 0.003906)
(0.004969 0.001906 0.003906)
(0.004031 0.001969 0.003906)
(0.004094 0.001969 0.003906)
(0.004156 0.001969 0.003906)
(0.004219 0.001969 0.003906)
(0.004281 0.001969 0.003906)
(0.004344 0.001969 0.003906)
(0.004406 0.001969 0.003906)
(0.004469 0.001969 0.003906)
(0.004531 0.001969 0.003906)
(0.004594 0.001969 0.003906)
(0.004656 0.001969 0.003906)
(0.004719 0.001969 0.003906)
(0.004781 0.001969 0.003906)
(0.004844 0.001969 0.003906)
(0.004906 0.001969 0.003906)
(0.004969 0.001969 0.003906)
(0.004031 0.002031 0.003906)
(0.004094 0.002031 0.003906)
(0.004156 0.002031 0.003906)
(0.004219 0.002031 0.003906)
(0.004281 0.002031 0.003906)
(0.004344 0.002031 0.003906)
(0.004406 0.002031 0.003906)
(0.004469 0.002031 0.003906)
(0.004531 0.002031 0.003906)
(0.004594 0.002031 0.003906)
(0.004656 0.002031 0.003906)
(0.004719 0.002031 0.003906)
(0.004781 0.002031 0.003906)
(0.004844 0.002031 0.003906)
(0.004906 0.002031 0.003906)
(0.004969 0.002031 0.003906)
(0.004031 0.002094 0.003906)
(0.004094 0.002094 0.003906)
(0.004156 0.002094 0.003906)
(0.004219 0.002094 0.003906)
(0.004281 0.002094 0.003906)
(0.004344 0.002094 0.003906)
(0.004406 0.002094 0.003906)
(0.004469 0.002094 0.003906)
(0.004531 0.002094 0.003906)
(0.004594 0.002094 0.003906)
(0.004656 0.002094 0.003906)
(0.004719 0.002094 0.003906)
(0.004781 0.002094 0.003906)
(0.004844 0.002094 0.003906)
(0.004906 0.002094 0.003906)
(0.004969 0.002094 0.003906)
(0.004031 0.002156 0.003906)
(0.004094 0.002156 0.003906)
(0.004156 0.002156 0.003906)
(0.004219 0.002156 0.003906)
(0.004281 0.002156 0.003906)
(0.004344 0.002156 0.003906)
(0.004406 0.002156 0.003906)
(0.004469 0.002156 0.003906)
(0.004531 0.002156 0.003906)
(0.004594 0.002156 0.003906)
(0.004656 0.002156 0.003906)
(0.004719 0.002156 0.003906)
(0.004781 0.002156 0.003906)
(0.004844 0.002156 0.003906)
(0.004906 0.002156 0.003906)
(0.004969 0.002156 0.003906)
(0.004031 0.002219 0.003906)
(0.004094 0.002219 0.003906)
(0.004156 0.002219 0.003906)
(0.004219 0.002219 0.003906)
(0.004281 0.002219 0.003906)
(0.004344 0.002219 0.003906)
(0.004406 0.002219 0.003906)
(0.004469 0.002219 0.003906)
(0.004531 0.002219 0.003906)
(0.004594 0.002219 0.003906)
(0.004656 0.002219 0.003906)
(0.004719 0.002219 0.003906)
(0.004781 0.002219 0.003906)
(0.004844 0.002219 0.003906)
(0.004906 0.002219 0.003906)
(0.004969 0.002219 0.003906)
(0.004031 0.002281 0.003906)
(0.004094 0.002281 0.003906)
(0.004156 0.002281 0.003906)
(0.004219 0.002281 0.003906)
(0.004281 0.002281 0.003906)
(0.004344 0.002281 0.003906)
(0.004406 0.002281 0.003906)
(0.004469 0.002281 0.003906)
(0.004531 0.002281 0.003906)
(0.004594 0.002281 0.003906)
(0.004656 0.002281 0.003906)
(0.004719 0.002281 0.003906)
(0.004781 0.002281 0.003906)
(0.004844 0.002281 0.003906)
(0.004906 0.002281 0.003906)
(0.004969 0.002281 0.003906)
(0.004031 0.002344 0.003906)
(0.004094 0.002344 0.003906)
(0.004156 0.002344 0.003906)
(0.004219 0.002344 0.003906)
(0.004281 0.002344 0.003906)
(0.004344 0.002344 0.003906)
(0.004406 0.002344 0.003906)
(0.004469 0.002344 0.003906)
(0.004531 0.002344 0.003906)
(0.004594 0.002344 0.003906)
(0.004656 0.002344 0.003906)
(0.004719 0.002344 0.003906)
(0.004781 0.002344 0.003906)
(0.004844 0.002344 0.003906)
(0.004906 0.002344 0.003906)
(0.004969 0.002344 0.003906)
(0.004031 0.001281 0.003969)
(0.004094 0.001281 0.003969)
(0.004156 0.001281 0.003969)
(0.004219 0.001281 0.003969)
(0.004281 0.001281 0.003969)
(0.004344 0.001281 0.003969)
(0.004406 0.001281 0.003969)
(0.004406 0.001281 0.003969)
(0.004406 0.001281 0.003969)
(0.004031 0.001344 0.003969)
(0.004094 0.001344 0.003969)
(0.004156 0.001344 0.003969)
(0.004219 0.001344 0.003969)
(0.004281 0.001344 0.003969)
(0.004344 0.001344 0.003969)
(0.004344 0.001344 0.003969)
(0.004344 0.001344 0.003969)
(0.004031 0.001406 0.003969)
(0.004094 0.001406 0.003969)
(0.004156 0.001406 0.003969)
(0.004219 0.001406 0.003969)
(0.004281 0.001406 0.003969)
(0.004281 0.001406 0.003969)
(0.004281 0.001406 0.003969)
(0.004031 0.001469 0.003969)
(0.004094 0.001469 0.003969)
(0.004156 0.001469 0.003969)
(0.004219 0.001469 0.003969)
(0.004219 0.001469 0.003969)
(0.004219 0.001469 0.003969)
(0.004031 0.001531 0.003969)
(0.004094 0.001531 0.003969)
(0.004156 0.001531 0.003969)
(0.004156 0.001531 0.003969)
(0.004156 0.001531 0.003969)
(0.004031 0.001594 0.003969)
(0.004094 0.001594 0.003969)
(0.004094 0.001594 0.003969)
(0.004094 0.001594 0.003969)
(0.004031 0.001656 0.003969)
(0.004031 0.001656 0.003969)
(0.004031 0.001656 0.003969)
(0.003344 0.002406 0.003906)
(0.003406 0.002406 0.003906)
(0.003469 0.002406 0.003906)
(0.003531 0.002406 0.003906)
(0.003594 0.002406 0.003906)
(0.003656 0.002406 0.003906)
(0.003719 0.002406 0.003906)
(0.003781 0.002406 0.003906)
(0.003844 0.002406 0.003906)
(0.003906 0.002406 0.003906)
(0.003969 0.002406 0.003906)
(0.003281 0.002469 0.003906)
(0.003344 0.002469 0.003906)
(0.003406 0.002469 0.003906)
(0.003469 0.002469 0.003906)
(0.003531 0.002469 0.003906)
(0.003594 0.002469 0.003906)
(0.003656 0.002469 0.003906)
(0.003719 0.002469 0.003906)
(0.003781 0.002469 0.003906)
(0.003844 0.002469 0.003906)
(0.003906 0.002469 0.003906)
(0.003969 0.002469 0.003906)
(0.002594 0.002406 0.003969)
(0.002656 0.002406 0.003969)
(0.002719 0.002406 0.003969)
(0.002781 0.002406 0.003969)
(0.002844 0.002406 0.003969)
(0.002906 0.002406 0.003969)
(0.002969 0.002406 0.003969)
(0.003031 0.002406 0.003969)
(0.003094 0.002406 0.003969)
(0.003156 0.002406 0.003969)
(0.003219 0.002406 0.003969)
(0.003281 0.002406 0.003969)
(0.003281 0.002406 0.003969)
(0.003281 0.002406 0.003969)
(0.002594 0.002469 0.003969)
(0.002656 0.002469 0.003969)
(0.002719 0.002469 0.003969)
(0.002781 0.002469 0.003969)
(0.002844 0.002469 0.003969)
(0.002906 0.002469 0.003969)
(0.002969 0.002469 0.003969)
(0.003031 0.002469 0.003969)
(0.003094 0.002469 0.003969)
(0.003156 0.002469 0.003969)
(0.003219 0.002469 0.003969)
(0.003219 0.002469 0.003969)
(0.004031 0.002406 0.003906)
(0.004094 0.002406 0.003906)
(0.004156 0.002406 0.003906)
(0.004219 0.002406 0.003906)
(0.004281 0.002406 0.003906)
(0.004344 0.002406 0.003906)
(0.004406 0.002406 0.003906)
(0.004469 0.002406 0.003906)
(0.004531 0.002406 0.003906)
(0.004594 0.002406 0.003906)
(0.004656 0.002406 0.003906)
(0.004719 0.002406 0.003906)
(0.004781 0.002406 0.003906)
(0.004844 0.002406 0.003906)
(0.004906 0.002406 0.003906)
(0.004969 0.002406 0.003906)
(0.004031 0.002469 0.003906)
(0.004094 0.002469 0.003906)
(0.004156 0.002469 0.003906)
(0.004219 0.002469 0.003906)
(0.004281 0.002469 0.003906)
(0.004344 0.002469 0.003906)
(0.004406 0.002469 0.003906)
(0.004469 0.002469 0.003906)
(0.004531 0.002469 0.003906)
(0.004594 0.002469 0.003906)
(0.004656 0.002469 0.003906)
(0.004719 0.002469 0.003906)
(0.004781 0.002469 0.003906)
(0.004844 0.002469 0.003906)
(0.004906 0.002469 0.003906)
(0.004969 0.002469 0.003906)
)
;
    }
    procBoundary11to9
    {
        type            processor;
        value           nonuniform List<vector> 
1288
(
(0.002531 0.001219 0.004031)
(0.002594 0.001219 0.004031)
(0.002656 0.001219 0.004031)
(0.002719 0.001219 0.004031)
(0.002781 0.001219 0.004031)
(0.002844 0.001219 0.004031)
(0.002906 0.001219 0.004031)
(0.002969 0.001219 0.004031)
(0.003031 0.001219 0.004031)
(0.003094 0.001219 0.004031)
(0.003156 0.001219 0.004031)
(0.003219 0.001219 0.004031)
(0.003281 0.001219 0.004031)
(0.003344 0.001219 0.004031)
(0.003406 0.001219 0.004031)
(0.003469 0.001219 0.004031)
(0.003531 0.001219 0.004031)
(0.003594 0.001219 0.004031)
(0.003656 0.001219 0.004031)
(0.003719 0.001219 0.004031)
(0.003781 0.001219 0.004031)
(0.003844 0.001219 0.004031)
(0.003906 0.001219 0.004031)
(0.003969 0.001219 0.004031)
(0.002531 0.001219 0.004094)
(0.002594 0.001219 0.004094)
(0.002656 0.001219 0.004094)
(0.002719 0.001219 0.004094)
(0.002781 0.001219 0.004094)
(0.002844 0.001219 0.004094)
(0.002906 0.001219 0.004094)
(0.002969 0.001219 0.004094)
(0.003031 0.001219 0.004094)
(0.003094 0.001219 0.004094)
(0.003156 0.001219 0.004094)
(0.003219 0.001219 0.004094)
(0.003281 0.001219 0.004094)
(0.003344 0.001219 0.004094)
(0.003406 0.001219 0.004094)
(0.003469 0.001219 0.004094)
(0.003531 0.001219 0.004094)
(0.003594 0.001219 0.004094)
(0.003656 0.001219 0.004094)
(0.003719 0.001219 0.004094)
(0.003781 0.001219 0.004094)
(0.003844 0.001219 0.004094)
(0.003906 0.001219 0.004094)
(0.003969 0.001219 0.004094)
(0.002531 0.001219 0.004156)
(0.002594 0.001219 0.004156)
(0.002656 0.001219 0.004156)
(0.002719 0.001219 0.004156)
(0.002781 0.001219 0.004156)
(0.002844 0.001219 0.004156)
(0.002906 0.001219 0.004156)
(0.002969 0.001219 0.004156)
(0.003031 0.001219 0.004156)
(0.003094 0.001219 0.004156)
(0.003156 0.001219 0.004156)
(0.003219 0.001219 0.004156)
(0.003281 0.001219 0.004156)
(0.003344 0.001219 0.004156)
(0.003406 0.001219 0.004156)
(0.003469 0.001219 0.004156)
(0.003531 0.001219 0.004156)
(0.003594 0.001219 0.004156)
(0.003656 0.001219 0.004156)
(0.003719 0.001219 0.004156)
(0.003781 0.001219 0.004156)
(0.003844 0.001219 0.004156)
(0.003906 0.001219 0.004156)
(0.003969 0.001219 0.004156)
(0.002531 0.001219 0.004219)
(0.002594 0.001219 0.004219)
(0.002656 0.001219 0.004219)
(0.002719 0.001219 0.004219)
(0.002781 0.001219 0.004219)
(0.002844 0.001219 0.004219)
(0.002906 0.001219 0.004219)
(0.002969 0.001219 0.004219)
(0.003031 0.001219 0.004219)
(0.003094 0.001219 0.004219)
(0.003156 0.001219 0.004219)
(0.003219 0.001219 0.004219)
(0.003281 0.001219 0.004219)
(0.003344 0.001219 0.004219)
(0.003406 0.001219 0.004219)
(0.003469 0.001219 0.004219)
(0.003531 0.001219 0.004219)
(0.003594 0.001219 0.004219)
(0.003656 0.001219 0.004219)
(0.003719 0.001219 0.004219)
(0.003781 0.001219 0.004219)
(0.003844 0.001219 0.004219)
(0.003906 0.001219 0.004219)
(0.003969 0.001219 0.004219)
(0.002531 0.001219 0.004281)
(0.002594 0.001219 0.004281)
(0.002656 0.001219 0.004281)
(0.002719 0.001219 0.004281)
(0.002781 0.001219 0.004281)
(0.002844 0.001219 0.004281)
(0.002906 0.001219 0.004281)
(0.002969 0.001219 0.004281)
(0.003031 0.001219 0.004281)
(0.003094 0.001219 0.004281)
(0.003156 0.001219 0.004281)
(0.003219 0.001219 0.004281)
(0.003281 0.001219 0.004281)
(0.003344 0.001219 0.004281)
(0.003406 0.001219 0.004281)
(0.003469 0.001219 0.004281)
(0.003531 0.001219 0.004281)
(0.003594 0.001219 0.004281)
(0.003656 0.001219 0.004281)
(0.003719 0.001219 0.004281)
(0.003781 0.001219 0.004281)
(0.003844 0.001219 0.004281)
(0.003906 0.001219 0.004281)
(0.003969 0.001219 0.004281)
(0.002531 0.001219 0.004344)
(0.002594 0.001219 0.004344)
(0.002656 0.001219 0.004344)
(0.002719 0.001219 0.004344)
(0.002781 0.001219 0.004344)
(0.002844 0.001219 0.004344)
(0.002906 0.001219 0.004344)
(0.002969 0.001219 0.004344)
(0.003031 0.001219 0.004344)
(0.003094 0.001219 0.004344)
(0.003156 0.001219 0.004344)
(0.003219 0.001219 0.004344)
(0.003281 0.001219 0.004344)
(0.003344 0.001219 0.004344)
(0.003406 0.001219 0.004344)
(0.003469 0.001219 0.004344)
(0.003531 0.001219 0.004344)
(0.003594 0.001219 0.004344)
(0.003656 0.001219 0.004344)
(0.003719 0.001219 0.004344)
(0.003781 0.001219 0.004344)
(0.003844 0.001219 0.004344)
(0.003906 0.001219 0.004344)
(0.003969 0.001219 0.004344)
(0.002531 0.001219 0.004406)
(0.002594 0.001219 0.004406)
(0.002656 0.001219 0.004406)
(0.002719 0.001219 0.004406)
(0.002781 0.001219 0.004406)
(0.002844 0.001219 0.004406)
(0.002906 0.001219 0.004406)
(0.002969 0.001219 0.004406)
(0.003031 0.001219 0.004406)
(0.003094 0.001219 0.004406)
(0.003156 0.001219 0.004406)
(0.003219 0.001219 0.004406)
(0.003281 0.001219 0.004406)
(0.003344 0.001219 0.004406)
(0.003406 0.001219 0.004406)
(0.003469 0.001219 0.004406)
(0.003531 0.001219 0.004406)
(0.003594 0.001219 0.004406)
(0.003656 0.001219 0.004406)
(0.003719 0.001219 0.004406)
(0.003781 0.001219 0.004406)
(0.003844 0.001219 0.004406)
(0.003906 0.001219 0.004406)
(0.003969 0.001219 0.004406)
(0.002531 0.001219 0.004469)
(0.002594 0.001219 0.004469)
(0.002656 0.001219 0.004469)
(0.002719 0.001219 0.004469)
(0.002781 0.001219 0.004469)
(0.002844 0.001219 0.004469)
(0.002906 0.001219 0.004469)
(0.002969 0.001219 0.004469)
(0.003031 0.001219 0.004469)
(0.003094 0.001219 0.004469)
(0.003156 0.001219 0.004469)
(0.003219 0.001219 0.004469)
(0.003281 0.001219 0.004469)
(0.003344 0.001219 0.004469)
(0.003406 0.001219 0.004469)
(0.003469 0.001219 0.004469)
(0.003531 0.001219 0.004469)
(0.003594 0.001219 0.004469)
(0.003656 0.001219 0.004469)
(0.003719 0.001219 0.004469)
(0.003781 0.001219 0.004469)
(0.003844 0.001219 0.004469)
(0.003906 0.001219 0.004469)
(0.003969 0.001219 0.004469)
(0.002531 0.001219 0.004531)
(0.002594 0.001219 0.004531)
(0.002656 0.001219 0.004531)
(0.002719 0.001219 0.004531)
(0.002781 0.001219 0.004531)
(0.002844 0.001219 0.004531)
(0.002906 0.001219 0.004531)
(0.002969 0.001219 0.004531)
(0.003031 0.001219 0.004531)
(0.003094 0.001219 0.004531)
(0.003156 0.001219 0.004531)
(0.003219 0.001219 0.004531)
(0.003281 0.001219 0.004531)
(0.003344 0.001219 0.004531)
(0.003406 0.001219 0.004531)
(0.003469 0.001219 0.004531)
(0.003531 0.001219 0.004531)
(0.003594 0.001219 0.004531)
(0.003656 0.001219 0.004531)
(0.003719 0.001219 0.004531)
(0.003781 0.001219 0.004531)
(0.003844 0.001219 0.004531)
(0.003906 0.001219 0.004531)
(0.003969 0.001219 0.004531)
(0.002531 0.001219 0.004594)
(0.002594 0.001219 0.004594)
(0.002656 0.001219 0.004594)
(0.002719 0.001219 0.004594)
(0.002781 0.001219 0.004594)
(0.002844 0.001219 0.004594)
(0.002906 0.001219 0.004594)
(0.002969 0.001219 0.004594)
(0.003031 0.001219 0.004594)
(0.003094 0.001219 0.004594)
(0.003156 0.001219 0.004594)
(0.003219 0.001219 0.004594)
(0.003281 0.001219 0.004594)
(0.003344 0.001219 0.004594)
(0.003406 0.001219 0.004594)
(0.003469 0.001219 0.004594)
(0.003531 0.001219 0.004594)
(0.003594 0.001219 0.004594)
(0.003656 0.001219 0.004594)
(0.003719 0.001219 0.004594)
(0.003781 0.001219 0.004594)
(0.003844 0.001219 0.004594)
(0.003906 0.001219 0.004594)
(0.003969 0.001219 0.004594)
(0.002531 0.001219 0.004656)
(0.002594 0.001219 0.004656)
(0.002656 0.001219 0.004656)
(0.002719 0.001219 0.004656)
(0.002781 0.001219 0.004656)
(0.002844 0.001219 0.004656)
(0.002906 0.001219 0.004656)
(0.002969 0.001219 0.004656)
(0.003031 0.001219 0.004656)
(0.003094 0.001219 0.004656)
(0.003156 0.001219 0.004656)
(0.003219 0.001219 0.004656)
(0.003281 0.001219 0.004656)
(0.003344 0.001219 0.004656)
(0.003406 0.001219 0.004656)
(0.003469 0.001219 0.004656)
(0.003531 0.001219 0.004656)
(0.003594 0.001219 0.004656)
(0.003656 0.001219 0.004656)
(0.003719 0.001219 0.004656)
(0.003781 0.001219 0.004656)
(0.003844 0.001219 0.004656)
(0.003906 0.001219 0.004656)
(0.003969 0.001219 0.004656)
(0.002531 0.001219 0.004719)
(0.002594 0.001219 0.004719)
(0.002656 0.001219 0.004719)
(0.002719 0.001219 0.004719)
(0.002781 0.001219 0.004719)
(0.002844 0.001219 0.004719)
(0.002906 0.001219 0.004719)
(0.002969 0.001219 0.004719)
(0.003031 0.001219 0.004719)
(0.003094 0.001219 0.004719)
(0.003156 0.001219 0.004719)
(0.003219 0.001219 0.004719)
(0.003281 0.001219 0.004719)
(0.003344 0.001219 0.004719)
(0.003406 0.001219 0.004719)
(0.003469 0.001219 0.004719)
(0.003531 0.001219 0.004719)
(0.003594 0.001219 0.004719)
(0.003656 0.001219 0.004719)
(0.003719 0.001219 0.004719)
(0.003781 0.001219 0.004719)
(0.003844 0.001219 0.004719)
(0.003906 0.001219 0.004719)
(0.003969 0.001219 0.004719)
(0.002531 0.001219 0.004781)
(0.002594 0.001219 0.004781)
(0.002656 0.001219 0.004781)
(0.002719 0.001219 0.004781)
(0.002781 0.001219 0.004781)
(0.002844 0.001219 0.004781)
(0.002906 0.001219 0.004781)
(0.002969 0.001219 0.004781)
(0.003031 0.001219 0.004781)
(0.003094 0.001219 0.004781)
(0.003156 0.001219 0.004781)
(0.003219 0.001219 0.004781)
(0.003281 0.001219 0.004781)
(0.003344 0.001219 0.004781)
(0.003406 0.001219 0.004781)
(0.003469 0.001219 0.004781)
(0.003531 0.001219 0.004781)
(0.003594 0.001219 0.004781)
(0.003656 0.001219 0.004781)
(0.003719 0.001219 0.004781)
(0.003781 0.001219 0.004781)
(0.003844 0.001219 0.004781)
(0.003906 0.001219 0.004781)
(0.003969 0.001219 0.004781)
(0.002531 0.001219 0.004844)
(0.002594 0.001219 0.004844)
(0.002656 0.001219 0.004844)
(0.002719 0.001219 0.004844)
(0.002781 0.001219 0.004844)
(0.002844 0.001219 0.004844)
(0.002906 0.001219 0.004844)
(0.002969 0.001219 0.004844)
(0.003031 0.001219 0.004844)
(0.003094 0.001219 0.004844)
(0.003156 0.001219 0.004844)
(0.003219 0.001219 0.004844)
(0.003281 0.001219 0.004844)
(0.003344 0.001219 0.004844)
(0.003406 0.001219 0.004844)
(0.003469 0.001219 0.004844)
(0.003531 0.001219 0.004844)
(0.003594 0.001219 0.004844)
(0.003656 0.001219 0.004844)
(0.003719 0.001219 0.004844)
(0.003781 0.001219 0.004844)
(0.003844 0.001219 0.004844)
(0.003906 0.001219 0.004844)
(0.003969 0.001219 0.004844)
(0.002531 0.001219 0.004906)
(0.002594 0.001219 0.004906)
(0.002656 0.001219 0.004906)
(0.002719 0.001219 0.004906)
(0.002781 0.001219 0.004906)
(0.002844 0.001219 0.004906)
(0.002906 0.001219 0.004906)
(0.002969 0.001219 0.004906)
(0.003031 0.001219 0.004906)
(0.003094 0.001219 0.004906)
(0.003156 0.001219 0.004906)
(0.003219 0.001219 0.004906)
(0.003281 0.001219 0.004906)
(0.003344 0.001219 0.004906)
(0.003406 0.001219 0.004906)
(0.003469 0.001219 0.004906)
(0.003531 0.001219 0.004906)
(0.003594 0.001219 0.004906)
(0.003656 0.001219 0.004906)
(0.003719 0.001219 0.004906)
(0.003781 0.001219 0.004906)
(0.003844 0.001219 0.004906)
(0.003906 0.001219 0.004906)
(0.003969 0.001219 0.004906)
(0.002531 0.001219 0.004969)
(0.002594 0.001219 0.004969)
(0.002656 0.001219 0.004969)
(0.002719 0.001219 0.004969)
(0.002781 0.001219 0.004969)
(0.002844 0.001219 0.004969)
(0.002906 0.001219 0.004969)
(0.002969 0.001219 0.004969)
(0.003031 0.001219 0.004969)
(0.003094 0.001219 0.004969)
(0.003156 0.001219 0.004969)
(0.003219 0.001219 0.004969)
(0.003281 0.001219 0.004969)
(0.003344 0.001219 0.004969)
(0.003406 0.001219 0.004969)
(0.003469 0.001219 0.004969)
(0.003531 0.001219 0.004969)
(0.003594 0.001219 0.004969)
(0.003656 0.001219 0.004969)
(0.003719 0.001219 0.004969)
(0.003781 0.001219 0.004969)
(0.003844 0.001219 0.004969)
(0.003906 0.001219 0.004969)
(0.003969 0.001219 0.004969)
(0.002531 0.001219 0.005031)
(0.002594 0.001219 0.005031)
(0.002656 0.001219 0.005031)
(0.002719 0.001219 0.005031)
(0.002781 0.001219 0.005031)
(0.002844 0.001219 0.005031)
(0.002906 0.001219 0.005031)
(0.002969 0.001219 0.005031)
(0.003031 0.001219 0.005031)
(0.003094 0.001219 0.005031)
(0.003156 0.001219 0.005031)
(0.003219 0.001219 0.005031)
(0.003281 0.001219 0.005031)
(0.003344 0.001219 0.005031)
(0.003406 0.001219 0.005031)
(0.003469 0.001219 0.005031)
(0.003531 0.001219 0.005031)
(0.003594 0.001219 0.005031)
(0.003656 0.001219 0.005031)
(0.003719 0.001219 0.005031)
(0.003781 0.001219 0.005031)
(0.003844 0.001219 0.005031)
(0.003906 0.001219 0.005031)
(0.003969 0.001219 0.005031)
(0.002531 0.001219 0.005094)
(0.002594 0.001219 0.005094)
(0.002656 0.001219 0.005094)
(0.002719 0.001219 0.005094)
(0.002781 0.001219 0.005094)
(0.002844 0.001219 0.005094)
(0.002906 0.001219 0.005094)
(0.002969 0.001219 0.005094)
(0.003031 0.001219 0.005094)
(0.003094 0.001219 0.005094)
(0.003156 0.001219 0.005094)
(0.003219 0.001219 0.005094)
(0.003281 0.001219 0.005094)
(0.003344 0.001219 0.005094)
(0.003406 0.001219 0.005094)
(0.003469 0.001219 0.005094)
(0.003531 0.001219 0.005094)
(0.003594 0.001219 0.005094)
(0.003656 0.001219 0.005094)
(0.003719 0.001219 0.005094)
(0.003781 0.001219 0.005094)
(0.003844 0.001219 0.005094)
(0.003906 0.001219 0.005094)
(0.003969 0.001219 0.005094)
(0.002531 0.001219 0.005156)
(0.002594 0.001219 0.005156)
(0.002656 0.001219 0.005156)
(0.002719 0.001219 0.005156)
(0.002781 0.001219 0.005156)
(0.002844 0.001219 0.005156)
(0.002906 0.001219 0.005156)
(0.002969 0.001219 0.005156)
(0.003031 0.001219 0.005156)
(0.003094 0.001219 0.005156)
(0.003156 0.001219 0.005156)
(0.003219 0.001219 0.005156)
(0.003281 0.001219 0.005156)
(0.003344 0.001219 0.005156)
(0.003406 0.001219 0.005156)
(0.003469 0.001219 0.005156)
(0.003531 0.001219 0.005156)
(0.003594 0.001219 0.005156)
(0.003656 0.001219 0.005156)
(0.003719 0.001219 0.005156)
(0.003781 0.001219 0.005156)
(0.003844 0.001219 0.005156)
(0.003906 0.001219 0.005156)
(0.003969 0.001219 0.005156)
(0.002531 0.001219 0.005219)
(0.002594 0.001219 0.005219)
(0.002656 0.001219 0.005219)
(0.002719 0.001219 0.005219)
(0.002781 0.001219 0.005219)
(0.002844 0.001219 0.005219)
(0.002906 0.001219 0.005219)
(0.002969 0.001219 0.005219)
(0.003031 0.001219 0.005219)
(0.003094 0.001219 0.005219)
(0.003156 0.001219 0.005219)
(0.003219 0.001219 0.005219)
(0.003281 0.001219 0.005219)
(0.003344 0.001219 0.005219)
(0.003406 0.001219 0.005219)
(0.003469 0.001219 0.005219)
(0.003531 0.001219 0.005219)
(0.003594 0.001219 0.005219)
(0.003656 0.001219 0.005219)
(0.003719 0.001219 0.005219)
(0.003781 0.001219 0.005219)
(0.003844 0.001219 0.005219)
(0.003906 0.001219 0.005219)
(0.003969 0.001219 0.005219)
(0.002531 0.001219 0.005281)
(0.002594 0.001219 0.005281)
(0.002656 0.001219 0.005281)
(0.002719 0.001219 0.005281)
(0.002781 0.001219 0.005281)
(0.002844 0.001219 0.005281)
(0.002906 0.001219 0.005281)
(0.002969 0.001219 0.005281)
(0.003031 0.001219 0.005281)
(0.003094 0.001219 0.005281)
(0.003156 0.001219 0.005281)
(0.003219 0.001219 0.005281)
(0.003281 0.001219 0.005281)
(0.003344 0.001219 0.005281)
(0.003406 0.001219 0.005281)
(0.003469 0.001219 0.005281)
(0.003531 0.001219 0.005281)
(0.003594 0.001219 0.005281)
(0.003656 0.001219 0.005281)
(0.003719 0.001219 0.005281)
(0.003781 0.001219 0.005281)
(0.003844 0.001219 0.005281)
(0.003906 0.001219 0.005281)
(0.003969 0.001219 0.005281)
(0.002531 0.001219 0.005344)
(0.002594 0.001219 0.005344)
(0.002656 0.001219 0.005344)
(0.002719 0.001219 0.005344)
(0.002781 0.001219 0.005344)
(0.002844 0.001219 0.005344)
(0.002906 0.001219 0.005344)
(0.002969 0.001219 0.005344)
(0.003031 0.001219 0.005344)
(0.003094 0.001219 0.005344)
(0.003156 0.001219 0.005344)
(0.003219 0.001219 0.005344)
(0.003281 0.001219 0.005344)
(0.003344 0.001219 0.005344)
(0.003406 0.001219 0.005344)
(0.003469 0.001219 0.005344)
(0.003531 0.001219 0.005344)
(0.003594 0.001219 0.005344)
(0.003656 0.001219 0.005344)
(0.003719 0.001219 0.005344)
(0.003781 0.001219 0.005344)
(0.003844 0.001219 0.005344)
(0.003906 0.001219 0.005344)
(0.003969 0.001219 0.005344)
(0.002531 0.001219 0.005406)
(0.002594 0.001219 0.005406)
(0.002656 0.001219 0.005406)
(0.002719 0.001219 0.005406)
(0.002781 0.001219 0.005406)
(0.002844 0.001219 0.005406)
(0.002906 0.001219 0.005406)
(0.002969 0.001219 0.005406)
(0.003031 0.001219 0.005406)
(0.003094 0.001219 0.005406)
(0.003156 0.001219 0.005406)
(0.003219 0.001219 0.005406)
(0.003281 0.001219 0.005406)
(0.003344 0.001219 0.005406)
(0.003406 0.001219 0.005406)
(0.003469 0.001219 0.005406)
(0.003531 0.001219 0.005406)
(0.003594 0.001219 0.005406)
(0.003656 0.001219 0.005406)
(0.003719 0.001219 0.005406)
(0.003781 0.001219 0.005406)
(0.003844 0.001219 0.005406)
(0.003906 0.001219 0.005406)
(0.003969 0.001219 0.005406)
(0.002531 0.001219 0.005469)
(0.002594 0.001219 0.005469)
(0.002656 0.001219 0.005469)
(0.002719 0.001219 0.005469)
(0.002781 0.001219 0.005469)
(0.002844 0.001219 0.005469)
(0.002906 0.001219 0.005469)
(0.002969 0.001219 0.005469)
(0.003031 0.001219 0.005469)
(0.003094 0.001219 0.005469)
(0.003156 0.001219 0.005469)
(0.003219 0.001219 0.005469)
(0.003281 0.001219 0.005469)
(0.003344 0.001219 0.005469)
(0.003406 0.001219 0.005469)
(0.003469 0.001219 0.005469)
(0.003531 0.001219 0.005469)
(0.003594 0.001219 0.005469)
(0.003656 0.001219 0.005469)
(0.003719 0.001219 0.005469)
(0.003781 0.001219 0.005469)
(0.003844 0.001219 0.005469)
(0.003906 0.001219 0.005469)
(0.003969 0.001219 0.005469)
(0.002531 0.001219 0.005531)
(0.002594 0.001219 0.005531)
(0.002656 0.001219 0.005531)
(0.002719 0.001219 0.005531)
(0.002781 0.001219 0.005531)
(0.002844 0.001219 0.005531)
(0.002906 0.001219 0.005531)
(0.002969 0.001219 0.005531)
(0.003031 0.001219 0.005531)
(0.003094 0.001219 0.005531)
(0.003156 0.001219 0.005531)
(0.003219 0.001219 0.005531)
(0.003281 0.001219 0.005531)
(0.003344 0.001219 0.005531)
(0.003406 0.001219 0.005531)
(0.003469 0.001219 0.005531)
(0.003531 0.001219 0.005531)
(0.003594 0.001219 0.005531)
(0.003656 0.001219 0.005531)
(0.003719 0.001219 0.005531)
(0.003781 0.001219 0.005531)
(0.003844 0.001219 0.005531)
(0.003906 0.001219 0.005531)
(0.003969 0.001219 0.005531)
(0.002531 0.001219 0.005594)
(0.002594 0.001219 0.005594)
(0.002656 0.001219 0.005594)
(0.002719 0.001219 0.005594)
(0.002781 0.001219 0.005594)
(0.002844 0.001219 0.005594)
(0.002906 0.001219 0.005594)
(0.002969 0.001219 0.005594)
(0.003031 0.001219 0.005594)
(0.003094 0.001219 0.005594)
(0.003156 0.001219 0.005594)
(0.003219 0.001219 0.005594)
(0.003281 0.001219 0.005594)
(0.003344 0.001219 0.005594)
(0.003406 0.001219 0.005594)
(0.003469 0.001219 0.005594)
(0.003531 0.001219 0.005594)
(0.003594 0.001219 0.005594)
(0.003656 0.001219 0.005594)
(0.003719 0.001219 0.005594)
(0.003781 0.001219 0.005594)
(0.003844 0.001219 0.005594)
(0.003906 0.001219 0.005594)
(0.003969 0.001219 0.005594)
(0.002531 0.001219 0.005656)
(0.002594 0.001219 0.005656)
(0.002656 0.001219 0.005656)
(0.002719 0.001219 0.005656)
(0.002781 0.001219 0.005656)
(0.002844 0.001219 0.005656)
(0.002906 0.001219 0.005656)
(0.002969 0.001219 0.005656)
(0.003031 0.001219 0.005656)
(0.003094 0.001219 0.005656)
(0.003156 0.001219 0.005656)
(0.003219 0.001219 0.005656)
(0.003281 0.001219 0.005656)
(0.003344 0.001219 0.005656)
(0.003406 0.001219 0.005656)
(0.003469 0.001219 0.005656)
(0.003531 0.001219 0.005656)
(0.003594 0.001219 0.005656)
(0.003656 0.001219 0.005656)
(0.003719 0.001219 0.005656)
(0.003781 0.001219 0.005656)
(0.003844 0.001219 0.005656)
(0.003906 0.001219 0.005656)
(0.003969 0.001219 0.005656)
(0.002531 0.001219 0.005719)
(0.002594 0.001219 0.005719)
(0.002656 0.001219 0.005719)
(0.002719 0.001219 0.005719)
(0.002781 0.001219 0.005719)
(0.002844 0.001219 0.005719)
(0.002906 0.001219 0.005719)
(0.002969 0.001219 0.005719)
(0.003031 0.001219 0.005719)
(0.003094 0.001219 0.005719)
(0.003156 0.001219 0.005719)
(0.003219 0.001219 0.005719)
(0.003281 0.001219 0.005719)
(0.003344 0.001219 0.005719)
(0.003406 0.001219 0.005719)
(0.003469 0.001219 0.005719)
(0.003531 0.001219 0.005719)
(0.003594 0.001219 0.005719)
(0.003656 0.001219 0.005719)
(0.003719 0.001219 0.005719)
(0.003781 0.001219 0.005719)
(0.003844 0.001219 0.005719)
(0.003906 0.001219 0.005719)
(0.003969 0.001219 0.005719)
(0.002531 0.001219 0.005781)
(0.002594 0.001219 0.005781)
(0.002656 0.001219 0.005781)
(0.002719 0.001219 0.005781)
(0.002781 0.001219 0.005781)
(0.002844 0.001219 0.005781)
(0.002906 0.001219 0.005781)
(0.002969 0.001219 0.005781)
(0.003031 0.001219 0.005781)
(0.003094 0.001219 0.005781)
(0.003156 0.001219 0.005781)
(0.003219 0.001219 0.005781)
(0.003281 0.001219 0.005781)
(0.003344 0.001219 0.005781)
(0.003406 0.001219 0.005781)
(0.003469 0.001219 0.005781)
(0.003531 0.001219 0.005781)
(0.003594 0.001219 0.005781)
(0.003656 0.001219 0.005781)
(0.003719 0.001219 0.005781)
(0.003781 0.001219 0.005781)
(0.003844 0.001219 0.005781)
(0.003906 0.001219 0.005781)
(0.003969 0.001219 0.005781)
(0.002531 0.001219 0.005844)
(0.002594 0.001219 0.005844)
(0.002656 0.001219 0.005844)
(0.002719 0.001219 0.005844)
(0.002781 0.001219 0.005844)
(0.002844 0.001219 0.005844)
(0.002906 0.001219 0.005844)
(0.002969 0.001219 0.005844)
(0.003031 0.001219 0.005844)
(0.003094 0.001219 0.005844)
(0.003156 0.001219 0.005844)
(0.003219 0.001219 0.005844)
(0.003281 0.001219 0.005844)
(0.003344 0.001219 0.005844)
(0.003406 0.001219 0.005844)
(0.003469 0.001219 0.005844)
(0.003531 0.001219 0.005844)
(0.003594 0.001219 0.005844)
(0.003656 0.001219 0.005844)
(0.003719 0.001219 0.005844)
(0.003781 0.001219 0.005844)
(0.003844 0.001219 0.005844)
(0.003906 0.001219 0.005844)
(0.003969 0.001219 0.005844)
(0.002531 0.001219 0.005906)
(0.002594 0.001219 0.005906)
(0.002656 0.001219 0.005906)
(0.002719 0.001219 0.005906)
(0.002781 0.001219 0.005906)
(0.002844 0.001219 0.005906)
(0.002906 0.001219 0.005906)
(0.002969 0.001219 0.005906)
(0.003031 0.001219 0.005906)
(0.003094 0.001219 0.005906)
(0.003156 0.001219 0.005906)
(0.003219 0.001219 0.005906)
(0.003281 0.001219 0.005906)
(0.003344 0.001219 0.005906)
(0.003406 0.001219 0.005906)
(0.003469 0.001219 0.005906)
(0.003531 0.001219 0.005906)
(0.003594 0.001219 0.005906)
(0.003656 0.001219 0.005906)
(0.003719 0.001219 0.005906)
(0.003781 0.001219 0.005906)
(0.003844 0.001219 0.005906)
(0.003906 0.001219 0.005906)
(0.003969 0.001219 0.005906)
(0.002531 0.001219 0.005969)
(0.002594 0.001219 0.005969)
(0.002656 0.001219 0.005969)
(0.002719 0.001219 0.005969)
(0.002781 0.001219 0.005969)
(0.002844 0.001219 0.005969)
(0.002906 0.001219 0.005969)
(0.002969 0.001219 0.005969)
(0.003031 0.001219 0.005969)
(0.003094 0.001219 0.005969)
(0.003156 0.001219 0.005969)
(0.003219 0.001219 0.005969)
(0.003281 0.001219 0.005969)
(0.003344 0.001219 0.005969)
(0.003406 0.001219 0.005969)
(0.003469 0.001219 0.005969)
(0.003531 0.001219 0.005969)
(0.003594 0.001219 0.005969)
(0.003656 0.001219 0.005969)
(0.003719 0.001219 0.005969)
(0.003781 0.001219 0.005969)
(0.003844 0.001219 0.005969)
(0.003906 0.001219 0.005969)
(0.003969 0.001219 0.005969)
(0.004531 0.001219 0.003969)
(0.004594 0.001219 0.003969)
(0.004656 0.001219 0.003969)
(0.004719 0.001219 0.003969)
(0.004781 0.001219 0.003969)
(0.004844 0.001219 0.003969)
(0.004906 0.001219 0.003969)
(0.004969 0.001219 0.003969)
(0.004031 0.001219 0.004031)
(0.004094 0.001219 0.004031)
(0.004156 0.001219 0.004031)
(0.004219 0.001219 0.004031)
(0.004281 0.001219 0.004031)
(0.004344 0.001219 0.004031)
(0.004406 0.001219 0.004031)
(0.004469 0.001219 0.004031)
(0.004531 0.001219 0.004031)
(0.004594 0.001219 0.004031)
(0.004656 0.001219 0.004031)
(0.004719 0.001219 0.004031)
(0.004781 0.001219 0.004031)
(0.004844 0.001219 0.004031)
(0.004906 0.001219 0.004031)
(0.004969 0.001219 0.004031)
(0.004031 0.001219 0.004094)
(0.004094 0.001219 0.004094)
(0.004156 0.001219 0.004094)
(0.004219 0.001219 0.004094)
(0.004281 0.001219 0.004094)
(0.004344 0.001219 0.004094)
(0.004406 0.001219 0.004094)
(0.004469 0.001219 0.004094)
(0.004531 0.001219 0.004094)
(0.004594 0.001219 0.004094)
(0.004656 0.001219 0.004094)
(0.004719 0.001219 0.004094)
(0.004781 0.001219 0.004094)
(0.004844 0.001219 0.004094)
(0.004906 0.001219 0.004094)
(0.004969 0.001219 0.004094)
(0.004031 0.001219 0.004156)
(0.004094 0.001219 0.004156)
(0.004156 0.001219 0.004156)
(0.004219 0.001219 0.004156)
(0.004281 0.001219 0.004156)
(0.004344 0.001219 0.004156)
(0.004406 0.001219 0.004156)
(0.004469 0.001219 0.004156)
(0.004531 0.001219 0.004156)
(0.004594 0.001219 0.004156)
(0.004656 0.001219 0.004156)
(0.004719 0.001219 0.004156)
(0.004781 0.001219 0.004156)
(0.004844 0.001219 0.004156)
(0.004906 0.001219 0.004156)
(0.004969 0.001219 0.004156)
(0.004031 0.001219 0.004219)
(0.004094 0.001219 0.004219)
(0.004156 0.001219 0.004219)
(0.004219 0.001219 0.004219)
(0.004281 0.001219 0.004219)
(0.004344 0.001219 0.004219)
(0.004406 0.001219 0.004219)
(0.004469 0.001219 0.004219)
(0.004531 0.001219 0.004219)
(0.004594 0.001219 0.004219)
(0.004656 0.001219 0.004219)
(0.004719 0.001219 0.004219)
(0.004781 0.001219 0.004219)
(0.004844 0.001219 0.004219)
(0.004906 0.001219 0.004219)
(0.004969 0.001219 0.004219)
(0.004031 0.001219 0.004281)
(0.004094 0.001219 0.004281)
(0.004156 0.001219 0.004281)
(0.004219 0.001219 0.004281)
(0.004281 0.001219 0.004281)
(0.004344 0.001219 0.004281)
(0.004406 0.001219 0.004281)
(0.004469 0.001219 0.004281)
(0.004531 0.001219 0.004281)
(0.004594 0.001219 0.004281)
(0.004656 0.001219 0.004281)
(0.004719 0.001219 0.004281)
(0.004781 0.001219 0.004281)
(0.004844 0.001219 0.004281)
(0.004906 0.001219 0.004281)
(0.004969 0.001219 0.004281)
(0.004031 0.001219 0.004344)
(0.004094 0.001219 0.004344)
(0.004156 0.001219 0.004344)
(0.004219 0.001219 0.004344)
(0.004281 0.001219 0.004344)
(0.004344 0.001219 0.004344)
(0.004406 0.001219 0.004344)
(0.004469 0.001219 0.004344)
(0.004531 0.001219 0.004344)
(0.004594 0.001219 0.004344)
(0.004656 0.001219 0.004344)
(0.004719 0.001219 0.004344)
(0.004781 0.001219 0.004344)
(0.004844 0.001219 0.004344)
(0.004906 0.001219 0.004344)
(0.004969 0.001219 0.004344)
(0.004031 0.001219 0.004406)
(0.004094 0.001219 0.004406)
(0.004156 0.001219 0.004406)
(0.004219 0.001219 0.004406)
(0.004281 0.001219 0.004406)
(0.004344 0.001219 0.004406)
(0.004406 0.001219 0.004406)
(0.004469 0.001219 0.004406)
(0.004531 0.001219 0.004406)
(0.004594 0.001219 0.004406)
(0.004656 0.001219 0.004406)
(0.004719 0.001219 0.004406)
(0.004781 0.001219 0.004406)
(0.004844 0.001219 0.004406)
(0.004906 0.001219 0.004406)
(0.004969 0.001219 0.004406)
(0.004031 0.001219 0.004469)
(0.004094 0.001219 0.004469)
(0.004156 0.001219 0.004469)
(0.004219 0.001219 0.004469)
(0.004281 0.001219 0.004469)
(0.004344 0.001219 0.004469)
(0.004406 0.001219 0.004469)
(0.004469 0.001219 0.004469)
(0.004531 0.001219 0.004469)
(0.004594 0.001219 0.004469)
(0.004656 0.001219 0.004469)
(0.004719 0.001219 0.004469)
(0.004781 0.001219 0.004469)
(0.004844 0.001219 0.004469)
(0.004906 0.001219 0.004469)
(0.004969 0.001219 0.004469)
(0.004031 0.001219 0.004531)
(0.004094 0.001219 0.004531)
(0.004156 0.001219 0.004531)
(0.004219 0.001219 0.004531)
(0.004281 0.001219 0.004531)
(0.004344 0.001219 0.004531)
(0.004406 0.001219 0.004531)
(0.004469 0.001219 0.004531)
(0.004531 0.001219 0.004531)
(0.004594 0.001219 0.004531)
(0.004656 0.001219 0.004531)
(0.004719 0.001219 0.004531)
(0.004781 0.001219 0.004531)
(0.004844 0.001219 0.004531)
(0.004906 0.001219 0.004531)
(0.004969 0.001219 0.004531)
(0.004031 0.001219 0.004594)
(0.004094 0.001219 0.004594)
(0.004156 0.001219 0.004594)
(0.004219 0.001219 0.004594)
(0.004281 0.001219 0.004594)
(0.004344 0.001219 0.004594)
(0.004406 0.001219 0.004594)
(0.004469 0.001219 0.004594)
(0.004531 0.001219 0.004594)
(0.004594 0.001219 0.004594)
(0.004656 0.001219 0.004594)
(0.004719 0.001219 0.004594)
(0.004781 0.001219 0.004594)
(0.004844 0.001219 0.004594)
(0.004906 0.001219 0.004594)
(0.004969 0.001219 0.004594)
(0.004031 0.001219 0.004656)
(0.004094 0.001219 0.004656)
(0.004156 0.001219 0.004656)
(0.004219 0.001219 0.004656)
(0.004281 0.001219 0.004656)
(0.004344 0.001219 0.004656)
(0.004406 0.001219 0.004656)
(0.004469 0.001219 0.004656)
(0.004531 0.001219 0.004656)
(0.004594 0.001219 0.004656)
(0.004656 0.001219 0.004656)
(0.004719 0.001219 0.004656)
(0.004781 0.001219 0.004656)
(0.004844 0.001219 0.004656)
(0.004906 0.001219 0.004656)
(0.004969 0.001219 0.004656)
(0.004031 0.001219 0.004719)
(0.004094 0.001219 0.004719)
(0.004156 0.001219 0.004719)
(0.004219 0.001219 0.004719)
(0.004281 0.001219 0.004719)
(0.004344 0.001219 0.004719)
(0.004406 0.001219 0.004719)
(0.004469 0.001219 0.004719)
(0.004531 0.001219 0.004719)
(0.004594 0.001219 0.004719)
(0.004656 0.001219 0.004719)
(0.004719 0.001219 0.004719)
(0.004781 0.001219 0.004719)
(0.004844 0.001219 0.004719)
(0.004906 0.001219 0.004719)
(0.004969 0.001219 0.004719)
(0.004031 0.001219 0.004781)
(0.004094 0.001219 0.004781)
(0.004156 0.001219 0.004781)
(0.004219 0.001219 0.004781)
(0.004281 0.001219 0.004781)
(0.004344 0.001219 0.004781)
(0.004406 0.001219 0.004781)
(0.004469 0.001219 0.004781)
(0.004531 0.001219 0.004781)
(0.004594 0.001219 0.004781)
(0.004656 0.001219 0.004781)
(0.004719 0.001219 0.004781)
(0.004781 0.001219 0.004781)
(0.004844 0.001219 0.004781)
(0.004906 0.001219 0.004781)
(0.004969 0.001219 0.004781)
(0.004031 0.001219 0.004844)
(0.004094 0.001219 0.004844)
(0.004156 0.001219 0.004844)
(0.004219 0.001219 0.004844)
(0.004281 0.001219 0.004844)
(0.004344 0.001219 0.004844)
(0.004406 0.001219 0.004844)
(0.004469 0.001219 0.004844)
(0.004531 0.001219 0.004844)
(0.004594 0.001219 0.004844)
(0.004656 0.001219 0.004844)
(0.004719 0.001219 0.004844)
(0.004781 0.001219 0.004844)
(0.004844 0.001219 0.004844)
(0.004906 0.001219 0.004844)
(0.004969 0.001219 0.004844)
(0.004031 0.001219 0.004906)
(0.004094 0.001219 0.004906)
(0.004156 0.001219 0.004906)
(0.004219 0.001219 0.004906)
(0.004281 0.001219 0.004906)
(0.004344 0.001219 0.004906)
(0.004406 0.001219 0.004906)
(0.004469 0.001219 0.004906)
(0.004531 0.001219 0.004906)
(0.004594 0.001219 0.004906)
(0.004656 0.001219 0.004906)
(0.004719 0.001219 0.004906)
(0.004781 0.001219 0.004906)
(0.004844 0.001219 0.004906)
(0.004906 0.001219 0.004906)
(0.004969 0.001219 0.004906)
(0.004031 0.001219 0.004969)
(0.004094 0.001219 0.004969)
(0.004156 0.001219 0.004969)
(0.004219 0.001219 0.004969)
(0.004281 0.001219 0.004969)
(0.004344 0.001219 0.004969)
(0.004406 0.001219 0.004969)
(0.004469 0.001219 0.004969)
(0.004531 0.001219 0.004969)
(0.004594 0.001219 0.004969)
(0.004656 0.001219 0.004969)
(0.004719 0.001219 0.004969)
(0.004781 0.001219 0.004969)
(0.004844 0.001219 0.004969)
(0.004906 0.001219 0.004969)
(0.004969 0.001219 0.004969)
(0.004031 0.001219 0.005031)
(0.004094 0.001219 0.005031)
(0.004156 0.001219 0.005031)
(0.004219 0.001219 0.005031)
(0.004281 0.001219 0.005031)
(0.004344 0.001219 0.005031)
(0.004406 0.001219 0.005031)
(0.004469 0.001219 0.005031)
(0.004531 0.001219 0.005031)
(0.004594 0.001219 0.005031)
(0.004656 0.001219 0.005031)
(0.004719 0.001219 0.005031)
(0.004781 0.001219 0.005031)
(0.004844 0.001219 0.005031)
(0.004906 0.001219 0.005031)
(0.004969 0.001219 0.005031)
(0.004031 0.001219 0.005094)
(0.004094 0.001219 0.005094)
(0.004156 0.001219 0.005094)
(0.004219 0.001219 0.005094)
(0.004281 0.001219 0.005094)
(0.004344 0.001219 0.005094)
(0.004406 0.001219 0.005094)
(0.004469 0.001219 0.005094)
(0.004531 0.001219 0.005094)
(0.004594 0.001219 0.005094)
(0.004656 0.001219 0.005094)
(0.004719 0.001219 0.005094)
(0.004781 0.001219 0.005094)
(0.004844 0.001219 0.005094)
(0.004906 0.001219 0.005094)
(0.004969 0.001219 0.005094)
(0.004031 0.001219 0.005156)
(0.004094 0.001219 0.005156)
(0.004156 0.001219 0.005156)
(0.004219 0.001219 0.005156)
(0.004281 0.001219 0.005156)
(0.004344 0.001219 0.005156)
(0.004406 0.001219 0.005156)
(0.004469 0.001219 0.005156)
(0.004531 0.001219 0.005156)
(0.004594 0.001219 0.005156)
(0.004656 0.001219 0.005156)
(0.004719 0.001219 0.005156)
(0.004781 0.001219 0.005156)
(0.004844 0.001219 0.005156)
(0.004906 0.001219 0.005156)
(0.004969 0.001219 0.005156)
(0.004031 0.001219 0.005219)
(0.004094 0.001219 0.005219)
(0.004156 0.001219 0.005219)
(0.004219 0.001219 0.005219)
(0.004281 0.001219 0.005219)
(0.004344 0.001219 0.005219)
(0.004406 0.001219 0.005219)
(0.004469 0.001219 0.005219)
(0.004531 0.001219 0.005219)
(0.004594 0.001219 0.005219)
(0.004656 0.001219 0.005219)
(0.004719 0.001219 0.005219)
(0.004781 0.001219 0.005219)
(0.004844 0.001219 0.005219)
(0.004906 0.001219 0.005219)
(0.004969 0.001219 0.005219)
(0.004031 0.001219 0.005281)
(0.004094 0.001219 0.005281)
(0.004156 0.001219 0.005281)
(0.004219 0.001219 0.005281)
(0.004281 0.001219 0.005281)
(0.004344 0.001219 0.005281)
(0.004406 0.001219 0.005281)
(0.004469 0.001219 0.005281)
(0.004531 0.001219 0.005281)
(0.004594 0.001219 0.005281)
(0.004656 0.001219 0.005281)
(0.004719 0.001219 0.005281)
(0.004781 0.001219 0.005281)
(0.004844 0.001219 0.005281)
(0.004906 0.001219 0.005281)
(0.004969 0.001219 0.005281)
(0.004031 0.001219 0.005344)
(0.004094 0.001219 0.005344)
(0.004156 0.001219 0.005344)
(0.004219 0.001219 0.005344)
(0.004281 0.001219 0.005344)
(0.004344 0.001219 0.005344)
(0.004406 0.001219 0.005344)
(0.004469 0.001219 0.005344)
(0.004531 0.001219 0.005344)
(0.004594 0.001219 0.005344)
(0.004656 0.001219 0.005344)
(0.004719 0.001219 0.005344)
(0.004781 0.001219 0.005344)
(0.004844 0.001219 0.005344)
(0.004906 0.001219 0.005344)
(0.004969 0.001219 0.005344)
(0.004031 0.001219 0.005406)
(0.004094 0.001219 0.005406)
(0.004156 0.001219 0.005406)
(0.004219 0.001219 0.005406)
(0.004281 0.001219 0.005406)
(0.004344 0.001219 0.005406)
(0.004406 0.001219 0.005406)
(0.004469 0.001219 0.005406)
(0.004531 0.001219 0.005406)
(0.004594 0.001219 0.005406)
(0.004656 0.001219 0.005406)
(0.004719 0.001219 0.005406)
(0.004781 0.001219 0.005406)
(0.004844 0.001219 0.005406)
(0.004906 0.001219 0.005406)
(0.004969 0.001219 0.005406)
(0.004031 0.001219 0.005469)
(0.004094 0.001219 0.005469)
(0.004156 0.001219 0.005469)
(0.004219 0.001219 0.005469)
(0.004281 0.001219 0.005469)
(0.004344 0.001219 0.005469)
(0.004406 0.001219 0.005469)
(0.004469 0.001219 0.005469)
(0.004531 0.001219 0.005469)
(0.004594 0.001219 0.005469)
(0.004656 0.001219 0.005469)
(0.004719 0.001219 0.005469)
(0.004781 0.001219 0.005469)
(0.004844 0.001219 0.005469)
(0.004906 0.001219 0.005469)
(0.004969 0.001219 0.005469)
(0.004031 0.001219 0.005531)
(0.004094 0.001219 0.005531)
(0.004156 0.001219 0.005531)
(0.004219 0.001219 0.005531)
(0.004281 0.001219 0.005531)
(0.004344 0.001219 0.005531)
(0.004406 0.001219 0.005531)
(0.004469 0.001219 0.005531)
(0.004531 0.001219 0.005531)
(0.004594 0.001219 0.005531)
(0.004656 0.001219 0.005531)
(0.004719 0.001219 0.005531)
(0.004781 0.001219 0.005531)
(0.004844 0.001219 0.005531)
(0.004906 0.001219 0.005531)
(0.004969 0.001219 0.005531)
(0.004031 0.001219 0.005594)
(0.004094 0.001219 0.005594)
(0.004156 0.001219 0.005594)
(0.004219 0.001219 0.005594)
(0.004281 0.001219 0.005594)
(0.004344 0.001219 0.005594)
(0.004406 0.001219 0.005594)
(0.004469 0.001219 0.005594)
(0.004531 0.001219 0.005594)
(0.004594 0.001219 0.005594)
(0.004656 0.001219 0.005594)
(0.004719 0.001219 0.005594)
(0.004781 0.001219 0.005594)
(0.004844 0.001219 0.005594)
(0.004906 0.001219 0.005594)
(0.004969 0.001219 0.005594)
(0.004031 0.001219 0.005656)
(0.004094 0.001219 0.005656)
(0.004156 0.001219 0.005656)
(0.004219 0.001219 0.005656)
(0.004281 0.001219 0.005656)
(0.004344 0.001219 0.005656)
(0.004406 0.001219 0.005656)
(0.004469 0.001219 0.005656)
(0.004531 0.001219 0.005656)
(0.004594 0.001219 0.005656)
(0.004656 0.001219 0.005656)
(0.004719 0.001219 0.005656)
(0.004781 0.001219 0.005656)
(0.004844 0.001219 0.005656)
(0.004906 0.001219 0.005656)
(0.004969 0.001219 0.005656)
(0.004031 0.001219 0.005719)
(0.004094 0.001219 0.005719)
(0.004156 0.001219 0.005719)
(0.004219 0.001219 0.005719)
(0.004281 0.001219 0.005719)
(0.004344 0.001219 0.005719)
(0.004406 0.001219 0.005719)
(0.004469 0.001219 0.005719)
(0.004531 0.001219 0.005719)
(0.004594 0.001219 0.005719)
(0.004656 0.001219 0.005719)
(0.004719 0.001219 0.005719)
(0.004781 0.001219 0.005719)
(0.004844 0.001219 0.005719)
(0.004906 0.001219 0.005719)
(0.004969 0.001219 0.005719)
(0.004031 0.001219 0.005781)
(0.004094 0.001219 0.005781)
(0.004156 0.001219 0.005781)
(0.004219 0.001219 0.005781)
(0.004281 0.001219 0.005781)
(0.004344 0.001219 0.005781)
(0.004406 0.001219 0.005781)
(0.004469 0.001219 0.005781)
(0.004531 0.001219 0.005781)
(0.004594 0.001219 0.005781)
(0.004656 0.001219 0.005781)
(0.004719 0.001219 0.005781)
(0.004781 0.001219 0.005781)
(0.004844 0.001219 0.005781)
(0.004906 0.001219 0.005781)
(0.004969 0.001219 0.005781)
(0.004031 0.001219 0.005844)
(0.004094 0.001219 0.005844)
(0.004156 0.001219 0.005844)
(0.004219 0.001219 0.005844)
(0.004281 0.001219 0.005844)
(0.004344 0.001219 0.005844)
(0.004406 0.001219 0.005844)
(0.004469 0.001219 0.005844)
(0.004531 0.001219 0.005844)
(0.004594 0.001219 0.005844)
(0.004656 0.001219 0.005844)
(0.004719 0.001219 0.005844)
(0.004781 0.001219 0.005844)
(0.004844 0.001219 0.005844)
(0.004906 0.001219 0.005844)
(0.004969 0.001219 0.005844)
(0.004031 0.001219 0.005906)
(0.004094 0.001219 0.005906)
(0.004156 0.001219 0.005906)
(0.004219 0.001219 0.005906)
(0.004281 0.001219 0.005906)
(0.004344 0.001219 0.005906)
(0.004406 0.001219 0.005906)
(0.004469 0.001219 0.005906)
(0.004531 0.001219 0.005906)
(0.004594 0.001219 0.005906)
(0.004656 0.001219 0.005906)
(0.004719 0.001219 0.005906)
(0.004781 0.001219 0.005906)
(0.004844 0.001219 0.005906)
(0.004906 0.001219 0.005906)
(0.004969 0.001219 0.005906)
(0.004031 0.001219 0.005969)
(0.004094 0.001219 0.005969)
(0.004156 0.001219 0.005969)
(0.004219 0.001219 0.005969)
(0.004281 0.001219 0.005969)
(0.004344 0.001219 0.005969)
(0.004406 0.001219 0.005969)
(0.004469 0.001219 0.005969)
(0.004531 0.001219 0.005969)
(0.004594 0.001219 0.005969)
(0.004656 0.001219 0.005969)
(0.004719 0.001219 0.005969)
(0.004781 0.001219 0.005969)
(0.004844 0.001219 0.005969)
(0.004906 0.001219 0.005969)
(0.004969 0.001219 0.005969)
)
;
    }
    procBoundary11to10
    {
        type            processor;
        value           nonuniform List<vector> 
652
(
(0.002469 0.001281 0.004031)
(0.002469 0.001344 0.004031)
(0.002469 0.001406 0.004031)
(0.002469 0.001469 0.004031)
(0.002469 0.001531 0.004031)
(0.002469 0.001594 0.004031)
(0.002469 0.001656 0.004031)
(0.002469 0.001719 0.004031)
(0.002469 0.001781 0.004031)
(0.002469 0.001844 0.004031)
(0.002469 0.001906 0.004031)
(0.002469 0.001969 0.004031)
(0.002469 0.002031 0.004031)
(0.002469 0.002094 0.004031)
(0.002531 0.002156 0.004031)
(0.002531 0.002156 0.004031)
(0.002531 0.002156 0.004031)
(0.002531 0.002219 0.004031)
(0.002531 0.002281 0.004031)
(0.002531 0.002344 0.004031)
(0.002469 0.001281 0.004094)
(0.002469 0.001344 0.004094)
(0.002469 0.001406 0.004094)
(0.002469 0.001469 0.004094)
(0.002469 0.001531 0.004094)
(0.002469 0.001594 0.004094)
(0.002469 0.001656 0.004094)
(0.002469 0.001719 0.004094)
(0.002469 0.001781 0.004094)
(0.002469 0.001844 0.004094)
(0.002469 0.001906 0.004094)
(0.002469 0.001969 0.004094)
(0.002469 0.002031 0.004094)
(0.002469 0.002094 0.004094)
(0.002469 0.002156 0.004094)
(0.002531 0.002219 0.004094)
(0.002531 0.002219 0.004094)
(0.002531 0.002219 0.004094)
(0.002531 0.002281 0.004094)
(0.002531 0.002344 0.004094)
(0.002469 0.001281 0.004156)
(0.002469 0.001344 0.004156)
(0.002469 0.001406 0.004156)
(0.002469 0.001469 0.004156)
(0.002469 0.001531 0.004156)
(0.002469 0.001594 0.004156)
(0.002469 0.001656 0.004156)
(0.002469 0.001719 0.004156)
(0.002469 0.001781 0.004156)
(0.002469 0.001844 0.004156)
(0.002469 0.001906 0.004156)
(0.002469 0.001969 0.004156)
(0.002469 0.002031 0.004156)
(0.002469 0.002094 0.004156)
(0.002469 0.002156 0.004156)
(0.002469 0.002219 0.004156)
(0.002531 0.002281 0.004156)
(0.002531 0.002281 0.004156)
(0.002531 0.002281 0.004156)
(0.002531 0.002344 0.004156)
(0.002469 0.001281 0.004219)
(0.002469 0.001344 0.004219)
(0.002469 0.001406 0.004219)
(0.002469 0.001469 0.004219)
(0.002469 0.001531 0.004219)
(0.002469 0.001594 0.004219)
(0.002469 0.001656 0.004219)
(0.002469 0.001719 0.004219)
(0.002469 0.001781 0.004219)
(0.002469 0.001844 0.004219)
(0.002469 0.001906 0.004219)
(0.002469 0.001969 0.004219)
(0.002469 0.002031 0.004219)
(0.002469 0.002094 0.004219)
(0.002469 0.002156 0.004219)
(0.002469 0.002219 0.004219)
(0.002469 0.002281 0.004219)
(0.002531 0.002344 0.004219)
(0.002531 0.002344 0.004219)
(0.002531 0.002344 0.004219)
(0.002469 0.001281 0.004281)
(0.002469 0.001344 0.004281)
(0.002469 0.001406 0.004281)
(0.002469 0.001469 0.004281)
(0.002469 0.001531 0.004281)
(0.002469 0.001594 0.004281)
(0.002469 0.001656 0.004281)
(0.002469 0.001719 0.004281)
(0.002469 0.001781 0.004281)
(0.002469 0.001844 0.004281)
(0.002469 0.001906 0.004281)
(0.002469 0.001969 0.004281)
(0.002469 0.002031 0.004281)
(0.002469 0.002094 0.004281)
(0.002469 0.002156 0.004281)
(0.002469 0.002219 0.004281)
(0.002469 0.002281 0.004281)
(0.002469 0.002344 0.004281)
(0.002531 0.002406 0.004281)
(0.002469 0.001281 0.004344)
(0.002469 0.001344 0.004344)
(0.002469 0.001406 0.004344)
(0.002469 0.001469 0.004344)
(0.002469 0.001531 0.004344)
(0.002469 0.001594 0.004344)
(0.002469 0.001656 0.004344)
(0.002469 0.001719 0.004344)
(0.002469 0.001781 0.004344)
(0.002469 0.001844 0.004344)
(0.002469 0.001906 0.004344)
(0.002469 0.001969 0.004344)
(0.002469 0.002031 0.004344)
(0.002469 0.002094 0.004344)
(0.002469 0.002156 0.004344)
(0.002469 0.002219 0.004344)
(0.002469 0.002281 0.004344)
(0.002469 0.002344 0.004344)
(0.002469 0.001281 0.004406)
(0.002469 0.001344 0.004406)
(0.002469 0.001406 0.004406)
(0.002469 0.001469 0.004406)
(0.002469 0.001531 0.004406)
(0.002469 0.001594 0.004406)
(0.002469 0.001656 0.004406)
(0.002469 0.001719 0.004406)
(0.002469 0.001781 0.004406)
(0.002469 0.001844 0.004406)
(0.002469 0.001906 0.004406)
(0.002469 0.001969 0.004406)
(0.002469 0.002031 0.004406)
(0.002469 0.002094 0.004406)
(0.002469 0.002156 0.004406)
(0.002469 0.002219 0.004406)
(0.002469 0.002281 0.004406)
(0.002469 0.002344 0.004406)
(0.002469 0.001281 0.004469)
(0.002469 0.001344 0.004469)
(0.002469 0.001406 0.004469)
(0.002469 0.001469 0.004469)
(0.002469 0.001531 0.004469)
(0.002469 0.001594 0.004469)
(0.002469 0.001656 0.004469)
(0.002469 0.001719 0.004469)
(0.002469 0.001781 0.004469)
(0.002469 0.001844 0.004469)
(0.002469 0.001906 0.004469)
(0.002469 0.001969 0.004469)
(0.002469 0.002031 0.004469)
(0.002469 0.002094 0.004469)
(0.002469 0.002156 0.004469)
(0.002469 0.002219 0.004469)
(0.002469 0.002281 0.004469)
(0.002469 0.002344 0.004469)
(0.002469 0.001281 0.004531)
(0.002469 0.001344 0.004531)
(0.002469 0.001406 0.004531)
(0.002469 0.001469 0.004531)
(0.002469 0.001531 0.004531)
(0.002469 0.001594 0.004531)
(0.002469 0.001656 0.004531)
(0.002469 0.001719 0.004531)
(0.002469 0.001781 0.004531)
(0.002469 0.001844 0.004531)
(0.002469 0.001906 0.004531)
(0.002469 0.001969 0.004531)
(0.002469 0.002031 0.004531)
(0.002469 0.002094 0.004531)
(0.002469 0.002156 0.004531)
(0.002469 0.002219 0.004531)
(0.002469 0.002281 0.004531)
(0.002469 0.002344 0.004531)
(0.002469 0.001281 0.004594)
(0.002469 0.001344 0.004594)
(0.002469 0.001406 0.004594)
(0.002469 0.001469 0.004594)
(0.002469 0.001531 0.004594)
(0.002469 0.001594 0.004594)
(0.002469 0.001656 0.004594)
(0.002469 0.001719 0.004594)
(0.002469 0.001781 0.004594)
(0.002469 0.001844 0.004594)
(0.002469 0.001906 0.004594)
(0.002469 0.001969 0.004594)
(0.002469 0.002031 0.004594)
(0.002469 0.002094 0.004594)
(0.002469 0.002156 0.004594)
(0.002469 0.002219 0.004594)
(0.002469 0.002281 0.004594)
(0.002469 0.002344 0.004594)
(0.002469 0.001281 0.004656)
(0.002469 0.001344 0.004656)
(0.002469 0.001406 0.004656)
(0.002469 0.001469 0.004656)
(0.002469 0.001531 0.004656)
(0.002469 0.001594 0.004656)
(0.002469 0.001656 0.004656)
(0.002469 0.001719 0.004656)
(0.002469 0.001781 0.004656)
(0.002469 0.001844 0.004656)
(0.002469 0.001906 0.004656)
(0.002469 0.001969 0.004656)
(0.002469 0.002031 0.004656)
(0.002469 0.002094 0.004656)
(0.002469 0.002156 0.004656)
(0.002469 0.002219 0.004656)
(0.002469 0.002281 0.004656)
(0.002469 0.002344 0.004656)
(0.002469 0.001281 0.004719)
(0.002469 0.001344 0.004719)
(0.002469 0.001406 0.004719)
(0.002469 0.001469 0.004719)
(0.002469 0.001531 0.004719)
(0.002469 0.001594 0.004719)
(0.002469 0.001656 0.004719)
(0.002469 0.001719 0.004719)
(0.002469 0.001781 0.004719)
(0.002469 0.001844 0.004719)
(0.002469 0.001906 0.004719)
(0.002469 0.001969 0.004719)
(0.002469 0.002031 0.004719)
(0.002469 0.002094 0.004719)
(0.002469 0.002156 0.004719)
(0.002469 0.002219 0.004719)
(0.002469 0.002281 0.004719)
(0.002469 0.002344 0.004719)
(0.002469 0.001281 0.004781)
(0.002469 0.001344 0.004781)
(0.002469 0.001406 0.004781)
(0.002469 0.001469 0.004781)
(0.002469 0.001531 0.004781)
(0.002469 0.001594 0.004781)
(0.002469 0.001656 0.004781)
(0.002469 0.001719 0.004781)
(0.002469 0.001781 0.004781)
(0.002469 0.001844 0.004781)
(0.002469 0.001906 0.004781)
(0.002469 0.001969 0.004781)
(0.002469 0.002031 0.004781)
(0.002469 0.002094 0.004781)
(0.002469 0.002156 0.004781)
(0.002469 0.002219 0.004781)
(0.002469 0.002281 0.004781)
(0.002469 0.002344 0.004781)
(0.002469 0.001281 0.004844)
(0.002469 0.001344 0.004844)
(0.002469 0.001406 0.004844)
(0.002469 0.001469 0.004844)
(0.002469 0.001531 0.004844)
(0.002469 0.001594 0.004844)
(0.002469 0.001656 0.004844)
(0.002469 0.001719 0.004844)
(0.002469 0.001781 0.004844)
(0.002469 0.001844 0.004844)
(0.002469 0.001906 0.004844)
(0.002469 0.001969 0.004844)
(0.002469 0.002031 0.004844)
(0.002469 0.002094 0.004844)
(0.002469 0.002156 0.004844)
(0.002469 0.002219 0.004844)
(0.002469 0.002281 0.004844)
(0.002469 0.002344 0.004844)
(0.002469 0.001281 0.004906)
(0.002469 0.001344 0.004906)
(0.002469 0.001406 0.004906)
(0.002469 0.001469 0.004906)
(0.002469 0.001531 0.004906)
(0.002469 0.001594 0.004906)
(0.002469 0.001656 0.004906)
(0.002469 0.001719 0.004906)
(0.002469 0.001781 0.004906)
(0.002469 0.001844 0.004906)
(0.002469 0.001906 0.004906)
(0.002469 0.001969 0.004906)
(0.002469 0.002031 0.004906)
(0.002469 0.002094 0.004906)
(0.002469 0.002156 0.004906)
(0.002469 0.002219 0.004906)
(0.002469 0.002281 0.004906)
(0.002469 0.002344 0.004906)
(0.002469 0.001281 0.004969)
(0.002469 0.001344 0.004969)
(0.002469 0.001406 0.004969)
(0.002469 0.001469 0.004969)
(0.002469 0.001531 0.004969)
(0.002469 0.001594 0.004969)
(0.002469 0.001656 0.004969)
(0.002469 0.001719 0.004969)
(0.002469 0.001781 0.004969)
(0.002469 0.001844 0.004969)
(0.002469 0.001906 0.004969)
(0.002469 0.001969 0.004969)
(0.002469 0.002031 0.004969)
(0.002469 0.002094 0.004969)
(0.002469 0.002156 0.004969)
(0.002469 0.002219 0.004969)
(0.002469 0.002281 0.004969)
(0.002469 0.002344 0.004969)
(0.002469 0.001281 0.005031)
(0.002469 0.001344 0.005031)
(0.002469 0.001406 0.005031)
(0.002469 0.001469 0.005031)
(0.002469 0.001531 0.005031)
(0.002469 0.001594 0.005031)
(0.002469 0.001656 0.005031)
(0.002469 0.001719 0.005031)
(0.002469 0.001781 0.005031)
(0.002469 0.001844 0.005031)
(0.002469 0.001906 0.005031)
(0.002469 0.001969 0.005031)
(0.002469 0.002031 0.005031)
(0.002469 0.002094 0.005031)
(0.002469 0.002156 0.005031)
(0.002469 0.002219 0.005031)
(0.002469 0.002281 0.005031)
(0.002469 0.002344 0.005031)
(0.002469 0.001281 0.005094)
(0.002469 0.001344 0.005094)
(0.002469 0.001406 0.005094)
(0.002469 0.001469 0.005094)
(0.002469 0.001531 0.005094)
(0.002469 0.001594 0.005094)
(0.002469 0.001656 0.005094)
(0.002469 0.001719 0.005094)
(0.002469 0.001781 0.005094)
(0.002469 0.001844 0.005094)
(0.002469 0.001906 0.005094)
(0.002469 0.001969 0.005094)
(0.002469 0.002031 0.005094)
(0.002469 0.002094 0.005094)
(0.002469 0.002156 0.005094)
(0.002469 0.002219 0.005094)
(0.002469 0.002281 0.005094)
(0.002469 0.002344 0.005094)
(0.002469 0.001281 0.005156)
(0.002469 0.001344 0.005156)
(0.002469 0.001406 0.005156)
(0.002469 0.001469 0.005156)
(0.002469 0.001531 0.005156)
(0.002469 0.001594 0.005156)
(0.002469 0.001656 0.005156)
(0.002469 0.001719 0.005156)
(0.002469 0.001781 0.005156)
(0.002469 0.001844 0.005156)
(0.002469 0.001906 0.005156)
(0.002469 0.001969 0.005156)
(0.002469 0.002031 0.005156)
(0.002469 0.002094 0.005156)
(0.002469 0.002156 0.005156)
(0.002469 0.002219 0.005156)
(0.002469 0.002281 0.005156)
(0.002469 0.002344 0.005156)
(0.002469 0.001281 0.005219)
(0.002469 0.001344 0.005219)
(0.002469 0.001406 0.005219)
(0.002469 0.001469 0.005219)
(0.002469 0.001531 0.005219)
(0.002469 0.001594 0.005219)
(0.002469 0.001656 0.005219)
(0.002469 0.001719 0.005219)
(0.002469 0.001781 0.005219)
(0.002469 0.001844 0.005219)
(0.002469 0.001906 0.005219)
(0.002469 0.001969 0.005219)
(0.002469 0.002031 0.005219)
(0.002469 0.002094 0.005219)
(0.002469 0.002156 0.005219)
(0.002469 0.002219 0.005219)
(0.002469 0.002281 0.005219)
(0.002469 0.002344 0.005219)
(0.002469 0.001281 0.005281)
(0.002469 0.001344 0.005281)
(0.002469 0.001406 0.005281)
(0.002469 0.001469 0.005281)
(0.002469 0.001531 0.005281)
(0.002469 0.001594 0.005281)
(0.002469 0.001656 0.005281)
(0.002469 0.001719 0.005281)
(0.002469 0.001781 0.005281)
(0.002469 0.001844 0.005281)
(0.002469 0.001906 0.005281)
(0.002469 0.001969 0.005281)
(0.002469 0.002031 0.005281)
(0.002469 0.002094 0.005281)
(0.002469 0.002156 0.005281)
(0.002469 0.002219 0.005281)
(0.002469 0.002281 0.005281)
(0.002469 0.002344 0.005281)
(0.002469 0.001281 0.005344)
(0.002469 0.001344 0.005344)
(0.002469 0.001406 0.005344)
(0.002469 0.001469 0.005344)
(0.002469 0.001531 0.005344)
(0.002469 0.001594 0.005344)
(0.002469 0.001656 0.005344)
(0.002469 0.001719 0.005344)
(0.002469 0.001781 0.005344)
(0.002469 0.001844 0.005344)
(0.002469 0.001906 0.005344)
(0.002469 0.001969 0.005344)
(0.002469 0.002031 0.005344)
(0.002469 0.002094 0.005344)
(0.002469 0.002156 0.005344)
(0.002469 0.002219 0.005344)
(0.002469 0.002281 0.005344)
(0.002469 0.002344 0.005344)
(0.002469 0.001281 0.005406)
(0.002469 0.001344 0.005406)
(0.002469 0.001406 0.005406)
(0.002469 0.001469 0.005406)
(0.002469 0.001531 0.005406)
(0.002469 0.001594 0.005406)
(0.002469 0.001656 0.005406)
(0.002469 0.001719 0.005406)
(0.002469 0.001781 0.005406)
(0.002469 0.001844 0.005406)
(0.002469 0.001906 0.005406)
(0.002469 0.001969 0.005406)
(0.002469 0.002031 0.005406)
(0.002469 0.002094 0.005406)
(0.002469 0.002156 0.005406)
(0.002469 0.002219 0.005406)
(0.002469 0.002281 0.005406)
(0.002469 0.002344 0.005406)
(0.002469 0.001281 0.005469)
(0.002469 0.001344 0.005469)
(0.002469 0.001406 0.005469)
(0.002469 0.001469 0.005469)
(0.002469 0.001531 0.005469)
(0.002469 0.001594 0.005469)
(0.002469 0.001656 0.005469)
(0.002469 0.001719 0.005469)
(0.002469 0.001781 0.005469)
(0.002469 0.001844 0.005469)
(0.002469 0.001906 0.005469)
(0.002469 0.001969 0.005469)
(0.002469 0.002031 0.005469)
(0.002469 0.002094 0.005469)
(0.002469 0.002156 0.005469)
(0.002469 0.002219 0.005469)
(0.002469 0.002281 0.005469)
(0.002469 0.002344 0.005469)
(0.002469 0.001281 0.005531)
(0.002469 0.001344 0.005531)
(0.002469 0.001406 0.005531)
(0.002469 0.001469 0.005531)
(0.002469 0.001531 0.005531)
(0.002469 0.001594 0.005531)
(0.002469 0.001656 0.005531)
(0.002469 0.001719 0.005531)
(0.002469 0.001781 0.005531)
(0.002469 0.001844 0.005531)
(0.002469 0.001906 0.005531)
(0.002469 0.001969 0.005531)
(0.002469 0.002031 0.005531)
(0.002469 0.002094 0.005531)
(0.002469 0.002156 0.005531)
(0.002469 0.002219 0.005531)
(0.002469 0.002281 0.005531)
(0.002469 0.002344 0.005531)
(0.002469 0.001281 0.005594)
(0.002469 0.001344 0.005594)
(0.002469 0.001406 0.005594)
(0.002469 0.001469 0.005594)
(0.002469 0.001531 0.005594)
(0.002469 0.001594 0.005594)
(0.002469 0.001656 0.005594)
(0.002469 0.001719 0.005594)
(0.002469 0.001781 0.005594)
(0.002469 0.001844 0.005594)
(0.002469 0.001906 0.005594)
(0.002469 0.001969 0.005594)
(0.002469 0.002031 0.005594)
(0.002469 0.002094 0.005594)
(0.002469 0.002156 0.005594)
(0.002469 0.002219 0.005594)
(0.002469 0.002281 0.005594)
(0.002469 0.002344 0.005594)
(0.002469 0.001281 0.005656)
(0.002469 0.001344 0.005656)
(0.002469 0.001406 0.005656)
(0.002469 0.001469 0.005656)
(0.002469 0.001531 0.005656)
(0.002469 0.001594 0.005656)
(0.002469 0.001656 0.005656)
(0.002469 0.001719 0.005656)
(0.002469 0.001781 0.005656)
(0.002469 0.001844 0.005656)
(0.002469 0.001906 0.005656)
(0.002469 0.001969 0.005656)
(0.002469 0.002031 0.005656)
(0.002469 0.002094 0.005656)
(0.002469 0.002156 0.005656)
(0.002469 0.002219 0.005656)
(0.002469 0.002281 0.005656)
(0.002469 0.002344 0.005656)
(0.002469 0.001281 0.005719)
(0.002469 0.001344 0.005719)
(0.002469 0.001406 0.005719)
(0.002469 0.001469 0.005719)
(0.002469 0.001531 0.005719)
(0.002469 0.001594 0.005719)
(0.002469 0.001656 0.005719)
(0.002469 0.001719 0.005719)
(0.002469 0.001781 0.005719)
(0.002469 0.001844 0.005719)
(0.002469 0.001906 0.005719)
(0.002469 0.001969 0.005719)
(0.002469 0.002031 0.005719)
(0.002469 0.002094 0.005719)
(0.002469 0.002156 0.005719)
(0.002469 0.002219 0.005719)
(0.002469 0.002281 0.005719)
(0.002469 0.002344 0.005719)
(0.002469 0.001281 0.005781)
(0.002469 0.001344 0.005781)
(0.002469 0.001406 0.005781)
(0.002469 0.001469 0.005781)
(0.002469 0.001531 0.005781)
(0.002469 0.001594 0.005781)
(0.002469 0.001656 0.005781)
(0.002469 0.001719 0.005781)
(0.002469 0.001781 0.005781)
(0.002469 0.001844 0.005781)
(0.002469 0.001906 0.005781)
(0.002469 0.001969 0.005781)
(0.002469 0.002031 0.005781)
(0.002469 0.002094 0.005781)
(0.002469 0.002156 0.005781)
(0.002469 0.002219 0.005781)
(0.002469 0.002281 0.005781)
(0.002469 0.002344 0.005781)
(0.002469 0.001281 0.005844)
(0.002469 0.001344 0.005844)
(0.002469 0.001406 0.005844)
(0.002469 0.001469 0.005844)
(0.002469 0.001531 0.005844)
(0.002469 0.001594 0.005844)
(0.002469 0.001656 0.005844)
(0.002469 0.001719 0.005844)
(0.002469 0.001781 0.005844)
(0.002469 0.001844 0.005844)
(0.002469 0.001906 0.005844)
(0.002469 0.001969 0.005844)
(0.002469 0.002031 0.005844)
(0.002469 0.002094 0.005844)
(0.002469 0.002156 0.005844)
(0.002469 0.002219 0.005844)
(0.002469 0.002281 0.005844)
(0.002469 0.002344 0.005844)
(0.002469 0.001281 0.005906)
(0.002469 0.001344 0.005906)
(0.002469 0.001406 0.005906)
(0.002469 0.001469 0.005906)
(0.002469 0.001531 0.005906)
(0.002469 0.001594 0.005906)
(0.002469 0.001656 0.005906)
(0.002469 0.001719 0.005906)
(0.002469 0.001781 0.005906)
(0.002469 0.001844 0.005906)
(0.002469 0.001906 0.005906)
(0.002469 0.001969 0.005906)
(0.002469 0.002031 0.005906)
(0.002469 0.002094 0.005906)
(0.002469 0.002156 0.005906)
(0.002469 0.002219 0.005906)
(0.002469 0.002281 0.005906)
(0.002469 0.002344 0.005906)
(0.002469 0.001281 0.005969)
(0.002469 0.001344 0.005969)
(0.002469 0.001406 0.005969)
(0.002469 0.001469 0.005969)
(0.002469 0.001531 0.005969)
(0.002469 0.001594 0.005969)
(0.002469 0.001656 0.005969)
(0.002469 0.001719 0.005969)
(0.002469 0.001781 0.005969)
(0.002469 0.001844 0.005969)
(0.002469 0.001906 0.005969)
(0.002469 0.001969 0.005969)
(0.002469 0.002031 0.005969)
(0.002469 0.002094 0.005969)
(0.002469 0.002156 0.005969)
(0.002469 0.002219 0.005969)
(0.002469 0.002281 0.005969)
(0.002469 0.002344 0.005969)
(0.002531 0.002406 0.004031)
(0.002531 0.002469 0.004031)
(0.002531 0.002406 0.004094)
(0.002531 0.002469 0.004094)
(0.002531 0.002406 0.004156)
(0.002531 0.002469 0.004156)
(0.002531 0.002406 0.004219)
(0.002531 0.002469 0.004219)
(0.002531 0.002406 0.004281)
(0.002531 0.002406 0.004281)
(0.002531 0.002469 0.004281)
(0.002469 0.002406 0.004344)
(0.002531 0.002469 0.004344)
(0.002531 0.002469 0.004344)
(0.002531 0.002469 0.004344)
(0.002469 0.002406 0.004406)
(0.002469 0.002469 0.004406)
(0.002469 0.002406 0.004469)
(0.002469 0.002469 0.004469)
(0.002469 0.002406 0.004531)
(0.002469 0.002469 0.004531)
(0.002469 0.002406 0.004594)
(0.002469 0.002469 0.004594)
(0.002469 0.002406 0.004656)
(0.002469 0.002469 0.004656)
(0.002469 0.002406 0.004719)
(0.002469 0.002469 0.004719)
(0.002469 0.002406 0.004781)
(0.002469 0.002469 0.004781)
(0.002469 0.002406 0.004844)
(0.002469 0.002469 0.004844)
(0.002469 0.002406 0.004906)
(0.002469 0.002469 0.004906)
(0.002469 0.002406 0.004969)
(0.002469 0.002469 0.004969)
(0.002469 0.002406 0.005031)
(0.002469 0.002469 0.005031)
(0.002469 0.002406 0.005094)
(0.002469 0.002469 0.005094)
(0.002469 0.002406 0.005156)
(0.002469 0.002469 0.005156)
(0.002469 0.002406 0.005219)
(0.002469 0.002469 0.005219)
(0.002469 0.002406 0.005281)
(0.002469 0.002469 0.005281)
(0.002469 0.002406 0.005344)
(0.002469 0.002469 0.005344)
(0.002469 0.002406 0.005406)
(0.002469 0.002469 0.005406)
(0.002469 0.002406 0.005469)
(0.002469 0.002469 0.005469)
(0.002469 0.002406 0.005531)
(0.002469 0.002469 0.005531)
(0.002469 0.002406 0.005594)
(0.002469 0.002469 0.005594)
(0.002469 0.002406 0.005656)
(0.002469 0.002469 0.005656)
(0.002469 0.002406 0.005719)
(0.002469 0.002469 0.005719)
(0.002469 0.002406 0.005781)
(0.002469 0.002469 0.005781)
(0.002469 0.002406 0.005844)
(0.002469 0.002469 0.005844)
(0.002469 0.002406 0.005906)
(0.002469 0.002469 0.005906)
(0.002469 0.002406 0.005969)
(0.002469 0.002469 0.005969)
)
;
    }
    procBoundary11to15
    {
        type            processor;
        value           nonuniform List<vector> 
800
(
(0.002531 0.001281 0.006031)
(0.002594 0.001281 0.006031)
(0.002656 0.001281 0.006031)
(0.002719 0.001281 0.006031)
(0.002781 0.001281 0.006031)
(0.002844 0.001281 0.006031)
(0.002906 0.001281 0.006031)
(0.002969 0.001281 0.006031)
(0.003031 0.001281 0.006031)
(0.003094 0.001281 0.006031)
(0.003156 0.001281 0.006031)
(0.003219 0.001281 0.006031)
(0.003281 0.001281 0.006031)
(0.003344 0.001281 0.006031)
(0.003406 0.001281 0.006031)
(0.003469 0.001281 0.006031)
(0.003531 0.001281 0.006031)
(0.003594 0.001281 0.006031)
(0.003656 0.001281 0.006031)
(0.003719 0.001281 0.006031)
(0.003781 0.001281 0.006031)
(0.003844 0.001281 0.006031)
(0.003906 0.001281 0.006031)
(0.003969 0.001281 0.006031)
(0.002531 0.001344 0.006031)
(0.002594 0.001344 0.006031)
(0.002656 0.001344 0.006031)
(0.002719 0.001344 0.006031)
(0.002781 0.001344 0.006031)
(0.002844 0.001344 0.006031)
(0.002906 0.001344 0.006031)
(0.002969 0.001344 0.006031)
(0.003031 0.001344 0.006031)
(0.003094 0.001344 0.006031)
(0.003156 0.001344 0.006031)
(0.003219 0.001344 0.006031)
(0.003281 0.001344 0.006031)
(0.003344 0.001344 0.006031)
(0.003406 0.001344 0.006031)
(0.003469 0.001344 0.006031)
(0.003531 0.001344 0.006031)
(0.003594 0.001344 0.006031)
(0.003656 0.001344 0.006031)
(0.003719 0.001344 0.006031)
(0.003781 0.001344 0.006031)
(0.003844 0.001344 0.006031)
(0.003906 0.001344 0.006031)
(0.003969 0.001344 0.006031)
(0.002531 0.001406 0.006031)
(0.002594 0.001406 0.006031)
(0.002656 0.001406 0.006031)
(0.002719 0.001406 0.006031)
(0.002781 0.001406 0.006031)
(0.002844 0.001406 0.006031)
(0.002906 0.001406 0.006031)
(0.002969 0.001406 0.006031)
(0.003031 0.001406 0.006031)
(0.003094 0.001406 0.006031)
(0.003156 0.001406 0.006031)
(0.003219 0.001406 0.006031)
(0.003281 0.001406 0.006031)
(0.003344 0.001406 0.006031)
(0.003406 0.001406 0.006031)
(0.003469 0.001406 0.006031)
(0.003531 0.001406 0.006031)
(0.003594 0.001406 0.006031)
(0.003656 0.001406 0.006031)
(0.003719 0.001406 0.006031)
(0.003781 0.001406 0.006031)
(0.003844 0.001406 0.006031)
(0.003906 0.001406 0.006031)
(0.003969 0.001406 0.006031)
(0.002531 0.001469 0.006031)
(0.002594 0.001469 0.006031)
(0.002656 0.001469 0.006031)
(0.002719 0.001469 0.006031)
(0.002781 0.001469 0.006031)
(0.002844 0.001469 0.006031)
(0.002906 0.001469 0.006031)
(0.002969 0.001469 0.006031)
(0.003031 0.001469 0.006031)
(0.003094 0.001469 0.006031)
(0.003156 0.001469 0.006031)
(0.003219 0.001469 0.006031)
(0.003281 0.001469 0.006031)
(0.003344 0.001469 0.006031)
(0.003406 0.001469 0.006031)
(0.003469 0.001469 0.006031)
(0.003531 0.001469 0.006031)
(0.003594 0.001469 0.006031)
(0.003656 0.001469 0.006031)
(0.003719 0.001469 0.006031)
(0.003781 0.001469 0.006031)
(0.003844 0.001469 0.006031)
(0.003906 0.001469 0.006031)
(0.003969 0.001469 0.006031)
(0.002531 0.001531 0.006031)
(0.002594 0.001531 0.006031)
(0.002656 0.001531 0.006031)
(0.002719 0.001531 0.006031)
(0.002781 0.001531 0.006031)
(0.002844 0.001531 0.006031)
(0.002906 0.001531 0.006031)
(0.002969 0.001531 0.006031)
(0.003031 0.001531 0.006031)
(0.003094 0.001531 0.006031)
(0.003156 0.001531 0.006031)
(0.003219 0.001531 0.006031)
(0.003281 0.001531 0.006031)
(0.003344 0.001531 0.006031)
(0.003406 0.001531 0.006031)
(0.003469 0.001531 0.006031)
(0.003531 0.001531 0.006031)
(0.003594 0.001531 0.006031)
(0.003656 0.001531 0.006031)
(0.003719 0.001531 0.006031)
(0.003781 0.001531 0.006031)
(0.003844 0.001531 0.006031)
(0.003906 0.001531 0.006031)
(0.003969 0.001531 0.006031)
(0.002531 0.001594 0.006031)
(0.002594 0.001594 0.006031)
(0.002656 0.001594 0.006031)
(0.002719 0.001594 0.006031)
(0.002781 0.001594 0.006031)
(0.002844 0.001594 0.006031)
(0.002906 0.001594 0.006031)
(0.002969 0.001594 0.006031)
(0.003031 0.001594 0.006031)
(0.003094 0.001594 0.006031)
(0.003156 0.001594 0.006031)
(0.003219 0.001594 0.006031)
(0.003281 0.001594 0.006031)
(0.003344 0.001594 0.006031)
(0.003406 0.001594 0.006031)
(0.003469 0.001594 0.006031)
(0.003531 0.001594 0.006031)
(0.003594 0.001594 0.006031)
(0.003656 0.001594 0.006031)
(0.003719 0.001594 0.006031)
(0.003781 0.001594 0.006031)
(0.003844 0.001594 0.006031)
(0.003906 0.001594 0.006031)
(0.003969 0.001594 0.006031)
(0.002531 0.001656 0.006031)
(0.002594 0.001656 0.006031)
(0.002656 0.001656 0.006031)
(0.002719 0.001656 0.006031)
(0.002781 0.001656 0.006031)
(0.002844 0.001656 0.006031)
(0.002906 0.001656 0.006031)
(0.002969 0.001656 0.006031)
(0.003031 0.001656 0.006031)
(0.003094 0.001656 0.006031)
(0.003156 0.001656 0.006031)
(0.003219 0.001656 0.006031)
(0.003281 0.001656 0.006031)
(0.003344 0.001656 0.006031)
(0.003406 0.001656 0.006031)
(0.003469 0.001656 0.006031)
(0.003531 0.001656 0.006031)
(0.003594 0.001656 0.006031)
(0.003656 0.001656 0.006031)
(0.003719 0.001656 0.006031)
(0.003781 0.001656 0.006031)
(0.003844 0.001656 0.006031)
(0.003906 0.001656 0.006031)
(0.003969 0.001656 0.006031)
(0.002531 0.001719 0.006031)
(0.002594 0.001719 0.006031)
(0.002656 0.001719 0.006031)
(0.002719 0.001719 0.006031)
(0.002781 0.001719 0.006031)
(0.002844 0.001719 0.006031)
(0.002906 0.001719 0.006031)
(0.002969 0.001719 0.006031)
(0.003031 0.001719 0.006031)
(0.003094 0.001719 0.006031)
(0.003156 0.001719 0.006031)
(0.003219 0.001719 0.006031)
(0.003281 0.001719 0.006031)
(0.003344 0.001719 0.006031)
(0.003406 0.001719 0.006031)
(0.003469 0.001719 0.006031)
(0.003531 0.001719 0.006031)
(0.003594 0.001719 0.006031)
(0.003656 0.001719 0.006031)
(0.003719 0.001719 0.006031)
(0.003781 0.001719 0.006031)
(0.003844 0.001719 0.006031)
(0.003906 0.001719 0.006031)
(0.003969 0.001719 0.006031)
(0.002531 0.001781 0.006031)
(0.002594 0.001781 0.006031)
(0.002656 0.001781 0.006031)
(0.002719 0.001781 0.006031)
(0.002781 0.001781 0.006031)
(0.002844 0.001781 0.006031)
(0.002906 0.001781 0.006031)
(0.002969 0.001781 0.006031)
(0.003031 0.001781 0.006031)
(0.003094 0.001781 0.006031)
(0.003156 0.001781 0.006031)
(0.003219 0.001781 0.006031)
(0.003281 0.001781 0.006031)
(0.003344 0.001781 0.006031)
(0.003406 0.001781 0.006031)
(0.003469 0.001781 0.006031)
(0.003531 0.001781 0.006031)
(0.003594 0.001781 0.006031)
(0.003656 0.001781 0.006031)
(0.003719 0.001781 0.006031)
(0.003781 0.001781 0.006031)
(0.003844 0.001781 0.006031)
(0.003906 0.001781 0.006031)
(0.003969 0.001781 0.006031)
(0.002531 0.001844 0.006031)
(0.002594 0.001844 0.006031)
(0.002656 0.001844 0.006031)
(0.002719 0.001844 0.006031)
(0.002781 0.001844 0.006031)
(0.002844 0.001844 0.006031)
(0.002906 0.001844 0.006031)
(0.002969 0.001844 0.006031)
(0.003031 0.001844 0.006031)
(0.003094 0.001844 0.006031)
(0.003156 0.001844 0.006031)
(0.003219 0.001844 0.006031)
(0.003281 0.001844 0.006031)
(0.003344 0.001844 0.006031)
(0.003406 0.001844 0.006031)
(0.003469 0.001844 0.006031)
(0.003531 0.001844 0.006031)
(0.003594 0.001844 0.006031)
(0.003656 0.001844 0.006031)
(0.003719 0.001844 0.006031)
(0.003781 0.001844 0.006031)
(0.003844 0.001844 0.006031)
(0.003906 0.001844 0.006031)
(0.003969 0.001844 0.006031)
(0.002531 0.001906 0.006031)
(0.002594 0.001906 0.006031)
(0.002656 0.001906 0.006031)
(0.002719 0.001906 0.006031)
(0.002781 0.001906 0.006031)
(0.002844 0.001906 0.006031)
(0.002906 0.001906 0.006031)
(0.002969 0.001906 0.006031)
(0.003031 0.001906 0.006031)
(0.003094 0.001906 0.006031)
(0.003156 0.001906 0.006031)
(0.003219 0.001906 0.006031)
(0.003281 0.001906 0.006031)
(0.003344 0.001906 0.006031)
(0.003406 0.001906 0.006031)
(0.003469 0.001906 0.006031)
(0.003531 0.001906 0.006031)
(0.003594 0.001906 0.006031)
(0.003656 0.001906 0.006031)
(0.003719 0.001906 0.006031)
(0.003781 0.001906 0.006031)
(0.003844 0.001906 0.006031)
(0.003906 0.001906 0.006031)
(0.003969 0.001906 0.006031)
(0.002531 0.001969 0.006031)
(0.002594 0.001969 0.006031)
(0.002656 0.001969 0.006031)
(0.002719 0.001969 0.006031)
(0.002781 0.001969 0.006031)
(0.002844 0.001969 0.006031)
(0.002906 0.001969 0.006031)
(0.002969 0.001969 0.006031)
(0.003031 0.001969 0.006031)
(0.003094 0.001969 0.006031)
(0.003156 0.001969 0.006031)
(0.003219 0.001969 0.006031)
(0.003281 0.001969 0.006031)
(0.003344 0.001969 0.006031)
(0.003406 0.001969 0.006031)
(0.003469 0.001969 0.006031)
(0.003531 0.001969 0.006031)
(0.003594 0.001969 0.006031)
(0.003656 0.001969 0.006031)
(0.003719 0.001969 0.006031)
(0.003781 0.001969 0.006031)
(0.003844 0.001969 0.006031)
(0.003906 0.001969 0.006031)
(0.003969 0.001969 0.006031)
(0.002531 0.002031 0.006031)
(0.002594 0.002031 0.006031)
(0.002656 0.002031 0.006031)
(0.002719 0.002031 0.006031)
(0.002781 0.002031 0.006031)
(0.002844 0.002031 0.006031)
(0.002906 0.002031 0.006031)
(0.002969 0.002031 0.006031)
(0.003031 0.002031 0.006031)
(0.003094 0.002031 0.006031)
(0.003156 0.002031 0.006031)
(0.003219 0.002031 0.006031)
(0.003281 0.002031 0.006031)
(0.003344 0.002031 0.006031)
(0.003406 0.002031 0.006031)
(0.003469 0.002031 0.006031)
(0.003531 0.002031 0.006031)
(0.003594 0.002031 0.006031)
(0.003656 0.002031 0.006031)
(0.003719 0.002031 0.006031)
(0.003781 0.002031 0.006031)
(0.003844 0.002031 0.006031)
(0.003906 0.002031 0.006031)
(0.003969 0.002031 0.006031)
(0.002531 0.002094 0.006031)
(0.002594 0.002094 0.006031)
(0.002656 0.002094 0.006031)
(0.002719 0.002094 0.006031)
(0.002781 0.002094 0.006031)
(0.002844 0.002094 0.006031)
(0.002906 0.002094 0.006031)
(0.002969 0.002094 0.006031)
(0.003031 0.002094 0.006031)
(0.003094 0.002094 0.006031)
(0.003156 0.002094 0.006031)
(0.003219 0.002094 0.006031)
(0.003281 0.002094 0.006031)
(0.003344 0.002094 0.006031)
(0.003406 0.002094 0.006031)
(0.003469 0.002094 0.006031)
(0.003531 0.002094 0.006031)
(0.003594 0.002094 0.006031)
(0.003656 0.002094 0.006031)
(0.003719 0.002094 0.006031)
(0.003781 0.002094 0.006031)
(0.003844 0.002094 0.006031)
(0.003906 0.002094 0.006031)
(0.003969 0.002094 0.006031)
(0.002531 0.002156 0.006031)
(0.002594 0.002156 0.006031)
(0.002656 0.002156 0.006031)
(0.002719 0.002156 0.006031)
(0.002781 0.002156 0.006031)
(0.002844 0.002156 0.006031)
(0.002906 0.002156 0.006031)
(0.002969 0.002156 0.006031)
(0.003031 0.002156 0.006031)
(0.003094 0.002156 0.006031)
(0.003156 0.002156 0.006031)
(0.003219 0.002156 0.006031)
(0.003281 0.002156 0.006031)
(0.003344 0.002156 0.006031)
(0.003406 0.002156 0.006031)
(0.003469 0.002156 0.006031)
(0.003531 0.002156 0.006031)
(0.003594 0.002156 0.006031)
(0.003656 0.002156 0.006031)
(0.003719 0.002156 0.006031)
(0.003781 0.002156 0.006031)
(0.003844 0.002156 0.006031)
(0.003906 0.002156 0.006031)
(0.003969 0.002156 0.006031)
(0.002531 0.002219 0.006031)
(0.002594 0.002219 0.006031)
(0.002656 0.002219 0.006031)
(0.002719 0.002219 0.006031)
(0.002781 0.002219 0.006031)
(0.002844 0.002219 0.006031)
(0.002906 0.002219 0.006031)
(0.002969 0.002219 0.006031)
(0.003031 0.002219 0.006031)
(0.003094 0.002219 0.006031)
(0.003156 0.002219 0.006031)
(0.003219 0.002219 0.006031)
(0.003281 0.002219 0.006031)
(0.003344 0.002219 0.006031)
(0.003406 0.002219 0.006031)
(0.003469 0.002219 0.006031)
(0.003531 0.002219 0.006031)
(0.003594 0.002219 0.006031)
(0.003656 0.002219 0.006031)
(0.003719 0.002219 0.006031)
(0.003781 0.002219 0.006031)
(0.003844 0.002219 0.006031)
(0.003906 0.002219 0.006031)
(0.003969 0.002219 0.006031)
(0.002531 0.002281 0.006031)
(0.002594 0.002281 0.006031)
(0.002656 0.002281 0.006031)
(0.002719 0.002281 0.006031)
(0.002781 0.002281 0.006031)
(0.002844 0.002281 0.006031)
(0.002906 0.002281 0.006031)
(0.002969 0.002281 0.006031)
(0.003031 0.002281 0.006031)
(0.003094 0.002281 0.006031)
(0.003156 0.002281 0.006031)
(0.003219 0.002281 0.006031)
(0.003281 0.002281 0.006031)
(0.003344 0.002281 0.006031)
(0.003406 0.002281 0.006031)
(0.003469 0.002281 0.006031)
(0.003531 0.002281 0.006031)
(0.003594 0.002281 0.006031)
(0.003656 0.002281 0.006031)
(0.003719 0.002281 0.006031)
(0.003781 0.002281 0.006031)
(0.003844 0.002281 0.006031)
(0.003906 0.002281 0.006031)
(0.003969 0.002281 0.006031)
(0.002531 0.002344 0.006031)
(0.002594 0.002344 0.006031)
(0.002656 0.002344 0.006031)
(0.002719 0.002344 0.006031)
(0.002781 0.002344 0.006031)
(0.002844 0.002344 0.006031)
(0.002906 0.002344 0.006031)
(0.002969 0.002344 0.006031)
(0.003031 0.002344 0.006031)
(0.003094 0.002344 0.006031)
(0.003156 0.002344 0.006031)
(0.003219 0.002344 0.006031)
(0.003281 0.002344 0.006031)
(0.003344 0.002344 0.006031)
(0.003406 0.002344 0.006031)
(0.003469 0.002344 0.006031)
(0.003531 0.002344 0.006031)
(0.003594 0.002344 0.006031)
(0.003656 0.002344 0.006031)
(0.003719 0.002344 0.006031)
(0.003781 0.002344 0.006031)
(0.003844 0.002344 0.006031)
(0.003906 0.002344 0.006031)
(0.003969 0.002344 0.006031)
(0.004031 0.001281 0.006031)
(0.004094 0.001281 0.006031)
(0.004156 0.001281 0.006031)
(0.004219 0.001281 0.006031)
(0.004281 0.001281 0.006031)
(0.004344 0.001281 0.006031)
(0.004406 0.001281 0.006031)
(0.004469 0.001281 0.006031)
(0.004531 0.001281 0.006031)
(0.004594 0.001281 0.006031)
(0.004656 0.001281 0.006031)
(0.004719 0.001281 0.006031)
(0.004781 0.001281 0.006031)
(0.004844 0.001281 0.006031)
(0.004906 0.001281 0.006031)
(0.004969 0.001281 0.006031)
(0.004031 0.001344 0.006031)
(0.004094 0.001344 0.006031)
(0.004156 0.001344 0.006031)
(0.004219 0.001344 0.006031)
(0.004281 0.001344 0.006031)
(0.004344 0.001344 0.006031)
(0.004406 0.001344 0.006031)
(0.004469 0.001344 0.006031)
(0.004531 0.001344 0.006031)
(0.004594 0.001344 0.006031)
(0.004656 0.001344 0.006031)
(0.004719 0.001344 0.006031)
(0.004781 0.001344 0.006031)
(0.004844 0.001344 0.006031)
(0.004906 0.001344 0.006031)
(0.004969 0.001344 0.006031)
(0.004031 0.001406 0.006031)
(0.004094 0.001406 0.006031)
(0.004156 0.001406 0.006031)
(0.004219 0.001406 0.006031)
(0.004281 0.001406 0.006031)
(0.004344 0.001406 0.006031)
(0.004406 0.001406 0.006031)
(0.004469 0.001406 0.006031)
(0.004531 0.001406 0.006031)
(0.004594 0.001406 0.006031)
(0.004656 0.001406 0.006031)
(0.004719 0.001406 0.006031)
(0.004781 0.001406 0.006031)
(0.004844 0.001406 0.006031)
(0.004906 0.001406 0.006031)
(0.004969 0.001406 0.006031)
(0.004031 0.001469 0.006031)
(0.004094 0.001469 0.006031)
(0.004156 0.001469 0.006031)
(0.004219 0.001469 0.006031)
(0.004281 0.001469 0.006031)
(0.004344 0.001469 0.006031)
(0.004406 0.001469 0.006031)
(0.004469 0.001469 0.006031)
(0.004531 0.001469 0.006031)
(0.004594 0.001469 0.006031)
(0.004656 0.001469 0.006031)
(0.004719 0.001469 0.006031)
(0.004781 0.001469 0.006031)
(0.004844 0.001469 0.006031)
(0.004906 0.001469 0.006031)
(0.004969 0.001469 0.006031)
(0.004031 0.001531 0.006031)
(0.004094 0.001531 0.006031)
(0.004156 0.001531 0.006031)
(0.004219 0.001531 0.006031)
(0.004281 0.001531 0.006031)
(0.004344 0.001531 0.006031)
(0.004406 0.001531 0.006031)
(0.004469 0.001531 0.006031)
(0.004531 0.001531 0.006031)
(0.004594 0.001531 0.006031)
(0.004656 0.001531 0.006031)
(0.004719 0.001531 0.006031)
(0.004781 0.001531 0.006031)
(0.004844 0.001531 0.006031)
(0.004906 0.001531 0.006031)
(0.004969 0.001531 0.006031)
(0.004031 0.001594 0.006031)
(0.004094 0.001594 0.006031)
(0.004156 0.001594 0.006031)
(0.004219 0.001594 0.006031)
(0.004281 0.001594 0.006031)
(0.004344 0.001594 0.006031)
(0.004406 0.001594 0.006031)
(0.004469 0.001594 0.006031)
(0.004531 0.001594 0.006031)
(0.004594 0.001594 0.006031)
(0.004656 0.001594 0.006031)
(0.004719 0.001594 0.006031)
(0.004781 0.001594 0.006031)
(0.004844 0.001594 0.006031)
(0.004906 0.001594 0.006031)
(0.004969 0.001594 0.006031)
(0.004031 0.001656 0.006031)
(0.004094 0.001656 0.006031)
(0.004156 0.001656 0.006031)
(0.004219 0.001656 0.006031)
(0.004281 0.001656 0.006031)
(0.004344 0.001656 0.006031)
(0.004406 0.001656 0.006031)
(0.004469 0.001656 0.006031)
(0.004531 0.001656 0.006031)
(0.004594 0.001656 0.006031)
(0.004656 0.001656 0.006031)
(0.004719 0.001656 0.006031)
(0.004781 0.001656 0.006031)
(0.004844 0.001656 0.006031)
(0.004906 0.001656 0.006031)
(0.004969 0.001656 0.006031)
(0.004031 0.001719 0.006031)
(0.004094 0.001719 0.006031)
(0.004156 0.001719 0.006031)
(0.004219 0.001719 0.006031)
(0.004281 0.001719 0.006031)
(0.004344 0.001719 0.006031)
(0.004406 0.001719 0.006031)
(0.004469 0.001719 0.006031)
(0.004531 0.001719 0.006031)
(0.004594 0.001719 0.006031)
(0.004656 0.001719 0.006031)
(0.004719 0.001719 0.006031)
(0.004781 0.001719 0.006031)
(0.004844 0.001719 0.006031)
(0.004906 0.001719 0.006031)
(0.004969 0.001719 0.006031)
(0.004031 0.001781 0.006031)
(0.004094 0.001781 0.006031)
(0.004156 0.001781 0.006031)
(0.004219 0.001781 0.006031)
(0.004281 0.001781 0.006031)
(0.004344 0.001781 0.006031)
(0.004406 0.001781 0.006031)
(0.004469 0.001781 0.006031)
(0.004531 0.001781 0.006031)
(0.004594 0.001781 0.006031)
(0.004656 0.001781 0.006031)
(0.004719 0.001781 0.006031)
(0.004781 0.001781 0.006031)
(0.004844 0.001781 0.006031)
(0.004906 0.001781 0.006031)
(0.004969 0.001781 0.006031)
(0.004031 0.001844 0.006031)
(0.004094 0.001844 0.006031)
(0.004156 0.001844 0.006031)
(0.004219 0.001844 0.006031)
(0.004281 0.001844 0.006031)
(0.004344 0.001844 0.006031)
(0.004406 0.001844 0.006031)
(0.004469 0.001844 0.006031)
(0.004531 0.001844 0.006031)
(0.004594 0.001844 0.006031)
(0.004656 0.001844 0.006031)
(0.004719 0.001844 0.006031)
(0.004781 0.001844 0.006031)
(0.004844 0.001844 0.006031)
(0.004906 0.001844 0.006031)
(0.004969 0.001844 0.006031)
(0.004031 0.001906 0.006031)
(0.004094 0.001906 0.006031)
(0.004156 0.001906 0.006031)
(0.004219 0.001906 0.006031)
(0.004281 0.001906 0.006031)
(0.004344 0.001906 0.006031)
(0.004406 0.001906 0.006031)
(0.004469 0.001906 0.006031)
(0.004531 0.001906 0.006031)
(0.004594 0.001906 0.006031)
(0.004656 0.001906 0.006031)
(0.004719 0.001906 0.006031)
(0.004781 0.001906 0.006031)
(0.004844 0.001906 0.006031)
(0.004906 0.001906 0.006031)
(0.004969 0.001906 0.006031)
(0.004031 0.001969 0.006031)
(0.004094 0.001969 0.006031)
(0.004156 0.001969 0.006031)
(0.004219 0.001969 0.006031)
(0.004281 0.001969 0.006031)
(0.004344 0.001969 0.006031)
(0.004406 0.001969 0.006031)
(0.004469 0.001969 0.006031)
(0.004531 0.001969 0.006031)
(0.004594 0.001969 0.006031)
(0.004656 0.001969 0.006031)
(0.004719 0.001969 0.006031)
(0.004781 0.001969 0.006031)
(0.004844 0.001969 0.006031)
(0.004906 0.001969 0.006031)
(0.004969 0.001969 0.006031)
(0.004031 0.002031 0.006031)
(0.004094 0.002031 0.006031)
(0.004156 0.002031 0.006031)
(0.004219 0.002031 0.006031)
(0.004281 0.002031 0.006031)
(0.004344 0.002031 0.006031)
(0.004406 0.002031 0.006031)
(0.004469 0.002031 0.006031)
(0.004531 0.002031 0.006031)
(0.004594 0.002031 0.006031)
(0.004656 0.002031 0.006031)
(0.004719 0.002031 0.006031)
(0.004781 0.002031 0.006031)
(0.004844 0.002031 0.006031)
(0.004906 0.002031 0.006031)
(0.004969 0.002031 0.006031)
(0.004031 0.002094 0.006031)
(0.004094 0.002094 0.006031)
(0.004156 0.002094 0.006031)
(0.004219 0.002094 0.006031)
(0.004281 0.002094 0.006031)
(0.004344 0.002094 0.006031)
(0.004406 0.002094 0.006031)
(0.004469 0.002094 0.006031)
(0.004531 0.002094 0.006031)
(0.004594 0.002094 0.006031)
(0.004656 0.002094 0.006031)
(0.004719 0.002094 0.006031)
(0.004781 0.002094 0.006031)
(0.004844 0.002094 0.006031)
(0.004906 0.002094 0.006031)
(0.004969 0.002094 0.006031)
(0.004031 0.002156 0.006031)
(0.004094 0.002156 0.006031)
(0.004156 0.002156 0.006031)
(0.004219 0.002156 0.006031)
(0.004281 0.002156 0.006031)
(0.004344 0.002156 0.006031)
(0.004406 0.002156 0.006031)
(0.004469 0.002156 0.006031)
(0.004531 0.002156 0.006031)
(0.004594 0.002156 0.006031)
(0.004656 0.002156 0.006031)
(0.004719 0.002156 0.006031)
(0.004781 0.002156 0.006031)
(0.004844 0.002156 0.006031)
(0.004906 0.002156 0.006031)
(0.004969 0.002156 0.006031)
(0.004031 0.002219 0.006031)
(0.004094 0.002219 0.006031)
(0.004156 0.002219 0.006031)
(0.004219 0.002219 0.006031)
(0.004281 0.002219 0.006031)
(0.004344 0.002219 0.006031)
(0.004406 0.002219 0.006031)
(0.004469 0.002219 0.006031)
(0.004531 0.002219 0.006031)
(0.004594 0.002219 0.006031)
(0.004656 0.002219 0.006031)
(0.004719 0.002219 0.006031)
(0.004781 0.002219 0.006031)
(0.004844 0.002219 0.006031)
(0.004906 0.002219 0.006031)
(0.004969 0.002219 0.006031)
(0.004031 0.002281 0.006031)
(0.004094 0.002281 0.006031)
(0.004156 0.002281 0.006031)
(0.004219 0.002281 0.006031)
(0.004281 0.002281 0.006031)
(0.004344 0.002281 0.006031)
(0.004406 0.002281 0.006031)
(0.004469 0.002281 0.006031)
(0.004531 0.002281 0.006031)
(0.004594 0.002281 0.006031)
(0.004656 0.002281 0.006031)
(0.004719 0.002281 0.006031)
(0.004781 0.002281 0.006031)
(0.004844 0.002281 0.006031)
(0.004906 0.002281 0.006031)
(0.004969 0.002281 0.006031)
(0.004031 0.002344 0.006031)
(0.004094 0.002344 0.006031)
(0.004156 0.002344 0.006031)
(0.004219 0.002344 0.006031)
(0.004281 0.002344 0.006031)
(0.004344 0.002344 0.006031)
(0.004406 0.002344 0.006031)
(0.004469 0.002344 0.006031)
(0.004531 0.002344 0.006031)
(0.004594 0.002344 0.006031)
(0.004656 0.002344 0.006031)
(0.004719 0.002344 0.006031)
(0.004781 0.002344 0.006031)
(0.004844 0.002344 0.006031)
(0.004906 0.002344 0.006031)
(0.004969 0.002344 0.006031)
(0.002531 0.002406 0.006031)
(0.002594 0.002406 0.006031)
(0.002656 0.002406 0.006031)
(0.002719 0.002406 0.006031)
(0.002781 0.002406 0.006031)
(0.002844 0.002406 0.006031)
(0.002906 0.002406 0.006031)
(0.002969 0.002406 0.006031)
(0.003031 0.002406 0.006031)
(0.003094 0.002406 0.006031)
(0.003156 0.002406 0.006031)
(0.003219 0.002406 0.006031)
(0.003281 0.002406 0.006031)
(0.003344 0.002406 0.006031)
(0.003406 0.002406 0.006031)
(0.003469 0.002406 0.006031)
(0.003531 0.002406 0.006031)
(0.003594 0.002406 0.006031)
(0.003656 0.002406 0.006031)
(0.003719 0.002406 0.006031)
(0.003781 0.002406 0.006031)
(0.003844 0.002406 0.006031)
(0.003906 0.002406 0.006031)
(0.003969 0.002406 0.006031)
(0.002531 0.002469 0.006031)
(0.002594 0.002469 0.006031)
(0.002656 0.002469 0.006031)
(0.002719 0.002469 0.006031)
(0.002781 0.002469 0.006031)
(0.002844 0.002469 0.006031)
(0.002906 0.002469 0.006031)
(0.002969 0.002469 0.006031)
(0.003031 0.002469 0.006031)
(0.003094 0.002469 0.006031)
(0.003156 0.002469 0.006031)
(0.003219 0.002469 0.006031)
(0.003281 0.002469 0.006031)
(0.003344 0.002469 0.006031)
(0.003406 0.002469 0.006031)
(0.003469 0.002469 0.006031)
(0.003531 0.002469 0.006031)
(0.003594 0.002469 0.006031)
(0.003656 0.002469 0.006031)
(0.003719 0.002469 0.006031)
(0.003781 0.002469 0.006031)
(0.003844 0.002469 0.006031)
(0.003906 0.002469 0.006031)
(0.003969 0.002469 0.006031)
(0.004031 0.002406 0.006031)
(0.004094 0.002406 0.006031)
(0.004156 0.002406 0.006031)
(0.004219 0.002406 0.006031)
(0.004281 0.002406 0.006031)
(0.004344 0.002406 0.006031)
(0.004406 0.002406 0.006031)
(0.004469 0.002406 0.006031)
(0.004531 0.002406 0.006031)
(0.004594 0.002406 0.006031)
(0.004656 0.002406 0.006031)
(0.004719 0.002406 0.006031)
(0.004781 0.002406 0.006031)
(0.004844 0.002406 0.006031)
(0.004906 0.002406 0.006031)
(0.004969 0.002406 0.006031)
(0.004031 0.002469 0.006031)
(0.004094 0.002469 0.006031)
(0.004156 0.002469 0.006031)
(0.004219 0.002469 0.006031)
(0.004281 0.002469 0.006031)
(0.004344 0.002469 0.006031)
(0.004406 0.002469 0.006031)
(0.004469 0.002469 0.006031)
(0.004531 0.002469 0.006031)
(0.004594 0.002469 0.006031)
(0.004656 0.002469 0.006031)
(0.004719 0.002469 0.006031)
(0.004781 0.002469 0.006031)
(0.004844 0.002469 0.006031)
(0.004906 0.002469 0.006031)
(0.004969 0.002469 0.006031)
)
;
    }
}


// ************************************************************************* //
