/*--------------------------------*- C++ -*----------------------------------*\
  =========                 |
  \\      /  F ield         | OpenFOAM: The Open Source CFD Toolbox
   \\    /   O peration     | Website:  https://openfoam.org
    \\  /    A nd           | Version:  11
     \\/     M anipulation  |
\*---------------------------------------------------------------------------*/
FoamFile
{
    format      ascii;
    class       labelList;
    location    "constant/polyMesh";
    object      pointProcAddressing;
}
// * * * * * * * * * * * * * * * * * * * * * * * * * * * * * * * * * * * * * //


56133
(
304884
304885
304886
304887
304888
304889
304890
304891
304892
304893
304894
304895
304896
304897
304898
304899
304900
304901
304902
304903
304904
304905
304906
304907
304908
304909
304910
304911
304912
304913
304914
304915
304916
304917
304918
304919
304920
304921
304922
304923
304924
304925
304926
304927
304928
304929
304930
304931
304932
304933
304934
304935
304936
304937
304938
304939
304940
304941
304942
304943
304944
304945
304946
304947
304948
304949
304950
304951
304952
304953
304954
304955
304956
304957
304958
304959
304960
304961
304962
304963
304964
304965
304966
304967
304968
304969
304970
304971
304972
304973
304974
304975
304976
304977
304978
304979
304980
304981
304982
304983
304984
304985
304986
304987
304988
304989
304990
304991
304992
304993
304994
304995
304996
304997
304998
304999
305000
305001
305002
305003
305004
305005
305006
305007
305008
305009
305010
305011
305012
305013
305014
305015
305016
305017
305018
305019
305020
305021
305022
305023
305024
305025
305026
305027
305028
305029
305030
305031
305032
305033
305034
305035
305036
305037
305038
305039
305040
305041
305042
305043
305044
305045
305046
305047
305048
305049
305050
305051
305052
305053
305054
305055
305056
305057
305058
305059
305060
305061
305062
305063
305064
305065
305066
305067
305068
305069
305070
305071
305072
305073
305074
305075
305076
305077
305078
305079
305080
305081
305082
305083
305084
305085
305086
305087
305088
305089
305090
305091
305092
305093
305094
305095
305096
305097
305098
305099
305100
305101
305102
305103
305104
305105
305106
305107
305108
305109
305110
305111
305112
305113
305114
305115
305116
305117
305118
305119
305120
305121
305122
305123
305124
305125
305126
305127
305128
305129
305130
305131
305132
305133
305134
305135
305136
305137
305138
305139
305140
305141
305142
305143
305144
305145
305146
305147
305148
305149
305150
305151
305152
305153
305154
305155
305156
305157
305158
305159
305160
305161
305162
305163
305164
305165
305166
305167
305168
305169
305170
305171
305172
305173
305174
305175
305176
305177
305178
305179
305180
305181
305182
305183
305184
305185
305186
305187
305188
305189
305190
305191
305192
305193
305194
305195
305196
305197
305198
305199
305200
305201
305202
305203
305204
305205
305206
305207
305208
305209
305210
305211
305212
305213
305214
305215
305216
305217
305218
305219
305220
305221
305222
305223
305224
305225
305226
305227
305228
305229
305230
305231
305232
305233
305234
305235
305236
305237
305238
305239
305240
305241
305242
305243
305244
305245
305246
305247
305248
305249
305250
305251
305252
305253
305254
305255
305256
305257
305258
305259
305260
305261
305262
305263
305264
305265
305266
305267
305268
305269
305270
305271
305272
305273
305274
305275
305276
305277
305278
305279
305280
305281
305282
305283
305284
305285
305286
305287
305288
305532
305533
305534
305535
305536
305537
305538
305539
305540
305541
305542
305543
305544
305545
305546
305547
305548
305549
305550
305551
305552
305553
305554
305555
305556
305557
305558
305559
305560
305561
305562
305563
305564
305565
305566
305567
305568
305569
305570
305571
305572
305573
305574
305575
305576
305577
305578
305579
305580
305581
305582
305583
305584
305585
305586
305587
305588
305589
305590
305591
305592
305593
305594
305595
305596
305597
305598
305599
305600
305601
305602
305603
305604
305605
305606
305607
305608
305609
305610
305611
305612
305613
305614
305615
305616
305617
305618
305619
305620
305621
305622
305623
305624
305625
305626
305627
305628
305629
305630
305631
305632
305633
305634
305635
305636
305637
305638
305639
305640
305641
305642
305643
305644
305645
305646
305647
305648
305649
305650
305651
305652
305653
305654
305655
305656
305657
305658
305659
305660
305661
305662
305663
305664
305665
305666
305667
305668
305669
305670
305671
305672
305673
305674
305675
305676
305677
305678
305679
305680
305681
305682
305683
305684
305685
305686
305687
305688
305689
305690
305691
305692
305693
305694
305695
305696
305697
305698
305699
305700
305701
305702
305703
305704
305705
305706
305707
305708
305709
305710
305711
305712
305713
305714
305715
305716
305717
305718
305719
305720
305721
305722
305723
305724
305725
305726
305727
305728
305729
305730
305731
305732
305733
305734
305735
305736
305737
305738
305739
305740
305741
305742
305743
305744
305745
305746
305747
305748
305749
305750
305751
305752
305753
305754
305755
305756
305757
305758
305759
305760
305761
305762
305763
305764
305765
305766
305767
305768
305769
305770
305771
305772
305773
305774
305775
305776
305777
305778
305779
305780
305781
305782
305783
305784
305785
305786
305787
305788
305789
305790
305791
305792
305793
305794
305795
305796
305797
305798
305799
305800
305801
305802
305803
305804
305805
305806
305807
305808
305809
305810
305811
305812
305813
305814
305815
305816
305817
305818
305819
305820
305821
305822
305823
305824
305825
305826
305827
305828
305829
305830
305831
305832
305833
305834
305835
305836
305837
305838
305839
305840
305841
305842
305843
305844
305845
305846
305847
305848
305849
305850
305851
305852
305853
305854
305855
305856
305857
305858
305859
305860
305861
305862
305863
305864
305865
305866
305867
305868
305869
305870
305871
305872
305873
305874
305875
305876
305877
305878
305879
305880
305881
305882
305883
305884
305885
305886
305887
305888
305889
305890
305891
305892
305893
305894
305895
305896
305897
305898
305899
305900
305901
305902
305903
305904
305905
305906
305907
305908
305909
305910
305911
305912
305913
305914
305915
305916
305917
305918
305919
305920
305921
305922
305923
305924
305925
305926
305927
305928
305929
305930
305931
305932
305933
305934
305935
305936
306180
306181
306182
306183
306184
306185
306186
306187
306188
306189
306190
306191
306192
306193
306194
306195
306196
306197
306198
306199
306200
306201
306202
306203
306204
306205
306206
306207
306208
306209
306210
306211
306212
306213
306214
306215
306216
306217
306218
306219
306220
306221
306222
306223
306224
306225
306226
306227
306228
306229
306230
306231
306232
306233
306234
306235
306236
306237
306238
306239
306240
306241
306242
306243
306244
306245
306246
306247
306248
306249
306250
306251
306252
306253
306254
306255
306256
306257
306258
306259
306260
306261
306262
306263
306264
306265
306266
306267
306268
306269
306270
306271
306272
306273
306274
306275
306276
306277
306278
306279
306280
306281
306282
306283
306284
306285
306286
306287
306288
306289
306290
306291
306292
306293
306294
306295
306296
306297
306298
306299
306300
306301
306302
306303
306304
306305
306306
306307
306308
306309
306310
306311
306312
306313
306314
306315
306316
306317
306318
306319
306320
306321
306322
306323
306324
306325
306326
306327
306328
306329
306330
306331
306332
306333
306334
306335
306336
306337
306338
306339
306340
306341
306342
306343
306344
306345
306346
306347
306348
306349
306350
306351
306352
306353
306354
306355
306356
306357
306358
306359
306360
306361
306362
306363
306364
306365
306366
306367
306368
306369
306370
306371
306372
306373
306374
306375
306376
306377
306378
306379
306380
306381
306382
306383
306384
306385
306386
306387
306388
306389
306390
306391
306392
306393
306394
306395
306396
306397
306398
306399
306400
306401
306402
306403
306404
306405
306406
306407
306408
306409
306410
306411
306412
306413
306414
306415
306416
306417
306418
306419
306420
306421
306422
306423
306424
306425
306426
306427
306428
306429
306430
306431
306432
306433
306434
306435
306436
306437
306438
306439
306440
306441
306442
306443
306444
306445
306446
306447
306448
306449
306450
306451
306452
306453
306454
306455
306456
306457
306458
306459
306460
306461
306462
306463
306464
306465
306466
306467
306468
306469
306470
306471
306472
306473
306474
306475
306476
306477
306478
306479
306480
306481
306482
306483
306484
306485
306486
306487
306488
306489
306490
306491
306492
306493
306494
306495
306496
306497
306498
306499
306500
306501
306502
306503
306504
306505
306506
306507
306508
306509
306510
306511
306512
306513
306514
306515
306516
306517
306518
306519
306520
306521
306522
306523
306524
306525
306526
306527
306528
306529
306530
306531
306532
306533
306534
306535
306536
306537
306538
306539
306540
306541
306542
306543
306544
306545
306546
306547
306548
306549
306550
306551
306552
306553
306554
306555
306556
306557
306558
306559
306560
306561
306562
306563
306564
306565
306566
306567
306568
306569
306570
306571
306572
306573
306574
306575
306576
306577
306578
306579
306580
306581
306582
306583
306584
306828
306829
306830
306831
306832
306833
306834
306835
306836
306837
306838
306839
306840
306841
306842
306843
306844
306845
306846
306847
306848
306849
306850
306851
306852
306853
306854
306855
306856
306857
306858
306859
306860
306861
306862
306863
306864
306865
306866
306867
306868
306869
306870
306871
306872
306873
306874
306875
306876
306877
306878
306879
306880
306881
306882
306883
306884
306885
306886
306887
306888
306889
306890
306891
306892
306893
306894
306895
306896
306897
306898
306899
306900
306901
306902
306903
306904
306905
306906
306907
306908
306909
306910
306911
306912
306913
306914
306915
306916
306917
306918
306919
306920
306921
306922
306923
306924
306925
306926
306927
306928
306929
306930
306931
306932
306933
306934
306935
306936
306937
306938
306939
306940
306941
306942
306943
306944
306945
306946
306947
306948
306949
306950
306951
306952
306953
306954
306955
306956
306957
306958
306959
306960
306961
306962
306963
306964
306965
306966
306967
306968
306969
306970
306971
306972
306973
306974
306975
306976
306977
306978
306979
306980
306981
306982
306983
306984
306985
306986
306987
306988
306989
306990
306991
306992
306993
306994
306995
306996
306997
306998
306999
307000
307001
307002
307003
307004
307005
307006
307007
307008
307009
307010
307011
307012
307013
307014
307015
307016
307017
307018
307019
307020
307021
307022
307023
307024
307025
307026
307027
307028
307029
307030
307031
307032
307033
307034
307035
307036
307037
307038
307039
307040
307041
307042
307043
307044
307045
307046
307047
307048
307049
307050
307051
307052
307053
307054
307055
307056
307057
307058
307059
307060
307061
307062
307063
307064
307065
307066
307067
307068
307069
307070
307071
307072
307073
307074
307075
307076
307077
307078
307079
307080
307081
307082
307083
307084
307085
307086
307087
307088
307089
307090
307091
307092
307093
307094
307095
307096
307097
307098
307099
307100
307101
307102
307103
307104
307105
307106
307107
307108
307109
307110
307111
307112
307113
307114
307115
307116
307117
307118
307119
307120
307121
307122
307123
307124
307125
307126
307127
307128
307129
307130
307131
307132
307133
307134
307135
307136
307137
307138
307139
307140
307141
307142
307143
307144
307145
307146
307147
307148
307149
307150
307151
307152
307153
307154
307155
307156
307157
307158
307159
307160
307161
307162
307163
307164
307165
307166
307167
307168
307169
307170
307171
307172
307173
307174
307175
307176
307177
307178
307179
307180
307181
307182
307183
307184
307185
307186
307187
307188
307189
307190
307191
307192
307193
307194
307195
307196
307197
307198
307199
307200
307201
307202
307203
307204
307205
307206
307207
307208
307209
307210
307211
307212
307213
307214
307215
307216
307217
307218
307219
307220
307221
307222
307223
307224
307225
307226
307227
307228
307229
307230
307231
307232
307476
307477
307478
307479
307480
307481
307482
307483
307484
307485
307486
307487
307488
307489
307490
307491
307492
307493
307494
307495
307496
307497
307498
307499
307500
307501
307502
307503
307504
307505
307506
307507
307508
307509
307510
307511
307512
307513
307514
307515
307516
307517
307518
307519
307520
307521
307522
307523
307524
307525
307526
307527
307528
307529
307530
307531
307532
307533
307534
307535
307536
307537
307538
307539
307540
307541
307542
307543
307544
307545
307546
307547
307548
307549
307550
307551
307552
307553
307554
307555
307556
307557
307558
307559
307560
307561
307562
307563
307564
307565
307566
307567
307568
307569
307570
307571
307572
307573
307574
307575
307576
307577
307578
307579
307580
307581
307582
307583
307584
307585
307586
307587
307588
307589
307590
307591
307592
307593
307594
307595
307596
307597
307598
307599
307600
307601
307602
307603
307604
307605
307606
307607
307608
307609
307610
307611
307612
307613
307614
307615
307616
307617
307618
307619
307620
307621
307622
307623
307624
307625
307626
307627
307628
307629
307630
307631
307632
307633
307634
307635
307636
307637
307638
307639
307640
307641
307642
307643
307644
307645
307646
307647
307648
307649
307650
307651
307652
307653
307654
307655
307656
307657
307658
307659
307660
307661
307662
307663
307664
307665
307666
307667
307668
307669
307670
307671
307672
307673
307674
307675
307676
307677
307678
307679
307680
307681
307682
307683
307684
307685
307686
307687
307688
307689
307690
307691
307692
307693
307694
307695
307696
307697
307698
307699
307700
307701
307702
307703
307704
307705
307706
307707
307708
307709
307710
307711
307712
307713
307714
307715
307716
307717
307718
307719
307720
307721
307722
307723
307724
307725
307726
307727
307728
307729
307730
307731
307732
307733
307734
307735
307736
307737
307738
307739
307740
307741
307742
307743
307744
307745
307746
307747
307748
307749
307750
307751
307752
307753
307754
307755
307756
307757
307758
307759
307760
307761
307762
307763
307764
307765
307766
307767
307768
307769
307770
307771
307772
307773
307774
307775
307776
307777
307778
307779
307780
307781
307782
307783
307784
307785
307786
307787
307788
307789
307790
307791
307792
307793
307794
307795
307796
307797
307798
307799
307800
307801
307802
307803
307804
307805
307806
307807
307808
307809
307810
307811
307812
307813
307814
307815
307816
307817
307818
307819
307820
307821
307822
307823
307824
307825
307826
307827
307828
307829
307830
307831
307832
307833
307834
307835
307836
307837
307838
307839
307840
307841
307842
307843
307844
307845
307846
307847
307848
307849
307850
307851
307852
307853
307854
307855
307856
307857
307858
307859
307860
307861
307862
307863
307864
307865
307866
307867
307868
307869
307870
307871
307872
307873
307874
307875
307876
307877
307878
307879
307880
308124
308125
308126
308127
308128
308129
308130
308131
308132
308133
308134
308135
308136
308137
308138
308139
308140
308141
308142
308143
308144
308145
308146
308147
308148
308149
308150
308151
308152
308153
308154
308155
308156
308157
308158
308159
308160
308161
308162
308163
308164
308165
308166
308167
308168
308169
308170
308171
308172
308173
308174
308175
308176
308177
308178
308179
308180
308181
308182
308183
308184
308185
308186
308187
308188
308189
308190
308191
308192
308193
308194
308195
308196
308197
308198
308199
308200
308201
308202
308203
308204
308205
308206
308207
308208
308209
308210
308211
308212
308213
308214
308215
308216
308217
308218
308219
308220
308221
308222
308223
308224
308225
308226
308227
308228
308229
308230
308231
308232
308233
308234
308235
308236
308237
308238
308239
308240
308241
308242
308243
308244
308245
308246
308247
308248
308249
308250
308251
308252
308253
308254
308255
308256
308257
308258
308259
308260
308261
308262
308263
308264
308265
308266
308267
308268
308269
308270
308271
308272
308273
308274
308275
308276
308277
308278
308279
308280
308281
308282
308283
308284
308285
308286
308287
308288
308289
308290
308291
308292
308293
308294
308295
308296
308297
308298
308299
308300
308301
308302
308303
308304
308305
308306
308307
308308
308309
308310
308311
308312
308313
308314
308315
308316
308317
308318
308319
308320
308321
308322
308323
308324
308325
308326
308327
308328
308329
308330
308331
308332
308333
308334
308335
308336
308337
308338
308339
308340
308341
308342
308343
308344
308345
308346
308347
308348
308349
308350
308351
308352
308353
308354
308355
308356
308357
308358
308359
308360
308361
308362
308363
308364
308365
308366
308367
308368
308369
308370
308371
308372
308373
308374
308375
308376
308377
308378
308379
308380
308381
308382
308383
308384
308385
308386
308387
308388
308389
308390
308391
308392
308393
308394
308395
308396
308397
308398
308399
308400
308401
308402
308403
308404
308405
308406
308407
308408
308409
308410
308411
308412
308413
308414
308415
308416
308417
308418
308419
308420
308421
308422
308423
308424
308425
308426
308427
308428
308429
308430
308431
308432
308433
308434
308435
308436
308437
308438
308439
308440
308441
308442
308443
308444
308445
308446
308447
308448
308449
308450
308451
308452
308453
308454
308455
308456
308457
308458
308459
308460
308461
308462
308463
308464
308465
308466
308467
308468
308469
308470
308471
308472
308473
308474
308475
308476
308477
308478
308479
308480
308481
308482
308483
308484
308485
308486
308487
308488
308489
308490
308491
308492
308493
308494
308495
308496
308497
308498
308499
308500
308501
308502
308503
308504
308505
308506
308507
308508
308509
308510
308511
308512
308513
308514
308515
308516
308517
308518
308519
308520
308521
308522
308523
308524
308525
308526
308527
308528
308772
308773
308774
308775
308776
308777
308778
308779
308780
308781
308782
308783
308784
308785
308786
308787
308788
308789
308790
308791
308792
308793
308794
308795
308796
308797
308798
308799
308800
308801
308802
308803
308804
308805
308806
308807
308808
308809
308810
308811
308812
308813
308814
308815
308816
308817
308818
308819
308820
308821
308822
308823
308824
308825
308826
308827
308828
308829
308830
308831
308832
308833
308834
308835
308836
308837
308838
308839
308840
308841
308842
308843
308844
308845
308846
308847
308848
308849
308850
308851
308852
308853
308854
308855
308856
308857
308858
308859
308860
308861
308862
308863
308864
308865
308866
308867
308868
308869
308870
308871
308872
308873
308874
308875
308876
308877
308878
308879
308880
308881
308882
308883
308884
308885
308886
308887
308888
308889
308890
308891
308892
308893
308894
308895
308896
308897
308898
308899
308900
308901
308902
308903
308904
308905
308906
308907
308908
308909
308910
308911
308912
308913
308914
308915
308916
308917
308918
308919
308920
308921
308922
308923
308924
308925
308926
308927
308928
308929
308930
308931
308932
308933
308934
308935
308936
308937
308938
308939
308940
308941
308942
308943
308944
308945
308946
308947
308948
308949
308950
308951
308952
308953
308954
308955
308956
308957
308958
308959
308960
308961
308962
308963
308964
308965
308966
308967
308968
308969
308970
308971
308972
308973
308974
308975
308976
308977
308978
308979
308980
308981
308982
308983
308984
308985
308986
308987
308988
308989
308990
308991
308992
308993
308994
308995
308996
308997
308998
308999
309000
309001
309002
309003
309004
309005
309006
309007
309008
309009
309010
309011
309012
309013
309014
309015
309016
309017
309018
309019
309020
309021
309022
309023
309024
309025
309026
309027
309028
309029
309030
309031
309032
309033
309034
309035
309036
309037
309038
309039
309040
309041
309042
309043
309044
309045
309046
309047
309048
309049
309050
309051
309052
309053
309054
309055
309056
309057
309058
309059
309060
309061
309062
309063
309064
309065
309066
309067
309068
309069
309070
309071
309072
309073
309074
309075
309076
309077
309078
309079
309080
309081
309082
309083
309084
309085
309086
309087
309088
309089
309090
309091
309092
309093
309094
309095
309096
309097
309098
309099
309100
309101
309102
309103
309104
309105
309106
309107
309108
309109
309110
309111
309112
309113
309114
309115
309116
309117
309118
309119
309120
309121
309122
309123
309124
309125
309126
309127
309128
309129
309130
309131
309132
309133
309134
309135
309136
309137
309138
309139
309140
309141
309142
309143
309144
309145
309146
309147
309148
309149
309150
309151
309152
309153
309154
309155
309156
309157
309158
309159
309160
309161
309162
309163
309164
309165
309166
309167
309168
309169
309170
309171
309172
309173
309174
309175
309176
309420
309421
309422
309423
309424
309425
309426
309427
309428
309429
309430
309431
309432
309433
309434
309435
309436
309437
309438
309439
309440
309441
309442
309443
309444
309445
309446
309447
309448
309449
309450
309451
309452
309453
309454
309455
309456
309457
309458
309459
309460
309461
309462
309463
309464
309465
309466
309467
309468
309469
309470
309471
309472
309473
309474
309475
309476
309477
309478
309479
309480
309481
309482
309483
309484
309485
309486
309487
309488
309489
309490
309491
309492
309493
309494
309495
309496
309497
309498
309499
309500
309501
309502
309503
309504
309505
309506
309507
309508
309509
309510
309511
309512
309513
309514
309515
309516
309517
309518
309519
309520
309521
309522
309523
309524
309525
309526
309527
309528
309529
309530
309531
309532
309533
309534
309535
309536
309537
309538
309539
309540
309541
309542
309543
309544
309545
309546
309547
309548
309549
309550
309551
309552
309553
309554
309555
309556
309557
309558
309559
309560
309561
309562
309563
309564
309565
309566
309567
309568
309569
309570
309571
309572
309573
309574
309575
309576
309577
309578
309579
309580
309581
309582
309583
309584
309585
309586
309587
309588
309589
309590
309591
309592
309593
309594
309595
309596
309597
309598
309599
309600
309601
309602
309603
309604
309605
309606
309607
309608
309609
309610
309611
309612
309613
309614
309615
309616
309617
309618
309619
309620
309621
309622
309623
309624
309625
309626
309627
309628
309629
309630
309631
309632
309633
309634
309635
309636
309637
309638
309639
309640
309641
309642
309643
309644
309645
309646
309647
309648
309649
309650
309651
309652
309653
309654
309655
309656
309657
309658
309659
309660
309661
309662
309663
309664
309665
309666
309667
309668
309669
309670
309671
309672
309673
309674
309675
309676
309677
309678
309679
309680
309681
309682
309683
309684
309685
309686
309687
309688
309689
309690
309691
309692
309693
309694
309695
309696
309697
309698
309699
309700
309701
309702
309703
309704
309705
309706
309707
309708
309709
309710
309711
309712
309713
309714
309715
309716
309717
309718
309719
309720
309721
309722
309723
309724
309725
309726
309727
309728
309729
309730
309731
309732
309733
309734
309735
309736
309737
309738
309739
309740
309741
309742
309743
309744
309745
309746
309747
309748
309749
309750
309751
309752
309753
309754
309755
309756
309757
309758
309759
309760
309761
309762
309763
309764
309765
309766
309767
309768
309769
309770
309771
309772
309773
309774
309775
309776
309777
309778
309779
309780
309781
309782
309783
309784
309785
309786
309787
309788
309789
309790
309791
309792
309793
309794
309795
309796
309797
309798
309799
309800
309801
309802
309803
309804
309805
309806
309807
309808
309809
309810
309811
309812
309813
309814
309815
309816
309817
309818
309819
309820
309821
309822
309823
309824
310068
310069
310070
310071
310072
310073
310074
310075
310076
310077
310078
310079
310080
310081
310082
310083
310084
310085
310086
310087
310088
310089
310090
310091
310092
310093
310094
310095
310096
310097
310098
310099
310100
310101
310102
310103
310104
310105
310106
310107
310108
310109
310110
310111
310112
310113
310114
310115
310116
310117
310118
310119
310120
310121
310122
310123
310124
310125
310126
310127
310128
310129
310130
310131
310132
310133
310134
310135
310136
310137
310138
310139
310140
310141
310142
310143
310144
310145
310146
310147
310148
310149
310150
310151
310152
310153
310154
310155
310156
310157
310158
310159
310160
310161
310162
310163
310164
310165
310166
310167
310168
310169
310170
310171
310172
310173
310174
310175
310176
310177
310178
310179
310180
310181
310182
310183
310184
310185
310186
310187
310188
310189
310190
310191
310192
310193
310194
310195
310196
310197
310198
310199
310200
310201
310202
310203
310204
310205
310206
310207
310208
310209
310210
310211
310212
310213
310214
310215
310216
310217
310218
310219
310220
310221
310222
310223
310224
310225
310226
310227
310228
310229
310230
310231
310232
310233
310234
310235
310236
310237
310238
310239
310240
310241
310242
310243
310244
310245
310246
310247
310248
310249
310250
310251
310252
310253
310254
310255
310256
310257
310258
310259
310260
310261
310262
310263
310264
310265
310266
310267
310268
310269
310270
310271
310272
310273
310274
310275
310276
310277
310278
310279
310280
310281
310282
310283
310284
310285
310286
310287
310288
310289
310290
310291
310292
310293
310294
310295
310296
310297
310298
310299
310300
310301
310302
310303
310304
310305
310306
310307
310308
310309
310310
310311
310312
310313
310314
310315
310316
310317
310318
310319
310320
310321
310322
310323
310324
310325
310326
310327
310328
310329
310330
310331
310332
310333
310334
310335
310336
310337
310338
310339
310340
310341
310342
310343
310344
310345
310346
310347
310348
310349
310350
310351
310352
310353
310354
310355
310356
310357
310358
310359
310360
310361
310362
310363
310364
310365
310366
310367
310368
310369
310370
310371
310372
310373
310374
310375
310376
310377
310378
310379
310380
310381
310382
310383
310384
310385
310386
310387
310388
310389
310390
310391
310392
310393
310394
310395
310396
310397
310398
310399
310400
310401
310402
310403
310404
310405
310406
310407
310408
310409
310410
310411
310412
310413
310414
310415
310416
310417
310418
310419
310420
310421
310422
310423
310424
310425
310426
310427
310428
310429
310430
310431
310432
310433
310434
310435
310436
310437
310438
310439
310440
310441
310442
310443
310444
310445
310446
310447
310448
310449
310450
310451
310452
310453
310454
310455
310456
310457
310458
310459
310460
310461
310462
310463
310464
310465
310466
310467
310468
310469
310470
310471
310472
310716
310717
310718
310719
310720
310721
310722
310723
310724
310725
310726
310727
310728
310729
310730
310731
310732
310733
310734
310735
310736
310737
310738
310739
310740
310741
310742
310743
310744
310745
310746
310747
310748
310749
310750
310751
310752
310753
310754
310755
310756
310757
310758
310759
310760
310761
310762
310763
310764
310765
310766
310767
310768
310769
310770
310771
310772
310773
310774
310775
310776
310777
310778
310779
310780
310781
310782
310783
310784
310785
310786
310787
310788
310789
310790
310791
310792
310793
310794
310795
310796
310797
310798
310799
310800
310801
310802
310803
310804
310805
310806
310807
310808
310809
310810
310811
310812
310813
310814
310815
310816
310817
310818
310819
310820
310821
310822
310823
310824
310825
310826
310827
310828
310829
310830
310831
310832
310833
310834
310835
310836
310837
310838
310839
310840
310841
310842
310843
310844
310845
310846
310847
310848
310849
310850
310851
310852
310853
310854
310855
310856
310857
310858
310859
310860
310861
310862
310863
310864
310865
310866
310867
310868
310869
310870
310871
310872
310873
310874
310875
310876
310877
310878
310879
310880
310881
310882
310883
310884
310885
310886
310887
310888
310889
310890
310891
310892
310893
310894
310895
310896
310897
310898
310899
310900
310901
310902
310903
310904
310905
310906
310907
310908
310909
310910
310911
310912
310913
310914
310915
310916
310917
310918
310919
310920
310921
310922
310923
310924
310925
310926
310927
310928
310929
310930
310931
310932
310933
310934
310935
310936
310937
310938
310939
310940
310941
310942
310943
310944
310945
310946
310947
310948
310949
310950
310951
310952
310953
310954
310955
310956
310957
310958
310959
310960
310961
310962
310963
310964
310965
310966
310967
310968
310969
310970
310971
310972
310973
310974
310975
310976
310977
310978
310979
310980
310981
310982
310983
310984
310985
310986
310987
310988
310989
310990
310991
310992
310993
310994
310995
310996
310997
310998
310999
311000
311001
311002
311003
311004
311005
311006
311007
311008
311009
311010
311011
311012
311013
311014
311015
311016
311017
311018
311019
311020
311021
311022
311023
311024
311025
311026
311027
311028
311029
311030
311031
311032
311033
311034
311035
311036
311037
311038
311039
311040
311041
311042
311043
311044
311045
311046
311047
311048
311049
311050
311051
311052
311053
311054
311055
311056
311057
311058
311059
311060
311061
311062
311063
311064
311065
311066
311067
311068
311069
311070
311071
311072
311073
311074
311075
311076
311077
311078
311079
311080
311081
311082
311083
311084
311085
311086
311087
311088
311089
311090
311091
311092
311093
311094
311095
311096
311097
311098
311099
311100
311101
311102
311103
311104
311105
311106
311107
311108
311109
311110
311111
311112
311113
311114
311115
311116
311117
311118
311119
311120
311364
311365
311366
311367
311368
311369
311370
311371
311372
311373
311374
311375
311376
311377
311378
311379
311380
311381
311382
311383
311384
311385
311386
311387
311388
311389
311390
311391
311392
311393
311394
311395
311396
311397
311398
311399
311400
311401
311402
311403
311404
311405
311406
311407
311408
311409
311410
311411
311412
311413
311414
311415
311416
311417
311418
311419
311420
311421
311422
311423
311424
311425
311426
311427
311428
311429
311430
311431
311432
311433
311434
311435
311436
311437
311438
311439
311440
311441
311442
311443
311444
311445
311446
311447
311448
311449
311450
311451
311452
311453
311454
311455
311456
311457
311458
311459
311460
311461
311462
311463
311464
311465
311466
311467
311468
311469
311470
311471
311472
311473
311474
311475
311476
311477
311478
311479
311480
311481
311482
311483
311484
311485
311486
311487
311488
311489
311490
311491
311492
311493
311494
311495
311496
311497
311498
311499
311500
311501
311502
311503
311504
311505
311506
311507
311508
311509
311510
311511
311512
311513
311514
311515
311516
311517
311518
311519
311520
311521
311522
311523
311524
311525
311526
311527
311528
311529
311530
311531
311532
311533
311534
311535
311536
311537
311538
311539
311540
311541
311542
311543
311544
311545
311546
311547
311548
311549
311550
311551
311552
311553
311554
311555
311556
311557
311558
311559
311560
311561
311562
311563
311564
311565
311566
311567
311568
311569
311570
311571
311572
311573
311574
311575
311576
311577
311578
311579
311580
311581
311582
311583
311584
311585
311586
311587
311588
311589
311590
311591
311592
311593
311594
311595
311596
311597
311598
311599
311600
311601
311602
311603
311604
311605
311606
311607
311608
311609
311610
311611
311612
311613
311614
311615
311616
311617
311618
311619
311620
311621
311622
311623
311624
311625
311626
311627
311628
311629
311630
311631
311632
311633
311634
311635
311636
311637
311638
311639
311640
311641
311642
311643
311644
311645
311646
311647
311648
311649
311650
311651
311652
311653
311654
311655
311656
311657
311658
311659
311660
311661
311662
311663
311664
311665
311666
311667
311668
311669
311670
311671
311672
311673
311674
311675
311676
311677
311678
311679
311680
311681
311682
311683
311684
311685
311686
311687
311688
311689
311690
311691
311692
311693
311694
311695
311696
311697
311698
311699
311700
311701
311702
311703
311704
311705
311706
311707
311708
311709
311710
311711
311712
311713
311714
311715
311716
311717
311718
311719
311720
311721
311722
311723
311724
311725
311726
311727
311728
311729
311730
311731
311732
311733
311734
311735
311736
311737
311738
311739
311740
311741
311742
311743
311744
311745
311746
311747
311748
311749
311750
311751
311752
311753
311754
311755
311756
311757
311758
311759
311760
311761
311762
311763
311764
311765
311766
311767
311768
312012
312013
312014
312015
312016
312017
312018
312019
312020
312021
312022
312023
312024
312025
312026
312027
312028
312029
312030
312031
312032
312033
312034
312035
312036
312037
312038
312039
312040
312041
312042
312043
312044
312045
312046
312047
312048
312049
312050
312051
312052
312053
312054
312055
312056
312057
312058
312059
312060
312061
312062
312063
312064
312065
312066
312067
312068
312069
312070
312071
312072
312073
312074
312075
312076
312077
312078
312079
312080
312081
312082
312083
312084
312085
312086
312087
312088
312089
312090
312091
312092
312093
312094
312095
312096
312097
312098
312099
312100
312101
312102
312103
312104
312105
312106
312107
312108
312109
312110
312111
312112
312113
312114
312115
312116
312117
312118
312119
312120
312121
312122
312123
312124
312125
312126
312127
312128
312129
312130
312131
312132
312133
312134
312135
312136
312137
312138
312139
312140
312141
312142
312143
312144
312145
312146
312147
312148
312149
312150
312151
312152
312153
312154
312155
312156
312157
312158
312159
312160
312161
312162
312163
312164
312165
312166
312167
312168
312169
312170
312171
312172
312173
312174
312175
312176
312177
312178
312179
312180
312181
312182
312183
312184
312185
312186
312187
312188
312189
312190
312191
312192
312193
312194
312195
312196
312197
312198
312199
312200
312201
312202
312203
312204
312205
312206
312207
312208
312209
312210
312211
312212
312213
312214
312215
312216
312217
312218
312219
312220
312221
312222
312223
312224
312225
312226
312227
312228
312229
312230
312231
312232
312233
312234
312235
312236
312237
312238
312239
312240
312241
312242
312243
312244
312245
312246
312247
312248
312249
312250
312251
312252
312253
312254
312255
312256
312257
312258
312259
312260
312261
312262
312263
312264
312265
312266
312267
312268
312269
312270
312271
312272
312273
312274
312275
312276
312277
312278
312279
312280
312281
312282
312283
312284
312285
312286
312287
312288
312289
312290
312291
312292
312293
312294
312295
312296
312297
312298
312299
312300
312301
312302
312303
312304
312305
312306
312307
312308
312309
312310
312311
312312
312313
312314
312315
312316
312317
312318
312319
312320
312321
312322
312323
312324
312325
312326
312327
312328
312329
312330
312331
312332
312333
312334
312335
312336
312337
312338
312339
312340
312341
312342
312343
312344
312345
312346
312347
312348
312349
312350
312351
312352
312353
312354
312355
312356
312357
312358
312359
312360
312361
312362
312363
312364
312365
312366
312367
312368
312369
312370
312371
312372
312373
312374
312375
312376
312377
312378
312379
312380
312381
312382
312383
312384
312385
312386
312387
312388
312389
312390
312391
312392
312393
312394
312395
312396
312397
312398
312399
312400
312401
312402
312403
312404
312405
312406
312407
312408
312409
312410
312411
312412
312413
312414
312415
312416
312660
312661
312662
312663
312664
312665
312666
312667
312668
312669
312670
312671
312672
312673
312674
312675
312676
312677
312678
312679
312680
312681
312682
312683
312684
312685
312686
312687
312688
312689
312690
312691
312692
312693
312694
312695
312696
312697
312698
312699
312700
312701
312702
312703
312704
312705
312706
312707
312708
312709
312710
312711
312712
312713
312714
312715
312716
312717
312718
312719
312720
312721
312722
312723
312724
312725
312726
312727
312728
312729
312730
312731
312732
312733
312734
312735
312736
312737
312738
312739
312740
312741
312742
312743
312744
312745
312746
312747
312748
312749
312750
312751
312752
312753
312754
312755
312756
312757
312758
312759
312760
312761
312762
312763
312764
312765
312766
312767
312768
312769
312770
312771
312772
312773
312774
312775
312776
312777
312778
312779
312780
312781
312782
312783
312784
312785
312786
312787
312788
312789
312790
312791
312792
312793
312794
312795
312796
312797
312798
312799
312800
312801
312802
312803
312804
312805
312806
312807
312808
312809
312810
312811
312812
312813
312814
312815
312816
312817
312818
312819
312820
312821
312822
312823
312824
312825
312826
312827
312828
312829
312830
312831
312832
312833
312834
312835
312836
312837
312838
312839
312840
312841
312842
312843
312844
312845
312846
312847
312848
312849
312850
312851
312852
312853
312854
312855
312856
312857
312858
312859
312860
312861
312862
312863
312864
312865
312866
312867
312868
312869
312870
312871
312872
312873
312874
312875
312876
312877
312878
312879
312880
312881
312882
312883
312884
312885
312886
312887
312888
312889
312890
312891
312892
312893
312894
312895
312896
312897
312898
312899
312900
312901
312902
312903
312904
312905
312906
312907
312908
312909
312910
312911
312912
312913
312914
312915
312916
312917
312918
312919
312920
312921
312922
312923
312924
312925
312926
312927
312928
312929
312930
312931
312932
312933
312934
312935
312936
312937
312938
312939
312940
312941
312942
312943
312944
312945
312946
312947
312948
312949
312950
312951
312952
312953
312954
312955
312956
312957
312958
312959
312960
312961
312962
312963
312964
312965
312966
312967
312968
312969
312970
312971
312972
312973
312974
312975
312976
312977
312978
312979
312980
312981
312982
312983
312984
312985
312986
312987
312988
312989
312990
312991
312992
312993
312994
312995
312996
312997
312998
312999
313000
313001
313002
313003
313004
313005
313006
313007
313008
313009
313010
313011
313012
313013
313014
313015
313016
313017
313018
313019
313020
313021
313022
313023
313024
313025
313026
313027
313028
313029
313030
313031
313032
313033
313034
313035
313036
313037
313038
313039
313040
313041
313042
313043
313044
313045
313046
313047
313048
313049
313050
313051
313052
313053
313054
313055
313056
313057
313058
313059
313060
313061
313062
313063
313064
313308
313309
313310
313311
313312
313313
313314
313315
313316
313317
313318
313319
313320
313321
313322
313323
313324
313325
313326
313327
313328
313329
313330
313331
313332
313333
313334
313335
313336
313337
313338
313339
313340
313341
313342
313343
313344
313345
313346
313347
313348
313349
313350
313351
313352
313353
313354
313355
313356
313357
313358
313359
313360
313361
313362
313363
313364
313365
313366
313367
313368
313369
313370
313371
313372
313373
313374
313375
313376
313377
313378
313379
313380
313381
313382
313383
313384
313385
313386
313387
313388
313389
313390
313391
313392
313393
313394
313395
313396
313397
313398
313399
313400
313401
313402
313403
313404
313405
313406
313407
313408
313409
313410
313411
313412
313413
313414
313415
313416
313417
313418
313419
313420
313421
313422
313423
313424
313425
313426
313427
313428
313429
313430
313431
313432
313433
313434
313435
313436
313437
313438
313439
313440
313441
313442
313443
313444
313445
313446
313447
313448
313449
313450
313451
313452
313453
313454
313455
313456
313457
313458
313459
313460
313461
313462
313463
313464
313465
313466
313467
313468
313469
313470
313471
313472
313473
313474
313475
313476
313477
313478
313479
313480
313481
313482
313483
313484
313485
313486
313487
313488
313489
313490
313491
313492
313493
313494
313495
313496
313497
313498
313499
313500
313501
313502
313503
313504
313505
313506
313507
313508
313509
313510
313511
313512
313513
313514
313515
313516
313517
313518
313519
313520
313521
313522
313523
313524
313525
313526
313527
313528
313529
313530
313531
313532
313533
313534
313535
313536
313537
313538
313539
313540
313541
313542
313543
313544
313545
313546
313547
313548
313549
313550
313551
313552
313553
313554
313555
313556
313557
313558
313559
313560
313561
313562
313563
313564
313565
313566
313567
313568
313569
313570
313571
313572
313573
313574
313575
313576
313577
313578
313579
313580
313581
313582
313583
313584
313585
313586
313587
313588
313589
313590
313591
313592
313593
313594
313595
313596
313597
313598
313599
313600
313601
313602
313603
313604
313605
313606
313607
313608
313609
313610
313611
313612
313613
313614
313615
313616
313617
313618
313619
313620
313621
313622
313623
313624
313625
313626
313627
313628
313629
313630
313631
313632
313633
313634
313635
313636
313637
313638
313639
313640
313641
313642
313643
313644
313645
313646
313647
313648
313649
313650
313651
313652
313653
313654
313655
313656
313657
313658
313659
313660
313661
313662
313663
313664
313665
313666
313667
313668
313669
313670
313671
313672
313673
313674
313675
313676
313677
313678
313679
313680
313681
313682
313683
313684
313685
313686
313687
313688
313689
313690
313691
313692
313693
313694
313695
313696
313697
313698
313699
313700
313701
313702
313703
313704
313705
313706
313707
313708
313709
313710
313711
313712
313956
313957
313958
313959
313960
313961
313962
313963
313964
313965
313966
313967
313968
313969
313970
313971
313972
313973
313974
313975
313976
313977
313978
313979
313980
313981
313982
313983
313984
313985
313986
313987
313988
313989
313990
313991
313992
313993
313994
313995
313996
313997
313998
313999
314000
314001
314002
314003
314004
314005
314006
314007
314008
314009
314010
314011
314012
314013
314014
314015
314016
314017
314018
314019
314020
314021
314022
314023
314024
314025
314026
314027
314028
314029
314030
314031
314032
314033
314034
314035
314036
314037
314038
314039
314040
314041
314042
314043
314044
314045
314046
314047
314048
314049
314050
314051
314052
314053
314054
314055
314056
314057
314058
314059
314060
314061
314062
314063
314064
314065
314066
314067
314068
314069
314070
314071
314072
314073
314074
314075
314076
314077
314078
314079
314080
314081
314082
314083
314084
314085
314086
314087
314088
314089
314090
314091
314092
314093
314094
314095
314096
314097
314098
314099
314100
314101
314102
314103
314104
314105
314106
314107
314108
314109
314110
314111
314112
314113
314114
314115
314116
314117
314118
314119
314120
314121
314122
314123
314124
314125
314126
314127
314128
314129
314130
314131
314132
314133
314134
314135
314136
314137
314138
314139
314140
314141
314142
314143
314144
314145
314146
314147
314148
314149
314150
314151
314152
314153
314154
314155
314156
314157
314158
314159
314160
314161
314162
314163
314164
314165
314166
314167
314168
314169
314170
314171
314172
314173
314174
314175
314176
314177
314178
314179
314180
314181
314182
314183
314184
314185
314186
314187
314188
314189
314190
314191
314192
314193
314194
314195
314196
314197
314198
314199
314200
314201
314202
314203
314204
314205
314206
314207
314208
314209
314210
314211
314212
314213
314214
314215
314216
314217
314218
314219
314220
314221
314222
314223
314224
314225
314226
314227
314228
314229
314230
314231
314232
314233
314234
314235
314236
314237
314238
314239
314240
314241
314242
314243
314244
314245
314246
314247
314248
314249
314250
314251
314252
314253
314254
314255
314256
314257
314258
314259
314260
314261
314262
314263
314264
314265
314266
314267
314268
314269
314270
314271
314272
314273
314274
314275
314276
314277
314278
314279
314280
314281
314282
314283
314284
314285
314286
314287
314288
314289
314290
314291
314292
314293
314294
314295
314296
314297
314298
314299
314300
314301
314302
314303
314304
314305
314306
314307
314308
314309
314310
314311
314312
314313
314314
314315
314316
314317
314318
314319
314320
314321
314322
314323
314324
314325
314326
314327
314328
314329
314330
314331
314332
314333
314334
314335
314336
314337
314338
314339
314340
314341
314342
314343
314344
314345
314346
314347
314348
314349
314350
314351
314352
314353
314354
314355
314356
314357
314358
314359
314360
314604
314605
314606
314607
314608
314609
314610
314611
314612
314613
314614
314615
314616
314617
314618
314619
314620
314621
314622
314623
314624
314625
314626
314627
314628
314629
314630
314631
314632
314633
314634
314635
314636
314637
314638
314639
314640
314641
314642
314643
314644
314645
314646
314647
314648
314649
314650
314651
314652
314653
314654
314655
314656
314657
314658
314659
314660
314661
314662
314663
314664
314665
314666
314667
314668
314669
314670
314671
314672
314673
314674
314675
314676
314677
314678
314679
314680
314681
314682
314683
314684
314685
314686
314687
314688
314689
314690
314691
314692
314693
314694
314695
314696
314697
314698
314699
314700
314701
314702
314703
314704
314705
314706
314707
314708
314709
314710
314711
314712
314713
314714
314715
314716
314717
314718
314719
314720
314721
314722
314723
314724
314725
314726
314727
314728
314729
314730
314731
314732
314733
314734
314735
314736
314737
314738
314739
314740
314741
314742
314743
314744
314745
314746
314747
314748
314749
314750
314751
314752
314753
314754
314755
314756
314757
314758
314759
314760
314761
314762
314763
314764
314765
314766
314767
314768
314769
314770
314771
314772
314773
314774
314775
314776
314777
314778
314779
314780
314781
314782
314783
314784
314785
314786
314787
314788
314789
314790
314791
314792
314793
314794
314795
314796
314797
314798
314799
314800
314801
314802
314803
314804
314805
314806
314807
314808
314809
314810
314811
314812
314813
314814
314815
314816
314817
314818
314819
314820
314821
314822
314823
314824
314825
314826
314827
314828
314829
314830
314831
314832
314833
314834
314835
314836
314837
314838
314839
314840
314841
314842
314843
314844
314845
314846
314847
314848
314849
314850
314851
314852
314853
314854
314855
314856
314857
314858
314859
314860
314861
314862
314863
314864
314865
314866
314867
314868
314869
314870
314871
314872
314873
314874
314875
314876
314877
314878
314879
314880
314881
314882
314883
314884
314885
314886
314887
314888
314889
314890
314891
314892
314893
314894
314895
314896
314897
314898
314899
314900
314901
314902
314903
314904
314905
314906
314907
314908
314909
314910
314911
314912
314913
314914
314915
314916
314917
314918
314919
314920
314921
314922
314923
314924
314925
314926
314927
314928
314929
314930
314931
314932
314933
314934
314935
314936
314937
314938
314939
314940
314941
314942
314943
314944
314945
314946
314947
314948
314949
314950
314951
314952
314953
314954
314955
314956
314957
314958
314959
314960
314961
314962
314963
314964
314965
314966
314967
314968
314969
314970
314971
314972
314973
314974
314975
314976
314977
314978
314979
314980
314981
314982
314983
314984
314985
314986
314987
314988
314989
314990
314991
314992
314993
314994
314995
314996
314997
314998
314999
315000
315001
315002
315003
315004
315005
315006
315007
315008
315252
315253
315254
315255
315256
315257
315258
315259
315260
315261
315262
315263
315264
315265
315266
315267
315268
315269
315270
315271
315272
315273
315274
315275
315276
315277
315278
315279
315280
315281
315282
315283
315284
315285
315286
315287
315288
315289
315290
315291
315292
315293
315294
315295
315296
315297
315298
315299
315300
315301
315302
315303
315304
315305
315306
315307
315308
315309
315310
315311
315312
315313
315314
315315
315316
315317
315318
315319
315320
315321
315322
315323
315324
315325
315326
315327
315328
315329
315330
315331
315332
315333
315334
315335
315336
315337
315338
315339
315340
315341
315342
315343
315344
315345
315346
315347
315348
315349
315350
315351
315352
315353
315354
315355
315356
315357
315358
315359
315360
315361
315362
315363
315364
315365
315366
315367
315368
315369
315370
315371
315372
315373
315374
315375
315376
315377
315378
315379
315380
315381
315382
315383
315384
315385
315386
315387
315388
315389
315390
315391
315392
315393
315394
315395
315396
315397
315398
315399
315400
315401
315402
315403
315404
315405
315406
315407
315408
315409
315410
315411
315412
315413
315414
315415
315416
315417
315418
315419
315420
315421
315422
315423
315424
315425
315426
315427
315428
315429
315430
315431
315432
315433
315434
315435
315436
315437
315438
315439
315440
315441
315442
315443
315444
315445
315446
315447
315448
315449
315450
315451
315452
315453
315454
315455
315456
315457
315458
315459
315460
315461
315462
315463
315464
315465
315466
315467
315468
315469
315470
315471
315472
315473
315474
315475
315476
315477
315478
315479
315480
315481
315482
315483
315484
315485
315486
315487
315488
315489
315490
315491
315492
315493
315494
315495
315496
315497
315498
315499
315500
315501
315502
315503
315504
315505
315506
315507
315508
315509
315510
315511
315512
315513
315514
315515
315516
315517
315518
315519
315520
315521
315522
315523
315524
315525
315526
315527
315528
315529
315530
315531
315532
315533
315534
315535
315536
315537
315538
315539
315540
315541
315542
315543
315544
315545
315546
315547
315548
315549
315550
315551
315552
315553
315554
315555
315556
315557
315558
315559
315560
315561
315562
315563
315564
315565
315566
315567
315568
315569
315570
315571
315572
315573
315574
315575
315576
315577
315578
315579
315580
315581
315582
315583
315584
315585
315586
315587
315588
315589
315590
315591
315592
315593
315594
315595
315596
315597
315598
315599
315600
315601
315602
315603
315604
315605
315606
315607
315608
315609
315610
315611
315612
315613
315614
315615
315616
315617
315618
315619
315620
315621
315622
315623
315624
315625
315626
315627
315628
315629
315630
315631
315632
315633
315634
315635
315636
315637
315638
315639
315640
315641
315642
315643
315644
315645
315646
315647
315648
315649
315650
315651
315652
315653
315654
315655
315656
315900
315901
315902
315903
315904
315905
315906
315907
315908
315909
315910
315911
315912
315913
315914
315915
315916
315917
315918
315919
315920
315921
315922
315923
315924
315925
315926
315927
315928
315929
315930
315931
315932
315933
315934
315935
315936
315937
315938
315939
315940
315941
315942
315943
315944
315945
315946
315947
315948
315949
315950
315951
315952
315953
315954
315955
315956
315957
315958
315959
315960
315961
315962
315963
315964
315965
315966
315967
315968
315969
315970
315971
315972
315973
315974
315975
315976
315977
315978
315979
315980
315981
315982
315983
315984
315985
315986
315987
315988
315989
315990
315991
315992
315993
315994
315995
315996
315997
315998
315999
316000
316001
316002
316003
316004
316005
316006
316007
316008
316009
316010
316011
316012
316013
316014
316015
316016
316017
316018
316019
316020
316021
316022
316023
316024
316025
316026
316027
316028
316029
316030
316031
316032
316033
316034
316035
316036
316037
316038
316039
316040
316041
316042
316043
316044
316045
316046
316047
316048
316049
316050
316051
316052
316053
316054
316055
316056
316057
316058
316059
316060
316061
316062
316063
316064
316065
316066
316067
316068
316069
316070
316071
316072
316073
316074
316075
316076
316077
316078
316079
316080
316081
316082
316083
316084
316085
316086
316087
316088
316089
316090
316091
316092
316093
316094
316095
316096
316097
316098
316099
316100
316101
316102
316103
316104
316105
316106
316107
316108
316109
316110
316111
316112
316113
316114
316115
316116
316117
316118
316119
316120
316121
316122
316123
316124
316125
316126
316127
316128
316129
316130
316131
316132
316133
316134
316135
316136
316137
316138
316139
316140
316141
316142
316143
316144
316145
316146
316147
316148
316149
316150
316151
316152
316153
316154
316155
316156
316157
316158
316159
316160
316161
316162
316163
316164
316165
316166
316167
316168
316169
316170
316171
316172
316173
316174
316175
316176
316177
316178
316179
316180
316181
316182
316183
316184
316185
316186
316187
316188
316189
316190
316191
316192
316193
316194
316195
316196
316197
316198
316199
316200
316201
316202
316203
316204
316205
316206
316207
316208
316209
316210
316211
316212
316213
316214
316215
316216
316217
316218
316219
316220
316221
316222
316223
316224
316225
316226
316227
316228
316229
316230
316231
316232
316233
316234
316235
316236
316237
316238
316239
316240
316241
316242
316243
316244
316245
316246
316247
316248
316249
316250
316251
316252
316253
316254
316255
316256
316257
316258
316259
316260
316261
316262
316263
316264
316265
316266
316267
316268
316269
316270
316271
316272
316273
316274
316275
316276
316277
316278
316279
316280
316281
316282
316283
316284
316285
316286
316287
316288
316289
316290
316291
316292
316293
316294
316295
316296
316297
316298
316299
316300
316301
316302
316303
316304
316548
316549
316550
316551
316552
316553
316554
316555
316556
316557
316558
316559
316560
316561
316562
316563
316564
316565
316566
316567
316568
316569
316570
316571
316572
316573
316574
316575
316576
316577
316578
316579
316580
316581
316582
316583
316584
316585
316586
316587
316588
316589
316590
316591
316592
316593
316594
316595
316596
316597
316598
316599
316600
316601
316602
316603
316604
316605
316606
316607
316608
316609
316610
316611
316612
316613
316614
316615
316616
316617
316618
316619
316620
316621
316622
316623
316624
316625
316626
316627
316628
316629
316630
316631
316632
316633
316634
316635
316636
316637
316638
316639
316640
316641
316642
316643
316644
316645
316646
316647
316648
316649
316650
316651
316652
316653
316654
316655
316656
316657
316658
316659
316660
316661
316662
316663
316664
316665
316666
316667
316668
316669
316670
316671
316672
316673
316674
316675
316676
316677
316678
316679
316680
316681
316682
316683
316684
316685
316686
316687
316688
316689
316690
316691
316692
316693
316694
316695
316696
316697
316698
316699
316700
316701
316702
316703
316704
316705
316706
316707
316708
316709
316710
316711
316712
316713
316714
316715
316716
316717
316718
316719
316720
316721
316722
316723
316724
316725
316726
316727
316728
316729
316730
316731
316732
316733
316734
316735
316736
316737
316738
316739
316740
316741
316742
316743
316744
316745
316746
316747
316748
316749
316750
316751
316752
316753
316754
316755
316756
316757
316758
316759
316760
316761
316762
316763
316764
316765
316766
316767
316768
316769
316770
316771
316772
316773
316774
316775
316776
316777
316778
316779
316780
316781
316782
316783
316784
316785
316786
316787
316788
316789
316790
316791
316792
316793
316794
316795
316796
316797
316798
316799
316800
316801
316802
316803
316804
316805
316806
316807
316808
316809
316810
316811
316812
316813
316814
316815
316816
316817
316818
316819
316820
316821
316822
316823
316824
316825
316826
316827
316828
316829
316830
316831
316832
316833
316834
316835
316836
316837
316838
316839
316840
316841
316842
316843
316844
316845
316846
316847
316848
316849
316850
316851
316852
316853
316854
316855
316856
316857
316858
316859
316860
316861
316862
316863
316864
316865
316866
316867
316868
316869
316870
316871
316872
316873
316874
316875
316876
316877
316878
316879
316880
316881
316882
316883
316884
316885
316886
316887
316888
316889
316890
316891
316892
316893
316894
316895
316896
316897
316898
316899
316900
316901
316902
316903
316904
316905
316906
316907
316908
316909
316910
316911
316912
316913
316914
316915
316916
316917
316918
316919
316920
316921
316922
316923
316924
316925
316926
316927
316928
316929
316930
316931
316932
316933
316934
316935
316936
316937
316938
316939
316940
316941
316942
316943
316944
316945
316946
316947
316948
316949
316950
316951
316952
317196
317197
317198
317199
317200
317201
317202
317203
317204
317205
317206
317207
317208
317209
317210
317211
317212
317213
317214
317215
317216
317217
317218
317219
317220
317221
317222
317223
317224
317225
317226
317227
317228
317229
317230
317231
317232
317233
317234
317235
317236
317237
317238
317239
317240
317241
317242
317243
317244
317245
317246
317247
317248
317249
317250
317251
317252
317253
317254
317255
317256
317257
317258
317259
317260
317261
317262
317263
317264
317265
317266
317267
317268
317269
317270
317271
317272
317273
317274
317275
317276
317277
317278
317279
317280
317281
317282
317283
317284
317285
317286
317287
317288
317289
317290
317291
317292
317293
317294
317295
317296
317297
317298
317299
317300
317301
317302
317303
317304
317305
317306
317307
317308
317309
317310
317311
317312
317313
317314
317315
317316
317317
317318
317319
317320
317321
317322
317323
317324
317325
317326
317327
317328
317329
317330
317331
317332
317333
317334
317335
317336
317337
317338
317339
317340
317341
317342
317343
317344
317345
317346
317347
317348
317349
317350
317351
317352
317353
317354
317355
317356
317357
317358
317359
317360
317361
317362
317363
317364
317365
317366
317367
317368
317369
317370
317371
317372
317373
317374
317375
317376
317377
317378
317379
317380
317381
317382
317383
317384
317385
317386
317387
317388
317389
317390
317391
317392
317393
317394
317395
317396
317397
317398
317399
317400
317401
317402
317403
317404
317405
317406
317407
317408
317409
317410
317411
317412
317413
317414
317415
317416
317417
317418
317419
317420
317421
317422
317423
317424
317425
317426
317427
317428
317429
317430
317431
317432
317433
317434
317435
317436
317437
317438
317439
317440
317441
317442
317443
317444
317445
317446
317447
317448
317449
317450
317451
317452
317453
317454
317455
317456
317457
317458
317459
317460
317461
317462
317463
317464
317465
317466
317467
317468
317469
317470
317471
317472
317473
317474
317475
317476
317477
317478
317479
317480
317481
317482
317483
317484
317485
317486
317487
317488
317489
317490
317491
317492
317493
317494
317495
317496
317497
317498
317499
317500
317501
317502
317503
317504
317505
317506
317507
317508
317509
317510
317511
317512
317513
317514
317515
317516
317517
317518
317519
317520
317521
317522
317523
317524
317525
317526
317527
317528
317529
317530
317531
317532
317533
317534
317535
317536
317537
317538
317539
317540
317541
317542
317543
317544
317545
317546
317547
317548
317549
317550
317551
317552
317553
317554
317555
317556
317557
317558
317559
317560
317561
317562
317563
317564
317565
317566
317567
317568
317569
317570
317571
317572
317573
317574
317575
317576
317577
317578
317579
317580
317581
317582
317583
317584
317585
317586
317587
317588
317589
317590
317591
317592
317593
317594
317595
317596
317597
317598
317599
317600
317844
317845
317846
317847
317848
317849
317850
317851
317852
317853
317854
317855
317856
317857
317858
317859
317860
317861
317862
317863
317864
317865
317866
317867
317868
317869
317870
317871
317872
317873
317874
317875
317876
317877
317878
317879
317880
317881
317882
317883
317884
317885
317886
317887
317888
317889
317890
317891
317892
317893
317894
317895
317896
317897
317898
317899
317900
317901
317902
317903
317904
317905
317906
317907
317908
317909
317910
317911
317912
317913
317914
317915
317916
317917
317918
317919
317920
317921
317922
317923
317924
317925
317926
317927
317928
317929
317930
317931
317932
317933
317934
317935
317936
317937
317938
317939
317940
317941
317942
317943
317944
317945
317946
317947
317948
317949
317950
317951
317952
317953
317954
317955
317956
317957
317958
317959
317960
317961
317962
317963
317964
317965
317966
317967
317968
317969
317970
317971
317972
317973
317974
317975
317976
317977
317978
317979
317980
317981
317982
317983
317984
317985
317986
317987
317988
317989
317990
317991
317992
317993
317994
317995
317996
317997
317998
317999
318000
318001
318002
318003
318004
318005
318006
318007
318008
318009
318010
318011
318012
318013
318014
318015
318016
318017
318018
318019
318020
318021
318022
318023
318024
318025
318026
318027
318028
318029
318030
318031
318032
318033
318034
318035
318036
318037
318038
318039
318040
318041
318042
318043
318044
318045
318046
318047
318048
318049
318050
318051
318052
318053
318054
318055
318056
318057
318058
318059
318060
318061
318062
318063
318064
318065
318066
318067
318068
318069
318070
318071
318072
318073
318074
318075
318076
318077
318078
318079
318080
318081
318082
318083
318084
318085
318086
318087
318088
318089
318090
318091
318092
318093
318094
318095
318096
318097
318098
318099
318100
318101
318102
318103
318104
318105
318106
318107
318108
318109
318110
318111
318112
318113
318114
318115
318116
318117
318118
318119
318120
318121
318122
318123
318124
318125
318126
318127
318128
318129
318130
318131
318132
318133
318134
318135
318136
318137
318138
318139
318140
318141
318142
318143
318144
318145
318146
318147
318148
318149
318150
318151
318152
318153
318154
318155
318156
318157
318158
318159
318160
318161
318162
318163
318164
318165
318166
318167
318168
318169
318170
318171
318172
318173
318174
318175
318176
318177
318178
318179
318180
318181
318182
318183
318184
318185
318186
318187
318188
318189
318190
318191
318192
318193
318194
318195
318196
318197
318198
318199
318200
318201
318202
318203
318204
318205
318206
318207
318208
318209
318210
318211
318212
318213
318214
318215
318216
318217
318218
318219
318220
318221
318222
318223
318224
318225
318226
318227
318228
318229
318230
318231
318232
318233
318234
318235
318236
318237
318238
318239
318240
318241
318242
318243
318244
318245
318246
318247
318248
318492
318493
318494
318495
318496
318497
318498
318499
318500
318501
318502
318503
318504
318505
318506
318507
318508
318509
318510
318511
318512
318513
318514
318515
318516
318517
318518
318519
318520
318521
318522
318523
318524
318525
318526
318527
318528
318529
318530
318531
318532
318533
318534
318535
318536
318537
318538
318539
318540
318541
318542
318543
318544
318545
318546
318547
318548
318549
318550
318551
318552
318553
318554
318555
318556
318557
318558
318559
318560
318561
318562
318563
318564
318565
318566
318567
318568
318569
318570
318571
318572
318573
318574
318575
318576
318577
318578
318579
318580
318581
318582
318583
318584
318585
318586
318587
318588
318589
318590
318591
318592
318593
318594
318595
318596
318597
318598
318599
318600
318601
318602
318603
318604
318605
318606
318607
318608
318609
318610
318611
318612
318613
318614
318615
318616
318617
318618
318619
318620
318621
318622
318623
318624
318625
318626
318627
318628
318629
318630
318631
318632
318633
318634
318635
318636
318637
318638
318639
318640
318641
318642
318643
318644
318645
318646
318647
318648
318649
318650
318651
318652
318653
318654
318655
318656
318657
318658
318659
318660
318661
318662
318663
318664
318665
318666
318667
318668
318669
318670
318671
318672
318673
318674
318675
318676
318677
318678
318679
318680
318681
318682
318683
318684
318685
318686
318687
318688
318689
318690
318691
318692
318693
318694
318695
318696
318697
318698
318699
318700
318701
318702
318703
318704
318705
318706
318707
318708
318709
318710
318711
318712
318713
318714
318715
318716
318717
318718
318719
318720
318721
318722
318723
318724
318725
318726
318727
318728
318729
318730
318731
318732
318733
318734
318735
318736
318737
318738
318739
318740
318741
318742
318743
318744
318745
318746
318747
318748
318749
318750
318751
318752
318753
318754
318755
318756
318757
318758
318759
318760
318761
318762
318763
318764
318765
318766
318767
318768
318769
318770
318771
318772
318773
318774
318775
318776
318777
318778
318779
318780
318781
318782
318783
318784
318785
318786
318787
318788
318789
318790
318791
318792
318793
318794
318795
318796
318797
318798
318799
318800
318801
318802
318803
318804
318805
318806
318807
318808
318809
318810
318811
318812
318813
318814
318815
318816
318817
318818
318819
318820
318821
318822
318823
318824
318825
318826
318827
318828
318829
318830
318831
318832
318833
318834
318835
318836
318837
318838
318839
318840
318841
318842
318843
318844
318845
318846
318847
318848
318849
318850
318851
318852
318853
318854
318855
318856
318857
318858
318859
318860
318861
318862
318863
318864
318865
318866
318867
318868
318869
318870
318871
318872
318873
318874
318875
318876
318877
318878
318879
318880
318881
318882
318883
318884
318885
318886
318887
318888
318889
318890
318891
318892
318893
318894
318895
318896
319140
319141
319142
319143
319144
319145
319146
319147
319148
319149
319150
319151
319152
319153
319154
319155
319156
319157
319158
319159
319160
319161
319162
319163
319164
319165
319166
319167
319168
319169
319170
319171
319172
319173
319174
319175
319176
319177
319178
319179
319180
319181
319182
319183
319184
319185
319186
319187
319188
319189
319190
319191
319192
319193
319194
319195
319196
319197
319198
319199
319200
319201
319202
319203
319204
319205
319206
319207
319208
319209
319210
319211
319212
319213
319214
319215
319216
319217
319218
319219
319220
319221
319222
319223
319224
319225
319226
319227
319228
319229
319230
319231
319232
319233
319234
319235
319236
319237
319238
319239
319240
319241
319242
319243
319244
319245
319246
319247
319248
319249
319250
319251
319252
319253
319254
319255
319256
319257
319258
319259
319260
319261
319262
319263
319264
319265
319266
319267
319268
319269
319270
319271
319272
319273
319274
319275
319276
319277
319278
319279
319280
319281
319282
319283
319284
319285
319286
319287
319288
319289
319290
319291
319292
319293
319294
319295
319296
319297
319298
319299
319300
319301
319302
319303
319304
319305
319306
319307
319308
319309
319310
319311
319312
319313
319314
319315
319316
319317
319318
319319
319320
319321
319322
319323
319324
319325
319326
319327
319328
319329
319330
319331
319332
319333
319334
319335
319336
319337
319338
319339
319340
319341
319342
319343
319344
319345
319346
319347
319348
319349
319350
319351
319352
319353
319354
319355
319356
319357
319358
319359
319360
319361
319362
319363
319364
319365
319366
319367
319368
319369
319370
319371
319372
319373
319374
319375
319376
319377
319378
319379
319380
319381
319382
319383
319384
319385
319386
319387
319388
319389
319390
319391
319392
319393
319394
319395
319396
319397
319398
319399
319400
319401
319402
319403
319404
319405
319406
319407
319408
319409
319410
319411
319412
319413
319414
319415
319416
319417
319418
319419
319420
319421
319422
319423
319424
319425
319426
319427
319428
319429
319430
319431
319432
319433
319434
319435
319436
319437
319438
319439
319440
319441
319442
319443
319444
319445
319446
319447
319448
319449
319450
319451
319452
319453
319454
319455
319456
319457
319458
319459
319460
319461
319462
319463
319464
319465
319466
319467
319468
319469
319470
319471
319472
319473
319474
319475
319476
319477
319478
319479
319480
319481
319482
319483
319484
319485
319486
319487
319488
319489
319490
319491
319492
319493
319494
319495
319496
319497
319498
319499
319500
319501
319502
319503
319504
319505
319506
319507
319508
319509
319510
319511
319512
319513
319514
319515
319516
319517
319518
319519
319520
319521
319522
319523
319524
319525
319526
319527
319528
319529
319530
319531
319532
319533
319534
319535
319536
319537
319538
319539
319540
319541
319542
319543
319544
319788
319789
319790
319791
319792
319793
319794
319795
319796
319797
319798
319799
319800
319801
319802
319803
319804
319805
319806
319807
319808
319809
319810
319811
319812
319813
319814
319815
319816
319817
319818
319819
319820
319821
319822
319823
319824
319825
319826
319827
319828
319829
319830
319831
319832
319833
319834
319835
319836
319837
319838
319839
319840
319841
319842
319843
319844
319845
319846
319847
319848
319849
319850
319851
319852
319853
319854
319855
319856
319857
319858
319859
319860
319861
319862
319863
319864
319865
319866
319867
319868
319869
319870
319871
319872
319873
319874
319875
319876
319877
319878
319879
319880
319881
319882
319883
319884
319885
319886
319887
319888
319889
319890
319891
319892
319893
319894
319895
319896
319897
319898
319899
319900
319901
319902
319903
319904
319905
319906
319907
319908
319909
319910
319911
319912
319913
319914
319915
319916
319917
319918
319919
319920
319921
319922
319923
319924
319925
319926
319927
319928
319929
319930
319931
319932
319933
319934
319935
319936
319937
319938
319939
319940
319941
319942
319943
319944
319945
319946
319947
319948
319949
319950
319951
319952
319953
319954
319955
319956
319957
319958
319959
319960
319961
319962
319963
319964
319965
319966
319967
319968
319969
319970
319971
319972
319973
319974
319975
319976
319977
319978
319979
319980
319981
319982
319983
319984
319985
319986
319987
319988
319989
319990
319991
319992
319993
319994
319995
319996
319997
319998
319999
320000
320001
320002
320003
320004
320005
320006
320007
320008
320009
320010
320011
320012
320013
320014
320015
320016
320017
320018
320019
320020
320021
320022
320023
320024
320025
320026
320027
320028
320029
320030
320031
320032
320033
320034
320035
320036
320037
320038
320039
320040
320041
320042
320043
320044
320045
320046
320047
320048
320049
320050
320051
320052
320053
320054
320055
320056
320057
320058
320059
320060
320061
320062
320063
320064
320065
320066
320067
320068
320069
320070
320071
320072
320073
320074
320075
320076
320077
320078
320079
320080
320081
320082
320083
320084
320085
320086
320087
320088
320089
320090
320091
320092
320093
320094
320095
320096
320097
320098
320099
320100
320101
320102
320103
320104
320105
320106
320107
320108
320109
320110
320111
320112
320113
320114
320115
320116
320117
320118
320119
320120
320121
320122
320123
320124
320125
320126
320127
320128
320129
320130
320131
320132
320133
320134
320135
320136
320137
320138
320139
320140
320141
320142
320143
320144
320145
320146
320147
320148
320149
320150
320151
320152
320153
320154
320155
320156
320157
320158
320159
320160
320161
320162
320163
320164
320165
320166
320167
320168
320169
320170
320171
320172
320173
320174
320175
320176
320177
320178
320179
320180
320181
320182
320183
320184
320185
320186
320187
320188
320189
320190
320191
320192
320436
320437
320438
320439
320440
320441
320442
320443
320444
320445
320446
320447
320448
320449
320450
320451
320452
320453
320454
320455
320456
320457
320458
320459
320460
320461
320462
320463
320464
320465
320466
320467
320468
320469
320470
320471
320472
320473
320474
320475
320476
320477
320478
320479
320480
320481
320482
320483
320484
320485
320486
320487
320488
320489
320490
320491
320492
320493
320494
320495
320496
320497
320498
320499
320500
320501
320502
320503
320504
320505
320506
320507
320508
320509
320510
320511
320512
320513
320514
320515
320516
320517
320518
320519
320520
320521
320522
320523
320524
320525
320526
320527
320528
320529
320530
320531
320532
320533
320534
320535
320536
320537
320538
320539
320540
320541
320542
320543
320544
320545
320546
320547
320548
320549
320550
320551
320552
320553
320554
320555
320556
320557
320558
320559
320560
320561
320562
320563
320564
320565
320566
320567
320568
320569
320570
320571
320572
320573
320574
320575
320576
320577
320578
320579
320580
320581
320582
320583
320584
320585
320586
320587
320588
320589
320590
320591
320592
320593
320594
320595
320596
320597
320598
320599
320600
320601
320602
320603
320604
320605
320606
320607
320608
320609
320610
320611
320612
320613
320614
320615
320616
320617
320618
320619
320620
320621
320622
320623
320624
320625
320626
320627
320628
320629
320630
320631
320632
320633
320634
320635
320636
320637
320638
320639
320640
320641
320642
320643
320644
320645
320646
320647
320648
320649
320650
320651
320652
320653
320654
320655
320656
320657
320658
320659
320660
320661
320662
320663
320664
320665
320666
320667
320668
320669
320670
320671
320672
320673
320674
320675
320676
320677
320678
320679
320680
320681
320682
320683
320684
320685
320686
320687
320688
320689
320690
320691
320692
320693
320694
320695
320696
320697
320698
320699
320700
320701
320702
320703
320704
320705
320706
320707
320708
320709
320710
320711
320712
320713
320714
320715
320716
320717
320718
320719
320720
320721
320722
320723
320724
320725
320726
320727
320728
320729
320730
320731
320732
320733
320734
320735
320736
320737
320738
320739
320740
320741
320742
320743
320744
320745
320746
320747
320748
320749
320750
320751
320752
320753
320754
320755
320756
320757
320758
320759
320760
320761
320762
320763
320764
320765
320766
320767
320768
320769
320770
320771
320772
320773
320774
320775
320776
320777
320778
320779
320780
320781
320782
320783
320784
320785
320786
320787
320788
320789
320790
320791
320792
320793
320794
320795
320796
320797
320798
320799
320800
320801
320802
320803
320804
320805
320806
320807
320808
320809
320810
320811
320812
320813
320814
320815
320816
320817
320818
320819
320820
320821
320822
320823
320824
320825
320826
320827
320828
320829
320830
320831
320832
320833
320834
320835
320836
320837
320838
320839
320840
321084
321085
321086
321087
321088
321089
321090
321091
321092
321093
321094
321095
321096
321097
321098
321099
321100
321101
321102
321103
321104
321105
321106
321107
321108
321109
321110
321111
321112
321113
321114
321115
321116
321117
321118
321119
321120
321121
321122
321123
321124
321125
321126
321127
321128
321129
321130
321131
321132
321133
321134
321135
321136
321137
321138
321139
321140
321141
321142
321143
321144
321145
321146
321147
321148
321149
321150
321151
321152
321153
321154
321155
321156
321157
321158
321159
321160
321161
321162
321163
321164
321165
321166
321167
321168
321169
321170
321171
321172
321173
321174
321175
321176
321177
321178
321179
321180
321181
321182
321183
321184
321185
321186
321187
321188
321189
321190
321191
321192
321193
321194
321195
321196
321197
321198
321199
321200
321201
321202
321203
321204
321205
321206
321207
321208
321209
321210
321211
321212
321213
321214
321215
321216
321217
321218
321219
321220
321221
321222
321223
321224
321225
321226
321227
321228
321229
321230
321231
321232
321233
321234
321235
321236
321237
321238
321239
321240
321241
321242
321243
321244
321245
321246
321247
321248
321249
321250
321251
321252
321253
321254
321255
321256
321257
321258
321259
321260
321261
321262
321263
321264
321265
321266
321267
321268
321269
321270
321271
321272
321273
321274
321275
321276
321277
321278
321279
321280
321281
321282
321283
321284
321285
321286
321287
321288
321289
321290
321291
321292
321293
321294
321295
321296
321297
321298
321299
321300
321301
321302
321303
321304
321305
321306
321307
321308
321309
321310
321311
321312
321313
321314
321315
321316
321317
321318
321319
321320
321321
321322
321323
321324
321325
321326
321327
321328
321329
321330
321331
321332
321333
321334
321335
321336
321337
321338
321339
321340
321341
321342
321343
321344
321345
321346
321347
321348
321349
321350
321351
321352
321353
321354
321355
321356
321357
321358
321359
321360
321361
321362
321363
321364
321365
321366
321367
321368
321369
321370
321371
321372
321373
321374
321375
321376
321377
321378
321379
321380
321381
321382
321383
321384
321385
321386
321387
321388
321389
321390
321391
321392
321393
321394
321395
321396
321397
321398
321399
321400
321401
321402
321403
321404
321405
321406
321407
321408
321409
321410
321411
321412
321413
321414
321415
321416
321417
321418
321419
321420
321421
321422
321423
321424
321425
321426
321427
321428
321429
321430
321431
321432
321433
321434
321435
321436
321437
321438
321439
321440
321441
321442
321443
321444
321445
321446
321447
321448
321449
321450
321451
321452
321453
321454
321455
321456
321457
321458
321459
321460
321461
321462
321463
321464
321465
321466
321467
321468
321469
321470
321471
321472
321473
321474
321475
321476
321477
321478
321479
321480
321481
321482
321483
321484
321485
321486
321487
321488
321732
321733
321734
321735
321736
321737
321738
321739
321740
321741
321742
321743
321744
321745
321746
321747
321748
321749
321750
321751
321752
321753
321754
321755
321756
321757
321758
321759
321760
321761
321762
321763
321764
321765
321766
321767
321768
321769
321770
321771
321772
321773
321774
321775
321776
321777
321778
321779
321780
321781
321782
321783
321784
321785
321786
321787
321788
321789
321790
321791
321792
321793
321794
321795
321796
321797
321798
321799
321800
321801
321802
321803
321804
321805
321806
321807
321808
321809
321810
321811
321812
321813
321814
321815
321816
321817
321818
321819
321820
321821
321822
321823
321824
321825
321826
321827
321828
321829
321830
321831
321832
321833
321834
321835
321836
321837
321838
321839
321840
321841
321842
321843
321844
321845
321846
321847
321848
321849
321850
321851
321852
321853
321854
321855
321856
321857
321858
321859
321860
321861
321862
321863
321864
321865
321866
321867
321868
321869
321870
321871
321872
321873
321874
321875
321876
321877
321878
321879
321880
321881
321882
321883
321884
321885
321886
321887
321888
321889
321890
321891
321892
321893
321894
321895
321896
321897
321898
321899
321900
321901
321902
321903
321904
321905
321906
321907
321908
321909
321910
321911
321912
321913
321914
321915
321916
321917
321918
321919
321920
321921
321922
321923
321924
321925
321926
321927
321928
321929
321930
321931
321932
321933
321934
321935
321936
321937
321938
321939
321940
321941
321942
321943
321944
321945
321946
321947
321948
321949
321950
321951
321952
321953
321954
321955
321956
321957
321958
321959
321960
321961
321962
321963
321964
321965
321966
321967
321968
321969
321970
321971
321972
321973
321974
321975
321976
321977
321978
321979
321980
321981
321982
321983
321984
321985
321986
321987
321988
321989
321990
321991
321992
321993
321994
321995
321996
321997
321998
321999
322000
322001
322002
322003
322004
322005
322006
322007
322008
322009
322010
322011
322012
322013
322014
322015
322016
322017
322018
322019
322020
322021
322022
322023
322024
322025
322026
322027
322028
322029
322030
322031
322032
322033
322034
322035
322036
322037
322038
322039
322040
322041
322042
322043
322044
322045
322046
322047
322048
322049
322050
322051
322052
322053
322054
322055
322056
322057
322058
322059
322060
322061
322062
322063
322064
322065
322066
322067
322068
322069
322070
322071
322072
322073
322074
322075
322076
322077
322078
322079
322080
322081
322082
322083
322084
322085
322086
322087
322088
322089
322090
322091
322092
322093
322094
322095
322096
322097
322098
322099
322100
322101
322102
322103
322104
322105
322106
322107
322108
322109
322110
322111
322112
322113
322114
322115
322116
322117
322118
322119
322120
322121
322122
322123
322124
322125
322126
322127
322128
322129
322130
322131
322132
322133
322134
322135
322136
322380
322381
322382
322383
322384
322385
322386
322387
322388
322389
322390
322391
322392
322393
322394
322395
322396
322397
322398
322399
322400
322401
322402
322403
322404
322405
322406
322407
322408
322409
322410
322411
322412
322413
322414
322415
322416
322417
322418
322419
322420
322421
322422
322423
322424
322425
322426
322427
322428
322429
322430
322431
322432
322433
322434
322435
322436
322437
322438
322439
322440
322441
322442
322443
322444
322445
322446
322447
322448
322449
322450
322451
322452
322453
322454
322455
322456
322457
322458
322459
322460
322461
322462
322463
322464
322465
322466
322467
322468
322469
322470
322471
322472
322473
322474
322475
322476
322477
322478
322479
322480
322481
322482
322483
322484
322485
322486
322487
322488
322489
322490
322491
322492
322493
322494
322495
322496
322497
322498
322499
322500
322501
322502
322503
322504
322505
322506
322507
322508
322509
322510
322511
322512
322513
322514
322515
322516
322517
322518
322519
322520
322521
322522
322523
322524
322525
322526
322527
322528
322529
322530
322531
322532
322533
322534
322535
322536
322537
322538
322539
322540
322541
322542
322543
322544
322545
322546
322547
322548
322549
322550
322551
322552
322553
322554
322555
322556
322557
322558
322559
322560
322561
322562
322563
322564
322565
322566
322567
322568
322569
322570
322571
322572
322573
322574
322575
322576
322577
322578
322579
322580
322581
322582
322583
322584
322585
322586
322587
322588
322589
322590
322591
322592
322593
322594
322595
322596
322597
322598
322599
322600
322601
322602
322603
322604
322605
322606
322607
322608
322609
322610
322611
322612
322613
322614
322615
322616
322617
322618
322619
322620
322621
322622
322623
322624
322625
322626
322627
322628
322629
322630
322631
322632
322633
322634
322635
322636
322637
322638
322639
322640
322641
322642
322643
322644
322645
322646
322647
322648
322649
322650
322651
322652
322653
322654
322655
322656
322657
322658
322659
322660
322661
322662
322663
322664
322665
322666
322667
322668
322669
322670
322671
322672
322673
322674
322675
322676
322677
322678
322679
322680
322681
322682
322683
322684
322685
322686
322687
322688
322689
322690
322691
322692
322693
322694
322695
322696
322697
322698
322699
322700
322701
322702
322703
322704
322705
322706
322707
322708
322709
322710
322711
322712
322713
322714
322715
322716
322717
322718
322719
322720
322721
322722
322723
322724
322725
322726
322727
322728
322729
322730
322731
322732
322733
322734
322735
322736
322737
322738
322739
322740
322741
322742
322743
322744
322745
322746
322747
322748
322749
322750
322751
322752
322753
322754
322755
322756
322757
322758
322759
322760
322761
322762
322763
322764
322765
322766
322767
322768
322769
322770
322771
322772
322773
322774
322775
322776
322777
322778
322779
322780
322781
322782
322783
322784
323028
323029
323030
323031
323032
323033
323034
323035
323036
323037
323038
323039
323040
323041
323042
323043
323044
323045
323046
323047
323048
323049
323050
323051
323052
323053
323054
323055
323056
323057
323058
323059
323060
323061
323062
323063
323064
323065
323066
323067
323068
323069
323070
323071
323072
323073
323074
323075
323076
323077
323078
323079
323080
323081
323082
323083
323084
323085
323086
323087
323088
323089
323090
323091
323092
323093
323094
323095
323096
323097
323098
323099
323100
323101
323102
323103
323104
323105
323106
323107
323108
323109
323110
323111
323112
323113
323114
323115
323116
323117
323118
323119
323120
323121
323122
323123
323124
323125
323126
323127
323128
323129
323130
323131
323132
323133
323134
323135
323136
323137
323138
323139
323140
323141
323142
323143
323144
323145
323146
323147
323148
323149
323150
323151
323152
323153
323154
323155
323156
323157
323158
323159
323160
323161
323162
323163
323164
323165
323166
323167
323168
323169
323170
323171
323172
323173
323174
323175
323176
323177
323178
323179
323180
323181
323182
323183
323184
323185
323186
323187
323188
323189
323190
323191
323192
323193
323194
323195
323196
323197
323198
323199
323200
323201
323202
323203
323204
323205
323206
323207
323208
323209
323210
323211
323212
323213
323214
323215
323216
323217
323218
323219
323220
323221
323222
323223
323224
323225
323226
323227
323228
323229
323230
323231
323232
323233
323234
323235
323236
323237
323238
323239
323240
323241
323242
323243
323244
323245
323246
323247
323248
323249
323250
323251
323252
323253
323254
323255
323256
323257
323258
323259
323260
323261
323262
323263
323264
323265
323266
323267
323268
323269
323270
323271
323272
323273
323274
323275
323276
323277
323278
323279
323280
323281
323282
323283
323284
323285
323286
323287
323288
323289
323290
323291
323292
323293
323294
323295
323296
323297
323298
323299
323300
323301
323302
323303
323304
323305
323306
323307
323308
323309
323310
323311
323312
323313
323314
323315
323316
323317
323318
323319
323320
323321
323322
323323
323324
323325
323326
323327
323328
323329
323330
323331
323332
323333
323334
323335
323336
323337
323338
323339
323340
323341
323342
323343
323344
323345
323346
323347
323348
323349
323350
323351
323352
323353
323354
323355
323356
323357
323358
323359
323360
323361
323362
323363
323364
323365
323366
323367
323368
323369
323370
323371
323372
323373
323374
323375
323376
323377
323378
323379
323380
323381
323382
323383
323384
323385
323386
323387
323388
323389
323390
323391
323392
323393
323394
323395
323396
323397
323398
323399
323400
323401
323402
323403
323404
323405
323406
323407
323408
323409
323410
323411
323412
323413
323414
323415
323416
323417
323418
323419
323420
323421
323422
323423
323424
323425
323426
323427
323428
323429
323430
323431
323432
323676
323677
323678
323679
323680
323681
323682
323683
323684
323685
323686
323687
323688
323689
323690
323691
323692
323693
323694
323695
323696
323697
323698
323699
323700
323701
323702
323703
323704
323705
323706
323707
323708
323709
323710
323711
323712
323713
323714
323715
323716
323717
323718
323719
323720
323721
323722
323723
323724
323725
323726
323727
323728
323729
323730
323731
323732
323733
323734
323735
323736
323737
323738
323739
323740
323741
323742
323743
323744
323745
323746
323747
323748
323749
323750
323751
323752
323753
323754
323755
323756
323757
323758
323759
323760
323761
323762
323763
323764
323765
323766
323767
323768
323769
323770
323771
323772
323773
323774
323775
323776
323777
323778
323779
323780
323781
323782
323783
323784
323785
323786
323787
323788
323789
323790
323791
323792
323793
323794
323795
323796
323797
323798
323799
323800
323801
323802
323803
323804
323805
323806
323807
323808
323809
323810
323811
323812
323813
323814
323815
323816
323817
323818
323819
323820
323821
323822
323823
323824
323825
323826
323827
323828
323829
323830
323831
323832
323833
323834
323835
323836
323837
323838
323839
323840
323841
323842
323843
323844
323845
323846
323847
323848
323849
323850
323851
323852
323853
323854
323855
323856
323857
323858
323859
323860
323861
323862
323863
323864
323865
323866
323867
323868
323869
323870
323871
323872
323873
323874
323875
323876
323877
323878
323879
323880
323881
323882
323883
323884
323885
323886
323887
323888
323889
323890
323891
323892
323893
323894
323895
323896
323897
323898
323899
323900
323901
323902
323903
323904
323905
323906
323907
323908
323909
323910
323911
323912
323913
323914
323915
323916
323917
323918
323919
323920
323921
323922
323923
323924
323925
323926
323927
323928
323929
323930
323931
323932
323933
323934
323935
323936
323937
323938
323939
323940
323941
323942
323943
323944
323945
323946
323947
323948
323949
323950
323951
323952
323953
323954
323955
323956
323957
323958
323959
323960
323961
323962
323963
323964
323965
323966
323967
323968
323969
323970
323971
323972
323973
323974
323975
323976
323977
323978
323979
323980
323981
323982
323983
323984
323985
323986
323987
323988
323989
323990
323991
323992
323993
323994
323995
323996
323997
323998
323999
324000
324001
324002
324003
324004
324005
324006
324007
324008
324009
324010
324011
324012
324013
324014
324015
324016
324017
324018
324019
324020
324021
324022
324023
324024
324025
324026
324027
324028
324029
324030
324031
324032
324033
324034
324035
324036
324037
324038
324039
324040
324041
324042
324043
324044
324045
324046
324047
324048
324049
324050
324051
324052
324053
324054
324055
324056
324057
324058
324059
324060
324061
324062
324063
324064
324065
324066
324067
324068
324069
324070
324071
324072
324073
324074
324075
324076
324077
324078
324079
324080
324324
324325
324326
324327
324328
324329
324330
324331
324332
324333
324334
324335
324336
324337
324338
324339
324340
324341
324342
324343
324344
324345
324346
324347
324348
324349
324350
324351
324352
324353
324354
324355
324356
324357
324358
324359
324360
324361
324362
324363
324364
324365
324366
324367
324368
324369
324370
324371
324372
324373
324374
324375
324376
324377
324378
324379
324380
324381
324382
324383
324384
324385
324386
324387
324388
324389
324390
324391
324392
324393
324394
324395
324396
324397
324398
324399
324400
324401
324402
324403
324404
324405
324406
324407
324408
324409
324410
324411
324412
324413
324414
324415
324416
324417
324418
324419
324420
324421
324422
324423
324424
324425
324426
324427
324428
324429
324430
324431
324432
324433
324434
324435
324436
324437
324438
324439
324440
324441
324442
324443
324444
324445
324446
324447
324448
324449
324450
324451
324452
324453
324454
324455
324456
324457
324458
324459
324460
324461
324462
324463
324464
324465
324466
324467
324468
324469
324470
324471
324472
324473
324474
324475
324476
324477
324478
324479
324480
324481
324482
324483
324484
324485
324486
324487
324488
324489
324490
324491
324492
324493
324494
324495
324496
324497
324498
324499
324500
324501
324502
324503
324504
324505
324506
324507
324508
324509
324510
324511
324512
324513
324514
324515
324516
324517
324518
324519
324520
324521
324522
324523
324524
324525
324526
324527
324528
324529
324530
324531
324532
324533
324534
324535
324536
324537
324538
324539
324540
324541
324542
324543
324544
324545
324546
324547
324548
324549
324550
324551
324552
324553
324554
324555
324556
324557
324558
324559
324560
324561
324562
324563
324564
324565
324566
324567
324568
324569
324570
324571
324572
324573
324574
324575
324576
324577
324578
324579
324580
324581
324582
324583
324584
324585
324586
324587
324588
324589
324590
324591
324592
324593
324594
324595
324596
324597
324598
324599
324600
324601
324602
324603
324604
324605
324606
324607
324608
324609
324610
324611
324612
324613
324614
324615
324616
324617
324618
324619
324620
324621
324622
324623
324624
324625
324626
324627
324628
324629
324630
324631
324632
324633
324634
324635
324636
324637
324638
324639
324640
324641
324642
324643
324644
324645
324646
324647
324648
324649
324650
324651
324652
324653
324654
324655
324656
324657
324658
324659
324660
324661
324662
324663
324664
324665
324666
324667
324668
324669
324670
324671
324672
324673
324674
324675
324676
324677
324678
324679
324680
324681
324682
324683
324684
324685
324686
324687
324688
324689
324690
324691
324692
324693
324694
324695
324696
324697
324698
324699
324700
324701
324702
324703
324704
324705
324706
324707
324708
324709
324710
324711
324712
324713
324714
324715
324716
324717
324718
324719
324720
324721
324722
324723
324724
324725
324726
324727
324728
324972
324973
324974
324975
324976
324977
324978
324979
324980
324981
324982
324983
324984
324985
324986
324987
324988
324989
324990
324991
324992
324993
324994
324995
324996
324997
324998
324999
325000
325001
325002
325003
325004
325005
325006
325007
325008
325009
325010
325011
325012
325013
325014
325015
325016
325017
325018
325019
325020
325021
325022
325023
325024
325025
325026
325027
325028
325029
325030
325031
325032
325033
325034
325035
325036
325037
325038
325039
325040
325041
325042
325043
325044
325045
325046
325047
325048
325049
325050
325051
325052
325053
325054
325055
325056
325057
325058
325059
325060
325061
325062
325063
325064
325065
325066
325067
325068
325069
325070
325071
325072
325073
325074
325075
325076
325077
325078
325079
325080
325081
325082
325083
325084
325085
325086
325087
325088
325089
325090
325091
325092
325093
325094
325095
325096
325097
325098
325099
325100
325101
325102
325103
325104
325105
325106
325107
325108
325109
325110
325111
325112
325113
325114
325115
325116
325117
325118
325119
325120
325121
325122
325123
325124
325125
325126
325127
325128
325129
325130
325131
325132
325133
325134
325135
325136
325137
325138
325139
325140
325141
325142
325143
325144
325145
325146
325147
325148
325149
325150
325151
325152
325153
325154
325155
325156
325157
325158
325159
325160
325161
325162
325163
325164
325165
325166
325167
325168
325169
325170
325171
325172
325173
325174
325175
325176
325177
325178
325179
325180
325181
325182
325183
325184
325185
325186
325187
325188
325189
325190
325191
325192
325193
325194
325195
325196
325197
325198
325199
325200
325201
325202
325203
325204
325205
325206
325207
325208
325209
325210
325211
325212
325213
325214
325215
325216
325217
325218
325219
325220
325221
325222
325223
325224
325225
325226
325227
325228
325229
325230
325231
325232
325233
325234
325235
325236
325237
325238
325239
325240
325241
325242
325243
325244
325245
325246
325247
325248
325249
325250
325251
325252
325253
325254
325255
325256
325257
325258
325259
325260
325261
325262
325263
325264
325265
325266
325267
325268
325269
325270
325271
325272
325273
325274
325275
325276
325277
325278
325279
325280
325281
325282
325283
325284
325285
325286
325287
325288
325289
325290
325291
325292
325293
325294
325295
325296
325297
325298
325299
325300
325301
325302
325303
325304
325305
325306
325307
325308
325309
325310
325311
325312
325313
325314
325315
325316
325317
325318
325319
325320
325321
325322
325323
325324
325325
325326
325327
325328
325329
325330
325331
325332
325333
325334
325335
325336
325337
325338
325339
325340
325341
325342
325343
325344
325345
325346
325347
325348
325349
325350
325351
325352
325353
325354
325355
325356
325357
325358
325359
325360
325361
325362
325363
325364
325365
325366
325367
325368
325369
325370
325371
325372
325373
325374
325375
325376
325620
325621
325622
325623
325624
325625
325626
325627
325628
325629
325630
325631
325632
325633
325634
325635
325636
325637
325638
325639
325640
325641
325642
325643
325644
325645
325646
325647
325648
325649
325650
325651
325652
325653
325654
325655
325656
325657
325658
325659
325660
325661
325662
325663
325664
325665
325666
325667
325668
325669
325670
325671
325672
325673
325674
325675
325676
325677
325678
325679
325680
325681
325682
325683
325684
325685
325686
325687
325688
325689
325690
325691
325692
325693
325694
325695
325696
325697
325698
325699
325700
325701
325702
325703
325704
325705
325706
325707
325708
325709
325710
325711
325712
325713
325714
325715
325716
325717
325718
325719
325720
325721
325722
325723
325724
325725
325726
325727
325728
325729
325730
325731
325732
325733
325734
325735
325736
325737
325738
325739
325740
325741
325742
325743
325744
325745
325746
325747
325748
325749
325750
325751
325752
325753
325754
325755
325756
325757
325758
325759
325760
325761
325762
325763
325764
325765
325766
325767
325768
325769
325770
325771
325772
325773
325774
325775
325776
325777
325778
325779
325780
325781
325782
325783
325784
325785
325786
325787
325788
325789
325790
325791
325792
325793
325794
325795
325796
325797
325798
325799
325800
325801
325802
325803
325804
325805
325806
325807
325808
325809
325810
325811
325812
325813
325814
325815
325816
325817
325818
325819
325820
325821
325822
325823
325824
325825
325826
325827
325828
325829
325830
325831
325832
325833
325834
325835
325836
325837
325838
325839
325840
325841
325842
325843
325844
325845
325846
325847
325848
325849
325850
325851
325852
325853
325854
325855
325856
325857
325858
325859
325860
325861
325862
325863
325864
325865
325866
325867
325868
325869
325870
325871
325872
325873
325874
325875
325876
325877
325878
325879
325880
325881
325882
325883
325884
325885
325886
325887
325888
325889
325890
325891
325892
325893
325894
325895
325896
325897
325898
325899
325900
325901
325902
325903
325904
325905
325906
325907
325908
325909
325910
325911
325912
325913
325914
325915
325916
325917
325918
325919
325920
325921
325922
325923
325924
325925
325926
325927
325928
325929
325930
325931
325932
325933
325934
325935
325936
325937
325938
325939
325940
325941
325942
325943
325944
325945
325946
325947
325948
325949
325950
325951
325952
325953
325954
325955
325956
325957
325958
325959
325960
325961
325962
325963
325964
325965
325966
325967
325968
325969
325970
325971
325972
325973
325974
325975
325976
325977
325978
325979
325980
325981
325982
325983
325984
325985
325986
325987
325988
325989
325990
325991
325992
325993
325994
325995
325996
325997
325998
325999
326000
326001
326002
326003
326004
326005
326006
326007
326008
326009
326010
326011
326012
326013
326014
326015
326016
326017
326018
326019
326020
326021
326022
326023
326024
491913
491914
491915
491916
491917
491918
491919
491920
491921
491922
491923
491924
491925
491926
491927
491928
491929
491930
491931
491932
491933
491934
491935
491936
491937
491938
491939
491940
491941
491942
491943
491944
491945
491946
491947
491948
491949
491950
491951
491952
491953
491954
491955
491956
491957
491958
491959
491960
491961
491962
491963
491964
491965
491966
491967
491968
491969
491970
491971
491972
491973
491974
491975
491976
491977
491978
491979
491980
491981
491982
491983
491984
491985
491986
491987
491988
491989
491990
491991
491992
491993
491994
491995
491996
491997
491998
491999
492000
492001
492002
492003
492004
492005
492006
492007
492008
492009
492010
492011
492012
492013
492014
492015
492016
492017
492018
492019
492020
492021
492022
492023
492024
492025
492026
492027
492028
492029
492030
492031
492032
492033
492034
492035
492036
492037
492038
492039
492040
492041
492042
492043
492044
492045
492046
492047
492048
492049
492050
492051
492052
492053
492054
492055
492056
492057
492058
492059
492060
492061
492062
492063
492064
492065
492066
492067
492068
492069
492070
492071
492072
492073
492074
492075
492076
492077
492078
492079
492080
492081
492082
492083
492084
492085
492086
492087
492088
492089
492090
492091
492092
492093
492094
492095
492096
492097
492098
492099
492100
492101
492102
492103
492104
492105
492106
492107
492108
492109
492110
492111
492112
492113
492114
492115
492116
492117
492118
492119
492120
492121
492122
492123
492124
492125
492126
492127
492128
492129
492130
492131
492132
492133
492134
492135
492136
492137
492138
492139
492140
492141
492142
492143
492144
492145
492146
492147
492148
492149
492150
492151
492152
492153
492154
492155
492156
492157
492158
492159
492160
492161
492162
492163
492164
492165
492166
492167
492168
492169
492170
492171
492172
492173
492174
492175
492176
492177
492178
492179
492180
492181
492182
492183
492184
492185
492186
492187
492188
492189
492190
492191
492192
492193
492194
492195
492196
492197
492198
492199
492200
492201
492202
492203
492204
492205
492206
492207
492208
492209
492210
492211
492212
492213
492214
492215
492216
492217
492218
492219
492220
492221
492222
492223
492224
492225
492226
492227
492228
492229
492230
492231
492232
492233
492234
492235
492236
492237
492238
492239
492240
492241
492242
492243
492244
492245
492246
492247
492248
492249
492250
492251
492252
492253
492254
492255
492256
492257
492258
492259
492260
492261
492262
492263
492264
492265
492266
492267
492268
492269
492270
492271
492272
492273
492274
492275
492276
492277
492278
492279
492280
492281
492282
492283
492284
492285
492286
492287
492288
492289
492290
492291
492292
492293
492294
492295
492296
492297
492298
492299
492300
492301
492302
492303
492304
492305
492306
492307
492308
492309
492310
492311
492312
492313
492314
492315
492316
492317
492318
492319
492320
492321
492322
492323
492324
492325
492326
492327
492328
492329
492330
492331
492332
492333
492334
492335
492336
492337
492338
492339
492340
492341
492342
492343
492344
492345
492346
492347
492348
492349
492350
492351
492352
492353
492354
492355
492356
492357
492358
492359
492360
492361
492362
492363
492364
492365
492366
492367
492368
492369
492370
492371
492372
492373
492374
492375
492376
492377
492378
492379
492380
492381
492382
492383
492384
492385
492386
492387
492388
492389
492390
492391
492392
492393
492394
492395
492396
492397
492398
492399
492400
492401
492402
492403
492404
492405
492406
492407
492408
492409
492410
492411
492412
492413
492414
492415
492416
492417
492418
492419
492420
492421
492422
492423
492424
492425
492426
492427
492428
492429
492430
492431
492432
492433
492434
492435
492436
492437
492438
492439
492440
492441
492442
492443
492444
492445
492446
492447
492448
492449
492450
492451
492452
492453
492454
492455
492456
492457
492458
492459
492460
492461
492462
492463
492464
492465
492466
492467
492468
492469
492470
492471
492472
492473
492474
492475
492476
492477
492478
492479
492480
492481
492482
492483
492484
492485
492486
492487
492488
492489
492490
492491
492492
492493
492494
492495
492496
492497
492498
492499
492500
492501
492502
492503
492504
492505
492506
492507
492508
492509
492510
492511
492512
492513
492514
492515
492516
492517
492518
492519
492520
492521
492522
492523
492524
492525
492526
492527
492528
492529
492530
492531
492532
492533
492534
492535
492536
492537
492538
492539
492540
492541
492542
492543
492544
492545
492546
492547
492548
492549
492550
492551
492552
492553
492554
492555
492556
492557
492558
492559
492560
492561
492562
492563
492564
492565
492566
492567
492568
492569
492570
492571
492572
492573
492574
492575
492576
492577
492578
492579
492580
492581
492582
492583
492584
492585
492586
492587
492588
492589
492590
492591
492592
492593
492594
492595
492596
492597
492598
492599
492600
492601
492602
492603
492604
492605
492606
492607
492608
492609
492610
492611
492612
492613
492614
492615
492616
492617
492618
492619
492620
492621
492622
492623
492624
492625
492626
492627
492628
492629
492630
492631
492632
492633
492634
492635
492636
492637
492638
492639
492640
492641
492642
492643
492644
492645
492646
492647
492648
492649
492650
492651
492652
492653
492654
492655
492656
492657
492658
492659
492660
492661
492662
492663
492664
492665
492666
492667
492668
492669
492670
492671
492672
492673
492674
492675
492676
492677
492678
492679
492680
492681
492682
492683
492684
492685
492686
492687
492688
492689
492690
492691
492692
492693
492694
492695
492696
492697
492698
492699
492700
492701
492702
492703
492704
492705
492706
492707
492708
492709
492710
492711
492712
492713
492714
492715
492716
492717
492718
492719
492720
492721
492722
492723
492724
492725
492726
492727
492728
492729
492730
492731
492732
492733
492734
492735
492736
492737
492738
492739
492740
492741
492742
492743
492744
492745
492746
492747
492748
492749
492750
492751
492752
492753
492754
492755
492756
492757
492758
492759
492760
492761
492762
492763
492764
492765
492766
492767
492768
492769
492770
492771
492772
492773
492774
492775
492776
492777
492778
492779
492780
492781
492782
492783
492784
492785
492786
492787
492788
492789
492790
492791
492792
492793
492794
492795
492796
492797
492798
492799
492800
492801
492802
492803
492804
492805
492806
492807
492808
492809
492810
492811
492812
492813
492814
492815
492816
492817
492818
492819
492820
492821
492822
492823
492824
492825
492826
492827
492828
492829
492830
492831
492832
492833
492834
492835
492836
492837
492838
492839
492840
492841
492842
492843
492844
492845
492846
492847
492848
492849
492850
492851
492852
492853
492854
492855
492856
492857
492858
492859
492860
492861
492862
492863
492864
492865
492866
492867
492868
492869
492870
492871
492872
492873
492874
492875
492876
492877
492878
492879
492880
492881
492882
492883
492884
492885
492886
492887
492888
492889
492890
492891
492892
492893
492894
492895
492896
492897
492898
492899
492900
492901
492902
492903
492904
492905
492906
492907
492908
492909
492910
492911
492912
492913
492914
492915
492916
492917
492918
492919
492920
492921
492922
492923
492924
492925
492926
492927
492928
492929
492930
492931
492932
492933
492934
492935
492936
492937
492938
492939
492940
492941
492942
492943
492944
492945
492946
492947
492948
492949
492950
492951
492952
492953
492954
492955
492956
492957
492958
492959
492960
492961
492962
492963
492964
492965
492966
492967
492968
492969
492970
492971
492972
492973
492974
492975
492976
492977
492978
492979
492980
492981
492982
492983
492984
492985
492986
492987
492988
492989
492990
492991
492992
492993
492994
492995
492996
492997
492998
492999
493000
493001
493002
493003
493004
493005
493006
493007
493008
493009
493010
493011
493012
493013
493014
493015
493016
493017
493018
493019
493020
493021
493022
493023
493024
493025
493026
493027
493028
493029
493030
493031
493032
493033
493034
493035
493036
493037
493038
493039
493040
493041
493042
493043
493044
493045
493046
493047
493048
493049
493050
493051
493052
493053
493054
493055
493056
493057
493058
493059
493060
493061
493062
493063
493064
493065
493066
493067
493068
493069
493070
493071
493072
493073
493074
493075
493076
493077
493078
493079
493080
493081
493082
493083
493084
493085
493086
493087
493088
493089
493090
493091
493092
493093
493094
493095
493096
493097
493098
493099
493100
493101
493102
493103
493104
493105
493106
493107
493108
493109
493110
493111
493112
493113
493114
493115
493116
493117
493118
493119
493120
493121
493122
493123
493124
493125
493126
493127
493128
493129
493130
493131
493132
493133
493134
493135
493136
493137
493138
493139
493140
493141
493142
493143
493144
493145
493146
493147
493148
493149
493150
493151
493152
493153
493154
493155
493156
493157
493158
493159
493160
493161
493162
493163
493164
493165
493166
493167
493168
493169
493170
493171
493172
493173
493174
493175
493176
493177
493178
493179
493180
493181
493182
493183
493184
493185
493186
493187
493188
493189
493190
493191
493192
493193
493194
493195
493196
493197
493198
493199
493200
493201
493202
493203
493204
493205
493206
493207
493208
493209
493210
493211
493212
493213
493214
493215
493216
493217
493218
493219
493220
493221
493222
493223
493224
493225
493226
493227
493228
493229
493230
493231
493232
493233
493234
493235
493236
493237
493238
493239
493240
493241
493242
493243
493244
493245
493246
493247
493248
493249
493250
493251
493252
493253
493254
493255
493256
493257
493258
493259
493260
493261
493262
493263
493264
493265
493266
493267
493268
493269
493270
493271
493272
493273
493274
493275
493276
493277
493278
493279
493280
493281
493282
493283
493284
493285
493286
493287
493288
493289
493290
493291
493292
493293
493294
493295
493296
493297
493298
493299
493300
493301
493302
493303
493304
493305
493306
493307
493308
493309
493310
493311
493312
493313
493314
493315
493316
493317
493318
493319
493320
493321
493322
493323
493324
493325
493326
493327
493328
493329
493330
493331
493332
493333
493334
493335
493336
493337
493338
493339
493340
493341
493342
493343
493344
493345
493346
493347
493348
493349
493350
493351
493352
493353
493354
493355
493356
493357
493358
493359
493360
493361
493362
493363
493364
493365
493366
493367
493368
493369
493370
493371
493372
493373
493374
493375
493376
493377
493378
493379
493380
493381
493382
493383
493384
493385
493386
493387
493388
493389
493390
493391
493392
493393
493394
493395
493396
493397
493398
493399
493400
493401
493402
493403
493404
493405
493406
493407
493408
493409
493410
493411
493412
493413
493414
493415
493416
493417
493418
493419
493420
493421
493422
493423
493424
493425
493426
493427
493428
493429
493430
493431
493432
493433
493434
493435
493436
493437
493438
493439
493440
493441
493442
493443
493444
493445
493446
493447
493448
493449
493450
493451
493452
493453
493454
493455
493456
493457
493458
493459
493460
493461
493462
493463
493464
493465
493466
493467
493468
493469
493470
493471
493472
493473
493474
493475
493476
493477
493478
493479
493480
493481
493482
493483
493484
493485
493486
493487
493488
493489
493490
493491
493492
493493
493494
493495
493496
493497
493498
493499
493500
493501
493502
493503
493504
493505
493506
493507
493508
493509
493510
493511
493512
493513
493514
493515
493516
493517
493518
493519
493520
493521
493522
493523
493524
493525
493526
493527
493528
493529
493530
493531
493532
493533
493534
493535
493536
493537
493538
493539
493540
493541
493542
493543
493544
493545
493546
493547
493548
493549
493550
493551
493552
493553
493554
493555
493556
493557
493558
493559
493560
493561
493562
493563
493564
493565
493566
493567
493568
493569
493570
493571
493572
493573
493574
493575
493576
493577
493578
493579
493580
493581
493582
493583
493584
493585
493586
493587
493588
493589
493590
493591
493592
493593
493594
493595
493596
493597
493598
493599
493600
493601
493602
493603
493604
493605
493606
493607
493608
493609
493610
493611
493612
493613
493614
493615
493616
493617
493618
493619
493620
493621
493622
493623
493624
493625
493626
493627
493628
493629
493630
493631
493632
493633
493634
493635
493636
493637
493638
493639
493640
493641
493642
493643
493644
493645
493646
493647
493648
493649
493650
493651
493652
493653
493654
493655
493656
493657
493658
493659
493660
493661
493662
493663
493664
493665
493666
493667
493668
493669
493670
493671
493672
493673
493674
493675
493676
493677
493678
493679
493680
493681
493682
493683
493684
493685
493686
493687
493688
493689
493690
493691
493692
493693
493694
493695
493696
493697
493698
493699
493700
493701
493702
493703
493704
493705
493706
493707
493708
493709
493710
493711
493712
493713
493714
493715
493716
493717
493718
493719
493720
493721
493722
493723
493724
493725
493726
493727
493728
493729
493730
493731
493732
493733
493734
493735
493736
493737
493738
493739
493740
493741
493742
493743
493744
493745
493746
493747
493748
493749
493750
493751
493752
493753
493754
493755
493756
493757
493758
493759
493760
493761
493762
493763
493764
493765
493766
493767
493768
493769
493770
493771
493772
493773
493774
493775
493776
493777
493778
493779
493780
493781
493782
493783
493784
493785
493786
493787
493788
493789
493790
493791
493792
493793
493794
493795
493796
493797
493798
493799
493800
493801
493802
493803
493804
493805
493806
493807
493808
493809
493810
493811
493812
493813
493814
493815
493816
493817
493818
493819
493820
493821
493822
493823
493824
493825
493826
493827
493828
493829
493830
493831
493832
493833
493834
493835
493836
493837
493838
493839
493840
493841
493842
493843
493844
493845
493846
493847
493848
493849
493850
493851
493852
493853
493854
493855
493856
493857
493858
493859
493860
493861
493862
493863
493864
493865
493866
493867
493868
493869
493870
493871
493872
493873
493874
493875
493876
493877
493878
493879
493880
493881
493882
493883
493884
493885
493886
493887
493888
493889
493890
493891
493892
493893
493894
493895
493896
493897
493898
493899
493900
493901
493902
493903
493904
493905
493906
493907
493908
493909
493910
493911
493912
493913
493914
493915
493916
493917
493918
493919
493920
493921
493922
493923
493924
493925
493926
493927
493928
493929
493930
493931
493932
493933
493934
493935
493936
493937
493938
493939
493940
493941
493942
493943
493944
493945
493946
493947
493948
493949
493950
493951
493952
493953
493954
493955
493956
493957
493958
493959
493960
493961
493962
493963
493964
493965
493966
493967
493968
493969
493970
493971
493972
493973
493974
493975
493976
493977
493978
493979
493980
493981
493982
493983
493984
493985
493986
493987
493988
493989
493990
493991
493992
493993
493994
493995
493996
493997
493998
493999
494000
494001
494002
494003
494004
494005
494006
494007
494008
494009
494010
494011
494012
494013
494014
494015
494016
494017
494018
494019
494020
494021
494022
494023
494024
494025
494026
494027
494028
494029
494030
494031
494032
494033
494034
494035
494036
494037
494038
494039
494040
494041
494042
494043
494044
494045
494046
494047
494048
494049
494050
494051
494052
494053
494054
494055
494056
494057
494058
494059
494060
494061
494062
494063
494064
494065
494066
494067
494068
494069
494070
494071
494072
494073
494074
494075
494076
494077
494078
494079
494080
494081
494082
494083
494084
494085
494086
494087
494088
494089
494090
494091
494092
494093
494094
494095
494096
494097
494098
494099
494100
494101
494102
494103
494104
494105
494106
494107
494108
494109
494110
494111
494112
494113
494114
494115
494116
494117
494118
494119
494120
494121
494122
494123
494124
494125
494126
494127
494128
494129
494130
494131
494132
494133
494134
494135
494136
494137
494138
494139
494140
494141
494142
494143
494144
494145
494146
494147
494148
494149
494150
494151
494152
494153
494154
494155
494156
494157
494158
494159
494160
494161
494162
494163
494164
494165
494166
494167
494168
494169
494170
494171
494172
494173
494174
494175
494176
494177
494178
494179
494180
494181
494182
494183
494184
494185
494186
494187
494188
494189
494190
494191
494192
494193
494194
494195
494196
494197
494198
494199
494200
494201
494202
494203
494204
494205
494206
494207
494208
494209
494210
494211
494212
494213
494214
494215
494216
494217
494218
494219
494220
494221
494222
494223
494224
494225
494226
494227
494228
494229
494230
494231
494232
494233
494234
494235
494236
494237
494238
494239
494240
494241
494242
494243
494244
494245
494246
494247
494248
494249
494250
494251
494252
494253
494254
494255
494256
494257
494258
494259
494260
494261
494262
494263
494264
494265
494266
494267
494268
494269
494270
494271
494272
494273
494274
494275
494276
494277
494278
494279
494280
494281
494282
494283
494284
494285
494286
494287
494288
494289
494290
494291
494292
494293
494294
494295
494296
494297
494298
494299
494300
494301
494302
494303
494304
494305
494306
494307
494308
494309
494310
494311
494312
494313
494314
494315
494316
494317
494318
494319
494320
494321
494322
494323
494324
494325
494326
494327
494328
494329
494330
494331
494332
494333
494334
494335
494336
494337
494338
494339
494340
494341
494342
494343
494344
494345
494346
494347
494348
494349
494350
494351
494352
494353
494354
494355
494356
494357
494358
494359
494360
494361
494362
494363
494364
494365
494366
494367
494368
494369
494370
494371
494372
494373
494374
494375
494376
494377
494378
494379
494380
494381
494382
494383
494384
494385
494386
494387
494388
494389
494390
494391
494392
494393
494394
494395
494396
494397
494398
494399
494400
494401
494402
494403
494404
494405
494406
494407
494408
494409
494410
494411
494412
494413
494414
494415
494416
494417
494418
494419
494420
494421
494422
494423
494424
494425
494426
494427
494428
494429
494430
494431
494432
494433
494434
494435
494436
494437
494438
494439
494440
494441
494442
494443
494444
494445
494446
494447
494448
494449
494450
494451
494452
494453
494454
494455
494456
494457
494458
494459
494460
494461
494462
494463
494464
494465
494466
494467
494468
494469
494470
494471
494472
494473
494474
494475
494476
494477
494478
494479
494480
494481
494482
494483
494484
494485
494486
494487
494488
494489
494490
494491
494492
494493
494494
494495
494496
494497
494498
494499
494500
494501
494502
494503
494504
494505
494506
494507
494508
494509
494510
494511
494512
494513
494514
494515
494516
494517
494518
494519
494520
494521
494522
494523
494524
494525
494526
494527
494528
494529
494530
494531
494532
494533
494534
494535
494536
494537
494538
494539
494540
494541
494542
494543
494544
494545
494546
494547
494548
494549
494550
494551
494552
494553
494554
494555
494556
494557
494558
494559
494560
494561
494562
494563
494564
494565
494566
494567
494568
494569
494570
494571
494572
494573
494574
494575
494576
494577
494578
494579
494580
494581
494582
494583
494584
494585
494586
494587
494588
494589
494590
494591
494592
494593
494594
494595
494596
494597
494598
494599
494600
494601
494602
494603
494604
494605
494606
494607
494608
494609
494610
494611
494612
494613
494614
494615
494616
494617
494618
494619
494620
494621
494622
494623
494624
494625
494626
494627
494628
494629
494630
494631
494632
494633
494634
494635
494636
494637
494638
494639
494640
494641
494642
494643
494644
494645
494646
494647
494648
494649
494650
494651
494652
494653
494654
494655
494656
494657
494658
494659
494660
494661
494662
494663
494664
494665
494666
494667
494668
494669
494670
494671
494672
494673
494674
494675
494676
494677
494678
494679
494680
494681
494682
494683
494684
494685
494686
494687
494688
494689
494690
494691
494692
494693
494694
494695
494696
494697
494698
494699
494700
494701
494702
494703
494704
494705
494706
494707
494708
494709
494710
494711
494712
494713
494714
494715
494716
494717
494718
494719
494720
494721
494722
494723
494724
494725
494726
494727
494728
494729
494730
494731
494732
494733
494734
494735
494736
494737
494738
494739
494740
494741
494742
494743
494744
494745
494746
494747
494748
494749
494750
494751
494752
494753
494754
494755
494756
494757
494758
494759
494760
494761
494762
494763
494764
494765
494766
494767
494768
494769
494770
494771
494772
494773
494774
494775
494776
494777
494778
494779
494780
494781
494782
494783
494784
494785
494786
494787
494788
494789
494790
494791
494792
494793
494794
494795
494796
494797
494798
494799
494800
494801
494802
494803
494804
494805
494806
494807
494808
494809
494810
494811
494812
494813
494814
494815
494816
494817
494818
494819
494820
494821
494822
494823
494824
494825
494826
494827
494828
494829
494830
494831
494832
494833
494834
494835
494836
494837
494838
494839
494840
494841
494842
494843
494844
494845
494846
494847
494848
494849
494850
494851
494852
494853
494854
494855
494856
494857
494858
494859
494860
494861
494862
494863
494864
494865
494866
494867
494868
494869
494870
494871
494872
494873
494874
494875
494876
494877
494878
494879
494880
494881
494882
494883
494884
494885
494886
494887
494888
494889
494890
494891
494892
494893
494894
494895
494896
494897
494898
494899
494900
494901
494902
494903
494904
494905
494906
494907
494908
494909
494910
494911
494912
494913
494914
494915
494916
494917
494918
494919
494920
494921
494922
494923
494924
494925
494926
494927
494928
494929
494930
494931
494932
494933
494934
494935
494936
494937
494938
494939
494940
494941
494942
494943
494944
494945
494946
494947
494948
494949
494950
494951
494952
494953
494954
494955
494956
494957
494958
494959
494960
494961
494962
494963
494964
494965
494966
494967
494968
494969
494970
494971
494972
494973
494974
494975
494976
494977
494978
494979
494980
494981
494982
494983
494984
494985
494986
494987
494988
494989
494990
494991
494992
494993
494994
494995
494996
494997
494998
494999
495000
495001
495002
495003
495004
495005
495006
495007
495008
495009
495010
495011
495012
495013
495014
495015
495016
495017
495018
495019
495020
495021
495022
495023
495024
495025
495026
495027
495028
495029
495030
495031
495032
495033
495034
495035
495036
495037
495038
495039
495040
495041
495042
495043
495044
495045
495046
495047
495048
495049
495050
495051
495052
495053
495054
495055
495056
495057
495058
495059
495060
495061
495062
495063
495064
495065
495066
495067
495068
495069
495070
495071
495072
495073
495074
495075
495076
495077
495078
495079
495080
495081
495082
495083
495084
495085
495086
495087
495088
495089
495090
495091
495092
495093
495094
495095
495096
495097
495098
495099
495100
495101
495102
495103
495104
495105
495106
495107
495108
495109
495110
495111
495112
495113
495114
495115
495116
495117
495118
495119
495120
495121
495122
495123
495124
495125
495126
495127
495128
495129
495130
495131
495132
495133
495134
495135
495136
495137
495138
495139
495140
495141
495142
495143
495144
495145
495146
495147
495148
495149
495150
495151
495152
495153
495154
495155
495156
495157
495158
495159
495160
495161
495162
495163
495164
495165
495166
495167
495168
495169
495170
495171
495172
495173
495174
495175
495176
495177
495178
495179
495180
495181
495182
495183
495184
495185
495186
495187
495188
495189
495190
495191
495192
495193
495194
495195
495196
495197
495198
495199
495200
495201
495202
495203
495204
495205
495206
495207
495208
495209
495210
495211
495212
495213
495214
495215
495216
495217
495218
495219
495220
495221
495222
495223
495224
495225
495226
495227
495228
495229
495230
495231
495232
495233
495234
495235
495236
495237
495238
495239
495240
495241
495242
495243
495244
495245
495246
495247
495248
495249
495250
495251
495252
495253
495254
495255
495256
495257
495258
495259
495260
495261
495262
495263
495264
495265
495266
495267
495268
495269
495270
495271
495272
495273
495274
495275
495276
495277
495278
495279
495280
495281
495282
495283
495284
495285
495286
495287
495288
495289
495290
495291
495292
495293
495294
495295
495296
495297
495298
495299
495300
495301
495302
495303
495304
495305
495306
495307
495308
495309
495310
495311
495312
495313
495314
495315
495316
495317
495318
495319
495320
495321
495322
495323
495324
495325
495326
495327
495328
495329
495330
495331
495332
495333
495334
495335
495336
495337
495338
495339
495340
495341
495342
495343
495344
495345
495346
495347
495348
495349
495350
495351
495352
495353
495354
495355
495356
495357
495358
495359
495360
495361
495362
495363
495364
495365
495366
495367
495368
495369
495370
495371
495372
495373
495374
495375
495376
495377
495378
495379
495380
495381
495382
495383
495384
495385
495386
495387
495388
495389
495390
495391
495392
495393
495394
495395
495396
495397
495398
495399
495400
495401
495402
495403
495404
495405
495406
495407
495408
495409
495410
495411
495412
495413
495414
495415
495416
495417
495418
495419
495420
495421
495422
495423
495424
495425
495426
495427
495428
495429
495430
495431
495432
495433
495434
495435
495436
495437
495438
495439
495440
495441
495442
495443
495444
495445
495446
495447
495448
495449
495450
495451
495452
495453
495454
495455
495456
495457
495458
495459
495460
495461
495462
495463
495464
495465
495466
495467
495468
495469
495470
495471
495472
495473
495474
495475
495476
495477
495478
495479
495480
495481
495482
495483
495484
495485
495486
495487
495488
495489
495490
495491
495492
495493
495494
495495
495496
495497
495498
495499
495500
495501
495502
495503
495504
495505
495506
495507
495508
495509
495510
495511
495512
495513
495514
495515
495516
495517
495518
495519
495520
495521
495522
495523
495524
495525
495526
495527
495528
495529
495530
495531
495532
495533
495534
495535
495536
495537
495538
495539
495540
495541
495542
495543
495544
495545
495546
495547
495548
495549
495550
495551
495552
495553
495554
495555
495556
495557
495558
495559
495560
495561
495562
495563
495564
495565
495566
495567
495568
495569
495570
495571
495572
495573
495574
495575
495576
495577
495578
495579
495580
495581
495582
495583
495584
495585
495586
495587
495588
495589
495590
495591
495592
495593
495594
495595
495596
495597
495598
495599
495600
495601
495602
495603
495604
495605
495606
495607
495608
495609
495610
495611
495612
495613
495614
495615
495616
495617
495618
495619
495620
495621
495622
495623
495624
495625
495626
495627
495628
495629
495630
495631
495632
495633
495634
495635
495636
495637
495638
495639
495640
495641
495642
495643
495644
495645
495646
495647
495648
495649
495650
495651
495652
495653
495654
495655
495656
495657
495658
495659
495660
495661
495662
495663
495664
495665
495666
495667
495668
495669
495670
495671
495672
495673
495674
495675
495676
495677
495678
495679
495680
495681
495682
495683
495684
495685
495686
495687
495688
495689
495690
495691
495692
495693
495694
495695
495696
495697
495698
495699
495700
495701
495702
495703
495704
495705
495706
495707
495708
495709
495710
495711
495712
495713
495714
495715
495716
495717
495718
495719
495720
495721
495722
495723
495724
495725
495726
495727
495728
495729
495730
495731
495732
495733
495734
495735
495736
495737
495738
495739
495740
495741
495742
495743
495744
495745
495746
495747
495748
495749
495750
495751
495752
495753
495754
495755
495756
495757
495758
495759
495760
495761
495762
495763
495764
495765
495766
495767
495768
495769
495770
495771
495772
495773
495774
495775
495776
495777
495778
495779
495780
495781
495782
495783
495784
495785
495786
495787
495788
495789
495790
495791
495792
495793
495794
495795
495796
495797
495798
495799
495800
495801
495802
495803
495804
495805
495806
495807
495808
495809
495810
495811
495812
495813
495814
495815
495816
495817
495818
495819
495820
495821
495822
495823
495824
495825
495826
495827
495828
495829
495830
495831
495832
495833
495834
495835
495836
495837
495838
495839
495840
495841
495842
495843
495844
495845
495846
495847
495848
495849
495850
495851
495852
495853
495854
495855
495856
495857
495858
495859
495860
495861
495862
495863
495864
495865
495866
495867
495868
495869
495870
495871
495872
495873
495874
495875
495876
495877
495878
495879
495880
495881
495882
495883
495884
495885
495886
495887
495888
495889
495890
495891
495892
495893
495894
495895
495896
495897
495898
495899
495900
495901
495902
495903
495904
495905
495906
495907
495908
495909
495910
495911
495912
495913
495914
495915
495916
495917
495918
495919
495920
495921
495922
495923
495924
495925
495926
495927
495928
495929
495930
495931
495932
495933
495934
495935
495936
495937
495938
495939
495940
495941
495942
495943
495944
495945
495946
495947
495948
495949
495950
495951
495952
495953
495954
495955
495956
495957
495958
495959
495960
495961
495962
495963
495964
495965
495966
495967
495968
495969
495970
495971
495972
495973
495974
495975
495976
495977
495978
495979
495980
495981
495982
495983
495984
495985
495986
495987
495988
495989
495990
495991
495992
495993
495994
495995
495996
495997
495998
495999
496000
496001
496002
496003
496004
496005
496006
496007
496008
496009
496010
496011
496012
496013
496014
496015
496016
496017
496018
496019
496020
496021
496022
496023
496024
496025
496026
496027
496028
496029
496030
496031
496032
496033
496034
496035
496036
496037
496038
496039
496040
496041
496042
496043
496044
496045
496046
496047
496048
496049
496050
496051
496052
496053
496054
496055
496056
496057
496058
496059
496060
496061
496062
496063
496064
496065
496066
496067
496068
496069
496070
496071
496072
496073
496074
496075
496076
496077
496078
496079
496080
496081
496082
496083
496084
496085
496086
496087
496088
496089
496090
496091
496092
496093
496094
496095
496096
496097
496098
496099
496100
496101
496102
496103
496104
496105
496106
496107
496108
496109
496110
496111
496112
496113
496114
496115
496116
496117
496118
496119
496120
496121
496122
496123
496124
496125
496126
496127
496128
496129
496130
496131
496132
496133
496134
496135
496136
496137
496138
496139
496140
496141
496142
496143
496144
496145
496146
496147
496148
496149
496150
496151
496152
496153
496154
496155
496156
496157
496158
496159
496160
496161
496162
496163
496164
496165
496166
496167
496168
496169
496170
496171
496172
496173
496174
496175
496176
496177
496178
496179
496180
496181
496182
496183
496184
496185
496186
496187
496188
496189
496190
496191
496192
496193
496194
496195
496196
496197
496198
496199
496200
496201
496202
496203
496204
496205
496206
496207
496208
496209
496210
496211
496212
496213
496214
496215
496216
496217
496218
496219
496220
496221
496222
496223
496224
496225
496226
496227
496228
496229
496230
496231
496232
496233
496234
496235
496236
496237
496238
496239
496240
496241
496242
496243
496244
496245
496246
496247
496248
496249
496250
496251
496252
496253
496254
496255
496256
496257
496258
496259
496260
496261
496262
496263
496264
496265
496266
496267
496268
496269
496270
496271
496272
496273
496274
496275
496276
496277
496278
496279
496280
496281
496282
496283
496284
496285
496286
496287
496288
496289
496290
496291
496292
496293
496294
496295
496296
496297
496298
496299
496300
496301
496302
496303
496304
496305
496306
496307
496308
496309
496310
496311
496312
496313
496314
496315
496316
496317
496318
496319
496320
496321
496322
496323
496324
496325
496326
496327
496328
496329
496330
496331
496332
496333
496334
496335
496336
496337
496338
496339
496340
496341
496342
496343
496344
496345
496346
496347
496348
496349
496350
496351
496352
496353
496354
496355
496356
496357
496358
496359
496360
496361
496362
496363
496364
496365
496366
496367
496368
496369
496370
496371
496372
496373
496374
496375
496376
496377
496378
496379
496380
496381
496382
496383
496384
496385
496386
496387
496388
496389
496390
496391
496392
496393
496394
496395
496396
496397
496398
496399
496400
496401
496402
496403
496404
496405
496406
496407
496408
496409
496410
496411
496412
496413
496414
496415
496416
496417
496418
496419
496420
496421
496422
496423
496424
496425
496426
496427
496428
496429
496430
496431
496432
496433
496434
496435
496436
496437
496438
496439
496440
496441
496442
496443
496444
496445
496446
496447
496448
496449
496450
496451
496452
496453
496454
496455
496456
496457
496458
496459
496460
496461
496462
496463
496464
496465
496466
496467
496468
496469
496470
496471
496472
496473
496474
496475
496476
496477
496478
496479
496480
496481
496482
496483
496484
496485
496486
496487
496488
496489
496490
496491
496492
496493
496494
496495
496496
496497
496498
496499
496500
496501
496502
496503
496504
496505
496506
496507
496508
496509
496510
496511
496512
496513
496514
496515
496516
496517
496518
496519
496520
496521
496522
496523
496524
496525
496526
496527
496528
496529
496530
496531
496532
496533
496534
496535
496536
496537
496538
496539
496540
496541
496542
496543
496544
496545
496546
496547
496548
496549
496550
496551
496552
496553
496554
496555
496556
496557
496558
496559
496560
496561
496562
496563
496564
496565
496566
496567
496568
496569
496570
496571
496572
496573
496574
496575
496576
496577
496578
496579
496580
496581
496582
496583
496584
496585
496586
496587
496588
496589
496590
496591
496592
496593
496594
496595
496596
496597
496598
496599
496600
496601
496602
496603
496604
496605
496606
496607
496608
496609
496610
496611
496612
496613
496614
496615
496616
496617
496618
496619
496620
496621
496622
496623
496624
496625
496626
496627
496628
496629
496630
496631
496632
496633
496634
496635
496636
496637
496638
496639
496640
496641
496642
496643
496644
496645
496646
496647
496648
496649
496650
496651
496652
496653
496654
496655
496656
496657
496658
496659
496660
496661
496662
496663
496664
496665
496666
496667
496668
496669
496670
496671
496672
496673
496674
496675
496676
496677
496678
496679
496680
496681
496682
496683
496684
496685
496686
496687
496688
496689
496690
496691
496692
496693
496694
496695
496696
496697
496698
496699
496700
496701
496702
496703
496704
496705
496706
496707
496708
496709
496710
496711
496712
496713
496714
496715
496716
496717
496718
496719
496720
496721
496722
496723
496724
496725
496726
496727
496728
496729
496730
496731
496732
496733
496734
496735
496736
496737
496738
496739
496740
496741
496742
496743
496744
496745
496746
496747
496748
496749
496750
496751
496752
496753
496754
496755
496756
496757
496758
496759
496760
496761
496762
496763
496764
496765
496766
496767
496768
496769
496770
496771
496772
496773
496774
496775
496776
496777
496778
496779
496780
496781
496782
496783
496784
496785
496786
496787
496788
496789
496790
496791
496792
496793
496794
496795
496796
496797
496798
496799
496800
496801
496802
496803
496804
496805
496806
496807
496808
496809
496810
496811
496812
496813
496814
496815
496816
496817
496818
496819
496820
496821
496822
496823
496824
496825
496826
496827
496828
496829
496830
496831
496832
496833
496834
496835
496836
496837
496838
496839
496840
496841
496842
496843
496844
496845
496846
496847
496848
496849
496850
496851
496852
496853
496854
496855
496856
496857
496858
496859
496860
496861
496862
496863
496864
496865
496866
496867
496868
496869
496870
496871
496872
496873
496874
496875
496876
496877
496878
496879
496880
496881
496882
496883
496884
496885
496886
496887
496888
496889
496890
496891
496892
496893
496894
496895
496896
496897
496898
496899
496900
496901
496902
496903
496904
496905
496906
496907
496908
496909
496910
496911
496912
496913
496914
496915
496916
496917
496918
496919
496920
496921
496922
496923
496924
496925
496926
496927
496928
496929
496930
496931
496932
496933
496934
496935
496936
496937
496938
496939
496940
496941
496942
496943
496944
496945
496946
496947
496948
496949
496950
496951
496952
496953
496954
496955
496956
496957
496958
496959
496960
496961
496962
496963
496964
496965
496966
496967
496968
496969
496970
496971
496972
496973
496974
496975
496976
496977
496978
496979
496980
496981
496982
496983
496984
496985
496986
496987
496988
496989
496990
496991
496992
496993
496994
496995
496996
496997
496998
496999
497000
497001
497002
497003
497004
497005
497006
497007
497008
497009
497010
497011
497012
497013
497014
497015
497016
497017
497018
497019
497020
497021
497022
497023
497024
497025
497026
497027
497028
497029
497030
497031
497032
497033
497034
497035
497036
497037
497038
497039
497040
497041
497042
497043
497044
497045
497046
497047
497048
497049
497050
497051
497052
497053
497054
497055
497056
497057
497058
497059
497060
497061
497062
497063
497064
497065
497066
497067
497068
497069
497070
497071
497072
497073
497074
497075
497076
497077
497078
497079
497080
497081
497082
497083
497084
497085
497086
497087
497088
497089
497090
497091
497092
497093
497094
497095
497096
497097
497098
497099
497100
497101
497102
497103
497104
497105
497106
497107
497108
497109
497110
497111
497112
497113
497114
497115
497116
497117
497118
497119
497120
497121
497122
497123
497124
497125
497126
497127
497128
497129
497130
497131
497132
497133
497134
497135
497136
497137
497138
497139
497140
497141
497142
497143
497144
497145
497146
497147
497148
497149
497150
497151
497152
497153
497154
497155
497156
497157
497158
497159
497160
497161
497162
497163
497164
497165
497166
497167
497168
497169
497170
497171
497172
497173
497174
497175
497176
497177
497178
497179
497180
497181
497182
497183
497184
497185
497186
497187
497188
497189
497190
497191
497192
497193
497194
497195
497196
497197
497198
497199
497200
497201
497202
497203
497204
497205
497206
497207
497208
497209
497210
497211
497212
497213
497214
497215
497216
497217
497218
497219
497220
497221
497222
497223
497224
497225
497226
497227
497228
497229
497230
497231
497232
497233
497234
497235
497236
497237
497238
497239
497240
497241
497242
497243
497244
497245
497246
497247
497248
497249
497250
497251
497252
497253
497254
497255
497256
497257
497258
497259
497260
497261
497262
497263
497264
497265
497266
497267
497268
497269
497270
497271
497272
497273
497274
497275
497276
497277
497278
497279
497280
497281
497282
497283
497284
497285
497286
497287
497288
497289
497290
497291
497292
497293
497294
497295
497296
497297
497298
497299
497300
497301
497302
497303
497304
497305
497306
497307
497308
497309
497310
497311
497312
497313
497314
497315
497316
497317
497318
497319
497320
497321
497322
497323
497324
497325
497326
497327
497328
497329
497330
497331
497332
497333
497334
497335
497336
497337
497338
497339
497340
497341
497342
497343
497344
497345
497346
497347
497348
497349
497350
497351
497352
497353
497354
497355
497356
497357
497358
497359
497360
497361
497362
497363
497364
497365
497366
497367
497368
497369
497370
497371
497372
497373
497374
497375
497376
497377
497378
497379
497380
497381
497382
497383
497384
497385
497386
497387
497388
497389
497390
497391
497392
497393
497394
497395
497396
497397
497398
497399
497400
497401
497402
497403
497404
497405
497406
497407
497408
497409
497410
497411
497412
497413
497414
497415
497416
497417
497418
497419
497420
497421
497422
497423
497424
497425
497426
497427
497428
497429
497430
497431
497432
497433
497434
497435
497436
497437
497438
497439
497440
497441
497442
497443
497444
497445
497446
497447
497448
497449
497450
497451
497452
497453
497454
497455
497456
497457
497458
497459
497460
497461
497462
497463
497464
497465
497466
497467
497468
497469
497470
497471
497472
497473
497474
497475
497476
497477
497478
497479
497480
497481
497482
497483
497484
497485
497486
497487
497488
497489
497490
497491
497492
497493
497494
497495
497496
497497
497498
497499
497500
497501
497502
497503
497504
497505
497506
497507
497508
497509
497510
497511
497512
497513
497514
497515
497516
497517
497518
497519
497520
497521
497522
497523
497524
497525
497526
497527
497528
497529
497530
497531
497532
497533
497534
497535
497536
497537
497538
497539
497540
497541
497542
497543
497544
497545
497546
497547
497548
497549
497550
497551
497552
497553
497554
497555
497556
497557
497558
497559
497560
497561
497562
497563
497564
497565
497566
497567
497568
497569
497570
497571
497572
497573
497574
497575
497576
497577
497578
497579
497580
497581
497582
497583
497584
497585
497586
497587
497588
497589
497590
497591
497592
497593
497594
497595
497596
497597
497598
497599
497600
497601
497602
497603
497604
497605
497606
497607
497608
497609
497610
497611
497612
497613
497614
497615
497616
497617
497618
497619
497620
497621
497622
497623
497624
497625
497626
497627
497628
497629
497630
497631
497632
497633
497634
497635
497636
497637
497638
497639
497640
497641
497642
497643
497644
497645
497646
497647
497648
497649
497650
497651
497652
497653
497654
497655
497656
497657
497658
497659
497660
497661
497662
497663
497664
497665
497666
497667
497668
497669
497670
497671
497672
497673
497674
497675
497676
497677
497678
497679
497680
497681
497682
497683
497684
497685
497686
497687
497688
497689
497690
497691
497692
497693
497694
497695
497696
497697
497698
497699
497700
497701
497702
497703
497704
497705
497706
497707
497708
497709
497710
497711
497712
497713
497714
497715
497716
497717
497718
497719
497720
497721
497722
497723
497724
497725
497726
497727
497728
497729
497730
497731
497732
497733
497734
497735
497736
497737
497738
497739
497740
497741
497742
497743
497744
497745
497746
497747
497748
497749
497750
497751
497752
497753
497754
497755
497756
497757
497758
497759
497760
497761
497762
497763
497764
497765
497766
497767
497768
497769
497770
497771
497772
497773
497774
497775
497776
497777
497778
497779
497780
497781
497782
497783
497784
497785
497786
497787
497788
497789
497790
497791
497792
497793
497794
497795
497796
497797
497798
497799
497800
497801
497802
497803
497804
497805
497806
497807
497808
497809
497810
497811
497812
497813
497814
497815
497816
497817
497818
497819
497820
497821
497822
497823
497824
497825
497826
497827
497828
497829
497830
497831
497832
497833
497834
497835
497836
497837
497838
497839
497840
497841
497842
497843
497844
497845
497846
497847
497848
497849
497850
497851
497852
497853
497854
497855
497856
497857
497858
497859
497860
497861
497862
497863
497864
497865
497866
497867
497868
497869
497870
497871
497872
497873
497874
497875
497876
497877
497878
497879
497880
497881
497882
497883
497884
497885
497886
497887
497888
497889
497890
497891
497892
497893
497894
497895
497896
497897
497898
497899
497900
497901
497902
497903
497904
497905
497906
497907
497908
497909
497910
497911
497912
497913
497914
497915
497916
497917
497918
497919
497920
497921
497922
497923
497924
497925
497926
497927
497928
497929
497930
497931
497932
497933
497934
497935
497936
497937
497938
497939
497940
497941
497942
497943
497944
497945
497946
497947
497948
497949
497950
497951
497952
497953
497954
497955
497956
497957
497958
497959
497960
497961
497962
497963
497964
497965
497966
497967
497968
497969
497970
497971
497972
497973
497974
497975
497976
497977
497978
497979
497980
497981
497982
497983
497984
497985
497986
497987
497988
497989
497990
497991
497992
497993
497994
497995
497996
497997
497998
497999
498000
498001
498002
498003
498004
498005
498006
498007
498008
498009
498010
498011
498012
498013
498014
498015
498016
498017
498018
498019
498020
498021
498022
498023
498024
498025
498026
498027
498028
498029
498030
498031
498032
498033
498034
498035
498036
498037
498038
498039
498040
498041
498042
498043
498044
498045
498046
498047
498048
498049
498050
498051
498052
498053
498054
498055
498056
498057
498058
498059
498060
498061
498062
498063
498064
498065
498066
498067
498068
498069
498070
498071
498072
498073
498074
498075
498076
498077
498078
498079
498080
498081
498082
498083
498084
498085
498086
498087
498088
498089
498090
498091
498092
498093
498094
498095
498096
498097
498098
498099
498100
498101
498102
498103
498104
498105
498106
498107
498108
498109
498110
498111
498112
498113
498114
498115
498116
498117
498118
498119
498120
498121
498122
498123
498124
498125
498126
498127
498128
498129
498130
498131
498132
498133
498134
498135
498136
498137
498138
498139
498140
498141
498142
498143
498144
498145
498146
498147
498148
498149
498150
498151
498152
498153
498154
498155
498156
498157
498158
498159
498160
498161
498162
498163
498164
498165
498166
498167
498168
498169
498170
498171
498172
498173
498174
498175
498176
498177
498178
498179
498180
498181
498182
498183
498184
498185
498186
498187
498188
498189
498190
498191
498192
498193
498194
498195
498196
498197
498198
498199
498200
498201
498202
498203
498204
498205
498206
498207
498208
498209
498210
498211
498212
498213
498214
498215
498216
498217
498218
498219
498220
498221
498222
498223
498224
498225
498226
498227
498228
498229
498230
498231
498232
498233
498234
498235
498236
498237
498238
498239
498240
498241
498242
498243
498244
498245
498246
498247
498248
498249
498250
498251
498252
498253
498254
498255
498256
498257
498258
498259
498260
498261
498262
498263
498264
498265
498266
498267
498268
498269
498270
498271
498272
498273
498274
498275
498276
498277
498278
498279
498280
498281
498282
498283
498284
498285
498286
498287
498288
498289
498290
498291
498292
498293
498294
498295
498296
498297
498298
498299
498300
498301
498302
498303
498304
498305
498306
498307
498308
498309
498310
498311
498312
498313
498314
498315
498316
498317
498318
498319
498320
498321
498322
498323
498324
498325
498326
498327
498328
498329
498330
498331
498332
498333
498334
498335
498336
498337
498338
498339
498340
498341
498342
498343
498344
498345
498346
498347
498348
498349
498350
498351
498352
498353
498354
498355
498356
498357
498358
498359
498360
498361
498362
498363
498364
498365
498366
498367
498368
498369
498370
498371
498372
498373
498374
498375
498376
498377
498378
498379
498380
498381
498382
498383
498384
498385
498386
498387
498388
498389
498390
498391
498392
498393
498394
498395
498396
498397
498398
498399
498400
498401
498402
498403
498404
498405
498406
498407
498408
498409
498410
498411
498412
498413
498414
498415
498416
498417
498418
498419
498420
498421
498422
498423
498424
498425
498426
498427
498428
498429
498430
498431
498432
498433
498434
498435
498436
498437
498438
498439
498440
498441
498442
498443
498444
498445
498446
498447
498448
498449
498450
498451
498452
498453
498454
498455
498456
498457
498458
498459
498460
498461
498462
498463
498464
498465
498466
498467
498468
498469
498470
498471
498472
498473
498474
498475
498476
498477
498478
498479
498480
498481
498482
498483
498484
498485
498486
498487
498488
498489
498490
498491
498492
498493
498494
498495
498496
498497
498498
498499
498500
498501
498502
498503
498504
498505
498506
498507
498508
498509
498510
498511
498512
498513
498514
498515
498516
498517
498518
498519
498520
498521
498522
498523
498524
498525
498526
498527
498528
498529
498530
498531
498532
498533
498534
498535
498536
498537
498538
498539
498540
498541
498542
498543
498544
498545
498546
498547
498548
498549
498550
498551
498552
498553
498554
498555
498556
498557
498558
498559
498560
498561
498562
498563
498564
498565
498566
498567
498568
498569
498570
498571
498572
498573
498574
498575
498576
498577
498578
498579
498580
498581
498582
498583
498584
498585
498586
498587
498588
498589
498590
498591
498592
498593
498594
498595
498596
498597
498598
498599
498600
498601
498602
498603
498604
498605
498606
498607
498608
498609
498610
498611
498612
498613
498614
498615
498616
498617
498618
498619
498620
498621
498622
498623
498624
498625
498626
498627
498628
498629
498630
498631
498632
498633
498634
498635
498636
498637
498638
498639
498640
498641
498642
498643
498644
498645
498646
498647
498648
498649
498650
498651
498652
498653
498654
498655
498656
498657
498658
498659
498660
498661
498662
498663
498664
498665
498666
498667
498668
498669
498670
498671
498672
498673
498674
498675
498676
498677
498678
498679
498680
498681
498682
498683
498684
498685
498686
498687
498688
498689
498690
498691
498692
498693
498694
498695
498696
498697
498698
498699
498700
498701
498702
498703
498704
498705
498706
498707
498708
498709
498710
498711
498712
498713
498714
498715
498716
498717
498718
498719
498720
498721
498722
498723
498724
498725
498726
498727
498728
498729
498730
498731
498732
498733
498734
498735
498736
498737
498738
498739
498740
498741
498742
498743
498744
498745
498746
498747
498748
498749
498750
498751
498752
498753
498754
498755
498756
498757
498758
498759
498760
498761
498762
498763
498764
498765
498766
498767
498768
498769
498770
498771
498772
498773
498774
498775
498776
498777
498778
498779
498780
498781
498782
498783
498784
498785
498786
498787
498788
498789
498790
498791
498792
498793
498794
498795
498796
498797
498798
498799
498800
498801
498802
498803
498804
498805
498806
498807
498808
498809
498810
498811
498812
498813
498814
498815
498816
498817
498818
498819
498820
498821
498822
498823
498824
498825
498826
498827
498828
498829
498830
498831
498832
498833
498834
498835
498836
498837
498838
498839
498840
498841
498842
498843
498844
498845
498846
498847
498848
498849
498850
498851
498852
498853
498854
498855
498856
498857
498858
498859
498860
498861
498862
498863
498864
498865
498866
498867
498868
498869
498870
498871
498872
498873
498874
498875
498876
498877
498878
498879
498880
498881
498882
498883
498884
498885
498886
498887
498888
498889
498890
498891
498892
498893
498894
498895
498896
498897
498898
498899
498900
498901
498902
498903
498904
498905
498906
498907
498908
498909
498910
498911
498912
498913
498914
498915
498916
498917
498918
498919
498920
498921
498922
498923
498924
498925
498926
498927
498928
498929
498930
498931
498932
498933
498934
498935
498936
498937
498938
498939
498940
498941
498942
498943
498944
498945
498946
498947
498948
498949
498950
498951
498952
498953
498954
498955
498956
498957
498958
498959
498960
498961
498962
498963
498964
498965
498966
498967
498968
498969
498970
498971
498972
498973
498974
498975
498976
498977
498978
498979
498980
498981
498982
498983
498984
498985
498986
498987
498988
498989
498990
498991
498992
498993
498994
498995
498996
498997
498998
498999
499000
499001
499002
499003
499004
499005
499006
499007
499008
499009
499010
499011
499012
499013
499014
499015
499016
499017
499018
499019
499020
499021
499022
499023
499024
499025
499026
499027
499028
499029
499030
499031
499032
499033
499034
499035
499036
499037
499038
499039
499040
499041
499042
499043
499044
499045
499046
499047
499048
499049
499050
499051
499052
499053
499054
499055
499056
499057
499058
499059
499060
499061
499062
499063
499064
499065
499066
499067
499068
499069
499070
499071
499072
499073
499074
499075
499076
499077
499078
499079
499080
499081
499082
499083
499084
499085
499086
499087
499088
499089
499090
499091
499092
499093
499094
499095
499096
499097
499098
499099
499100
499101
499102
499103
499104
499105
499106
499107
499108
499109
499110
499111
499112
499113
499114
499115
499116
499117
499118
499119
499120
499121
499122
499123
499124
499125
499126
499127
499128
499129
499130
499131
499132
499133
499134
499135
499136
499137
499138
499139
499140
499141
499142
499143
499144
499145
499146
499147
499148
499149
499150
499151
499152
499153
499154
499155
499156
499157
499158
499159
499160
499161
499162
499163
499164
499165
499166
499167
499168
499169
499170
499171
499172
499173
499174
499175
499176
499177
499178
499179
499180
499181
499182
499183
499184
499185
499186
499187
499188
499189
499190
499191
499192
499193
499194
499195
499196
499197
499198
499199
499200
499201
499202
499203
499204
499205
499206
499207
499208
499209
499210
499211
499212
499213
499214
499215
499216
499217
499218
499219
499220
499221
499222
499223
499224
499225
499226
499227
499228
499229
499230
499231
499232
499233
499234
499235
499236
499237
499238
499239
499240
499241
499242
499243
499244
499245
499246
499247
499248
499249
499250
499251
499252
499253
499254
499255
499256
499257
499258
499259
499260
499261
499262
499263
499264
499265
499266
499267
499268
499269
499270
499271
499272
499273
499274
499275
499276
499277
499278
499279
499280
499281
499282
499283
499284
499285
499286
499287
499288
499289
499290
499291
499292
499293
499294
499295
499296
499297
499298
499299
499300
499301
499302
499303
499304
499305
499306
499307
499308
499309
499310
499311
499312
499313
499314
499315
499316
499317
499318
499319
499320
499321
499322
499323
499324
499325
499326
499327
499328
499329
499330
499331
499332
499333
499334
499335
499336
499337
499338
499339
499340
499341
499342
499343
499344
499345
499346
499347
499348
499349
499350
499351
499352
499353
499354
499355
499356
499357
499358
499359
499360
499361
499362
499363
499364
499365
499366
499367
499368
499369
499370
499371
499372
499373
499374
499375
499376
499377
499378
499379
499380
499381
499382
499383
499384
499385
499386
499387
499388
499389
499390
499391
499392
499393
499394
499395
499396
499397
499398
499399
499400
499401
499402
499403
499404
499405
499406
499407
499408
499409
499410
499411
499412
499413
499414
499415
499416
499417
499418
499419
499420
499421
499422
499423
499424
499425
499426
499427
499428
499429
499430
499431
499432
499433
499434
499435
499436
499437
499438
499439
499440
499441
499442
499443
499444
499445
499446
499447
499448
499449
499450
499451
499452
499453
499454
499455
499456
499457
499458
499459
499460
499461
499462
499463
499464
499465
499466
499467
499468
499469
499470
499471
499472
499473
499474
499475
499476
499477
499478
499479
499480
499481
499482
499483
499484
499485
499486
499487
499488
499489
499490
499491
499492
499493
499494
499495
499496
499497
499498
499499
499500
499501
499502
499503
499504
499505
499506
499507
499508
499509
499510
499511
499512
499513
499514
499515
499516
499517
499518
499519
499520
499521
499522
499523
499524
499525
499526
499527
499528
499529
499530
499531
499532
499533
499534
499535
499536
499537
499538
499539
499540
499541
499542
499543
499544
499545
499546
499547
499548
499549
499550
499551
499552
499553
499554
499555
499556
499557
499558
499559
499560
499561
499562
499563
499564
499565
499566
499567
499568
499569
499570
499571
499572
499573
499574
499575
499576
499577
499578
499579
499580
499581
499582
499583
499584
499585
499586
499587
499588
499589
499590
499591
499592
499593
499594
499595
499596
499597
499598
499599
499600
499601
499602
499603
499604
499605
499606
499607
499608
499609
499610
499611
499612
499613
499614
499615
499616
499617
499618
499619
499620
499621
499622
499623
499624
499625
499626
499627
499628
499629
499630
499631
499632
499633
499634
499635
499636
499637
499638
499639
499640
499641
499642
499643
499644
499645
499646
499647
499648
499649
499650
499651
499652
499653
499654
499655
499656
499657
499658
499659
499660
499661
499662
499663
499664
499665
499666
499667
499668
499669
499670
499671
499672
499673
499674
499675
499676
499677
499678
499679
499680
499681
499682
499683
499684
499685
499686
499687
499688
499689
499690
499691
499692
499693
499694
499695
499696
499697
499698
499699
499700
499701
499702
499703
499704
499705
499706
499707
499708
499709
499710
499711
499712
499713
499714
499715
499716
499717
499718
499719
499720
499721
499722
499723
499724
499725
499726
499727
499728
499729
499730
499731
499732
499733
499734
499735
499736
499737
499738
499739
499740
499741
499742
499743
499744
499745
499746
499747
499748
499749
499750
499751
499752
499753
499754
499755
499756
499757
499758
499759
499760
499761
499762
499763
499764
499765
499766
499767
499768
499769
499770
499771
499772
499773
499774
499775
499776
499777
499778
499779
499780
499781
499782
499783
499784
499785
499786
499787
499788
499789
499790
499791
499792
499793
499794
499795
499796
499797
499798
499799
499800
499801
499802
499803
499804
499805
499806
499807
499808
499809
499810
499811
499812
499813
499814
499815
499816
499817
499818
499819
499820
499821
499822
499823
499824
499825
499826
499827
499828
499829
499830
499831
499832
499833
499834
499835
499836
499837
499838
499839
499840
499841
499842
499843
499844
499845
499846
499847
499848
499849
499850
499851
499852
499853
499854
499855
499856
499857
499858
499859
499860
499861
499862
499863
499864
499865
499866
499867
499868
499869
499870
499871
499872
499873
499874
499875
499876
499877
499878
499879
499880
499881
499882
499883
499884
499885
499886
499887
499888
499889
499890
499891
499892
499893
499894
499895
499896
499897
499898
499899
499900
499901
499902
499903
499904
499905
499906
499907
499908
499909
499910
499911
499912
499913
499914
499915
499916
499917
499918
499919
499920
499921
499922
499923
499924
499925
499926
499927
499928
499929
499930
499931
499932
499933
499934
499935
499936
499937
499938
499939
499940
499941
499942
499943
499944
499945
499946
499947
499948
499949
499950
499951
499952
499953
499954
499955
499956
499957
499958
499959
499960
499961
499962
499963
499964
499965
499966
499967
499968
499969
499970
499971
499972
499973
499974
499975
499976
499977
499978
499979
499980
499981
499982
499983
499984
499985
499986
499987
499988
499989
499990
499991
499992
499993
499994
499995
499996
499997
499998
499999
500000
500001
500002
500003
500004
500005
500006
500007
500008
500009
500010
500011
500012
500013
500014
500015
500016
500017
500018
500019
500020
500021
500022
500023
500024
500025
500026
500027
500028
500029
500030
500031
500032
500033
500034
500035
500036
500037
500038
500039
500040
500041
500042
500043
500044
500045
500046
500047
500048
500049
500050
500051
500052
500053
500054
500055
500056
500057
500058
500059
500060
500061
500062
500063
500064
500065
500066
500067
500068
500069
500070
500071
500072
500073
500074
500075
500076
500077
500078
500079
500080
500081
500082
500083
500084
500085
500086
500087
500088
500089
500090
500091
500092
500093
500094
500095
500096
500097
500098
500099
500100
500101
500102
500103
500104
500105
500106
500107
500108
500109
500110
500111
500112
500113
500114
500115
500116
500117
500118
500119
500120
500121
500122
500123
500124
500125
500126
500127
500128
500129
500130
500131
500132
500133
500134
500135
500136
500137
500138
500139
500140
500141
500142
500143
500144
500145
500146
500147
500148
500149
500150
500151
500152
500153
500154
500155
500156
500157
500158
500159
500160
500161
500162
500163
500164
500165
500166
500167
500168
500169
500170
500171
500172
500173
500174
500175
500176
500177
500178
500179
500180
500181
500182
500183
500184
500185
500186
500187
500188
500189
500190
500191
500192
500193
500194
500195
500196
500197
500198
500199
500200
500201
500202
500203
500204
500205
500206
500207
500208
500209
500210
500211
500212
500213
500214
500215
500216
500217
500218
500219
500220
500221
500222
500223
500224
500225
500226
500227
500228
500229
500230
500231
500232
500233
500234
500235
500236
500237
500238
500239
500240
500241
500242
500243
500244
500245
500246
500247
500248
500249
500250
500251
500252
500253
500254
500255
500256
500257
500258
500259
500260
500261
500262
500263
500264
500265
500266
500267
500268
500269
500270
500271
500272
500273
500274
500275
500276
500277
500278
500279
500280
500281
500282
500283
500284
500285
500286
500287
500288
500289
500290
500291
500292
500293
500294
500295
500296
500297
500298
500299
500300
500301
500302
500303
500304
500305
500306
500307
500308
500309
500310
500311
500312
500313
500314
500315
500316
500317
500318
500319
500320
500321
500322
500323
500324
500325
500326
500327
500328
500329
500330
500331
500332
500333
500334
500335
500336
500337
500338
500339
500340
500341
500342
500343
500344
500345
500346
500347
500348
500349
500350
500351
500352
500353
500354
500355
500356
500357
500358
500359
500360
500361
500362
500363
500364
500365
500366
500367
500368
500369
500370
500371
500372
500373
500374
500375
500376
500377
500378
500379
500380
500381
500382
500383
500384
500385
500386
500387
500388
500389
500390
500391
500392
500393
500394
500395
500396
500397
500398
500399
500400
500401
500402
500403
500404
500405
500406
500407
500408
500409
500410
500411
500412
500413
500414
500415
500416
500417
500418
500419
500420
500421
500422
500423
500424
500425
500426
500427
500428
500429
500430
500431
500432
500433
500434
500435
500436
500437
500438
500439
500440
500441
500442
500443
500444
500445
500446
500447
500448
500449
500450
500451
500452
500453
500454
500455
500456
500457
500458
500459
500460
500461
500462
500463
500464
500465
500466
500467
500468
500469
500470
500471
500472
500473
500474
500475
500476
500477
500478
500479
500480
500481
500482
500483
500484
500485
500486
500487
500488
500489
500490
500491
500492
500493
500494
500495
500496
500497
500498
500499
500500
500501
500502
500503
500504
500505
500506
500507
500508
500509
500510
500511
500512
500513
500514
500515
500516
500517
500518
500519
500520
500521
500522
500523
500524
500525
500526
500527
500528
500529
500530
500531
500532
500533
500534
500535
500536
500537
500538
500539
500540
500541
500542
500543
500544
500545
500546
500547
500548
500549
500550
500551
500552
500553
500554
500555
500556
500557
500558
500559
500560
500561
500562
500563
500564
500565
500566
500567
500568
500569
500570
500571
500572
500573
500574
500575
500576
500577
500578
500579
500580
500581
500582
500583
500584
500585
500586
500587
500588
500589
500590
500591
500592
500593
500594
500595
500596
500597
500598
500599
500600
500601
500602
500603
500604
500605
500606
500607
500608
500609
500610
500611
500612
500613
500614
500615
500616
500617
500618
500619
500620
500621
500622
500623
500624
500625
500626
500627
500628
500629
500630
500631
500632
500633
500634
500635
500636
500637
500638
500639
500640
500641
500642
500643
500644
500645
500646
500647
500648
500649
500650
500651
500652
500653
500654
500655
500656
500657
500658
500659
500660
500661
500662
500663
500664
500665
500666
500667
500668
500669
500670
500671
500672
500673
500674
500675
500676
500677
500678
500679
500680
500681
500682
500683
500684
500685
500686
500687
500688
500689
500690
500691
500692
500693
500694
500695
500696
500697
500698
500699
500700
500701
500702
500703
500704
500705
500706
500707
500708
500709
500710
500711
500712
500713
500714
500715
500716
500717
500718
500719
500720
500721
500722
500723
500724
500725
500726
500727
500728
500729
500730
500731
500732
500733
500734
500735
500736
500737
500738
500739
500740
500741
500742
500743
500744
500745
500746
500747
500748
500749
500750
500751
500752
500753
500754
500755
500756
500757
500758
500759
500760
500761
500762
500763
500764
500765
500766
500767
500768
500769
500770
500771
500772
500773
500774
500775
500776
500777
500778
500779
500780
500781
500782
500783
500784
500785
500786
500787
500788
500789
500790
500791
500792
500793
500794
500795
500796
500797
500798
500799
500800
500801
500802
500803
500804
500805
500806
500807
500808
500809
500810
500811
500812
500813
500814
500815
500816
500817
500818
500819
500820
500821
500822
500823
500824
500825
500826
500827
500828
500829
500830
500831
500832
500833
500834
500835
500836
500837
500838
500839
500840
500841
500842
500843
500844
500845
500846
500847
500848
500849
500850
500851
500852
500853
500854
500855
500856
500857
500858
500859
500860
500861
500862
500863
500864
500865
500866
500867
500868
500869
500870
500871
500872
500873
500874
500875
500876
500877
500878
500879
500880
500881
500882
500883
500884
500885
500886
500887
500888
500889
500890
500891
500892
500893
500894
500895
500896
500897
500898
500899
500900
500901
500902
500903
500904
500905
500906
500907
500908
500909
500910
500911
500912
500913
500914
500915
500916
500917
500918
500919
500920
500921
500922
500923
500924
500925
500926
500927
500928
500929
500930
500931
500932
500933
500934
500935
500936
500937
500938
500939
500940
500941
500942
500943
500944
500945
500946
500947
500948
500949
500950
500951
500952
500953
500954
500955
500956
500957
500958
500959
500960
500961
500962
500963
500964
500965
500966
500967
500968
500969
500970
500971
500972
500973
500974
500975
500976
500977
500978
500979
500980
500981
500982
500983
500984
500985
500986
500987
500988
500989
500990
500991
500992
500993
500994
500995
500996
500997
500998
500999
501000
501001
501002
501003
501004
501005
501006
501007
501008
501009
501010
501011
501012
501013
501014
501015
501016
501017
501018
501019
501020
501021
501022
501023
501024
501025
501026
501027
501028
501029
501030
501031
501032
501033
501034
501035
501036
501037
501038
501039
501040
501041
501042
501043
501044
501045
501046
501047
501048
501049
501050
501051
501052
501053
501054
501055
501056
501057
501058
501059
501060
501061
501062
501063
501064
501065
501066
501067
501068
501069
501070
501071
501072
501073
501074
501075
501076
501077
501078
501079
501080
501081
501082
501083
501084
501085
501086
501087
501088
501089
501090
501091
501092
501093
501094
501095
501096
501097
501098
501099
501100
501101
501102
501103
501104
501105
501106
501107
501108
501109
501110
501111
501112
501113
501114
501115
501116
501117
501118
501119
501120
501121
501122
501123
501124
501125
501126
501127
501128
501129
501130
501131
501132
501133
501134
501135
501136
501137
501138
501139
501140
501141
501142
501143
501144
501145
501146
501147
501148
501149
501150
501151
501152
501153
501154
501155
501156
501157
501158
501159
501160
501161
501162
501163
501164
501165
501166
501167
501168
501169
501170
501171
501172
501173
501174
501175
501176
501177
501178
501179
501180
501181
501182
501183
501184
501185
501186
501187
501188
501189
501190
501191
501192
501193
501194
501195
501196
501197
501198
501199
501200
501201
501202
501203
501204
501205
501206
501207
501208
501209
501210
501211
501212
501213
501214
501215
501216
501217
501218
501219
501220
501221
501222
501223
501224
501225
501226
501227
501228
501229
501230
501231
501232
501233
501234
501235
501236
501237
501238
501239
501240
501241
501242
501243
501244
501245
501246
501247
501248
501249
501250
501251
501252
501253
501254
501255
501256
501257
501258
501259
501260
501261
501262
501263
501264
501265
501266
501267
501268
501269
501270
501271
501272
501273
501274
501275
501276
501277
501278
501279
501280
501281
501282
501283
501284
501285
501286
501287
501288
501289
501290
501291
501292
501293
501294
501295
501296
501297
501298
501299
501300
501301
501302
501303
501304
501305
501306
501307
501308
501309
501310
501311
501312
501313
501314
501315
501316
501317
501318
501319
501320
501321
501322
501323
501324
501325
501326
501327
501328
501329
501330
501331
501332
501333
501334
501335
501336
501337
501338
501339
501340
501341
501342
501343
501344
501345
501346
501347
501348
501349
501350
501351
501352
501353
501354
501355
501356
501357
501358
501359
501360
501361
501362
501363
501364
501365
501366
501367
501368
501369
501370
501371
501372
501373
501374
501375
501376
501377
501378
501379
501380
501381
501382
501383
501384
501385
501386
501387
501388
501389
501390
501391
501392
501393
501394
501395
501396
501397
501398
501399
501400
501401
501402
501403
501404
501405
501406
501407
501408
501409
501410
501411
501412
501413
501414
501415
501416
501417
501418
501419
501420
501421
501422
501423
501424
501425
501426
501427
501428
501429
501430
501431
501432
501433
501434
501435
501436
501437
501438
501439
501440
501441
501442
501443
501444
501445
501446
501447
501448
501449
501450
501451
501452
501453
501454
501455
501456
501457
501458
501459
501460
501461
501462
501463
501464
501465
501466
501467
501468
501469
501470
501471
501472
501473
501474
501475
501476
501477
501478
501479
501480
501481
501482
501483
501484
501485
501486
501487
501488
501489
501490
501491
501492
501493
501494
501495
501496
501497
501498
501499
501500
501501
501502
501503
501504
501505
501506
501507
501508
501509
501510
501511
501512
501513
501514
501515
501516
501517
501518
501519
501520
501521
501522
501523
501524
501525
501526
501527
501528
501529
501530
501531
501532
501533
501534
501535
501536
501537
501538
501539
501540
501541
501542
501543
501544
501545
501546
501547
501548
501549
501550
501551
501552
501553
501554
501555
501556
501557
501558
501559
501560
501561
501562
501563
501564
501565
501566
501567
501568
501569
501570
501571
501572
501573
501574
501575
501576
501577
501578
501579
501580
501581
501582
501583
501584
501585
501586
501587
501588
501589
501590
501591
501592
501593
501594
501595
501596
501597
501598
501599
501600
501601
501602
501603
501604
501605
501606
501607
501608
501609
501610
501611
501612
501613
501614
501615
501616
501617
501618
501619
501620
501621
501622
501623
501624
501625
501626
501627
501628
501629
501630
501631
501632
501633
501634
501635
501636
501637
501638
501639
501640
501641
501642
501643
501644
501645
501646
501647
501648
501649
501650
501651
501652
501653
501654
501655
501656
501657
501658
501659
501660
501661
501662
501663
501664
501665
501666
501667
501668
501669
501670
501671
501672
501673
501674
501675
501676
501677
501678
501679
501680
501681
501682
501683
501684
501685
501686
501687
501688
501689
501690
501691
501692
501693
501694
501695
501696
501697
501698
501699
501700
501701
501702
501703
501704
501705
501706
501707
501708
501709
501710
501711
501712
501713
501714
501715
501716
501717
501718
501719
501720
501721
501722
501723
501724
501725
501726
501727
501728
501729
501730
501731
501732
501733
501734
501735
501736
501737
501738
501739
501740
501741
501742
501743
501744
501745
501746
501747
501748
501749
501750
501751
501752
501753
501754
501755
501756
501757
501758
501759
501760
501761
501762
501763
501764
501765
501766
501767
501768
501769
501770
501771
501772
501773
501774
501775
501776
501777
501778
501779
501780
501781
501782
501783
501784
501785
501786
501787
501788
501789
501790
501791
501792
501793
501794
501795
501796
501797
501798
501799
501800
501801
501802
501803
501804
501805
501806
501807
501808
501809
501810
501811
501812
501813
501814
501815
501816
501817
501818
501819
501820
501821
501822
501823
501824
501825
501826
501827
501828
501829
501830
501831
501832
501833
501834
501835
501836
501837
501838
501839
501840
501841
501842
501843
501844
501845
501846
501847
501848
501849
501850
501851
501852
501853
501854
501855
501856
501857
501858
501859
501860
501861
501862
501863
501864
501865
501866
501867
501868
501869
501870
501871
501872
501873
501874
501875
501876
501877
501878
501879
501880
501881
501882
501883
501884
501885
501886
501887
501888
501889
501890
501891
501892
501893
501894
501895
501896
501897
501898
501899
501900
501901
501902
501903
501904
501905
501906
501907
501908
501909
501910
501911
501912
501913
501914
501915
501916
501917
501918
501919
501920
501921
501922
501923
501924
501925
501926
501927
501928
501929
501930
501931
501932
501933
501934
501935
501936
501937
501938
501939
501940
501941
501942
501943
501944
501945
501946
501947
501948
501949
501950
501951
501952
501953
501954
501955
501956
501957
501958
501959
501960
501961
501962
501963
501964
501965
501966
501967
501968
501969
501970
501971
501972
501973
501974
501975
501976
501977
501978
501979
501980
501981
501982
501983
501984
501985
501986
501987
501988
501989
501990
501991
501992
501993
501994
501995
501996
501997
501998
501999
502000
502001
502002
502003
502004
502005
502006
502007
502008
502009
502010
502011
502012
502013
502014
502015
502016
502017
502018
502019
502020
502021
502022
502023
502024
502025
502026
502027
502028
502029
502030
502031
502032
502033
502034
502035
502036
502037
502038
502039
502040
502041
502042
502043
502044
502045
502046
502047
502048
502049
502050
502051
502052
502053
502054
502055
502056
502057
502058
502059
502060
502061
502062
502063
502064
502065
502066
502067
502068
502069
502070
502071
502072
502073
502074
502075
502076
502077
502078
502079
502080
502081
502082
502083
502084
502085
502086
502087
502088
502089
502090
502091
502092
502093
502094
502095
502096
502097
502098
502099
502100
502101
502102
502103
502104
502105
502106
502107
502108
502109
502110
502111
502112
502113
502114
502115
502116
502117
502118
502119
502120
502121
502122
502123
502124
502125
502126
502127
502128
502129
502130
502131
502132
502133
502134
502135
502136
502137
502138
502139
502140
502141
502142
502143
502144
502145
502146
502147
502148
502149
502150
502151
502152
502153
502154
502155
502156
502157
502158
502159
502160
502161
502162
502163
502164
502165
502166
502167
502168
502169
502170
502171
502172
502173
502174
502175
502176
502177
502178
502179
502180
502181
502182
502183
502184
502185
502186
502187
502188
502189
502190
502191
502192
502193
502194
502195
502196
502197
502198
502199
502200
502201
502202
502203
502204
502205
502206
502207
502208
502209
502210
502211
502212
502213
502214
502215
502216
502217
502218
502219
502220
502221
502222
502223
502224
502225
502226
502227
502228
502229
502230
502231
502232
502233
502234
502235
502236
502237
502238
502239
502240
502241
502242
502243
502244
502245
502246
502247
502248
502249
502250
502251
502252
502253
502254
502255
502256
502257
502258
502259
502260
502261
502262
502263
502264
502265
502266
502267
502268
502269
502270
502271
502272
502273
502274
502275
502276
502277
502278
502279
502280
502281
502282
502283
502284
502285
502286
502287
502288
502289
502290
502291
502292
502293
502294
502295
502296
502297
502298
502299
502300
502301
502302
502303
502304
502305
502306
502307
502308
502309
502310
502311
502312
502313
502314
502315
502316
502317
502318
502319
502320
502321
502322
502323
502324
502325
502326
502327
502328
502329
502330
502331
502332
502333
502334
502335
502336
502337
502338
502339
502340
502341
502342
502343
502344
502345
502346
502347
502348
502349
502350
502351
502352
502353
502354
502355
502356
502357
502358
502359
502360
502361
502362
502363
502364
502365
502366
502367
502368
502369
502370
502371
502372
502373
502374
502375
502376
502377
502378
502379
502380
502381
502382
502383
502384
502385
502386
502387
502388
502389
502390
502391
502392
502393
502394
502395
502396
502397
502398
502399
502400
502401
502402
502403
502404
502405
502406
502407
502408
502409
502410
502411
502412
502413
502414
502415
502416
502417
502418
502419
502420
502421
502422
502423
502424
502425
502426
502427
502428
502429
502430
502431
502432
502433
502434
502435
502436
502437
502438
502439
502440
502441
502442
502443
502444
502445
502446
502447
502448
502449
502450
502451
502452
502453
502454
502455
502456
502457
502458
502459
502460
502461
502462
502463
502464
502465
502466
502467
502468
502469
502470
502471
502472
502473
502474
502475
502476
502477
502478
502479
502480
502481
502482
502483
502484
502485
502486
502487
502488
502489
502490
502491
502492
502493
502494
502495
502496
502497
502498
502499
502500
502501
502502
502503
502504
502505
502506
502507
502508
502509
502510
502511
502512
502513
502514
502515
502516
502517
502518
502519
502520
502521
502522
502523
502524
502525
502526
502527
502528
502529
502530
502531
502532
502533
502534
502535
502536
502537
502538
502539
502540
502541
502542
502543
502544
502545
502546
502547
502548
502549
502550
502551
502552
502553
502554
502555
502556
502557
502558
502559
502560
502561
502562
502563
502564
502565
502566
502567
502568
502569
502570
502571
502572
502573
502574
502575
502576
502577
502578
502579
502580
502581
502582
502583
502584
502585
502586
502587
502588
502589
502590
502591
502592
502593
502594
502595
502596
502597
502598
502599
502600
502601
502602
502603
502604
502605
502606
502607
502608
502609
502610
502611
502612
502613
502614
502615
502616
502617
502618
502619
502620
502621
502622
502623
502624
502625
502626
502627
502628
502629
502630
502631
502632
502633
502634
502635
502636
502637
502638
502639
502640
502641
502642
502643
502644
502645
502646
502647
502648
502649
502650
502651
502652
502653
502654
502655
502656
502657
502658
502659
502660
502661
502662
502663
502664
502665
502666
502667
502668
502669
502670
502671
502672
502673
502674
502675
502676
502677
502678
502679
502680
502681
502682
502683
502684
502685
502686
502687
502688
502689
502690
502691
502692
502693
502694
502695
502696
502697
502698
502699
502700
502701
502702
502703
502704
502705
502706
502707
502708
502709
502710
502711
502712
502713
502714
502715
502716
502717
502718
502719
502720
502721
502722
502723
502724
502725
502726
502727
502728
502729
502730
502731
502732
502733
502734
502735
502736
502737
502738
502739
502740
502741
502742
502743
502744
502745
502746
502747
502748
502749
502750
502751
502752
502753
502754
502755
502756
502757
502758
502759
502760
502761
502762
502763
502764
502765
502766
502767
502768
502769
502770
502771
502772
502773
502774
502775
502776
502777
502778
502779
502780
502781
502782
502783
502784
502785
502786
502787
502788
502789
502790
502791
502792
502793
502794
502795
502796
502797
502798
502799
502800
502801
502802
502803
502804
502805
502806
502807
502808
502809
502810
502811
502812
502813
502814
502815
502816
502817
502818
502819
502820
502821
502822
502823
502824
502825
502826
502827
502828
502829
502830
502831
502832
502833
502834
502835
502836
502837
502838
502839
502840
502841
502842
502843
502844
502845
502846
502847
502848
502849
502850
502851
502852
502853
502854
502855
502856
502857
502858
502859
502860
502861
502862
502863
502864
502865
502866
502867
502868
502869
502870
502871
502872
502873
502874
502875
502876
502877
502878
502879
502880
502881
502882
502883
502884
502885
502886
502887
502888
502889
502890
502891
502892
502893
502894
502895
502896
502897
502898
502899
502900
502901
502902
502903
502904
502905
502906
502907
502908
502909
502910
502911
502912
502913
502914
502915
502916
502917
502918
502919
502920
502921
502922
502923
502924
502925
502926
502927
502928
502929
502930
502931
502932
502933
502934
502935
502936
502937
502938
502939
502940
502941
502942
502943
502944
502945
502946
502947
502948
502949
502950
502951
502952
502953
502954
502955
502956
502957
502958
502959
502960
502961
502962
502963
502964
502965
502966
502967
502968
502969
502970
502971
502972
502973
502974
502975
502976
502977
502978
502979
502980
502981
502982
502983
502984
502985
502986
502987
502988
502989
502990
502991
502992
502993
502994
502995
502996
502997
502998
502999
503000
503001
503002
503003
503004
503005
503006
503007
503008
503009
503010
503011
503012
503013
503014
503015
503016
503017
503018
503019
503020
503021
503022
503023
503024
503025
503026
503027
503028
503029
503030
503031
503032
503033
503034
503035
503036
503037
503038
503039
503040
503041
503042
503043
503044
503045
503046
503047
503048
503049
503050
503051
503052
503053
503054
503055
503056
503057
503058
503059
503060
503061
503062
503063
503064
503065
503066
503067
503068
503069
503070
503071
503072
503073
503074
503075
503076
503077
503078
503079
503080
503081
503082
503083
503084
503085
503086
503087
503088
503089
503090
503091
503092
503093
503094
503095
503096
503097
503098
503099
503100
503101
503102
503103
503104
503105
503106
503107
503108
503109
503110
503111
503112
503113
503114
503115
503116
503117
503118
503119
503120
503121
503122
503123
503124
503125
503126
503127
503128
503129
503130
503131
503132
503133
503134
503135
503136
503137
503138
503139
503140
503141
503142
503143
503144
503145
503146
503147
503148
503149
503150
503151
503152
503153
503154
503155
503156
503157
503158
503159
503160
503161
503162
503163
503164
503165
503166
503167
503168
503169
503170
503171
503172
503173
503174
503175
503176
503177
503178
503179
503180
503181
503182
503183
503184
503185
503186
503187
503188
503189
503190
503191
503192
503193
503194
503195
503196
503197
503198
503199
503200
503201
503202
503203
503204
503205
503206
503207
503208
503209
503210
503211
503212
503213
503214
503215
503216
503217
503218
503219
503220
503221
503222
503223
503224
503225
503226
503227
503228
503229
503230
503231
503232
503233
503234
503235
503236
503237
503238
503239
503240
503241
503242
503243
503244
503245
503246
503247
503248
503249
503250
503251
503252
503253
503254
503255
503256
503257
503258
503259
503260
503261
503262
503263
503264
503265
503266
503267
503268
503269
503270
503271
503272
503273
503274
503275
503276
503277
503278
503279
503280
503281
503282
503283
503284
503285
503286
503287
503288
503289
503290
503291
503292
503293
503294
503295
503296
503297
503298
503299
503300
503301
503302
503303
503304
503305
503306
503307
503308
503309
503310
503311
503312
503313
503314
503315
503316
503317
503318
503319
503320
503321
503322
503323
503324
503325
503326
503327
503328
503329
503330
503331
503332
503333
503334
503335
503336
503337
503338
503339
503340
503341
503342
503343
503344
503345
503346
503347
503348
503349
503350
503351
503352
503353
503354
503355
503356
503357
503358
503359
503360
503361
503362
503363
503364
503365
503366
503367
503368
503369
503370
503371
503372
503373
503374
503375
503376
503377
503378
503379
503380
503381
503382
503383
503384
503385
503386
503387
503388
503389
503390
503391
503392
503393
503394
503395
503396
503397
503398
503399
503400
503401
503402
503403
503404
503405
503406
503407
503408
503409
503410
503411
503412
503413
503414
503415
503416
503417
503418
503419
503420
503421
503422
503423
503424
503425
503426
503427
503428
503429
503430
503431
503432
503433
503434
503435
503436
503437
503438
503439
503440
503441
503442
503443
503444
503445
503446
503447
503448
503449
503450
503451
503452
503453
503454
503455
503456
503457
503458
503459
503460
503461
503462
503463
503464
503465
503466
503467
503468
503469
503470
503471
503472
503473
503474
503475
503476
503477
503478
503479
503480
503481
503482
503483
503484
503485
503486
503487
503488
503489
503490
503491
503492
503493
503494
503495
503496
503497
503498
503499
503500
503501
503502
503503
503504
503505
503506
503507
503508
503509
503510
503511
503512
503513
503514
503515
503516
503517
503518
503519
503520
503521
503522
503523
503524
503525
503526
503527
503528
503529
503530
503531
503532
503533
503534
503535
503536
503537
503538
503539
503540
503541
503542
503543
503544
503545
503546
503547
503548
503549
503550
503551
503552
503553
503554
503555
503556
503557
503558
503559
503560
503561
503562
503563
503564
503565
503566
503567
503568
503569
503570
503571
503572
503573
503574
503575
503576
503577
503578
503579
503580
503581
503582
503583
503584
503585
503586
503587
503588
503589
503590
503591
503592
503593
503594
503595
503596
503597
503598
503599
503600
503601
503602
503603
503604
503605
503606
503607
503608
503609
503610
503611
503612
503613
503614
503615
503616
503617
503618
503619
503620
503621
503622
503623
503624
503625
503626
503627
503628
503629
503630
503631
503632
503633
503634
503635
503636
503637
503638
503639
503640
503641
503642
503643
503644
503645
503646
503647
503648
503649
503650
503651
503652
503653
503654
503655
503656
503657
503658
503659
503660
503661
503662
503663
503664
503665
503666
503667
503668
503669
503670
503671
503672
503673
503674
503675
503676
503677
503678
503679
503680
503681
503682
503683
503684
503685
503686
503687
503688
503689
503690
503691
503692
503693
503694
503695
503696
503697
503698
503699
503700
503701
503702
503703
503704
503705
503706
503707
503708
503709
503710
503711
503712
503713
503714
503715
503716
503717
503718
503719
503720
503721
503722
503723
503724
503725
503726
503727
503728
503729
503730
503731
503732
503733
503734
503735
503736
503737
503738
503739
503740
503741
503742
503743
503744
503745
503746
503747
503748
503749
503750
503751
503752
503753
503754
503755
503756
503757
503758
503759
503760
503761
503762
503763
503764
503765
503766
503767
503768
503769
503770
503771
503772
503773
503774
503775
503776
503777
503778
503779
503780
503781
503782
503783
503784
503785
503786
503787
503788
503789
503790
503791
503792
503793
503794
503795
503796
503797
503798
503799
503800
503801
503802
503803
503804
503805
503806
503807
503808
503809
503810
503811
503812
503813
503814
503815
503816
503817
503818
503819
503820
503821
503822
503823
503824
503825
503826
503827
503828
503829
503830
503831
503832
503833
503834
503835
503836
503837
503838
503839
503840
503841
503842
503843
503844
503845
503846
503847
503848
503849
503850
503851
503852
503853
503854
503855
503856
503857
503858
503859
503860
503861
503862
503863
503864
503865
503866
503867
503868
503869
503870
503871
503872
503873
503874
503875
503876
503877
503878
503879
503880
503881
503882
503883
503884
503885
503886
503887
503888
503889
503890
503891
503892
503893
503894
503895
503896
503897
503898
503899
503900
503901
503902
503903
503904
503905
503906
503907
503908
503909
503910
503911
503912
503913
503914
503915
503916
503917
503918
503919
503920
503921
503922
503923
503924
503925
503926
503927
503928
503929
503930
503931
503932
503933
503934
503935
503936
503937
503938
503939
503940
503941
503942
503943
503944
503945
503946
503947
503948
503949
503950
503951
503952
503953
503954
503955
503956
503957
503958
503959
503960
503961
503962
503963
503964
503965
503966
503967
503968
503969
503970
503971
503972
503973
503974
503975
503976
503977
503978
503979
503980
503981
503982
503983
503984
503985
503986
503987
503988
503989
503990
503991
503992
503993
503994
503995
503996
503997
503998
503999
504000
504001
504002
504003
504004
504005
504006
504007
504008
504009
504010
504011
504012
504013
504014
504015
504016
504017
504018
504019
504020
504021
504022
504023
504024
504025
504026
504027
504028
504029
504030
504031
504032
504033
504034
504035
504036
504037
504038
504039
504040
504041
504042
504043
504044
504045
504046
504047
504048
504049
504050
504051
504052
504053
504054
504055
504056
504057
504058
504059
504060
504061
504062
504063
504064
504065
504066
504067
504068
504069
504070
504071
504072
504073
504074
504075
504076
504077
504078
504079
504080
504081
504082
504083
504084
504085
504086
504087
504088
504089
504090
504091
504092
504093
504094
504095
504096
504097
504098
504099
504100
504101
504102
504103
504104
504105
504106
504107
504108
504109
504110
504111
504112
504113
504114
504115
504116
504117
504118
504119
504120
504121
504122
504123
504124
504125
504126
504127
504128
504129
504130
504131
504132
504133
504134
504135
504136
504137
504138
504139
504140
504141
504142
504143
504144
504145
504146
504147
504148
504149
504150
504151
504152
504153
504154
504155
504156
504157
504158
504159
504160
504161
504162
504163
504164
504165
504166
504167
504168
504169
504170
504171
504172
504173
504174
504175
504176
504177
504178
504179
504180
504181
504182
504183
504184
504185
504186
504187
504188
504189
504190
504191
504192
504193
504194
504195
504196
504197
504198
504199
504200
504201
504202
504203
504204
504205
504206
504207
504208
504209
504210
504211
504212
504213
504214
504215
504216
504217
504218
504219
504220
504221
504222
504223
504224
504225
504226
504227
504228
504229
504230
504231
504232
504233
504234
504235
504236
504237
504238
504239
504240
504241
504242
504243
504244
504245
504246
504247
504248
504249
504250
504251
504252
504253
504254
504255
504256
504257
504258
504259
504260
504261
504262
504263
504264
504265
504266
504267
504268
504269
504270
504271
504272
504273
504274
504275
504276
504277
504278
504279
504280
504281
504282
504283
504284
504285
504286
504287
504288
504289
504290
504291
504292
504293
504294
504295
504296
504297
504298
504299
504300
504301
504302
504303
504304
504305
504306
504307
504308
504309
504310
504311
504312
504313
504314
504315
504316
504317
504318
504319
504320
504321
504322
504323
504324
504325
504326
504327
504328
504329
504330
504331
504332
504333
504334
504335
504336
504337
504338
504339
504340
504341
504342
504343
504344
504345
504346
504347
504348
504349
504350
504351
504352
504353
504354
504355
504356
504357
504358
504359
504360
504361
504362
504363
504364
504365
504366
504367
504368
504369
504370
504371
504372
504373
504374
504375
504376
504377
504378
504379
504380
504381
504382
504383
504384
504385
504386
504387
504388
504389
504390
504391
504392
504393
504394
504395
504396
504397
504398
504399
504400
504401
504402
504403
504404
504405
504406
504407
504408
504409
504410
504411
504412
504413
504414
504415
504416
504417
504418
504419
504420
504421
504422
504423
504424
504425
504426
504427
504428
504429
504430
504431
504432
504433
504434
504435
504436
504437
504438
504439
504440
504441
504442
504443
504444
504445
504446
504447
504448
504449
504450
504451
504452
504453
504454
504455
504456
504457
504458
504459
504460
504461
504462
504463
504464
504465
504466
504467
504468
504469
504470
504471
504472
504473
504474
504475
504476
504477
504478
504479
504480
504481
504482
504483
504484
504485
504486
504487
504488
504489
504490
504491
504492
504493
504494
504495
504496
504497
504498
504499
504500
504501
504502
504503
504504
504505
504506
504507
504508
504509
504510
504511
504512
504513
504514
504515
504516
504517
504518
504519
504520
504521
504522
504523
504524
504525
504526
504527
504528
504529
504530
504531
504532
504533
504534
504535
504536
504537
504538
504539
504540
504541
504542
504543
504544
504545
504546
504547
504548
504549
504550
504551
504552
504553
504554
504555
504556
504557
504558
504559
504560
504561
504562
504563
504564
504565
504566
504567
504568
504569
504570
504571
504572
504573
504574
504575
504576
504577
504578
504579
504580
504581
504582
504583
504584
504585
504586
504587
504588
504589
504590
504591
504592
504593
504594
504595
504596
504597
504598
504599
504600
504601
504602
504603
504604
504605
504606
504607
504608
504609
504610
504611
504612
504613
504614
504615
504616
504617
504618
504619
504620
504621
504622
504623
504624
504625
504626
504627
504628
504629
504630
504631
504632
504633
504634
504635
504636
504637
504638
504639
504640
504641
504642
504643
504644
504645
504646
504647
504648
504649
504650
504651
504652
504653
504654
504655
504656
504657
504658
504659
504660
504661
504662
504663
504664
504665
504666
504667
504668
504669
504670
504671
504672
504673
504674
504675
504676
504677
504678
504679
504680
504681
504682
504683
504684
504685
504686
504687
504688
504689
504690
504691
504692
504693
504694
504695
504696
504697
504698
504699
504700
504701
504702
504703
504704
504705
504706
504707
504708
504709
504710
504711
504712
504713
504714
504715
504716
504717
504718
504719
504720
504721
504722
504723
504724
504725
504726
504727
504728
504729
504730
504731
504732
504733
504734
504735
504736
504737
504738
504739
504740
504741
504742
504743
504744
504745
504746
504747
504748
504749
504750
504751
504752
504753
504754
504755
504756
504757
504758
504759
504760
504761
504762
504763
504764
504765
504766
504767
504768
504769
504770
504771
504772
504773
504774
504775
504776
504777
504778
504779
504780
504781
504782
504783
504784
504785
504786
504787
504788
504789
504790
504791
504792
504793
504794
504795
504796
504797
504798
504799
504800
504801
504802
504803
504804
504805
504806
504807
504808
504809
504810
504811
504812
504813
504814
504815
504816
504817
504818
504819
504820
504821
504822
504823
504824
504825
504826
504827
504828
504829
504830
504831
504832
504833
504834
504835
504836
504837
504838
504839
504840
504841
504842
504843
504844
504845
504846
504847
504848
504849
504850
504851
504852
504853
504854
504855
504856
504857
504858
504859
504860
504861
504862
504863
504864
504865
504866
504867
504868
504869
504870
504871
504872
504873
504874
504875
504876
504877
504878
504879
504880
504881
504882
504883
504884
504885
504886
504887
504888
504889
504890
504891
504892
504893
504894
504895
504896
504897
504898
504899
504900
504901
504902
504903
504904
504905
504906
504907
504908
504909
504910
504911
504912
504913
504914
504915
504916
504917
504918
504919
504920
504921
504922
504923
504924
504925
504926
504927
504928
504929
504930
504931
504932
504933
504934
504935
504936
504937
504938
504939
504940
504941
504942
504943
504944
504945
504946
504947
504948
504949
504950
504951
504952
504953
504954
504955
504956
504957
504958
504959
504960
504961
504962
504963
504964
504965
504966
504967
504968
504969
504970
504971
504972
504973
504974
504975
504976
504977
504978
504979
504980
504981
504982
504983
504984
504985
504986
504987
504988
504989
504990
504991
504992
504993
504994
504995
504996
504997
504998
504999
505000
505001
505002
505003
505004
505005
505006
505007
505008
505009
505010
505011
505012
505013
505014
505015
505016
505017
505018
505019
505020
505021
505022
505023
505024
505025
505026
505027
505028
505029
505030
505031
505032
505033
505034
505035
505036
505037
505038
505039
505040
505041
505042
505043
505044
505045
505046
505047
505048
505049
505050
505051
505052
505053
505054
505055
505056
505057
505058
505059
505060
505061
505062
505063
505064
505065
505066
505067
505068
505069
505070
505071
505072
505073
505074
505075
505076
505077
505078
505079
505080
505081
505082
505083
505084
505085
505086
505087
505088
505089
505090
505091
505092
505093
505094
505095
505096
505097
505098
505099
505100
505101
505102
505103
505104
505105
505106
505107
505108
505109
505110
505111
505112
505113
505114
505115
505116
505117
505118
505119
505120
505121
505122
505123
505124
505125
505126
505127
505128
505129
505130
505131
505132
505133
505134
505135
505136
505137
505138
505139
505140
505141
505142
505143
505144
505145
505146
505147
505148
505149
505150
505151
505152
505153
505154
505155
505156
505157
505158
505159
505160
505161
505162
505163
505164
505165
505166
505167
505168
505169
505170
505171
505172
505173
505174
505175
505176
505177
505178
505179
505180
505181
505182
505183
505184
505185
505186
505187
505188
505189
505190
505191
505192
505193
505194
505195
505196
505197
505198
505199
505200
505201
505202
505203
505204
505205
505206
505207
505208
505209
505210
505211
505212
505213
505214
505215
505216
505217
505218
505219
505220
505221
505222
505223
505224
505225
505226
505227
505228
505229
505230
505231
505232
505233
505234
505235
505236
505237
505238
505239
505240
505241
505242
505243
505244
505245
505246
505247
505248
505249
505250
505251
505252
505253
505254
505255
505256
505257
505258
505259
505260
505261
505262
505263
505264
505265
505266
505267
505268
505269
505270
505271
505272
505273
505274
505275
505276
505277
505278
505279
505280
505281
505282
505283
505284
505285
505286
505287
505288
505289
505290
505291
505292
505293
505294
505295
505296
505297
505298
505299
505300
505301
505302
505303
505304
505305
505306
505307
505308
505309
505310
505311
505312
505313
505314
505315
505316
505317
505318
505319
505320
505321
505322
505323
505324
505325
505326
505327
505328
505329
505330
505331
505332
505333
505334
505335
505336
505337
505338
505339
505340
505341
505342
505343
505344
505345
505346
505347
505348
505349
505350
505351
505352
505353
505354
505355
505356
505357
505358
505359
505360
505361
505362
505363
505364
505365
505366
505367
505368
505369
505370
505371
505372
505373
505374
505375
505376
505377
505378
505379
505380
505381
505382
505383
505384
505385
505386
505387
505388
505389
505390
505391
505392
505393
505394
505395
505396
505397
505398
505399
505400
505401
505402
505403
505404
505405
505406
505407
505408
505409
505410
505411
505412
505413
505414
505415
505416
505417
505418
505419
505420
505421
505422
505423
505424
505425
505426
505427
505428
505429
505430
505431
505432
505433
505434
505435
505436
505437
505438
505439
505440
505441
505442
505443
505444
505445
505446
505447
505448
505449
505450
505451
505452
505453
505454
505455
505456
505457
505458
505459
505460
505461
505462
505463
505464
505465
505466
505467
505468
505469
505470
505471
505472
505473
505474
505475
505476
505477
505478
505479
505480
505481
505482
505483
505484
505485
505486
505487
505488
505489
505490
505491
505492
505493
505494
505495
505496
505497
505498
505499
505500
505501
505502
505503
505504
505505
505506
505507
505508
505509
505510
505511
505512
505513
505514
505515
505516
505517
505518
505519
505520
505521
505522
505523
505524
505525
505526
505527
505528
505529
505530
505531
505532
505533
505534
505535
505536
505537
505538
505539
505540
505541
505542
505543
505544
505545
505546
505547
505548
505549
505550
505551
505552
505553
505554
505555
505556
505557
505558
505559
505560
505561
505562
505563
505564
505565
505566
505567
505568
505569
505570
505571
505572
505573
505574
505575
505576
505577
505578
505579
505580
505581
505582
505583
505584
505585
505586
505587
505588
505589
505590
505591
505592
505593
505594
505595
505596
505597
505598
505599
505600
505601
505602
505603
505604
505605
505606
505607
505608
505609
505610
505611
505612
505613
505614
505615
505616
505617
505618
505619
505620
505621
505622
505623
505624
505625
505626
505627
505628
505629
505630
505631
505632
505633
505634
505635
505636
505637
505638
505639
505640
505641
505642
505643
505644
505645
505646
505647
505648
505649
505650
505651
505652
505653
505654
505655
505656
505657
505658
505659
505660
505661
505662
505663
505664
505665
505666
505667
505668
505669
505670
505671
505672
505673
505674
505675
505676
505677
505678
505679
505680
505681
505682
505683
505684
505685
505686
505687
505688
505689
505690
505691
505692
505693
505694
505695
505696
505697
505698
505699
505700
505701
505702
505703
505704
505705
505706
505707
505708
505709
505710
505711
505712
505713
505714
505715
505716
505717
505718
505719
505720
505721
505722
505723
505724
505725
505726
505727
505728
505729
505730
505731
505732
505733
505734
505735
505736
505737
505738
505739
505740
505741
505742
505743
505744
505745
505746
505747
505748
505749
505750
505751
505752
505753
505754
505755
505756
505757
505758
505759
505760
505761
505762
505763
505764
505765
505766
505767
505768
505769
505770
505771
505772
505773
505774
505775
505776
505777
505778
505779
505780
505781
505782
505783
505784
505785
505786
505787
505788
505789
505790
505791
505792
505793
505794
505795
505796
505797
505798
505799
505800
505801
505802
505803
505804
505805
505806
505807
505808
505809
505810
505811
505812
505813
505814
505815
505816
505817
505818
505819
505820
505821
505822
505823
505824
505825
505826
505827
505828
505829
505830
505831
505832
505833
505834
505835
505836
505837
505838
505839
505840
505841
505842
505843
505844
505845
505846
505847
505848
505849
505850
505851
505852
505853
505854
505855
505856
505857
505858
505859
505860
505861
505862
505863
505864
505865
505866
505867
505868
505869
505870
505871
505872
505873
505874
505875
505876
505877
505878
505879
505880
505881
505882
505883
505884
505885
505886
505887
505888
505889
505890
505891
505892
505893
505894
505895
505896
505897
505898
505899
505900
505901
505902
505903
505904
505905
505906
505907
505908
505909
505910
505911
505912
505913
505914
505915
505916
505917
505918
505919
505920
505921
505922
505923
505924
505925
505926
505927
505928
505929
505930
505931
505932
505933
505934
505935
505936
505937
505938
505939
505940
505941
505942
505943
505944
505945
505946
505947
505948
505949
505950
505951
505952
505953
505954
505955
505956
505957
505958
505959
505960
505961
505962
505963
505964
505965
505966
505967
505968
505969
505970
505971
505972
505973
505974
505975
505976
505977
505978
505979
505980
505981
505982
505983
505984
505985
505986
505987
505988
505989
505990
505991
505992
505993
505994
505995
505996
505997
505998
505999
506000
506001
506002
506003
506004
506005
506006
506007
506008
506009
506010
506011
506012
506013
506014
506015
506016
506017
506018
506019
506020
506021
506022
506023
506024
506025
506026
506027
506028
506029
506030
506031
506032
506033
506034
506035
506036
506037
506038
506039
506040
506041
506042
506043
506044
506045
506046
506047
506048
506049
506050
506051
506052
506053
506054
506055
506056
506057
506058
506059
506060
506061
506062
506063
506064
506065
506066
506067
506068
506069
506070
506071
506072
506073
506074
506075
506076
506077
506078
506079
506080
506081
506082
506083
506084
506085
506086
506087
506088
506089
506090
506091
506092
506093
506094
506095
506096
506097
506098
506099
506100
506101
506102
506103
506104
506105
506106
506107
506108
506109
506110
506111
506112
506113
506114
506115
506116
506117
506118
506119
506120
506121
506122
506123
506124
506125
506126
506127
506128
506129
506130
506131
506132
506133
506134
506135
506136
506137
506138
506139
506140
506141
506142
506143
506144
506145
506146
506147
506148
506149
506150
506151
506152
506153
506154
506155
506156
506157
506158
506159
506160
506161
506162
506163
506164
506165
506166
506167
506168
506169
506170
506171
506172
506173
506174
506175
506176
506177
506178
506179
506180
506181
506182
506183
506184
506185
506186
506187
506188
506189
506190
506191
506192
506193
506194
506195
506196
506197
506198
506199
506200
506201
506202
506203
506204
506205
506206
506207
506208
506209
506210
506211
506212
506213
506214
506215
506216
506217
506218
506219
506220
506221
506222
506223
506224
506225
506226
506227
506228
506229
506230
506231
506232
506233
506234
506235
506236
506237
506238
506239
506240
506241
506242
506243
506244
506245
506246
506247
506248
506249
506250
506251
506252
506253
506254
506255
506256
506257
506258
506259
506260
506261
506262
506263
506264
506265
506266
506267
506268
506269
506270
506271
506272
506273
506274
506275
506276
506277
506278
506279
506280
506281
506282
506283
506284
506285
506286
506287
506288
506289
506290
506291
506292
506293
506294
506295
506296
506297
506298
506299
506300
506301
506302
506303
506304
506305
506306
506307
506308
506309
506310
506311
506312
506313
506314
506315
506316
506317
506318
506319
506320
506321
506322
506323
506324
506325
506326
506327
506328
506329
506330
506331
506332
506333
506334
506335
506336
506337
506338
506339
506340
506341
506342
506343
506344
506345
506346
506347
506348
506349
506350
506351
506352
506353
506354
506355
506356
506357
506358
506359
506360
506361
506362
506363
506364
506365
506366
506367
506368
506369
506370
506371
506372
506373
506374
506375
506376
506377
506378
506379
506380
506381
506382
506383
506384
506385
506386
506387
506388
506389
506390
506391
506392
506393
506394
506395
506396
506397
506398
506399
506400
506401
506402
506403
506404
506405
506406
506407
506408
506409
506410
506411
506412
506413
506414
506415
506416
506417
506418
506419
506420
506421
506422
506423
506424
506425
506426
506427
506428
506429
506430
506431
506432
506433
506434
506435
506436
506437
506438
506439
506440
506441
506442
506443
506444
506445
506446
506447
506448
506449
506450
506451
506452
506453
506454
506455
506456
506457
506458
506459
506460
506461
506462
506463
506464
506465
506466
506467
506468
506469
506470
506471
506472
506473
506474
506475
506476
506477
506478
506479
506480
506481
506482
506483
506484
506485
506486
506487
506488
506489
506490
506491
506492
506493
506494
506495
506496
506497
506498
506499
506500
506501
506502
506503
506504
506505
506506
506507
506508
506509
506510
506511
506512
506513
506514
506515
506516
506517
506518
506519
506520
506521
506522
506523
506524
506525
506526
506527
506528
506529
506530
506531
506532
506533
506534
506535
506536
506537
506538
506539
506540
506541
506542
506543
506544
506545
506546
506547
506548
506549
506550
506551
506552
506553
506554
506555
506556
506557
506558
506559
506560
506561
506562
506563
506564
506565
506566
506567
506568
506569
506570
506571
506572
506573
506574
506575
506576
506577
506578
506579
506580
506581
506582
506583
506584
506585
506586
506587
506588
506589
506590
506591
506592
506593
506594
506595
506596
506597
506598
506599
506600
506601
506602
506603
506604
506605
506606
506607
506608
506609
506610
506611
506612
506613
506614
506615
506616
506617
506618
506619
506620
506621
506622
506623
506624
506625
506626
506627
506628
506629
506630
506631
506632
506633
506634
506635
506636
506637
506638
506639
506640
506641
506642
506643
506644
506645
506646
506647
506648
506649
506650
506651
506652
506653
506654
506655
506656
506657
506658
506659
506660
506661
506662
506663
506664
506665
506666
506667
506668
506669
506670
506671
506672
506673
506674
506675
506676
506677
506678
506679
506680
506681
506682
506683
506684
506685
506686
506687
506688
506689
506690
506691
506692
506693
506694
506695
506696
506697
506698
506699
506700
506701
506702
506703
506704
506705
506706
506707
506708
506709
506710
506711
506712
506713
506714
506715
506716
506717
506718
506719
506720
506721
506722
506723
506724
506725
506726
506727
506728
506729
506730
506731
506732
506733
506734
506735
506736
506737
506738
506739
506740
506741
506742
506743
506744
506745
506746
506747
506748
506749
506750
506751
506752
506753
506754
506755
506756
506757
506758
506759
506760
506761
506762
506763
506764
506765
506766
506767
506768
506769
506770
506771
506772
506773
506774
506775
506776
506777
506778
506779
506780
506781
506782
506783
506784
506785
506786
506787
506788
506789
506790
506791
506792
506793
506794
506795
506796
506797
506798
506799
506800
506801
506802
506803
506804
506805
506806
506807
506808
506809
506810
506811
506812
506813
506814
506815
506816
506817
506818
506819
506820
506821
506822
506823
506824
506825
506826
506827
506828
506829
506830
506831
506832
506833
506834
506835
506836
506837
506838
506839
506840
506841
506842
506843
506844
506845
506846
506847
506848
506849
506850
506851
506852
506853
506854
506855
506856
506857
506858
506859
506860
506861
506862
506863
506864
506865
506866
506867
506868
506869
506870
506871
506872
506873
506874
506875
506876
506877
506878
506879
506880
506881
506882
506883
506884
506885
506886
506887
506888
506889
506890
506891
506892
506893
506894
506895
506896
506897
506898
506899
506900
506901
506902
506903
506904
506905
506906
506907
506908
506909
506910
506911
506912
506913
506914
506915
506916
506917
506918
506919
506920
506921
506922
506923
506924
506925
506926
506927
506928
506929
506930
506931
506932
506933
506934
506935
506936
506937
506938
506939
506940
506941
506942
506943
506944
506945
506946
506947
506948
506949
506950
506951
506952
506953
506954
506955
506956
506957
506958
506959
506960
506961
506962
506963
506964
506965
506966
506967
506968
506969
506970
506971
506972
506973
506974
506975
506976
506977
506978
506979
506980
506981
506982
506983
506984
506985
506986
506987
506988
506989
506990
506991
506992
506993
506994
506995
506996
506997
506998
506999
507000
507001
507002
507003
507004
507005
507006
507007
507008
507009
507010
507011
507012
507013
507014
507015
507016
507017
507018
507019
507020
507021
507022
507023
507024
507025
507026
507027
507028
507029
507030
507031
507032
507033
507034
507035
507036
507037
507038
507039
507040
507041
507042
507043
507044
507045
507046
507047
507048
507049
507050
507051
507052
507053
507054
507055
507056
507057
507058
507059
507060
507061
507062
507063
507064
507065
507066
507067
507068
507069
507070
507071
507072
507073
507074
507075
507076
507077
507078
507079
507080
507081
507082
507083
507084
507085
507086
507087
507088
507089
507090
507091
507092
507093
507094
507095
507096
507097
507098
507099
507100
507101
507102
507103
507104
507105
507106
507107
507108
507109
507110
507111
507112
507113
507114
507115
507116
507117
507118
507119
507120
507121
507122
507123
507124
507125
507126
507127
507128
507129
507130
507131
507132
507133
507134
507135
507136
507137
507138
507139
507140
507141
507142
507143
507144
507145
507146
507147
507148
507149
507150
507151
507152
507153
507154
507155
507156
507157
507158
507159
507160
507161
507162
507163
507164
507165
507166
507167
507168
507169
507170
507171
507172
507173
507174
507175
507176
507177
507178
507179
507180
507181
507182
507183
507184
507185
507186
507187
507188
507189
507190
507191
507192
507193
507194
507195
507196
507197
507198
507199
507200
507201
507202
507203
507204
507205
507206
507207
507208
507209
507210
507211
507212
507213
507214
507215
507216
507217
507218
507219
507220
507221
507222
507223
507224
507225
507226
507227
507228
507229
507230
507231
507232
507233
507234
507235
507236
507237
507238
507239
507240
507241
507242
507243
507244
507245
507246
507247
507248
507249
507250
507251
507252
507253
507254
507255
507256
507257
507258
507259
507260
507261
507262
507263
507264
507265
507266
507267
507268
507269
507270
507271
507272
507273
507274
507275
507276
507277
507278
507279
507280
507281
507282
507283
507284
507285
507286
507287
507288
507289
507290
507291
507292
507293
507294
507295
507296
507297
507298
507299
507300
507301
507302
507303
507304
507305
507306
507307
507308
507309
507310
507311
507312
507313
507314
507315
507316
507317
507318
507319
507320
507321
507322
507323
507324
507325
507326
507327
507328
507329
507330
507331
507332
507333
507334
507335
507336
507337
507338
507339
507340
507341
507342
507343
507344
507345
507346
507347
507348
507349
507350
507351
507352
507353
507354
507355
507356
507357
507358
507359
507360
507361
507362
507363
507364
507365
507366
507367
507368
507369
507370
507371
507372
507373
507374
507375
507376
507377
507378
507379
507380
507381
507382
507383
507384
507385
507386
507387
507388
507389
507390
507391
507392
507393
507394
507395
507396
507397
507398
507399
507400
507401
507402
507403
507404
507405
507406
507407
507408
507409
507410
507411
507412
507413
507414
507415
507416
507417
507418
507419
507420
507421
507422
507423
507424
507425
507426
507427
507428
507429
507430
507431
507432
507433
507434
507435
507436
507437
507438
507439
507440
507441
507442
507443
507444
507445
507446
507447
507448
507449
507450
507451
507452
507453
507454
507455
507456
507457
507458
507459
507460
507461
507462
507463
507464
507465
507466
507467
507468
507469
507470
507471
507472
507473
507474
507475
507476
507477
507478
507479
507480
507481
507482
507483
507484
507485
507486
507487
507488
507489
507490
507491
507492
507493
507494
507495
507496
507497
507498
507499
507500
507501
507502
507503
507504
507505
507506
507507
507508
507509
507510
507511
507512
507513
507514
507515
507516
507517
507518
507519
507520
507521
507522
507523
507524
507525
507526
507527
507528
507529
507530
507531
507532
507533
507534
507535
507536
507537
507538
507539
507540
507541
507542
507543
507544
507545
507546
507547
507548
507549
507550
507551
507552
507553
507554
507555
507556
507557
507558
507559
507560
507561
507562
507563
507564
507565
507566
507567
507568
507569
507570
507571
507572
507573
507574
507575
507576
507577
507578
507579
507580
507581
507582
507583
507584
507585
507586
507587
507588
507589
507590
507591
507592
507593
507594
507595
507596
507597
507598
507599
507600
507601
507602
507603
507604
507605
507606
507607
507608
507609
507610
507611
507612
507613
507614
507615
507616
507617
507618
507619
507620
507621
507622
507623
507624
507625
507626
507627
507628
507629
507630
507631
507632
507633
507634
507635
507636
507637
507638
507639
507640
507641
507642
507643
507644
507645
507646
507647
507648
507649
507650
507651
507652
507653
507654
507655
507656
507657
507658
507659
507660
507661
507662
507663
507664
507665
507666
507667
507668
507669
507670
507671
507672
507673
507674
507675
507676
507677
507678
507679
507680
507681
507682
507683
507684
507685
507686
507687
507688
507689
507690
507691
507692
507693
507694
507695
507696
507697
507698
507699
507700
507701
507702
507703
507704
507705
507706
507707
507708
507709
507710
507711
507712
507713
507714
507715
507716
507717
507718
507719
507720
507721
507722
507723
507724
507725
507726
507727
507728
507729
507730
507731
507732
507733
507734
507735
507736
507737
507738
507739
507740
507741
507742
507743
507744
507745
507746
507747
507748
507749
507750
507751
507752
507753
507754
507755
507756
507757
507758
507759
507760
507761
507762
507763
507764
507765
507766
507767
507768
507769
507770
507771
507772
507773
507774
507775
507776
507777
507778
507779
507780
507781
507782
507783
507784
507785
507786
507787
507788
507789
507790
507791
507792
507793
507794
507795
507796
507797
507798
507799
507800
507801
507802
507803
507804
507805
507806
507807
507808
507809
507810
507811
507812
507813
507814
507815
507816
507817
507818
507819
507820
507821
507822
507823
507824
507825
507826
507827
507828
507829
507830
507831
507832
507833
507834
507835
507836
507837
507838
507839
507840
507841
507842
507843
507844
507845
507846
507847
507848
507849
507850
507851
507852
507853
507854
507855
507856
507857
507858
507859
507860
507861
507862
507863
507864
507865
507866
507867
507868
507869
507870
507871
507872
507873
507874
507875
507876
507877
507878
507879
507880
507881
507882
507883
507884
507885
507886
507887
507888
507889
507890
507891
507892
507893
507894
507895
507896
507897
507898
507899
507900
507901
507902
507903
507904
507905
507906
507907
507908
507909
507910
507911
507912
507913
507914
507915
507916
507917
507918
507919
507920
507921
507922
507923
507924
507925
507926
507927
507928
507929
507930
507931
507932
507933
507934
507935
507936
507937
507938
507939
507940
507941
507942
507943
507944
507945
507946
507947
507948
507949
507950
507951
507952
507953
507954
507955
507956
507957
507958
507959
507960
507961
507962
507963
507964
507965
507966
507967
507968
507969
507970
507971
507972
507973
507974
507975
507976
507977
507978
507979
507980
507981
507982
507983
507984
507985
507986
507987
507988
507989
507990
507991
507992
507993
507994
507995
507996
507997
507998
507999
508000
508001
508002
508003
508004
508005
508006
508007
508008
508009
508010
508011
508012
508013
508014
508015
508016
508017
508018
508019
508020
508021
508022
508023
508024
508025
508026
508027
508028
508029
508030
508031
508032
508033
508034
508035
508036
508037
508038
508039
508040
508041
508042
508043
508044
508045
508046
508047
508048
508049
508050
508051
508052
508053
508054
508055
508056
508057
508058
508059
508060
508061
508062
508063
508064
508065
508066
508067
508068
508069
508070
508071
508072
508073
508074
508075
508076
508077
508078
508079
508080
508081
508082
508083
508084
508085
508086
508087
508088
508089
508090
508091
508092
508093
508094
508095
508096
508097
508098
508099
508100
508101
508102
508103
508104
508105
508106
508107
508108
508109
508110
508111
508112
508113
508114
508115
508116
508117
508118
508119
508120
508121
508122
508123
508124
508125
508126
508127
508128
508129
508130
508131
508132
508133
508134
508135
508136
508137
508138
508139
508140
508141
508142
508143
508144
508145
508146
508147
508148
508149
508150
508151
508152
508153
508154
508155
508156
508157
508158
508159
508160
508161
508162
508163
508164
508165
508166
508167
508168
508169
508170
508171
508172
508173
508174
508175
508176
508177
508178
508179
508180
508181
508182
508183
508184
508185
508186
508187
508188
508189
508190
508191
508192
508193
508194
508195
508196
508197
508198
508199
508200
508201
508202
508203
508204
508205
508206
508207
508208
508209
508210
508211
508212
508213
508214
508215
508216
508217
508218
508219
508220
508221
508222
508223
508224
508225
508226
508227
508228
508229
508230
508231
508232
508233
508234
508235
508236
508237
508238
508239
508240
508241
508242
508243
508244
508245
508246
508247
508248
508249
508250
508251
508252
508253
508254
508255
508256
508257
508258
508259
508260
508261
508262
508263
508264
508265
508266
508267
508268
508269
508270
508271
508272
508273
508274
508275
508276
508277
508278
508279
508280
508281
508282
508283
508284
508285
508286
508287
508288
508289
508290
508291
508292
508293
508294
508295
508296
508297
508298
508299
508300
508301
508302
508303
508304
508305
508306
508307
508308
508309
508310
508311
508312
508313
508314
508315
508316
508317
508318
508319
508320
508321
508322
508323
508324
508325
508326
508327
508328
508329
508330
508331
508332
508333
508334
508335
508336
508337
508338
508339
508340
508341
508342
508343
508344
508345
508346
508347
508348
508349
508350
508351
508352
508353
508354
508355
508356
508357
508358
508359
508360
508361
508362
508363
508364
508365
508366
508367
508368
508369
508370
508371
508372
508373
508374
508375
508376
508377
508378
508379
508380
508381
508382
508383
508384
508385
508386
508387
508388
508389
508390
508391
508392
508393
508394
508395
508396
508397
508398
508399
508400
508401
508402
508403
508404
508405
508406
508407
508408
508409
508410
508411
508412
508413
508414
508415
508416
508417
508418
508419
508420
508421
508422
508423
508424
508425
508426
508427
508428
508429
508430
508431
508432
508433
508434
508435
508436
508437
508438
508439
508440
508441
508442
508443
508444
508445
508446
508447
508448
508449
508450
508451
508452
508453
508454
508455
508456
508457
508458
508459
508460
508461
508462
508463
508464
508465
508466
508467
508468
508469
508470
508471
508472
508473
508474
508475
508476
508477
508478
508479
508480
508481
508482
508483
508484
508485
508486
508487
508488
508489
508490
508491
508492
508493
508494
508495
508496
508497
508498
508499
508500
508501
508502
508503
508504
508505
508506
508507
508508
508509
508510
508511
508512
508513
508514
508515
508516
508517
508518
508519
508520
508521
508522
508523
508524
508525
508526
508527
508528
508529
508530
508531
508532
508533
508534
508535
508536
508537
508538
508539
508540
508541
508542
508543
508544
508545
508546
508547
508548
508549
508550
508551
508552
508553
508554
508555
508556
508557
508558
508559
508560
508561
508562
508563
508564
508565
508566
508567
508568
508569
508570
508571
508572
508573
508574
508575
508576
508577
508578
508579
508580
508581
508582
508583
508584
508585
508586
508587
508588
508589
508590
508591
508592
508593
508594
508595
508596
508597
508598
508599
508600
508601
508602
508603
508604
508605
508606
508607
508608
508609
508610
508611
508612
508613
508614
508615
508616
508617
508618
508619
508620
508621
508622
508623
508624
508625
508626
508627
508628
508629
508630
508631
508632
508633
508634
508635
508636
508637
508638
508639
508640
508641
508642
508643
508644
508645
508646
508647
508648
508649
508650
508651
508652
508653
508654
508655
508656
508657
508658
508659
508660
508661
508662
508663
508664
508665
508666
508667
508668
508669
508670
508671
508672
508673
508674
508675
508676
508677
508678
508679
508680
508681
508682
508683
508684
508685
508686
508687
508688
508689
508690
508691
508692
508693
508694
508695
508696
508697
508698
508699
508700
508701
508702
508703
508704
508705
508706
508707
508708
508709
508710
508711
508712
508713
508714
508715
508716
508717
508718
508719
508720
508721
508722
508723
508724
508725
508726
508727
508728
508729
508730
508731
508732
508733
508734
508735
508736
508737
508738
508739
508740
508741
508742
508743
508744
508745
508746
508747
508748
508749
508750
508751
508752
508753
508754
508755
508756
508757
508758
508759
508760
508761
508762
508763
508764
508765
508766
508767
508768
508769
508770
508771
508772
508773
508774
508775
508776
508777
508778
508779
508780
508781
508782
508783
508784
508785
508786
508787
508788
508789
508790
508791
508792
508793
508794
508795
508796
508797
508798
508799
508800
508801
508802
508803
508804
508805
508806
508807
508808
508809
508810
508811
508812
508813
508814
508815
508816
508817
508818
508819
508820
508821
508822
508823
508824
508825
508826
508827
508828
508829
508830
508831
508832
508833
508834
508835
508836
508837
508838
508839
508840
508841
508842
508843
508844
508845
508846
508847
508848
508849
508850
508851
508852
508853
508854
508855
508856
508857
508858
508859
508860
508861
508862
508863
508864
508865
508866
508867
508868
508869
508870
508871
508872
508873
508874
508875
508876
508877
508878
508879
508880
508881
508882
508883
508884
508885
508886
508887
508888
508889
508890
508891
508892
508893
508894
508895
508896
508897
508898
508899
508900
508901
508902
508903
508904
508905
508906
508907
508908
508909
508910
508911
508912
508913
508914
508915
508916
508917
508918
508919
508920
508921
508922
508923
508924
508925
508926
508927
508928
508929
508930
508931
508932
508933
508934
508935
508936
508937
508938
508939
508940
508941
508942
508943
508944
508945
508946
508947
508948
508949
508950
508951
508952
508953
508954
508955
508956
508957
508958
508959
508960
508961
508962
508963
508964
508965
508966
508967
508968
508969
508970
508971
508972
508973
508974
508975
508976
508977
508978
508979
508980
508981
508982
508983
508984
508985
508986
508987
508988
508989
508990
508991
508992
508993
508994
508995
508996
508997
508998
508999
509000
509001
509002
509003
509004
509005
509006
509007
509008
509009
509010
509011
509012
509013
509014
509015
509016
509017
509018
509019
509020
509021
509022
509023
509024
509025
509026
509027
509028
509029
509030
509031
509032
509033
509034
509035
509036
509037
509038
509039
509040
509041
509042
509043
509044
509045
509046
509047
509048
509049
509050
509051
509052
509053
509054
509055
509056
509057
509058
509059
509060
509061
509062
509063
509064
509065
509066
509067
509068
509069
509070
509071
509072
509073
509074
509075
509076
509077
509078
509079
509080
509081
509082
509083
509084
509085
509086
509087
509088
509089
509090
509091
509092
509093
509094
509095
509096
509097
509098
509099
509100
509101
509102
509103
509104
509105
509106
509107
509108
509109
509110
509111
509112
509113
509114
509115
509116
509117
509118
509119
509120
509121
509122
509123
509124
509125
509126
509127
509128
509129
509130
509131
509132
509133
509134
509135
509136
509137
509138
509139
509140
509141
509142
509143
509144
509145
509146
509147
509148
509149
509150
509151
509152
509153
509154
509155
509156
509157
509158
509159
509160
509161
509162
509163
509164
509165
509166
509167
509168
509169
509170
509171
509172
509173
509174
509175
509176
509177
509178
509179
509180
509181
509182
509183
509184
509185
509186
509187
509188
509189
509190
509191
509192
509193
509194
509195
509196
509197
509198
509199
509200
509201
509202
509203
509204
509205
509206
509207
509208
509209
509210
509211
509212
509213
509214
509215
509216
509217
509218
509219
509220
509221
509222
509223
509224
509225
509226
509227
509228
509229
509230
509231
509232
509233
509234
509235
509236
509237
509238
509239
509240
509241
509242
509243
509244
509245
509246
509247
509248
509249
509250
509251
509252
509253
509254
509255
509256
509257
509258
509259
509260
509261
509262
509263
509264
509265
509266
509267
509268
509269
509270
509271
509272
509273
509274
509275
509276
509277
509278
509279
509280
509281
509282
509283
509284
509285
509286
509287
509288
509289
509290
509291
509292
509293
509294
509295
509296
509297
509298
509299
509300
509301
509302
509303
509304
509305
509306
509307
509308
509309
509310
509311
509312
509313
509314
509315
509316
509317
509318
509319
509320
509321
509322
509323
509324
509325
509326
509327
509328
509329
509330
509331
509332
509333
509334
509335
509336
509337
509338
509339
509340
509341
509342
509343
509344
509345
509346
509347
509348
509349
509350
509351
509352
509353
509354
509355
509356
509357
509358
509359
509360
509361
509362
509363
509364
509365
509366
509367
509368
509369
509370
509371
509372
509373
509374
509375
509376
509377
509378
509379
509380
509381
509382
509383
509384
509385
509386
509387
509388
509389
509390
509391
509392
509393
509394
509395
509396
509397
509398
509399
509400
509401
509402
509403
509404
509405
509406
509407
509408
509409
509410
509411
509412
509413
509414
509415
509416
509417
509418
509419
509420
509421
509422
509423
509424
509425
509426
509427
509428
509429
509430
509431
509432
509433
509434
509435
509436
509437
509438
509439
509440
509441
509442
509443
509444
509445
509446
509447
509448
509449
509450
509451
509452
509453
509454
509455
509456
509457
509458
509459
509460
509461
509462
509463
509464
509465
509466
509467
509468
509469
509470
509471
509472
509473
509474
509475
509476
509477
509478
509479
509480
509481
509482
509483
509484
509485
509486
509487
509488
509489
509490
509491
509492
509493
509494
509495
509496
509497
509498
509499
509500
509501
509502
509503
509504
509505
509506
509507
509508
509509
509510
509511
509512
509513
509514
509515
509516
509517
509518
509519
509520
509521
509522
509523
509524
509525
509526
509527
509528
509529
509530
509531
509532
509533
509534
509535
509536
509537
509538
509539
509540
509541
509542
509543
509544
509545
509546
509547
509548
509549
509550
509551
509552
509553
509554
509555
509556
509557
509558
509559
509560
509561
509562
509563
509564
509565
509566
509567
509568
509569
509570
509571
509572
509573
509574
509575
509576
509577
509578
509579
509580
509581
509582
509583
509584
509585
509586
509587
509588
509589
509590
509591
509592
509593
509594
509595
509596
509597
509598
509599
509600
509601
509602
509603
509604
509605
509606
509607
509608
509609
509610
509611
509612
509613
509614
509615
509616
509617
509618
509619
509620
509621
509622
509623
509624
509625
509626
509627
509628
509629
509630
509631
509632
509633
509634
509635
509636
509637
509638
509639
509640
509641
509642
509643
509644
509645
509646
509647
509648
509649
509650
509651
509652
509653
509654
509655
509656
509657
509658
509659
509660
509661
509662
509663
509664
509665
509666
509667
509668
509669
509670
509671
509672
509673
509674
509675
509676
509677
509678
509679
509680
509681
509682
509683
509684
509685
509686
509687
509688
509689
509690
509691
509692
509693
509694
509695
509696
509697
509698
509699
509700
509701
509702
509703
509704
509705
509706
509707
509708
509709
509710
509711
509712
509713
509714
509715
509716
509717
509718
509719
509720
509721
509722
509723
509724
509725
509726
509727
509728
509729
509730
509731
509732
509733
509734
509735
509736
509737
509738
509739
509740
509741
509742
509743
509744
509745
509746
509747
509748
509749
509750
509751
509752
509753
509754
509755
509756
509757
509758
509759
509760
509761
509762
509763
509764
509765
509766
509767
509768
509769
509770
509771
509772
509773
509774
509775
509776
509777
509778
509779
509780
509781
509782
509783
509784
509785
509786
509787
509788
509789
509790
509791
509792
509793
509794
509795
509796
509797
509798
509799
509800
509801
509802
509803
509804
509805
509806
509807
509808
509809
509810
509811
509812
509813
509814
509815
509816
509817
509818
509819
509820
509821
509822
509823
509824
509825
509826
509827
509828
509829
509830
509831
509832
509833
509834
509835
509836
509837
509838
509839
509840
509841
509842
509843
509844
509845
509846
509847
509848
509849
509850
509851
509852
509853
509854
509855
509856
509857
509858
509859
509860
509861
509862
509863
509864
509865
509866
509867
509868
509869
509870
509871
509872
509873
509874
509875
509876
509877
509878
509879
509880
509881
509882
509883
509884
509885
509886
509887
509888
509889
509890
509891
509892
509893
509894
509895
509896
509897
509898
509899
509900
509901
509902
509903
509904
509905
509906
509907
509908
509909
509910
509911
509912
509913
509914
509915
509916
509917
509918
509919
509920
509921
509922
509923
509924
509925
509926
509927
509928
509929
509930
509931
509932
509933
509934
509935
509936
509937
509938
509939
509940
509941
509942
509943
509944
509945
509946
509947
509948
509949
509950
509951
509952
509953
509954
509955
509956
509957
509958
509959
509960
509961
509962
509963
509964
509965
509966
509967
509968
509969
509970
509971
509972
509973
509974
509975
509976
509977
509978
509979
509980
509981
509982
509983
509984
509985
509986
509987
509988
509989
509990
509991
509992
509993
509994
509995
509996
509997
509998
509999
510000
510001
510002
510003
510004
510005
510006
510007
510008
510009
510010
510011
510012
510013
510014
510015
510016
510017
510018
510019
510020
510021
510022
510023
510024
510025
510026
510027
510028
510029
510030
510031
510032
510033
510034
510035
510036
510037
510038
510039
510040
510041
510042
510043
510044
510045
510046
510047
510048
510049
510050
510051
510052
510053
510054
510055
510056
510057
510058
510059
510060
510061
510062
510063
510064
510065
510066
510067
510068
510069
510070
510071
510072
510073
510074
510075
510076
510077
510078
510079
510080
510081
510082
510083
510084
510085
510086
510087
510088
510089
510090
510091
510092
510093
510094
510095
510096
510097
510098
510099
510100
510101
510102
510103
510104
510105
510106
510107
510108
510109
510110
510111
510112
510113
510114
510115
510116
510117
510118
510119
510120
510121
510122
510123
510124
510125
510126
510127
510128
510129
510130
510131
510132
510133
510134
510135
510136
510137
510138
510139
510140
510141
510142
510143
510144
510145
510146
510147
510148
510149
510150
510151
510152
510153
510154
510155
510156
510157
510158
510159
510160
510161
510162
510163
510164
510165
510166
510167
510168
510169
510170
510171
510172
510173
510174
510175
510176
510177
510178
510179
510180
510181
510182
510183
510184
510185
510186
510187
510188
510189
510190
510191
510192
510193
510194
510195
510196
510197
510198
510199
510200
510201
510202
510203
510204
510205
510206
510207
510208
510209
510210
510211
510212
510213
510214
510215
510216
510217
510218
510219
510220
510221
510222
510223
510224
510225
510226
510227
510228
510229
510230
510231
510232
510233
510234
510235
510236
510237
510238
510239
510240
510241
510242
510243
510244
510245
510246
510247
510248
510249
510250
510251
510252
510253
510254
510255
510256
510257
510258
510259
510260
510261
510262
510263
510264
510265
510266
510267
510268
510269
510270
510271
510272
510273
510274
510275
510276
510277
510278
510279
510280
510281
510282
510283
510284
510285
510286
510287
510288
510289
510290
510291
510292
510293
510294
510295
510296
510297
510298
510299
510300
510301
510302
510303
510304
510305
510306
510307
510308
510309
510310
510311
510312
510313
510314
510315
510316
510317
510318
510319
510320
510321
510322
510323
510324
510325
510326
510327
510328
510329
510330
510331
510332
510333
510334
510335
510336
510337
510338
510339
510340
510341
510342
510343
510344
510345
510346
510347
510348
510349
510350
510351
510352
510353
510354
510355
510356
510357
510358
510359
510360
510361
510362
510363
510364
510365
510366
510367
510368
510369
510370
510371
510372
510373
510374
510375
510376
510377
510378
510379
510380
510381
510382
510383
510384
510385
510386
510387
510388
510389
510390
510391
510392
510393
510394
510395
510396
510397
510398
510399
510400
510401
510402
510403
510404
510405
510406
510407
510408
510409
510410
510411
510412
510413
510414
510415
510416
510417
510418
510419
510420
510421
510422
510423
510424
510425
510426
510427
510428
510429
510430
510431
510432
510433
510434
510435
510436
510437
510438
510439
510440
510441
510442
510443
510444
510445
510446
510447
510448
510449
510450
510451
510452
510453
510454
510455
510456
510457
510458
510459
510460
510461
510462
510463
510464
510465
510466
510467
510468
510469
510470
510471
510472
510473
510474
510475
510476
510477
510478
510479
510480
510481
510482
510483
510484
510485
510486
510487
510488
510489
510490
510491
510492
510493
510494
510495
510496
510497
510498
510499
510500
510501
510502
510503
510504
510505
510506
510507
510508
510509
510510
510511
510512
510513
510514
510515
510516
510517
510518
510519
510520
510521
510522
510523
510524
510525
510526
510527
510528
510529
510530
510531
510532
510533
510534
510535
510536
510537
510538
510539
510540
510541
510542
510543
510544
510545
510546
510547
510548
510549
510550
510551
510552
510553
510554
510555
510556
510557
510558
510559
510560
510561
510562
510563
510564
510565
510566
510567
510568
510569
510570
510571
510572
510573
510574
510575
510576
510577
510578
510579
510580
510581
510582
510583
510584
510585
510586
510587
510588
510589
510590
510591
510592
510593
510594
510595
510596
510597
510598
510599
510600
510601
510602
510603
510604
510605
510606
510607
510608
510609
510610
510611
510612
510613
510614
510615
510616
510617
510618
510619
510620
510621
510622
510623
510624
510625
510626
510627
510628
510629
510630
510631
510632
510633
510634
510635
510636
510637
510638
510639
510640
510641
510642
510643
510644
510645
510646
510647
510648
510649
510650
510651
510652
510653
510654
510655
510656
510657
510658
510659
510660
510661
510662
510663
510664
510665
510666
510667
510668
510669
510670
510671
510672
510673
510674
510675
510676
510677
510678
510679
510680
510681
510682
510683
510684
510685
510686
510687
510688
510689
510690
510691
510692
510693
510694
510695
510696
510697
510698
510699
510700
510701
510702
510703
510704
510705
510706
510707
510708
510709
510710
510711
510712
510713
510714
510715
510716
510717
510718
510719
510720
510721
510722
510723
510724
510725
510726
510727
510728
510729
510730
510731
510732
510733
510734
510735
510736
510737
510738
510739
510740
510741
510742
510743
510744
510745
510746
510747
510748
510749
510750
510751
510752
510753
510754
510755
510756
510757
510758
510759
510760
510761
510762
510763
510764
510765
510766
510767
510768
510769
510770
510771
510772
510773
510774
510775
510776
510777
510778
510779
510780
510781
510782
510783
510784
510785
510786
510787
510788
510789
510790
510791
510792
510793
510794
510795
510796
510797
510798
510799
510800
510801
510802
510803
510804
510805
510806
510807
510808
510809
510810
510811
510812
510813
510814
510815
510816
510817
510818
510819
510820
510821
510822
510823
510824
510825
510826
510827
510828
510829
510830
510831
510832
510833
510834
510835
510836
510837
510838
510839
510840
510841
510842
510843
510844
510845
510846
510847
510848
510849
510850
510851
510852
510853
510854
510855
510856
510857
510858
510859
510860
510861
510862
510863
510864
510865
510866
510867
510868
510869
510870
510871
510872
510873
510874
510875
510876
510877
510878
510879
510880
510881
510882
510883
510884
510885
510886
510887
510888
510889
510890
510891
510892
510893
510894
510895
510896
510897
510898
510899
510900
510901
510902
510903
510904
510905
510906
510907
510908
510909
510910
510911
510912
510913
510914
510915
510916
510917
510918
510919
510920
510921
510922
510923
510924
510925
510926
510927
510928
510929
510930
510931
510932
510933
510934
510935
510936
510937
510938
510939
510940
510941
510942
510943
510944
510945
510946
510947
510948
510949
510950
510951
510952
510953
510954
510955
510956
510957
510958
510959
510960
510961
510962
510963
510964
510965
510966
510967
510968
510969
510970
510971
510972
510973
510974
510975
510976
510977
510978
510979
510980
510981
510982
510983
510984
510985
510986
510987
510988
510989
510990
510991
510992
510993
510994
510995
510996
510997
510998
510999
511000
511001
511002
511003
511004
511005
511006
511007
511008
511009
511010
511011
511012
511013
511014
511015
511016
511017
511018
511019
511020
511021
511022
511023
511024
511025
511026
511027
511028
511029
511030
511031
511032
511033
511034
511035
511036
511037
511038
511039
511040
511041
511042
511043
511044
511045
511046
511047
511048
511049
511050
511051
511052
511053
511054
511055
511056
511057
511058
511059
511060
511061
511062
511063
511064
511065
511066
511067
511068
511069
511070
511071
511072
511073
511074
511075
511076
511077
511078
511079
511080
511081
511082
511083
511084
511085
511086
511087
511088
511089
511090
511091
511092
511093
511094
511095
511096
511097
511098
511099
511100
511101
511102
511103
511104
511105
511106
511107
511108
511109
511110
511111
511112
511113
511114
511115
511116
511117
511118
511119
511120
511121
511122
511123
511124
511125
511126
511127
511128
511129
511130
511131
511132
511133
511134
511135
511136
511137
511138
511139
511140
511141
511142
511143
511144
511145
511146
511147
511148
511149
511150
511151
511152
511153
511154
511155
511156
511157
511158
511159
511160
511161
511162
511163
511164
511165
511166
511167
511168
511169
511170
511171
511172
511173
511174
511175
511176
511177
511178
511179
511180
511181
511182
511183
511184
511185
511186
511187
511188
511189
511190
511191
511192
511193
511194
511195
511196
511197
511198
511199
511200
511201
511202
511203
511204
511205
511206
511207
511208
511209
511210
511211
511212
511213
511214
511215
511216
511217
511218
511219
511220
511221
511222
511223
511224
511225
511226
511227
511228
511229
511230
511231
511232
511233
511234
511235
511236
511237
511238
511239
511240
511241
511242
511243
511244
511245
511246
511247
511248
511249
511250
511251
511252
511253
511254
511255
511256
511257
511258
511259
511260
511261
511262
511263
511264
511265
511266
511267
511268
511269
511270
511271
511272
511273
511274
511275
511276
511277
511278
511279
511280
511281
511282
511283
511284
511285
511286
511287
511288
511289
511290
511291
511292
511293
511294
511295
511296
511297
511298
511299
511300
511301
511302
511303
511304
511305
511306
511307
511308
511309
511310
511311
511312
511313
511314
511315
511316
511317
511318
511319
511320
511321
511322
511323
511324
511325
511326
511327
511328
511329
511330
511331
511332
511333
511334
511335
511336
511337
511338
511339
511340
511341
511342
511343
511344
511345
511346
511347
511348
511349
511350
511351
511352
511353
511354
511355
511356
511357
511358
511359
511360
511361
511362
511363
511364
511365
511366
511367
511368
511369
511370
511371
511372
511373
511374
511375
511376
511377
511378
511379
511380
511381
511382
511383
511384
511385
511386
511387
511388
511389
511390
511391
511392
511393
511394
511395
511396
511397
511398
511399
511400
511401
511402
511403
511404
511405
511406
511407
511408
511409
511410
511411
511412
511413
511414
511415
511416
511417
511418
511419
511420
511421
511422
511423
511424
511425
511426
511427
511428
511429
511430
511431
511432
511433
511434
511435
511436
511437
511438
511439
511440
511441
511442
511443
511444
511445
511446
511447
511448
511449
511450
511451
511452
511453
511454
511455
511456
511457
511458
511459
511460
511461
511462
511463
511464
511465
511466
511467
511468
511469
511470
511471
511472
511473
511474
511475
511476
511477
511478
511479
511480
511481
511482
511483
511484
511485
511486
511487
511488
511489
511490
511491
511492
511493
511494
511495
511496
511497
511498
511499
511500
511501
511502
511503
511504
511505
511506
511507
511508
511509
511510
511511
511512
511513
511514
511515
511516
511517
511518
511519
511520
511521
511522
511523
511524
511525
511526
511527
511528
511529
511530
511531
511532
511533
511534
511535
511536
511537
511538
511539
511540
511541
511542
511543
511544
511545
511546
511547
511548
511549
511550
511551
511552
511553
511554
511555
511556
511557
511558
511559
511560
511561
511562
511563
511564
511565
511566
511567
511568
511569
511570
511571
511572
511573
511574
511575
511576
511577
511578
511579
511580
511581
511582
511583
511584
511585
511586
511587
511588
511589
511590
511591
511592
511593
511594
511595
511596
511597
511598
511599
511600
511601
511602
511603
511604
511605
511606
511607
511608
511609
511610
511611
511612
511613
511614
511615
511616
511617
511618
511619
511620
511621
511622
511623
511624
511625
511626
511627
511628
511629
511630
511631
511632
511633
511634
511635
511636
511637
511638
511639
511640
511641
511642
511643
511644
511645
511646
511647
511648
511649
511650
511651
511652
511653
511654
511655
511656
511657
511658
511659
511660
511661
511662
511663
511664
511665
511666
511667
511668
511669
511670
511671
511672
511673
511674
511675
511676
511677
511678
511679
511680
511681
511682
511683
511684
511685
511686
511687
511688
511689
511690
511691
511692
511693
511694
511695
511696
511697
511698
511699
511700
511701
511702
511703
511704
511705
511706
511707
511708
511709
511710
511711
511712
511713
511714
511715
511716
511717
511718
511719
511720
511721
511722
511723
511724
511725
511726
511727
511728
511729
511730
511731
511732
511733
511734
511735
511736
511737
511738
511739
511740
511741
511742
511743
511744
511745
511746
511747
511748
511749
511750
511751
511752
511753
511754
511755
511756
511757
511758
511759
511760
511761
511762
511763
511764
511765
511766
511767
511768
511769
511770
511771
511772
511773
511774
511775
511776
511777
511778
511779
511780
511781
511782
511783
511784
511785
511786
511787
511788
511789
511790
511791
511792
511793
511794
511795
511796
511797
511798
511799
511800
511801
511802
511803
511804
511805
511806
511807
511808
511809
511810
511811
511812
511813
511814
511815
511816
511817
511818
511819
511820
511821
511822
511823
511824
511825
511826
511827
511828
511829
511830
511831
511832
511833
511834
511835
511836
511837
511838
511839
511840
511841
511842
511843
511844
511845
511846
511847
511848
511849
511850
511851
511852
511853
511854
511855
511856
511857
511858
511859
511860
511861
511862
511863
511864
511865
511866
511867
511868
511869
511870
511871
511872
511873
511874
511875
511876
511877
511878
511879
511880
511881
511882
511883
511884
511885
511886
511887
511888
511889
511890
511891
511892
511893
511894
511895
511896
511897
511898
511899
511900
511901
511902
511903
511904
511905
511906
511907
511908
511909
511910
511911
511912
511913
511914
511915
511916
511917
511918
511919
511920
511921
511922
511923
511924
511925
511926
511927
511928
511929
511930
511931
511932
511933
511934
511935
511936
511937
511938
511939
511940
511941
511942
511943
511944
511945
511946
511947
511948
511949
511950
511951
511952
511953
511954
511955
511956
511957
511958
511959
511960
511961
511962
511963
511964
511965
511966
511967
511968
511969
511970
511971
511972
511973
511974
511975
511976
511977
511978
511979
511980
511981
511982
511983
511984
511985
511986
511987
511988
511989
511990
511991
511992
511993
511994
511995
511996
511997
511998
511999
512000
512001
512002
512003
512004
512005
512006
512007
512008
512009
512010
512011
512012
512013
512014
512015
512016
512017
512018
512019
512020
512021
512022
512023
512024
512025
512026
512027
512028
512029
512030
512031
512032
512033
512034
512035
512036
512037
512038
512039
512040
512041
512042
512043
512044
512045
512046
512047
512048
512049
512050
512051
512052
512053
512054
512055
512056
512057
512058
512059
512060
512061
512062
512063
512064
512065
512066
512067
512068
512069
512070
512071
512072
512073
512074
512075
512076
512077
512078
512079
512080
512081
512082
512083
512084
512085
512086
512087
512088
512089
512090
512091
512092
512093
512094
512095
512096
512097
512098
512099
512100
512101
512102
512103
512104
512105
512106
512107
512108
512109
512110
512111
512112
512113
512114
512115
512116
512117
512118
512119
512120
512121
512122
512123
512124
512125
512126
512127
512128
512129
512130
512131
512132
512133
512134
512135
512136
512137
512138
512139
512140
512141
512142
512143
512144
512145
512146
512147
512148
512149
512150
512151
512152
512153
512154
512155
512156
512157
512158
512159
512160
512161
512162
512163
512164
512165
512166
512167
512168
512169
512170
512171
512172
512173
512174
512175
512176
512177
512178
512179
512180
512181
512182
512183
512184
512185
512186
512187
512188
512189
512190
512191
512192
512193
512194
512195
512196
512197
512198
512199
512200
512201
512202
512203
512204
512205
512206
512207
512208
512209
512210
512211
512212
512213
512214
512215
512216
512217
512218
512219
512220
512221
512222
512223
512224
512225
512226
512227
512228
512229
512230
512231
512232
512233
512234
512235
512236
512237
512238
512239
512240
512241
512242
512243
512244
512245
512246
512247
512248
512249
512250
512251
512252
512253
512254
512255
512256
512257
512258
512259
512260
512261
512262
512263
512264
512265
512266
512267
512268
512269
512270
512271
512272
512273
512274
512275
512276
512277
512278
512279
512280
512281
512282
512283
512284
512285
512286
512287
512288
512289
512290
512291
512292
512293
512294
512295
512296
512297
512298
512299
512300
512301
512302
512303
512304
512305
512306
512307
512308
512309
512310
512311
512312
512313
512314
512315
512316
512317
512318
512319
512320
512321
512322
512323
512324
512325
512326
512327
512328
512329
512330
512331
512332
512333
512334
512335
512336
512337
512338
512339
512340
512341
512342
512343
512344
512345
512346
512347
512348
512349
512350
512351
512352
512353
512354
512355
512356
512357
512358
512359
512360
512361
512362
512363
512364
512365
512366
512367
512368
512369
512370
512371
512372
512373
512374
512375
512376
512377
512378
512379
512380
512381
512382
512383
512384
512385
512386
512387
512388
512389
512390
512391
512392
512393
512394
512395
512396
512397
512398
512399
512400
512401
512402
512403
512404
512405
512406
512407
512408
512409
512410
512411
512412
512413
512414
512415
512416
512417
512418
512419
512420
512421
512422
512423
512424
512425
512426
512427
512428
512429
512430
512431
512432
512433
512434
512435
512436
512437
512438
512439
512440
512441
512442
512443
512444
512445
512446
512447
512448
512449
512450
512451
512452
512453
512454
512455
512456
512457
512458
512459
512460
512461
512462
512463
512464
512465
512466
512467
512468
512469
512470
512471
512472
512473
512474
512475
512476
512477
512478
512479
512480
512481
512482
512483
512484
512485
512486
512487
512488
512489
512490
512491
512492
512493
512494
512495
512496
512497
512498
512499
512500
512501
512502
512503
512504
512505
512506
512507
512508
512509
512510
512511
512512
512513
512514
512515
512516
512517
512518
512519
512520
512521
512522
512523
512524
512525
512526
512527
512528
512529
512530
512531
512532
512533
512534
512535
512536
512537
512538
512539
512540
512541
512542
512543
512544
512545
512546
512547
512548
512549
512550
512551
512552
512553
512554
512555
512556
512557
512558
512559
512560
512561
512562
512563
512564
512565
512566
512567
512568
512569
512570
512571
512572
512573
512574
512575
512576
512577
512578
512579
512580
512581
512582
512583
512584
512585
512586
512587
512588
512589
512590
512591
512592
512593
512594
512595
512596
512597
512598
512599
512600
512601
512602
512603
512604
512605
512606
512607
512608
512609
512610
512611
512612
512613
512614
512615
512616
512617
512618
512619
512620
512621
512622
512623
512624
512625
512626
512627
512628
512629
512630
512631
512632
512633
512634
512635
512636
512637
512638
512639
512640
512641
512642
512643
512644
512645
512646
512647
512648
512649
512650
512651
512652
512653
512654
512655
512656
512657
512658
512659
512660
512661
512662
512663
512664
512665
512666
512667
512668
512669
512670
512671
512672
512673
512674
512675
512676
512677
512678
512679
512680
512681
512682
512683
512684
512685
512686
512687
512688
512689
512690
512691
512692
512693
512694
512695
512696
512697
512698
512699
512700
512701
512702
512703
512704
512705
512706
512707
512708
512709
512710
512711
512712
512713
512714
512715
512716
512717
512718
512719
512720
512721
512722
512723
512724
512725
512726
512727
512728
512729
512730
512731
512732
512733
512734
512735
512736
512737
512738
512739
512740
512741
512742
512743
512744
512745
512746
512747
512748
512749
512750
512751
512752
512753
512754
512755
512756
512757
512758
512759
512760
512761
512762
512763
512764
512765
512766
512767
512768
512769
512770
512771
512772
512773
512774
512775
512776
512777
512778
512779
512780
512781
512782
512783
512784
512785
512786
512787
512788
512789
512790
512791
512792
512793
512794
512795
512796
512797
512798
512799
512800
512801
512802
512803
512804
512805
512806
512807
512808
512809
512810
512811
512812
512813
512814
512815
512816
512817
512818
512819
512820
512821
512822
512823
512824
512825
512826
512827
512828
512829
512830
512831
512832
512833
512834
512835
512836
512837
512838
512839
512840
512841
512842
512843
512844
512845
512846
512847
512848
512849
512850
512851
512852
512853
512854
512855
512856
512857
512858
512859
512860
512861
512862
512863
512864
512865
512866
512867
512868
512869
512870
512871
512872
512873
512874
512875
512876
512877
512878
512879
512880
512881
512882
512883
512884
512885
512886
512887
512888
512889
512890
512891
512892
512893
512894
512895
512896
512897
512898
512899
512900
512901
512902
512903
512904
512905
512906
512907
512908
512909
512910
512911
512912
512913
512914
512915
512916
512917
512918
512919
512920
512921
512922
512923
512924
512925
512926
512927
512928
512929
512930
512931
512932
512933
512934
512935
512936
512937
512938
512939
512940
512941
512942
512943
512944
512945
512946
512947
512948
512949
512950
512951
512952
512953
512954
512955
512956
512957
512958
512959
512960
512961
512962
512963
512964
512965
512966
512967
512968
512969
512970
512971
512972
512973
512974
512975
512976
512977
512978
512979
512980
512981
512982
512983
512984
512985
512986
512987
512988
512989
512990
512991
512992
512993
512994
512995
512996
512997
512998
512999
513000
513001
513002
513003
513004
513005
513006
513007
513008
513009
513010
513011
513012
513013
513014
513015
513016
513017
513018
513019
513020
513021
513022
513023
513024
513025
513026
513027
513028
513029
513030
513031
513032
513033
513034
513035
513036
513037
513038
513039
513040
513041
513042
513043
513044
513045
513046
513047
513048
513049
513050
513051
513052
513053
513054
513055
513056
513057
513058
513059
513060
513061
513062
513063
513064
513065
513066
513067
513068
513069
513070
513071
513072
513073
513074
513075
513076
513077
513078
513079
513080
513081
513082
513083
513084
513085
513086
513087
513088
513089
513090
513091
513092
513093
513094
513095
513096
513097
513098
513099
513100
513101
513102
513103
513104
513105
513106
513107
513108
513109
513110
513111
513112
513113
513114
513115
513116
513117
513118
513119
513120
513121
513122
513123
513124
513125
513126
513127
513128
513129
513130
513131
513132
513133
513134
513135
513136
513137
513138
513139
513140
513141
513142
513143
513144
513145
513146
513147
513148
513149
513150
513151
513152
513153
513154
513155
513156
513157
513158
513159
513160
513161
513162
513163
513164
513165
513166
513167
513168
513169
513170
513171
513172
513173
513174
513175
513176
513177
513178
513179
513180
513181
513182
513183
513184
513185
513186
513187
513188
513189
513190
513191
513192
513193
513194
513195
513196
513197
513198
513199
513200
513201
513202
513203
513204
513205
513206
513207
513208
513209
513210
513211
513212
513213
513214
513215
513216
513217
513218
513219
513220
513221
513222
513223
513224
513225
513226
513227
513228
513229
513230
513231
513232
513233
513234
513235
513236
513237
513238
513239
513240
513241
513242
513243
513244
513245
513246
513247
513248
513249
513250
513251
513252
513253
513254
513255
513256
513257
513258
513259
513260
513261
513262
513263
513264
513265
513266
513267
513268
513269
513270
513271
513272
513273
513274
513275
513276
513277
513278
513279
513280
513281
513282
513283
513284
513285
513286
513287
513288
513289
513290
513291
513292
513293
513294
513295
513296
513297
513298
513299
513300
513301
513302
513303
513304
513305
513306
513307
513308
513309
513310
513311
513312
513313
513314
513315
513316
513317
513318
513319
513320
513321
513322
513323
513324
513325
513326
513327
513328
513329
513330
513331
513332
513333
513334
513335
513336
513337
513338
513339
513340
513341
513342
513343
513344
513345
513346
513347
513348
513349
513350
513351
513352
513353
513354
513355
513356
513357
513358
513359
513360
513361
513362
513363
513364
513365
513366
513367
513368
513369
513370
513371
513372
513373
513374
513375
513376
513377
513378
513379
513380
513381
513382
513383
513384
513385
513386
513387
513388
513389
513390
513391
513392
513393
513394
513395
513396
513397
513398
513399
513400
513401
513402
513403
513404
513405
513406
513407
513408
513409
513410
513411
513412
513413
513414
513415
513416
513417
513418
513419
513420
513421
513422
513423
513424
513425
513426
513427
513428
513429
513430
513431
513432
513433
513434
513435
513436
513437
513438
513439
513440
513441
513442
513443
513444
513445
513446
513447
513448
513449
513450
513451
513452
513453
513454
513455
513456
513457
513458
513459
513460
513461
513462
513463
513464
513465
513466
513467
513468
513469
513470
513471
513472
513473
513474
513475
513476
513477
513478
513479
513480
513481
513482
513483
513484
513485
513486
513487
513488
513489
513490
513491
513492
513493
513494
513495
513496
513497
513498
513499
513500
513501
513502
513503
513504
513505
513506
513507
513508
513509
513510
513511
513512
513513
513514
513515
513516
513517
513518
513519
513520
513521
513522
513523
513524
513525
513526
513527
513528
513529
513530
513531
513532
513533
513534
513535
513536
513537
513538
513539
513540
513541
513542
513543
513544
513545
513546
513547
513548
513549
513550
513551
513552
513553
513554
513555
513556
513557
513558
513559
513560
513561
513562
513563
513564
513565
513566
513567
513568
513569
513570
513571
513572
513573
513574
513575
513576
513577
513578
513579
513580
513581
513582
513583
513584
513585
513586
513587
513588
513589
513590
513591
513592
513593
513594
513595
513596
513597
513598
513599
513600
513601
513602
513603
513604
513605
513606
513607
513608
513609
513610
513611
513612
513613
513614
513615
513616
513617
513618
513619
513620
513621
513622
513623
513624
513625
513626
513627
513628
513629
513630
513631
513632
513633
513634
513635
513636
513637
513638
513639
513640
513641
513642
513643
513644
513645
513646
513647
513648
513649
513650
513651
513652
513653
513654
513655
513656
513657
513658
513659
513660
513661
513662
513663
513664
513665
513666
513667
513668
513669
513670
513671
513672
513673
513674
513675
513676
513677
513678
513679
513680
513681
513682
513683
513684
513685
513686
513687
513688
513689
513690
513691
513692
513693
513694
513695
513696
513697
513698
513699
513700
513701
513702
513703
513704
513705
513706
513707
513708
513709
513710
513711
513712
513713
513714
513715
513716
513717
513718
513719
513720
513721
513722
513723
513724
513725
513726
513727
513728
513729
513730
513731
513732
513733
513734
513735
513736
513737
513738
513739
513740
513741
513742
513743
513744
513745
513746
513747
513748
513749
513750
513751
513752
513753
513754
513755
513756
513757
513758
513759
513760
513761
513762
513763
513764
513765
513766
513767
513768
513769
513770
513771
513772
513773
513774
513775
513776
513777
513778
513779
513780
513781
513782
513783
513784
513785
513786
513787
513788
513789
513790
513791
513792
513793
513794
513795
513796
513797
513798
513799
513800
513801
513802
513803
513804
513805
513806
513807
513808
513809
513810
513811
513812
513813
513814
513815
513816
513817
513818
513819
513820
513821
513822
513823
513824
513825
513826
513827
513828
513829
513830
513831
513832
513833
513834
513835
513836
513837
513838
513839
513840
513841
513842
513843
513844
513845
513846
513847
513848
513849
513850
513851
513852
513853
513854
513855
513856
513857
513858
513859
513860
513861
513862
513863
513864
513865
513866
513867
513868
513869
513870
513871
513872
513873
513874
513875
513876
513877
513878
513879
513880
513881
513882
513883
513884
513885
513886
513887
513888
513889
513890
513891
513892
513893
513894
513895
513896
513897
513898
513899
513900
513901
513902
513903
513904
513905
513906
513907
513908
513909
513910
513911
513912
513913
513914
513915
513916
513917
513918
513919
513920
513921
513922
513923
513924
513925
513926
513927
513928
513929
513930
513931
513932
513933
513934
513935
513936
513937
513938
513939
513940
513941
513942
513943
513944
513945
513946
513947
513948
513949
513950
513951
513952
513953
513954
513955
513956
513957
513958
513959
513960
513961
513962
513963
513964
513965
513966
513967
513968
513969
513970
513971
513972
513973
513974
513975
513976
513977
513978
513979
513980
513981
513982
513983
513984
513985
513986
513987
513988
513989
513990
513991
513992
513993
513994
513995
513996
513997
513998
513999
514000
514001
514002
514003
514004
514005
514006
514007
514008
514009
514010
514011
514012
514013
514014
514015
514016
514017
514018
514019
514020
514021
514022
514023
514024
514025
514026
514027
514028
514029
514030
514031
514032
514033
514034
514035
514036
514037
514038
514039
514040
514041
514042
514043
514044
514045
514046
514047
514048
514049
514050
514051
514052
514053
514054
514055
514056
514057
514058
514059
514060
514061
514062
514063
514064
514065
514066
514067
514068
514069
514070
514071
514072
514073
514074
514075
514076
514077
514078
514079
514080
514081
514082
514083
514084
514085
514086
514087
514088
514089
514090
514091
514092
514093
514094
514095
514096
514097
514098
514099
514100
514101
514102
514103
514104
514105
514106
514107
514108
514109
514110
514111
514112
514113
514114
514115
514116
514117
514118
514119
514120
514121
514122
514123
514124
514125
514126
514127
514128
514129
514130
514131
514132
514133
514134
514135
514136
514137
514138
514139
514140
514141
514142
514143
514144
514145
514146
514147
514148
514149
514150
514151
514152
514153
514154
514155
514156
514157
514158
514159
514160
514161
514162
514163
514164
514165
514166
514167
514168
514169
514170
514171
514172
514173
514174
514175
514176
514177
514178
514179
514180
514181
514182
514183
514184
514185
514186
514187
514188
514189
514190
514191
514192
514193
514194
514195
514196
514197
514198
514199
514200
514201
514202
514203
514204
514205
514206
514207
514208
514209
514210
514211
514212
514213
514214
514215
514216
514217
514218
514219
514220
514221
514222
514223
514224
514225
514226
514227
514228
514229
514230
514231
514232
514233
514234
514235
514236
514237
514238
514239
514240
514241
514242
514243
514244
514245
514246
514247
514248
514249
514250
514251
514252
514253
514254
514255
514256
514257
514258
514259
514260
514261
514262
514263
514264
514265
514266
514267
514268
514269
514270
514271
514272
514273
514274
514275
514276
514277
514278
514279
514280
514281
514282
514283
514284
514285
514286
514287
514288
514289
514290
514291
514292
514293
514294
514295
514296
514297
514298
514299
514300
514301
514302
514303
514304
514305
514306
514307
514308
514309
514310
514311
514312
514313
514314
514315
514316
514317
514318
514319
514320
514321
514322
514323
514324
514325
514326
514327
514328
514329
514330
514331
514332
514333
514334
514335
514336
514337
514338
514339
514340
514341
514342
514343
514344
514345
514346
514347
514348
514349
514350
514351
514352
514353
514354
514355
514356
514357
514358
514359
514360
514361
514362
514363
514364
514365
514366
514367
514368
514369
514370
514371
514372
514373
514374
514375
514376
514377
514378
514379
514380
514381
514382
514383
514384
514385
514386
514387
514388
514389
514390
514391
514392
514393
514394
514395
514396
514397
514398
514399
514400
514401
514402
514403
514404
514405
514406
514407
514408
514409
514410
514411
514412
514413
514414
514415
514416
514417
514418
514419
514420
514421
514422
514423
514424
514425
514426
514427
514428
514429
514430
514431
514432
514433
514434
514435
514436
514437
514438
514439
514440
514441
514442
514443
514444
514445
514446
514447
514448
514449
514450
514451
514452
514453
514454
514455
514456
514457
514458
514459
514460
514461
514462
514463
514464
514465
514466
514467
514468
514469
514470
514471
514472
514473
514474
514475
514476
514477
514478
514479
514480
514481
514482
514483
514484
514485
514486
514487
514488
514489
514490
514491
514492
514493
514494
514495
514496
514497
514498
514499
514500
514501
514502
514503
514504
514505
514506
514507
514508
514509
514510
514511
514512
514513
514514
514515
514516
514517
514518
514519
514520
514521
514522
514523
514524
514525
514526
514527
514528
514529
514530
514531
514532
514533
514534
514535
514536
514537
514538
514539
514540
514541
514542
514543
514544
514545
514546
514547
514548
514549
514550
514551
514552
514553
514554
514555
514556
514557
514558
514559
514560
514561
514562
514563
514564
514565
514566
514567
514568
514569
514570
514571
514572
514573
514574
514575
514576
514577
514578
514579
514580
514581
514582
514583
514584
514585
514586
514587
514588
514589
514590
514591
514592
514593
514594
514595
514596
514597
514598
514599
514600
514601
514602
514603
514604
514605
514606
514607
514608
514609
514610
514611
514612
514613
514614
514615
514616
514617
514618
514619
514620
514621
514622
514623
514624
514625
514626
514627
514628
514629
514630
514631
514632
514633
514634
514635
514636
514637
514638
514639
514640
514641
514642
514643
514644
514645
514646
514647
514648
514649
514650
514651
514652
514653
514654
514655
514656
514657
514658
514659
514660
514661
514662
514663
514664
514665
514666
514667
514668
514669
514670
514671
514672
514673
514674
514675
514676
514677
514678
514679
514680
514681
514682
514683
514684
514685
514686
514687
514688
514689
514690
514691
514692
514693
514694
514695
514696
514697
514698
514699
514700
514701
514702
514703
514704
514705
514706
514707
514708
514709
514710
514711
514712
514713
514714
514715
514716
514717
514718
514719
514720
514721
514722
514723
514724
514725
514726
514727
514728
514729
514730
514731
514732
514733
514734
514735
514736
514737
514738
514739
514740
514741
514742
514743
514744
514745
514746
514747
514748
514749
514750
514751
514752
514753
514754
514755
514756
514757
514758
514759
514760
514761
514762
514763
514764
514765
514766
514767
514768
514769
514770
514771
514772
514773
514774
514775
514776
514777
514778
514779
514780
514781
514782
514783
514784
514785
514786
514787
514788
514789
514790
514791
514792
514793
514794
514795
514796
514797
514798
514799
514800
514801
514802
514803
514804
514805
514806
514807
514808
514809
514810
514811
514812
514813
514814
514815
514816
514817
514818
514819
514820
514821
514822
514823
514824
514825
514826
514827
514828
514829
514830
514831
514832
514833
514834
514835
514836
514837
514838
514839
514840
514841
514842
514843
514844
514845
514846
514847
514848
514849
514850
514851
514852
514853
514854
514855
514856
514857
514858
514859
514860
514861
514862
514863
514864
514865
514866
514867
514868
514869
514870
514871
514872
514873
514874
514875
514876
514877
514878
514879
514880
514881
514882
514883
514884
514885
514886
514887
514888
514889
514890
514891
514892
514893
514894
514895
514896
514897
514898
514899
514900
514901
514902
514903
514904
514905
514906
514907
514908
514909
514910
514911
514912
514913
514914
514915
514916
514917
514918
514919
514920
514921
514922
514923
514924
514925
514926
514927
514928
514929
514930
514931
514932
514933
514934
514935
514936
514937
514938
514939
514940
514941
514942
514943
514944
514945
514946
514947
514948
514949
514950
514951
514952
514953
514954
514955
514956
514957
514958
514959
514960
514961
514962
514963
514964
514965
514966
514967
514968
514969
514970
514971
514972
514973
514974
514975
514976
514977
514978
514979
514980
514981
514982
514983
514984
514985
514986
514987
514988
514989
514990
514991
514992
514993
514994
514995
514996
514997
514998
514999
515000
515001
515002
515003
515004
515005
515006
515007
515008
515009
515010
515011
515012
515013
515014
515015
515016
515017
515018
515019
515020
515021
515022
515023
515024
515025
515026
515027
515028
515029
515030
515031
515032
515033
515034
515035
515036
515037
515038
515039
515040
515041
515042
515043
515044
515045
515046
515047
515048
515049
515050
515051
515052
515053
515054
515055
515056
515057
515058
515059
515060
515061
515062
515063
515064
515065
515066
515067
515068
515069
515070
515071
515072
515073
515074
515075
515076
515077
515078
515079
515080
515081
515082
515083
515084
515085
515086
515087
515088
515089
515090
515091
515092
515093
515094
515095
515096
515097
515098
515099
515100
515101
515102
515103
515104
515105
515106
515107
515108
515109
515110
515111
515112
515113
515114
515115
515116
515117
515118
515119
515120
515121
515122
515123
515124
515125
515126
515127
515128
515129
515130
515131
515132
515133
515134
515135
515136
515137
515138
515139
515140
515141
515142
515143
515144
515145
515146
515147
515148
515149
515150
515151
515152
515153
515154
515155
515156
515157
515158
515159
515160
515161
515162
515163
515164
515165
515166
515167
515168
515169
515170
515171
515172
515173
515174
515175
515176
515177
515178
515179
515180
515181
515182
515183
515184
515185
515186
515187
515188
515189
515190
515191
515192
515193
515194
515195
515196
515197
515198
515199
515200
515201
515202
515203
515204
515205
515206
515207
515208
515209
515210
515211
515212
515213
515214
515215
515216
515217
515218
515219
515220
515221
515222
515223
515224
515225
515226
515227
515228
515229
515230
515231
515232
515233
515234
515235
515236
515237
515238
515239
515240
515241
515242
515243
515244
515245
515246
515247
515248
515249
515250
515251
515252
515253
515254
515255
515256
515257
515258
515259
515260
515261
515262
515263
515264
515265
515266
515267
515268
515269
515270
515271
515272
515273
515274
515275
515276
515277
515278
515279
515280
515281
515282
515283
515284
515285
515286
515287
515288
515289
515290
515291
515292
515293
515294
515295
515296
515297
515298
515299
515300
515301
515302
515303
515304
515305
515306
515307
515308
515309
515310
515311
515312
515313
515314
515315
515316
515317
515318
515319
515320
515321
515322
515323
515324
515325
515326
515327
515328
515329
515330
515331
515332
515333
515334
515335
515336
515337
515338
515339
515340
515341
515342
515343
515344
515345
515346
515347
515348
515349
515350
515351
515352
515353
515354
515355
515356
515357
515358
515359
515360
515361
515362
515363
515364
515365
515366
515367
515368
515369
515370
515371
515372
515373
515374
515375
515376
515377
515378
515379
515380
515381
515382
515383
515384
515385
515386
515387
515388
515389
515390
515391
515392
515393
515394
515395
515396
515397
515398
515399
515400
515401
515402
515403
515404
515405
515406
515407
515408
515409
515410
515411
515412
515413
515414
515415
515416
515417
515418
515419
515420
515421
515422
515423
515424
515425
515426
515427
515428
515429
515430
515431
515432
515433
515434
515435
515436
515437
515438
515439
515440
515441
515442
515443
515444
515445
515446
515447
515448
515449
515450
515451
515452
515453
515454
515455
515456
515457
515458
515459
515460
515461
515462
515463
515464
515465
515466
515467
515468
515469
515470
515471
515472
515473
515474
515475
515476
515477
515478
515479
515480
515481
515482
515483
515484
515485
515486
515487
515488
515489
515490
515491
515492
515493
515494
515495
515496
515497
515498
515499
515500
515501
515502
515503
515504
515505
515506
515507
515508
515509
515510
515511
515512
515513
515514
515515
515516
515517
515518
515519
515520
515521
515522
515523
515524
515525
515526
515527
515528
515529
515530
515531
515532
515533
515534
515535
515536
515537
515538
515539
515540
515541
515542
515543
515544
515545
515546
515547
515548
515549
515550
515551
515552
515553
515554
515555
515556
515557
515558
515559
515560
515561
515562
515563
515564
515565
515566
515567
515568
515569
515570
515571
515572
515573
515574
515575
515576
515577
515578
515579
515580
515581
515582
515583
515584
515585
515586
515587
515588
515589
515590
515591
515592
515593
515594
515595
515596
515597
515598
515599
515600
515601
515602
515603
515604
515605
515606
515607
515608
515609
515610
515611
515612
515613
515614
515615
515616
515617
515618
515619
515620
515621
515622
515623
515624
515625
515626
515627
515628
515629
515630
515631
515632
515633
515634
515635
515636
515637
515638
515639
515640
515641
515642
515643
515644
515645
515646
515647
515648
515649
515650
515651
515652
515653
515654
515655
515656
515657
515658
515659
515660
515661
515662
515663
515664
515665
515666
515667
515668
515669
515670
515671
515672
515673
515674
515675
515676
515677
515678
515679
515680
515681
515682
515683
515684
515685
515686
515687
515688
515689
515690
515691
515692
515693
515694
515695
515696
515697
515698
515699
515700
515701
515702
515703
515704
515705
515706
515707
515708
515709
515710
515711
515712
515713
515714
515715
515716
515717
515718
515719
515720
515721
515722
515723
515724
515725
515726
515727
515728
515729
515730
515731
515732
515733
515734
515735
515736
515737
515738
515739
515740
515741
515742
515743
515744
515745
515746
515747
515748
515749
515750
515751
515752
515753
515754
515755
515756
515757
515758
515759
515760
515761
515762
515763
515764
515765
515766
515767
515768
515769
515770
515771
515772
515773
515774
515775
515776
515777
515778
515779
515780
515781
515782
515783
515784
515785
515786
515787
515788
515789
515790
515791
515792
515793
515794
515795
515796
515797
515798
515799
515800
515801
515802
515803
515804
515805
515806
515807
515808
515809
515810
515811
515812
515813
515814
515815
515816
515817
515818
515819
515820
515821
515822
515823
515824
515825
515826
515827
515828
515829
515830
515831
515832
515833
515834
515835
515836
515837
515838
515839
515840
515841
515842
515843
515844
515845
515846
515847
515848
515849
515850
515851
515852
515853
515854
515855
515856
515857
515858
515859
515860
515861
515862
515863
515864
515865
515866
515867
515868
515869
515870
515871
515872
515873
515874
515875
515876
515877
515878
515879
515880
515881
515882
515883
515884
515885
515886
515887
515888
515889
515890
515891
515892
515893
515894
515895
515896
515897
515898
515899
515900
515901
515902
515903
515904
515905
515906
515907
515908
515909
515910
515911
515912
515913
515914
515915
515916
515917
515918
515919
515920
515921
515922
515923
515924
515925
515926
515927
515928
515929
515930
515931
515932
515933
515934
515935
515936
515937
515938
515939
515940
515941
515942
515943
515944
515945
515946
515947
515948
515949
515950
515951
515952
515953
515954
515955
515956
515957
515958
515959
515960
515961
515962
515963
515964
515965
515966
515967
515968
515969
515970
515971
515972
515973
515974
515975
515976
515977
515978
515979
515980
515981
515982
515983
515984
515985
515986
515987
515988
515989
515990
515991
515992
515993
515994
515995
515996
515997
515998
515999
516000
516001
516002
516003
516004
516005
516006
516007
516008
516009
516010
516011
516012
516013
516014
516015
516016
516017
516018
516019
516020
516021
516022
516023
516024
516025
516026
516027
516028
516029
516030
516031
516032
516033
516034
516035
516036
516037
516038
516039
516040
516041
516042
516043
516044
516045
516046
516047
516048
516049
516050
516051
516052
516053
516054
516055
516056
516057
516058
516059
516060
516061
516062
516063
516064
516065
516066
516067
516068
516069
516070
516071
516072
516073
516074
516075
516076
516077
516078
516079
516080
516081
516082
516083
516084
516085
516086
516087
516088
516089
516090
516091
516092
516093
516094
516095
516096
516097
516098
516099
516100
516101
516102
516103
516104
516105
516106
516107
516108
516109
516110
516111
516112
516113
516114
516115
516116
516117
516118
516119
516120
516121
516122
516123
516124
516125
516126
516127
516128
516129
516130
516131
516132
516133
516134
516135
516136
516137
516138
516139
516140
516141
516142
516143
516144
516145
516146
516147
516148
516149
516150
516151
516152
516153
516154
516155
516156
516157
516158
516159
516160
516161
516162
516163
516164
516165
516166
516167
516168
516169
516170
516171
516172
516173
516174
516175
516176
516177
516178
516179
516180
516181
516182
516183
516184
516185
516186
516187
516188
516189
516190
516191
516192
516193
516194
516195
516196
516197
516198
516199
516200
516201
516202
516203
516204
516205
516206
516207
516208
516209
516210
516211
516212
516213
516214
516215
516216
516217
516218
516219
516220
516221
516222
516223
516224
516225
516226
516227
516228
516229
516230
516231
516232
516233
516234
516235
516236
516237
516238
516239
516240
516241
516242
516243
516244
516245
516246
516247
516248
516249
516250
516251
516252
516253
516254
516255
516256
516257
516258
516259
516260
516261
516262
516263
516264
516265
516266
516267
516268
516269
516270
516271
516272
516273
516274
516275
516276
516277
516278
516279
516280
516281
516282
516283
516284
516285
516286
516287
516288
516289
516290
516291
516292
516293
516294
516295
516296
516297
516298
516299
516300
516301
516302
516303
516304
516305
516306
516307
516308
516309
516310
516311
516312
516313
516314
516315
516316
516317
516318
516319
516320
516321
516322
516323
516324
516325
516326
516327
516328
516329
516330
516331
516332
516333
516334
516335
516336
516337
516338
516339
516340
516341
516342
516343
516344
516345
516346
516347
516348
516349
516350
516351
516352
516353
516354
516355
516356
516357
516358
516359
516360
516361
516362
516363
516364
516365
516366
516367
516368
516369
516370
516371
516372
516373
516374
516375
516376
516377
516378
516379
516380
516381
516382
516383
516384
516385
516386
516387
516388
516389
516390
516391
516392
516393
516394
516395
516396
516397
516398
516399
516400
516401
516402
516403
516404
516405
516406
516407
516408
516409
516410
516411
516412
516413
516414
516415
516416
516417
516418
516419
516420
516421
516422
516423
516424
516425
516426
516427
516428
516429
516430
516431
516432
516433
516434
516435
516436
516437
516438
516439
516440
516441
516442
516443
516444
516445
516446
516447
516448
516449
516450
516451
516452
516453
516454
516455
516456
516457
516458
516459
516460
516461
516462
516463
516464
516465
516466
516467
516468
516469
516470
516471
516472
516473
516474
516475
516476
516477
516478
516479
516480
516481
516482
516483
516484
516485
516486
516487
516488
516489
516490
516491
516492
516493
516494
516495
516496
516497
516498
516499
516500
516501
516502
516503
516504
516505
516506
516507
516508
516509
516510
516511
516512
516513
516514
516515
516516
516517
516518
516519
516520
516521
516522
516523
516524
516525
516526
516527
516528
516529
516530
516531
516532
516533
516534
516535
516536
516537
516538
516539
516540
516541
516542
516543
516544
516545
516546
516547
516548
516549
516550
516551
516552
516553
516554
516555
516556
516557
516558
516559
516560
516561
516562
516563
516564
516565
516566
516567
516568
516569
516570
516571
516572
516573
516574
516575
516576
516577
516578
516579
516580
516581
516582
516583
516584
516585
516586
516587
516588
516589
516590
516591
516592
516593
516594
516595
516596
516597
516598
516599
516600
516601
516602
516603
516604
516605
516606
516607
516608
516609
516610
516611
516612
516613
516614
516615
516616
516617
516618
516619
516620
516621
516622
516623
516624
516625
516626
516627
516628
516629
516630
516631
516632
516633
516634
516635
516636
516637
516638
516639
516640
516641
516642
516643
516644
516645
516646
516647
516648
516649
516650
516651
516652
516653
516654
516655
516656
516657
516658
516659
516660
516661
516662
516663
516664
516665
516666
516667
516668
516669
516670
516671
516672
516673
516674
516675
516676
516677
516678
516679
516680
516681
516682
516683
516684
516685
516686
516687
516688
516689
516690
516691
516692
516693
516694
516695
516696
516697
516698
516699
516700
516701
516702
516703
516704
516705
516706
516707
516708
516709
516710
516711
516712
516713
516714
516715
516716
516717
516718
516719
516720
516721
516722
516723
516724
516725
516726
516727
516728
516729
516730
516731
516732
516733
516734
516735
516736
516737
516738
516739
516740
516741
516742
516743
516744
516745
516746
516747
516748
516749
516750
516751
516752
516753
516754
516755
516756
516757
516758
516759
516760
516761
516762
516763
516764
516765
516766
516767
516768
516769
516770
516771
516772
516773
516774
516775
516776
516777
516778
516779
516780
516781
516782
516783
516784
516785
516786
516787
516788
516789
516790
516791
516792
516793
516794
516795
516796
516797
516798
516799
516800
516801
516802
516803
516804
516805
516806
516807
516808
516809
516810
516811
516812
516813
516814
516815
516816
516817
516818
516819
516820
516821
516822
516823
516824
516825
516826
516827
516828
516829
516830
516831
516832
516833
516834
516835
516836
516837
516838
516839
516840
516841
516842
516843
516844
516845
516846
516847
516848
516849
516850
516851
516852
516853
516854
516855
516856
516857
516858
516859
516860
516861
516862
516863
516864
516865
516866
516867
516868
516869
516870
516871
516872
516873
516874
516875
516876
516877
516878
516879
516880
516881
516882
516883
516884
516885
516886
516887
516888
516889
516890
516891
516892
516893
516894
516895
516896
516897
516898
516899
516900
516901
516902
516903
516904
516905
516906
516907
516908
516909
516910
516911
516912
516913
516914
516915
516916
516917
516918
516919
516920
516921
516922
516923
516924
516925
516926
516927
516928
516929
516930
516931
516932
516933
516934
516935
516936
516937
516938
516939
516940
516941
516942
516943
516944
516945
516946
516947
516948
516949
516950
516951
516952
516953
516954
516955
516956
516957
516958
516959
516960
516961
516962
516963
516964
516965
516966
516967
516968
516969
516970
516971
516972
516973
516974
516975
516976
516977
516978
516979
516980
516981
516982
516983
516984
516985
516986
516987
516988
516989
516990
516991
516992
516993
516994
516995
516996
516997
516998
516999
517000
517001
517002
517003
517004
517005
517006
517007
517008
517009
517010
517011
517012
517013
517014
517015
517016
517017
517018
517019
517020
517021
517022
517023
517024
517025
517026
517027
517028
517029
517030
517031
517032
517033
517034
517035
517036
517037
517038
517039
517040
517041
517042
517043
517044
517045
517046
517047
517048
517049
517050
517051
517052
517053
517054
517055
517056
517057
517058
517059
517060
517061
517062
517063
517064
517065
517066
517067
517068
517069
517070
517071
517072
517073
517074
517075
517076
517077
517078
517079
517080
517081
517082
517083
517084
517085
517086
517087
517088
517089
517090
517091
517092
517093
517094
517095
517096
517097
517098
517099
517100
517101
517102
517103
517104
517105
517106
517107
517108
517109
517110
517111
517112
517113
517114
517115
517116
517117
517118
517119
517120
517121
517122
517123
517124
517125
517126
517127
517128
517129
517130
517131
517132
517133
517134
517135
517136
517137
517138
517139
517140
517141
517142
517143
517144
517145
517146
517147
517148
517149
517150
517151
517152
517153
517154
517155
517156
517157
517158
517159
517160
517161
517162
517163
517164
517165
517166
517167
517168
517169
517170
517171
517172
517173
517174
517175
517176
517177
517178
517179
517180
517181
517182
517183
517184
517185
517186
517187
517188
517189
517190
517191
517192
517193
517194
517195
517196
517197
517198
517199
517200
517201
517202
517203
517204
517205
517206
517207
517208
517209
517210
517211
517212
517213
517214
517215
517216
517217
517218
517219
517220
517221
517222
517223
517224
517225
517226
517227
517228
517229
517230
517231
517232
517233
517234
517235
517236
517237
517238
517239
517240
517241
517242
517243
517244
517245
517246
517247
517248
517249
517250
517251
517252
517253
517254
517255
517256
517257
517258
517259
517260
517261
517262
517263
517264
517265
517266
517267
517268
517269
517270
517271
517272
517273
517274
517275
517276
517277
517278
517279
517280
517281
517282
517283
517284
517285
517286
517287
517288
517289
517290
517291
517292
517293
517294
517295
517296
517297
517298
517299
517300
517301
517302
517303
517304
517305
517306
517307
517308
517309
517310
517311
517312
517313
517314
517315
517316
517317
517318
517319
517320
517321
517322
517323
517324
517325
517326
517327
517328
517329
517330
517331
517332
517333
517334
517335
517336
517337
517338
517339
517340
517341
517342
517343
517344
517345
517346
517347
517348
517349
517350
517351
517352
517353
517354
517355
517356
517357
517358
517359
517360
517361
517362
517363
517364
517365
517366
517367
517368
517369
517370
517371
517372
517373
517374
517375
517376
517377
517378
517379
517380
517381
517382
517383
517384
517385
517386
517387
517388
517389
517390
517391
517392
517393
517394
517395
517396
517397
517398
517399
517400
517401
517402
517403
517404
517405
517406
517407
517408
517409
517410
517411
517412
517413
517414
517415
517416
517417
517418
517419
517420
517421
517422
517423
517424
517425
517426
517427
517428
517429
517430
517431
517432
517433
517434
517435
517436
517437
517438
517439
517440
517441
517442
517443
517444
517445
517446
517447
517448
517449
517450
517451
517452
517453
517454
517455
517456
517457
517458
517459
517460
517461
517462
517463
517464
517465
517466
517467
517468
517469
517470
517471
517472
517473
517474
517475
517476
517477
517478
517479
517480
517481
517482
517483
517484
517485
517486
517487
517488
517489
517490
517491
517492
517493
517494
517495
517496
517497
517498
517499
517500
517501
517502
517503
517504
517505
517506
517507
517508
517509
517510
517511
517512
517513
517514
517515
517516
517517
517518
517519
517520
517521
517522
517523
517524
517525
517526
517527
517528
517529
517530
517531
517532
517533
517534
517535
517536
517537
517538
517539
517540
517541
517542
517543
517544
517545
517546
517547
517548
517549
517550
517551
517552
517553
517554
517555
517556
517557
517558
517559
517560
517561
517562
517563
517564
517565
517566
517567
517568
517569
517570
517571
517572
517573
517574
517575
517576
517577
517578
517579
517580
517581
517582
517583
517584
517585
517586
517587
517588
517589
517590
517591
517592
517593
517594
517595
517596
517597
517598
517599
517600
517601
517602
517603
517604
517605
517606
517607
517608
517609
517610
517611
517612
517613
517614
517615
517616
517617
517618
517619
517620
517621
517622
517623
517624
517625
517626
517627
517628
517629
517630
517631
517632
517633
517634
517635
517636
517637
517638
517639
517640
517641
517642
517643
517644
517645
517646
517647
517648
517649
517650
517651
517652
517653
517654
517655
517656
517657
517658
517659
517660
517661
517662
517663
517664
517665
517666
517667
517668
517669
517670
517671
517672
517673
517674
517675
517676
517677
517678
517679
517680
517681
517682
517683
517684
517685
517686
517687
517688
517689
517690
517691
517692
517693
517694
517695
517696
517697
517698
517699
517700
517701
517702
517703
517704
517705
517706
517707
517708
517709
517710
517711
517712
517713
517714
517715
517716
517717
517718
517719
517720
517721
517722
517723
517724
517725
517726
517727
517728
517729
517730
517731
517732
517733
517734
517735
517736
517737
517738
517739
517740
517741
517742
517743
517744
517745
517746
517747
517748
517749
517750
517751
517752
517753
517754
517755
517756
517757
517758
517759
517760
517761
517762
517763
517764
517765
517766
517767
517768
517769
517770
517771
517772
517773
517774
517775
517776
517777
517778
517779
517780
517781
517782
517783
517784
517785
517786
517787
517788
517789
517790
517791
517792
517793
517794
517795
517796
517797
517798
517799
517800
517801
517802
517803
517804
517805
517806
517807
517808
517809
517810
517811
517812
517813
517814
517815
517816
517817
517818
517819
517820
517821
517822
517823
517824
517825
517826
517827
517828
517829
517830
517831
517832
517833
517834
517835
517836
517837
517838
517839
517840
517841
517842
517843
517844
517845
517846
517847
517848
517849
517850
517851
517852
517853
517854
517855
517856
517857
517858
517859
517860
517861
517862
517863
517864
517865
517866
517867
517868
517869
517870
517871
517872
517873
517874
517875
517876
517877
517878
517879
517880
517881
517882
517883
517884
517885
517886
517887
517888
517889
517890
517891
517892
517893
517894
517895
517896
517897
517898
517899
517900
517901
517902
517903
517904
517905
517906
517907
517908
517909
517910
517911
517912
517913
517914
517915
517916
517917
517918
517919
517920
517921
517922
517923
517924
517925
517926
517927
517928
517929
517930
517931
517932
517933
517934
517935
517936
517937
517938
517939
517940
517941
517942
517943
517944
517945
517946
517947
517948
517949
517950
517951
517952
517953
517954
517955
517956
517957
517958
517959
517960
517961
517962
517963
517964
517965
517966
517967
517968
517969
517970
517971
517972
517973
517974
517975
517976
517977
517978
517979
517980
517981
517982
517983
517984
517985
517986
517987
517988
517989
517990
517991
517992
517993
517994
517995
517996
517997
517998
517999
518000
518001
518002
518003
518004
518005
518006
518007
518008
518009
518010
518011
518012
518013
518014
518015
518016
518017
518018
518019
518020
518021
518022
518023
518024
518025
518026
518027
518028
518029
518030
518031
518032
518033
518034
518035
518036
518037
518038
518039
518040
518041
518042
518043
518044
518045
518046
518047
518048
518049
518050
518051
518052
518053
518054
518055
518056
518057
518058
518059
518060
518061
518062
518063
518064
518065
518066
518067
518068
518069
518070
518071
518072
518073
518074
518075
518076
518077
518078
518079
518080
518081
518082
518083
518084
518085
518086
518087
518088
518089
518090
518091
518092
518093
518094
518095
518096
518097
518098
518099
518100
518101
518102
518103
518104
518105
518106
518107
518108
518109
518110
518111
518112
518113
518114
518115
518116
518117
518118
518119
518120
518121
518122
518123
518124
518125
518126
518127
518128
518129
518130
518131
518132
518133
518134
518135
518136
518137
518138
518139
518140
518141
518142
518143
518144
518145
518146
518147
518148
518149
518150
518151
518152
518153
518154
518155
518156
518157
518158
518159
518160
518161
518162
518163
518164
518165
518166
518167
518168
518169
518170
518171
518172
518173
518174
518175
518176
518177
518178
518179
518180
518181
518182
518183
518184
518185
518186
518187
518188
518189
518190
518191
518192
518193
518194
518195
518196
518197
518198
518199
518200
518201
518202
518203
518204
518205
518206
518207
518208
518209
518210
518211
518212
518213
518214
518215
518216
518217
518218
518219
518220
518221
518222
518223
518224
518225
518226
518227
518228
518229
518230
518231
518232
518233
518234
518235
518236
518237
518238
518239
518240
518241
518242
518243
518244
518245
518246
518247
518248
518249
518250
518251
518252
518253
518254
518255
518256
518257
518258
518259
518260
518261
518262
518263
518264
518265
518266
518267
518268
518269
518270
518271
518272
518273
518274
518275
518276
518277
518278
518279
518280
518281
518282
518283
518284
518285
518286
518287
518288
518289
518290
518291
518292
518293
518294
518295
518296
518297
518298
518299
518300
518301
518302
518303
518304
518305
518306
518307
518308
518309
518310
518311
518312
518313
518314
518315
518316
518317
518318
518319
518320
518321
518322
518323
518324
518325
518326
518327
518328
518329
518330
518331
518332
518333
518334
518335
518336
518337
518338
518339
518340
518341
518342
518343
518344
518345
518346
518347
518348
518349
518350
518351
518352
518353
518354
518355
518356
518357
518358
518359
518360
518361
518362
518363
518364
518365
518366
518367
518368
518369
518370
518371
518372
518373
518374
518375
518376
518377
518378
518379
518380
518381
518382
518383
518384
518385
518386
518387
518388
518389
518390
518391
518392
518393
518394
518395
518396
518397
518398
518399
518400
518401
518402
518403
518404
518405
518406
518407
518408
518409
518410
518411
518412
518413
518414
518415
518416
518417
518418
518419
518420
518421
518422
518423
518424
518425
518426
518427
518428
518429
518430
518431
518432
518433
518434
518435
518436
518437
518438
518439
518440
518441
518442
518443
518444
518445
518446
518447
518448
518449
518450
518451
518452
518453
518454
518455
518456
518457
518458
518459
518460
518461
518462
518463
518464
518465
518466
518467
518468
518469
518470
518471
518472
518473
518474
518475
518476
518477
518478
518479
518480
518481
518482
518483
518484
518485
518486
518487
518488
518489
518490
518491
518492
518493
518494
518495
518496
518497
518498
518499
518500
518501
518502
518503
518504
518505
518506
518507
518508
518509
518510
518511
518512
518513
518514
518515
518516
518517
518518
518519
518520
518521
518522
518523
518524
518525
518526
518527
518528
518529
518530
518531
518532
518533
518534
518535
518536
518537
518538
518539
518540
518541
518542
518543
518544
518545
518546
518547
518548
518549
518550
518551
518552
518553
518554
518555
518556
518557
518558
518559
518560
518561
518562
518563
518564
518565
518566
518567
518568
518569
518570
518571
518572
518573
518574
518575
518576
518577
518578
518579
518580
518581
518582
518583
518584
518585
518586
518587
518588
518589
518590
518591
518592
518593
518594
518595
518596
518597
518598
518599
518600
518601
518602
518603
518604
518605
518606
518607
518608
518609
518610
518611
518612
518613
518614
518615
518616
518617
518618
518619
518620
518621
518622
518623
518624
518625
518626
518627
518628
518629
518630
518631
518632
518633
518634
518635
518636
518637
518638
518639
518640
518641
518642
518643
518644
518645
518646
518647
518648
518649
518650
518651
518652
518653
518654
518655
518656
518657
518658
518659
518660
518661
518662
518663
518664
518665
518666
518667
518668
518669
518670
518671
518672
518673
518674
518675
518676
518677
518678
518679
518680
518681
518682
518683
518684
518685
518686
518687
518688
518689
518690
518691
518692
518693
518694
518695
518696
518697
518698
518699
518700
518701
518702
518703
518704
518705
518706
518707
518708
518709
518710
518711
518712
518713
518714
518715
518716
518717
518718
518719
518720
518721
518722
518723
518724
518725
518726
518727
518728
518729
518730
518731
518732
518733
518734
518735
518736
518737
518738
518739
518740
518741
518742
518743
518744
518745
518746
518747
518748
518749
518750
518751
518752
518753
518754
518755
518756
518757
518758
518759
518760
518761
518762
518763
518764
518765
518766
518767
518768
518769
518770
518771
518772
518773
518774
518775
518776
518777
518778
518779
518780
518781
518782
518783
518784
518785
518786
518787
518788
518789
518790
518791
518792
518793
518794
518795
518796
518797
518798
518799
518800
518801
518802
518803
518804
518805
518806
518807
518808
518809
518810
518811
518812
518813
518814
518815
518816
518817
518818
518819
518820
518821
518822
518823
518824
518825
518826
518827
518828
518829
518830
518831
518832
518833
518834
518835
518836
518837
518838
518839
518840
518841
518842
518843
518844
518845
518846
518847
518848
518849
518850
518851
518852
518853
518854
518855
518856
518857
518858
518859
518860
518861
518862
518863
518864
518865
518866
518867
518868
518869
518870
518871
518872
518873
518874
518875
518876
518877
518878
518879
518880
518881
518882
518883
518884
518885
518886
518887
518888
518889
518890
518891
518892
518893
518894
518895
518896
518897
518898
518899
518900
518901
518902
518903
518904
518905
518906
518907
518908
518909
518910
518911
518912
518913
518914
518915
518916
518917
518918
518919
518920
518921
518922
518923
518924
518925
518926
518927
518928
518929
518930
518931
518932
518933
518934
518935
518936
518937
518938
518939
518940
518941
518942
518943
518944
518945
518946
518947
518948
518949
518950
518951
518952
518953
518954
518955
518956
518957
518958
518959
518960
518961
518962
518963
518964
518965
518966
518967
518968
518969
518970
518971
518972
518973
518974
518975
518976
518977
518978
518979
518980
518981
518982
518983
518984
518985
518986
518987
518988
518989
518990
518991
518992
518993
518994
518995
518996
518997
518998
518999
519000
519001
519002
519003
519004
519005
519006
519007
519008
519009
519010
519011
519012
519013
519014
519015
519016
519017
519018
519019
519020
519021
519022
519023
519024
519025
519026
519027
519028
519029
519030
519031
519032
519033
519034
519035
519036
519037
519038
519039
519040
519041
519042
519043
519044
519045
519046
519047
519048
519049
519050
519051
519052
519053
519054
519055
519056
519057
519058
519059
519060
519061
519062
519063
519064
519065
519066
519067
519068
519069
519070
519071
519072
519073
519074
519075
519076
519077
519078
519079
519080
519081
519082
519083
519084
519085
519086
519087
519088
519089
519090
519091
519092
519093
519094
519095
519096
519097
519098
519099
519100
519101
519102
519103
519104
519105
519106
519107
519108
519109
519110
519111
519112
519113
519114
519115
519116
519117
519118
519119
519120
519121
519122
519123
519124
519125
519126
519127
519128
519129
519130
519131
519132
519133
519134
519135
519136
519137
519138
519139
519140
519141
519142
519143
519144
519145
519146
519147
519148
519149
519150
519151
519152
519153
519154
519155
519156
519157
519158
519159
519160
519161
519162
519163
519164
519165
519166
519167
519168
519169
519170
519171
519172
519173
519174
519175
519176
519177
519178
519179
519180
519181
519182
519183
519184
519185
519186
519187
519188
519189
519190
519191
519192
519193
519194
519195
519196
519197
519198
519199
519200
519201
519202
519203
519204
519205
519206
519207
519208
519209
519210
519211
519212
519213
519214
519215
519216
519217
519218
519219
519220
519221
519222
519223
519224
519225
519226
519227
519228
519229
519230
519231
519232
519233
519234
519235
519236
519237
519238
519239
519240
519241
519242
519243
519244
519245
519246
519247
519248
519249
519250
519251
519252
519253
519254
519255
519256
519257
519258
519259
519260
519261
519262
519263
519264
519265
519266
519267
519268
519269
519270
519271
519272
519273
519274
519275
519276
519277
519278
519279
519280
519281
519282
519283
519284
519285
519286
519287
519288
519289
519290
519291
519292
519293
519294
519295
519296
519297
519298
519299
519300
519301
519302
519303
519304
519305
519306
519307
519308
519309
519310
519311
519312
519313
519314
519315
519316
519317
519318
519319
519320
519321
519322
519323
519324
519325
519326
519327
519328
519329
519330
519331
519332
519333
519334
519335
519336
519337
519338
519339
519340
519341
519342
519343
519344
519345
519346
519347
519348
519349
519350
519351
519352
519353
519354
519355
519356
519357
519358
519359
519360
519361
519362
519363
519364
519365
519366
519367
519368
519369
519370
519371
519372
519373
519374
519375
519376
519377
519378
519379
519380
519381
519382
519383
519384
519385
519386
519387
519388
519389
519390
519391
519392
519393
519394
519395
519396
519397
519398
519399
519400
519401
519402
519403
519404
519405
519406
519407
519408
519409
519410
519411
519412
519413
519414
519415
519416
519417
519418
519419
519420
519421
519422
519423
519424
519425
519426
519427
519428
519429
519430
519431
519432
519433
519434
519435
519436
519437
519438
519439
519440
519441
519442
519443
519444
519445
519446
519447
519448
519449
519450
519451
519452
519453
519454
519455
519456
519457
519458
519459
519460
519461
519462
519463
519464
519465
519466
519467
519468
519469
519470
519471
519472
519473
519474
519475
519476
519477
519478
519479
519480
519481
519482
519483
519484
519485
519486
519487
519488
519489
519490
519491
519492
519493
519494
519495
519496
519497
519498
519499
519500
519501
519502
519503
519504
519505
519506
519507
519508
519509
519510
519511
519512
519513
519514
519515
519516
519517
519518
519519
519520
519521
519522
519523
519524
519525
519526
519527
519528
519529
519530
519531
519532
519533
519534
519535
519536
519537
519538
519539
519540
519541
519542
519543
519544
519545
519546
519547
519548
519549
519550
519551
519552
519553
519554
519555
519556
519557
519558
519559
519560
519561
519562
519563
519564
519565
519566
519567
519568
519569
519570
519571
519572
519573
519574
519575
519576
519577
519578
519579
519580
519581
519582
519583
519584
519585
519586
519587
519588
519589
519590
519591
519592
519593
519594
519595
519596
519597
519598
519599
519600
519601
519602
519603
519604
519605
519606
519607
519608
519609
519610
519611
519612
519613
519614
519615
519616
519617
519618
519619
519620
519621
519622
519623
519624
519625
519626
519627
519628
519629
519630
519631
519632
519633
519634
519635
519636
519637
519638
519639
519640
519641
519642
519643
519644
519645
519646
519647
519648
519649
519650
519651
519652
519653
519654
519655
519656
519657
519658
519659
519660
519661
519662
519663
519664
519665
519666
519667
519668
519669
519670
519671
519672
519673
519674
519675
519676
519677
519678
519679
519680
519681
519682
519683
519684
519685
519686
519687
519688
519689
519690
519691
519692
519693
519694
519695
519696
519697
519698
519699
519700
519701
519702
519703
519704
519705
519706
519707
519708
519709
519710
519711
519712
519713
519714
519715
519716
519717
519718
519719
519720
519721
519722
519723
519724
519725
519726
519727
519728
519729
519730
519731
519732
519733
519734
519735
519736
519737
519738
519739
519740
519741
519742
519743
519744
519745
519746
519747
519748
519749
519750
519751
519752
519753
519754
519755
519756
519757
519758
519759
519760
519761
519762
519763
519764
519765
519766
519767
519768
519769
519770
519771
519772
519773
519774
519775
519776
519777
519778
519779
519780
519781
519782
519783
519784
519785
519786
519787
519788
519789
519790
519791
519792
519793
519794
519795
519796
519797
519798
519799
519800
519801
519802
519803
519804
519805
519806
519807
519808
519809
519810
519811
519812
519813
519814
519815
519816
519817
519818
519819
519820
519821
519822
519823
519824
519825
519826
519827
519828
519829
519830
519831
519832
519833
519834
519835
519836
519837
519838
519839
519840
519841
519842
519843
519844
519845
519846
519847
519848
519849
519850
519851
519852
519853
519854
519855
519856
519857
519858
519859
519860
519861
519862
519863
519864
519865
519866
519867
519868
519869
519870
519871
519872
519873
519874
519875
519876
519877
519878
519879
519880
519881
519882
519883
519884
519885
519886
519887
519888
519889
519890
519891
519892
519893
519894
519895
519896
519897
519898
519899
519900
519901
519902
519903
519904
519905
519906
519907
519908
519909
519910
519911
519912
519913
519914
519915
519916
519917
519918
519919
519920
519921
519922
519923
519924
519925
519926
519927
519928
519929
519930
519931
519932
519933
519934
519935
519936
519937
519938
519939
519940
519941
519942
519943
519944
519945
519946
519947
519948
519949
519950
519951
519952
519953
519954
519955
519956
519957
519958
519959
519960
519961
519962
519963
519964
519965
519966
519967
519968
519969
519970
519971
519972
519973
519974
519975
519976
519977
519978
519979
519980
519981
519982
519983
519984
519985
519986
519987
519988
519989
519990
519991
519992
519993
519994
519995
519996
519997
519998
519999
520000
520001
520002
520003
520004
520005
520006
520007
520008
520009
520010
520011
520012
520013
520014
520015
520016
520017
520018
520019
520020
520021
520022
520023
520024
520025
520026
520027
520028
520029
520030
520031
520032
520033
520034
520035
520036
520037
520038
520039
520040
520041
520042
520043
520044
520045
520046
520047
520048
520049
520050
520051
520052
520053
520054
520055
520056
520057
520058
520059
520060
520061
520062
520063
520064
520065
520066
520067
520068
520069
520070
520071
520072
520073
520074
520075
520076
520077
520078
520079
520080
520081
520082
520083
520084
520085
520086
520087
520088
520089
520090
520091
520092
520093
520094
520095
520096
520097
520098
520099
520100
520101
520102
520103
520104
520105
520106
520107
520108
520109
520110
520111
520112
520113
520114
520115
520116
520117
520118
520119
520120
520121
520122
520123
520124
520125
520126
520127
520128
520129
520130
520131
520132
520133
520134
520135
520136
520137
520138
520139
520140
520141
520142
520143
520144
520145
520146
520147
520148
520149
520150
520151
520152
520153
520154
520155
520156
520157
520158
520159
520160
520161
520162
520163
520164
520165
520166
520167
520168
520169
520170
520171
520172
520173
520174
520175
520176
520177
520178
520179
520180
520181
520182
520183
520184
520185
520186
520187
520188
520189
520190
520191
520192
520193
520194
520195
520196
520197
520198
520199
520200
520201
520202
520203
520204
520205
520206
520207
520208
520209
520210
520211
520212
520213
520214
520215
520216
520217
520218
520219
520220
520221
520222
520223
520224
520225
520226
520227
520228
520229
520230
520231
520232
520233
520234
520235
520236
520237
520238
520239
520240
520241
520242
520243
520244
520245
520246
520247
520248
520249
520250
520251
520252
520253
520254
520255
520256
520257
520258
520259
520260
520261
520262
520263
520264
520265
520266
520267
520268
520269
520270
520271
520272
520273
520274
520275
520276
520277
520278
520279
520280
520281
520282
520283
520284
520285
520286
520287
520288
520289
520290
520291
520292
520293
520294
520295
520296
520297
520298
520299
520300
520301
520302
520303
520304
520305
520306
520307
520308
520309
520310
520311
520312
520313
520314
520315
520316
520317
520318
520319
520320
520321
520322
520323
520324
520325
520326
520327
520328
520329
520330
520331
520332
520333
520334
520335
520336
520337
520338
520339
520340
520341
520342
520343
520344
520345
520346
520347
520348
520349
520350
520351
520352
520353
520354
520355
520356
520357
520358
520359
520360
520361
520362
520363
520364
520365
520366
520367
520368
520369
520370
520371
520372
520373
520374
520375
520376
520377
520378
520379
520380
520381
520382
520383
520384
520385
520386
520387
520388
520389
520390
520391
520392
520393
520394
520395
520396
520397
520398
520399
520400
520401
520402
520403
520404
520405
520406
520407
520408
520409
520410
520411
520412
520413
520414
520415
520416
520417
520418
520419
520420
520421
520422
520423
520424
520425
520426
520427
520428
520429
520430
520431
520432
520433
520434
520435
520436
520437
520438
520439
520440
520441
520442
520443
520444
520445
520446
520447
520448
520449
520450
520451
520452
520453
520454
520455
520456
520457
520458
520459
520460
520461
520462
520463
520464
520465
520466
520467
520468
520469
520470
520471
520472
520473
520474
520475
520476
520477
520478
520479
520480
520481
520482
520483
520484
520485
520486
520487
520488
520489
520490
520491
520492
520493
520494
520495
520496
520497
520498
520499
520500
520501
520502
520503
520504
520505
520506
520507
520508
520509
520510
520511
520512
520513
520514
520515
520516
520517
520518
520519
520520
520521
520522
520523
520524
520525
520526
520527
520528
520529
520530
520531
520532
520533
520534
520535
520536
520537
520538
520539
520540
520541
520542
520543
520544
520545
520546
520547
520548
520549
520550
520551
520552
520553
520554
520555
520556
520557
520558
520559
520560
520561
520562
520563
520564
520565
520566
520567
520568
520569
520570
520571
520572
520573
520574
520575
520576
520577
520578
520579
520580
520581
520582
520583
520584
520585
520586
520587
520588
520589
520590
520591
520592
520593
520594
520595
520596
520597
520598
520599
520600
520601
520602
520603
520604
520605
520606
520607
520608
520609
520610
520611
520612
520613
520614
520615
520616
520617
520618
520619
520620
520621
520622
520623
520624
520625
520626
520627
520628
520629
520630
520631
520632
520633
520634
520635
520636
520637
520638
520639
520640
520641
520642
520643
520644
520645
520646
520647
520648
520649
520650
520651
520652
520653
520654
520655
520656
520657
520658
520659
520660
520661
520662
520663
520664
520665
520666
520667
520668
520669
520670
520671
520672
520673
520674
520675
520676
520677
520678
520679
520680
520681
520682
520683
520684
520685
520686
520687
520688
520689
520690
520691
520692
520693
520694
520695
520696
520697
520698
520699
520700
520701
520702
520703
520704
520705
520706
520707
520708
520709
520710
520711
520712
520713
520714
520715
520716
520717
520718
520719
520720
520721
520722
520723
520724
520725
520726
520727
520728
520729
520730
520731
520732
520733
520734
520735
520736
520737
520738
520739
520740
520741
520742
520743
520744
520745
520746
520747
520748
520749
520750
520751
520752
520753
520754
520755
520756
520757
520758
520759
520760
520761
520762
520763
520764
520765
520766
520767
520768
520769
520770
520771
520772
520773
520774
520775
520776
520777
520778
520779
520780
520781
520782
520783
520784
520785
520786
520787
520788
520789
520790
520791
520792
520793
520794
520795
520796
520797
520798
520799
520800
520801
520802
520803
520804
520805
520806
520807
520808
520809
520810
520811
520812
520813
520814
520815
520816
520817
520818
520819
520820
520821
520822
520823
520824
520825
520826
520827
520828
520829
520830
520831
520832
520833
520834
520835
520836
520837
520838
520839
520840
520841
520842
520843
520844
520845
520846
520847
520848
520849
520850
520851
520852
520853
520854
520855
520856
520857
520858
520859
520860
520861
520862
520863
520864
520865
520866
520867
520868
520869
520870
520871
520872
520873
520874
520875
520876
520877
520878
520879
520880
520881
520882
520883
520884
520885
520886
520887
520888
520889
520890
520891
520892
520893
520894
520895
520896
520897
520898
520899
520900
520901
520902
520903
520904
520905
520906
520907
520908
520909
520910
520911
520912
520913
520914
520915
520916
520917
520918
520919
520920
520921
520922
520923
520924
520925
520926
520927
520928
520929
520930
520931
520932
520933
520934
520935
520936
520937
520938
520939
520940
520941
520942
520943
520944
520945
520946
520947
520948
520949
520950
520951
520952
520953
520954
520955
520956
520957
520958
520959
520960
520961
520962
520963
520964
520965
520966
520967
520968
520969
520970
520971
520972
520973
520974
520975
520976
520977
520978
520979
520980
520981
520982
520983
520984
520985
520986
520987
520988
520989
520990
520991
520992
520993
520994
520995
520996
520997
520998
520999
521000
521001
521002
521003
521004
521005
521006
521007
521008
521009
521010
521011
521012
521013
521014
521015
521016
521017
521018
521019
521020
521021
521022
521023
521024
521025
521026
521027
521028
521029
521030
521031
521032
521033
521034
521035
521036
521037
521038
521039
521040
521041
521042
521043
521044
521045
521046
521047
521048
521049
521050
521051
521052
521053
521054
521055
521056
521057
521058
521059
521060
521061
521062
521063
521064
521065
521066
521067
521068
521069
521070
521071
521072
521073
521074
521075
521076
521077
521078
521079
521080
521081
521082
521083
521084
521085
521086
521087
521088
521089
521090
521091
521092
521093
521094
521095
521096
521097
521098
521099
521100
521101
521102
521103
521104
521105
521106
521107
521108
521109
521110
521111
521112
521113
521114
521115
521116
521117
521118
521119
521120
521121
521122
521123
521124
521125
521126
521127
521128
521129
521130
521131
521132
521133
521134
521135
521136
521137
521138
521139
521140
521141
521142
521143
521144
521145
521146
521147
521148
521149
521150
521151
521152
521153
521154
521155
521156
521157
521158
521159
521160
521161
521162
521163
521164
521165
521166
521167
521168
521169
521170
521171
521172
521173
521174
521175
521176
521177
521178
521179
521180
521181
521182
521183
521184
521185
521186
521187
521188
521189
521190
521191
521192
521193
521194
521195
521196
521197
521198
521199
521200
521201
521202
521203
521204
521205
521206
521207
521208
521209
521210
521211
521212
521213
521214
521215
521216
521217
521218
521219
521220
521221
521222
521223
521224
521225
521226
521227
521228
521229
521230
521231
521232
521233
521234
521235
521236
521237
521238
521239
521240
521241
521242
521243
521244
521245
521246
521247
521248
521249
521250
521251
521252
521253
521254
521255
521256
521257
521258
521259
521260
521261
521262
521263
521264
521265
521266
521267
521268
521269
521270
521271
521272
521273
521274
521275
521276
521277
521278
521279
521280
521281
521282
521283
521284
521285
521286
521287
521288
521289
521290
521291
521292
521293
521294
521295
521296
521297
521298
521299
521300
521301
521302
521303
521304
521305
521306
521307
521308
521309
521310
521311
521312
521313
521314
521315
521316
521317
521318
521319
521320
521321
521322
521323
521324
521325
521326
521327
521328
521329
521330
521331
521332
521333
521334
521335
521336
521337
521338
521339
521340
521341
521342
521343
521344
521345
521346
521347
521348
521349
521350
521351
521352
521353
521354
521355
521356
521357
521358
521359
521360
521361
521362
521363
521364
521365
521366
521367
521368
521369
521370
521371
521372
521373
521374
521375
521376
521377
521378
521379
521380
521381
521382
521383
521384
521385
521386
521387
521388
521389
521390
521391
521392
521393
521394
521395
521396
521397
521398
521399
521400
521401
521402
521403
521404
521405
521406
521407
521408
521409
521410
521411
521412
521413
521414
521415
521416
521417
521418
521419
521420
521421
521422
521423
521424
521425
521426
521427
521428
521429
521430
521431
521432
521433
521434
521435
521436
521437
521438
521439
521440
521441
521442
521443
521444
521445
521446
521447
521448
521449
521450
521451
521452
521453
521454
521455
521456
521457
521458
521459
521460
521461
521462
521463
521464
521465
521466
521467
521468
521469
521470
521471
521472
521473
521474
521475
521476
521477
521478
521479
521480
521481
521482
521483
521484
521485
521486
521487
521488
521489
521490
521491
521492
521493
521494
521495
521496
521497
521498
521499
521500
521501
521502
521503
521504
521505
521506
521507
521508
521509
521510
521511
521512
521513
521514
521515
521516
521517
521518
521519
521520
521521
521522
521523
521524
521525
521526
521527
521528
521529
521530
521531
521532
521533
521534
521535
521536
521537
521538
521539
521540
521541
521542
521543
521544
521545
521546
521547
521548
521549
521550
521551
521552
521553
521554
521555
521556
521557
521558
521559
521560
521561
521562
521563
521564
521565
521566
521567
521568
521569
521570
521571
521572
521573
521574
521575
521576
521577
521578
521579
521580
521581
521582
521583
521584
521585
521586
521587
521588
521589
521590
521591
521592
521593
521594
521595
521596
521597
521598
521599
521600
521601
521602
521603
521604
521605
521606
521607
521608
521609
521610
521611
521612
521613
521614
521615
521616
521617
521618
521619
521620
521621
521622
521623
521624
521625
521626
521627
521628
521629
521630
521631
521632
521633
521634
521635
521636
521637
521638
521639
521640
521641
521642
521643
521644
521645
521646
521647
521648
521649
521650
521651
521652
521653
521654
521655
521656
521657
521658
521659
521660
521661
521662
521663
521664
521665
521666
521667
521668
521669
521670
521671
521672
521673
521674
521675
521676
521677
521678
521679
521680
521681
521682
521683
521684
521685
521686
521687
521688
521689
521690
521691
521692
521693
521694
521695
521696
521697
521698
521699
521700
521701
521702
521703
521704
521705
521706
521707
521708
521709
521710
521711
521712
521713
521714
521715
521716
521717
521718
521719
521720
521721
521722
521723
521724
521725
521726
521727
521728
521729
521730
521731
521732
521733
521734
521735
521736
521737
521738
521739
521740
521741
521742
521743
521744
521745
521746
521747
521748
521749
521750
521751
521752
521753
521754
521755
521756
521757
521758
521759
521760
521761
521762
521763
521764
521765
521766
521767
521768
521769
521770
521771
521772
521773
521774
521775
521776
521777
521778
521779
521780
521781
521782
521783
521784
521785
521786
521787
521788
521789
521790
521791
521792
521793
521794
521795
521796
521797
521798
521799
521800
521801
521802
521803
521804
521805
521806
521807
521808
521809
521810
521811
521812
521813
521814
521815
521816
521817
521818
521819
521820
521821
521822
521823
521824
521825
521826
521827
521828
521829
521830
521831
521832
521833
521834
521835
521836
521837
521838
521839
521840
521841
521842
521843
521844
521845
521846
521847
521848
521849
521850
521851
521852
521853
521854
521855
521856
521857
521858
521859
521860
521861
521862
521863
521864
521865
521866
521867
521868
521869
521870
521871
521872
521873
521874
521875
521876
521877
521878
521879
521880
521881
521882
521883
521884
521885
521886
521887
521888
521889
521890
521891
521892
521893
521894
521895
521896
521897
521898
521899
521900
521901
521902
521903
521904
521905
521906
521907
521908
521909
521910
521911
521912
521913
521914
521915
521916
521917
521918
521919
521920
521921
521922
521923
521924
521925
521926
521927
521928
521929
521930
521931
521932
521933
521934
521935
521936
521937
521938
521939
521940
521941
521942
521943
521944
521945
521946
521947
521948
521949
521950
521951
521952
521953
521954
521955
521956
521957
521958
521959
521960
521961
521962
521963
521964
521965
521966
521967
521968
521969
521970
521971
521972
521973
521974
521975
521976
521977
521978
521979
521980
521981
521982
521983
521984
521985
521986
521987
521988
521989
521990
521991
521992
521993
521994
521995
521996
521997
521998
521999
522000
522001
522002
522003
522004
522005
522006
522007
522008
522009
522010
522011
522012
522013
522014
522015
522016
522017
522018
522019
522020
522021
522022
522023
522024
522025
522026
522027
522028
522029
522030
522031
522032
522033
522034
522035
522036
522037
522038
522039
522040
522041
522042
522043
522044
522045
522046
522047
522048
522049
522050
522051
522052
522053
522054
522055
522056
522057
522058
522059
522060
522061
522062
522063
522064
522065
522066
522067
522068
522069
522070
522071
522072
522073
522074
522075
522076
522077
522078
522079
522080
522081
522082
522083
522084
522085
522086
522087
522088
522089
522090
522091
522092
522093
522094
522095
522096
522097
522098
522099
522100
522101
522102
522103
522104
522105
522106
522107
522108
522109
522110
522111
522112
522113
522114
522115
522116
522117
522118
522119
522120
522121
522122
522123
522124
522125
522126
522127
522128
522129
522130
522131
522132
522133
522134
522135
522136
522137
522138
522139
522140
522141
522142
522143
522144
522145
522146
522147
522148
522149
522150
522151
522152
522153
522154
522155
522156
522157
522158
522159
522160
522161
522162
522163
522164
522165
522166
522167
522168
522169
522170
522171
522172
522173
522174
522175
522176
522177
522178
522179
522180
522181
522182
522183
522184
522185
522186
522187
522188
522189
522190
522191
522192
522193
522194
522195
522196
522197
522198
522199
522200
522201
522202
522203
522204
522205
522206
522207
522208
522209
522210
522211
522212
522213
522214
522215
522216
522217
522218
522219
522220
522221
522222
522223
522224
522225
522226
522227
522228
522229
522230
522231
522232
522233
522234
522235
522236
522237
522238
522239
522240
522241
522242
522243
522244
522245
522246
522247
522248
522249
522250
522251
522252
522253
522254
522255
522256
522257
522258
522259
522260
522261
522262
522263
522264
522265
522266
522267
522268
522269
522270
522271
522272
522273
522274
522275
522276
522277
522278
522279
522280
522281
522282
522283
522284
522285
522286
522287
522288
522289
522290
522291
522292
522293
522294
522295
522296
522297
522298
522299
522300
522301
522302
522303
522304
522305
522306
522307
522308
522309
522310
522311
522312
522313
522314
522315
522316
522317
522318
522319
522320
522321
522322
522323
522324
522325
522326
522327
522328
522329
522330
522331
522332
522333
522334
522335
522336
522337
522338
522339
522340
522341
522342
522343
522344
522345
522346
522347
522348
522349
522350
522351
522352
522353
522354
522355
522356
522357
522358
522359
522360
522361
522362
522363
522364
522365
522366
522367
522368
522369
522370
522371
522372
522373
522374
522375
522376
522377
522378
522379
522380
522381
522382
522383
522384
522385
522386
522387
522388
522389
522390
522391
522392
522393
522394
522395
522396
522397
522398
522399
522400
522401
522402
522403
522404
522405
522406
522407
522408
522409
522410
522411
522412
522413
522414
522415
522416
522417
522418
522419
522420
522421
522422
522423
522424
522425
522426
522427
522428
522429
522430
522431
522432
522433
522434
522435
522436
522437
522438
522439
522440
522441
522442
522443
522444
522445
522446
522447
522448
522449
522450
522451
522452
522453
522454
522455
522456
522457
522458
522459
522460
522461
522462
522463
522464
522465
522466
522467
522468
522469
522470
522471
522472
522473
522474
522475
522476
522477
522478
522479
522480
522481
522482
522483
522484
522485
522486
522487
522488
522489
522490
522491
522492
522493
522494
522495
522496
522497
522498
522499
522500
522501
522502
522503
522504
522505
522506
522507
522508
522509
522510
522511
522512
522513
522514
522515
522516
522517
522518
522519
522520
522521
522522
522523
522524
522525
522526
522527
522528
522529
522530
522531
522532
522533
522534
522535
522536
522537
522538
522539
522540
522541
522542
522543
522544
522545
522546
522547
522548
522549
522550
522551
522552
522553
522554
522555
522556
522557
522558
522559
522560
522561
522562
522563
522564
522565
522566
522567
522568
522569
522570
522571
522572
522573
522574
522575
522576
522577
522578
522579
522580
522581
522582
522583
522584
522585
522586
522587
522588
522589
522590
522591
522592
522593
522594
522595
522596
522597
522598
522599
522600
522601
522602
522603
522604
522605
522606
522607
522608
522609
522610
522611
522612
522613
522614
522615
522616
522617
522618
522619
522620
522621
522622
522623
522624
522625
522626
522627
522628
522629
522630
522631
522632
522633
522634
522635
522636
522637
522638
522639
522640
522641
522642
522643
522644
522645
522646
522647
522648
522649
522650
522651
522652
522653
522654
522655
522656
522657
522658
522659
522660
522661
522662
522663
522664
522665
522666
522667
522668
522669
522670
522671
522672
522673
522674
522675
522676
522677
522678
522679
522680
522681
522682
522683
522684
522685
522686
522687
522688
522689
522690
522691
522692
522693
522694
522695
522696
522697
522698
522699
522700
522701
522702
522703
522704
522705
522706
522707
522708
522709
522710
522711
522712
522713
522714
522715
522716
522717
522718
522719
522720
522721
522722
522723
522724
522725
522726
522727
522728
522729
522730
522731
522732
522733
522734
522735
522736
522737
522738
522739
522740
522741
522742
522743
522744
522745
522746
522747
522748
522749
522750
522751
522752
522753
522754
522755
522756
522757
522758
522759
522760
522761
522762
522763
522764
522765
522766
522767
522768
522769
522770
522771
522772
522773
522774
522775
522776
522777
522778
522779
522780
522781
522782
522783
522784
522785
522786
522787
522788
522789
522790
522791
522792
522793
522794
522795
522796
522797
522798
522799
522800
522801
522802
522803
522804
522805
522806
522807
522808
522809
522810
522811
522812
522813
522814
522815
522816
522817
522818
522819
522820
522821
522822
522823
522824
522825
522826
522827
522828
522829
522830
522831
522832
522833
522834
522835
522836
522837
522838
522839
522840
522841
522842
522843
522844
522845
522846
522847
522848
522849
522850
522851
522852
522853
522854
522855
522856
522857
522858
522859
522860
522861
522862
522863
522864
522865
522866
522867
522868
522869
522870
522871
522872
522873
522874
522875
522876
522877
522878
522879
522880
522881
522882
522883
522884
522885
522886
522887
522888
522889
522890
522891
522892
522893
522894
522895
522896
522897
522898
522899
522900
522901
522902
522903
522904
522905
522906
522907
522908
522909
522910
522911
522912
522913
522914
522915
522916
522917
522918
522919
522920
522921
522922
522923
522924
522925
522926
522927
522928
522929
522930
522931
522932
522933
522934
522935
522936
522937
522938
522939
522940
522941
522942
522943
522944
522945
522946
522947
522948
522949
522950
522951
522952
522953
522954
522955
522956
522957
522958
522959
522960
522961
522962
522963
522964
522965
522966
522967
522968
522969
522970
522971
522972
522973
522974
522975
522976
522977
522978
522979
522980
522981
522982
522983
522984
522985
522986
522987
522988
522989
522990
522991
522992
522993
522994
522995
522996
522997
522998
522999
523000
523001
523002
523003
523004
523005
523006
523007
523008
523009
523010
523011
523012
523013
523014
523015
523016
523017
523018
523019
523020
523021
523022
523023
523024
523025
523026
523027
523028
523029
523030
523031
523032
523033
523034
523035
523036
523037
523038
523039
523040
523041
523042
523043
523044
523045
523046
523047
523048
523049
523050
523051
523052
523053
523054
523055
523056
523057
523058
523059
523060
523061
523062
523063
523064
523065
523066
523067
523068
523069
523070
523071
523072
523073
523074
523075
523076
523077
523078
523079
523080
523081
523082
523083
523084
523085
523086
523087
523088
523089
523090
523091
523092
523093
523094
523095
523096
523097
523098
523099
523100
523101
523102
523103
523104
523105
523106
523107
523108
523109
523110
523111
523112
523113
523114
523115
523116
523117
523118
523119
523120
523121
523122
523123
523124
523125
523126
523127
523128
523129
523130
523131
523132
523133
523134
523135
523136
523137
523138
523139
523140
523141
523142
523143
523144
523145
523146
523147
523148
523149
523150
523151
523152
523153
523154
523155
523156
523157
523158
523159
523160
523161
523162
523163
523164
523165
523166
523167
523168
523169
523170
523171
523172
523173
523174
523175
523176
523177
523178
523179
523180
523181
523182
523183
523184
523185
523186
523187
523188
523189
523190
523191
523192
523193
523194
523195
523196
523197
523198
523199
523200
523201
523202
523203
523204
523205
523206
523207
523208
523209
523210
523211
523212
523213
523214
523215
523216
523217
523218
523219
523220
523221
523222
523223
523224
523225
523226
523227
523228
523229
523230
523231
523232
523233
523234
523235
523236
523237
523238
523239
523240
523241
523242
523243
523244
523245
523246
523247
523248
523249
523250
523251
523252
523253
523254
523255
523256
523257
523258
523259
523260
523261
523262
523263
523264
523265
523266
523267
523268
523269
523270
523271
523272
523273
523274
523275
523276
523277
523278
523279
523280
523281
523282
523283
523284
523285
523286
523287
523288
523289
523290
523291
523292
523293
523294
523295
523296
523297
523298
523299
523300
523301
523302
523303
523304
523305
523306
523307
523308
523309
523310
523311
523312
523313
523314
523315
523316
523317
523318
523319
523320
523321
523322
523323
523324
523325
523326
523327
523328
523329
523330
523331
523332
523333
523334
523335
523336
523337
523338
523339
523340
523341
523342
523343
523344
523345
523346
523347
523348
523349
523350
523351
523352
523353
523354
523355
523356
523357
523358
523359
523360
523361
523362
523363
523364
523365
523366
523367
523368
523369
523370
523371
523372
523373
523374
523375
523376
523377
523378
523379
523380
523381
523382
523383
523384
523385
523386
523387
523388
523389
523390
523391
523392
523393
523394
523395
523396
523397
523398
523399
523400
523401
523402
523403
523404
523405
523406
523407
523408
523409
523410
523411
523412
523413
523414
523415
523416
523417
523418
523419
523420
523421
523422
523423
523424
523425
523426
523427
523428
523429
523430
523431
523432
523433
523434
523435
523436
523437
523438
523439
523440
523441
523442
523443
523444
523445
523446
523447
523448
523449
523450
523451
523452
523453
523454
523455
523456
523457
523458
523459
523460
523461
523462
523463
523464
523465
523466
523467
523468
523469
523470
523471
523472
523473
523474
523475
523476
523477
523478
523479
523480
523481
523482
523483
523484
523485
523486
523487
523488
523489
523490
523491
523492
523493
523494
523495
523496
523497
523498
523499
523500
523501
523502
523503
523504
523505
523506
523507
523508
523509
523510
523511
523512
523513
523514
523515
523516
523517
523518
523519
523520
523521
523522
523523
523524
523525
523526
523527
523528
523529
523530
523531
523532
523533
523534
523535
523536
523537
523538
523539
523540
523541
523542
523543
523544
523545
523546
523547
523548
523549
523550
523551
523552
523553
523554
523555
523556
523557
523558
523559
523560
523561
523562
523563
523564
523565
523566
523567
523568
523569
523570
523571
523572
523573
523574
523575
523576
523577
523578
523579
523580
523581
523582
523583
523584
523585
523586
523587
523588
523589
523590
523591
523592
523593
523594
523595
523596
523597
523598
523599
523600
523601
523602
523603
523604
523605
523606
523607
523608
523609
523610
523611
523612
523613
523614
523615
523616
523617
523618
523619
523620
523621
523622
523623
523624
523625
523626
523627
523628
523629
523630
523631
523632
523633
523634
523635
523636
523637
523638
523639
523640
523641
523642
523643
523644
523645
523646
523647
523648
523649
523650
523651
523652
523653
523654
523655
523656
523657
523658
523659
523660
523661
523662
523663
523664
523665
523666
523667
523668
523669
523670
523671
523672
523673
523674
523675
523676
523677
523678
523679
523680
523681
523682
523683
523684
523685
523686
523687
523688
523689
523690
523691
523692
523693
523694
523695
523696
523697
523698
523699
523700
523701
523702
523703
523704
523705
523706
523707
523708
523709
523710
523711
523712
523713
523714
523715
523716
523717
523718
523719
523720
523721
523722
523723
523724
523725
523726
523727
523728
523729
523730
523731
523732
523733
523734
523735
523736
523737
523738
523739
523740
523741
523742
523743
523744
523745
523746
523747
523748
523749
523750
523751
523752
523753
523754
523755
523756
523757
523758
523759
523760
523761
523762
523763
523764
523765
523766
523767
523768
523769
523770
523771
523772
523773
523774
523775
523776
523777
523778
523779
523780
523781
523782
523783
523784
523785
523786
523787
523788
523789
523790
523791
523792
523793
523794
523795
523796
523797
523798
523799
523800
523801
523802
523803
523804
523805
523806
523807
523808
523809
523810
523811
523812
523813
523814
523815
523816
523817
523818
523819
523820
523821
523822
523823
523824
523825
523826
523827
523828
523829
523830
523831
523832
523833
523834
523835
523836
523837
523838
523839
523840
523841
523842
523843
523844
523845
523846
523847
523848
523849
523850
523851
523852
523853
523854
523855
523856
523857
523858
523859
523860
523861
523862
523863
523864
523865
523866
523867
523868
523869
523870
523871
523872
523873
523874
523875
523876
523877
523878
523879
523880
523881
523882
523883
523884
523885
523886
523887
523888
523889
523890
523891
523892
523893
523894
523895
523896
523897
523898
523899
523900
523901
523902
523903
523904
523905
523906
523907
523908
523909
523910
523911
523912
523913
523914
523915
523916
523917
523918
523919
523920
523921
523922
523923
523924
523925
523926
523927
523928
523929
523930
523931
523932
523933
523934
523935
523936
523937
523938
523939
523940
523941
523942
523943
523944
523945
523946
523947
523948
523949
523950
523951
523952
523953
523954
523955
523956
523957
523958
523959
523960
523961
523962
523963
523964
523965
523966
523967
523968
523969
523970
523971
523972
523973
523974
523975
523976
523977
523978
523979
523980
523981
523982
523983
523984
523985
523986
523987
523988
523989
523990
523991
523992
523993
523994
523995
523996
523997
523998
523999
524000
524001
524002
524003
524004
524005
524006
524007
524008
524009
524010
524011
524012
524013
524014
524015
524016
524017
524018
524019
524020
524021
524022
524023
524024
524025
524026
524027
524028
524029
524030
524031
524032
524033
524034
524035
524036
524037
524038
524039
524040
524041
524042
524043
524044
524045
524046
524047
524048
524049
524050
524051
524052
524053
524054
524055
524056
524057
524058
524059
524060
524061
524062
524063
524064
524065
524066
524067
524068
524069
524070
524071
524072
524073
524074
524075
524076
524077
524078
524079
524080
524081
524082
524083
524084
524085
524086
524087
524088
524089
524090
524091
524092
524093
524094
524095
524096
524097
524098
524099
524100
524101
524102
524103
524104
524105
524106
524107
524108
524109
524110
524111
524112
524113
524114
524115
524116
524117
524118
524119
524120
524121
524122
524123
524124
524125
524126
524127
524128
524129
524130
524131
524132
524133
524134
524135
524136
524137
524138
524139
524140
524141
524142
524143
524144
524145
524146
524147
524148
524149
524150
524151
524152
524153
524154
524155
524156
524157
524158
524159
524160
524161
524162
524163
524164
524165
524166
524167
524168
524169
524170
524171
524172
524173
524174
524175
524176
524177
524178
524179
524180
524181
524182
524183
524184
524185
524186
524187
524188
524189
524190
524191
524192
524193
524194
524195
524196
524197
524198
524199
524200
524201
524202
524203
524204
524205
524206
524207
524208
524209
524210
524211
524212
524213
524214
524215
524216
524217
524218
524219
524220
524221
524222
524223
524224
524225
524226
524227
524228
524229
524230
524231
524232
524233
524234
524235
524236
524237
524238
524239
524240
524241
524242
524243
524244
524245
524246
524247
524248
524249
524250
524251
524252
524253
524254
524255
524256
524257
524258
524259
524260
524261
524262
524263
524264
524265
524266
524267
524268
524269
524270
524271
524272
524273
524274
524275
524276
524277
524278
524279
524280
524281
524282
524283
524284
524285
524286
524287
524288
524289
524290
524291
524292
524293
524294
524295
524296
524297
524298
524299
524300
524301
524302
524303
524304
524305
524306
524307
524308
524309
524310
524311
524312
524313
524314
524315
524316
524317
524318
524319
524320
524321
524322
524323
524324
524325
524326
524327
524328
524329
524330
524331
524332
524333
524334
524335
524336
524337
524338
524339
524340
524341
524342
524343
524344
524345
524346
524347
524348
524349
524350
524351
524352
524353
524354
524355
524356
524357
524358
524359
524360
524361
524362
524363
524364
524365
524366
524367
524368
524369
524370
524371
524372
524373
524374
524375
524376
524377
524378
524379
524380
524381
524382
524383
524384
524385
524386
524387
524388
524389
524390
524391
524392
524393
524394
524395
524396
524397
524398
524399
524400
524401
524402
524403
524404
524405
524406
524407
524408
524409
524410
524411
524412
524413
524414
524415
524416
524417
524418
524419
524420
524421
524422
524423
524424
524425
524426
524427
524428
524429
524430
524431
524432
524433
524434
524435
524436
524437
524438
524439
524440
524441
524442
524443
524444
524445
524446
524447
524448
524449
524450
524451
524452
524453
524454
524455
524456
524457
524458
524459
524460
524461
524462
524463
524464
524465
524466
524467
524468
524469
524470
524471
524472
524473
524474
524475
524476
524477
524478
524479
524480
524481
524482
524483
524484
524485
524486
524487
524488
524489
524490
524491
524492
524493
524494
524495
524496
524497
524498
524499
524500
524501
524502
524503
524504
524505
524506
524507
524508
524509
524510
524511
524512
524513
524514
524515
524516
524517
524518
524519
524520
524521
524522
524523
524524
524525
524526
524527
524528
524529
524530
524531
524532
524533
524534
524535
524536
524537
524538
524539
524540
524541
524542
524543
524544
524545
524546
524547
524548
524549
524550
524551
524552
524553
524554
524555
524556
524557
524558
524559
524560
524561
524562
524563
524564
524565
524566
524567
524568
524569
524570
524571
524572
524573
524574
524575
524576
524577
524578
524579
524580
524581
524582
524583
524584
524585
524586
524587
524588
524589
524590
524591
524592
524593
524594
524595
524596
524597
524598
524599
524600
524601
524602
524603
524604
524605
524606
524607
524608
524609
524610
524611
524612
524613
524614
524615
524616
524617
524618
524619
524620
524621
524622
524623
524624
524625
524626
524627
524628
524629
524630
524631
524632
524633
524634
524635
524636
524637
524638
524639
524640
524641
524642
524643
524644
524645
524646
524647
524648
524649
524650
524651
524652
524653
524654
524655
524656
524657
524658
524659
524660
524661
524662
524663
524664
524665
524666
524667
524668
524669
524670
524671
524672
524673
524674
524675
524676
524677
524678
524679
524680
524681
524682
524683
524684
524685
524686
524687
524688
524689
524690
524691
524692
524693
524694
524695
524696
524697
524698
524699
524700
524701
524702
524703
524704
524705
524706
524707
524708
524709
524710
524711
524712
524713
524714
524715
524716
524717
524718
524719
524720
524721
524722
524723
524724
524725
524726
524727
524728
524729
524730
524731
524732
524733
524734
524735
524736
524737
524738
524739
524740
524741
524742
524743
524744
524745
524746
524747
524748
524749
524750
524751
524752
524753
524754
524755
524756
524757
524758
524759
524760
524761
524762
524763
524764
524765
524766
524767
524768
524769
524770
524771
524772
524773
524774
524775
524776
524777
524778
524779
524780
524781
524782
524783
524784
524785
524786
524787
524788
524789
524790
524791
524792
524793
524794
524795
524796
524797
524798
524799
524800
524801
524802
524803
524804
524805
524806
524807
524808
524809
524810
524811
524812
524813
524814
524815
524816
524817
524818
524819
524820
524821
524822
524823
524824
524825
524826
524827
524828
524829
524830
524831
524832
524833
524834
524835
524836
524837
524838
524839
524840
524841
524842
524843
524844
524845
524846
524847
524848
524849
524850
524851
524852
524853
524854
524855
524856
524857
524858
524859
524860
524861
524862
524863
524864
524865
524866
524867
524868
524869
524870
524871
524872
524873
524874
524875
524876
524877
524878
524879
524880
524881
524882
524883
524884
524885
524886
524887
524888
524889
524890
524891
524892
524893
524894
524895
524896
524897
524898
524899
524900
524901
524902
524903
524904
524905
524906
524907
524908
524909
524910
524911
524912
524913
524914
524915
524916
524917
524918
524919
524920
524921
524922
524923
524924
524925
524926
524927
524928
524929
524930
524931
524932
524933
524934
524935
524936
524937
524938
524939
524940
524941
524942
524943
524944
524945
524946
524947
524948
524949
524950
524951
524952
524953
524954
524955
524956
524957
524958
524959
524960
524961
524962
524963
524964
524965
524966
524967
524968
524969
524970
524971
524972
524973
524974
524975
524976
524977
524978
524979
524980
524981
524982
524983
524984
524985
524986
524987
524988
524989
524990
524991
524992
524993
524994
524995
524996
524997
524998
524999
525000
525001
525002
525003
525004
525005
525006
525007
525008
525009
525010
525011
525012
525013
525014
525015
525016
525017
525018
525019
525020
525021
525022
525023
525024
525025
525026
525027
525028
525029
525030
525031
525032
525033
525034
525035
525036
525037
525038
525039
525040
525041
525042
525043
525044
525045
525046
525047
525048
525049
525050
525051
525052
525053
525054
525055
525056
525057
525058
525059
525060
525061
525062
525063
525064
525065
525066
525067
525068
525069
525070
525071
525072
525073
525074
525075
525076
525077
525078
525079
525080
525081
525082
525083
525084
525085
525086
525087
525088
525089
525090
525091
525092
525093
525094
525095
525096
525097
525098
525099
525100
525101
525102
525103
525104
525105
525106
525107
525108
525109
525110
525111
525112
525113
525114
525115
525116
525117
525118
525119
525120
525121
525122
525123
525124
525125
525126
525127
525128
525129
525130
525131
525132
525133
525134
525135
525136
525137
525138
525139
525140
525141
525142
525143
525144
525145
525146
525147
525148
525149
525150
525151
525152
525153
525154
525155
525156
525157
525158
525159
525160
525161
525162
525163
525164
525165
525166
525167
525168
525169
525170
525171
525172
525173
525174
525175
525176
525177
525178
525179
525180
525181
525182
525183
525184
525185
525186
525187
525188
525189
525190
525191
525192
525193
525194
525195
525196
525197
525198
525199
525200
525201
525202
525203
525204
525205
525206
525207
525208
525209
525210
525211
525212
525213
525214
525215
525216
525217
525218
525219
525220
525221
525222
525223
525224
525225
525226
525227
525228
525229
525230
525231
525232
525233
525234
525235
525236
525237
525238
525239
525240
525241
525242
525243
525244
525245
525246
525247
525248
525249
525250
525251
525252
525253
525254
525255
525256
525257
525258
525259
525260
525261
525262
525263
525264
525265
525266
525267
525268
525269
525270
525271
525272
525273
525274
525275
525276
525277
525278
525279
525280
525281
525282
525283
525284
525285
525286
525287
525288
525289
525290
525291
525292
525293
525294
525295
525296
525297
525298
525299
525300
525301
525302
525303
525304
525305
525306
525307
525308
525309
525310
525311
525312
525313
525314
525315
525316
525317
525318
525319
525320
525321
525322
525323
525324
525325
525326
525327
525328
525329
525330
525331
525332
525333
525334
525335
525336
525337
525338
525339
525340
525341
525342
525343
525344
525345
525346
525347
525348
525349
525350
525351
525352
525353
525354
525355
525356
525357
525358
525359
525360
525361
525362
525363
525364
525365
525366
525367
525368
525369
525370
525371
525372
525373
525374
525375
525376
525377
525378
525379
525380
525381
525382
525383
525384
525385
525386
525387
525388
525389
525390
525391
525392
525393
525394
525395
525396
525397
525398
525399
525400
525401
525402
525403
525404
525405
525406
525407
525408
525409
525410
525411
525412
525413
525414
525415
525416
525417
525418
525419
525420
525421
525422
525423
525424
525425
525426
525427
525428
525429
525430
525431
525432
525433
525434
525435
525436
525437
525438
525439
525440
525441
525442
525443
525444
525445
525446
525447
525448
525449
525450
525451
525452
525453
525454
525455
525456
525457
525458
525459
525460
525461
525462
525463
525464
525465
525466
525467
525468
525469
525470
525471
525472
525473
525474
525475
525476
525477
525478
525479
525480
525481
525482
525483
525484
525485
525486
525487
525488
525489
525490
525491
525492
525493
525494
525495
525496
525497
525498
525499
525500
525501
525502
525503
525504
525505
525506
525507
525508
525509
525510
525511
525512
525513
525514
525515
525516
525517
525518
525519
525520
525521
525522
525523
525524
525525
525526
525527
525528
525529
525530
525531
525532
525533
525534
525535
525536
525537
525538
525539
525540
525541
525542
525543
525544
525545
525546
525547
525548
525549
525550
525551
525552
525553
525554
525555
525556
525557
525558
525559
525560
525561
525562
525563
525564
525565
525566
525567
525568
525569
525570
525571
525572
525573
525574
525575
525576
525577
525578
525579
525580
525581
525582
525583
525584
525585
525586
525587
525588
525589
525590
525591
525592
525593
525594
525595
525596
525597
525598
525599
525600
525601
525602
525603
525604
525605
525606
525607
525608
525609
525610
525611
525612
525613
525614
525615
525616
525617
525618
525619
525620
525621
525622
525623
525624
525625
525626
525627
525628
525629
525630
525631
525632
525633
525634
525635
525636
525637
525638
525639
525640
525641
525642
525643
525644
525645
525646
525647
525648
525649
525650
525651
525652
525653
525654
525655
525656
525657
525658
525659
525660
525661
525662
525663
525664
525665
525666
525667
525668
525669
525670
525671
525672
525673
525674
525675
525676
525677
525678
525679
525680
525681
525682
525683
525684
525685
525686
525687
525688
525689
525690
525691
525692
525693
525694
525695
525696
525697
525698
525699
525700
525701
525702
525703
525704
525705
525706
525707
525708
525709
525710
525711
525712
525713
525714
525715
525716
525717
525718
525719
525720
525721
525722
525723
525724
525725
525726
525727
525728
525729
525730
525731
525732
525733
525734
525735
525736
525737
525738
525739
525740
525741
525742
525743
525744
525745
525746
525747
525748
525749
525750
525751
525752
525753
525754
525755
525756
525757
525758
525759
525760
525761
525762
525763
525764
525765
525766
525767
525768
525769
525770
525771
525772
525773
525774
525775
525776
525777
525778
525779
525780
525781
525782
525783
525784
525785
525786
525787
525788
525789
525790
525791
525792
525793
525794
525795
525796
525797
525798
525799
525800
525801
525802
525803
525804
525805
525806
525807
525808
525809
525810
525811
525812
525813
525814
525815
525816
525817
525818
525819
525820
525821
525822
525823
525824
525825
525826
525827
525828
525829
525830
525831
525832
525833
525834
525835
525836
525837
525838
525839
525840
525841
525842
525843
525844
525845
525846
525847
525848
525849
525850
525851
525852
525853
525854
525855
525856
525857
525858
525859
525860
525861
525862
525863
525864
525865
525866
525867
525868
525869
525870
525871
525872
525873
525874
525875
525876
525877
525878
525879
525880
525881
525882
525883
525884
525885
525886
525887
525888
525889
525890
525891
525892
525893
525894
525895
525896
525897
525898
525899
525900
525901
525902
525903
525904
525905
525906
525907
525908
525909
525910
525911
525912
525913
525914
525915
525916
525917
525918
525919
525920
525921
525922
525923
525924
525925
525926
525927
525928
525929
525930
525931
525932
525933
525934
525935
525936
525937
525938
525939
525940
525941
525942
525943
525944
525945
525946
525947
525948
525949
525950
525951
525952
525953
525954
525955
525956
525957
525958
525959
525960
525961
525962
525963
525964
525965
525966
525967
525968
525969
525970
525971
525972
525973
525974
525975
525976
525977
525978
525979
525980
525981
525982
525983
525984
525985
525986
525987
525988
525989
525990
525991
525992
525993
525994
525995
525996
525997
525998
525999
526000
526001
526002
526003
526004
526005
526006
526007
526008
526009
526010
526011
526012
526013
526014
526015
526016
526017
526018
526019
526020
526021
526022
526023
526024
526025
526026
526027
526028
526029
526030
526031
526032
526033
526034
526035
526036
526037
526038
526039
526040
526041
526042
526043
526044
526045
526046
526047
526048
526049
526050
526051
526052
526053
526054
526055
526056
526057
526058
526059
526060
526061
526062
526063
526064
526065
526066
526067
526068
526069
526070
526071
526072
526073
526074
526075
526076
526077
526078
526079
526080
526081
526082
526083
526084
526085
526086
526087
526088
526089
526090
526091
526092
526093
526094
526095
526096
526097
526098
526099
526100
526101
526102
526103
526104
526105
526106
526107
526108
526109
526110
526111
526112
526113
526114
526115
526116
526117
526118
526119
526120
526121
526122
526123
526124
526125
526126
526127
526128
526129
526130
526131
526132
526133
526134
526135
526136
526137
526138
526139
526140
526141
526142
526143
526144
526145
526146
526147
526148
526149
526150
526151
526152
526153
526154
526155
526156
526157
526158
526159
526160
526161
526162
526163
526164
526165
526166
526167
526168
526169
526170
526171
526172
526173
526174
526175
526176
526177
526178
526179
526180
526181
526182
526183
526184
526185
526186
526187
526188
526189
526190
526191
526192
526193
526194
526195
526196
526197
526198
526199
526200
526201
526202
526203
526204
526205
526206
526207
526208
526209
526210
526211
526212
526213
526214
526215
526216
526217
526218
526219
526220
526221
526222
526223
526224
526225
526226
526227
526228
526229
526230
526231
526232
526233
526234
526235
526236
526237
526238
526239
526240
526241
526242
526243
526244
526245
526246
526247
526248
526249
526250
526251
526252
526253
526254
526255
526256
526257
526258
526259
526260
526261
526262
526263
526264
526265
526266
526267
526268
526269
526270
526271
526272
526273
526274
526275
526276
526277
526278
526279
526280
526281
526282
526283
526284
526285
526286
526287
526288
526289
526290
526291
526292
526293
526294
526295
526296
526297
526298
526299
526300
526301
526302
526303
526304
526305
526306
526307
526308
526309
526310
526311
526312
526313
526314
526315
526316
526317
526318
526319
526320
526321
526322
526323
526324
526325
526326
526327
526328
526329
526330
526331
526332
526333
526334
526335
526336
526337
526338
526339
526340
526341
526342
526343
526344
526345
526346
526347
526348
526349
526350
526351
526352
526353
526354
526355
526356
526357
526358
526359
526360
526361
526362
526363
526364
526365
526366
526367
526368
526369
526370
526371
526372
526373
526374
526375
526376
526377
526378
526379
526380
526381
526382
526383
526384
526385
526386
526387
526388
526389
526390
526391
526392
526393
526394
526395
526396
526397
526398
526399
526400
526401
526402
526403
526404
526405
526406
526407
526408
526409
526410
526411
526412
526413
526414
526415
526416
526417
526418
526419
526420
526421
526422
526423
526424
526425
526426
526427
526428
526429
526430
526431
526432
526433
526434
526435
526436
526437
526438
526439
526440
526441
526442
526443
526444
526445
526446
526447
526448
526449
526450
526451
526452
526453
526454
526455
526456
526457
526458
526459
526460
526461
526462
526463
526464
526465
526466
526467
526468
526469
526470
526471
526472
526473
526474
526475
526476
526477
526478
526479
526480
526481
526482
526483
526484
526485
526486
526487
526488
526489
526490
526491
526492
526493
526494
526495
526496
526497
526498
526499
526500
526501
526502
526503
526504
526505
526506
526507
526508
526509
526510
526511
526512
526513
526514
526515
526516
526517
526518
526519
526520
526521
526522
526523
526524
526525
526526
526527
526528
526529
526530
526531
526532
526533
526534
526535
526536
526537
526538
526539
526540
526541
526542
526543
526544
526545
526546
526547
526548
526549
526550
526551
526552
526553
526554
526555
526556
526557
526558
526559
526560
526561
526562
526563
526564
526565
526566
526567
526568
526569
526570
526571
526572
526573
526574
526575
526576
526577
526578
526579
526580
526581
526582
526583
526584
526585
526586
526587
526588
526589
526590
526591
526592
526593
526594
526595
526596
526597
526598
526599
526600
526601
526602
526603
526604
526605
526606
526607
526608
526609
526610
526611
526612
526613
526614
526615
526616
526617
526618
526619
526620
526621
526622
526623
526624
526625
526626
526627
526628
526629
526630
526631
526632
526633
526634
526635
526636
526637
526638
526639
526640
526641
526642
526643
526644
526645
526646
526647
526648
526649
526650
526651
526652
526653
526654
526655
526656
526657
526658
526659
526660
526661
526662
526663
526664
526665
526666
526667
526668
526669
526670
526671
526672
526673
526674
526675
526676
526677
526678
526679
526680
526681
526682
526683
526684
526685
526686
526687
526688
526689
526690
526691
526692
526693
526694
526695
526696
526697
526698
526699
526700
526701
526702
526703
526704
526705
526706
526707
526708
526709
526710
526711
526712
526713
526714
526715
526716
526717
526718
526719
526720
526721
526722
526723
526724
526725
526726
526727
526728
526729
526730
526731
526732
526733
526734
526735
526736
526737
526738
526739
526740
526741
526742
526743
526744
526745
526746
526747
526748
526749
526750
526751
526752
526753
526754
526755
526756
526757
526758
526759
526760
526761
526762
526763
526764
526765
526766
526767
526768
526769
526770
526771
526772
526773
526774
526775
526776
526777
526778
526779
526780
526781
526782
526783
526784
526785
526786
526787
526788
526789
526790
526791
526792
526793
526794
526795
526796
526797
526798
526799
526800
526801
526802
526803
526804
526805
526806
526807
526808
526809
526810
526811
526812
526813
526814
526815
526816
526817
526818
526819
526820
526821
526822
526823
526824
526825
526826
526827
526828
526829
526830
526831
526832
526833
526834
526835
526836
526837
526838
526839
526840
526841
526842
526843
526844
526845
526846
526847
526848
526849
526850
526851
526852
526853
526854
526855
526856
526857
526858
526859
526860
526861
526862
526863
526864
526865
526866
526867
526868
526869
526870
526871
526872
526873
526874
526875
526876
526877
526878
526879
526880
526881
526882
526883
526884
526885
526886
526887
526888
526889
526890
526891
526892
526893
526894
526895
526896
526897
526898
526899
526900
526901
526902
526903
526904
526905
526906
526907
526908
526909
526910
526911
526912
526913
526914
526915
526916
526917
526918
526919
526920
526921
526922
526923
526924
526925
526926
526927
526928
526929
526930
526931
526932
526933
526934
526935
526936
526937
526938
526939
526940
526941
526942
526943
526944
526945
526946
526947
526948
526949
526950
526951
526952
526953
526954
526955
526956
526957
526958
526959
526960
526961
526962
526963
526964
526965
526966
526967
526968
526969
526970
526971
526972
526973
526974
526975
526976
526977
526978
526979
526980
526981
526982
526983
526984
526985
526986
526987
526988
526989
526990
526991
526992
526993
526994
526995
526996
526997
526998
526999
527000
527001
527002
527003
527004
527005
527006
527007
527008
527009
527010
527011
527012
527013
527014
527015
527016
527017
527018
527019
527020
527021
527022
527023
527024
527025
527026
527027
527028
527029
527030
527031
527032
527033
527034
527035
527036
527037
527038
527039
527040
527041
527042
527043
527044
527045
527046
527047
527048
527049
527050
527051
527052
527053
527054
527055
527056
527057
527058
527059
527060
527061
527062
527063
527064
527065
527066
527067
527068
527069
527070
527071
527072
527073
527074
527075
527076
527077
527078
527079
527080
527081
527082
527083
527084
527085
527086
527087
527088
527089
527090
527091
527092
527093
527094
527095
527096
527097
527098
527099
527100
527101
527102
527103
527104
527105
527106
527107
527108
527109
527110
527111
527112
527113
527114
527115
527116
527117
527118
527119
527120
527121
527122
527123
527124
527125
527126
527127
527128
527129
527130
527131
527132
527133
527134
527135
527136
527137
527138
527139
527140
527141
527142
527143
527144
527145
527146
527147
527148
527149
527150
527151
527152
527153
527154
527155
527156
527157
527158
527159
527160
527161
527162
527163
527164
527165
527166
527167
527168
527169
527170
527171
527172
527173
527174
527175
527176
527177
527178
527179
527180
527181
527182
527183
527184
527185
527186
527187
527188
527189
527190
527191
527192
527193
527194
527195
527196
527197
527198
527199
527200
527201
527202
527203
527204
527205
527206
527207
527208
527209
527210
527211
527212
527213
527214
527215
527216
527217
527218
527219
527220
527221
527222
527223
527224
527225
527226
527227
527228
527229
527230
527231
527232
527233
527234
527235
527236
527237
527238
527239
527240
527241
527242
527243
527244
527245
527246
527247
527248
527249
527250
527251
527252
527253
527254
527255
527256
527257
527258
527259
527260
527261
527262
527263
527264
527265
527266
527267
527268
527269
527270
527271
527272
527273
527274
527275
527276
527277
527278
527279
527280
527281
527282
527283
527284
527285
527286
527287
527288
527289
527290
527291
527292
527293
527294
527295
527296
527297
527298
527299
527300
527301
527302
527303
527304
527305
527306
527307
527308
527309
527310
527311
527312
527313
527314
527315
527316
527317
527318
527319
527320
527321
527322
527323
527324
527325
527326
527327
527328
527329
527330
527331
527332
527333
527334
527335
527336
527337
527338
527339
527340
527341
527342
527343
527344
527345
527346
527347
527348
527349
527350
527351
527352
527353
527354
527355
527356
527357
527358
527359
527360
527361
527362
527363
527364
527365
527366
527367
527368
527369
527370
527371
527372
527373
527374
527375
527376
527377
527378
527379
527380
527381
527382
527383
527384
527385
527386
527387
527388
527389
527390
527391
527392
527393
527394
527395
527396
527397
527398
527399
527400
527401
527402
527403
527404
527405
527406
527407
527408
527409
527410
527411
527412
527413
527414
527415
527416
527417
527418
527419
527420
527421
527422
527423
527424
527425
527426
527427
527428
527429
527430
527431
527432
527433
527434
527435
527436
527437
527438
527439
527440
527441
527442
527443
527444
527445
527446
527447
527448
527449
527450
527451
527452
527453
527454
527455
527456
527457
527458
527459
527460
527461
527462
527463
527464
527465
527466
527467
527468
527469
527470
527471
527472
527473
527474
527475
527476
527477
527478
527479
527480
527481
527482
527483
527484
527485
527486
527487
527488
527489
527490
527491
527492
527493
527494
527495
527496
527497
527498
527499
527500
527501
527502
527503
527504
527505
527506
527507
527508
527509
527510
527511
527512
527513
527514
527515
527516
527517
527518
527519
527520
527521
527522
527523
527524
527525
527526
527527
527528
527529
527530
527531
527532
527533
527534
527535
527536
527537
527538
527539
527540
527541
527542
527543
527544
527545
527546
527547
527548
527549
527550
527551
527552
527553
527554
527555
527556
527557
527558
527559
527560
527561
527562
527563
527564
527565
527566
527567
527568
527569
527570
527571
527572
527573
527574
527575
527576
527577
527578
527579
527580
527581
527582
527583
527584
527585
527586
527587
527588
527589
527590
527591
527592
527593
527594
527595
527596
527597
527598
527599
527600
527601
527602
527603
527604
527605
527606
527607
527608
527609
527610
527611
527612
527613
527614
527615
527616
527617
527618
527619
527620
527621
527622
527623
527624
527625
527626
527627
527628
527629
527630
527631
527632
527633
527634
527635
527636
527637
527638
527639
527640
527641
527642
527643
527644
527645
527646
527647
527648
527649
527650
527651
527652
527653
527654
527655
527656
527657
527658
527659
527660
527661
527662
527663
527664
527665
527666
527667
527668
527669
527670
527671
527672
527673
527674
527675
527676
527677
527678
527679
527680
527681
527682
527683
527684
527685
527686
527687
527688
527689
527690
527691
527692
527693
527694
527695
527696
527697
527698
527699
527700
527701
527702
527703
527704
527705
527706
527707
527708
527709
527710
527711
527712
527713
527714
527715
527716
527717
527718
527719
527720
527721
527722
527723
527724
527725
527726
527727
527728
527729
527730
527731
527732
527733
527734
527735
527736
527737
527738
527739
527740
527741
527742
527743
527744
527745
527746
527747
527748
527749
527750
527751
527752
527753
527754
527755
527756
527757
527758
527759
527760
527761
527762
527763
527764
527765
527766
527767
527768
527769
527770
527771
527772
527773
527774
527775
527776
527777
527778
527779
527780
527781
527782
527783
527784
527785
527786
527787
527788
527789
527790
527791
527792
527793
527794
527795
527796
527797
527798
527799
527800
527801
527802
527803
527804
527805
527806
527807
527808
527809
527810
527811
527812
527813
527814
527815
527816
527817
527818
527819
527820
527821
527822
527823
527824
527825
527826
527827
527828
527829
527830
527831
527832
527833
527834
527835
527836
527837
527838
527839
527840
527841
527842
527843
527844
527845
527846
527847
527848
527849
527850
527851
527852
527853
527854
527855
527856
527857
527858
527859
527860
527861
527862
527863
527864
527865
527866
527867
527868
527869
527870
527871
527872
527873
527874
527875
527876
527877
527878
527879
527880
527881
527882
527883
527884
527885
527886
527887
527888
527889
527890
527891
527892
527893
527894
527895
527896
527897
527898
527899
527900
527901
527902
527903
527904
527905
527906
527907
527908
527909
527910
527911
527912
527913
527914
527915
527916
527917
527918
527919
527920
527921
527922
527923
527924
527925
527926
527927
527928
527929
527930
527931
527932
527933
527934
527935
527936
527937
527938
527939
527940
527941
527942
527943
527944
527945
527946
527947
527948
527949
527950
527951
527952
527953
527954
527955
527956
527957
527958
527959
527960
527961
527962
527963
527964
527965
527966
527967
527968
527969
527970
527971
527972
527973
527974
527975
527976
527977
527978
527979
527980
527981
527982
527983
527984
527985
527986
527987
527988
527989
527990
527991
527992
527993
527994
527995
527996
527997
527998
527999
528000
528001
528002
528003
528004
528005
528006
528007
528008
528009
528010
528011
528012
528013
528014
528015
528016
528017
528018
528019
528020
528021
528022
528023
528024
528025
528026
528027
528028
528029
528030
528031
528032
528033
528034
528035
528036
528037
528038
528039
528040
528041
528042
528043
528044
528045
528046
528047
528048
528049
528050
528051
528052
528053
528054
528055
528056
528057
528058
528059
528060
528061
528062
528063
528064
528065
528066
528067
528068
528069
528070
528071
528072
528073
528074
528075
528076
528077
528078
528079
528080
528081
528082
528083
528084
528085
528086
528087
528088
528089
528090
528091
528092
528093
528094
528095
528096
528097
528098
528099
528100
528101
528102
528103
528104
528105
528106
528107
528108
528109
528110
528111
528112
528113
528114
528115
528116
528117
528118
528119
528120
528121
528122
528123
528124
528125
528126
528127
528128
528129
528130
528131
528132
528133
528134
528135
528136
528137
528138
528139
528140
528141
528142
528143
528144
528145
528146
528147
528148
528149
528150
528151
528152
528153
528154
528155
528156
528157
528158
528159
528160
528161
528162
528163
528164
528165
528166
528167
528168
528169
528170
528171
528172
528173
528174
528175
528176
528177
528178
528179
528180
528181
528182
528183
528184
528185
528186
528187
528188
528189
528190
528191
528192
528193
528194
528195
528196
528197
528198
528199
528200
528201
528202
528203
528204
528205
528206
528207
528208
528209
528210
528211
528212
528213
528214
528215
528216
528217
528218
528219
528220
528221
528222
528223
528224
528225
528226
528227
528228
528229
528230
528231
528232
528233
528234
528235
528236
528237
528238
528239
528240
528241
528242
528243
528244
528245
528246
528247
528248
528249
528250
528251
528252
528253
528254
528255
528256
528257
528258
528259
528260
528261
528262
528263
528264
528265
528266
528267
528268
528269
528270
528271
528272
528273
528274
528275
528276
528277
528278
528279
528280
528281
528282
528283
528284
528285
528286
528287
528288
528289
528290
528291
528292
528293
528294
528295
528296
528297
528298
528299
528300
528301
528302
528303
528304
528305
528306
528307
528308
528309
528310
528311
528312
528313
528314
528315
528316
528317
528318
528319
528320
528321
528322
528323
528324
528325
528326
528327
528328
528329
528330
528331
528332
528333
528334
528335
528336
528337
528338
528339
528340
528341
528342
528343
528344
528345
528346
528347
528348
528349
528350
528351
528352
528353
528354
528355
528356
528357
528358
528359
528360
528361
528362
528363
528364
528365
528366
528367
528368
528369
528370
528371
528372
528373
528374
528375
528376
528377
528378
528379
528380
528381
528382
528383
528384
528385
528386
528387
528388
528389
528390
528391
528392
528393
528394
528395
528396
528397
528398
528399
528400
528401
528402
528403
528404
528405
528406
528407
528408
528409
528410
528411
528412
528413
528414
528415
528416
528417
528418
528419
528420
528421
528422
528423
528424
528425
528426
528427
528428
528429
528430
528431
528432
528433
528434
528435
528436
528437
528438
528439
528440
528441
528442
528443
528444
528445
528446
528447
528448
528449
528450
528451
528452
528453
528454
528455
528456
528457
528458
528459
528460
528461
528462
528463
528464
528465
528466
528467
528468
528469
528470
528471
528472
528473
528474
528475
528476
528477
528478
528479
528480
528481
528482
528483
528484
528485
528486
528487
528488
528489
528490
528491
528492
528493
528494
528495
528496
528497
528498
528499
528500
528501
528502
528503
528504
528505
528506
528507
528508
528509
528510
528511
528512
528513
528514
528515
528516
528517
528518
528519
528520
528521
528522
528523
528524
528525
528526
528527
528528
528529
528530
528531
528532
528533
528534
528535
528536
528537
528538
528539
528540
528541
528542
528543
528544
528545
528546
528547
528548
528549
528550
528551
528552
528553
528554
528555
528556
528557
528558
528559
528560
528561
528562
528563
528564
528565
528566
528567
528568
528569
528570
528571
528572
528573
528574
528575
528576
528577
528578
528579
528580
528581
528582
528583
528584
528585
528586
528587
528588
528589
528590
528591
528592
528593
528594
528595
528596
528597
528598
528599
528600
528601
528602
528603
528604
528605
528606
528607
528608
528609
528610
528611
528612
528613
528614
528615
528616
528617
528618
528619
528620
528621
528622
528623
528624
528625
528626
528627
528628
528629
528630
528631
528632
528633
528634
528635
528636
528637
528638
528639
528640
528641
528642
528643
528644
528645
528646
528647
528648
528649
528650
528651
528652
528653
528654
528655
528656
528657
528658
528659
528660
528661
528662
528663
528664
528665
528666
528667
528668
528669
528670
528671
528672
528673
528674
528675
528676
528677
528678
528679
528680
528681
528682
528683
528684
528685
528686
528687
528688
528689
528690
528691
528692
528693
528694
528695
528696
528697
528698
528699
528700
528701
528702
528703
528704
528705
528706
528707
528708
528709
528710
528711
528712
528713
528714
528715
528716
528717
528718
528719
528720
528721
528722
528723
528724
528725
528726
528727
528728
528729
528730
528731
528732
528733
528734
528735
528736
528737
528738
528739
528740
528741
528742
528743
528744
528745
528746
528747
528748
528749
528750
528751
528752
528753
528754
528755
528756
528757
528758
528759
528760
528761
528762
528763
528764
528765
528766
528767
528768
528769
528770
528771
528772
528773
528774
528775
528776
528777
528778
528779
528780
528781
528782
528783
528784
528785
528786
528787
528788
528789
528790
528791
528792
528793
528794
528795
528796
528797
528798
528799
528800
528801
528802
528803
528804
528805
528806
528807
528808
528809
528810
528811
528812
528813
528814
528815
528816
528817
528818
528819
528820
528821
528822
528823
528824
528825
528826
528827
528828
528829
528830
528831
528832
528833
528834
528835
528836
528837
528838
528839
528840
528841
528842
528843
528844
528845
528846
528847
528848
528849
528850
528851
528852
528853
528854
528855
528856
528857
528858
528859
528860
528861
528862
528863
528864
528865
528866
528867
528868
528869
528870
528871
528872
528873
528874
528875
528876
528877
528878
528879
528880
528881
528882
528883
528884
528885
528886
528887
528888
528889
528890
528891
528892
528893
528894
528895
528896
528897
528898
528899
528900
528901
528902
528903
528904
528905
528906
528907
528908
528909
528910
528911
528912
528913
528914
528915
528916
528917
528918
528919
528920
528921
528922
528923
528924
528925
528926
528927
528928
528929
528930
528931
528932
528933
528934
528935
528936
528937
528938
528939
528940
528941
528942
528943
528944
528945
528946
528947
528948
528949
528950
528951
528952
528953
528954
528955
528956
528957
528958
528959
528960
528961
528962
528963
528964
528965
528966
528967
528968
528969
528970
528971
528972
528973
528974
528975
528976
528977
528978
528979
528980
528981
528982
528983
528984
528985
528986
528987
528988
528989
528990
528991
528992
528993
528994
528995
528996
528997
528998
528999
529000
529001
529002
529003
529004
529005
529006
529007
529008
529009
529010
529011
529012
529013
529014
529015
529016
529017
529018
529019
529020
529021
529022
529023
529024
529025
529026
529027
529028
529029
529030
529031
529032
529033
529034
529035
529036
529037
529038
529039
529040
529041
529042
529043
529044
529045
529046
529047
529048
529049
529050
529051
529052
529053
529054
529055
529056
529057
529058
529059
529060
529061
529062
529063
529064
529065
529066
529067
529068
529069
529070
529071
529072
529073
529074
529075
529076
529077
529078
529079
529080
529081
529082
529083
529084
529085
529086
529087
529088
529089
529090
529091
529092
529093
529094
529095
529096
529097
529098
529099
529100
529101
529102
529103
529104
529105
529106
529107
529108
529109
529110
529111
529112
529113
529114
529115
529116
529117
529118
529119
529120
529121
529122
529123
529124
529125
529126
529127
529128
529129
529130
529131
529132
529133
529134
529135
529136
529137
529138
529139
529140
529141
529142
529143
529144
529145
529146
529147
529148
529149
529150
529151
529152
529153
529154
529155
529156
529157
529158
529159
529160
529161
529162
529163
529164
529165
529166
529167
529168
529169
529170
529171
529172
529173
529174
529175
529176
529177
529178
529179
529180
529181
529182
529183
529184
529185
529186
529187
529188
529189
529190
529191
529192
529193
529194
529195
529196
529197
529198
529199
529200
529201
529202
529203
529204
529205
529206
529207
529208
529209
529210
529211
529212
529213
529214
529215
529216
529217
529218
529219
529220
529221
529222
529223
529224
529225
529226
529227
529228
529229
529230
529231
529232
529233
529234
529235
529236
529237
529238
529239
529240
529241
529242
529243
529244
529245
529246
529247
529248
529249
529250
529251
529252
529253
529254
529255
529256
529257
529258
529259
529260
529261
529262
529263
529264
529265
529266
529267
529268
529269
529270
529271
529272
529273
529274
529275
529276
529277
529278
529279
529280
529281
529282
529283
529284
529285
529286
529287
529288
529289
529290
529291
529292
529293
529294
529295
529296
529297
529298
529299
529300
529301
529302
529303
529304
529305
529306
529307
529308
529309
529310
529311
529312
529313
529314
529315
529316
529317
529318
529319
529320
529321
529322
529323
529324
529325
529326
529327
529328
529329
529330
529331
529332
529333
529334
529335
529336
529337
529338
529339
529340
529341
529342
529343
529344
529345
529346
529347
529348
529349
529350
529351
529352
529353
529354
529355
529356
529357
529358
529359
529360
529361
529362
529363
529364
529365
529366
529367
529368
529369
529370
529371
529372
529373
529374
529375
529376
529377
529378
529379
529380
529381
529382
529383
529384
529385
529386
529387
529388
529389
529390
529391
529392
529393
529394
529395
529396
529397
529398
529399
529400
529401
529402
529403
529404
529405
529406
529407
529408
529409
529410
529411
529412
529413
529414
529415
529416
529417
529418
529419
529420
529421
529422
529423
529424
529425
529426
529427
529428
529429
529430
529431
529432
529433
529434
529435
529436
529437
529438
529439
529440
529441
529442
529443
529444
529445
529446
529447
529448
529449
529450
529451
529452
529453
529454
529455
529456
529457
529458
529459
529460
529461
529462
529463
529464
529465
529466
529467
529468
529469
529470
529471
529472
529473
529474
529475
529476
529477
529478
529479
529480
529481
529482
529483
529484
529485
529486
529487
529488
529489
529490
529491
529492
529493
529494
529495
529496
529497
529498
529499
529500
529501
529502
529503
529504
529505
529506
529507
529508
529509
529510
529511
529512
529513
529514
529515
529516
529517
529518
529519
529520
529521
529522
529523
529524
529525
529526
529527
529528
529529
529530
529531
529532
529533
529534
529535
529536
529537
529538
529539
529540
529541
529542
529543
529544
529545
529546
529547
529548
529549
529550
529551
529552
529553
529554
529555
529556
529557
529558
529559
529560
529561
529562
529563
529564
529565
529566
529567
529568
529569
529570
529571
529572
529573
529574
529575
529576
529577
529578
529579
529580
529581
529582
529583
529584
529585
529586
529587
529588
529589
529590
529591
529592
529593
529594
529595
529596
529597
529598
529599
529600
529601
529602
529603
529604
529605
529606
529607
529608
529609
529610
529611
529612
529613
529614
529615
529616
529617
529618
529619
529620
529621
529622
529623
529624
529625
529626
529627
529628
529629
529630
529631
529632
529633
529634
529635
529636
529637
529638
529639
529640
529641
529642
529643
529644
529645
529646
529647
529648
529649
529650
529651
529652
529653
529654
529655
529656
529657
529658
529659
529660
529661
529662
529663
529664
529665
529666
529667
529668
529669
529670
529671
529672
529673
529674
529675
529676
529677
529678
529679
529680
529681
529682
529683
529684
529685
529686
529687
529688
529689
529690
529691
529692
529693
529694
529695
529696
529697
529698
529699
529700
529701
529702
529703
529704
529705
529706
529707
529708
529709
529710
529711
529712
529713
529714
529715
529716
529717
529718
529719
529720
529721
529722
529723
529724
529725
529726
529727
529728
529729
529730
529731
529732
529733
529734
529735
529736
529737
529738
529739
529740
529741
529742
529743
529744
529745
529746
529747
529748
529749
529750
529751
529752
529753
529754
529755
529756
529757
529758
529759
529760
529761
529762
529763
529764
529765
529766
529767
529768
529769
529770
529771
529772
529773
529774
529775
529776
529777
529778
529779
529780
529781
529782
529783
529784
529785
529786
529787
529788
529789
529790
529791
529792
529793
529794
529795
529796
529797
529798
529799
529800
529801
529802
529803
529804
529805
529806
529807
529808
529809
529810
529811
529812
529813
529814
529815
529816
529817
529818
529819
529820
529821
529822
529823
529824
529825
529826
529827
529828
529829
529830
529831
529832
529833
529834
529835
529836
529837
529838
529839
529840
529841
529842
529843
529844
529845
529846
529847
529848
529849
529850
529851
529852
529853
529854
529855
529856
529857
529858
529859
529860
529861
529862
529863
529864
529865
529866
529867
529868
529869
529870
529871
529872
529873
529874
529875
529876
529877
529878
529879
529880
529881
529882
529883
529884
529885
529886
529887
529888
529889
529890
529891
529892
529893
529894
529895
529896
529897
529898
529899
529900
529901
529902
529903
529904
529905
529906
529907
529908
529909
529910
529911
529912
529913
529914
529915
529916
529917
529918
529919
529920
529921
529922
529923
529924
529925
529926
529927
529928
529929
529930
529931
529932
529933
529934
529935
529936
529937
529938
529939
529940
529941
529942
529943
529944
529945
529946
529947
529948
529949
529950
529951
529952
529953
529954
529955
529956
529957
529958
529959
529960
529961
529962
529963
529964
529965
529966
529967
529968
529969
529970
529971
529972
529973
529974
529975
529976
529977
529978
529979
529980
529981
529982
529983
529984
529985
529986
529987
529988
529989
529990
529991
529992
529993
529994
529995
529996
529997
529998
529999
530000
530001
530002
530003
530004
530005
530006
530007
530008
530009
530010
530011
530012
530013
530014
530015
530016
530017
530018
530019
530020
530021
530022
530023
530024
530025
530026
530027
530028
530029
530030
530031
530032
530033
530034
530035
530036
530037
530038
530039
530040
530041
530042
530043
530044
530045
530046
530047
530048
530049
530050
530051
530052
530053
530054
530055
530056
530057
530058
530059
530060
530061
530062
530063
530064
530065
530066
530067
530068
530069
530070
530071
530072
530073
530074
530075
530076
530077
530078
530079
530080
530081
530082
530083
530084
530085
530086
530087
530088
530089
530090
530091
530092
530093
530094
530095
530096
530097
530098
530099
530100
530101
530102
530103
530104
530105
530106
530107
530108
530109
530110
530111
530112
530113
530114
530115
530116
530117
530118
530119
530120
530121
530122
530123
530124
530125
530126
530127
530128
530129
530130
530131
530132
530133
530134
530135
530136
530137
530138
530139
530140
530141
530142
530143
530144
530145
530146
530147
530148
530149
530150
530151
530152
530153
530154
530155
530156
530157
530158
530159
530160
530161
530162
530163
530164
530165
530166
530167
530168
530169
530170
530171
530172
530173
530174
530175
530176
530177
530178
530179
530180
530181
530182
530183
530184
530185
530186
530187
530188
530189
530190
530191
530192
530193
530194
530195
530196
530197
530198
530199
530200
530201
530202
530203
530204
530205
530206
530207
530208
530209
530210
530211
530212
530213
530214
530215
530216
530217
530218
530219
530220
530221
530222
530223
530224
530225
530226
530227
530228
530229
530230
530231
530232
530233
530234
530235
530236
530237
530238
530239
530240
530241
530242
530243
530244
530245
530246
530247
530248
530249
530250
530251
530252
530253
530254
530255
530256
530257
530258
530259
530260
530261
530262
530263
530264
530265
530266
530267
530268
530269
530270
530271
530272
530273
530274
530275
530276
530277
530278
530279
530280
530281
530282
530283
530284
530285
530286
530287
530288
530289
530290
530291
530292
530293
530294
530295
530296
530297
530298
530299
530300
530301
530302
530303
530304
530305
530306
530307
530308
530309
530310
530311
530312
530313
530314
530315
530316
530317
530318
530319
530320
530321
530322
530323
530324
530325
530326
530327
530328
530329
530330
530331
530332
530333
530334
530335
530336
530337
530338
530339
530340
530341
530342
530343
530344
530345
530346
530347
530348
530349
530350
530351
530352
530353
530354
530355
530356
530357
530358
530359
530360
530361
530362
530363
530364
530365
530366
530367
530368
530369
530370
530371
530372
530373
530374
530375
530376
530377
530378
530379
530380
530381
530382
530383
530384
530385
530386
530387
530388
530389
530390
530391
530392
530393
530394
530395
530396
530397
530398
530399
530400
530401
530402
530403
530404
530405
530406
530407
530408
530409
530410
530411
530412
530413
530414
530415
530416
530417
530418
530419
530420
530421
530422
530423
530424
530425
530426
530427
530428
530429
530430
530431
530432
530433
530434
530435
530436
530437
530438
530439
530440
530441
530442
530443
530444
530445
530446
530447
530448
530449
530450
530451
530452
530453
530454
530455
530456
530457
530458
530459
530460
530461
530462
530463
530464
530465
530466
530467
530468
530469
530470
530471
530472
530473
530474
530475
530476
530477
530478
530479
530480
530481
530482
530483
530484
530485
530486
530487
530488
530489
530490
530491
530492
530493
530494
530495
530496
530497
530498
530499
530500
530501
530502
530503
530504
530505
530506
530507
530508
530509
530510
530511
530512
530513
530514
530515
530516
530517
530518
530519
530520
530521
530522
530523
530524
530525
530526
530527
530528
530529
530530
530531
530532
530533
530534
530535
530536
530537
530538
530539
530540
530541
530542
530543
530544
530545
530546
530547
530548
530549
530550
530551
530552
530553
530554
530555
530556
530557
530558
530559
530560
530561
530562
530563
530564
530565
530566
530567
530568
530569
530570
530571
530572
530573
530574
530575
530576
530577
530578
530579
530580
530581
530582
530583
530584
530585
530586
530587
530588
530589
530590
530591
530592
530593
530594
530595
530596
530597
530598
530599
530600
530601
530602
530603
530604
530605
530606
530607
530608
530609
530610
530611
530612
530613
530614
530615
530616
530617
530618
530619
530620
530621
530622
530623
530624
530625
530626
530627
530628
530629
530630
530631
530632
530633
530634
530635
530636
530637
530638
530639
530640
530641
530642
530643
530644
530645
530646
530647
530648
530649
530650
530651
530652
530653
530654
530655
530656
530657
530658
530659
530660
530661
530662
530663
530664
530665
530666
530667
530668
530669
530670
530671
530672
530673
530674
530675
530676
530677
530678
530679
530680
530681
530682
530683
530684
530685
530686
530687
530688
530689
530690
530691
530692
530693
530694
530695
530696
530697
530698
530699
530700
530701
530702
530703
530704
530705
530706
530707
530708
530709
530710
530711
530712
530713
530714
530715
530716
530717
530718
530719
530720
530721
530722
530723
530724
530725
530726
530727
530728
530729
530730
530731
530732
530733
530734
530735
530736
530737
530738
530739
530740
530741
530742
530743
530744
530745
530746
530747
530748
530749
530750
530751
530752
530753
530754
530755
530756
530757
530758
530759
530760
530761
530762
530763
530764
530765
530766
530767
530768
530769
530770
530771
530772
530773
530774
530775
530776
530777
530778
530779
530780
530781
530782
530783
530784
530785
530786
530787
530788
530789
530790
530791
530792
530793
530794
530795
530796
530797
530798
530799
530800
530801
530802
530803
530804
530805
530806
530807
530808
530809
530810
530811
530812
530813
530814
530815
530816
530817
530818
530819
530820
530821
530822
530823
530824
530825
530826
530827
530828
530829
530830
530831
530832
530833
530834
530835
530836
530837
530838
530839
530840
530841
530842
530843
530844
530845
530846
530847
530848
530849
530850
530851
530852
530853
530854
530855
530856
530857
530858
530859
530860
530861
530862
530863
530864
530865
530866
530867
530868
530869
530870
530871
530872
530873
530874
530875
530876
530877
530878
530879
530880
530881
530882
530883
530884
530885
530886
530887
530888
530889
530890
530891
530892
530893
530894
530895
530896
530897
530898
530899
530900
530901
530902
530903
530904
530905
530906
530907
530908
530909
530910
530911
530912
530913
530914
530915
530916
530917
530918
530919
530920
530921
530922
530923
530924
530925
530926
530927
530928
530929
530930
530931
530932
530933
530934
530935
530936
530937
530938
530939
530940
530941
530942
530943
530944
530945
530946
530947
530948
530949
530950
530951
530952
530953
530954
530955
530956
530957
530958
530959
530960
530961
530962
530963
530964
530965
530966
530967
530968
530969
530970
530971
530972
530973
530974
530975
530976
530977
530978
530979
530980
530981
530982
530983
530984
530985
530986
530987
530988
530989
530990
530991
530992
530993
530994
530995
530996
530997
530998
530999
531000
531001
531002
531003
531004
531005
531006
531007
531008
531009
531010
531011
531012
531013
531014
531015
531016
531017
531018
531019
531020
531021
531022
531023
531024
531025
531026
531027
531028
531029
531030
531031
531032
531033
531034
531035
531036
531037
531038
531039
531040
531041
531042
531043
531044
531045
531046
531047
531048
531049
531050
531051
531052
531053
531054
531055
531056
531057
531058
531059
531060
531061
531062
531063
531064
531065
531066
531067
531068
531069
531070
531071
531072
531073
531074
531075
531076
531077
531078
531079
531080
531081
531082
531083
531084
531085
531086
531087
531088
531089
531090
531091
531092
531093
531094
531095
531096
531097
531098
531099
531100
531101
531102
531103
531104
531105
531106
531107
531108
531109
531110
531111
531112
531113
531114
531115
531116
531117
531118
531119
531120
531121
531122
531123
531124
531125
531126
531127
531128
531129
531130
531131
531132
531133
531134
531135
531136
531137
531138
531139
531140
531141
531142
531143
531144
531145
531146
531147
531148
531149
531150
531151
531152
531153
531154
531155
531156
531157
531158
531159
531160
531161
531162
531163
531164
531165
531166
531167
531168
531169
531170
531171
531172
531173
531174
531175
531176
531177
531178
531179
531180
531181
531182
531183
531184
531185
531186
531187
531188
531189
531190
531191
531192
531193
531194
531195
531196
531197
531198
531199
531200
531201
531202
531203
531204
531205
531206
531207
531208
531209
531210
531211
531212
531213
531214
531215
531216
531217
531218
531219
531220
531221
531222
531223
531224
531225
531226
531227
531228
531229
531230
531231
531232
531233
531234
531235
531236
531237
531238
531239
531240
531241
531242
531243
531244
531245
531246
531247
531248
531249
531250
531251
531252
531253
531254
531255
531256
531257
531258
531259
531260
531261
531262
531263
531264
531265
531266
531267
531268
531269
531270
531271
531272
531273
531274
531275
531276
531277
531278
531279
531280
531281
531282
531283
531284
531285
531286
531287
531288
531289
531290
531291
531292
531293
531294
531295
531296
531297
531298
531299
531300
531301
531302
531303
531304
531305
531306
531307
531308
531309
531310
531311
531312
531313
531314
531315
531316
531317
531318
531319
531320
531321
531322
531323
531324
531325
531326
531327
531328
531329
531330
531331
531332
531333
531334
531335
531336
531337
531338
531339
531340
531341
531342
531343
531344
531345
531346
531347
531348
531349
531350
531351
531352
531353
531354
531355
531356
531357
531358
531359
531360
531361
531362
531363
531364
531365
531366
531367
531368
531369
531370
531371
531372
531373
531374
531375
531376
531377
531378
531379
531380
531381
531382
531383
531384
531385
531386
531387
531388
531389
531390
531391
531392
531393
531394
531395
531396
531397
531398
531399
531400
531401
531402
531403
531404
531405
531406
531407
531408
531409
531410
531411
531412
531413
531414
531415
531416
531417
531418
531419
531420
531421
531422
531423
531424
531425
531426
531427
531428
531429
531430
531431
531432
531433
531434
531435
531436
531437
531438
531439
531440
531441
531442
531443
531444
531445
531446
531447
531448
531449
531450
531451
531452
531453
531454
531455
531456
531457
531458
531459
531460
531461
531462
531463
531464
531465
531466
531467
531468
531469
531470
531471
531472
531473
531474
531475
531476
531477
531478
531479
531480
531481
531482
531483
531484
531485
531486
531487
531488
531489
531490
531491
531492
531493
531494
531495
531496
531497
531498
531499
531500
531501
531502
531503
531504
531505
531506
531507
531508
531509
531510
531511
531512
531513
531514
531515
531516
531517
531518
531519
531520
531521
531522
531523
531524
531525
531526
531527
531528
531529
531530
531531
531532
531533
531534
531535
531536
531537
531538
531539
531540
531541
531542
531543
531544
531545
531546
531547
531548
531549
531550
531551
531552
531553
531554
531555
531556
531557
531558
531559
531560
531561
531562
531563
531564
531565
531566
531567
531568
531569
531570
531571
531572
531573
531574
531575
531576
531577
531578
531579
531580
531581
531582
531583
531584
531585
531586
531587
531588
531589
531590
531591
531592
531593
531594
531595
531596
531597
531598
531599
531600
531601
531602
531603
531604
531605
531606
531607
531608
531609
531610
531611
531612
531613
531614
531615
531616
531617
531618
531619
531620
531621
531622
531623
531624
531625
531626
531627
531628
531629
531630
531631
531632
531633
531634
531635
531636
531637
531638
531639
531640
531641
531642
531643
531644
531645
531646
531647
531648
531649
531650
531651
531652
531653
531654
531655
531656
531657
531658
531659
531660
531661
531662
531663
531664
531665
531666
531667
531668
531669
531670
531671
531672
531673
531674
531675
531676
531677
531678
531679
531680
531681
531682
531683
531684
531685
531686
531687
531688
531689
531690
531691
531692
531693
531694
531695
531696
531697
531698
531699
531700
531701
531702
531703
531704
531705
531706
531707
531708
531709
531710
531711
531712
531713
531714
531715
531716
531717
531718
531719
531720
531721
531722
531723
531724
531725
531726
531727
531728
531729
531730
531731
531732
531733
531734
531735
531736
531737
531738
531739
531740
531741
531742
531743
531744
531745
531746
531747
531748
531749
531750
531751
531752
531753
531754
531755
531756
531757
531758
531759
531760
531761
531762
531763
531764
531765
531766
531767
531768
531769
531770
531771
531772
531773
531774
531775
531776
531777
531778
531779
531780
531781
531782
531783
531784
531785
531786
531787
531788
531789
531790
531791
531792
531793
531794
531795
531796
531797
531798
531799
531800
531801
531802
531803
531804
531805
531806
531807
531808
531809
531810
531811
531812
531813
531814
531815
531816
531817
531818
531819
531820
531821
531822
531823
531824
531825
531826
531827
531828
531829
531830
531831
531832
531833
531834
531835
531836
531837
531838
531839
531840
531841
531842
531843
531844
531845
531846
531847
531848
531849
531850
531851
531852
531853
531854
531855
531856
531857
531858
531859
531860
531861
531862
531863
531864
531865
531866
531867
531868
531869
531870
531871
531872
531873
531874
531875
531876
531877
531878
531879
531880
531881
531882
531883
531884
531885
531886
531887
531888
531889
531890
531891
531892
531893
531894
531895
531896
531897
531898
531899
531900
531901
531902
531903
531904
531905
531906
531907
531908
531909
531910
531911
531912
531913
531914
531915
531916
531917
531918
531919
531920
531921
531922
531923
531924
531925
531926
531927
531928
531929
531930
531931
531932
531933
531934
531935
531936
531937
531938
531939
531940
531941
531942
531943
531944
531945
531946
531947
531948
531949
531950
531951
531952
531953
531954
531955
531956
531957
531958
531959
531960
531961
531962
531963
531964
531965
531966
531967
531968
531969
531970
531971
531972
531973
531974
531975
531976
531977
531978
531979
531980
531981
531982
531983
531984
531985
531986
531987
531988
531989
531990
531991
531992
531993
531994
531995
531996
531997
531998
531999
532000
532001
532002
532003
532004
532005
532006
532007
532008
532009
532010
532011
532012
532013
532014
532015
532016
532017
532018
532019
532020
532021
532022
532023
532024
532025
532026
532027
532028
532029
532030
532031
532032
532033
532034
532035
532036
532037
532038
532039
532040
532041
532042
532043
532044
532045
532046
532047
532048
532049
532050
532051
532052
532053
532054
532055
532056
532057
532058
532059
532060
532061
532062
532063
532064
532065
532066
532067
532068
532069
532070
532071
532072
532073
532074
532075
532076
532077
532078
532079
532080
532081
532082
532083
532084
532085
532086
532087
532088
532089
532090
532091
532092
532093
532094
532095
532096
532097
532098
532099
532100
532101
532102
532103
532104
532105
532106
532107
532108
532109
532110
532111
532112
532113
532114
532115
532116
532117
532118
532119
532120
532121
532122
532123
532124
532125
532126
532127
532128
532129
532130
532131
532132
532133
532134
532135
532136
532137
532138
532139
532140
532141
532142
532143
532144
532145
532146
532147
532148
532149
532150
532151
532152
532153
532154
532155
532156
532157
532158
532159
532160
532161
532162
532163
532164
532165
532166
532167
532168
532169
532170
532171
532172
532173
532174
532175
532176
532177
532178
532179
532180
532181
532182
532183
532184
532185
532186
532187
532188
532189
532190
532191
532192
532193
532194
532195
532196
532197
532198
532199
532200
532201
532202
532203
532204
532205
532206
532207
532208
532209
532210
532211
532212
532213
532214
532215
532216
532217
532218
532219
532220
532221
532222
532223
532224
532225
532226
532227
532228
532229
532230
532231
532232
532233
532234
532235
532236
532237
532238
532239
532240
532241
532242
532243
532244
532245
532246
532247
532248
532249
532250
532251
532252
532253
532254
532255
532256
532257
532258
532259
532260
532261
532262
532263
532264
532265
532266
532267
532268
532269
532270
532271
532272
532273
532274
532275
532276
532277
532278
532279
532280
532281
532282
532283
532284
532285
532286
532287
532288
532289
532290
532291
532292
532293
532294
532295
532296
532297
532298
532299
532300
532301
532302
532303
532304
532305
532306
532307
532308
532309
532310
532311
532312
532313
532314
532315
532316
532317
532318
532319
532320
532321
532322
532323
532324
532325
532326
532327
532328
532329
532330
532331
532332
532333
532334
532335
532336
532337
532338
532339
532340
532341
532342
532343
532344
532345
532346
532347
532348
532349
532350
532351
532352
532353
532354
532355
532356
532357
532358
532359
532360
532361
532362
532363
532364
532365
532366
532367
532368
532369
532370
532371
532372
532373
532374
532375
532376
532377
532378
532379
532380
532381
532382
532383
532384
532385
532386
532387
532388
532389
532390
532391
532392
532393
532394
532395
532396
532397
532398
532399
532400
532401
532402
532403
532404
532405
532406
532407
532408
532409
532410
532411
532412
532413
532414
532415
532416
532417
532418
532419
532420
532421
532422
532423
532424
532425
532426
532427
532428
532429
532430
532431
532432
532433
532434
532435
532436
532437
532438
532439
532440
532441
532442
532443
532444
532445
532446
532447
532448
532449
532450
532451
532452
532453
532454
532455
532456
532457
532458
532459
532460
532461
532462
532463
532464
532465
532466
532467
532468
532469
532470
532471
532472
532473
532474
532475
532476
532477
532478
532479
532480
532481
532482
532483
532484
532485
532486
532487
532488
532489
532490
532491
532492
532493
532494
532495
532496
532497
532498
532499
532500
532501
532502
532503
532504
532505
532506
532507
532508
532509
532510
532511
532512
532513
532514
532515
532516
532517
532518
532519
532520
532521
532522
532523
532524
532525
532526
532527
532528
532529
532530
532531
532532
532533
532534
532535
532536
532537
532538
532539
532540
532541
532542
532543
532544
532545
532546
532547
532548
532549
532550
532551
532552
532553
532554
532555
532556
532557
532558
532559
532560
532561
532562
532563
532564
532565
532566
532567
532568
532569
532570
532571
532572
532573
532574
532575
532576
532577
532578
532579
532580
532581
532582
532583
532584
532585
532586
532587
532588
532589
532590
532591
532592
532593
532594
532595
532596
532597
532598
532599
532600
532601
532602
532603
532604
532605
532606
532607
532608
532609
532610
532611
532612
532613
532614
532615
532616
532617
532618
532619
532620
532621
532622
532623
532624
532625
532626
532627
532628
532629
532630
532631
532632
532633
532634
532635
532636
532637
532638
532639
532640
532641
532642
532643
532644
532645
532646
532647
532648
532649
532650
532651
532652
532653
532654
532655
532656
532657
532658
532659
532660
532661
532662
532663
532664
532665
532666
532667
532668
532669
532670
532671
532672
532673
532674
532675
532676
532677
532678
532679
532680
532681
532682
532683
532684
532685
532686
532687
532688
532689
532690
532691
532692
532693
532694
532695
532696
532697
532698
532699
532700
532701
532702
532703
532704
532705
532706
532707
532708
532709
532710
532711
532712
532713
532714
532715
532716
532717
532718
532719
532720
532721
532722
532723
532724
532725
532726
532727
532728
532729
532730
532731
532732
532733
532734
532735
532736
532737
532738
532739
532740
532741
532742
532743
532744
532745
532746
532747
532748
532749
532750
532751
532752
532753
532754
532755
532756
532757
532758
532759
532760
532761
532762
532763
532764
532765
532766
532767
532768
532769
532770
532771
532772
532773
532774
532775
532776
532777
532778
532779
532780
532781
532782
532783
532784
532785
532786
532787
532788
532789
532790
532791
532792
532793
532794
532795
532796
532797
532798
532799
532800
532801
532802
532803
532804
532805
532806
532807
532808
532809
532810
532811
532812
532813
532814
532815
532816
532817
532818
532819
532820
532821
532822
532823
532824
532825
532826
532827
532828
532829
532830
532831
532832
532833
532834
532835
532836
532837
532838
532839
532840
532841
532842
532843
532844
532845
532846
532847
532848
532849
532850
532851
532852
532853
532854
532855
532856
532857
532858
532859
532860
532861
532862
532863
532864
532865
532866
532867
532868
532869
532870
532871
532872
532873
532874
532875
532876
532877
532878
532879
532880
532881
532882
532883
532884
532885
532886
532887
532888
532889
532890
532891
532892
532893
532894
532895
532896
532897
532898
532899
532900
532901
532902
532903
532904
532905
532906
532907
532908
532909
532910
532911
532912
532913
532914
532915
532916
532917
532918
532919
532920
532921
532922
532923
532924
532925
532926
532927
532928
532929
532930
532931
532932
532933
532934
532935
532936
532937
532938
532939
532940
532941
532942
532943
532944
532945
532946
532947
532948
532949
532950
532951
532952
532953
532954
532955
532956
532957
532958
532959
532960
532961
532962
532963
532964
532965
532966
532967
532968
532969
532970
532971
532972
532973
532974
532975
532976
532977
532978
532979
532980
532981
532982
532983
532984
532985
532986
532987
532988
532989
532990
532991
532992
532993
532994
532995
532996
532997
532998
532999
533000
533001
533002
533003
533004
533005
533006
533007
533008
533009
533010
533011
533012
533013
533014
533015
533016
533017
533018
533019
533020
533021
533022
533023
533024
533025
533026
533027
533028
533029
533030
533031
533032
533033
533034
533035
533036
533037
533038
533039
533040
533041
533042
533043
533044
533045
533046
533047
533048
533049
533050
533051
533052
533053
533054
533055
533056
533057
533058
533059
533060
533061
533062
533063
533064
533065
533066
533067
533068
533069
533070
533071
533072
533073
533074
533075
533076
533077
533078
533079
533080
533081
533082
533083
533084
533085
533086
533087
533088
533089
533090
533091
533092
533093
533094
533095
533096
533097
533098
533099
533100
533101
533102
533103
533104
533105
533106
533107
533108
533109
533110
533111
533112
533113
533114
533115
533116
533117
533118
533119
533120
533121
533122
533123
533124
533125
533126
533127
533128
533129
533130
533131
533132
533133
533134
533135
533136
533137
533138
533139
533140
533141
533142
533143
533144
533145
533146
533147
533148
533149
533150
533151
533152
533153
533154
533155
533156
533157
533158
533159
533160
533161
533162
533163
533164
533165
533166
533167
533168
533169
533170
533171
533172
533173
533174
533175
533176
533177
533178
533179
533180
533181
533182
533183
533184
533185
533186
533187
533188
533189
533190
533191
533192
533193
533194
533195
533196
533197
533198
533199
533200
533201
533202
533203
533204
533205
533206
533207
533208
533209
533210
533211
533212
533213
533214
533215
533216
533217
533218
533219
533220
533221
533222
533223
533224
533225
533226
533227
533228
533229
533230
533231
533232
533233
533234
533235
533236
533237
533238
533239
533240
533241
533242
533243
533244
533245
533246
533247
533248
533249
533250
533251
533252
533253
533254
533255
533256
533257
533258
533259
533260
533261
533262
533263
533264
533265
533266
533267
533268
533269
533270
533271
533272
533273
533274
533275
533276
533277
533278
533279
533280
533281
533282
533283
533284
533285
533286
533287
533288
533289
533290
533291
533292
533293
533294
533295
533296
533297
533298
533299
533300
533301
533302
533303
533304
533305
533306
533307
533308
533309
533310
533311
533312
533313
533314
533315
533316
533317
533318
533319
533320
533321
533322
533323
533324
533325
533326
533327
533328
533329
533330
533331
533332
533333
533334
533335
533336
533337
533338
533339
533340
533341
533342
533343
533344
533345
533346
533347
533348
533349
533350
533351
533352
533353
533354
533355
533356
533357
533358
533359
533360
533361
533362
533363
533364
533365
533366
533367
533368
533369
533370
533371
533372
533373
533374
533375
533376
533377
533378
533379
533380
533381
533382
533383
533384
533385
533386
533387
533388
533389
533390
533391
533392
533393
533394
533395
533396
533397
533398
533399
533400
533401
533402
533403
533404
533405
533406
533407
533408
533409
533410
533411
533412
533413
533414
533415
533416
533417
533418
533419
533420
533421
533422
533423
533424
533425
533426
533427
533428
533429
533430
533431
533432
533433
533434
533435
533436
533437
533438
533439
533440
533441
533442
533443
533444
533445
533446
533447
533448
533449
533450
533451
533452
533453
533454
533455
533456
533457
533458
533459
533460
533461
533462
533463
533464
533465
533466
533467
533468
533469
533470
533471
533472
533473
533474
533475
533476
533477
533478
533479
533480
533481
533482
533483
533484
533485
533486
533487
533488
533489
533490
533491
533492
533493
533494
533495
533496
533497
533498
533499
533500
533501
533502
533503
533504
533505
533506
533507
533508
533509
533510
533511
533512
533513
533514
533515
533516
533517
533518
533519
533520
533521
533522
533523
533524
533525
533526
533527
533528
533529
533530
533531
533532
533533
533534
533535
533536
533537
533538
533539
533540
533541
533542
533543
533544
533545
533546
533547
533548
533549
533550
533551
533552
533553
533554
533555
533556
533557
533558
533559
533560
533561
533562
533563
533564
533565
533566
533567
533568
533569
533570
533571
533572
533573
533574
533575
533576
533577
533578
533579
533580
533581
533582
533583
533584
533585
533586
533587
533588
533589
533590
533591
533592
533593
533594
533595
533596
533597
533598
533599
533600
533601
533602
533603
533604
533605
533606
533607
533608
533609
533610
533611
533612
533613
533614
533615
533616
533617
533618
533619
533620
533621
533622
533623
533624
533625
533626
533627
533628
533629
533630
533631
533632
533633
533634
533635
533636
533637
533638
533639
533640
533641
533642
533643
533644
533645
533646
533647
533648
533649
533650
533651
533652
533653
533654
533655
533656
533657
533658
533659
533660
533661
533662
533663
533664
533665
533666
533667
533668
533669
533670
533671
533672
533673
533674
533675
533676
533677
533678
533679
533680
533681
533682
533683
533684
533685
533686
533687
533688
533689
533690
533691
533692
533693
533694
533695
533696
533697
533698
533699
533700
533701
533702
533703
533704
533705
533706
533707
533708
533709
533710
533711
533712
533713
533714
533715
533716
533717
533718
533719
533720
533721
533722
533723
533724
533725
533726
533727
533728
533729
533730
533731
533732
533733
533734
533735
533736
533737
533738
533739
533740
533741
533742
533743
533744
533745
533746
533747
533748
533749
533750
533751
533752
533753
533754
533755
533756
533757
533758
533759
533760
533761
533762
533763
533764
533765
533766
533767
533768
533769
533770
533771
533772
533773
533774
533775
533776
533777
533778
533779
533780
533781
533782
533783
533784
533785
533786
533787
533788
533789
533790
533791
533792
533793
533794
533795
533796
533797
533798
533799
533800
533801
533802
533803
533804
533805
533806
533807
533808
533809
533810
533811
533812
533813
533814
533815
533816
533817
533818
533819
533820
533821
533822
533823
533824
533825
533826
533827
533828
533829
533830
533831
533832
533833
533834
533835
533836
533837
533838
533839
533840
533841
533842
533843
533844
533845
533846
533847
533848
533849
533850
533851
533852
533853
533854
533855
533856
533857
533858
533859
533860
533861
533862
533863
533864
533865
533866
533867
533868
533869
533870
533871
533872
533873
533874
533875
533876
533877
533878
533879
533880
533881
533882
533883
533884
533885
533886
533887
533888
533889
533890
533891
533892
533893
533894
533895
533896
533897
533898
533899
533900
533901
533902
533903
533904
533905
533906
533907
533908
533909
533910
533911
533912
533913
533914
533915
533916
533917
533918
533919
533920
533921
533922
533923
533924
533925
533926
533927
533928
533929
533930
533931
533932
533933
533934
533935
533936
533937
533938
533939
533940
533941
533942
533943
533944
533945
533946
533947
533948
533949
533950
533951
533952
533953
533954
533955
533956
533957
533958
533959
533960
533961
533962
533963
533964
533965
533966
533967
533968
533969
533970
533971
533972
533973
533974
533975
533976
533977
533978
533979
533980
533981
533982
533983
533984
533985
533986
533987
533988
533989
533990
533991
533992
533993
533994
533995
533996
533997
533998
533999
534000
534001
534002
534003
534004
534005
534006
534007
534008
534009
534010
534011
534012
534013
534014
534015
534016
534017
534018
534019
534020
534021
534022
534023
534024
534025
534026
534027
534028
534029
534030
534031
534032
534033
534034
534035
534036
534037
534038
534039
534040
534041
534042
534043
534044
534045
534046
534047
534048
534049
534050
534051
534052
534053
534054
534055
534056
534057
534058
534059
534060
534061
534062
534063
534064
534065
534066
534067
534068
534069
534070
534071
534072
534073
534074
534075
534076
534077
534078
534079
534080
534081
534082
534083
534084
534085
534086
534087
534088
534089
534090
534091
534092
534093
534094
534095
534096
534097
534098
534099
534100
534101
534102
534103
534104
534105
534106
534107
534108
534109
534110
534111
534112
534113
534114
534115
534116
534117
534118
534119
534120
534121
534122
534123
534124
534125
534126
534127
534128
534129
534130
534131
534132
534133
534134
534135
534136
534137
534138
534139
534140
534141
534142
534143
534144
534145
534146
534147
534148
534149
534150
534151
534152
534153
534154
534155
534156
534157
534158
534159
534160
534161
534162
534163
534164
534165
534166
534167
534168
534169
534170
534171
534172
534173
534174
534175
534176
534177
534178
534179
534180
534181
534182
534183
534184
534185
534186
534187
534188
534189
534190
534191
534192
534193
534194
534195
534196
534197
534198
534199
534200
534201
534202
534203
534204
534205
534206
534207
534208
534209
534210
534211
534212
534213
534214
534215
534216
534217
534218
534219
534220
534221
534222
534223
534224
534225
534226
534227
534228
534229
534230
534231
534232
534233
534234
534235
534236
534237
534238
534239
534240
534241
534242
534243
534244
534245
534246
534247
534248
534249
534250
534251
534252
534253
534254
534255
534256
534257
534258
534259
534260
534261
534262
534263
534264
534265
534266
534267
534268
534269
534270
534271
534272
534273
534274
534275
534276
534277
534278
534279
534280
534281
534282
534283
534284
534285
534286
534287
534288
534289
534290
534291
534292
534293
534294
534295
534296
534297
534298
534299
534300
534301
534302
534303
534304
534305
534306
534307
534308
534309
534310
534311
534312
534313
534314
534315
534316
534317
534318
534319
534320
534321
534322
534323
534324
534325
534326
534327
534328
534329
534330
534331
534332
534333
534334
534335
534336
534337
534338
534339
534340
534341
534342
534343
534344
534345
534346
534347
534348
534349
534350
534351
534352
534353
534354
534355
534356
534357
534358
534359
534360
534361
534362
534363
534364
534365
534366
534367
534368
534369
534370
534371
534372
534373
534374
534375
534376
534377
534378
534379
534380
534381
534382
534383
534384
534385
534386
534387
534388
534389
534390
534391
534392
534393
534394
534395
534396
534397
534398
534399
534400
534401
534402
534403
534404
534405
534406
534407
534408
534409
534410
534411
534412
534413
534414
534415
534416
534417
534418
534419
534420
534421
534422
534423
534424
534425
534426
534427
534428
534429
534430
534431
534432
534433
534434
534435
534436
534437
534438
534439
534440
534441
534442
534443
534444
534445
534446
534447
534448
534449
534450
534451
534452
534453
534454
534455
534456
534457
534458
534459
534460
534461
534462
534463
534464
534465
534466
534467
534468
534469
534470
534471
534472
534473
534474
534475
534476
534477
534478
534479
534480
534481
534482
534483
534484
534485
534486
534487
534488
534489
534490
534491
534492
534493
534494
534495
534496
534497
534498
534499
534500
534501
534502
534503
534504
534505
534506
534507
534508
534509
534510
534511
534512
534513
534514
534515
534516
534517
534518
534519
534520
534521
534522
534523
534524
534525
534526
534527
534528
534529
534530
534531
534532
534533
534534
534535
534536
534537
534538
534539
534540
534541
534542
534543
534544
534545
534546
534547
534548
534549
534550
534551
534552
534553
534554
534555
534556
534557
534558
534559
534560
534561
534562
534563
534564
534565
534566
534567
534568
534569
534570
534571
534572
534573
534574
534575
534576
534577
534578
534579
534580
534581
534582
534583
534584
534585
534586
534587
534588
534589
534590
534591
534592
534593
534594
534595
534596
534597
534598
534599
534600
534601
534602
534603
534604
534605
534606
534607
534608
534609
534610
534611
534612
534613
534614
534615
534616
534617
534618
534619
534620
534621
534622
534623
534624
534625
534626
534627
534628
534629
534630
534631
534632
534633
534634
534635
534636
534637
534638
534639
534640
534641
534642
534643
534644
534645
534646
534647
534648
534649
534650
534651
534652
534653
534654
534655
534656
534657
534658
534659
534660
534661
534662
534663
534664
534665
534666
534667
534668
534669
534670
534671
534672
534673
534674
534675
534676
534677
534678
534679
534680
)


// ************************************************************************* //
