/*--------------------------------*- C++ -*----------------------------------*\
  =========                 |
  \\      /  F ield         | OpenFOAM: The Open Source CFD Toolbox
   \\    /   O peration     | Website:  https://openfoam.org
    \\  /    A nd           | Version:  11
     \\/     M anipulation  |
\*---------------------------------------------------------------------------*/
FoamFile
{
    format      ascii;
    class       volVectorField;
    location    "0";
    object      C;
}
// * * * * * * * * * * * * * * * * * * * * * * * * * * * * * * * * * * * * * //

dimensions      [0 1 0 0 0 0 0];

internalField   nonuniform List<vector> 
27593
(
(0.003156 3.125e-05 0.008031)
(0.003219 3.125e-05 0.008031)
(0.003281 3.125e-05 0.008031)
(0.003344 3.125e-05 0.008031)
(0.003406 3.125e-05 0.008031)
(0.003469 3.125e-05 0.008031)
(0.003531 3.125e-05 0.008031)
(0.003594 3.125e-05 0.008031)
(0.003656 3.125e-05 0.008031)
(0.003719 3.125e-05 0.008031)
(0.003781 3.125e-05 0.008031)
(0.003844 3.125e-05 0.008031)
(0.003906 3.125e-05 0.008031)
(0.003969 3.125e-05 0.008031)
(0.003094 9.375e-05 0.008031)
(0.003156 9.375e-05 0.008031)
(0.003219 9.375e-05 0.008031)
(0.003281 9.375e-05 0.008031)
(0.003344 9.375e-05 0.008031)
(0.003406 9.375e-05 0.008031)
(0.003469 9.375e-05 0.008031)
(0.003531 9.375e-05 0.008031)
(0.003594 9.375e-05 0.008031)
(0.003656 9.375e-05 0.008031)
(0.003719 9.375e-05 0.008031)
(0.003781 9.375e-05 0.008031)
(0.003844 9.375e-05 0.008031)
(0.003906 9.375e-05 0.008031)
(0.003969 9.375e-05 0.008031)
(0.003031 0.0001563 0.008031)
(0.003094 0.0001562 0.008031)
(0.003156 0.0001563 0.008031)
(0.003219 0.0001563 0.008031)
(0.003281 0.0001563 0.008031)
(0.003344 0.0001562 0.008031)
(0.003406 0.0001562 0.008031)
(0.003469 0.0001562 0.008031)
(0.003531 0.0001562 0.008031)
(0.003594 0.0001563 0.008031)
(0.003656 0.0001562 0.008031)
(0.003719 0.0001562 0.008031)
(0.003781 0.0001563 0.008031)
(0.003844 0.0001563 0.008031)
(0.003906 0.0001562 0.008031)
(0.003969 0.0001563 0.008031)
(0.002969 0.0002188 0.008031)
(0.003031 0.0002188 0.008031)
(0.003094 0.0002188 0.008031)
(0.003156 0.0002188 0.008031)
(0.003219 0.0002188 0.008031)
(0.003281 0.0002188 0.008031)
(0.003344 0.0002188 0.008031)
(0.003406 0.0002188 0.008031)
(0.003469 0.0002188 0.008031)
(0.003531 0.0002188 0.008031)
(0.003594 0.0002188 0.008031)
(0.003656 0.0002188 0.008031)
(0.003719 0.0002188 0.008031)
(0.003781 0.0002188 0.008031)
(0.003844 0.0002188 0.008031)
(0.003906 0.0002188 0.008031)
(0.003969 0.0002188 0.008031)
(0.002906 0.0002813 0.008031)
(0.002969 0.0002812 0.008031)
(0.003031 0.0002813 0.008031)
(0.003094 0.0002813 0.008031)
(0.003156 0.0002812 0.008031)
(0.003219 0.0002813 0.008031)
(0.003281 0.0002813 0.008031)
(0.003344 0.0002813 0.008031)
(0.003406 0.0002813 0.008031)
(0.003469 0.0002813 0.008031)
(0.003531 0.0002813 0.008031)
(0.003594 0.0002812 0.008031)
(0.003656 0.0002812 0.008031)
(0.003719 0.0002813 0.008031)
(0.003781 0.0002812 0.008031)
(0.003844 0.0002813 0.008031)
(0.003906 0.0002813 0.008031)
(0.003969 0.0002813 0.008031)
(0.002844 0.0003438 0.008031)
(0.002906 0.0003438 0.008031)
(0.002969 0.0003438 0.008031)
(0.003031 0.0003438 0.008031)
(0.003094 0.0003438 0.008031)
(0.003156 0.0003438 0.008031)
(0.003219 0.0003438 0.008031)
(0.003281 0.0003438 0.008031)
(0.003344 0.0003438 0.008031)
(0.003406 0.0003438 0.008031)
(0.003469 0.0003438 0.008031)
(0.003531 0.0003438 0.008031)
(0.003594 0.0003438 0.008031)
(0.003656 0.0003437 0.008031)
(0.003719 0.0003438 0.008031)
(0.003781 0.0003438 0.008031)
(0.003844 0.0003437 0.008031)
(0.003906 0.0003438 0.008031)
(0.003969 0.0003438 0.008031)
(0.002781 0.0004063 0.008031)
(0.002844 0.0004063 0.008031)
(0.002906 0.0004063 0.008031)
(0.002969 0.0004063 0.008031)
(0.003031 0.0004063 0.008031)
(0.003094 0.0004062 0.008031)
(0.003156 0.0004063 0.008031)
(0.003219 0.0004063 0.008031)
(0.003281 0.0004063 0.008031)
(0.003344 0.0004062 0.008031)
(0.003406 0.0004063 0.008031)
(0.003469 0.0004063 0.008031)
(0.003531 0.0004063 0.008031)
(0.003594 0.0004062 0.008031)
(0.003656 0.0004062 0.008031)
(0.003719 0.0004062 0.008031)
(0.003781 0.0004062 0.008031)
(0.003844 0.0004063 0.008031)
(0.003906 0.0004063 0.008031)
(0.003969 0.0004063 0.008031)
(0.002719 0.0004687 0.008031)
(0.002781 0.0004687 0.008031)
(0.002844 0.0004687 0.008031)
(0.002906 0.0004687 0.008031)
(0.002969 0.0004688 0.008031)
(0.003031 0.0004687 0.008031)
(0.003094 0.0004688 0.008031)
(0.003156 0.0004688 0.008031)
(0.003219 0.0004688 0.008031)
(0.003281 0.0004688 0.008031)
(0.003344 0.0004688 0.008031)
(0.003406 0.0004688 0.008031)
(0.003469 0.0004688 0.008031)
(0.003531 0.0004687 0.008031)
(0.003594 0.0004687 0.008031)
(0.003656 0.0004687 0.008031)
(0.003719 0.0004688 0.008031)
(0.003781 0.0004688 0.008031)
(0.003844 0.0004687 0.008031)
(0.003906 0.0004688 0.008031)
(0.003969 0.0004687 0.008031)
(0.002531 3.125e-05 0.008094)
(0.002594 3.125e-05 0.008094)
(0.002656 3.125e-05 0.008094)
(0.002719 3.125e-05 0.008094)
(0.002781 3.125e-05 0.008094)
(0.002844 3.125e-05 0.008094)
(0.002906 3.125e-05 0.008094)
(0.002969 3.125e-05 0.008094)
(0.003031 3.125e-05 0.008094)
(0.003094 3.125e-05 0.008094)
(0.003156 3.125e-05 0.008094)
(0.003219 3.125e-05 0.008094)
(0.003281 3.125e-05 0.008094)
(0.003344 3.125e-05 0.008094)
(0.003406 3.125e-05 0.008094)
(0.003469 3.125e-05 0.008094)
(0.003531 3.125e-05 0.008094)
(0.003594 3.125e-05 0.008094)
(0.003656 3.125e-05 0.008094)
(0.003719 3.125e-05 0.008094)
(0.003781 3.125e-05 0.008094)
(0.003844 3.125e-05 0.008094)
(0.003906 3.125e-05 0.008094)
(0.003969 3.125e-05 0.008094)
(0.002531 9.375e-05 0.008094)
(0.002594 9.375e-05 0.008094)
(0.002656 9.375e-05 0.008094)
(0.002719 9.375e-05 0.008094)
(0.002781 9.375e-05 0.008094)
(0.002844 9.375e-05 0.008094)
(0.002906 9.375e-05 0.008094)
(0.002969 9.375e-05 0.008094)
(0.003031 9.375e-05 0.008094)
(0.003094 9.375e-05 0.008094)
(0.003156 9.375e-05 0.008094)
(0.003219 9.375e-05 0.008094)
(0.003281 9.375e-05 0.008094)
(0.003344 9.375e-05 0.008094)
(0.003406 9.375e-05 0.008094)
(0.003469 9.375e-05 0.008094)
(0.003531 9.375e-05 0.008094)
(0.003594 9.375e-05 0.008094)
(0.003656 9.375e-05 0.008094)
(0.003719 9.375e-05 0.008094)
(0.003781 9.375e-05 0.008094)
(0.003844 9.375e-05 0.008094)
(0.003906 9.375e-05 0.008094)
(0.003969 9.375e-05 0.008094)
(0.002531 0.0001563 0.008094)
(0.002594 0.0001562 0.008094)
(0.002656 0.0001563 0.008094)
(0.002719 0.0001563 0.008094)
(0.002781 0.0001562 0.008094)
(0.002844 0.0001563 0.008094)
(0.002906 0.0001563 0.008094)
(0.002969 0.0001562 0.008094)
(0.003031 0.0001563 0.008094)
(0.003094 0.0001563 0.008094)
(0.003156 0.0001563 0.008094)
(0.003219 0.0001563 0.008094)
(0.003281 0.0001563 0.008094)
(0.003344 0.0001562 0.008094)
(0.003406 0.0001562 0.008094)
(0.003469 0.0001562 0.008094)
(0.003531 0.0001562 0.008094)
(0.003594 0.0001563 0.008094)
(0.003656 0.0001562 0.008094)
(0.003719 0.0001563 0.008094)
(0.003781 0.0001563 0.008094)
(0.003844 0.0001563 0.008094)
(0.003906 0.0001563 0.008094)
(0.003969 0.0001563 0.008094)
(0.002531 0.0002188 0.008094)
(0.002594 0.0002188 0.008094)
(0.002656 0.0002188 0.008094)
(0.002719 0.0002188 0.008094)
(0.002781 0.0002188 0.008094)
(0.002844 0.0002188 0.008094)
(0.002906 0.0002188 0.008094)
(0.002969 0.0002188 0.008094)
(0.003031 0.0002188 0.008094)
(0.003094 0.0002188 0.008094)
(0.003156 0.0002188 0.008094)
(0.003219 0.0002188 0.008094)
(0.003281 0.0002188 0.008094)
(0.003344 0.0002187 0.008094)
(0.003406 0.0002187 0.008094)
(0.003469 0.0002188 0.008094)
(0.003531 0.0002188 0.008094)
(0.003594 0.0002187 0.008094)
(0.003656 0.0002188 0.008094)
(0.003719 0.0002188 0.008094)
(0.003781 0.0002188 0.008094)
(0.003844 0.0002188 0.008094)
(0.003906 0.0002188 0.008094)
(0.003969 0.0002188 0.008094)
(0.002531 0.0002812 0.008094)
(0.002594 0.0002812 0.008094)
(0.002656 0.0002813 0.008094)
(0.002719 0.0002813 0.008094)
(0.002781 0.0002812 0.008094)
(0.002844 0.0002812 0.008094)
(0.002906 0.0002812 0.008094)
(0.002969 0.0002812 0.008094)
(0.003031 0.0002813 0.008094)
(0.003094 0.0002812 0.008094)
(0.003156 0.0002812 0.008094)
(0.003219 0.0002812 0.008094)
(0.003281 0.0002812 0.008094)
(0.003344 0.0002812 0.008094)
(0.003406 0.0002812 0.008094)
(0.003469 0.0002812 0.008094)
(0.003531 0.0002812 0.008094)
(0.003594 0.0002812 0.008094)
(0.003656 0.0002812 0.008094)
(0.003719 0.0002813 0.008094)
(0.003781 0.0002812 0.008094)
(0.003844 0.0002812 0.008094)
(0.003906 0.0002812 0.008094)
(0.003969 0.0002813 0.008094)
(0.002531 0.0003437 0.008094)
(0.002594 0.0003437 0.008094)
(0.002656 0.0003437 0.008094)
(0.002719 0.0003438 0.008094)
(0.002781 0.0003437 0.008094)
(0.002844 0.0003438 0.008094)
(0.002906 0.0003438 0.008094)
(0.002969 0.0003438 0.008094)
(0.003031 0.0003438 0.008094)
(0.003094 0.0003437 0.008094)
(0.003156 0.0003438 0.008094)
(0.003219 0.0003437 0.008094)
(0.003281 0.0003437 0.008094)
(0.003344 0.0003437 0.008094)
(0.003406 0.0003437 0.008094)
(0.003469 0.0003437 0.008094)
(0.003531 0.0003437 0.008094)
(0.003594 0.0003438 0.008094)
(0.003656 0.0003437 0.008094)
(0.003719 0.0003438 0.008094)
(0.003781 0.0003438 0.008094)
(0.003844 0.0003438 0.008094)
(0.003906 0.0003437 0.008094)
(0.003969 0.0003438 0.008094)
(0.002531 0.0004062 0.008094)
(0.002594 0.0004062 0.008094)
(0.002656 0.0004063 0.008094)
(0.002719 0.0004062 0.008094)
(0.002781 0.0004062 0.008094)
(0.002844 0.0004062 0.008094)
(0.002906 0.0004062 0.008094)
(0.002969 0.0004063 0.008094)
(0.003031 0.0004063 0.008094)
(0.003094 0.0004062 0.008094)
(0.003156 0.0004063 0.008094)
(0.003219 0.0004062 0.008094)
(0.003281 0.0004062 0.008094)
(0.003344 0.0004062 0.008094)
(0.003406 0.0004062 0.008094)
(0.003469 0.0004062 0.008094)
(0.003531 0.0004062 0.008094)
(0.003594 0.0004062 0.008094)
(0.003656 0.0004062 0.008094)
(0.003719 0.0004063 0.008094)
(0.003781 0.0004062 0.008094)
(0.003844 0.0004063 0.008094)
(0.003906 0.0004062 0.008094)
(0.003969 0.0004063 0.008094)
(0.002531 0.0004688 0.008094)
(0.002594 0.0004687 0.008094)
(0.002656 0.0004688 0.008094)
(0.002719 0.0004688 0.008094)
(0.002781 0.0004687 0.008094)
(0.002844 0.0004687 0.008094)
(0.002906 0.0004687 0.008094)
(0.002969 0.0004688 0.008094)
(0.003031 0.0004687 0.008094)
(0.003094 0.0004688 0.008094)
(0.003156 0.0004688 0.008094)
(0.003219 0.0004687 0.008094)
(0.003281 0.0004687 0.008094)
(0.003344 0.0004687 0.008094)
(0.003406 0.0004687 0.008094)
(0.003469 0.0004688 0.008094)
(0.003531 0.0004688 0.008094)
(0.003594 0.0004687 0.008094)
(0.003656 0.0004687 0.008094)
(0.003719 0.0004688 0.008094)
(0.003781 0.0004688 0.008094)
(0.003844 0.0004688 0.008094)
(0.003906 0.0004688 0.008094)
(0.003969 0.0004687 0.008094)
(0.002531 3.125e-05 0.008156)
(0.002594 3.125e-05 0.008156)
(0.002656 3.125e-05 0.008156)
(0.002719 3.125e-05 0.008156)
(0.002781 3.125e-05 0.008156)
(0.002844 3.125e-05 0.008156)
(0.002906 3.125e-05 0.008156)
(0.002969 3.125e-05 0.008156)
(0.003031 3.125e-05 0.008156)
(0.003094 3.125e-05 0.008156)
(0.003156 3.125e-05 0.008156)
(0.003219 3.125e-05 0.008156)
(0.003281 3.125e-05 0.008156)
(0.003344 3.125e-05 0.008156)
(0.003406 3.125e-05 0.008156)
(0.003469 3.125e-05 0.008156)
(0.003531 3.125e-05 0.008156)
(0.003594 3.125e-05 0.008156)
(0.003656 3.125e-05 0.008156)
(0.003719 3.125e-05 0.008156)
(0.003781 3.125e-05 0.008156)
(0.003844 3.125e-05 0.008156)
(0.003906 3.125e-05 0.008156)
(0.003969 3.125e-05 0.008156)
(0.002531 9.375e-05 0.008156)
(0.002594 9.375e-05 0.008156)
(0.002656 9.375e-05 0.008156)
(0.002719 9.375e-05 0.008156)
(0.002781 9.375e-05 0.008156)
(0.002844 9.375e-05 0.008156)
(0.002906 9.375e-05 0.008156)
(0.002969 9.375e-05 0.008156)
(0.003031 9.375e-05 0.008156)
(0.003094 9.375e-05 0.008156)
(0.003156 9.375e-05 0.008156)
(0.003219 9.375e-05 0.008156)
(0.003281 9.375e-05 0.008156)
(0.003344 9.375e-05 0.008156)
(0.003406 9.375e-05 0.008156)
(0.003469 9.375e-05 0.008156)
(0.003531 9.375e-05 0.008156)
(0.003594 9.375e-05 0.008156)
(0.003656 9.375e-05 0.008156)
(0.003719 9.375e-05 0.008156)
(0.003781 9.375e-05 0.008156)
(0.003844 9.375e-05 0.008156)
(0.003906 9.375e-05 0.008156)
(0.003969 9.375e-05 0.008156)
(0.002531 0.0001562 0.008156)
(0.002594 0.0001563 0.008156)
(0.002656 0.0001563 0.008156)
(0.002719 0.0001562 0.008156)
(0.002781 0.0001563 0.008156)
(0.002844 0.0001563 0.008156)
(0.002906 0.0001563 0.008156)
(0.002969 0.0001563 0.008156)
(0.003031 0.0001563 0.008156)
(0.003094 0.0001562 0.008156)
(0.003156 0.0001563 0.008156)
(0.003219 0.0001562 0.008156)
(0.003281 0.0001562 0.008156)
(0.003344 0.0001563 0.008156)
(0.003406 0.0001563 0.008156)
(0.003469 0.0001563 0.008156)
(0.003531 0.0001563 0.008156)
(0.003594 0.0001562 0.008156)
(0.003656 0.0001563 0.008156)
(0.003719 0.0001562 0.008156)
(0.003781 0.0001562 0.008156)
(0.003844 0.0001562 0.008156)
(0.003906 0.0001562 0.008156)
(0.003969 0.0001562 0.008156)
(0.002531 0.0002187 0.008156)
(0.002594 0.0002187 0.008156)
(0.002656 0.0002187 0.008156)
(0.002719 0.0002188 0.008156)
(0.002781 0.0002188 0.008156)
(0.002844 0.0002188 0.008156)
(0.002906 0.0002188 0.008156)
(0.002969 0.0002188 0.008156)
(0.003031 0.0002188 0.008156)
(0.003094 0.0002188 0.008156)
(0.003156 0.0002188 0.008156)
(0.003219 0.0002187 0.008156)
(0.003281 0.0002187 0.008156)
(0.003344 0.0002188 0.008156)
(0.003406 0.0002188 0.008156)
(0.003469 0.0002187 0.008156)
(0.003531 0.0002187 0.008156)
(0.003594 0.0002188 0.008156)
(0.003656 0.0002188 0.008156)
(0.003719 0.0002188 0.008156)
(0.003781 0.0002187 0.008156)
(0.003844 0.0002187 0.008156)
(0.003906 0.0002188 0.008156)
(0.003969 0.0002187 0.008156)
(0.002531 0.0002812 0.008156)
(0.002594 0.0002812 0.008156)
(0.002656 0.0002813 0.008156)
(0.002719 0.0002812 0.008156)
(0.002781 0.0002813 0.008156)
(0.002844 0.0002813 0.008156)
(0.002906 0.0002812 0.008156)
(0.002969 0.0002812 0.008156)
(0.003031 0.0002812 0.008156)
(0.003094 0.0002813 0.008156)
(0.003156 0.0002812 0.008156)
(0.003219 0.0002812 0.008156)
(0.003281 0.0002812 0.008156)
(0.003344 0.0002812 0.008156)
(0.003406 0.0002812 0.008156)
(0.003469 0.0002812 0.008156)
(0.003531 0.0002812 0.008156)
(0.003594 0.0002812 0.008156)
(0.003656 0.0002812 0.008156)
(0.003719 0.0002812 0.008156)
(0.003781 0.0002812 0.008156)
(0.003844 0.0002812 0.008156)
(0.003906 0.0002813 0.008156)
(0.003969 0.0002812 0.008156)
(0.002531 0.0003437 0.008156)
(0.002594 0.0003438 0.008156)
(0.002656 0.0003437 0.008156)
(0.002719 0.0003438 0.008156)
(0.002781 0.0003438 0.008156)
(0.002844 0.0003438 0.008156)
(0.002906 0.0003438 0.008156)
(0.002969 0.0003438 0.008156)
(0.003031 0.0003438 0.008156)
(0.003094 0.0003438 0.008156)
(0.003156 0.0003437 0.008156)
(0.003219 0.0003438 0.008156)
(0.003281 0.0003438 0.008156)
(0.003344 0.0003438 0.008156)
(0.003406 0.0003438 0.008156)
(0.003469 0.0003438 0.008156)
(0.003531 0.0003438 0.008156)
(0.003594 0.0003437 0.008156)
(0.003656 0.0003437 0.008156)
(0.003719 0.0003437 0.008156)
(0.003781 0.0003437 0.008156)
(0.003844 0.0003438 0.008156)
(0.003906 0.0003438 0.008156)
(0.003969 0.0003438 0.008156)
(0.002531 0.0004062 0.008156)
(0.002594 0.0004062 0.008156)
(0.002656 0.0004063 0.008156)
(0.002719 0.0004063 0.008156)
(0.002781 0.0004062 0.008156)
(0.002844 0.0004063 0.008156)
(0.002906 0.0004063 0.008156)
(0.002969 0.0004062 0.008156)
(0.003031 0.0004062 0.008156)
(0.003094 0.0004062 0.008156)
(0.003156 0.0004063 0.008156)
(0.003219 0.0004062 0.008156)
(0.003281 0.0004062 0.008156)
(0.003344 0.0004062 0.008156)
(0.003406 0.0004063 0.008156)
(0.003469 0.0004062 0.008156)
(0.003531 0.0004062 0.008156)
(0.003594 0.0004062 0.008156)
(0.003656 0.0004062 0.008156)
(0.003719 0.0004062 0.008156)
(0.003781 0.0004062 0.008156)
(0.003844 0.0004063 0.008156)
(0.003906 0.0004062 0.008156)
(0.003969 0.0004062 0.008156)
(0.002531 0.0004687 0.008156)
(0.002594 0.0004688 0.008156)
(0.002656 0.0004687 0.008156)
(0.002719 0.0004687 0.008156)
(0.002781 0.0004688 0.008156)
(0.002844 0.0004688 0.008156)
(0.002906 0.0004688 0.008156)
(0.002969 0.0004687 0.008156)
(0.003031 0.0004688 0.008156)
(0.003094 0.0004687 0.008156)
(0.003156 0.0004687 0.008156)
(0.003219 0.0004687 0.008156)
(0.003281 0.0004687 0.008156)
(0.003344 0.0004687 0.008156)
(0.003406 0.0004687 0.008156)
(0.003469 0.0004687 0.008156)
(0.003531 0.0004687 0.008156)
(0.003594 0.0004687 0.008156)
(0.003656 0.0004687 0.008156)
(0.003719 0.0004687 0.008156)
(0.003781 0.0004687 0.008156)
(0.003844 0.0004688 0.008156)
(0.003906 0.0004687 0.008156)
(0.003969 0.0004687 0.008156)
(0.002531 3.125e-05 0.008219)
(0.002594 3.125e-05 0.008219)
(0.002656 3.125e-05 0.008219)
(0.002719 3.125e-05 0.008219)
(0.002781 3.125e-05 0.008219)
(0.002844 3.125e-05 0.008219)
(0.002906 3.125e-05 0.008219)
(0.002969 3.125e-05 0.008219)
(0.003031 3.125e-05 0.008219)
(0.003094 3.125e-05 0.008219)
(0.003156 3.125e-05 0.008219)
(0.003219 3.125e-05 0.008219)
(0.003281 3.125e-05 0.008219)
(0.003344 3.125e-05 0.008219)
(0.003406 3.125e-05 0.008219)
(0.003469 3.125e-05 0.008219)
(0.003531 3.125e-05 0.008219)
(0.003594 3.125e-05 0.008219)
(0.003656 3.125e-05 0.008219)
(0.003719 3.125e-05 0.008219)
(0.003781 3.125e-05 0.008219)
(0.003844 3.125e-05 0.008219)
(0.003906 3.125e-05 0.008219)
(0.003969 3.125e-05 0.008219)
(0.002531 9.375e-05 0.008219)
(0.002594 9.375e-05 0.008219)
(0.002656 9.375e-05 0.008219)
(0.002719 9.375e-05 0.008219)
(0.002781 9.375e-05 0.008219)
(0.002844 9.375e-05 0.008219)
(0.002906 9.375e-05 0.008219)
(0.002969 9.375e-05 0.008219)
(0.003031 9.375e-05 0.008219)
(0.003094 9.375e-05 0.008219)
(0.003156 9.375e-05 0.008219)
(0.003219 9.375e-05 0.008219)
(0.003281 9.375e-05 0.008219)
(0.003344 9.375e-05 0.008219)
(0.003406 9.375e-05 0.008219)
(0.003469 9.375e-05 0.008219)
(0.003531 9.375e-05 0.008219)
(0.003594 9.375e-05 0.008219)
(0.003656 9.375e-05 0.008219)
(0.003719 9.375e-05 0.008219)
(0.003781 9.375e-05 0.008219)
(0.003844 9.375e-05 0.008219)
(0.003906 9.375e-05 0.008219)
(0.003969 9.375e-05 0.008219)
(0.002531 0.0001563 0.008219)
(0.002594 0.0001562 0.008219)
(0.002656 0.0001563 0.008219)
(0.002719 0.0001562 0.008219)
(0.002781 0.0001562 0.008219)
(0.002844 0.0001563 0.008219)
(0.002906 0.0001563 0.008219)
(0.002969 0.0001563 0.008219)
(0.003031 0.0001563 0.008219)
(0.003094 0.0001562 0.008219)
(0.003156 0.0001563 0.008219)
(0.003219 0.0001563 0.008219)
(0.003281 0.0001563 0.008219)
(0.003344 0.0001562 0.008219)
(0.003406 0.0001562 0.008219)
(0.003469 0.0001562 0.008219)
(0.003531 0.0001562 0.008219)
(0.003594 0.0001563 0.008219)
(0.003656 0.0001562 0.008219)
(0.003719 0.0001562 0.008219)
(0.003781 0.0001563 0.008219)
(0.003844 0.0001563 0.008219)
(0.003906 0.0001562 0.008219)
(0.003969 0.0001563 0.008219)
(0.002531 0.0002188 0.008219)
(0.002594 0.0002188 0.008219)
(0.002656 0.0002188 0.008219)
(0.002719 0.0002188 0.008219)
(0.002781 0.0002188 0.008219)
(0.002844 0.0002188 0.008219)
(0.002906 0.0002188 0.008219)
(0.002969 0.0002188 0.008219)
(0.003031 0.0002188 0.008219)
(0.003094 0.0002188 0.008219)
(0.003156 0.0002188 0.008219)
(0.003219 0.0002188 0.008219)
(0.003281 0.0002188 0.008219)
(0.003344 0.0002187 0.008219)
(0.003406 0.0002187 0.008219)
(0.003469 0.0002188 0.008219)
(0.003531 0.0002188 0.008219)
(0.003594 0.0002187 0.008219)
(0.003656 0.0002188 0.008219)
(0.003719 0.0002188 0.008219)
(0.003781 0.0002188 0.008219)
(0.003844 0.0002188 0.008219)
(0.003906 0.0002188 0.008219)
(0.003969 0.0002188 0.008219)
(0.002531 0.0002813 0.008219)
(0.002594 0.0002812 0.008219)
(0.002656 0.0002813 0.008219)
(0.002719 0.0002813 0.008219)
(0.002781 0.0002812 0.008219)
(0.002844 0.0002812 0.008219)
(0.002906 0.0002812 0.008219)
(0.002969 0.0002812 0.008219)
(0.003031 0.0002813 0.008219)
(0.003094 0.0002812 0.008219)
(0.003156 0.0002812 0.008219)
(0.003219 0.0002812 0.008219)
(0.003281 0.0002812 0.008219)
(0.003344 0.0002812 0.008219)
(0.003406 0.0002812 0.008219)
(0.003469 0.0002812 0.008219)
(0.003531 0.0002812 0.008219)
(0.003594 0.0002812 0.008219)
(0.003656 0.0002812 0.008219)
(0.003719 0.0002813 0.008219)
(0.003781 0.0002812 0.008219)
(0.003844 0.0002813 0.008219)
(0.003906 0.0002812 0.008219)
(0.003969 0.0002813 0.008219)
(0.002531 0.0003437 0.008219)
(0.002594 0.0003437 0.008219)
(0.002656 0.0003437 0.008219)
(0.002719 0.0003437 0.008219)
(0.002781 0.0003437 0.008219)
(0.002844 0.0003437 0.008219)
(0.002906 0.0003437 0.008219)
(0.002969 0.0003438 0.008219)
(0.003031 0.0003438 0.008219)
(0.003094 0.0003437 0.008219)
(0.003156 0.0003438 0.008219)
(0.003219 0.0003437 0.008219)
(0.003281 0.0003437 0.008219)
(0.003344 0.0003437 0.008219)
(0.003406 0.0003437 0.008219)
(0.003469 0.0003437 0.008219)
(0.003531 0.0003437 0.008219)
(0.003594 0.0003438 0.008219)
(0.003656 0.0003437 0.008219)
(0.003719 0.0003438 0.008219)
(0.003781 0.0003438 0.008219)
(0.003844 0.0003437 0.008219)
(0.003906 0.0003437 0.008219)
(0.003969 0.0003438 0.008219)
(0.002531 0.0004062 0.008219)
(0.002594 0.0004062 0.008219)
(0.002656 0.0004063 0.008219)
(0.002719 0.0004062 0.008219)
(0.002781 0.0004062 0.008219)
(0.002844 0.0004062 0.008219)
(0.002906 0.0004062 0.008219)
(0.002969 0.0004063 0.008219)
(0.003031 0.0004063 0.008219)
(0.003094 0.0004062 0.008219)
(0.003156 0.0004063 0.008219)
(0.003219 0.0004062 0.008219)
(0.003281 0.0004062 0.008219)
(0.003344 0.0004062 0.008219)
(0.003406 0.0004062 0.008219)
(0.003469 0.0004062 0.008219)
(0.003531 0.0004062 0.008219)
(0.003594 0.0004062 0.008219)
(0.003656 0.0004062 0.008219)
(0.003719 0.0004062 0.008219)
(0.003781 0.0004062 0.008219)
(0.003844 0.0004063 0.008219)
(0.003906 0.0004062 0.008219)
(0.003969 0.0004063 0.008219)
(0.002531 0.0004687 0.008219)
(0.002594 0.0004687 0.008219)
(0.002656 0.0004687 0.008219)
(0.002719 0.0004687 0.008219)
(0.002781 0.0004687 0.008219)
(0.002844 0.0004687 0.008219)
(0.002906 0.0004687 0.008219)
(0.002969 0.0004688 0.008219)
(0.003031 0.0004687 0.008219)
(0.003094 0.0004688 0.008219)
(0.003156 0.0004688 0.008219)
(0.003219 0.0004687 0.008219)
(0.003281 0.0004687 0.008219)
(0.003344 0.0004687 0.008219)
(0.003406 0.0004687 0.008219)
(0.003469 0.0004688 0.008219)
(0.003531 0.0004687 0.008219)
(0.003594 0.0004687 0.008219)
(0.003656 0.0004687 0.008219)
(0.003719 0.0004688 0.008219)
(0.003781 0.0004688 0.008219)
(0.003844 0.0004687 0.008219)
(0.003906 0.0004688 0.008219)
(0.003969 0.0004687 0.008219)
(0.002531 3.125e-05 0.008281)
(0.002594 3.125e-05 0.008281)
(0.002656 3.125e-05 0.008281)
(0.002719 3.125e-05 0.008281)
(0.002781 3.125e-05 0.008281)
(0.002844 3.125e-05 0.008281)
(0.002906 3.125e-05 0.008281)
(0.002969 3.125e-05 0.008281)
(0.003031 3.125e-05 0.008281)
(0.003094 3.125e-05 0.008281)
(0.003156 3.125e-05 0.008281)
(0.003219 3.125e-05 0.008281)
(0.003281 3.125e-05 0.008281)
(0.003344 3.125e-05 0.008281)
(0.003406 3.125e-05 0.008281)
(0.003469 3.125e-05 0.008281)
(0.003531 3.125e-05 0.008281)
(0.003594 3.125e-05 0.008281)
(0.003656 3.125e-05 0.008281)
(0.003719 3.125e-05 0.008281)
(0.003781 3.125e-05 0.008281)
(0.003844 3.125e-05 0.008281)
(0.003906 3.125e-05 0.008281)
(0.003969 3.125e-05 0.008281)
(0.002531 9.375e-05 0.008281)
(0.002594 9.375e-05 0.008281)
(0.002656 9.375e-05 0.008281)
(0.002719 9.375e-05 0.008281)
(0.002781 9.375e-05 0.008281)
(0.002844 9.375e-05 0.008281)
(0.002906 9.375e-05 0.008281)
(0.002969 9.375e-05 0.008281)
(0.003031 9.375e-05 0.008281)
(0.003094 9.375e-05 0.008281)
(0.003156 9.375e-05 0.008281)
(0.003219 9.375e-05 0.008281)
(0.003281 9.375e-05 0.008281)
(0.003344 9.375e-05 0.008281)
(0.003406 9.375e-05 0.008281)
(0.003469 9.375e-05 0.008281)
(0.003531 9.375e-05 0.008281)
(0.003594 9.375e-05 0.008281)
(0.003656 9.375e-05 0.008281)
(0.003719 9.375e-05 0.008281)
(0.003781 9.375e-05 0.008281)
(0.003844 9.375e-05 0.008281)
(0.003906 9.375e-05 0.008281)
(0.003969 9.375e-05 0.008281)
(0.002531 0.0001563 0.008281)
(0.002594 0.0001562 0.008281)
(0.002656 0.0001562 0.008281)
(0.002719 0.0001563 0.008281)
(0.002781 0.0001562 0.008281)
(0.002844 0.0001563 0.008281)
(0.002906 0.0001563 0.008281)
(0.002969 0.0001562 0.008281)
(0.003031 0.0001563 0.008281)
(0.003094 0.0001563 0.008281)
(0.003156 0.0001563 0.008281)
(0.003219 0.0001563 0.008281)
(0.003281 0.0001563 0.008281)
(0.003344 0.0001562 0.008281)
(0.003406 0.0001562 0.008281)
(0.003469 0.0001562 0.008281)
(0.003531 0.0001562 0.008281)
(0.003594 0.0001563 0.008281)
(0.003656 0.0001562 0.008281)
(0.003719 0.0001563 0.008281)
(0.003781 0.0001563 0.008281)
(0.003844 0.0001563 0.008281)
(0.003906 0.0001563 0.008281)
(0.003969 0.0001563 0.008281)
(0.002531 0.0002188 0.008281)
(0.002594 0.0002187 0.008281)
(0.002656 0.0002187 0.008281)
(0.002719 0.0002187 0.008281)
(0.002781 0.0002188 0.008281)
(0.002844 0.0002188 0.008281)
(0.002906 0.0002188 0.008281)
(0.002969 0.0002187 0.008281)
(0.003031 0.0002188 0.008281)
(0.003094 0.0002188 0.008281)
(0.003156 0.0002188 0.008281)
(0.003219 0.0002188 0.008281)
(0.003281 0.0002188 0.008281)
(0.003344 0.0002187 0.008281)
(0.003406 0.0002187 0.008281)
(0.003469 0.0002188 0.008281)
(0.003531 0.0002188 0.008281)
(0.003594 0.0002187 0.008281)
(0.003656 0.0002188 0.008281)
(0.003719 0.0002188 0.008281)
(0.003781 0.0002188 0.008281)
(0.003844 0.0002188 0.008281)
(0.003906 0.0002188 0.008281)
(0.003969 0.0002188 0.008281)
(0.002531 0.0002812 0.008281)
(0.002594 0.0002812 0.008281)
(0.002656 0.0002813 0.008281)
(0.002719 0.0002813 0.008281)
(0.002781 0.0002812 0.008281)
(0.002844 0.0002812 0.008281)
(0.002906 0.0002812 0.008281)
(0.002969 0.0002812 0.008281)
(0.003031 0.0002812 0.008281)
(0.003094 0.0002812 0.008281)
(0.003156 0.0002812 0.008281)
(0.003219 0.0002812 0.008281)
(0.003281 0.0002812 0.008281)
(0.003344 0.0002812 0.008281)
(0.003406 0.0002812 0.008281)
(0.003469 0.0002812 0.008281)
(0.003531 0.0002812 0.008281)
(0.003594 0.0002812 0.008281)
(0.003656 0.0002812 0.008281)
(0.003719 0.0002813 0.008281)
(0.003781 0.0002812 0.008281)
(0.003844 0.0002812 0.008281)
(0.003906 0.0002812 0.008281)
(0.003969 0.0002812 0.008281)
(0.002531 0.0003437 0.008281)
(0.002594 0.0003437 0.008281)
(0.002656 0.0003437 0.008281)
(0.002719 0.0003438 0.008281)
(0.002781 0.0003437 0.008281)
(0.002844 0.0003438 0.008281)
(0.002906 0.0003438 0.008281)
(0.002969 0.0003437 0.008281)
(0.003031 0.0003437 0.008281)
(0.003094 0.0003437 0.008281)
(0.003156 0.0003437 0.008281)
(0.003219 0.0003437 0.008281)
(0.003281 0.0003437 0.008281)
(0.003344 0.0003437 0.008281)
(0.003406 0.0003437 0.008281)
(0.003469 0.0003437 0.008281)
(0.003531 0.0003437 0.008281)
(0.003594 0.0003438 0.008281)
(0.003656 0.0003438 0.008281)
(0.003719 0.0003438 0.008281)
(0.003781 0.0003438 0.008281)
(0.003844 0.0003438 0.008281)
(0.003906 0.0003437 0.008281)
(0.003969 0.0003437 0.008281)
(0.002531 0.0004062 0.008281)
(0.002594 0.0004062 0.008281)
(0.002656 0.0004063 0.008281)
(0.002719 0.0004062 0.008281)
(0.002781 0.0004062 0.008281)
(0.002844 0.0004062 0.008281)
(0.002906 0.0004062 0.008281)
(0.002969 0.0004062 0.008281)
(0.003031 0.0004062 0.008281)
(0.003094 0.0004062 0.008281)
(0.003156 0.0004063 0.008281)
(0.003219 0.0004062 0.008281)
(0.003281 0.0004062 0.008281)
(0.003344 0.0004062 0.008281)
(0.003406 0.0004062 0.008281)
(0.003469 0.0004062 0.008281)
(0.003531 0.0004062 0.008281)
(0.003594 0.0004062 0.008281)
(0.003656 0.0004062 0.008281)
(0.003719 0.0004063 0.008281)
(0.003781 0.0004062 0.008281)
(0.003844 0.0004063 0.008281)
(0.003906 0.0004062 0.008281)
(0.003969 0.0004062 0.008281)
(0.002531 0.0004687 0.008281)
(0.002594 0.0004687 0.008281)
(0.002656 0.0004687 0.008281)
(0.002719 0.0004687 0.008281)
(0.002781 0.0004687 0.008281)
(0.002844 0.0004687 0.008281)
(0.002906 0.0004687 0.008281)
(0.002969 0.0004688 0.008281)
(0.003031 0.0004687 0.008281)
(0.003094 0.0004687 0.008281)
(0.003156 0.0004687 0.008281)
(0.003219 0.0004687 0.008281)
(0.003281 0.0004687 0.008281)
(0.003344 0.0004687 0.008281)
(0.003406 0.0004687 0.008281)
(0.003469 0.0004687 0.008281)
(0.003531 0.0004687 0.008281)
(0.003594 0.0004687 0.008281)
(0.003656 0.0004687 0.008281)
(0.003719 0.0004687 0.008281)
(0.003781 0.0004687 0.008281)
(0.003844 0.0004687 0.008281)
(0.003906 0.0004687 0.008281)
(0.003969 0.0004687 0.008281)
(0.002531 3.125e-05 0.008344)
(0.002594 3.125e-05 0.008344)
(0.002656 3.125e-05 0.008344)
(0.002719 3.125e-05 0.008344)
(0.002781 3.125e-05 0.008344)
(0.002844 3.125e-05 0.008344)
(0.002906 3.125e-05 0.008344)
(0.002969 3.125e-05 0.008344)
(0.003031 3.125e-05 0.008344)
(0.003094 3.125e-05 0.008344)
(0.003156 3.125e-05 0.008344)
(0.003219 3.125e-05 0.008344)
(0.003281 3.125e-05 0.008344)
(0.003344 3.125e-05 0.008344)
(0.003406 3.125e-05 0.008344)
(0.003469 3.125e-05 0.008344)
(0.003531 3.125e-05 0.008344)
(0.003594 3.125e-05 0.008344)
(0.003656 3.125e-05 0.008344)
(0.003719 3.125e-05 0.008344)
(0.003781 3.125e-05 0.008344)
(0.003844 3.125e-05 0.008344)
(0.003906 3.125e-05 0.008344)
(0.003969 3.125e-05 0.008344)
(0.002531 9.375e-05 0.008344)
(0.002594 9.375e-05 0.008344)
(0.002656 9.375e-05 0.008344)
(0.002719 9.375e-05 0.008344)
(0.002781 9.375e-05 0.008344)
(0.002844 9.375e-05 0.008344)
(0.002906 9.375e-05 0.008344)
(0.002969 9.375e-05 0.008344)
(0.003031 9.375e-05 0.008344)
(0.003094 9.375e-05 0.008344)
(0.003156 9.375e-05 0.008344)
(0.003219 9.375e-05 0.008344)
(0.003281 9.375e-05 0.008344)
(0.003344 9.375e-05 0.008344)
(0.003406 9.375e-05 0.008344)
(0.003469 9.375e-05 0.008344)
(0.003531 9.375e-05 0.008344)
(0.003594 9.375e-05 0.008344)
(0.003656 9.375e-05 0.008344)
(0.003719 9.375e-05 0.008344)
(0.003781 9.375e-05 0.008344)
(0.003844 9.375e-05 0.008344)
(0.003906 9.375e-05 0.008344)
(0.003969 9.375e-05 0.008344)
(0.002531 0.0001562 0.008344)
(0.002594 0.0001563 0.008344)
(0.002656 0.0001563 0.008344)
(0.002719 0.0001562 0.008344)
(0.002781 0.0001563 0.008344)
(0.002844 0.0001563 0.008344)
(0.002906 0.0001563 0.008344)
(0.002969 0.0001563 0.008344)
(0.003031 0.0001563 0.008344)
(0.003094 0.0001562 0.008344)
(0.003156 0.0001563 0.008344)
(0.003219 0.0001562 0.008344)
(0.003281 0.0001562 0.008344)
(0.003344 0.0001563 0.008344)
(0.003406 0.0001563 0.008344)
(0.003469 0.0001563 0.008344)
(0.003531 0.0001563 0.008344)
(0.003594 0.0001562 0.008344)
(0.003656 0.0001562 0.008344)
(0.003719 0.0001562 0.008344)
(0.003781 0.0001562 0.008344)
(0.003844 0.0001562 0.008344)
(0.003906 0.0001562 0.008344)
(0.003969 0.0001562 0.008344)
(0.002531 0.0002187 0.008344)
(0.002594 0.0002187 0.008344)
(0.002656 0.0002188 0.008344)
(0.002719 0.0002188 0.008344)
(0.002781 0.0002188 0.008344)
(0.002844 0.0002188 0.008344)
(0.002906 0.0002188 0.008344)
(0.002969 0.0002188 0.008344)
(0.003031 0.0002188 0.008344)
(0.003094 0.0002188 0.008344)
(0.003156 0.0002188 0.008344)
(0.003219 0.0002187 0.008344)
(0.003281 0.0002187 0.008344)
(0.003344 0.0002188 0.008344)
(0.003406 0.0002188 0.008344)
(0.003469 0.0002187 0.008344)
(0.003531 0.0002187 0.008344)
(0.003594 0.0002188 0.008344)
(0.003656 0.0002188 0.008344)
(0.003719 0.0002188 0.008344)
(0.003781 0.0002187 0.008344)
(0.003844 0.0002187 0.008344)
(0.003906 0.0002188 0.008344)
(0.003969 0.0002187 0.008344)
(0.002531 0.0002812 0.008344)
(0.002594 0.0002812 0.008344)
(0.002656 0.0002813 0.008344)
(0.002719 0.0002812 0.008344)
(0.002781 0.0002813 0.008344)
(0.002844 0.0002813 0.008344)
(0.002906 0.0002812 0.008344)
(0.002969 0.0002812 0.008344)
(0.003031 0.0002812 0.008344)
(0.003094 0.0002813 0.008344)
(0.003156 0.0002813 0.008344)
(0.003219 0.0002812 0.008344)
(0.003281 0.0002812 0.008344)
(0.003344 0.0002812 0.008344)
(0.003406 0.0002812 0.008344)
(0.003469 0.0002812 0.008344)
(0.003531 0.0002812 0.008344)
(0.003594 0.0002812 0.008344)
(0.003656 0.0002812 0.008344)
(0.003719 0.0002812 0.008344)
(0.003781 0.0002812 0.008344)
(0.003844 0.0002812 0.008344)
(0.003906 0.0002813 0.008344)
(0.003969 0.0002812 0.008344)
(0.002531 0.0003437 0.008344)
(0.002594 0.0003438 0.008344)
(0.002656 0.0003437 0.008344)
(0.002719 0.0003438 0.008344)
(0.002781 0.0003438 0.008344)
(0.002844 0.0003438 0.008344)
(0.002906 0.0003438 0.008344)
(0.002969 0.0003438 0.008344)
(0.003031 0.0003438 0.008344)
(0.003094 0.0003438 0.008344)
(0.003156 0.0003438 0.008344)
(0.003219 0.0003438 0.008344)
(0.003281 0.0003438 0.008344)
(0.003344 0.0003438 0.008344)
(0.003406 0.0003438 0.008344)
(0.003469 0.0003438 0.008344)
(0.003531 0.0003438 0.008344)
(0.003594 0.0003437 0.008344)
(0.003656 0.0003437 0.008344)
(0.003719 0.0003437 0.008344)
(0.003781 0.0003437 0.008344)
(0.003844 0.0003438 0.008344)
(0.003906 0.0003438 0.008344)
(0.003969 0.0003438 0.008344)
(0.002531 0.0004062 0.008344)
(0.002594 0.0004062 0.008344)
(0.002656 0.0004063 0.008344)
(0.002719 0.0004063 0.008344)
(0.002781 0.0004062 0.008344)
(0.002844 0.0004063 0.008344)
(0.002906 0.0004063 0.008344)
(0.002969 0.0004062 0.008344)
(0.003031 0.0004062 0.008344)
(0.003094 0.0004062 0.008344)
(0.003156 0.0004063 0.008344)
(0.003219 0.0004062 0.008344)
(0.003281 0.0004062 0.008344)
(0.003344 0.0004062 0.008344)
(0.003406 0.0004063 0.008344)
(0.003469 0.0004062 0.008344)
(0.003531 0.0004062 0.008344)
(0.003594 0.0004062 0.008344)
(0.003656 0.0004062 0.008344)
(0.003719 0.0004062 0.008344)
(0.003781 0.0004062 0.008344)
(0.003844 0.0004063 0.008344)
(0.003906 0.0004062 0.008344)
(0.003969 0.0004062 0.008344)
(0.002531 0.0004687 0.008344)
(0.002594 0.0004688 0.008344)
(0.002656 0.0004688 0.008344)
(0.002719 0.0004687 0.008344)
(0.002781 0.0004688 0.008344)
(0.002844 0.0004688 0.008344)
(0.002906 0.0004688 0.008344)
(0.002969 0.0004687 0.008344)
(0.003031 0.0004688 0.008344)
(0.003094 0.0004687 0.008344)
(0.003156 0.0004688 0.008344)
(0.003219 0.0004687 0.008344)
(0.003281 0.0004687 0.008344)
(0.003344 0.0004687 0.008344)
(0.003406 0.0004687 0.008344)
(0.003469 0.0004687 0.008344)
(0.003531 0.0004687 0.008344)
(0.003594 0.0004687 0.008344)
(0.003656 0.0004687 0.008344)
(0.003719 0.0004687 0.008344)
(0.003781 0.0004687 0.008344)
(0.003844 0.0004688 0.008344)
(0.003906 0.0004687 0.008344)
(0.003969 0.0004687 0.008344)
(0.002531 3.125e-05 0.008406)
(0.002594 3.125e-05 0.008406)
(0.002656 3.125e-05 0.008406)
(0.002719 3.125e-05 0.008406)
(0.002781 3.125e-05 0.008406)
(0.002844 3.125e-05 0.008406)
(0.002906 3.125e-05 0.008406)
(0.002969 3.125e-05 0.008406)
(0.003031 3.125e-05 0.008406)
(0.003094 3.125e-05 0.008406)
(0.003156 3.125e-05 0.008406)
(0.003219 3.125e-05 0.008406)
(0.003281 3.125e-05 0.008406)
(0.003344 3.125e-05 0.008406)
(0.003406 3.125e-05 0.008406)
(0.003469 3.125e-05 0.008406)
(0.003531 3.125e-05 0.008406)
(0.003594 3.125e-05 0.008406)
(0.003656 3.125e-05 0.008406)
(0.003719 3.125e-05 0.008406)
(0.003781 3.125e-05 0.008406)
(0.003844 3.125e-05 0.008406)
(0.003906 3.125e-05 0.008406)
(0.003969 3.125e-05 0.008406)
(0.002531 9.375e-05 0.008406)
(0.002594 9.375e-05 0.008406)
(0.002656 9.375e-05 0.008406)
(0.002719 9.375e-05 0.008406)
(0.002781 9.375e-05 0.008406)
(0.002844 9.375e-05 0.008406)
(0.002906 9.375e-05 0.008406)
(0.002969 9.375e-05 0.008406)
(0.003031 9.375e-05 0.008406)
(0.003094 9.375e-05 0.008406)
(0.003156 9.375e-05 0.008406)
(0.003219 9.375e-05 0.008406)
(0.003281 9.375e-05 0.008406)
(0.003344 9.375e-05 0.008406)
(0.003406 9.375e-05 0.008406)
(0.003469 9.375e-05 0.008406)
(0.003531 9.375e-05 0.008406)
(0.003594 9.375e-05 0.008406)
(0.003656 9.375e-05 0.008406)
(0.003719 9.375e-05 0.008406)
(0.003781 9.375e-05 0.008406)
(0.003844 9.375e-05 0.008406)
(0.003906 9.375e-05 0.008406)
(0.003969 9.375e-05 0.008406)
(0.002531 0.0001562 0.008406)
(0.002594 0.0001563 0.008406)
(0.002656 0.0001563 0.008406)
(0.002719 0.0001562 0.008406)
(0.002781 0.0001563 0.008406)
(0.002844 0.0001563 0.008406)
(0.002906 0.0001563 0.008406)
(0.002969 0.0001563 0.008406)
(0.003031 0.0001563 0.008406)
(0.003094 0.0001562 0.008406)
(0.003156 0.0001563 0.008406)
(0.003219 0.0001562 0.008406)
(0.003281 0.0001562 0.008406)
(0.003344 0.0001563 0.008406)
(0.003406 0.0001563 0.008406)
(0.003469 0.0001563 0.008406)
(0.003531 0.0001563 0.008406)
(0.003594 0.0001562 0.008406)
(0.003656 0.0001562 0.008406)
(0.003719 0.0001562 0.008406)
(0.003781 0.0001562 0.008406)
(0.003844 0.0001562 0.008406)
(0.003906 0.0001562 0.008406)
(0.003969 0.0001562 0.008406)
(0.002531 0.0002188 0.008406)
(0.002594 0.0002187 0.008406)
(0.002656 0.0002188 0.008406)
(0.002719 0.0002188 0.008406)
(0.002781 0.0002188 0.008406)
(0.002844 0.0002188 0.008406)
(0.002906 0.0002188 0.008406)
(0.002969 0.0002188 0.008406)
(0.003031 0.0002188 0.008406)
(0.003094 0.0002188 0.008406)
(0.003156 0.0002188 0.008406)
(0.003219 0.0002188 0.008406)
(0.003281 0.0002188 0.008406)
(0.003344 0.0002188 0.008406)
(0.003406 0.0002188 0.008406)
(0.003469 0.0002188 0.008406)
(0.003531 0.0002188 0.008406)
(0.003594 0.0002188 0.008406)
(0.003656 0.0002188 0.008406)
(0.003719 0.0002188 0.008406)
(0.003781 0.0002188 0.008406)
(0.003844 0.0002188 0.008406)
(0.003906 0.0002188 0.008406)
(0.003969 0.0002188 0.008406)
(0.002531 0.0002813 0.008406)
(0.002594 0.0002813 0.008406)
(0.002656 0.0002813 0.008406)
(0.002719 0.0002813 0.008406)
(0.002781 0.0002813 0.008406)
(0.002844 0.0002813 0.008406)
(0.002906 0.0002812 0.008406)
(0.002969 0.0002813 0.008406)
(0.003031 0.0002812 0.008406)
(0.003094 0.0002813 0.008406)
(0.003156 0.0002813 0.008406)
(0.003219 0.0002812 0.008406)
(0.003281 0.0002812 0.008406)
(0.003344 0.0002812 0.008406)
(0.003406 0.0002812 0.008406)
(0.003469 0.0002812 0.008406)
(0.003531 0.0002812 0.008406)
(0.003594 0.0002813 0.008406)
(0.003656 0.0002812 0.008406)
(0.003719 0.0002813 0.008406)
(0.003781 0.0002813 0.008406)
(0.003844 0.0002813 0.008406)
(0.003906 0.0002813 0.008406)
(0.003969 0.0002812 0.008406)
(0.002531 0.0003438 0.008406)
(0.002594 0.0003438 0.008406)
(0.002656 0.0003437 0.008406)
(0.002719 0.0003438 0.008406)
(0.002781 0.0003438 0.008406)
(0.002844 0.0003438 0.008406)
(0.002906 0.0003438 0.008406)
(0.002969 0.0003438 0.008406)
(0.003031 0.0003438 0.008406)
(0.003094 0.0003438 0.008406)
(0.003156 0.0003438 0.008406)
(0.003219 0.0003438 0.008406)
(0.003281 0.0003438 0.008406)
(0.003344 0.0003438 0.008406)
(0.003406 0.0003438 0.008406)
(0.003469 0.0003438 0.008406)
(0.003531 0.0003438 0.008406)
(0.003594 0.0003438 0.008406)
(0.003656 0.0003438 0.008406)
(0.003719 0.0003438 0.008406)
(0.003781 0.0003438 0.008406)
(0.003844 0.0003438 0.008406)
(0.003906 0.0003438 0.008406)
(0.003969 0.0003438 0.008406)
(0.002531 0.0004063 0.008406)
(0.002594 0.0004062 0.008406)
(0.002656 0.0004063 0.008406)
(0.002719 0.0004063 0.008406)
(0.002781 0.0004062 0.008406)
(0.002844 0.0004063 0.008406)
(0.002906 0.0004063 0.008406)
(0.002969 0.0004062 0.008406)
(0.003031 0.0004062 0.008406)
(0.003094 0.0004062 0.008406)
(0.003156 0.0004063 0.008406)
(0.003219 0.0004062 0.008406)
(0.003281 0.0004062 0.008406)
(0.003344 0.0004062 0.008406)
(0.003406 0.0004063 0.008406)
(0.003469 0.0004062 0.008406)
(0.003531 0.0004062 0.008406)
(0.003594 0.0004063 0.008406)
(0.003656 0.0004062 0.008406)
(0.003719 0.0004063 0.008406)
(0.003781 0.0004063 0.008406)
(0.003844 0.0004063 0.008406)
(0.003906 0.0004062 0.008406)
(0.003969 0.0004062 0.008406)
(0.002531 0.0004687 0.008406)
(0.002594 0.0004688 0.008406)
(0.002656 0.0004688 0.008406)
(0.002719 0.0004687 0.008406)
(0.002781 0.0004688 0.008406)
(0.002844 0.0004688 0.008406)
(0.002906 0.0004688 0.008406)
(0.002969 0.0004687 0.008406)
(0.003031 0.0004688 0.008406)
(0.003094 0.0004687 0.008406)
(0.003156 0.0004688 0.008406)
(0.003219 0.0004687 0.008406)
(0.003281 0.0004687 0.008406)
(0.003344 0.0004687 0.008406)
(0.003406 0.0004687 0.008406)
(0.003469 0.0004687 0.008406)
(0.003531 0.0004687 0.008406)
(0.003594 0.0004687 0.008406)
(0.003656 0.0004688 0.008406)
(0.003719 0.0004687 0.008406)
(0.003781 0.0004687 0.008406)
(0.003844 0.0004688 0.008406)
(0.003906 0.0004687 0.008406)
(0.003969 0.0004687 0.008406)
(0.002531 3.125e-05 0.008469)
(0.002594 3.125e-05 0.008469)
(0.002656 3.125e-05 0.008469)
(0.002719 3.125e-05 0.008469)
(0.002781 3.125e-05 0.008469)
(0.002844 3.125e-05 0.008469)
(0.002906 3.125e-05 0.008469)
(0.002969 3.125e-05 0.008469)
(0.003031 3.125e-05 0.008469)
(0.003094 3.125e-05 0.008469)
(0.003156 3.125e-05 0.008469)
(0.003219 3.125e-05 0.008469)
(0.003281 3.125e-05 0.008469)
(0.003344 3.125e-05 0.008469)
(0.003406 3.125e-05 0.008469)
(0.003469 3.125e-05 0.008469)
(0.003531 3.125e-05 0.008469)
(0.003594 3.125e-05 0.008469)
(0.003656 3.125e-05 0.008469)
(0.003719 3.125e-05 0.008469)
(0.003781 3.125e-05 0.008469)
(0.003844 3.125e-05 0.008469)
(0.003906 3.125e-05 0.008469)
(0.003969 3.125e-05 0.008469)
(0.002531 9.375e-05 0.008469)
(0.002594 9.375e-05 0.008469)
(0.002656 9.375e-05 0.008469)
(0.002719 9.375e-05 0.008469)
(0.002781 9.375e-05 0.008469)
(0.002844 9.375e-05 0.008469)
(0.002906 9.375e-05 0.008469)
(0.002969 9.375e-05 0.008469)
(0.003031 9.375e-05 0.008469)
(0.003094 9.375e-05 0.008469)
(0.003156 9.375e-05 0.008469)
(0.003219 9.375e-05 0.008469)
(0.003281 9.375e-05 0.008469)
(0.003344 9.375e-05 0.008469)
(0.003406 9.375e-05 0.008469)
(0.003469 9.375e-05 0.008469)
(0.003531 9.375e-05 0.008469)
(0.003594 9.375e-05 0.008469)
(0.003656 9.375e-05 0.008469)
(0.003719 9.375e-05 0.008469)
(0.003781 9.375e-05 0.008469)
(0.003844 9.375e-05 0.008469)
(0.003906 9.375e-05 0.008469)
(0.003969 9.375e-05 0.008469)
(0.002531 0.0001563 0.008469)
(0.002594 0.0001562 0.008469)
(0.002656 0.0001563 0.008469)
(0.002719 0.0001562 0.008469)
(0.002781 0.0001562 0.008469)
(0.002844 0.0001563 0.008469)
(0.002906 0.0001563 0.008469)
(0.002969 0.0001562 0.008469)
(0.003031 0.0001563 0.008469)
(0.003094 0.0001562 0.008469)
(0.003156 0.0001563 0.008469)
(0.003219 0.0001563 0.008469)
(0.003281 0.0001563 0.008469)
(0.003344 0.0001562 0.008469)
(0.003406 0.0001562 0.008469)
(0.003469 0.0001562 0.008469)
(0.003531 0.0001562 0.008469)
(0.003594 0.0001563 0.008469)
(0.003656 0.0001562 0.008469)
(0.003719 0.0001562 0.008469)
(0.003781 0.0001563 0.008469)
(0.003844 0.0001563 0.008469)
(0.003906 0.0001562 0.008469)
(0.003969 0.0001563 0.008469)
(0.002531 0.0002188 0.008469)
(0.002594 0.0002188 0.008469)
(0.002656 0.0002188 0.008469)
(0.002719 0.0002188 0.008469)
(0.002781 0.0002188 0.008469)
(0.002844 0.0002188 0.008469)
(0.002906 0.0002188 0.008469)
(0.002969 0.0002188 0.008469)
(0.003031 0.0002188 0.008469)
(0.003094 0.0002188 0.008469)
(0.003156 0.0002188 0.008469)
(0.003219 0.0002188 0.008469)
(0.003281 0.0002188 0.008469)
(0.003344 0.0002188 0.008469)
(0.003406 0.0002188 0.008469)
(0.003469 0.0002188 0.008469)
(0.003531 0.0002188 0.008469)
(0.003594 0.0002188 0.008469)
(0.003656 0.0002188 0.008469)
(0.003719 0.0002188 0.008469)
(0.003781 0.0002188 0.008469)
(0.003844 0.0002188 0.008469)
(0.003906 0.0002188 0.008469)
(0.003969 0.0002188 0.008469)
(0.002531 0.0002813 0.008469)
(0.002594 0.0002812 0.008469)
(0.002656 0.0002813 0.008469)
(0.002719 0.0002813 0.008469)
(0.002781 0.0002813 0.008469)
(0.002844 0.0002813 0.008469)
(0.002906 0.0002813 0.008469)
(0.002969 0.0002812 0.008469)
(0.003031 0.0002813 0.008469)
(0.003094 0.0002813 0.008469)
(0.003156 0.0002812 0.008469)
(0.003219 0.0002813 0.008469)
(0.003281 0.0002813 0.008469)
(0.003344 0.0002813 0.008469)
(0.003406 0.0002813 0.008469)
(0.003469 0.0002813 0.008469)
(0.003531 0.0002813 0.008469)
(0.003594 0.0002812 0.008469)
(0.003656 0.0002812 0.008469)
(0.003719 0.0002813 0.008469)
(0.003781 0.0002812 0.008469)
(0.003844 0.0002813 0.008469)
(0.003906 0.0002813 0.008469)
(0.003969 0.0002813 0.008469)
(0.002531 0.0003437 0.008469)
(0.002594 0.0003438 0.008469)
(0.002656 0.0003437 0.008469)
(0.002719 0.0003437 0.008469)
(0.002781 0.0003438 0.008469)
(0.002844 0.0003438 0.008469)
(0.002906 0.0003438 0.008469)
(0.002969 0.0003438 0.008469)
(0.003031 0.0003438 0.008469)
(0.003094 0.0003438 0.008469)
(0.003156 0.0003438 0.008469)
(0.003219 0.0003438 0.008469)
(0.003281 0.0003438 0.008469)
(0.003344 0.0003438 0.008469)
(0.003406 0.0003438 0.008469)
(0.003469 0.0003438 0.008469)
(0.003531 0.0003438 0.008469)
(0.003594 0.0003437 0.008469)
(0.003656 0.0003438 0.008469)
(0.003719 0.0003438 0.008469)
(0.003781 0.0003437 0.008469)
(0.003844 0.0003437 0.008469)
(0.003906 0.0003438 0.008469)
(0.003969 0.0003438 0.008469)
(0.002531 0.0004062 0.008469)
(0.002594 0.0004063 0.008469)
(0.002656 0.0004063 0.008469)
(0.002719 0.0004062 0.008469)
(0.002781 0.0004063 0.008469)
(0.002844 0.0004063 0.008469)
(0.002906 0.0004063 0.008469)
(0.002969 0.0004063 0.008469)
(0.003031 0.0004063 0.008469)
(0.003094 0.0004062 0.008469)
(0.003156 0.0004063 0.008469)
(0.003219 0.0004063 0.008469)
(0.003281 0.0004063 0.008469)
(0.003344 0.0004062 0.008469)
(0.003406 0.0004063 0.008469)
(0.003469 0.0004063 0.008469)
(0.003531 0.0004063 0.008469)
(0.003594 0.0004062 0.008469)
(0.003656 0.0004062 0.008469)
(0.003719 0.0004062 0.008469)
(0.003781 0.0004062 0.008469)
(0.003844 0.0004063 0.008469)
(0.003906 0.0004063 0.008469)
(0.003969 0.0004063 0.008469)
(0.002531 0.0004687 0.008469)
(0.002594 0.0004687 0.008469)
(0.002656 0.0004688 0.008469)
(0.002719 0.0004687 0.008469)
(0.002781 0.0004687 0.008469)
(0.002844 0.0004687 0.008469)
(0.002906 0.0004687 0.008469)
(0.002969 0.0004688 0.008469)
(0.003031 0.0004687 0.008469)
(0.003094 0.0004688 0.008469)
(0.003156 0.0004688 0.008469)
(0.003219 0.0004688 0.008469)
(0.003281 0.0004688 0.008469)
(0.003344 0.0004688 0.008469)
(0.003406 0.0004688 0.008469)
(0.003469 0.0004688 0.008469)
(0.003531 0.0004687 0.008469)
(0.003594 0.0004687 0.008469)
(0.003656 0.0004687 0.008469)
(0.003719 0.0004688 0.008469)
(0.003781 0.0004688 0.008469)
(0.003844 0.0004687 0.008469)
(0.003906 0.0004688 0.008469)
(0.003969 0.0004687 0.008469)
(0.002531 3.125e-05 0.008531)
(0.002594 3.125e-05 0.008531)
(0.002656 3.125e-05 0.008531)
(0.002719 3.125e-05 0.008531)
(0.002781 3.125e-05 0.008531)
(0.002844 3.125e-05 0.008531)
(0.002906 3.125e-05 0.008531)
(0.002969 3.125e-05 0.008531)
(0.003031 3.125e-05 0.008531)
(0.003094 3.125e-05 0.008531)
(0.003156 3.125e-05 0.008531)
(0.003219 3.125e-05 0.008531)
(0.003281 3.125e-05 0.008531)
(0.003344 3.125e-05 0.008531)
(0.003406 3.125e-05 0.008531)
(0.003469 3.125e-05 0.008531)
(0.003531 3.125e-05 0.008531)
(0.003594 3.125e-05 0.008531)
(0.003656 3.125e-05 0.008531)
(0.003719 3.125e-05 0.008531)
(0.003781 3.125e-05 0.008531)
(0.003844 3.125e-05 0.008531)
(0.003906 3.125e-05 0.008531)
(0.003969 3.125e-05 0.008531)
(0.002531 9.375e-05 0.008531)
(0.002594 9.375e-05 0.008531)
(0.002656 9.375e-05 0.008531)
(0.002719 9.375e-05 0.008531)
(0.002781 9.375e-05 0.008531)
(0.002844 9.375e-05 0.008531)
(0.002906 9.375e-05 0.008531)
(0.002969 9.375e-05 0.008531)
(0.003031 9.375e-05 0.008531)
(0.003094 9.375e-05 0.008531)
(0.003156 9.375e-05 0.008531)
(0.003219 9.375e-05 0.008531)
(0.003281 9.375e-05 0.008531)
(0.003344 9.375e-05 0.008531)
(0.003406 9.375e-05 0.008531)
(0.003469 9.375e-05 0.008531)
(0.003531 9.375e-05 0.008531)
(0.003594 9.375e-05 0.008531)
(0.003656 9.375e-05 0.008531)
(0.003719 9.375e-05 0.008531)
(0.003781 9.375e-05 0.008531)
(0.003844 9.375e-05 0.008531)
(0.003906 9.375e-05 0.008531)
(0.003969 9.375e-05 0.008531)
(0.002531 0.0001562 0.008531)
(0.002594 0.0001563 0.008531)
(0.002656 0.0001563 0.008531)
(0.002719 0.0001562 0.008531)
(0.002781 0.0001563 0.008531)
(0.002844 0.0001563 0.008531)
(0.002906 0.0001563 0.008531)
(0.002969 0.0001563 0.008531)
(0.003031 0.0001563 0.008531)
(0.003094 0.0001562 0.008531)
(0.003156 0.0001563 0.008531)
(0.003219 0.0001562 0.008531)
(0.003281 0.0001562 0.008531)
(0.003344 0.0001563 0.008531)
(0.003406 0.0001563 0.008531)
(0.003469 0.0001563 0.008531)
(0.003531 0.0001563 0.008531)
(0.003594 0.0001562 0.008531)
(0.003656 0.0001562 0.008531)
(0.003719 0.0001562 0.008531)
(0.003781 0.0001562 0.008531)
(0.003844 0.0001562 0.008531)
(0.003906 0.0001562 0.008531)
(0.003969 0.0001562 0.008531)
(0.002531 0.0002188 0.008531)
(0.002594 0.0002188 0.008531)
(0.002656 0.0002188 0.008531)
(0.002719 0.0002188 0.008531)
(0.002781 0.0002188 0.008531)
(0.002844 0.0002188 0.008531)
(0.002906 0.0002188 0.008531)
(0.002969 0.0002188 0.008531)
(0.003031 0.0002188 0.008531)
(0.003094 0.0002188 0.008531)
(0.003156 0.0002188 0.008531)
(0.003219 0.0002188 0.008531)
(0.003281 0.0002188 0.008531)
(0.003344 0.0002188 0.008531)
(0.003406 0.0002188 0.008531)
(0.003469 0.0002188 0.008531)
(0.003531 0.0002188 0.008531)
(0.003594 0.0002188 0.008531)
(0.003656 0.0002188 0.008531)
(0.003719 0.0002188 0.008531)
(0.003781 0.0002188 0.008531)
(0.003844 0.0002188 0.008531)
(0.003906 0.0002188 0.008531)
(0.003969 0.0002188 0.008531)
(0.002531 0.0002812 0.008531)
(0.002594 0.0002812 0.008531)
(0.002656 0.0002813 0.008531)
(0.002719 0.0002813 0.008531)
(0.002781 0.0002813 0.008531)
(0.002844 0.0002813 0.008531)
(0.002906 0.0002812 0.008531)
(0.002969 0.0002812 0.008531)
(0.003031 0.0002812 0.008531)
(0.003094 0.0002813 0.008531)
(0.003156 0.0002812 0.008531)
(0.003219 0.0002812 0.008531)
(0.003281 0.0002812 0.008531)
(0.003344 0.0002813 0.008531)
(0.003406 0.0002813 0.008531)
(0.003469 0.0002812 0.008531)
(0.003531 0.0002812 0.008531)
(0.003594 0.0002812 0.008531)
(0.003656 0.0002812 0.008531)
(0.003719 0.0002813 0.008531)
(0.003781 0.0002812 0.008531)
(0.003844 0.0002812 0.008531)
(0.003906 0.0002813 0.008531)
(0.003969 0.0002813 0.008531)
(0.002531 0.0003437 0.008531)
(0.002594 0.0003438 0.008531)
(0.002656 0.0003437 0.008531)
(0.002719 0.0003438 0.008531)
(0.002781 0.0003438 0.008531)
(0.002844 0.0003438 0.008531)
(0.002906 0.0003438 0.008531)
(0.002969 0.0003438 0.008531)
(0.003031 0.0003438 0.008531)
(0.003094 0.0003437 0.008531)
(0.003156 0.0003438 0.008531)
(0.003219 0.0003437 0.008531)
(0.003281 0.0003437 0.008531)
(0.003344 0.0003437 0.008531)
(0.003406 0.0003438 0.008531)
(0.003469 0.0003437 0.008531)
(0.003531 0.0003437 0.008531)
(0.003594 0.0003437 0.008531)
(0.003656 0.0003437 0.008531)
(0.003719 0.0003437 0.008531)
(0.003781 0.0003437 0.008531)
(0.003844 0.0003438 0.008531)
(0.003906 0.0003438 0.008531)
(0.003969 0.0003438 0.008531)
(0.002531 0.0004062 0.008531)
(0.002594 0.0004062 0.008531)
(0.002656 0.0004063 0.008531)
(0.002719 0.0004063 0.008531)
(0.002781 0.0004062 0.008531)
(0.002844 0.0004063 0.008531)
(0.002906 0.0004063 0.008531)
(0.002969 0.0004062 0.008531)
(0.003031 0.0004062 0.008531)
(0.003094 0.0004062 0.008531)
(0.003156 0.0004063 0.008531)
(0.003219 0.0004062 0.008531)
(0.003281 0.0004062 0.008531)
(0.003344 0.0004062 0.008531)
(0.003406 0.0004063 0.008531)
(0.003469 0.0004062 0.008531)
(0.003531 0.0004062 0.008531)
(0.003594 0.0004062 0.008531)
(0.003656 0.0004062 0.008531)
(0.003719 0.0004062 0.008531)
(0.003781 0.0004062 0.008531)
(0.003844 0.0004063 0.008531)
(0.003906 0.0004062 0.008531)
(0.003969 0.0004062 0.008531)
(0.002531 0.0004687 0.008531)
(0.002594 0.0004688 0.008531)
(0.002656 0.0004688 0.008531)
(0.002719 0.0004687 0.008531)
(0.002781 0.0004688 0.008531)
(0.002844 0.0004688 0.008531)
(0.002906 0.0004688 0.008531)
(0.002969 0.0004687 0.008531)
(0.003031 0.0004688 0.008531)
(0.003094 0.0004687 0.008531)
(0.003156 0.0004688 0.008531)
(0.003219 0.0004687 0.008531)
(0.003281 0.0004687 0.008531)
(0.003344 0.0004687 0.008531)
(0.003406 0.0004687 0.008531)
(0.003469 0.0004687 0.008531)
(0.003531 0.0004687 0.008531)
(0.003594 0.0004687 0.008531)
(0.003656 0.0004687 0.008531)
(0.003719 0.0004687 0.008531)
(0.003781 0.0004687 0.008531)
(0.003844 0.0004688 0.008531)
(0.003906 0.0004687 0.008531)
(0.003969 0.0004687 0.008531)
(0.002531 3.125e-05 0.008594)
(0.002594 3.125e-05 0.008594)
(0.002656 3.125e-05 0.008594)
(0.002719 3.125e-05 0.008594)
(0.002781 3.125e-05 0.008594)
(0.002844 3.125e-05 0.008594)
(0.002906 3.125e-05 0.008594)
(0.002969 3.125e-05 0.008594)
(0.003031 3.125e-05 0.008594)
(0.003094 3.125e-05 0.008594)
(0.003156 3.125e-05 0.008594)
(0.003219 3.125e-05 0.008594)
(0.003281 3.125e-05 0.008594)
(0.003344 3.125e-05 0.008594)
(0.003406 3.125e-05 0.008594)
(0.003469 3.125e-05 0.008594)
(0.003531 3.125e-05 0.008594)
(0.003594 3.125e-05 0.008594)
(0.003656 3.125e-05 0.008594)
(0.003719 3.125e-05 0.008594)
(0.003781 3.125e-05 0.008594)
(0.003844 3.125e-05 0.008594)
(0.003906 3.125e-05 0.008594)
(0.003969 3.125e-05 0.008594)
(0.002531 9.375e-05 0.008594)
(0.002594 9.375e-05 0.008594)
(0.002656 9.375e-05 0.008594)
(0.002719 9.375e-05 0.008594)
(0.002781 9.375e-05 0.008594)
(0.002844 9.375e-05 0.008594)
(0.002906 9.375e-05 0.008594)
(0.002969 9.375e-05 0.008594)
(0.003031 9.375e-05 0.008594)
(0.003094 9.375e-05 0.008594)
(0.003156 9.375e-05 0.008594)
(0.003219 9.375e-05 0.008594)
(0.003281 9.375e-05 0.008594)
(0.003344 9.375e-05 0.008594)
(0.003406 9.375e-05 0.008594)
(0.003469 9.375e-05 0.008594)
(0.003531 9.375e-05 0.008594)
(0.003594 9.375e-05 0.008594)
(0.003656 9.375e-05 0.008594)
(0.003719 9.375e-05 0.008594)
(0.003781 9.375e-05 0.008594)
(0.003844 9.375e-05 0.008594)
(0.003906 9.375e-05 0.008594)
(0.003969 9.375e-05 0.008594)
(0.002531 0.0001563 0.008594)
(0.002594 0.0001562 0.008594)
(0.002656 0.0001563 0.008594)
(0.002719 0.0001563 0.008594)
(0.002781 0.0001562 0.008594)
(0.002844 0.0001563 0.008594)
(0.002906 0.0001563 0.008594)
(0.002969 0.0001562 0.008594)
(0.003031 0.0001563 0.008594)
(0.003094 0.0001563 0.008594)
(0.003156 0.0001563 0.008594)
(0.003219 0.0001563 0.008594)
(0.003281 0.0001563 0.008594)
(0.003344 0.0001562 0.008594)
(0.003406 0.0001562 0.008594)
(0.003469 0.0001562 0.008594)
(0.003531 0.0001562 0.008594)
(0.003594 0.0001563 0.008594)
(0.003656 0.0001562 0.008594)
(0.003719 0.0001563 0.008594)
(0.003781 0.0001563 0.008594)
(0.003844 0.0001563 0.008594)
(0.003906 0.0001563 0.008594)
(0.003969 0.0001563 0.008594)
(0.002531 0.0002188 0.008594)
(0.002594 0.0002188 0.008594)
(0.002656 0.0002188 0.008594)
(0.002719 0.0002188 0.008594)
(0.002781 0.0002188 0.008594)
(0.002844 0.0002188 0.008594)
(0.002906 0.0002188 0.008594)
(0.002969 0.0002188 0.008594)
(0.003031 0.0002188 0.008594)
(0.003094 0.0002188 0.008594)
(0.003156 0.0002188 0.008594)
(0.003219 0.0002188 0.008594)
(0.003281 0.0002188 0.008594)
(0.003344 0.0002187 0.008594)
(0.003406 0.0002187 0.008594)
(0.003469 0.0002188 0.008594)
(0.003531 0.0002188 0.008594)
(0.003594 0.0002187 0.008594)
(0.003656 0.0002188 0.008594)
(0.003719 0.0002188 0.008594)
(0.003781 0.0002188 0.008594)
(0.003844 0.0002188 0.008594)
(0.003906 0.0002188 0.008594)
(0.003969 0.0002188 0.008594)
(0.002531 0.0002812 0.008594)
(0.002594 0.0002812 0.008594)
(0.002656 0.0002813 0.008594)
(0.002719 0.0002813 0.008594)
(0.002781 0.0002813 0.008594)
(0.002844 0.0002813 0.008594)
(0.002906 0.0002812 0.008594)
(0.002969 0.0002812 0.008594)
(0.003031 0.0002812 0.008594)
(0.003094 0.0002813 0.008594)
(0.003156 0.0002812 0.008594)
(0.003219 0.0002812 0.008594)
(0.003281 0.0002812 0.008594)
(0.003344 0.0002813 0.008594)
(0.003406 0.0002813 0.008594)
(0.003469 0.0002812 0.008594)
(0.003531 0.0002812 0.008594)
(0.003594 0.0002812 0.008594)
(0.003656 0.0002812 0.008594)
(0.003719 0.0002813 0.008594)
(0.003781 0.0002812 0.008594)
(0.003844 0.0002812 0.008594)
(0.003906 0.0002813 0.008594)
(0.003969 0.0002813 0.008594)
(0.002531 0.0003437 0.008594)
(0.002594 0.0003437 0.008594)
(0.002656 0.0003437 0.008594)
(0.002719 0.0003438 0.008594)
(0.002781 0.0003437 0.008594)
(0.002844 0.0003438 0.008594)
(0.002906 0.0003438 0.008594)
(0.002969 0.0003438 0.008594)
(0.003031 0.0003438 0.008594)
(0.003094 0.0003437 0.008594)
(0.003156 0.0003438 0.008594)
(0.003219 0.0003437 0.008594)
(0.003281 0.0003437 0.008594)
(0.003344 0.0003437 0.008594)
(0.003406 0.0003437 0.008594)
(0.003469 0.0003437 0.008594)
(0.003531 0.0003437 0.008594)
(0.003594 0.0003438 0.008594)
(0.003656 0.0003437 0.008594)
(0.003719 0.0003438 0.008594)
(0.003781 0.0003438 0.008594)
(0.003844 0.0003438 0.008594)
(0.003906 0.0003437 0.008594)
(0.003969 0.0003438 0.008594)
(0.002531 0.0004062 0.008594)
(0.002594 0.0004062 0.008594)
(0.002656 0.0004063 0.008594)
(0.002719 0.0004062 0.008594)
(0.002781 0.0004062 0.008594)
(0.002844 0.0004062 0.008594)
(0.002906 0.0004062 0.008594)
(0.002969 0.0004063 0.008594)
(0.003031 0.0004063 0.008594)
(0.003094 0.0004062 0.008594)
(0.003156 0.0004063 0.008594)
(0.003219 0.0004062 0.008594)
(0.003281 0.0004062 0.008594)
(0.003344 0.0004062 0.008594)
(0.003406 0.0004062 0.008594)
(0.003469 0.0004062 0.008594)
(0.003531 0.0004062 0.008594)
(0.003594 0.0004062 0.008594)
(0.003656 0.0004062 0.008594)
(0.003719 0.0004063 0.008594)
(0.003781 0.0004062 0.008594)
(0.003844 0.0004063 0.008594)
(0.003906 0.0004062 0.008594)
(0.003969 0.0004063 0.008594)
(0.002531 0.0004688 0.008594)
(0.002594 0.0004687 0.008594)
(0.002656 0.0004688 0.008594)
(0.002719 0.0004688 0.008594)
(0.002781 0.0004687 0.008594)
(0.002844 0.0004687 0.008594)
(0.002906 0.0004687 0.008594)
(0.002969 0.0004688 0.008594)
(0.003031 0.0004687 0.008594)
(0.003094 0.0004688 0.008594)
(0.003156 0.0004688 0.008594)
(0.003219 0.0004687 0.008594)
(0.003281 0.0004687 0.008594)
(0.003344 0.0004687 0.008594)
(0.003406 0.0004687 0.008594)
(0.003469 0.0004688 0.008594)
(0.003531 0.0004688 0.008594)
(0.003594 0.0004687 0.008594)
(0.003656 0.0004687 0.008594)
(0.003719 0.0004688 0.008594)
(0.003781 0.0004688 0.008594)
(0.003844 0.0004688 0.008594)
(0.003906 0.0004688 0.008594)
(0.003969 0.0004687 0.008594)
(0.002531 3.125e-05 0.008656)
(0.002594 3.125e-05 0.008656)
(0.002656 3.125e-05 0.008656)
(0.002719 3.125e-05 0.008656)
(0.002781 3.125e-05 0.008656)
(0.002844 3.125e-05 0.008656)
(0.002906 3.125e-05 0.008656)
(0.002969 3.125e-05 0.008656)
(0.003031 3.125e-05 0.008656)
(0.003094 3.125e-05 0.008656)
(0.003156 3.125e-05 0.008656)
(0.003219 3.125e-05 0.008656)
(0.003281 3.125e-05 0.008656)
(0.003344 3.125e-05 0.008656)
(0.003406 3.125e-05 0.008656)
(0.003469 3.125e-05 0.008656)
(0.003531 3.125e-05 0.008656)
(0.003594 3.125e-05 0.008656)
(0.003656 3.125e-05 0.008656)
(0.003719 3.125e-05 0.008656)
(0.003781 3.125e-05 0.008656)
(0.003844 3.125e-05 0.008656)
(0.003906 3.125e-05 0.008656)
(0.003969 3.125e-05 0.008656)
(0.002531 9.375e-05 0.008656)
(0.002594 9.375e-05 0.008656)
(0.002656 9.375e-05 0.008656)
(0.002719 9.375e-05 0.008656)
(0.002781 9.375e-05 0.008656)
(0.002844 9.375e-05 0.008656)
(0.002906 9.375e-05 0.008656)
(0.002969 9.375e-05 0.008656)
(0.003031 9.375e-05 0.008656)
(0.003094 9.375e-05 0.008656)
(0.003156 9.375e-05 0.008656)
(0.003219 9.375e-05 0.008656)
(0.003281 9.375e-05 0.008656)
(0.003344 9.375e-05 0.008656)
(0.003406 9.375e-05 0.008656)
(0.003469 9.375e-05 0.008656)
(0.003531 9.375e-05 0.008656)
(0.003594 9.375e-05 0.008656)
(0.003656 9.375e-05 0.008656)
(0.003719 9.375e-05 0.008656)
(0.003781 9.375e-05 0.008656)
(0.003844 9.375e-05 0.008656)
(0.003906 9.375e-05 0.008656)
(0.003969 9.375e-05 0.008656)
(0.002531 0.0001562 0.008656)
(0.002594 0.0001563 0.008656)
(0.002656 0.0001563 0.008656)
(0.002719 0.0001562 0.008656)
(0.002781 0.0001563 0.008656)
(0.002844 0.0001563 0.008656)
(0.002906 0.0001563 0.008656)
(0.002969 0.0001563 0.008656)
(0.003031 0.0001563 0.008656)
(0.003094 0.0001562 0.008656)
(0.003156 0.0001563 0.008656)
(0.003219 0.0001562 0.008656)
(0.003281 0.0001562 0.008656)
(0.003344 0.0001563 0.008656)
(0.003406 0.0001563 0.008656)
(0.003469 0.0001563 0.008656)
(0.003531 0.0001563 0.008656)
(0.003594 0.0001562 0.008656)
(0.003656 0.0001563 0.008656)
(0.003719 0.0001562 0.008656)
(0.003781 0.0001562 0.008656)
(0.003844 0.0001562 0.008656)
(0.003906 0.0001562 0.008656)
(0.003969 0.0001562 0.008656)
(0.002531 0.0002188 0.008656)
(0.002594 0.0002188 0.008656)
(0.002656 0.0002188 0.008656)
(0.002719 0.0002188 0.008656)
(0.002781 0.0002188 0.008656)
(0.002844 0.0002188 0.008656)
(0.002906 0.0002188 0.008656)
(0.002969 0.0002188 0.008656)
(0.003031 0.0002188 0.008656)
(0.003094 0.0002188 0.008656)
(0.003156 0.0002188 0.008656)
(0.003219 0.0002188 0.008656)
(0.003281 0.0002188 0.008656)
(0.003344 0.0002188 0.008656)
(0.003406 0.0002188 0.008656)
(0.003469 0.0002188 0.008656)
(0.003531 0.0002188 0.008656)
(0.003594 0.0002188 0.008656)
(0.003656 0.0002188 0.008656)
(0.003719 0.0002188 0.008656)
(0.003781 0.0002188 0.008656)
(0.003844 0.0002188 0.008656)
(0.003906 0.0002188 0.008656)
(0.003969 0.0002188 0.008656)
(0.002531 0.0002812 0.008656)
(0.002594 0.0002812 0.008656)
(0.002656 0.0002813 0.008656)
(0.002719 0.0002812 0.008656)
(0.002781 0.0002813 0.008656)
(0.002844 0.0002813 0.008656)
(0.002906 0.0002812 0.008656)
(0.002969 0.0002812 0.008656)
(0.003031 0.0002812 0.008656)
(0.003094 0.0002813 0.008656)
(0.003156 0.0002812 0.008656)
(0.003219 0.0002812 0.008656)
(0.003281 0.0002812 0.008656)
(0.003344 0.0002813 0.008656)
(0.003406 0.0002813 0.008656)
(0.003469 0.0002812 0.008656)
(0.003531 0.0002812 0.008656)
(0.003594 0.0002812 0.008656)
(0.003656 0.0002812 0.008656)
(0.003719 0.0002812 0.008656)
(0.003781 0.0002812 0.008656)
(0.003844 0.0002812 0.008656)
(0.003906 0.0002813 0.008656)
(0.003969 0.0002813 0.008656)
(0.002531 0.0003437 0.008656)
(0.002594 0.0003438 0.008656)
(0.002656 0.0003437 0.008656)
(0.002719 0.0003437 0.008656)
(0.002781 0.0003438 0.008656)
(0.002844 0.0003438 0.008656)
(0.002906 0.0003438 0.008656)
(0.002969 0.0003438 0.008656)
(0.003031 0.0003438 0.008656)
(0.003094 0.0003438 0.008656)
(0.003156 0.0003438 0.008656)
(0.003219 0.0003438 0.008656)
(0.003281 0.0003438 0.008656)
(0.003344 0.0003438 0.008656)
(0.003406 0.0003438 0.008656)
(0.003469 0.0003438 0.008656)
(0.003531 0.0003438 0.008656)
(0.003594 0.0003438 0.008656)
(0.003656 0.0003438 0.008656)
(0.003719 0.0003438 0.008656)
(0.003781 0.0003438 0.008656)
(0.003844 0.0003437 0.008656)
(0.003906 0.0003438 0.008656)
(0.003969 0.0003438 0.008656)
(0.002531 0.0004062 0.008656)
(0.002594 0.0004063 0.008656)
(0.002656 0.0004063 0.008656)
(0.002719 0.0004062 0.008656)
(0.002781 0.0004063 0.008656)
(0.002844 0.0004063 0.008656)
(0.002906 0.0004063 0.008656)
(0.002969 0.0004063 0.008656)
(0.003031 0.0004063 0.008656)
(0.003094 0.0004062 0.008656)
(0.003156 0.0004063 0.008656)
(0.003219 0.0004063 0.008656)
(0.003281 0.0004063 0.008656)
(0.003344 0.0004062 0.008656)
(0.003406 0.0004063 0.008656)
(0.003469 0.0004063 0.008656)
(0.003531 0.0004063 0.008656)
(0.003594 0.0004062 0.008656)
(0.003656 0.0004062 0.008656)
(0.003719 0.0004062 0.008656)
(0.003781 0.0004062 0.008656)
(0.003844 0.0004063 0.008656)
(0.003906 0.0004063 0.008656)
(0.003969 0.0004063 0.008656)
(0.002531 0.0004687 0.008656)
(0.002594 0.0004687 0.008656)
(0.002656 0.0004687 0.008656)
(0.002719 0.0004687 0.008656)
(0.002781 0.0004687 0.008656)
(0.002844 0.0004687 0.008656)
(0.002906 0.0004687 0.008656)
(0.002969 0.0004688 0.008656)
(0.003031 0.0004687 0.008656)
(0.003094 0.0004688 0.008656)
(0.003156 0.0004688 0.008656)
(0.003219 0.0004688 0.008656)
(0.003281 0.0004688 0.008656)
(0.003344 0.0004688 0.008656)
(0.003406 0.0004688 0.008656)
(0.003469 0.0004688 0.008656)
(0.003531 0.0004687 0.008656)
(0.003594 0.0004687 0.008656)
(0.003656 0.0004687 0.008656)
(0.003719 0.0004688 0.008656)
(0.003781 0.0004688 0.008656)
(0.003844 0.0004687 0.008656)
(0.003906 0.0004688 0.008656)
(0.003969 0.0004687 0.008656)
(0.002531 3.125e-05 0.008719)
(0.002594 3.125e-05 0.008719)
(0.002656 3.125e-05 0.008719)
(0.002719 3.125e-05 0.008719)
(0.002781 3.125e-05 0.008719)
(0.002844 3.125e-05 0.008719)
(0.002906 3.125e-05 0.008719)
(0.002969 3.125e-05 0.008719)
(0.003031 3.125e-05 0.008719)
(0.003094 3.125e-05 0.008719)
(0.003156 3.125e-05 0.008719)
(0.003219 3.125e-05 0.008719)
(0.003281 3.125e-05 0.008719)
(0.003344 3.125e-05 0.008719)
(0.003406 3.125e-05 0.008719)
(0.003469 3.125e-05 0.008719)
(0.003531 3.125e-05 0.008719)
(0.003594 3.125e-05 0.008719)
(0.003656 3.125e-05 0.008719)
(0.003719 3.125e-05 0.008719)
(0.003781 3.125e-05 0.008719)
(0.003844 3.125e-05 0.008719)
(0.003906 3.125e-05 0.008719)
(0.003969 3.125e-05 0.008719)
(0.002531 9.375e-05 0.008719)
(0.002594 9.375e-05 0.008719)
(0.002656 9.375e-05 0.008719)
(0.002719 9.375e-05 0.008719)
(0.002781 9.375e-05 0.008719)
(0.002844 9.375e-05 0.008719)
(0.002906 9.375e-05 0.008719)
(0.002969 9.375e-05 0.008719)
(0.003031 9.375e-05 0.008719)
(0.003094 9.375e-05 0.008719)
(0.003156 9.375e-05 0.008719)
(0.003219 9.375e-05 0.008719)
(0.003281 9.375e-05 0.008719)
(0.003344 9.375e-05 0.008719)
(0.003406 9.375e-05 0.008719)
(0.003469 9.375e-05 0.008719)
(0.003531 9.375e-05 0.008719)
(0.003594 9.375e-05 0.008719)
(0.003656 9.375e-05 0.008719)
(0.003719 9.375e-05 0.008719)
(0.003781 9.375e-05 0.008719)
(0.003844 9.375e-05 0.008719)
(0.003906 9.375e-05 0.008719)
(0.003969 9.375e-05 0.008719)
(0.002531 0.0001562 0.008719)
(0.002594 0.0001563 0.008719)
(0.002656 0.0001563 0.008719)
(0.002719 0.0001562 0.008719)
(0.002781 0.0001563 0.008719)
(0.002844 0.0001563 0.008719)
(0.002906 0.0001563 0.008719)
(0.002969 0.0001563 0.008719)
(0.003031 0.0001563 0.008719)
(0.003094 0.0001562 0.008719)
(0.003156 0.0001562 0.008719)
(0.003219 0.0001562 0.008719)
(0.003281 0.0001562 0.008719)
(0.003344 0.0001563 0.008719)
(0.003406 0.0001563 0.008719)
(0.003469 0.0001563 0.008719)
(0.003531 0.0001563 0.008719)
(0.003594 0.0001562 0.008719)
(0.003656 0.0001562 0.008719)
(0.003719 0.0001562 0.008719)
(0.003781 0.0001562 0.008719)
(0.003844 0.0001562 0.008719)
(0.003906 0.0001562 0.008719)
(0.003969 0.0001562 0.008719)
(0.002531 0.0002187 0.008719)
(0.002594 0.0002187 0.008719)
(0.002656 0.0002188 0.008719)
(0.002719 0.0002188 0.008719)
(0.002781 0.0002188 0.008719)
(0.002844 0.0002188 0.008719)
(0.002906 0.0002188 0.008719)
(0.002969 0.0002188 0.008719)
(0.003031 0.0002188 0.008719)
(0.003094 0.0002188 0.008719)
(0.003156 0.0002188 0.008719)
(0.003219 0.0002187 0.008719)
(0.003281 0.0002187 0.008719)
(0.003344 0.0002188 0.008719)
(0.003406 0.0002188 0.008719)
(0.003469 0.0002187 0.008719)
(0.003531 0.0002187 0.008719)
(0.003594 0.0002188 0.008719)
(0.003656 0.0002188 0.008719)
(0.003719 0.0002188 0.008719)
(0.003781 0.0002187 0.008719)
(0.003844 0.0002187 0.008719)
(0.003906 0.0002188 0.008719)
(0.003969 0.0002187 0.008719)
(0.002531 0.0002812 0.008719)
(0.002594 0.0002812 0.008719)
(0.002656 0.0002813 0.008719)
(0.002719 0.0002813 0.008719)
(0.002781 0.0002812 0.008719)
(0.002844 0.0002812 0.008719)
(0.002906 0.0002812 0.008719)
(0.002969 0.0002812 0.008719)
(0.003031 0.0002813 0.008719)
(0.003094 0.0002812 0.008719)
(0.003156 0.0002813 0.008719)
(0.003219 0.0002812 0.008719)
(0.003281 0.0002812 0.008719)
(0.003344 0.0002812 0.008719)
(0.003406 0.0002812 0.008719)
(0.003469 0.0002812 0.008719)
(0.003531 0.0002812 0.008719)
(0.003594 0.0002812 0.008719)
(0.003656 0.0002812 0.008719)
(0.003719 0.0002813 0.008719)
(0.003781 0.0002812 0.008719)
(0.003844 0.0002812 0.008719)
(0.003906 0.0002812 0.008719)
(0.003969 0.0002813 0.008719)
(0.002531 0.0003437 0.008719)
(0.002594 0.0003437 0.008719)
(0.002656 0.0003437 0.008719)
(0.002719 0.0003438 0.008719)
(0.002781 0.0003437 0.008719)
(0.002844 0.0003438 0.008719)
(0.002906 0.0003438 0.008719)
(0.002969 0.0003438 0.008719)
(0.003031 0.0003438 0.008719)
(0.003094 0.0003437 0.008719)
(0.003156 0.0003437 0.008719)
(0.003219 0.0003437 0.008719)
(0.003281 0.0003437 0.008719)
(0.003344 0.0003437 0.008719)
(0.003406 0.0003437 0.008719)
(0.003469 0.0003437 0.008719)
(0.003531 0.0003437 0.008719)
(0.003594 0.0003438 0.008719)
(0.003656 0.0003437 0.008719)
(0.003719 0.0003438 0.008719)
(0.003781 0.0003438 0.008719)
(0.003844 0.0003438 0.008719)
(0.003906 0.0003437 0.008719)
(0.003969 0.0003438 0.008719)
(0.002531 0.0004062 0.008719)
(0.002594 0.0004062 0.008719)
(0.002656 0.0004063 0.008719)
(0.002719 0.0004062 0.008719)
(0.002781 0.0004062 0.008719)
(0.002844 0.0004062 0.008719)
(0.002906 0.0004062 0.008719)
(0.002969 0.0004063 0.008719)
(0.003031 0.0004063 0.008719)
(0.003094 0.0004062 0.008719)
(0.003156 0.0004063 0.008719)
(0.003219 0.0004062 0.008719)
(0.003281 0.0004062 0.008719)
(0.003344 0.0004062 0.008719)
(0.003406 0.0004062 0.008719)
(0.003469 0.0004062 0.008719)
(0.003531 0.0004062 0.008719)
(0.003594 0.0004062 0.008719)
(0.003656 0.0004062 0.008719)
(0.003719 0.0004063 0.008719)
(0.003781 0.0004062 0.008719)
(0.003844 0.0004063 0.008719)
(0.003906 0.0004062 0.008719)
(0.003969 0.0004063 0.008719)
(0.002531 0.0004688 0.008719)
(0.002594 0.0004687 0.008719)
(0.002656 0.0004687 0.008719)
(0.002719 0.0004688 0.008719)
(0.002781 0.0004687 0.008719)
(0.002844 0.0004687 0.008719)
(0.002906 0.0004687 0.008719)
(0.002969 0.0004688 0.008719)
(0.003031 0.0004687 0.008719)
(0.003094 0.0004688 0.008719)
(0.003156 0.0004687 0.008719)
(0.003219 0.0004687 0.008719)
(0.003281 0.0004687 0.008719)
(0.003344 0.0004687 0.008719)
(0.003406 0.0004687 0.008719)
(0.003469 0.0004688 0.008719)
(0.003531 0.0004688 0.008719)
(0.003594 0.0004687 0.008719)
(0.003656 0.0004687 0.008719)
(0.003719 0.0004688 0.008719)
(0.003781 0.0004688 0.008719)
(0.003844 0.0004688 0.008719)
(0.003906 0.0004688 0.008719)
(0.003969 0.0004687 0.008719)
(0.002531 3.125e-05 0.008781)
(0.002594 3.125e-05 0.008781)
(0.002656 3.125e-05 0.008781)
(0.002719 3.125e-05 0.008781)
(0.002781 3.125e-05 0.008781)
(0.002844 3.125e-05 0.008781)
(0.002906 3.125e-05 0.008781)
(0.002969 3.125e-05 0.008781)
(0.003031 3.125e-05 0.008781)
(0.003094 3.125e-05 0.008781)
(0.003156 3.125e-05 0.008781)
(0.003219 3.125e-05 0.008781)
(0.003281 3.125e-05 0.008781)
(0.003344 3.125e-05 0.008781)
(0.003406 3.125e-05 0.008781)
(0.003469 3.125e-05 0.008781)
(0.003531 3.125e-05 0.008781)
(0.003594 3.125e-05 0.008781)
(0.003656 3.125e-05 0.008781)
(0.003719 3.125e-05 0.008781)
(0.003781 3.125e-05 0.008781)
(0.003844 3.125e-05 0.008781)
(0.003906 3.125e-05 0.008781)
(0.003969 3.125e-05 0.008781)
(0.002531 9.375e-05 0.008781)
(0.002594 9.375e-05 0.008781)
(0.002656 9.375e-05 0.008781)
(0.002719 9.375e-05 0.008781)
(0.002781 9.375e-05 0.008781)
(0.002844 9.375e-05 0.008781)
(0.002906 9.375e-05 0.008781)
(0.002969 9.375e-05 0.008781)
(0.003031 9.375e-05 0.008781)
(0.003094 9.375e-05 0.008781)
(0.003156 9.375e-05 0.008781)
(0.003219 9.375e-05 0.008781)
(0.003281 9.375e-05 0.008781)
(0.003344 9.375e-05 0.008781)
(0.003406 9.375e-05 0.008781)
(0.003469 9.375e-05 0.008781)
(0.003531 9.375e-05 0.008781)
(0.003594 9.375e-05 0.008781)
(0.003656 9.375e-05 0.008781)
(0.003719 9.375e-05 0.008781)
(0.003781 9.375e-05 0.008781)
(0.003844 9.375e-05 0.008781)
(0.003906 9.375e-05 0.008781)
(0.003969 9.375e-05 0.008781)
(0.002531 0.0001563 0.008781)
(0.002594 0.0001562 0.008781)
(0.002656 0.0001562 0.008781)
(0.002719 0.0001562 0.008781)
(0.002781 0.0001562 0.008781)
(0.002844 0.0001562 0.008781)
(0.002906 0.0001563 0.008781)
(0.002969 0.0001562 0.008781)
(0.003031 0.0001562 0.008781)
(0.003094 0.0001562 0.008781)
(0.003156 0.0001563 0.008781)
(0.003219 0.0001562 0.008781)
(0.003281 0.0001563 0.008781)
(0.003344 0.0001563 0.008781)
(0.003406 0.0001563 0.008781)
(0.003469 0.0001563 0.008781)
(0.003531 0.0001563 0.008781)
(0.003594 0.0001563 0.008781)
(0.003656 0.0001563 0.008781)
(0.003719 0.0001563 0.008781)
(0.003781 0.0001562 0.008781)
(0.003844 0.0001563 0.008781)
(0.003906 0.0001563 0.008781)
(0.003969 0.0001563 0.008781)
(0.002531 0.0002188 0.008781)
(0.002594 0.0002188 0.008781)
(0.002656 0.0002188 0.008781)
(0.002719 0.0002188 0.008781)
(0.002781 0.0002188 0.008781)
(0.002844 0.0002188 0.008781)
(0.002906 0.0002188 0.008781)
(0.002969 0.0002188 0.008781)
(0.003031 0.0002188 0.008781)
(0.003094 0.0002188 0.008781)
(0.003156 0.0002188 0.008781)
(0.003219 0.0002188 0.008781)
(0.003281 0.0002188 0.008781)
(0.003344 0.0002188 0.008781)
(0.003406 0.0002188 0.008781)
(0.003469 0.0002188 0.008781)
(0.003531 0.0002188 0.008781)
(0.003594 0.0002188 0.008781)
(0.003656 0.0002187 0.008781)
(0.003719 0.0002188 0.008781)
(0.003781 0.0002188 0.008781)
(0.003844 0.0002188 0.008781)
(0.003906 0.0002188 0.008781)
(0.003969 0.0002188 0.008781)
(0.002531 0.0002812 0.008781)
(0.002594 0.0002812 0.008781)
(0.002656 0.0002812 0.008781)
(0.002719 0.0002813 0.008781)
(0.002781 0.0002812 0.008781)
(0.002844 0.0002813 0.008781)
(0.002906 0.0002813 0.008781)
(0.002969 0.0002813 0.008781)
(0.003031 0.0002812 0.008781)
(0.003094 0.0002813 0.008781)
(0.003156 0.0002813 0.008781)
(0.003219 0.0002812 0.008781)
(0.003281 0.0002813 0.008781)
(0.003344 0.0002812 0.008781)
(0.003406 0.0002812 0.008781)
(0.003469 0.0002813 0.008781)
(0.003531 0.0002812 0.008781)
(0.003594 0.0002813 0.008781)
(0.003656 0.0002812 0.008781)
(0.003719 0.0002812 0.008781)
(0.003781 0.0002813 0.008781)
(0.003844 0.0002812 0.008781)
(0.003906 0.0002813 0.008781)
(0.003969 0.0002813 0.008781)
(0.002531 0.0003438 0.008781)
(0.002594 0.0003438 0.008781)
(0.002656 0.0003438 0.008781)
(0.002719 0.0003438 0.008781)
(0.002781 0.0003438 0.008781)
(0.002844 0.0003438 0.008781)
(0.002906 0.0003438 0.008781)
(0.002969 0.0003438 0.008781)
(0.003031 0.0003438 0.008781)
(0.003094 0.0003438 0.008781)
(0.003156 0.0003438 0.008781)
(0.003219 0.0003438 0.008781)
(0.003281 0.0003438 0.008781)
(0.003344 0.0003438 0.008781)
(0.003406 0.0003438 0.008781)
(0.003469 0.0003438 0.008781)
(0.003531 0.0003438 0.008781)
(0.003594 0.0003438 0.008781)
(0.003656 0.0003437 0.008781)
(0.003719 0.0003438 0.008781)
(0.003781 0.0003438 0.008781)
(0.003844 0.0003438 0.008781)
(0.003906 0.0003438 0.008781)
(0.003969 0.0003438 0.008781)
(0.002531 0.0004063 0.008781)
(0.002594 0.0004063 0.008781)
(0.002656 0.0004063 0.008781)
(0.002719 0.0004063 0.008781)
(0.002781 0.0004062 0.008781)
(0.002844 0.0004063 0.008781)
(0.002906 0.0004063 0.008781)
(0.002969 0.0004063 0.008781)
(0.003031 0.0004062 0.008781)
(0.003094 0.0004063 0.008781)
(0.003156 0.0004063 0.008781)
(0.003219 0.0004063 0.008781)
(0.003281 0.0004063 0.008781)
(0.003344 0.0004062 0.008781)
(0.003406 0.0004062 0.008781)
(0.003469 0.0004063 0.008781)
(0.003531 0.0004063 0.008781)
(0.003594 0.0004063 0.008781)
(0.003656 0.0004063 0.008781)
(0.003719 0.0004062 0.008781)
(0.003781 0.0004063 0.008781)
(0.003844 0.0004063 0.008781)
(0.003906 0.0004062 0.008781)
(0.003969 0.0004062 0.008781)
(0.002531 0.0004688 0.008781)
(0.002594 0.0004688 0.008781)
(0.002656 0.0004688 0.008781)
(0.002719 0.0004687 0.008781)
(0.002781 0.0004688 0.008781)
(0.002844 0.0004688 0.008781)
(0.002906 0.0004687 0.008781)
(0.002969 0.0004687 0.008781)
(0.003031 0.0004688 0.008781)
(0.003094 0.0004688 0.008781)
(0.003156 0.0004688 0.008781)
(0.003219 0.0004688 0.008781)
(0.003281 0.0004688 0.008781)
(0.003344 0.0004688 0.008781)
(0.003406 0.0004688 0.008781)
(0.003469 0.0004688 0.008781)
(0.003531 0.0004688 0.008781)
(0.003594 0.0004687 0.008781)
(0.003656 0.0004688 0.008781)
(0.003719 0.0004687 0.008781)
(0.003781 0.0004688 0.008781)
(0.003844 0.0004688 0.008781)
(0.003906 0.0004687 0.008781)
(0.003969 0.0004688 0.008781)
(0.002531 3.125e-05 0.008844)
(0.002594 3.125e-05 0.008844)
(0.002656 3.125e-05 0.008844)
(0.002719 3.125e-05 0.008844)
(0.002781 3.125e-05 0.008844)
(0.002844 3.125e-05 0.008844)
(0.002906 3.125e-05 0.008844)
(0.002969 3.125e-05 0.008844)
(0.003031 3.125e-05 0.008844)
(0.003094 3.125e-05 0.008844)
(0.003156 3.125e-05 0.008844)
(0.003219 3.125e-05 0.008844)
(0.003281 3.125e-05 0.008844)
(0.003344 3.125e-05 0.008844)
(0.003406 3.125e-05 0.008844)
(0.003469 3.125e-05 0.008844)
(0.003531 3.125e-05 0.008844)
(0.003594 3.125e-05 0.008844)
(0.003656 3.125e-05 0.008844)
(0.003719 3.125e-05 0.008844)
(0.003781 3.125e-05 0.008844)
(0.003844 3.125e-05 0.008844)
(0.003906 3.125e-05 0.008844)
(0.003969 3.125e-05 0.008844)
(0.002531 9.375e-05 0.008844)
(0.002594 9.375e-05 0.008844)
(0.002656 9.375e-05 0.008844)
(0.002719 9.375e-05 0.008844)
(0.002781 9.375e-05 0.008844)
(0.002844 9.375e-05 0.008844)
(0.002906 9.375e-05 0.008844)
(0.002969 9.375e-05 0.008844)
(0.003031 9.375e-05 0.008844)
(0.003094 9.375e-05 0.008844)
(0.003156 9.375e-05 0.008844)
(0.003219 9.375e-05 0.008844)
(0.003281 9.375e-05 0.008844)
(0.003344 9.375e-05 0.008844)
(0.003406 9.375e-05 0.008844)
(0.003469 9.375e-05 0.008844)
(0.003531 9.375e-05 0.008844)
(0.003594 9.375e-05 0.008844)
(0.003656 9.375e-05 0.008844)
(0.003719 9.375e-05 0.008844)
(0.003781 9.375e-05 0.008844)
(0.003844 9.375e-05 0.008844)
(0.003906 9.375e-05 0.008844)
(0.003969 9.375e-05 0.008844)
(0.002531 0.0001562 0.008844)
(0.002594 0.0001563 0.008844)
(0.002656 0.0001563 0.008844)
(0.002719 0.0001562 0.008844)
(0.002781 0.0001563 0.008844)
(0.002844 0.0001563 0.008844)
(0.002906 0.0001563 0.008844)
(0.002969 0.0001563 0.008844)
(0.003031 0.0001563 0.008844)
(0.003094 0.0001562 0.008844)
(0.003156 0.0001563 0.008844)
(0.003219 0.0001562 0.008844)
(0.003281 0.0001562 0.008844)
(0.003344 0.0001563 0.008844)
(0.003406 0.0001563 0.008844)
(0.003469 0.0001563 0.008844)
(0.003531 0.0001563 0.008844)
(0.003594 0.0001562 0.008844)
(0.003656 0.0001562 0.008844)
(0.003719 0.0001562 0.008844)
(0.003781 0.0001562 0.008844)
(0.003844 0.0001562 0.008844)
(0.003906 0.0001562 0.008844)
(0.003969 0.0001562 0.008844)
(0.002531 0.0002188 0.008844)
(0.002594 0.0002188 0.008844)
(0.002656 0.0002188 0.008844)
(0.002719 0.0002188 0.008844)
(0.002781 0.0002188 0.008844)
(0.002844 0.0002188 0.008844)
(0.002906 0.0002188 0.008844)
(0.002969 0.0002188 0.008844)
(0.003031 0.0002188 0.008844)
(0.003094 0.0002188 0.008844)
(0.003156 0.0002188 0.008844)
(0.003219 0.0002188 0.008844)
(0.003281 0.0002188 0.008844)
(0.003344 0.0002188 0.008844)
(0.003406 0.0002188 0.008844)
(0.003469 0.0002188 0.008844)
(0.003531 0.0002188 0.008844)
(0.003594 0.0002188 0.008844)
(0.003656 0.0002188 0.008844)
(0.003719 0.0002188 0.008844)
(0.003781 0.0002188 0.008844)
(0.003844 0.0002188 0.008844)
(0.003906 0.0002188 0.008844)
(0.003969 0.0002188 0.008844)
(0.002531 0.0002812 0.008844)
(0.002594 0.0002812 0.008844)
(0.002656 0.0002813 0.008844)
(0.002719 0.0002813 0.008844)
(0.002781 0.0002813 0.008844)
(0.002844 0.0002813 0.008844)
(0.002906 0.0002812 0.008844)
(0.002969 0.0002812 0.008844)
(0.003031 0.0002812 0.008844)
(0.003094 0.0002813 0.008844)
(0.003156 0.0002812 0.008844)
(0.003219 0.0002812 0.008844)
(0.003281 0.0002812 0.008844)
(0.003344 0.0002813 0.008844)
(0.003406 0.0002813 0.008844)
(0.003469 0.0002812 0.008844)
(0.003531 0.0002812 0.008844)
(0.003594 0.0002812 0.008844)
(0.003656 0.0002812 0.008844)
(0.003719 0.0002813 0.008844)
(0.003781 0.0002812 0.008844)
(0.003844 0.0002812 0.008844)
(0.003906 0.0002813 0.008844)
(0.003969 0.0002813 0.008844)
(0.002531 0.0003437 0.008844)
(0.002594 0.0003438 0.008844)
(0.002656 0.0003437 0.008844)
(0.002719 0.0003438 0.008844)
(0.002781 0.0003438 0.008844)
(0.002844 0.0003438 0.008844)
(0.002906 0.0003438 0.008844)
(0.002969 0.0003438 0.008844)
(0.003031 0.0003438 0.008844)
(0.003094 0.0003437 0.008844)
(0.003156 0.0003438 0.008844)
(0.003219 0.0003437 0.008844)
(0.003281 0.0003437 0.008844)
(0.003344 0.0003437 0.008844)
(0.003406 0.0003438 0.008844)
(0.003469 0.0003437 0.008844)
(0.003531 0.0003437 0.008844)
(0.003594 0.0003437 0.008844)
(0.003656 0.0003437 0.008844)
(0.003719 0.0003437 0.008844)
(0.003781 0.0003437 0.008844)
(0.003844 0.0003438 0.008844)
(0.003906 0.0003438 0.008844)
(0.003969 0.0003438 0.008844)
(0.002531 0.0004062 0.008844)
(0.002594 0.0004062 0.008844)
(0.002656 0.0004063 0.008844)
(0.002719 0.0004063 0.008844)
(0.002781 0.0004062 0.008844)
(0.002844 0.0004063 0.008844)
(0.002906 0.0004063 0.008844)
(0.002969 0.0004062 0.008844)
(0.003031 0.0004062 0.008844)
(0.003094 0.0004062 0.008844)
(0.003156 0.0004063 0.008844)
(0.003219 0.0004062 0.008844)
(0.003281 0.0004062 0.008844)
(0.003344 0.0004062 0.008844)
(0.003406 0.0004063 0.008844)
(0.003469 0.0004062 0.008844)
(0.003531 0.0004062 0.008844)
(0.003594 0.0004062 0.008844)
(0.003656 0.0004062 0.008844)
(0.003719 0.0004062 0.008844)
(0.003781 0.0004062 0.008844)
(0.003844 0.0004063 0.008844)
(0.003906 0.0004062 0.008844)
(0.003969 0.0004062 0.008844)
(0.002531 0.0004687 0.008844)
(0.002594 0.0004688 0.008844)
(0.002656 0.0004688 0.008844)
(0.002719 0.0004687 0.008844)
(0.002781 0.0004688 0.008844)
(0.002844 0.0004688 0.008844)
(0.002906 0.0004688 0.008844)
(0.002969 0.0004687 0.008844)
(0.003031 0.0004688 0.008844)
(0.003094 0.0004687 0.008844)
(0.003156 0.0004688 0.008844)
(0.003219 0.0004687 0.008844)
(0.003281 0.0004687 0.008844)
(0.003344 0.0004687 0.008844)
(0.003406 0.0004687 0.008844)
(0.003469 0.0004687 0.008844)
(0.003531 0.0004687 0.008844)
(0.003594 0.0004687 0.008844)
(0.003656 0.0004687 0.008844)
(0.003719 0.0004687 0.008844)
(0.003781 0.0004687 0.008844)
(0.003844 0.0004688 0.008844)
(0.003906 0.0004687 0.008844)
(0.003969 0.0004687 0.008844)
(0.002531 3.125e-05 0.008906)
(0.002594 3.125e-05 0.008906)
(0.002656 3.125e-05 0.008906)
(0.002719 3.125e-05 0.008906)
(0.002781 3.125e-05 0.008906)
(0.002844 3.125e-05 0.008906)
(0.002906 3.125e-05 0.008906)
(0.002969 3.125e-05 0.008906)
(0.003031 3.125e-05 0.008906)
(0.003094 3.125e-05 0.008906)
(0.003156 3.125e-05 0.008906)
(0.003219 3.125e-05 0.008906)
(0.003281 3.125e-05 0.008906)
(0.003344 3.125e-05 0.008906)
(0.003406 3.125e-05 0.008906)
(0.003469 3.125e-05 0.008906)
(0.003531 3.125e-05 0.008906)
(0.003594 3.125e-05 0.008906)
(0.003656 3.125e-05 0.008906)
(0.003719 3.125e-05 0.008906)
(0.003781 3.125e-05 0.008906)
(0.003844 3.125e-05 0.008906)
(0.003906 3.125e-05 0.008906)
(0.003969 3.125e-05 0.008906)
(0.002531 9.375e-05 0.008906)
(0.002594 9.375e-05 0.008906)
(0.002656 9.375e-05 0.008906)
(0.002719 9.375e-05 0.008906)
(0.002781 9.375e-05 0.008906)
(0.002844 9.375e-05 0.008906)
(0.002906 9.375e-05 0.008906)
(0.002969 9.375e-05 0.008906)
(0.003031 9.375e-05 0.008906)
(0.003094 9.375e-05 0.008906)
(0.003156 9.375e-05 0.008906)
(0.003219 9.375e-05 0.008906)
(0.003281 9.375e-05 0.008906)
(0.003344 9.375e-05 0.008906)
(0.003406 9.375e-05 0.008906)
(0.003469 9.375e-05 0.008906)
(0.003531 9.375e-05 0.008906)
(0.003594 9.375e-05 0.008906)
(0.003656 9.375e-05 0.008906)
(0.003719 9.375e-05 0.008906)
(0.003781 9.375e-05 0.008906)
(0.003844 9.375e-05 0.008906)
(0.003906 9.375e-05 0.008906)
(0.003969 9.375e-05 0.008906)
(0.002531 0.0001562 0.008906)
(0.002594 0.0001563 0.008906)
(0.002656 0.0001563 0.008906)
(0.002719 0.0001562 0.008906)
(0.002781 0.0001563 0.008906)
(0.002844 0.0001563 0.008906)
(0.002906 0.0001563 0.008906)
(0.002969 0.0001563 0.008906)
(0.003031 0.0001563 0.008906)
(0.003094 0.0001562 0.008906)
(0.003156 0.0001563 0.008906)
(0.003219 0.0001562 0.008906)
(0.003281 0.0001562 0.008906)
(0.003344 0.0001563 0.008906)
(0.003406 0.0001563 0.008906)
(0.003469 0.0001563 0.008906)
(0.003531 0.0001563 0.008906)
(0.003594 0.0001562 0.008906)
(0.003656 0.0001562 0.008906)
(0.003719 0.0001562 0.008906)
(0.003781 0.0001562 0.008906)
(0.003844 0.0001562 0.008906)
(0.003906 0.0001562 0.008906)
(0.003969 0.0001562 0.008906)
(0.002531 0.0002188 0.008906)
(0.002594 0.0002188 0.008906)
(0.002656 0.0002188 0.008906)
(0.002719 0.0002188 0.008906)
(0.002781 0.0002188 0.008906)
(0.002844 0.0002188 0.008906)
(0.002906 0.0002188 0.008906)
(0.002969 0.0002188 0.008906)
(0.003031 0.0002188 0.008906)
(0.003094 0.0002188 0.008906)
(0.003156 0.0002188 0.008906)
(0.003219 0.0002188 0.008906)
(0.003281 0.0002188 0.008906)
(0.003344 0.0002188 0.008906)
(0.003406 0.0002188 0.008906)
(0.003469 0.0002188 0.008906)
(0.003531 0.0002188 0.008906)
(0.003594 0.0002188 0.008906)
(0.003656 0.0002188 0.008906)
(0.003719 0.0002188 0.008906)
(0.003781 0.0002188 0.008906)
(0.003844 0.0002188 0.008906)
(0.003906 0.0002188 0.008906)
(0.003969 0.0002188 0.008906)
(0.002531 0.0002812 0.008906)
(0.002594 0.0002812 0.008906)
(0.002656 0.0002813 0.008906)
(0.002719 0.0002813 0.008906)
(0.002781 0.0002813 0.008906)
(0.002844 0.0002813 0.008906)
(0.002906 0.0002812 0.008906)
(0.002969 0.0002812 0.008906)
(0.003031 0.0002812 0.008906)
(0.003094 0.0002813 0.008906)
(0.003156 0.0002812 0.008906)
(0.003219 0.0002812 0.008906)
(0.003281 0.0002812 0.008906)
(0.003344 0.0002813 0.008906)
(0.003406 0.0002813 0.008906)
(0.003469 0.0002812 0.008906)
(0.003531 0.0002812 0.008906)
(0.003594 0.0002812 0.008906)
(0.003656 0.0002812 0.008906)
(0.003719 0.0002813 0.008906)
(0.003781 0.0002812 0.008906)
(0.003844 0.0002812 0.008906)
(0.003906 0.0002813 0.008906)
(0.003969 0.0002813 0.008906)
(0.002531 0.0003437 0.008906)
(0.002594 0.0003438 0.008906)
(0.002656 0.0003437 0.008906)
(0.002719 0.0003438 0.008906)
(0.002781 0.0003438 0.008906)
(0.002844 0.0003438 0.008906)
(0.002906 0.0003438 0.008906)
(0.002969 0.0003438 0.008906)
(0.003031 0.0003438 0.008906)
(0.003094 0.0003437 0.008906)
(0.003156 0.0003438 0.008906)
(0.003219 0.0003437 0.008906)
(0.003281 0.0003437 0.008906)
(0.003344 0.0003437 0.008906)
(0.003406 0.0003438 0.008906)
(0.003469 0.0003437 0.008906)
(0.003531 0.0003437 0.008906)
(0.003594 0.0003437 0.008906)
(0.003656 0.0003437 0.008906)
(0.003719 0.0003437 0.008906)
(0.003781 0.0003437 0.008906)
(0.003844 0.0003438 0.008906)
(0.003906 0.0003438 0.008906)
(0.003969 0.0003438 0.008906)
(0.002531 0.0004062 0.008906)
(0.002594 0.0004062 0.008906)
(0.002656 0.0004063 0.008906)
(0.002719 0.0004063 0.008906)
(0.002781 0.0004062 0.008906)
(0.002844 0.0004063 0.008906)
(0.002906 0.0004063 0.008906)
(0.002969 0.0004062 0.008906)
(0.003031 0.0004062 0.008906)
(0.003094 0.0004062 0.008906)
(0.003156 0.0004063 0.008906)
(0.003219 0.0004062 0.008906)
(0.003281 0.0004062 0.008906)
(0.003344 0.0004062 0.008906)
(0.003406 0.0004063 0.008906)
(0.003469 0.0004062 0.008906)
(0.003531 0.0004062 0.008906)
(0.003594 0.0004062 0.008906)
(0.003656 0.0004062 0.008906)
(0.003719 0.0004062 0.008906)
(0.003781 0.0004062 0.008906)
(0.003844 0.0004063 0.008906)
(0.003906 0.0004062 0.008906)
(0.003969 0.0004062 0.008906)
(0.002531 0.0004687 0.008906)
(0.002594 0.0004688 0.008906)
(0.002656 0.0004688 0.008906)
(0.002719 0.0004687 0.008906)
(0.002781 0.0004688 0.008906)
(0.002844 0.0004688 0.008906)
(0.002906 0.0004688 0.008906)
(0.002969 0.0004687 0.008906)
(0.003031 0.0004688 0.008906)
(0.003094 0.0004687 0.008906)
(0.003156 0.0004688 0.008906)
(0.003219 0.0004687 0.008906)
(0.003281 0.0004687 0.008906)
(0.003344 0.0004687 0.008906)
(0.003406 0.0004687 0.008906)
(0.003469 0.0004687 0.008906)
(0.003531 0.0004687 0.008906)
(0.003594 0.0004687 0.008906)
(0.003656 0.0004687 0.008906)
(0.003719 0.0004687 0.008906)
(0.003781 0.0004687 0.008906)
(0.003844 0.0004688 0.008906)
(0.003906 0.0004687 0.008906)
(0.003969 0.0004687 0.008906)
(0.002531 3.125e-05 0.008969)
(0.002594 3.125e-05 0.008969)
(0.002656 3.125e-05 0.008969)
(0.002719 3.125e-05 0.008969)
(0.002781 3.125e-05 0.008969)
(0.002844 3.125e-05 0.008969)
(0.002906 3.125e-05 0.008969)
(0.002969 3.125e-05 0.008969)
(0.003031 3.125e-05 0.008969)
(0.003094 3.125e-05 0.008969)
(0.003156 3.125e-05 0.008969)
(0.003219 3.125e-05 0.008969)
(0.003281 3.125e-05 0.008969)
(0.003344 3.125e-05 0.008969)
(0.003406 3.125e-05 0.008969)
(0.003469 3.125e-05 0.008969)
(0.003531 3.125e-05 0.008969)
(0.003594 3.125e-05 0.008969)
(0.003656 3.125e-05 0.008969)
(0.003719 3.125e-05 0.008969)
(0.003781 3.125e-05 0.008969)
(0.003844 3.125e-05 0.008969)
(0.003906 3.125e-05 0.008969)
(0.003969 3.125e-05 0.008969)
(0.002531 9.375e-05 0.008969)
(0.002594 9.375e-05 0.008969)
(0.002656 9.375e-05 0.008969)
(0.002719 9.375e-05 0.008969)
(0.002781 9.375e-05 0.008969)
(0.002844 9.375e-05 0.008969)
(0.002906 9.375e-05 0.008969)
(0.002969 9.375e-05 0.008969)
(0.003031 9.375e-05 0.008969)
(0.003094 9.375e-05 0.008969)
(0.003156 9.375e-05 0.008969)
(0.003219 9.375e-05 0.008969)
(0.003281 9.375e-05 0.008969)
(0.003344 9.375e-05 0.008969)
(0.003406 9.375e-05 0.008969)
(0.003469 9.375e-05 0.008969)
(0.003531 9.375e-05 0.008969)
(0.003594 9.375e-05 0.008969)
(0.003656 9.375e-05 0.008969)
(0.003719 9.375e-05 0.008969)
(0.003781 9.375e-05 0.008969)
(0.003844 9.375e-05 0.008969)
(0.003906 9.375e-05 0.008969)
(0.003969 9.375e-05 0.008969)
(0.002531 0.0001563 0.008969)
(0.002594 0.0001562 0.008969)
(0.002656 0.0001562 0.008969)
(0.002719 0.0001563 0.008969)
(0.002781 0.0001562 0.008969)
(0.002844 0.0001563 0.008969)
(0.002906 0.0001563 0.008969)
(0.002969 0.0001562 0.008969)
(0.003031 0.0001563 0.008969)
(0.003094 0.0001563 0.008969)
(0.003156 0.0001563 0.008969)
(0.003219 0.0001563 0.008969)
(0.003281 0.0001563 0.008969)
(0.003344 0.0001562 0.008969)
(0.003406 0.0001562 0.008969)
(0.003469 0.0001562 0.008969)
(0.003531 0.0001562 0.008969)
(0.003594 0.0001563 0.008969)
(0.003656 0.0001562 0.008969)
(0.003719 0.0001563 0.008969)
(0.003781 0.0001563 0.008969)
(0.003844 0.0001563 0.008969)
(0.003906 0.0001563 0.008969)
(0.003969 0.0001563 0.008969)
(0.002531 0.0002188 0.008969)
(0.002594 0.0002188 0.008969)
(0.002656 0.0002187 0.008969)
(0.002719 0.0002188 0.008969)
(0.002781 0.0002188 0.008969)
(0.002844 0.0002188 0.008969)
(0.002906 0.0002188 0.008969)
(0.002969 0.0002188 0.008969)
(0.003031 0.0002188 0.008969)
(0.003094 0.0002188 0.008969)
(0.003156 0.0002188 0.008969)
(0.003219 0.0002188 0.008969)
(0.003281 0.0002188 0.008969)
(0.003344 0.0002187 0.008969)
(0.003406 0.0002187 0.008969)
(0.003469 0.0002188 0.008969)
(0.003531 0.0002188 0.008969)
(0.003594 0.0002187 0.008969)
(0.003656 0.0002188 0.008969)
(0.003719 0.0002188 0.008969)
(0.003781 0.0002188 0.008969)
(0.003844 0.0002188 0.008969)
(0.003906 0.0002188 0.008969)
(0.003969 0.0002188 0.008969)
(0.002531 0.0002812 0.008969)
(0.002594 0.0002812 0.008969)
(0.002656 0.0002813 0.008969)
(0.002719 0.0002813 0.008969)
(0.002781 0.0002812 0.008969)
(0.002844 0.0002812 0.008969)
(0.002906 0.0002812 0.008969)
(0.002969 0.0002812 0.008969)
(0.003031 0.0002813 0.008969)
(0.003094 0.0002812 0.008969)
(0.003156 0.0002813 0.008969)
(0.003219 0.0002812 0.008969)
(0.003281 0.0002812 0.008969)
(0.003344 0.0002812 0.008969)
(0.003406 0.0002812 0.008969)
(0.003469 0.0002812 0.008969)
(0.003531 0.0002812 0.008969)
(0.003594 0.0002812 0.008969)
(0.003656 0.0002812 0.008969)
(0.003719 0.0002813 0.008969)
(0.003781 0.0002812 0.008969)
(0.003844 0.0002812 0.008969)
(0.003906 0.0002812 0.008969)
(0.003969 0.0002813 0.008969)
(0.002531 0.0003437 0.008969)
(0.002594 0.0003437 0.008969)
(0.002656 0.0003437 0.008969)
(0.002719 0.0003438 0.008969)
(0.002781 0.0003437 0.008969)
(0.002844 0.0003438 0.008969)
(0.002906 0.0003438 0.008969)
(0.002969 0.0003438 0.008969)
(0.003031 0.0003438 0.008969)
(0.003094 0.0003437 0.008969)
(0.003156 0.0003438 0.008969)
(0.003219 0.0003437 0.008969)
(0.003281 0.0003437 0.008969)
(0.003344 0.0003437 0.008969)
(0.003406 0.0003437 0.008969)
(0.003469 0.0003437 0.008969)
(0.003531 0.0003437 0.008969)
(0.003594 0.0003438 0.008969)
(0.003656 0.0003437 0.008969)
(0.003719 0.0003438 0.008969)
(0.003781 0.0003438 0.008969)
(0.003844 0.0003438 0.008969)
(0.003906 0.0003437 0.008969)
(0.003969 0.0003438 0.008969)
(0.002531 0.0004062 0.008969)
(0.002594 0.0004062 0.008969)
(0.002656 0.0004063 0.008969)
(0.002719 0.0004062 0.008969)
(0.002781 0.0004062 0.008969)
(0.002844 0.0004062 0.008969)
(0.002906 0.0004062 0.008969)
(0.002969 0.0004063 0.008969)
(0.003031 0.0004063 0.008969)
(0.003094 0.0004062 0.008969)
(0.003156 0.0004063 0.008969)
(0.003219 0.0004062 0.008969)
(0.003281 0.0004062 0.008969)
(0.003344 0.0004062 0.008969)
(0.003406 0.0004062 0.008969)
(0.003469 0.0004062 0.008969)
(0.003531 0.0004062 0.008969)
(0.003594 0.0004062 0.008969)
(0.003656 0.0004062 0.008969)
(0.003719 0.0004063 0.008969)
(0.003781 0.0004062 0.008969)
(0.003844 0.0004063 0.008969)
(0.003906 0.0004062 0.008969)
(0.003969 0.0004063 0.008969)
(0.002531 0.0004688 0.008969)
(0.002594 0.0004687 0.008969)
(0.002656 0.0004687 0.008969)
(0.002719 0.0004688 0.008969)
(0.002781 0.0004687 0.008969)
(0.002844 0.0004687 0.008969)
(0.002906 0.0004687 0.008969)
(0.002969 0.0004688 0.008969)
(0.003031 0.0004687 0.008969)
(0.003094 0.0004688 0.008969)
(0.003156 0.0004688 0.008969)
(0.003219 0.0004687 0.008969)
(0.003281 0.0004687 0.008969)
(0.003344 0.0004687 0.008969)
(0.003406 0.0004687 0.008969)
(0.003469 0.0004688 0.008969)
(0.003531 0.0004688 0.008969)
(0.003594 0.0004687 0.008969)
(0.003656 0.0004687 0.008969)
(0.003719 0.0004688 0.008969)
(0.003781 0.0004688 0.008969)
(0.003844 0.0004688 0.008969)
(0.003906 0.0004688 0.008969)
(0.003969 0.0004687 0.008969)
(0.002531 3.125e-05 0.009031)
(0.002594 3.125e-05 0.009031)
(0.002656 3.125e-05 0.009031)
(0.002719 3.125e-05 0.009031)
(0.002781 3.125e-05 0.009031)
(0.002844 3.125e-05 0.009031)
(0.002906 3.125e-05 0.009031)
(0.002969 3.125e-05 0.009031)
(0.003031 3.125e-05 0.009031)
(0.003094 3.125e-05 0.009031)
(0.003156 3.125e-05 0.009031)
(0.003219 3.125e-05 0.009031)
(0.003281 3.125e-05 0.009031)
(0.003344 3.125e-05 0.009031)
(0.003406 3.125e-05 0.009031)
(0.003469 3.125e-05 0.009031)
(0.003531 3.125e-05 0.009031)
(0.003594 3.125e-05 0.009031)
(0.003656 3.125e-05 0.009031)
(0.003719 3.125e-05 0.009031)
(0.003781 3.125e-05 0.009031)
(0.003844 3.125e-05 0.009031)
(0.003906 3.125e-05 0.009031)
(0.003969 3.125e-05 0.009031)
(0.002531 9.375e-05 0.009031)
(0.002594 9.375e-05 0.009031)
(0.002656 9.375e-05 0.009031)
(0.002719 9.375e-05 0.009031)
(0.002781 9.375e-05 0.009031)
(0.002844 9.375e-05 0.009031)
(0.002906 9.375e-05 0.009031)
(0.002969 9.375e-05 0.009031)
(0.003031 9.375e-05 0.009031)
(0.003094 9.375e-05 0.009031)
(0.003156 9.375e-05 0.009031)
(0.003219 9.375e-05 0.009031)
(0.003281 9.375e-05 0.009031)
(0.003344 9.375e-05 0.009031)
(0.003406 9.375e-05 0.009031)
(0.003469 9.375e-05 0.009031)
(0.003531 9.375e-05 0.009031)
(0.003594 9.375e-05 0.009031)
(0.003656 9.375e-05 0.009031)
(0.003719 9.375e-05 0.009031)
(0.003781 9.375e-05 0.009031)
(0.003844 9.375e-05 0.009031)
(0.003906 9.375e-05 0.009031)
(0.003969 9.375e-05 0.009031)
(0.002531 0.0001563 0.009031)
(0.002594 0.0001562 0.009031)
(0.002656 0.0001563 0.009031)
(0.002719 0.0001562 0.009031)
(0.002781 0.0001562 0.009031)
(0.002844 0.0001563 0.009031)
(0.002906 0.0001563 0.009031)
(0.002969 0.0001562 0.009031)
(0.003031 0.0001563 0.009031)
(0.003094 0.0001562 0.009031)
(0.003156 0.0001563 0.009031)
(0.003219 0.0001563 0.009031)
(0.003281 0.0001563 0.009031)
(0.003344 0.0001562 0.009031)
(0.003406 0.0001562 0.009031)
(0.003469 0.0001562 0.009031)
(0.003531 0.0001562 0.009031)
(0.003594 0.0001563 0.009031)
(0.003656 0.0001562 0.009031)
(0.003719 0.0001562 0.009031)
(0.003781 0.0001563 0.009031)
(0.003844 0.0001563 0.009031)
(0.003906 0.0001562 0.009031)
(0.003969 0.0001563 0.009031)
(0.002531 0.0002188 0.009031)
(0.002594 0.0002188 0.009031)
(0.002656 0.0002187 0.009031)
(0.002719 0.0002188 0.009031)
(0.002781 0.0002188 0.009031)
(0.002844 0.0002188 0.009031)
(0.002906 0.0002188 0.009031)
(0.002969 0.0002188 0.009031)
(0.003031 0.0002188 0.009031)
(0.003094 0.0002188 0.009031)
(0.003156 0.0002188 0.009031)
(0.003219 0.0002188 0.009031)
(0.003281 0.0002188 0.009031)
(0.003344 0.0002188 0.009031)
(0.003406 0.0002188 0.009031)
(0.003469 0.0002188 0.009031)
(0.003531 0.0002188 0.009031)
(0.003594 0.0002188 0.009031)
(0.003656 0.0002188 0.009031)
(0.003719 0.0002188 0.009031)
(0.003781 0.0002188 0.009031)
(0.003844 0.0002188 0.009031)
(0.003906 0.0002188 0.009031)
(0.003969 0.0002188 0.009031)
(0.002531 0.0002813 0.009031)
(0.002594 0.0002812 0.009031)
(0.002656 0.0002813 0.009031)
(0.002719 0.0002813 0.009031)
(0.002781 0.0002813 0.009031)
(0.002844 0.0002813 0.009031)
(0.002906 0.0002813 0.009031)
(0.002969 0.0002812 0.009031)
(0.003031 0.0002813 0.009031)
(0.003094 0.0002813 0.009031)
(0.003156 0.0002812 0.009031)
(0.003219 0.0002813 0.009031)
(0.003281 0.0002813 0.009031)
(0.003344 0.0002813 0.009031)
(0.003406 0.0002813 0.009031)
(0.003469 0.0002813 0.009031)
(0.003531 0.0002813 0.009031)
(0.003594 0.0002812 0.009031)
(0.003656 0.0002812 0.009031)
(0.003719 0.0002813 0.009031)
(0.003781 0.0002812 0.009031)
(0.003844 0.0002813 0.009031)
(0.003906 0.0002813 0.009031)
(0.003969 0.0002813 0.009031)
(0.002531 0.0003437 0.009031)
(0.002594 0.0003438 0.009031)
(0.002656 0.0003437 0.009031)
(0.002719 0.0003437 0.009031)
(0.002781 0.0003438 0.009031)
(0.002844 0.0003438 0.009031)
(0.002906 0.0003438 0.009031)
(0.002969 0.0003438 0.009031)
(0.003031 0.0003438 0.009031)
(0.003094 0.0003438 0.009031)
(0.003156 0.0003437 0.009031)
(0.003219 0.0003438 0.009031)
(0.003281 0.0003438 0.009031)
(0.003344 0.0003438 0.009031)
(0.003406 0.0003438 0.009031)
(0.003469 0.0003438 0.009031)
(0.003531 0.0003438 0.009031)
(0.003594 0.0003437 0.009031)
(0.003656 0.0003437 0.009031)
(0.003719 0.0003438 0.009031)
(0.003781 0.0003437 0.009031)
(0.003844 0.0003437 0.009031)
(0.003906 0.0003438 0.009031)
(0.003969 0.0003438 0.009031)
(0.002531 0.0004062 0.009031)
(0.002594 0.0004063 0.009031)
(0.002656 0.0004063 0.009031)
(0.002719 0.0004062 0.009031)
(0.002781 0.0004063 0.009031)
(0.002844 0.0004063 0.009031)
(0.002906 0.0004063 0.009031)
(0.002969 0.0004063 0.009031)
(0.003031 0.0004063 0.009031)
(0.003094 0.0004062 0.009031)
(0.003156 0.0004063 0.009031)
(0.003219 0.0004063 0.009031)
(0.003281 0.0004063 0.009031)
(0.003344 0.0004062 0.009031)
(0.003406 0.0004063 0.009031)
(0.003469 0.0004063 0.009031)
(0.003531 0.0004063 0.009031)
(0.003594 0.0004062 0.009031)
(0.003656 0.0004062 0.009031)
(0.003719 0.0004062 0.009031)
(0.003781 0.0004062 0.009031)
(0.003844 0.0004063 0.009031)
(0.003906 0.0004063 0.009031)
(0.003969 0.0004063 0.009031)
(0.002531 0.0004687 0.009031)
(0.002594 0.0004687 0.009031)
(0.002656 0.0004687 0.009031)
(0.002719 0.0004687 0.009031)
(0.002781 0.0004687 0.009031)
(0.002844 0.0004687 0.009031)
(0.002906 0.0004687 0.009031)
(0.002969 0.0004688 0.009031)
(0.003031 0.0004687 0.009031)
(0.003094 0.0004688 0.009031)
(0.003156 0.0004687 0.009031)
(0.003219 0.0004688 0.009031)
(0.003281 0.0004688 0.009031)
(0.003344 0.0004688 0.009031)
(0.003406 0.0004688 0.009031)
(0.003469 0.0004688 0.009031)
(0.003531 0.0004687 0.009031)
(0.003594 0.0004687 0.009031)
(0.003656 0.0004687 0.009031)
(0.003719 0.0004688 0.009031)
(0.003781 0.0004688 0.009031)
(0.003844 0.0004687 0.009031)
(0.003906 0.0004688 0.009031)
(0.003969 0.0004687 0.009031)
(0.002531 3.125e-05 0.009094)
(0.002594 3.125e-05 0.009094)
(0.002656 3.125e-05 0.009094)
(0.002719 3.125e-05 0.009094)
(0.002781 3.125e-05 0.009094)
(0.002844 3.125e-05 0.009094)
(0.002906 3.125e-05 0.009094)
(0.002969 3.125e-05 0.009094)
(0.003031 3.125e-05 0.009094)
(0.003094 3.125e-05 0.009094)
(0.003156 3.125e-05 0.009094)
(0.003219 3.125e-05 0.009094)
(0.003281 3.125e-05 0.009094)
(0.003344 3.125e-05 0.009094)
(0.003406 3.125e-05 0.009094)
(0.003469 3.125e-05 0.009094)
(0.003531 3.125e-05 0.009094)
(0.003594 3.125e-05 0.009094)
(0.003656 3.125e-05 0.009094)
(0.003719 3.125e-05 0.009094)
(0.003781 3.125e-05 0.009094)
(0.003844 3.125e-05 0.009094)
(0.003906 3.125e-05 0.009094)
(0.003969 3.125e-05 0.009094)
(0.002531 9.375e-05 0.009094)
(0.002594 9.375e-05 0.009094)
(0.002656 9.375e-05 0.009094)
(0.002719 9.375e-05 0.009094)
(0.002781 9.375e-05 0.009094)
(0.002844 9.375e-05 0.009094)
(0.002906 9.375e-05 0.009094)
(0.002969 9.375e-05 0.009094)
(0.003031 9.375e-05 0.009094)
(0.003094 9.375e-05 0.009094)
(0.003156 9.375e-05 0.009094)
(0.003219 9.375e-05 0.009094)
(0.003281 9.375e-05 0.009094)
(0.003344 9.375e-05 0.009094)
(0.003406 9.375e-05 0.009094)
(0.003469 9.375e-05 0.009094)
(0.003531 9.375e-05 0.009094)
(0.003594 9.375e-05 0.009094)
(0.003656 9.375e-05 0.009094)
(0.003719 9.375e-05 0.009094)
(0.003781 9.375e-05 0.009094)
(0.003844 9.375e-05 0.009094)
(0.003906 9.375e-05 0.009094)
(0.003969 9.375e-05 0.009094)
(0.002531 0.0001562 0.009094)
(0.002594 0.0001563 0.009094)
(0.002656 0.0001563 0.009094)
(0.002719 0.0001562 0.009094)
(0.002781 0.0001563 0.009094)
(0.002844 0.0001563 0.009094)
(0.002906 0.0001563 0.009094)
(0.002969 0.0001563 0.009094)
(0.003031 0.0001563 0.009094)
(0.003094 0.0001562 0.009094)
(0.003156 0.0001563 0.009094)
(0.003219 0.0001562 0.009094)
(0.003281 0.0001562 0.009094)
(0.003344 0.0001563 0.009094)
(0.003406 0.0001563 0.009094)
(0.003469 0.0001563 0.009094)
(0.003531 0.0001563 0.009094)
(0.003594 0.0001562 0.009094)
(0.003656 0.0001562 0.009094)
(0.003719 0.0001562 0.009094)
(0.003781 0.0001562 0.009094)
(0.003844 0.0001562 0.009094)
(0.003906 0.0001562 0.009094)
(0.003969 0.0001562 0.009094)
(0.002531 0.0002188 0.009094)
(0.002594 0.0002188 0.009094)
(0.002656 0.0002188 0.009094)
(0.002719 0.0002188 0.009094)
(0.002781 0.0002188 0.009094)
(0.002844 0.0002188 0.009094)
(0.002906 0.0002188 0.009094)
(0.002969 0.0002188 0.009094)
(0.003031 0.0002188 0.009094)
(0.003094 0.0002188 0.009094)
(0.003156 0.0002188 0.009094)
(0.003219 0.0002188 0.009094)
(0.003281 0.0002188 0.009094)
(0.003344 0.0002188 0.009094)
(0.003406 0.0002188 0.009094)
(0.003469 0.0002188 0.009094)
(0.003531 0.0002188 0.009094)
(0.003594 0.0002188 0.009094)
(0.003656 0.0002188 0.009094)
(0.003719 0.0002188 0.009094)
(0.003781 0.0002188 0.009094)
(0.003844 0.0002188 0.009094)
(0.003906 0.0002188 0.009094)
(0.003969 0.0002188 0.009094)
(0.002531 0.0002812 0.009094)
(0.002594 0.0002812 0.009094)
(0.002656 0.0002813 0.009094)
(0.002719 0.0002813 0.009094)
(0.002781 0.0002813 0.009094)
(0.002844 0.0002813 0.009094)
(0.002906 0.0002812 0.009094)
(0.002969 0.0002812 0.009094)
(0.003031 0.0002812 0.009094)
(0.003094 0.0002813 0.009094)
(0.003156 0.0002812 0.009094)
(0.003219 0.0002812 0.009094)
(0.003281 0.0002812 0.009094)
(0.003344 0.0002813 0.009094)
(0.003406 0.0002813 0.009094)
(0.003469 0.0002812 0.009094)
(0.003531 0.0002812 0.009094)
(0.003594 0.0002812 0.009094)
(0.003656 0.0002812 0.009094)
(0.003719 0.0002813 0.009094)
(0.003781 0.0002812 0.009094)
(0.003844 0.0002812 0.009094)
(0.003906 0.0002813 0.009094)
(0.003969 0.0002813 0.009094)
(0.002531 0.0003437 0.009094)
(0.002594 0.0003438 0.009094)
(0.002656 0.0003437 0.009094)
(0.002719 0.0003438 0.009094)
(0.002781 0.0003438 0.009094)
(0.002844 0.0003438 0.009094)
(0.002906 0.0003438 0.009094)
(0.002969 0.0003438 0.009094)
(0.003031 0.0003438 0.009094)
(0.003094 0.0003437 0.009094)
(0.003156 0.0003438 0.009094)
(0.003219 0.0003437 0.009094)
(0.003281 0.0003437 0.009094)
(0.003344 0.0003437 0.009094)
(0.003406 0.0003438 0.009094)
(0.003469 0.0003437 0.009094)
(0.003531 0.0003437 0.009094)
(0.003594 0.0003437 0.009094)
(0.003656 0.0003437 0.009094)
(0.003719 0.0003437 0.009094)
(0.003781 0.0003437 0.009094)
(0.003844 0.0003438 0.009094)
(0.003906 0.0003438 0.009094)
(0.003969 0.0003438 0.009094)
(0.002531 0.0004062 0.009094)
(0.002594 0.0004062 0.009094)
(0.002656 0.0004063 0.009094)
(0.002719 0.0004063 0.009094)
(0.002781 0.0004062 0.009094)
(0.002844 0.0004063 0.009094)
(0.002906 0.0004063 0.009094)
(0.002969 0.0004062 0.009094)
(0.003031 0.0004062 0.009094)
(0.003094 0.0004062 0.009094)
(0.003156 0.0004063 0.009094)
(0.003219 0.0004062 0.009094)
(0.003281 0.0004062 0.009094)
(0.003344 0.0004062 0.009094)
(0.003406 0.0004063 0.009094)
(0.003469 0.0004062 0.009094)
(0.003531 0.0004062 0.009094)
(0.003594 0.0004062 0.009094)
(0.003656 0.0004062 0.009094)
(0.003719 0.0004062 0.009094)
(0.003781 0.0004062 0.009094)
(0.003844 0.0004063 0.009094)
(0.003906 0.0004062 0.009094)
(0.003969 0.0004062 0.009094)
(0.002531 0.0004687 0.009094)
(0.002594 0.0004688 0.009094)
(0.002656 0.0004687 0.009094)
(0.002719 0.0004687 0.009094)
(0.002781 0.0004688 0.009094)
(0.002844 0.0004688 0.009094)
(0.002906 0.0004688 0.009094)
(0.002969 0.0004687 0.009094)
(0.003031 0.0004688 0.009094)
(0.003094 0.0004687 0.009094)
(0.003156 0.0004688 0.009094)
(0.003219 0.0004687 0.009094)
(0.003281 0.0004687 0.009094)
(0.003344 0.0004687 0.009094)
(0.003406 0.0004687 0.009094)
(0.003469 0.0004687 0.009094)
(0.003531 0.0004687 0.009094)
(0.003594 0.0004687 0.009094)
(0.003656 0.0004687 0.009094)
(0.003719 0.0004687 0.009094)
(0.003781 0.0004687 0.009094)
(0.003844 0.0004688 0.009094)
(0.003906 0.0004687 0.009094)
(0.003969 0.0004687 0.009094)
(0.002531 3.125e-05 0.009156)
(0.002594 3.125e-05 0.009156)
(0.002656 3.125e-05 0.009156)
(0.002719 3.125e-05 0.009156)
(0.002781 3.125e-05 0.009156)
(0.002844 3.125e-05 0.009156)
(0.002906 3.125e-05 0.009156)
(0.002969 3.125e-05 0.009156)
(0.003031 3.125e-05 0.009156)
(0.003094 3.125e-05 0.009156)
(0.003156 3.125e-05 0.009156)
(0.003219 3.125e-05 0.009156)
(0.003281 3.125e-05 0.009156)
(0.003344 3.125e-05 0.009156)
(0.003406 3.125e-05 0.009156)
(0.003469 3.125e-05 0.009156)
(0.003531 3.125e-05 0.009156)
(0.003594 3.125e-05 0.009156)
(0.003656 3.125e-05 0.009156)
(0.003719 3.125e-05 0.009156)
(0.003781 3.125e-05 0.009156)
(0.003844 3.125e-05 0.009156)
(0.003906 3.125e-05 0.009156)
(0.003969 3.125e-05 0.009156)
(0.002531 9.375e-05 0.009156)
(0.002594 9.375e-05 0.009156)
(0.002656 9.375e-05 0.009156)
(0.002719 9.375e-05 0.009156)
(0.002781 9.375e-05 0.009156)
(0.002844 9.375e-05 0.009156)
(0.002906 9.375e-05 0.009156)
(0.002969 9.375e-05 0.009156)
(0.003031 9.375e-05 0.009156)
(0.003094 9.375e-05 0.009156)
(0.003156 9.375e-05 0.009156)
(0.003219 9.375e-05 0.009156)
(0.003281 9.375e-05 0.009156)
(0.003344 9.375e-05 0.009156)
(0.003406 9.375e-05 0.009156)
(0.003469 9.375e-05 0.009156)
(0.003531 9.375e-05 0.009156)
(0.003594 9.375e-05 0.009156)
(0.003656 9.375e-05 0.009156)
(0.003719 9.375e-05 0.009156)
(0.003781 9.375e-05 0.009156)
(0.003844 9.375e-05 0.009156)
(0.003906 9.375e-05 0.009156)
(0.003969 9.375e-05 0.009156)
(0.002531 0.0001563 0.009156)
(0.002594 0.0001562 0.009156)
(0.002656 0.0001563 0.009156)
(0.002719 0.0001563 0.009156)
(0.002781 0.0001562 0.009156)
(0.002844 0.0001563 0.009156)
(0.002906 0.0001563 0.009156)
(0.002969 0.0001562 0.009156)
(0.003031 0.0001563 0.009156)
(0.003094 0.0001563 0.009156)
(0.003156 0.0001563 0.009156)
(0.003219 0.0001563 0.009156)
(0.003281 0.0001563 0.009156)
(0.003344 0.0001562 0.009156)
(0.003406 0.0001562 0.009156)
(0.003469 0.0001562 0.009156)
(0.003531 0.0001562 0.009156)
(0.003594 0.0001563 0.009156)
(0.003656 0.0001563 0.009156)
(0.003719 0.0001563 0.009156)
(0.003781 0.0001563 0.009156)
(0.003844 0.0001563 0.009156)
(0.003906 0.0001563 0.009156)
(0.003969 0.0001563 0.009156)
(0.002531 0.0002188 0.009156)
(0.002594 0.0002188 0.009156)
(0.002656 0.0002188 0.009156)
(0.002719 0.0002188 0.009156)
(0.002781 0.0002188 0.009156)
(0.002844 0.0002188 0.009156)
(0.002906 0.0002188 0.009156)
(0.002969 0.0002188 0.009156)
(0.003031 0.0002188 0.009156)
(0.003094 0.0002188 0.009156)
(0.003156 0.0002188 0.009156)
(0.003219 0.0002188 0.009156)
(0.003281 0.0002188 0.009156)
(0.003344 0.0002187 0.009156)
(0.003406 0.0002187 0.009156)
(0.003469 0.0002188 0.009156)
(0.003531 0.0002188 0.009156)
(0.003594 0.0002187 0.009156)
(0.003656 0.0002188 0.009156)
(0.003719 0.0002188 0.009156)
(0.003781 0.0002188 0.009156)
(0.003844 0.0002188 0.009156)
(0.003906 0.0002188 0.009156)
(0.003969 0.0002188 0.009156)
(0.002531 0.0002812 0.009156)
(0.002594 0.0002812 0.009156)
(0.002656 0.0002813 0.009156)
(0.002719 0.0002813 0.009156)
(0.002781 0.0002812 0.009156)
(0.002844 0.0002812 0.009156)
(0.002906 0.0002812 0.009156)
(0.002969 0.0002812 0.009156)
(0.003031 0.0002813 0.009156)
(0.003094 0.0002812 0.009156)
(0.003156 0.0002812 0.009156)
(0.003219 0.0002812 0.009156)
(0.003281 0.0002812 0.009156)
(0.003344 0.0002812 0.009156)
(0.003406 0.0002812 0.009156)
(0.003469 0.0002812 0.009156)
(0.003531 0.0002812 0.009156)
(0.003594 0.0002812 0.009156)
(0.003656 0.0002812 0.009156)
(0.003719 0.0002813 0.009156)
(0.003781 0.0002812 0.009156)
(0.003844 0.0002812 0.009156)
(0.003906 0.0002812 0.009156)
(0.003969 0.0002813 0.009156)
(0.002531 0.0003437 0.009156)
(0.002594 0.0003437 0.009156)
(0.002656 0.0003437 0.009156)
(0.002719 0.0003438 0.009156)
(0.002781 0.0003437 0.009156)
(0.002844 0.0003438 0.009156)
(0.002906 0.0003438 0.009156)
(0.002969 0.0003438 0.009156)
(0.003031 0.0003438 0.009156)
(0.003094 0.0003437 0.009156)
(0.003156 0.0003438 0.009156)
(0.003219 0.0003437 0.009156)
(0.003281 0.0003437 0.009156)
(0.003344 0.0003437 0.009156)
(0.003406 0.0003437 0.009156)
(0.003469 0.0003437 0.009156)
(0.003531 0.0003437 0.009156)
(0.003594 0.0003438 0.009156)
(0.003656 0.0003437 0.009156)
(0.003719 0.0003438 0.009156)
(0.003781 0.0003438 0.009156)
(0.003844 0.0003438 0.009156)
(0.003906 0.0003437 0.009156)
(0.003969 0.0003438 0.009156)
(0.002531 0.0004062 0.009156)
(0.002594 0.0004062 0.009156)
(0.002656 0.0004063 0.009156)
(0.002719 0.0004062 0.009156)
(0.002781 0.0004062 0.009156)
(0.002844 0.0004062 0.009156)
(0.002906 0.0004062 0.009156)
(0.002969 0.0004063 0.009156)
(0.003031 0.0004063 0.009156)
(0.003094 0.0004062 0.009156)
(0.003156 0.0004063 0.009156)
(0.003219 0.0004062 0.009156)
(0.003281 0.0004062 0.009156)
(0.003344 0.0004062 0.009156)
(0.003406 0.0004062 0.009156)
(0.003469 0.0004062 0.009156)
(0.003531 0.0004062 0.009156)
(0.003594 0.0004062 0.009156)
(0.003656 0.0004062 0.009156)
(0.003719 0.0004063 0.009156)
(0.003781 0.0004062 0.009156)
(0.003844 0.0004063 0.009156)
(0.003906 0.0004062 0.009156)
(0.003969 0.0004063 0.009156)
(0.002531 0.0004688 0.009156)
(0.002594 0.0004687 0.009156)
(0.002656 0.0004688 0.009156)
(0.002719 0.0004688 0.009156)
(0.002781 0.0004687 0.009156)
(0.002844 0.0004687 0.009156)
(0.002906 0.0004687 0.009156)
(0.002969 0.0004688 0.009156)
(0.003031 0.0004687 0.009156)
(0.003094 0.0004688 0.009156)
(0.003156 0.0004688 0.009156)
(0.003219 0.0004687 0.009156)
(0.003281 0.0004687 0.009156)
(0.003344 0.0004687 0.009156)
(0.003406 0.0004687 0.009156)
(0.003469 0.0004688 0.009156)
(0.003531 0.0004688 0.009156)
(0.003594 0.0004687 0.009156)
(0.003656 0.0004687 0.009156)
(0.003719 0.0004688 0.009156)
(0.003781 0.0004688 0.009156)
(0.003844 0.0004688 0.009156)
(0.003906 0.0004688 0.009156)
(0.003969 0.0004687 0.009156)
(0.002531 3.125e-05 0.009219)
(0.002594 3.125e-05 0.009219)
(0.002656 3.125e-05 0.009219)
(0.002719 3.125e-05 0.009219)
(0.002781 3.125e-05 0.009219)
(0.002844 3.125e-05 0.009219)
(0.002906 3.125e-05 0.009219)
(0.002969 3.125e-05 0.009219)
(0.003031 3.125e-05 0.009219)
(0.003094 3.125e-05 0.009219)
(0.003156 3.125e-05 0.009219)
(0.003219 3.125e-05 0.009219)
(0.003281 3.125e-05 0.009219)
(0.003344 3.125e-05 0.009219)
(0.003406 3.125e-05 0.009219)
(0.003469 3.125e-05 0.009219)
(0.003531 3.125e-05 0.009219)
(0.003594 3.125e-05 0.009219)
(0.003656 3.125e-05 0.009219)
(0.003719 3.125e-05 0.009219)
(0.003781 3.125e-05 0.009219)
(0.003844 3.125e-05 0.009219)
(0.003906 3.125e-05 0.009219)
(0.003969 3.125e-05 0.009219)
(0.002531 9.375e-05 0.009219)
(0.002594 9.375e-05 0.009219)
(0.002656 9.375e-05 0.009219)
(0.002719 9.375e-05 0.009219)
(0.002781 9.375e-05 0.009219)
(0.002844 9.375e-05 0.009219)
(0.002906 9.375e-05 0.009219)
(0.002969 9.375e-05 0.009219)
(0.003031 9.375e-05 0.009219)
(0.003094 9.375e-05 0.009219)
(0.003156 9.375e-05 0.009219)
(0.003219 9.375e-05 0.009219)
(0.003281 9.375e-05 0.009219)
(0.003344 9.375e-05 0.009219)
(0.003406 9.375e-05 0.009219)
(0.003469 9.375e-05 0.009219)
(0.003531 9.375e-05 0.009219)
(0.003594 9.375e-05 0.009219)
(0.003656 9.375e-05 0.009219)
(0.003719 9.375e-05 0.009219)
(0.003781 9.375e-05 0.009219)
(0.003844 9.375e-05 0.009219)
(0.003906 9.375e-05 0.009219)
(0.003969 9.375e-05 0.009219)
(0.002531 0.0001563 0.009219)
(0.002594 0.0001562 0.009219)
(0.002656 0.0001563 0.009219)
(0.002719 0.0001562 0.009219)
(0.002781 0.0001562 0.009219)
(0.002844 0.0001563 0.009219)
(0.002906 0.0001563 0.009219)
(0.002969 0.0001562 0.009219)
(0.003031 0.0001563 0.009219)
(0.003094 0.0001562 0.009219)
(0.003156 0.0001563 0.009219)
(0.003219 0.0001563 0.009219)
(0.003281 0.0001563 0.009219)
(0.003344 0.0001562 0.009219)
(0.003406 0.0001562 0.009219)
(0.003469 0.0001562 0.009219)
(0.003531 0.0001562 0.009219)
(0.003594 0.0001563 0.009219)
(0.003656 0.0001562 0.009219)
(0.003719 0.0001562 0.009219)
(0.003781 0.0001563 0.009219)
(0.003844 0.0001563 0.009219)
(0.003906 0.0001562 0.009219)
(0.003969 0.0001563 0.009219)
(0.002531 0.0002188 0.009219)
(0.002594 0.0002188 0.009219)
(0.002656 0.0002188 0.009219)
(0.002719 0.0002188 0.009219)
(0.002781 0.0002188 0.009219)
(0.002844 0.0002188 0.009219)
(0.002906 0.0002188 0.009219)
(0.002969 0.0002188 0.009219)
(0.003031 0.0002188 0.009219)
(0.003094 0.0002188 0.009219)
(0.003156 0.0002188 0.009219)
(0.003219 0.0002188 0.009219)
(0.003281 0.0002188 0.009219)
(0.003344 0.0002188 0.009219)
(0.003406 0.0002188 0.009219)
(0.003469 0.0002188 0.009219)
(0.003531 0.0002188 0.009219)
(0.003594 0.0002188 0.009219)
(0.003656 0.0002188 0.009219)
(0.003719 0.0002188 0.009219)
(0.003781 0.0002188 0.009219)
(0.003844 0.0002188 0.009219)
(0.003906 0.0002188 0.009219)
(0.003969 0.0002188 0.009219)
(0.002531 0.0002813 0.009219)
(0.002594 0.0002812 0.009219)
(0.002656 0.0002813 0.009219)
(0.002719 0.0002813 0.009219)
(0.002781 0.0002813 0.009219)
(0.002844 0.0002813 0.009219)
(0.002906 0.0002813 0.009219)
(0.002969 0.0002812 0.009219)
(0.003031 0.0002813 0.009219)
(0.003094 0.0002813 0.009219)
(0.003156 0.0002813 0.009219)
(0.003219 0.0002813 0.009219)
(0.003281 0.0002813 0.009219)
(0.003344 0.0002813 0.009219)
(0.003406 0.0002813 0.009219)
(0.003469 0.0002813 0.009219)
(0.003531 0.0002813 0.009219)
(0.003594 0.0002812 0.009219)
(0.003656 0.0002812 0.009219)
(0.003719 0.0002813 0.009219)
(0.003781 0.0002812 0.009219)
(0.003844 0.0002813 0.009219)
(0.003906 0.0002813 0.009219)
(0.003969 0.0002813 0.009219)
(0.002531 0.0003437 0.009219)
(0.002594 0.0003438 0.009219)
(0.002656 0.0003437 0.009219)
(0.002719 0.0003437 0.009219)
(0.002781 0.0003438 0.009219)
(0.002844 0.0003438 0.009219)
(0.002906 0.0003438 0.009219)
(0.002969 0.0003438 0.009219)
(0.003031 0.0003438 0.009219)
(0.003094 0.0003438 0.009219)
(0.003156 0.0003438 0.009219)
(0.003219 0.0003438 0.009219)
(0.003281 0.0003438 0.009219)
(0.003344 0.0003438 0.009219)
(0.003406 0.0003438 0.009219)
(0.003469 0.0003438 0.009219)
(0.003531 0.0003438 0.009219)
(0.003594 0.0003437 0.009219)
(0.003656 0.0003437 0.009219)
(0.003719 0.0003438 0.009219)
(0.003781 0.0003437 0.009219)
(0.003844 0.0003437 0.009219)
(0.003906 0.0003438 0.009219)
(0.003969 0.0003438 0.009219)
(0.002531 0.0004062 0.009219)
(0.002594 0.0004063 0.009219)
(0.002656 0.0004063 0.009219)
(0.002719 0.0004062 0.009219)
(0.002781 0.0004063 0.009219)
(0.002844 0.0004063 0.009219)
(0.002906 0.0004063 0.009219)
(0.002969 0.0004063 0.009219)
(0.003031 0.0004063 0.009219)
(0.003094 0.0004062 0.009219)
(0.003156 0.0004063 0.009219)
(0.003219 0.0004063 0.009219)
(0.003281 0.0004063 0.009219)
(0.003344 0.0004062 0.009219)
(0.003406 0.0004063 0.009219)
(0.003469 0.0004063 0.009219)
(0.003531 0.0004063 0.009219)
(0.003594 0.0004062 0.009219)
(0.003656 0.0004062 0.009219)
(0.003719 0.0004062 0.009219)
(0.003781 0.0004062 0.009219)
(0.003844 0.0004063 0.009219)
(0.003906 0.0004063 0.009219)
(0.003969 0.0004063 0.009219)
(0.002531 0.0004687 0.009219)
(0.002594 0.0004687 0.009219)
(0.002656 0.0004687 0.009219)
(0.002719 0.0004687 0.009219)
(0.002781 0.0004687 0.009219)
(0.002844 0.0004687 0.009219)
(0.002906 0.0004687 0.009219)
(0.002969 0.0004688 0.009219)
(0.003031 0.0004687 0.009219)
(0.003094 0.0004688 0.009219)
(0.003156 0.0004688 0.009219)
(0.003219 0.0004688 0.009219)
(0.003281 0.0004688 0.009219)
(0.003344 0.0004688 0.009219)
(0.003406 0.0004688 0.009219)
(0.003469 0.0004688 0.009219)
(0.003531 0.0004687 0.009219)
(0.003594 0.0004687 0.009219)
(0.003656 0.0004687 0.009219)
(0.003719 0.0004688 0.009219)
(0.003781 0.0004688 0.009219)
(0.003844 0.0004687 0.009219)
(0.003906 0.0004688 0.009219)
(0.003969 0.0004687 0.009219)
(0.002531 3.125e-05 0.009281)
(0.002594 3.125e-05 0.009281)
(0.002656 3.125e-05 0.009281)
(0.002719 3.125e-05 0.009281)
(0.002781 3.125e-05 0.009281)
(0.002844 3.125e-05 0.009281)
(0.002906 3.125e-05 0.009281)
(0.002969 3.125e-05 0.009281)
(0.003031 3.125e-05 0.009281)
(0.003094 3.125e-05 0.009281)
(0.003156 3.125e-05 0.009281)
(0.003219 3.125e-05 0.009281)
(0.003281 3.125e-05 0.009281)
(0.003344 3.125e-05 0.009281)
(0.003406 3.125e-05 0.009281)
(0.003469 3.125e-05 0.009281)
(0.003531 3.125e-05 0.009281)
(0.003594 3.125e-05 0.009281)
(0.003656 3.125e-05 0.009281)
(0.003719 3.125e-05 0.009281)
(0.003781 3.125e-05 0.009281)
(0.003844 3.125e-05 0.009281)
(0.003906 3.125e-05 0.009281)
(0.003969 3.125e-05 0.009281)
(0.002531 9.375e-05 0.009281)
(0.002594 9.375e-05 0.009281)
(0.002656 9.375e-05 0.009281)
(0.002719 9.375e-05 0.009281)
(0.002781 9.375e-05 0.009281)
(0.002844 9.375e-05 0.009281)
(0.002906 9.375e-05 0.009281)
(0.002969 9.375e-05 0.009281)
(0.003031 9.375e-05 0.009281)
(0.003094 9.375e-05 0.009281)
(0.003156 9.375e-05 0.009281)
(0.003219 9.375e-05 0.009281)
(0.003281 9.375e-05 0.009281)
(0.003344 9.375e-05 0.009281)
(0.003406 9.375e-05 0.009281)
(0.003469 9.375e-05 0.009281)
(0.003531 9.375e-05 0.009281)
(0.003594 9.375e-05 0.009281)
(0.003656 9.375e-05 0.009281)
(0.003719 9.375e-05 0.009281)
(0.003781 9.375e-05 0.009281)
(0.003844 9.375e-05 0.009281)
(0.003906 9.375e-05 0.009281)
(0.003969 9.375e-05 0.009281)
(0.002531 0.0001562 0.009281)
(0.002594 0.0001563 0.009281)
(0.002656 0.0001562 0.009281)
(0.002719 0.0001562 0.009281)
(0.002781 0.0001563 0.009281)
(0.002844 0.0001563 0.009281)
(0.002906 0.0001563 0.009281)
(0.002969 0.0001563 0.009281)
(0.003031 0.0001563 0.009281)
(0.003094 0.0001562 0.009281)
(0.003156 0.0001563 0.009281)
(0.003219 0.0001562 0.009281)
(0.003281 0.0001562 0.009281)
(0.003344 0.0001563 0.009281)
(0.003406 0.0001563 0.009281)
(0.003469 0.0001563 0.009281)
(0.003531 0.0001563 0.009281)
(0.003594 0.0001562 0.009281)
(0.003656 0.0001563 0.009281)
(0.003719 0.0001562 0.009281)
(0.003781 0.0001562 0.009281)
(0.003844 0.0001562 0.009281)
(0.003906 0.0001562 0.009281)
(0.003969 0.0001562 0.009281)
(0.002531 0.0002188 0.009281)
(0.002594 0.0002188 0.009281)
(0.002656 0.0002187 0.009281)
(0.002719 0.0002188 0.009281)
(0.002781 0.0002188 0.009281)
(0.002844 0.0002188 0.009281)
(0.002906 0.0002188 0.009281)
(0.002969 0.0002188 0.009281)
(0.003031 0.0002188 0.009281)
(0.003094 0.0002188 0.009281)
(0.003156 0.0002188 0.009281)
(0.003219 0.0002188 0.009281)
(0.003281 0.0002188 0.009281)
(0.003344 0.0002188 0.009281)
(0.003406 0.0002188 0.009281)
(0.003469 0.0002188 0.009281)
(0.003531 0.0002188 0.009281)
(0.003594 0.0002188 0.009281)
(0.003656 0.0002188 0.009281)
(0.003719 0.0002188 0.009281)
(0.003781 0.0002188 0.009281)
(0.003844 0.0002188 0.009281)
(0.003906 0.0002188 0.009281)
(0.003969 0.0002188 0.009281)
(0.002531 0.0002812 0.009281)
(0.002594 0.0002812 0.009281)
(0.002656 0.0002813 0.009281)
(0.002719 0.0002813 0.009281)
(0.002781 0.0002813 0.009281)
(0.002844 0.0002813 0.009281)
(0.002906 0.0002812 0.009281)
(0.002969 0.0002812 0.009281)
(0.003031 0.0002812 0.009281)
(0.003094 0.0002813 0.009281)
(0.003156 0.0002812 0.009281)
(0.003219 0.0002812 0.009281)
(0.003281 0.0002812 0.009281)
(0.003344 0.0002813 0.009281)
(0.003406 0.0002813 0.009281)
(0.003469 0.0002812 0.009281)
(0.003531 0.0002812 0.009281)
(0.003594 0.0002812 0.009281)
(0.003656 0.0002812 0.009281)
(0.003719 0.0002813 0.009281)
(0.003781 0.0002812 0.009281)
(0.003844 0.0002812 0.009281)
(0.003906 0.0002813 0.009281)
(0.003969 0.0002813 0.009281)
(0.002531 0.0003437 0.009281)
(0.002594 0.0003438 0.009281)
(0.002656 0.0003437 0.009281)
(0.002719 0.0003438 0.009281)
(0.002781 0.0003438 0.009281)
(0.002844 0.0003438 0.009281)
(0.002906 0.0003438 0.009281)
(0.002969 0.0003438 0.009281)
(0.003031 0.0003438 0.009281)
(0.003094 0.0003437 0.009281)
(0.003156 0.0003437 0.009281)
(0.003219 0.0003437 0.009281)
(0.003281 0.0003437 0.009281)
(0.003344 0.0003437 0.009281)
(0.003406 0.0003438 0.009281)
(0.003469 0.0003437 0.009281)
(0.003531 0.0003437 0.009281)
(0.003594 0.0003437 0.009281)
(0.003656 0.0003437 0.009281)
(0.003719 0.0003437 0.009281)
(0.003781 0.0003437 0.009281)
(0.003844 0.0003438 0.009281)
(0.003906 0.0003438 0.009281)
(0.003969 0.0003438 0.009281)
(0.002531 0.0004062 0.009281)
(0.002594 0.0004062 0.009281)
(0.002656 0.0004063 0.009281)
(0.002719 0.0004063 0.009281)
(0.002781 0.0004062 0.009281)
(0.002844 0.0004063 0.009281)
(0.002906 0.0004063 0.009281)
(0.002969 0.0004062 0.009281)
(0.003031 0.0004062 0.009281)
(0.003094 0.0004062 0.009281)
(0.003156 0.0004063 0.009281)
(0.003219 0.0004062 0.009281)
(0.003281 0.0004062 0.009281)
(0.003344 0.0004062 0.009281)
(0.003406 0.0004063 0.009281)
(0.003469 0.0004062 0.009281)
(0.003531 0.0004062 0.009281)
(0.003594 0.0004062 0.009281)
(0.003656 0.0004062 0.009281)
(0.003719 0.0004062 0.009281)
(0.003781 0.0004062 0.009281)
(0.003844 0.0004063 0.009281)
(0.003906 0.0004062 0.009281)
(0.003969 0.0004062 0.009281)
(0.002531 0.0004687 0.009281)
(0.002594 0.0004688 0.009281)
(0.002656 0.0004687 0.009281)
(0.002719 0.0004687 0.009281)
(0.002781 0.0004688 0.009281)
(0.002844 0.0004688 0.009281)
(0.002906 0.0004688 0.009281)
(0.002969 0.0004687 0.009281)
(0.003031 0.0004688 0.009281)
(0.003094 0.0004687 0.009281)
(0.003156 0.0004687 0.009281)
(0.003219 0.0004687 0.009281)
(0.003281 0.0004687 0.009281)
(0.003344 0.0004687 0.009281)
(0.003406 0.0004687 0.009281)
(0.003469 0.0004687 0.009281)
(0.003531 0.0004687 0.009281)
(0.003594 0.0004687 0.009281)
(0.003656 0.0004687 0.009281)
(0.003719 0.0004687 0.009281)
(0.003781 0.0004687 0.009281)
(0.003844 0.0004688 0.009281)
(0.003906 0.0004687 0.009281)
(0.003969 0.0004687 0.009281)
(0.002531 3.125e-05 0.009344)
(0.002594 3.125e-05 0.009344)
(0.002656 3.125e-05 0.009344)
(0.002719 3.125e-05 0.009344)
(0.002781 3.125e-05 0.009344)
(0.002844 3.125e-05 0.009344)
(0.002906 3.125e-05 0.009344)
(0.002969 3.125e-05 0.009344)
(0.003031 3.125e-05 0.009344)
(0.003094 3.125e-05 0.009344)
(0.003156 3.125e-05 0.009344)
(0.003219 3.125e-05 0.009344)
(0.003281 3.125e-05 0.009344)
(0.003344 3.125e-05 0.009344)
(0.003406 3.125e-05 0.009344)
(0.003469 3.125e-05 0.009344)
(0.003531 3.125e-05 0.009344)
(0.003594 3.125e-05 0.009344)
(0.003656 3.125e-05 0.009344)
(0.003719 3.125e-05 0.009344)
(0.003781 3.125e-05 0.009344)
(0.003844 3.125e-05 0.009344)
(0.003906 3.125e-05 0.009344)
(0.003969 3.125e-05 0.009344)
(0.002531 9.375e-05 0.009344)
(0.002594 9.375e-05 0.009344)
(0.002656 9.375e-05 0.009344)
(0.002719 9.375e-05 0.009344)
(0.002781 9.375e-05 0.009344)
(0.002844 9.375e-05 0.009344)
(0.002906 9.375e-05 0.009344)
(0.002969 9.375e-05 0.009344)
(0.003031 9.375e-05 0.009344)
(0.003094 9.375e-05 0.009344)
(0.003156 9.375e-05 0.009344)
(0.003219 9.375e-05 0.009344)
(0.003281 9.375e-05 0.009344)
(0.003344 9.375e-05 0.009344)
(0.003406 9.375e-05 0.009344)
(0.003469 9.375e-05 0.009344)
(0.003531 9.375e-05 0.009344)
(0.003594 9.375e-05 0.009344)
(0.003656 9.375e-05 0.009344)
(0.003719 9.375e-05 0.009344)
(0.003781 9.375e-05 0.009344)
(0.003844 9.375e-05 0.009344)
(0.003906 9.375e-05 0.009344)
(0.003969 9.375e-05 0.009344)
(0.002531 0.0001562 0.009344)
(0.002594 0.0001563 0.009344)
(0.002656 0.0001563 0.009344)
(0.002719 0.0001562 0.009344)
(0.002781 0.0001563 0.009344)
(0.002844 0.0001563 0.009344)
(0.002906 0.0001563 0.009344)
(0.002969 0.0001563 0.009344)
(0.003031 0.0001563 0.009344)
(0.003094 0.0001562 0.009344)
(0.003156 0.0001563 0.009344)
(0.003219 0.0001562 0.009344)
(0.003281 0.0001562 0.009344)
(0.003344 0.0001563 0.009344)
(0.003406 0.0001563 0.009344)
(0.003469 0.0001563 0.009344)
(0.003531 0.0001563 0.009344)
(0.003594 0.0001562 0.009344)
(0.003656 0.0001562 0.009344)
(0.003719 0.0001562 0.009344)
(0.003781 0.0001562 0.009344)
(0.003844 0.0001562 0.009344)
(0.003906 0.0001562 0.009344)
(0.003969 0.0001562 0.009344)
(0.002531 0.0002188 0.009344)
(0.002594 0.0002188 0.009344)
(0.002656 0.0002188 0.009344)
(0.002719 0.0002188 0.009344)
(0.002781 0.0002188 0.009344)
(0.002844 0.0002188 0.009344)
(0.002906 0.0002188 0.009344)
(0.002969 0.0002188 0.009344)
(0.003031 0.0002188 0.009344)
(0.003094 0.0002188 0.009344)
(0.003156 0.0002188 0.009344)
(0.003219 0.0002188 0.009344)
(0.003281 0.0002188 0.009344)
(0.003344 0.0002188 0.009344)
(0.003406 0.0002188 0.009344)
(0.003469 0.0002188 0.009344)
(0.003531 0.0002188 0.009344)
(0.003594 0.0002188 0.009344)
(0.003656 0.0002188 0.009344)
(0.003719 0.0002188 0.009344)
(0.003781 0.0002188 0.009344)
(0.003844 0.0002188 0.009344)
(0.003906 0.0002188 0.009344)
(0.003969 0.0002188 0.009344)
(0.002531 0.0002813 0.009344)
(0.002594 0.0002812 0.009344)
(0.002656 0.0002813 0.009344)
(0.002719 0.0002813 0.009344)
(0.002781 0.0002813 0.009344)
(0.002844 0.0002813 0.009344)
(0.002906 0.0002813 0.009344)
(0.002969 0.0002812 0.009344)
(0.003031 0.0002813 0.009344)
(0.003094 0.0002813 0.009344)
(0.003156 0.0002812 0.009344)
(0.003219 0.0002813 0.009344)
(0.003281 0.0002813 0.009344)
(0.003344 0.0002813 0.009344)
(0.003406 0.0002813 0.009344)
(0.003469 0.0002813 0.009344)
(0.003531 0.0002813 0.009344)
(0.003594 0.0002812 0.009344)
(0.003656 0.0002812 0.009344)
(0.003719 0.0002813 0.009344)
(0.003781 0.0002812 0.009344)
(0.003844 0.0002813 0.009344)
(0.003906 0.0002813 0.009344)
(0.003969 0.0002813 0.009344)
(0.002531 0.0003437 0.009344)
(0.002594 0.0003438 0.009344)
(0.002656 0.0003437 0.009344)
(0.002719 0.0003437 0.009344)
(0.002781 0.0003438 0.009344)
(0.002844 0.0003438 0.009344)
(0.002906 0.0003438 0.009344)
(0.002969 0.0003438 0.009344)
(0.003031 0.0003438 0.009344)
(0.003094 0.0003438 0.009344)
(0.003156 0.0003437 0.009344)
(0.003219 0.0003438 0.009344)
(0.003281 0.0003438 0.009344)
(0.003344 0.0003438 0.009344)
(0.003406 0.0003438 0.009344)
(0.003469 0.0003438 0.009344)
(0.003531 0.0003438 0.009344)
(0.003594 0.0003437 0.009344)
(0.003656 0.0003437 0.009344)
(0.003719 0.0003438 0.009344)
(0.003781 0.0003437 0.009344)
(0.003844 0.0003437 0.009344)
(0.003906 0.0003438 0.009344)
(0.003969 0.0003438 0.009344)
(0.002531 0.0004062 0.009344)
(0.002594 0.0004063 0.009344)
(0.002656 0.0004063 0.009344)
(0.002719 0.0004062 0.009344)
(0.002781 0.0004063 0.009344)
(0.002844 0.0004063 0.009344)
(0.002906 0.0004063 0.009344)
(0.002969 0.0004063 0.009344)
(0.003031 0.0004063 0.009344)
(0.003094 0.0004062 0.009344)
(0.003156 0.0004063 0.009344)
(0.003219 0.0004063 0.009344)
(0.003281 0.0004063 0.009344)
(0.003344 0.0004062 0.009344)
(0.003406 0.0004063 0.009344)
(0.003469 0.0004063 0.009344)
(0.003531 0.0004063 0.009344)
(0.003594 0.0004062 0.009344)
(0.003656 0.0004062 0.009344)
(0.003719 0.0004062 0.009344)
(0.003781 0.0004062 0.009344)
(0.003844 0.0004063 0.009344)
(0.003906 0.0004063 0.009344)
(0.003969 0.0004063 0.009344)
(0.002531 0.0004687 0.009344)
(0.002594 0.0004687 0.009344)
(0.002656 0.0004687 0.009344)
(0.002719 0.0004687 0.009344)
(0.002781 0.0004687 0.009344)
(0.002844 0.0004687 0.009344)
(0.002906 0.0004687 0.009344)
(0.002969 0.0004688 0.009344)
(0.003031 0.0004687 0.009344)
(0.003094 0.0004688 0.009344)
(0.003156 0.0004687 0.009344)
(0.003219 0.0004688 0.009344)
(0.003281 0.0004688 0.009344)
(0.003344 0.0004688 0.009344)
(0.003406 0.0004688 0.009344)
(0.003469 0.0004688 0.009344)
(0.003531 0.0004687 0.009344)
(0.003594 0.0004687 0.009344)
(0.003656 0.0004687 0.009344)
(0.003719 0.0004688 0.009344)
(0.003781 0.0004688 0.009344)
(0.003844 0.0004687 0.009344)
(0.003906 0.0004688 0.009344)
(0.003969 0.0004687 0.009344)
(0.002531 3.125e-05 0.009406)
(0.002594 3.125e-05 0.009406)
(0.002656 3.125e-05 0.009406)
(0.002719 3.125e-05 0.009406)
(0.002781 3.125e-05 0.009406)
(0.002844 3.125e-05 0.009406)
(0.002906 3.125e-05 0.009406)
(0.002969 3.125e-05 0.009406)
(0.003031 3.125e-05 0.009406)
(0.003094 3.125e-05 0.009406)
(0.003156 3.125e-05 0.009406)
(0.003219 3.125e-05 0.009406)
(0.003281 3.125e-05 0.009406)
(0.003344 3.125e-05 0.009406)
(0.003406 3.125e-05 0.009406)
(0.003469 3.125e-05 0.009406)
(0.003531 3.125e-05 0.009406)
(0.003594 3.125e-05 0.009406)
(0.003656 3.125e-05 0.009406)
(0.003719 3.125e-05 0.009406)
(0.003781 3.125e-05 0.009406)
(0.003844 3.125e-05 0.009406)
(0.003906 3.125e-05 0.009406)
(0.003969 3.125e-05 0.009406)
(0.002531 9.375e-05 0.009406)
(0.002594 9.375e-05 0.009406)
(0.002656 9.375e-05 0.009406)
(0.002719 9.375e-05 0.009406)
(0.002781 9.375e-05 0.009406)
(0.002844 9.375e-05 0.009406)
(0.002906 9.375e-05 0.009406)
(0.002969 9.375e-05 0.009406)
(0.003031 9.375e-05 0.009406)
(0.003094 9.375e-05 0.009406)
(0.003156 9.375e-05 0.009406)
(0.003219 9.375e-05 0.009406)
(0.003281 9.375e-05 0.009406)
(0.003344 9.375e-05 0.009406)
(0.003406 9.375e-05 0.009406)
(0.003469 9.375e-05 0.009406)
(0.003531 9.375e-05 0.009406)
(0.003594 9.375e-05 0.009406)
(0.003656 9.375e-05 0.009406)
(0.003719 9.375e-05 0.009406)
(0.003781 9.375e-05 0.009406)
(0.003844 9.375e-05 0.009406)
(0.003906 9.375e-05 0.009406)
(0.003969 9.375e-05 0.009406)
(0.002531 0.0001562 0.009406)
(0.002594 0.0001563 0.009406)
(0.002656 0.0001562 0.009406)
(0.002719 0.0001562 0.009406)
(0.002781 0.0001563 0.009406)
(0.002844 0.0001563 0.009406)
(0.002906 0.0001563 0.009406)
(0.002969 0.0001563 0.009406)
(0.003031 0.0001563 0.009406)
(0.003094 0.0001562 0.009406)
(0.003156 0.0001563 0.009406)
(0.003219 0.0001562 0.009406)
(0.003281 0.0001562 0.009406)
(0.003344 0.0001563 0.009406)
(0.003406 0.0001563 0.009406)
(0.003469 0.0001563 0.009406)
(0.003531 0.0001563 0.009406)
(0.003594 0.0001562 0.009406)
(0.003656 0.0001563 0.009406)
(0.003719 0.0001562 0.009406)
(0.003781 0.0001562 0.009406)
(0.003844 0.0001562 0.009406)
(0.003906 0.0001562 0.009406)
(0.003969 0.0001562 0.009406)
(0.002531 0.0002188 0.009406)
(0.002594 0.0002188 0.009406)
(0.002656 0.0002187 0.009406)
(0.002719 0.0002188 0.009406)
(0.002781 0.0002188 0.009406)
(0.002844 0.0002188 0.009406)
(0.002906 0.0002188 0.009406)
(0.002969 0.0002188 0.009406)
(0.003031 0.0002188 0.009406)
(0.003094 0.0002188 0.009406)
(0.003156 0.0002188 0.009406)
(0.003219 0.0002188 0.009406)
(0.003281 0.0002188 0.009406)
(0.003344 0.0002188 0.009406)
(0.003406 0.0002188 0.009406)
(0.003469 0.0002188 0.009406)
(0.003531 0.0002188 0.009406)
(0.003594 0.0002188 0.009406)
(0.003656 0.0002188 0.009406)
(0.003719 0.0002188 0.009406)
(0.003781 0.0002188 0.009406)
(0.003844 0.0002188 0.009406)
(0.003906 0.0002188 0.009406)
(0.003969 0.0002188 0.009406)
(0.002531 0.0002812 0.009406)
(0.002594 0.0002812 0.009406)
(0.002656 0.0002813 0.009406)
(0.002719 0.0002813 0.009406)
(0.002781 0.0002812 0.009406)
(0.002844 0.0002812 0.009406)
(0.002906 0.0002812 0.009406)
(0.002969 0.0002812 0.009406)
(0.003031 0.0002813 0.009406)
(0.003094 0.0002812 0.009406)
(0.003156 0.0002813 0.009406)
(0.003219 0.0002812 0.009406)
(0.003281 0.0002812 0.009406)
(0.003344 0.0002812 0.009406)
(0.003406 0.0002812 0.009406)
(0.003469 0.0002812 0.009406)
(0.003531 0.0002812 0.009406)
(0.003594 0.0002812 0.009406)
(0.003656 0.0002812 0.009406)
(0.003719 0.0002813 0.009406)
(0.003781 0.0002812 0.009406)
(0.003844 0.0002812 0.009406)
(0.003906 0.0002812 0.009406)
(0.003969 0.0002813 0.009406)
(0.002531 0.0003438 0.009406)
(0.002594 0.0003437 0.009406)
(0.002656 0.0003437 0.009406)
(0.002719 0.0003438 0.009406)
(0.002781 0.0003437 0.009406)
(0.002844 0.0003438 0.009406)
(0.002906 0.0003438 0.009406)
(0.002969 0.0003438 0.009406)
(0.003031 0.0003438 0.009406)
(0.003094 0.0003437 0.009406)
(0.003156 0.0003437 0.009406)
(0.003219 0.0003437 0.009406)
(0.003281 0.0003437 0.009406)
(0.003344 0.0003437 0.009406)
(0.003406 0.0003437 0.009406)
(0.003469 0.0003437 0.009406)
(0.003531 0.0003437 0.009406)
(0.003594 0.0003438 0.009406)
(0.003656 0.0003437 0.009406)
(0.003719 0.0003438 0.009406)
(0.003781 0.0003438 0.009406)
(0.003844 0.0003438 0.009406)
(0.003906 0.0003437 0.009406)
(0.003969 0.0003438 0.009406)
(0.002531 0.0004062 0.009406)
(0.002594 0.0004062 0.009406)
(0.002656 0.0004063 0.009406)
(0.002719 0.0004062 0.009406)
(0.002781 0.0004062 0.009406)
(0.002844 0.0004062 0.009406)
(0.002906 0.0004062 0.009406)
(0.002969 0.0004063 0.009406)
(0.003031 0.0004063 0.009406)
(0.003094 0.0004062 0.009406)
(0.003156 0.0004063 0.009406)
(0.003219 0.0004062 0.009406)
(0.003281 0.0004062 0.009406)
(0.003344 0.0004062 0.009406)
(0.003406 0.0004062 0.009406)
(0.003469 0.0004062 0.009406)
(0.003531 0.0004062 0.009406)
(0.003594 0.0004062 0.009406)
(0.003656 0.0004062 0.009406)
(0.003719 0.0004063 0.009406)
(0.003781 0.0004062 0.009406)
(0.003844 0.0004063 0.009406)
(0.003906 0.0004062 0.009406)
(0.003969 0.0004063 0.009406)
(0.002531 0.0004687 0.009406)
(0.002594 0.0004687 0.009406)
(0.002656 0.0004687 0.009406)
(0.002719 0.0004687 0.009406)
(0.002781 0.0004687 0.009406)
(0.002844 0.0004687 0.009406)
(0.002906 0.0004687 0.009406)
(0.002969 0.0004688 0.009406)
(0.003031 0.0004687 0.009406)
(0.003094 0.0004687 0.009406)
(0.003156 0.0004687 0.009406)
(0.003219 0.0004687 0.009406)
(0.003281 0.0004687 0.009406)
(0.003344 0.0004687 0.009406)
(0.003406 0.0004687 0.009406)
(0.003469 0.0004687 0.009406)
(0.003531 0.0004687 0.009406)
(0.003594 0.0004687 0.009406)
(0.003656 0.0004687 0.009406)
(0.003719 0.0004687 0.009406)
(0.003781 0.0004687 0.009406)
(0.003844 0.0004687 0.009406)
(0.003906 0.0004687 0.009406)
(0.003969 0.0004687 0.009406)
(0.002531 3.125e-05 0.009469)
(0.002594 3.125e-05 0.009469)
(0.002656 3.125e-05 0.009469)
(0.002719 3.125e-05 0.009469)
(0.002781 3.125e-05 0.009469)
(0.002844 3.125e-05 0.009469)
(0.002906 3.125e-05 0.009469)
(0.002969 3.125e-05 0.009469)
(0.003031 3.125e-05 0.009469)
(0.003094 3.125e-05 0.009469)
(0.003156 3.125e-05 0.009469)
(0.003219 3.125e-05 0.009469)
(0.003281 3.125e-05 0.009469)
(0.003344 3.125e-05 0.009469)
(0.003406 3.125e-05 0.009469)
(0.003469 3.125e-05 0.009469)
(0.003531 3.125e-05 0.009469)
(0.003594 3.125e-05 0.009469)
(0.003656 3.125e-05 0.009469)
(0.003719 3.125e-05 0.009469)
(0.003781 3.125e-05 0.009469)
(0.003844 3.125e-05 0.009469)
(0.003906 3.125e-05 0.009469)
(0.003969 3.125e-05 0.009469)
(0.002531 9.375e-05 0.009469)
(0.002594 9.375e-05 0.009469)
(0.002656 9.375e-05 0.009469)
(0.002719 9.375e-05 0.009469)
(0.002781 9.375e-05 0.009469)
(0.002844 9.375e-05 0.009469)
(0.002906 9.375e-05 0.009469)
(0.002969 9.375e-05 0.009469)
(0.003031 9.375e-05 0.009469)
(0.003094 9.375e-05 0.009469)
(0.003156 9.375e-05 0.009469)
(0.003219 9.375e-05 0.009469)
(0.003281 9.375e-05 0.009469)
(0.003344 9.375e-05 0.009469)
(0.003406 9.375e-05 0.009469)
(0.003469 9.375e-05 0.009469)
(0.003531 9.375e-05 0.009469)
(0.003594 9.375e-05 0.009469)
(0.003656 9.375e-05 0.009469)
(0.003719 9.375e-05 0.009469)
(0.003781 9.375e-05 0.009469)
(0.003844 9.375e-05 0.009469)
(0.003906 9.375e-05 0.009469)
(0.003969 9.375e-05 0.009469)
(0.002531 0.0001563 0.009469)
(0.002594 0.0001562 0.009469)
(0.002656 0.0001563 0.009469)
(0.002719 0.0001563 0.009469)
(0.002781 0.0001562 0.009469)
(0.002844 0.0001563 0.009469)
(0.002906 0.0001563 0.009469)
(0.002969 0.0001562 0.009469)
(0.003031 0.0001563 0.009469)
(0.003094 0.0001563 0.009469)
(0.003156 0.0001563 0.009469)
(0.003219 0.0001563 0.009469)
(0.003281 0.0001563 0.009469)
(0.003344 0.0001562 0.009469)
(0.003406 0.0001562 0.009469)
(0.003469 0.0001562 0.009469)
(0.003531 0.0001562 0.009469)
(0.003594 0.0001563 0.009469)
(0.003656 0.0001562 0.009469)
(0.003719 0.0001563 0.009469)
(0.003781 0.0001563 0.009469)
(0.003844 0.0001563 0.009469)
(0.003906 0.0001563 0.009469)
(0.003969 0.0001563 0.009469)
(0.002531 0.0002188 0.009469)
(0.002594 0.0002188 0.009469)
(0.002656 0.0002187 0.009469)
(0.002719 0.0002188 0.009469)
(0.002781 0.0002188 0.009469)
(0.002844 0.0002188 0.009469)
(0.002906 0.0002188 0.009469)
(0.002969 0.0002188 0.009469)
(0.003031 0.0002188 0.009469)
(0.003094 0.0002188 0.009469)
(0.003156 0.0002188 0.009469)
(0.003219 0.0002188 0.009469)
(0.003281 0.0002188 0.009469)
(0.003344 0.0002187 0.009469)
(0.003406 0.0002187 0.009469)
(0.003469 0.0002188 0.009469)
(0.003531 0.0002188 0.009469)
(0.003594 0.0002187 0.009469)
(0.003656 0.0002188 0.009469)
(0.003719 0.0002188 0.009469)
(0.003781 0.0002188 0.009469)
(0.003844 0.0002188 0.009469)
(0.003906 0.0002188 0.009469)
(0.003969 0.0002188 0.009469)
(0.002531 0.0002812 0.009469)
(0.002594 0.0002812 0.009469)
(0.002656 0.0002813 0.009469)
(0.002719 0.0002813 0.009469)
(0.002781 0.0002813 0.009469)
(0.002844 0.0002813 0.009469)
(0.002906 0.0002812 0.009469)
(0.002969 0.0002812 0.009469)
(0.003031 0.0002812 0.009469)
(0.003094 0.0002813 0.009469)
(0.003156 0.0002812 0.009469)
(0.003219 0.0002812 0.009469)
(0.003281 0.0002812 0.009469)
(0.003344 0.0002813 0.009469)
(0.003406 0.0002813 0.009469)
(0.003469 0.0002812 0.009469)
(0.003531 0.0002812 0.009469)
(0.003594 0.0002812 0.009469)
(0.003656 0.0002812 0.009469)
(0.003719 0.0002813 0.009469)
(0.003781 0.0002812 0.009469)
(0.003844 0.0002812 0.009469)
(0.003906 0.0002813 0.009469)
(0.003969 0.0002813 0.009469)
(0.002531 0.0003437 0.009469)
(0.002594 0.0003438 0.009469)
(0.002656 0.0003437 0.009469)
(0.002719 0.0003438 0.009469)
(0.002781 0.0003438 0.009469)
(0.002844 0.0003438 0.009469)
(0.002906 0.0003438 0.009469)
(0.002969 0.0003438 0.009469)
(0.003031 0.0003438 0.009469)
(0.003094 0.0003437 0.009469)
(0.003156 0.0003437 0.009469)
(0.003219 0.0003437 0.009469)
(0.003281 0.0003437 0.009469)
(0.003344 0.0003437 0.009469)
(0.003406 0.0003438 0.009469)
(0.003469 0.0003437 0.009469)
(0.003531 0.0003437 0.009469)
(0.003594 0.0003437 0.009469)
(0.003656 0.0003437 0.009469)
(0.003719 0.0003437 0.009469)
(0.003781 0.0003437 0.009469)
(0.003844 0.0003438 0.009469)
(0.003906 0.0003438 0.009469)
(0.003969 0.0003438 0.009469)
(0.002531 0.0004062 0.009469)
(0.002594 0.0004062 0.009469)
(0.002656 0.0004063 0.009469)
(0.002719 0.0004063 0.009469)
(0.002781 0.0004062 0.009469)
(0.002844 0.0004063 0.009469)
(0.002906 0.0004063 0.009469)
(0.002969 0.0004062 0.009469)
(0.003031 0.0004062 0.009469)
(0.003094 0.0004062 0.009469)
(0.003156 0.0004063 0.009469)
(0.003219 0.0004062 0.009469)
(0.003281 0.0004062 0.009469)
(0.003344 0.0004062 0.009469)
(0.003406 0.0004063 0.009469)
(0.003469 0.0004062 0.009469)
(0.003531 0.0004062 0.009469)
(0.003594 0.0004062 0.009469)
(0.003656 0.0004062 0.009469)
(0.003719 0.0004062 0.009469)
(0.003781 0.0004062 0.009469)
(0.003844 0.0004063 0.009469)
(0.003906 0.0004062 0.009469)
(0.003969 0.0004062 0.009469)
(0.002531 0.0004687 0.009469)
(0.002594 0.0004688 0.009469)
(0.002656 0.0004687 0.009469)
(0.002719 0.0004687 0.009469)
(0.002781 0.0004688 0.009469)
(0.002844 0.0004688 0.009469)
(0.002906 0.0004688 0.009469)
(0.002969 0.0004687 0.009469)
(0.003031 0.0004688 0.009469)
(0.003094 0.0004687 0.009469)
(0.003156 0.0004687 0.009469)
(0.003219 0.0004687 0.009469)
(0.003281 0.0004687 0.009469)
(0.003344 0.0004687 0.009469)
(0.003406 0.0004687 0.009469)
(0.003469 0.0004687 0.009469)
(0.003531 0.0004687 0.009469)
(0.003594 0.0004687 0.009469)
(0.003656 0.0004687 0.009469)
(0.003719 0.0004687 0.009469)
(0.003781 0.0004687 0.009469)
(0.003844 0.0004688 0.009469)
(0.003906 0.0004687 0.009469)
(0.003969 0.0004687 0.009469)
(0.002531 3.125e-05 0.009531)
(0.002594 3.125e-05 0.009531)
(0.002656 3.125e-05 0.009531)
(0.002719 3.125e-05 0.009531)
(0.002781 3.125e-05 0.009531)
(0.002844 3.125e-05 0.009531)
(0.002906 3.125e-05 0.009531)
(0.002969 3.125e-05 0.009531)
(0.003031 3.125e-05 0.009531)
(0.003094 3.125e-05 0.009531)
(0.003156 3.125e-05 0.009531)
(0.003219 3.125e-05 0.009531)
(0.003281 3.125e-05 0.009531)
(0.003344 3.125e-05 0.009531)
(0.003406 3.125e-05 0.009531)
(0.003469 3.125e-05 0.009531)
(0.003531 3.125e-05 0.009531)
(0.003594 3.125e-05 0.009531)
(0.003656 3.125e-05 0.009531)
(0.003719 3.125e-05 0.009531)
(0.003781 3.125e-05 0.009531)
(0.003844 3.125e-05 0.009531)
(0.003906 3.125e-05 0.009531)
(0.003969 3.125e-05 0.009531)
(0.002531 9.375e-05 0.009531)
(0.002594 9.375e-05 0.009531)
(0.002656 9.375e-05 0.009531)
(0.002719 9.375e-05 0.009531)
(0.002781 9.375e-05 0.009531)
(0.002844 9.375e-05 0.009531)
(0.002906 9.375e-05 0.009531)
(0.002969 9.375e-05 0.009531)
(0.003031 9.375e-05 0.009531)
(0.003094 9.375e-05 0.009531)
(0.003156 9.375e-05 0.009531)
(0.003219 9.375e-05 0.009531)
(0.003281 9.375e-05 0.009531)
(0.003344 9.375e-05 0.009531)
(0.003406 9.375e-05 0.009531)
(0.003469 9.375e-05 0.009531)
(0.003531 9.375e-05 0.009531)
(0.003594 9.375e-05 0.009531)
(0.003656 9.375e-05 0.009531)
(0.003719 9.375e-05 0.009531)
(0.003781 9.375e-05 0.009531)
(0.003844 9.375e-05 0.009531)
(0.003906 9.375e-05 0.009531)
(0.003969 9.375e-05 0.009531)
(0.002531 0.0001562 0.009531)
(0.002594 0.0001563 0.009531)
(0.002656 0.0001563 0.009531)
(0.002719 0.0001562 0.009531)
(0.002781 0.0001563 0.009531)
(0.002844 0.0001563 0.009531)
(0.002906 0.0001563 0.009531)
(0.002969 0.0001563 0.009531)
(0.003031 0.0001563 0.009531)
(0.003094 0.0001562 0.009531)
(0.003156 0.0001563 0.009531)
(0.003219 0.0001562 0.009531)
(0.003281 0.0001562 0.009531)
(0.003344 0.0001563 0.009531)
(0.003406 0.0001563 0.009531)
(0.003469 0.0001563 0.009531)
(0.003531 0.0001563 0.009531)
(0.003594 0.0001562 0.009531)
(0.003656 0.0001562 0.009531)
(0.003719 0.0001562 0.009531)
(0.003781 0.0001562 0.009531)
(0.003844 0.0001562 0.009531)
(0.003906 0.0001562 0.009531)
(0.003969 0.0001562 0.009531)
(0.002531 0.0002188 0.009531)
(0.002594 0.0002188 0.009531)
(0.002656 0.0002187 0.009531)
(0.002719 0.0002188 0.009531)
(0.002781 0.0002188 0.009531)
(0.002844 0.0002188 0.009531)
(0.002906 0.0002188 0.009531)
(0.002969 0.0002188 0.009531)
(0.003031 0.0002188 0.009531)
(0.003094 0.0002188 0.009531)
(0.003156 0.0002188 0.009531)
(0.003219 0.0002188 0.009531)
(0.003281 0.0002188 0.009531)
(0.003344 0.0002188 0.009531)
(0.003406 0.0002188 0.009531)
(0.003469 0.0002188 0.009531)
(0.003531 0.0002188 0.009531)
(0.003594 0.0002188 0.009531)
(0.003656 0.0002188 0.009531)
(0.003719 0.0002188 0.009531)
(0.003781 0.0002188 0.009531)
(0.003844 0.0002188 0.009531)
(0.003906 0.0002188 0.009531)
(0.003969 0.0002188 0.009531)
(0.002531 0.0002812 0.009531)
(0.002594 0.0002812 0.009531)
(0.002656 0.0002813 0.009531)
(0.002719 0.0002813 0.009531)
(0.002781 0.0002813 0.009531)
(0.002844 0.0002813 0.009531)
(0.002906 0.0002812 0.009531)
(0.002969 0.0002812 0.009531)
(0.003031 0.0002812 0.009531)
(0.003094 0.0002813 0.009531)
(0.003156 0.0002812 0.009531)
(0.003219 0.0002812 0.009531)
(0.003281 0.0002812 0.009531)
(0.003344 0.0002813 0.009531)
(0.003406 0.0002813 0.009531)
(0.003469 0.0002812 0.009531)
(0.003531 0.0002812 0.009531)
(0.003594 0.0002812 0.009531)
(0.003656 0.0002812 0.009531)
(0.003719 0.0002813 0.009531)
(0.003781 0.0002812 0.009531)
(0.003844 0.0002812 0.009531)
(0.003906 0.0002813 0.009531)
(0.003969 0.0002813 0.009531)
(0.002531 0.0003437 0.009531)
(0.002594 0.0003438 0.009531)
(0.002656 0.0003437 0.009531)
(0.002719 0.0003438 0.009531)
(0.002781 0.0003438 0.009531)
(0.002844 0.0003438 0.009531)
(0.002906 0.0003438 0.009531)
(0.002969 0.0003438 0.009531)
(0.003031 0.0003438 0.009531)
(0.003094 0.0003437 0.009531)
(0.003156 0.0003437 0.009531)
(0.003219 0.0003437 0.009531)
(0.003281 0.0003437 0.009531)
(0.003344 0.0003437 0.009531)
(0.003406 0.0003438 0.009531)
(0.003469 0.0003437 0.009531)
(0.003531 0.0003437 0.009531)
(0.003594 0.0003437 0.009531)
(0.003656 0.0003437 0.009531)
(0.003719 0.0003437 0.009531)
(0.003781 0.0003437 0.009531)
(0.003844 0.0003438 0.009531)
(0.003906 0.0003438 0.009531)
(0.003969 0.0003438 0.009531)
(0.002531 0.0004062 0.009531)
(0.002594 0.0004062 0.009531)
(0.002656 0.0004063 0.009531)
(0.002719 0.0004063 0.009531)
(0.002781 0.0004062 0.009531)
(0.002844 0.0004063 0.009531)
(0.002906 0.0004063 0.009531)
(0.002969 0.0004062 0.009531)
(0.003031 0.0004062 0.009531)
(0.003094 0.0004062 0.009531)
(0.003156 0.0004063 0.009531)
(0.003219 0.0004062 0.009531)
(0.003281 0.0004062 0.009531)
(0.003344 0.0004062 0.009531)
(0.003406 0.0004063 0.009531)
(0.003469 0.0004062 0.009531)
(0.003531 0.0004062 0.009531)
(0.003594 0.0004062 0.009531)
(0.003656 0.0004062 0.009531)
(0.003719 0.0004062 0.009531)
(0.003781 0.0004062 0.009531)
(0.003844 0.0004063 0.009531)
(0.003906 0.0004062 0.009531)
(0.003969 0.0004062 0.009531)
(0.002531 0.0004687 0.009531)
(0.002594 0.0004688 0.009531)
(0.002656 0.0004687 0.009531)
(0.002719 0.0004687 0.009531)
(0.002781 0.0004688 0.009531)
(0.002844 0.0004688 0.009531)
(0.002906 0.0004688 0.009531)
(0.002969 0.0004687 0.009531)
(0.003031 0.0004688 0.009531)
(0.003094 0.0004687 0.009531)
(0.003156 0.0004687 0.009531)
(0.003219 0.0004687 0.009531)
(0.003281 0.0004687 0.009531)
(0.003344 0.0004687 0.009531)
(0.003406 0.0004687 0.009531)
(0.003469 0.0004687 0.009531)
(0.003531 0.0004687 0.009531)
(0.003594 0.0004687 0.009531)
(0.003656 0.0004687 0.009531)
(0.003719 0.0004687 0.009531)
(0.003781 0.0004687 0.009531)
(0.003844 0.0004688 0.009531)
(0.003906 0.0004687 0.009531)
(0.003969 0.0004687 0.009531)
(0.002531 3.125e-05 0.009594)
(0.002594 3.125e-05 0.009594)
(0.002656 3.125e-05 0.009594)
(0.002719 3.125e-05 0.009594)
(0.002781 3.125e-05 0.009594)
(0.002844 3.125e-05 0.009594)
(0.002906 3.125e-05 0.009594)
(0.002969 3.125e-05 0.009594)
(0.003031 3.125e-05 0.009594)
(0.003094 3.125e-05 0.009594)
(0.003156 3.125e-05 0.009594)
(0.003219 3.125e-05 0.009594)
(0.003281 3.125e-05 0.009594)
(0.003344 3.125e-05 0.009594)
(0.003406 3.125e-05 0.009594)
(0.003469 3.125e-05 0.009594)
(0.003531 3.125e-05 0.009594)
(0.003594 3.125e-05 0.009594)
(0.003656 3.125e-05 0.009594)
(0.003719 3.125e-05 0.009594)
(0.003781 3.125e-05 0.009594)
(0.003844 3.125e-05 0.009594)
(0.003906 3.125e-05 0.009594)
(0.003969 3.125e-05 0.009594)
(0.002531 9.375e-05 0.009594)
(0.002594 9.375e-05 0.009594)
(0.002656 9.375e-05 0.009594)
(0.002719 9.375e-05 0.009594)
(0.002781 9.375e-05 0.009594)
(0.002844 9.375e-05 0.009594)
(0.002906 9.375e-05 0.009594)
(0.002969 9.375e-05 0.009594)
(0.003031 9.375e-05 0.009594)
(0.003094 9.375e-05 0.009594)
(0.003156 9.375e-05 0.009594)
(0.003219 9.375e-05 0.009594)
(0.003281 9.375e-05 0.009594)
(0.003344 9.375e-05 0.009594)
(0.003406 9.375e-05 0.009594)
(0.003469 9.375e-05 0.009594)
(0.003531 9.375e-05 0.009594)
(0.003594 9.375e-05 0.009594)
(0.003656 9.375e-05 0.009594)
(0.003719 9.375e-05 0.009594)
(0.003781 9.375e-05 0.009594)
(0.003844 9.375e-05 0.009594)
(0.003906 9.375e-05 0.009594)
(0.003969 9.375e-05 0.009594)
(0.002531 0.0001563 0.009594)
(0.002594 0.0001562 0.009594)
(0.002656 0.0001563 0.009594)
(0.002719 0.0001562 0.009594)
(0.002781 0.0001562 0.009594)
(0.002844 0.0001563 0.009594)
(0.002906 0.0001563 0.009594)
(0.002969 0.0001562 0.009594)
(0.003031 0.0001563 0.009594)
(0.003094 0.0001562 0.009594)
(0.003156 0.0001563 0.009594)
(0.003219 0.0001563 0.009594)
(0.003281 0.0001563 0.009594)
(0.003344 0.0001562 0.009594)
(0.003406 0.0001562 0.009594)
(0.003469 0.0001562 0.009594)
(0.003531 0.0001562 0.009594)
(0.003594 0.0001563 0.009594)
(0.003656 0.0001562 0.009594)
(0.003719 0.0001562 0.009594)
(0.003781 0.0001563 0.009594)
(0.003844 0.0001563 0.009594)
(0.003906 0.0001562 0.009594)
(0.003969 0.0001563 0.009594)
(0.002531 0.0002188 0.009594)
(0.002594 0.0002188 0.009594)
(0.002656 0.0002188 0.009594)
(0.002719 0.0002188 0.009594)
(0.002781 0.0002188 0.009594)
(0.002844 0.0002188 0.009594)
(0.002906 0.0002188 0.009594)
(0.002969 0.0002188 0.009594)
(0.003031 0.0002188 0.009594)
(0.003094 0.0002188 0.009594)
(0.003156 0.0002188 0.009594)
(0.003219 0.0002188 0.009594)
(0.003281 0.0002188 0.009594)
(0.003344 0.0002188 0.009594)
(0.003406 0.0002188 0.009594)
(0.003469 0.0002188 0.009594)
(0.003531 0.0002188 0.009594)
(0.003594 0.0002188 0.009594)
(0.003656 0.0002188 0.009594)
(0.003719 0.0002188 0.009594)
(0.003781 0.0002188 0.009594)
(0.003844 0.0002188 0.009594)
(0.003906 0.0002188 0.009594)
(0.003969 0.0002188 0.009594)
(0.002531 0.0002812 0.009594)
(0.002594 0.0002812 0.009594)
(0.002656 0.0002813 0.009594)
(0.002719 0.0002813 0.009594)
(0.002781 0.0002813 0.009594)
(0.002844 0.0002813 0.009594)
(0.002906 0.0002812 0.009594)
(0.002969 0.0002812 0.009594)
(0.003031 0.0002812 0.009594)
(0.003094 0.0002813 0.009594)
(0.003156 0.0002812 0.009594)
(0.003219 0.0002812 0.009594)
(0.003281 0.0002812 0.009594)
(0.003344 0.0002813 0.009594)
(0.003406 0.0002813 0.009594)
(0.003469 0.0002812 0.009594)
(0.003531 0.0002812 0.009594)
(0.003594 0.0002812 0.009594)
(0.003656 0.0002812 0.009594)
(0.003719 0.0002813 0.009594)
(0.003781 0.0002812 0.009594)
(0.003844 0.0002812 0.009594)
(0.003906 0.0002813 0.009594)
(0.003969 0.0002813 0.009594)
(0.002531 0.0003437 0.009594)
(0.002594 0.0003438 0.009594)
(0.002656 0.0003437 0.009594)
(0.002719 0.0003438 0.009594)
(0.002781 0.0003438 0.009594)
(0.002844 0.0003438 0.009594)
(0.002906 0.0003438 0.009594)
(0.002969 0.0003438 0.009594)
(0.003031 0.0003438 0.009594)
(0.003094 0.0003437 0.009594)
(0.003156 0.0003438 0.009594)
(0.003219 0.0003437 0.009594)
(0.003281 0.0003437 0.009594)
(0.003344 0.0003437 0.009594)
(0.003406 0.0003438 0.009594)
(0.003469 0.0003437 0.009594)
(0.003531 0.0003437 0.009594)
(0.003594 0.0003437 0.009594)
(0.003656 0.0003437 0.009594)
(0.003719 0.0003437 0.009594)
(0.003781 0.0003437 0.009594)
(0.003844 0.0003438 0.009594)
(0.003906 0.0003438 0.009594)
(0.003969 0.0003438 0.009594)
(0.002531 0.0004062 0.009594)
(0.002594 0.0004062 0.009594)
(0.002656 0.0004063 0.009594)
(0.002719 0.0004063 0.009594)
(0.002781 0.0004062 0.009594)
(0.002844 0.0004063 0.009594)
(0.002906 0.0004063 0.009594)
(0.002969 0.0004062 0.009594)
(0.003031 0.0004062 0.009594)
(0.003094 0.0004062 0.009594)
(0.003156 0.0004063 0.009594)
(0.003219 0.0004062 0.009594)
(0.003281 0.0004062 0.009594)
(0.003344 0.0004062 0.009594)
(0.003406 0.0004063 0.009594)
(0.003469 0.0004062 0.009594)
(0.003531 0.0004062 0.009594)
(0.003594 0.0004062 0.009594)
(0.003656 0.0004062 0.009594)
(0.003719 0.0004062 0.009594)
(0.003781 0.0004062 0.009594)
(0.003844 0.0004063 0.009594)
(0.003906 0.0004062 0.009594)
(0.003969 0.0004062 0.009594)
(0.002531 0.0004687 0.009594)
(0.002594 0.0004688 0.009594)
(0.002656 0.0004687 0.009594)
(0.002719 0.0004687 0.009594)
(0.002781 0.0004688 0.009594)
(0.002844 0.0004688 0.009594)
(0.002906 0.0004688 0.009594)
(0.002969 0.0004687 0.009594)
(0.003031 0.0004688 0.009594)
(0.003094 0.0004687 0.009594)
(0.003156 0.0004688 0.009594)
(0.003219 0.0004687 0.009594)
(0.003281 0.0004687 0.009594)
(0.003344 0.0004687 0.009594)
(0.003406 0.0004687 0.009594)
(0.003469 0.0004687 0.009594)
(0.003531 0.0004687 0.009594)
(0.003594 0.0004687 0.009594)
(0.003656 0.0004687 0.009594)
(0.003719 0.0004687 0.009594)
(0.003781 0.0004687 0.009594)
(0.003844 0.0004688 0.009594)
(0.003906 0.0004687 0.009594)
(0.003969 0.0004687 0.009594)
(0.002531 3.125e-05 0.009656)
(0.002594 3.125e-05 0.009656)
(0.002656 3.125e-05 0.009656)
(0.002719 3.125e-05 0.009656)
(0.002781 3.125e-05 0.009656)
(0.002844 3.125e-05 0.009656)
(0.002906 3.125e-05 0.009656)
(0.002969 3.125e-05 0.009656)
(0.003031 3.125e-05 0.009656)
(0.003094 3.125e-05 0.009656)
(0.003156 3.125e-05 0.009656)
(0.003219 3.125e-05 0.009656)
(0.003281 3.125e-05 0.009656)
(0.003344 3.125e-05 0.009656)
(0.003406 3.125e-05 0.009656)
(0.003469 3.125e-05 0.009656)
(0.003531 3.125e-05 0.009656)
(0.003594 3.125e-05 0.009656)
(0.003656 3.125e-05 0.009656)
(0.003719 3.125e-05 0.009656)
(0.003781 3.125e-05 0.009656)
(0.003844 3.125e-05 0.009656)
(0.003906 3.125e-05 0.009656)
(0.003969 3.125e-05 0.009656)
(0.002531 9.375e-05 0.009656)
(0.002594 9.375e-05 0.009656)
(0.002656 9.375e-05 0.009656)
(0.002719 9.375e-05 0.009656)
(0.002781 9.375e-05 0.009656)
(0.002844 9.375e-05 0.009656)
(0.002906 9.375e-05 0.009656)
(0.002969 9.375e-05 0.009656)
(0.003031 9.375e-05 0.009656)
(0.003094 9.375e-05 0.009656)
(0.003156 9.375e-05 0.009656)
(0.003219 9.375e-05 0.009656)
(0.003281 9.375e-05 0.009656)
(0.003344 9.375e-05 0.009656)
(0.003406 9.375e-05 0.009656)
(0.003469 9.375e-05 0.009656)
(0.003531 9.375e-05 0.009656)
(0.003594 9.375e-05 0.009656)
(0.003656 9.375e-05 0.009656)
(0.003719 9.375e-05 0.009656)
(0.003781 9.375e-05 0.009656)
(0.003844 9.375e-05 0.009656)
(0.003906 9.375e-05 0.009656)
(0.003969 9.375e-05 0.009656)
(0.002531 0.0001562 0.009656)
(0.002594 0.0001563 0.009656)
(0.002656 0.0001562 0.009656)
(0.002719 0.0001562 0.009656)
(0.002781 0.0001563 0.009656)
(0.002844 0.0001563 0.009656)
(0.002906 0.0001563 0.009656)
(0.002969 0.0001563 0.009656)
(0.003031 0.0001563 0.009656)
(0.003094 0.0001562 0.009656)
(0.003156 0.0001563 0.009656)
(0.003219 0.0001562 0.009656)
(0.003281 0.0001562 0.009656)
(0.003344 0.0001563 0.009656)
(0.003406 0.0001563 0.009656)
(0.003469 0.0001563 0.009656)
(0.003531 0.0001563 0.009656)
(0.003594 0.0001562 0.009656)
(0.003656 0.0001562 0.009656)
(0.003719 0.0001562 0.009656)
(0.003781 0.0001562 0.009656)
(0.003844 0.0001562 0.009656)
(0.003906 0.0001562 0.009656)
(0.003969 0.0001562 0.009656)
(0.002531 0.0002188 0.009656)
(0.002594 0.0002188 0.009656)
(0.002656 0.0002187 0.009656)
(0.002719 0.0002188 0.009656)
(0.002781 0.0002188 0.009656)
(0.002844 0.0002188 0.009656)
(0.002906 0.0002188 0.009656)
(0.002969 0.0002188 0.009656)
(0.003031 0.0002188 0.009656)
(0.003094 0.0002188 0.009656)
(0.003156 0.0002188 0.009656)
(0.003219 0.0002188 0.009656)
(0.003281 0.0002188 0.009656)
(0.003344 0.0002188 0.009656)
(0.003406 0.0002188 0.009656)
(0.003469 0.0002188 0.009656)
(0.003531 0.0002188 0.009656)
(0.003594 0.0002188 0.009656)
(0.003656 0.0002188 0.009656)
(0.003719 0.0002188 0.009656)
(0.003781 0.0002188 0.009656)
(0.003844 0.0002188 0.009656)
(0.003906 0.0002188 0.009656)
(0.003969 0.0002188 0.009656)
(0.002531 0.0002812 0.009656)
(0.002594 0.0002812 0.009656)
(0.002656 0.0002813 0.009656)
(0.002719 0.0002813 0.009656)
(0.002781 0.0002813 0.009656)
(0.002844 0.0002813 0.009656)
(0.002906 0.0002812 0.009656)
(0.002969 0.0002812 0.009656)
(0.003031 0.0002812 0.009656)
(0.003094 0.0002813 0.009656)
(0.003156 0.0002813 0.009656)
(0.003219 0.0002812 0.009656)
(0.003281 0.0002812 0.009656)
(0.003344 0.0002813 0.009656)
(0.003406 0.0002813 0.009656)
(0.003469 0.0002812 0.009656)
(0.003531 0.0002812 0.009656)
(0.003594 0.0002812 0.009656)
(0.003656 0.0002812 0.009656)
(0.003719 0.0002813 0.009656)
(0.003781 0.0002812 0.009656)
(0.003844 0.0002812 0.009656)
(0.003906 0.0002813 0.009656)
(0.003969 0.0002813 0.009656)
(0.002531 0.0003437 0.009656)
(0.002594 0.0003438 0.009656)
(0.002656 0.0003437 0.009656)
(0.002719 0.0003438 0.009656)
(0.002781 0.0003438 0.009656)
(0.002844 0.0003438 0.009656)
(0.002906 0.0003438 0.009656)
(0.002969 0.0003438 0.009656)
(0.003031 0.0003438 0.009656)
(0.003094 0.0003437 0.009656)
(0.003156 0.0003438 0.009656)
(0.003219 0.0003437 0.009656)
(0.003281 0.0003437 0.009656)
(0.003344 0.0003437 0.009656)
(0.003406 0.0003438 0.009656)
(0.003469 0.0003437 0.009656)
(0.003531 0.0003437 0.009656)
(0.003594 0.0003437 0.009656)
(0.003656 0.0003437 0.009656)
(0.003719 0.0003437 0.009656)
(0.003781 0.0003437 0.009656)
(0.003844 0.0003438 0.009656)
(0.003906 0.0003438 0.009656)
(0.003969 0.0003438 0.009656)
(0.002531 0.0004062 0.009656)
(0.002594 0.0004062 0.009656)
(0.002656 0.0004063 0.009656)
(0.002719 0.0004063 0.009656)
(0.002781 0.0004062 0.009656)
(0.002844 0.0004063 0.009656)
(0.002906 0.0004063 0.009656)
(0.002969 0.0004062 0.009656)
(0.003031 0.0004062 0.009656)
(0.003094 0.0004062 0.009656)
(0.003156 0.0004063 0.009656)
(0.003219 0.0004062 0.009656)
(0.003281 0.0004062 0.009656)
(0.003344 0.0004062 0.009656)
(0.003406 0.0004063 0.009656)
(0.003469 0.0004062 0.009656)
(0.003531 0.0004062 0.009656)
(0.003594 0.0004062 0.009656)
(0.003656 0.0004062 0.009656)
(0.003719 0.0004062 0.009656)
(0.003781 0.0004062 0.009656)
(0.003844 0.0004063 0.009656)
(0.003906 0.0004062 0.009656)
(0.003969 0.0004062 0.009656)
(0.002531 0.0004687 0.009656)
(0.002594 0.0004688 0.009656)
(0.002656 0.0004687 0.009656)
(0.002719 0.0004687 0.009656)
(0.002781 0.0004688 0.009656)
(0.002844 0.0004688 0.009656)
(0.002906 0.0004688 0.009656)
(0.002969 0.0004687 0.009656)
(0.003031 0.0004688 0.009656)
(0.003094 0.0004687 0.009656)
(0.003156 0.0004688 0.009656)
(0.003219 0.0004687 0.009656)
(0.003281 0.0004687 0.009656)
(0.003344 0.0004687 0.009656)
(0.003406 0.0004687 0.009656)
(0.003469 0.0004687 0.009656)
(0.003531 0.0004687 0.009656)
(0.003594 0.0004687 0.009656)
(0.003656 0.0004687 0.009656)
(0.003719 0.0004687 0.009656)
(0.003781 0.0004687 0.009656)
(0.003844 0.0004688 0.009656)
(0.003906 0.0004687 0.009656)
(0.003969 0.0004687 0.009656)
(0.002531 3.125e-05 0.009719)
(0.002594 3.125e-05 0.009719)
(0.002656 3.125e-05 0.009719)
(0.002719 3.125e-05 0.009719)
(0.002781 3.125e-05 0.009719)
(0.002844 3.125e-05 0.009719)
(0.002906 3.125e-05 0.009719)
(0.002969 3.125e-05 0.009719)
(0.003031 3.125e-05 0.009719)
(0.003094 3.125e-05 0.009719)
(0.003156 3.125e-05 0.009719)
(0.003219 3.125e-05 0.009719)
(0.003281 3.125e-05 0.009719)
(0.003344 3.125e-05 0.009719)
(0.003406 3.125e-05 0.009719)
(0.003469 3.125e-05 0.009719)
(0.003531 3.125e-05 0.009719)
(0.003594 3.125e-05 0.009719)
(0.003656 3.125e-05 0.009719)
(0.003719 3.125e-05 0.009719)
(0.003781 3.125e-05 0.009719)
(0.003844 3.125e-05 0.009719)
(0.003906 3.125e-05 0.009719)
(0.003969 3.125e-05 0.009719)
(0.002531 9.375e-05 0.009719)
(0.002594 9.375e-05 0.009719)
(0.002656 9.375e-05 0.009719)
(0.002719 9.375e-05 0.009719)
(0.002781 9.375e-05 0.009719)
(0.002844 9.375e-05 0.009719)
(0.002906 9.375e-05 0.009719)
(0.002969 9.375e-05 0.009719)
(0.003031 9.375e-05 0.009719)
(0.003094 9.375e-05 0.009719)
(0.003156 9.375e-05 0.009719)
(0.003219 9.375e-05 0.009719)
(0.003281 9.375e-05 0.009719)
(0.003344 9.375e-05 0.009719)
(0.003406 9.375e-05 0.009719)
(0.003469 9.375e-05 0.009719)
(0.003531 9.375e-05 0.009719)
(0.003594 9.375e-05 0.009719)
(0.003656 9.375e-05 0.009719)
(0.003719 9.375e-05 0.009719)
(0.003781 9.375e-05 0.009719)
(0.003844 9.375e-05 0.009719)
(0.003906 9.375e-05 0.009719)
(0.003969 9.375e-05 0.009719)
(0.002531 0.0001562 0.009719)
(0.002594 0.0001563 0.009719)
(0.002656 0.0001563 0.009719)
(0.002719 0.0001562 0.009719)
(0.002781 0.0001563 0.009719)
(0.002844 0.0001563 0.009719)
(0.002906 0.0001563 0.009719)
(0.002969 0.0001563 0.009719)
(0.003031 0.0001563 0.009719)
(0.003094 0.0001562 0.009719)
(0.003156 0.0001563 0.009719)
(0.003219 0.0001562 0.009719)
(0.003281 0.0001562 0.009719)
(0.003344 0.0001563 0.009719)
(0.003406 0.0001563 0.009719)
(0.003469 0.0001563 0.009719)
(0.003531 0.0001563 0.009719)
(0.003594 0.0001562 0.009719)
(0.003656 0.0001563 0.009719)
(0.003719 0.0001562 0.009719)
(0.003781 0.0001562 0.009719)
(0.003844 0.0001562 0.009719)
(0.003906 0.0001562 0.009719)
(0.003969 0.0001562 0.009719)
(0.002531 0.0002188 0.009719)
(0.002594 0.0002188 0.009719)
(0.002656 0.0002187 0.009719)
(0.002719 0.0002188 0.009719)
(0.002781 0.0002188 0.009719)
(0.002844 0.0002188 0.009719)
(0.002906 0.0002188 0.009719)
(0.002969 0.0002188 0.009719)
(0.003031 0.0002188 0.009719)
(0.003094 0.0002188 0.009719)
(0.003156 0.0002188 0.009719)
(0.003219 0.0002188 0.009719)
(0.003281 0.0002188 0.009719)
(0.003344 0.0002188 0.009719)
(0.003406 0.0002188 0.009719)
(0.003469 0.0002188 0.009719)
(0.003531 0.0002188 0.009719)
(0.003594 0.0002188 0.009719)
(0.003656 0.0002188 0.009719)
(0.003719 0.0002188 0.009719)
(0.003781 0.0002188 0.009719)
(0.003844 0.0002188 0.009719)
(0.003906 0.0002188 0.009719)
(0.003969 0.0002188 0.009719)
(0.002531 0.0002812 0.009719)
(0.002594 0.0002812 0.009719)
(0.002656 0.0002813 0.009719)
(0.002719 0.0002813 0.009719)
(0.002781 0.0002813 0.009719)
(0.002844 0.0002813 0.009719)
(0.002906 0.0002812 0.009719)
(0.002969 0.0002812 0.009719)
(0.003031 0.0002812 0.009719)
(0.003094 0.0002813 0.009719)
(0.003156 0.0002812 0.009719)
(0.003219 0.0002812 0.009719)
(0.003281 0.0002812 0.009719)
(0.003344 0.0002813 0.009719)
(0.003406 0.0002813 0.009719)
(0.003469 0.0002812 0.009719)
(0.003531 0.0002812 0.009719)
(0.003594 0.0002812 0.009719)
(0.003656 0.0002812 0.009719)
(0.003719 0.0002813 0.009719)
(0.003781 0.0002812 0.009719)
(0.003844 0.0002812 0.009719)
(0.003906 0.0002813 0.009719)
(0.003969 0.0002813 0.009719)
(0.002531 0.0003437 0.009719)
(0.002594 0.0003438 0.009719)
(0.002656 0.0003437 0.009719)
(0.002719 0.0003438 0.009719)
(0.002781 0.0003438 0.009719)
(0.002844 0.0003438 0.009719)
(0.002906 0.0003438 0.009719)
(0.002969 0.0003438 0.009719)
(0.003031 0.0003438 0.009719)
(0.003094 0.0003437 0.009719)
(0.003156 0.0003437 0.009719)
(0.003219 0.0003437 0.009719)
(0.003281 0.0003437 0.009719)
(0.003344 0.0003437 0.009719)
(0.003406 0.0003438 0.009719)
(0.003469 0.0003437 0.009719)
(0.003531 0.0003437 0.009719)
(0.003594 0.0003437 0.009719)
(0.003656 0.0003437 0.009719)
(0.003719 0.0003437 0.009719)
(0.003781 0.0003437 0.009719)
(0.003844 0.0003438 0.009719)
(0.003906 0.0003438 0.009719)
(0.003969 0.0003438 0.009719)
(0.002531 0.0004062 0.009719)
(0.002594 0.0004062 0.009719)
(0.002656 0.0004063 0.009719)
(0.002719 0.0004063 0.009719)
(0.002781 0.0004062 0.009719)
(0.002844 0.0004063 0.009719)
(0.002906 0.0004063 0.009719)
(0.002969 0.0004062 0.009719)
(0.003031 0.0004062 0.009719)
(0.003094 0.0004062 0.009719)
(0.003156 0.0004063 0.009719)
(0.003219 0.0004062 0.009719)
(0.003281 0.0004062 0.009719)
(0.003344 0.0004062 0.009719)
(0.003406 0.0004063 0.009719)
(0.003469 0.0004062 0.009719)
(0.003531 0.0004062 0.009719)
(0.003594 0.0004062 0.009719)
(0.003656 0.0004062 0.009719)
(0.003719 0.0004062 0.009719)
(0.003781 0.0004062 0.009719)
(0.003844 0.0004063 0.009719)
(0.003906 0.0004062 0.009719)
(0.003969 0.0004062 0.009719)
(0.002531 0.0004687 0.009719)
(0.002594 0.0004688 0.009719)
(0.002656 0.0004687 0.009719)
(0.002719 0.0004687 0.009719)
(0.002781 0.0004688 0.009719)
(0.002844 0.0004688 0.009719)
(0.002906 0.0004688 0.009719)
(0.002969 0.0004687 0.009719)
(0.003031 0.0004688 0.009719)
(0.003094 0.0004687 0.009719)
(0.003156 0.0004687 0.009719)
(0.003219 0.0004687 0.009719)
(0.003281 0.0004687 0.009719)
(0.003344 0.0004687 0.009719)
(0.003406 0.0004687 0.009719)
(0.003469 0.0004687 0.009719)
(0.003531 0.0004687 0.009719)
(0.003594 0.0004687 0.009719)
(0.003656 0.0004687 0.009719)
(0.003719 0.0004687 0.009719)
(0.003781 0.0004687 0.009719)
(0.003844 0.0004688 0.009719)
(0.003906 0.0004687 0.009719)
(0.003969 0.0004687 0.009719)
(0.002531 3.125e-05 0.009781)
(0.002594 3.125e-05 0.009781)
(0.002656 3.125e-05 0.009781)
(0.002719 3.125e-05 0.009781)
(0.002781 3.125e-05 0.009781)
(0.002844 3.125e-05 0.009781)
(0.002906 3.125e-05 0.009781)
(0.002969 3.125e-05 0.009781)
(0.003031 3.125e-05 0.009781)
(0.003094 3.125e-05 0.009781)
(0.003156 3.125e-05 0.009781)
(0.003219 3.125e-05 0.009781)
(0.003281 3.125e-05 0.009781)
(0.003344 3.125e-05 0.009781)
(0.003406 3.125e-05 0.009781)
(0.003469 3.125e-05 0.009781)
(0.003531 3.125e-05 0.009781)
(0.003594 3.125e-05 0.009781)
(0.003656 3.125e-05 0.009781)
(0.003719 3.125e-05 0.009781)
(0.003781 3.125e-05 0.009781)
(0.003844 3.125e-05 0.009781)
(0.003906 3.125e-05 0.009781)
(0.003969 3.125e-05 0.009781)
(0.002531 9.375e-05 0.009781)
(0.002594 9.375e-05 0.009781)
(0.002656 9.375e-05 0.009781)
(0.002719 9.375e-05 0.009781)
(0.002781 9.375e-05 0.009781)
(0.002844 9.375e-05 0.009781)
(0.002906 9.375e-05 0.009781)
(0.002969 9.375e-05 0.009781)
(0.003031 9.375e-05 0.009781)
(0.003094 9.375e-05 0.009781)
(0.003156 9.375e-05 0.009781)
(0.003219 9.375e-05 0.009781)
(0.003281 9.375e-05 0.009781)
(0.003344 9.375e-05 0.009781)
(0.003406 9.375e-05 0.009781)
(0.003469 9.375e-05 0.009781)
(0.003531 9.375e-05 0.009781)
(0.003594 9.375e-05 0.009781)
(0.003656 9.375e-05 0.009781)
(0.003719 9.375e-05 0.009781)
(0.003781 9.375e-05 0.009781)
(0.003844 9.375e-05 0.009781)
(0.003906 9.375e-05 0.009781)
(0.003969 9.375e-05 0.009781)
(0.002531 0.0001563 0.009781)
(0.002594 0.0001562 0.009781)
(0.002656 0.0001563 0.009781)
(0.002719 0.0001563 0.009781)
(0.002781 0.0001562 0.009781)
(0.002844 0.0001563 0.009781)
(0.002906 0.0001563 0.009781)
(0.002969 0.0001562 0.009781)
(0.003031 0.0001563 0.009781)
(0.003094 0.0001563 0.009781)
(0.003156 0.0001563 0.009781)
(0.003219 0.0001563 0.009781)
(0.003281 0.0001563 0.009781)
(0.003344 0.0001562 0.009781)
(0.003406 0.0001562 0.009781)
(0.003469 0.0001562 0.009781)
(0.003531 0.0001562 0.009781)
(0.003594 0.0001563 0.009781)
(0.003656 0.0001562 0.009781)
(0.003719 0.0001563 0.009781)
(0.003781 0.0001563 0.009781)
(0.003844 0.0001563 0.009781)
(0.003906 0.0001563 0.009781)
(0.003969 0.0001563 0.009781)
(0.002531 0.0002188 0.009781)
(0.002594 0.0002188 0.009781)
(0.002656 0.0002187 0.009781)
(0.002719 0.0002188 0.009781)
(0.002781 0.0002188 0.009781)
(0.002844 0.0002188 0.009781)
(0.002906 0.0002188 0.009781)
(0.002969 0.0002188 0.009781)
(0.003031 0.0002188 0.009781)
(0.003094 0.0002188 0.009781)
(0.003156 0.0002188 0.009781)
(0.003219 0.0002188 0.009781)
(0.003281 0.0002188 0.009781)
(0.003344 0.0002187 0.009781)
(0.003406 0.0002187 0.009781)
(0.003469 0.0002188 0.009781)
(0.003531 0.0002188 0.009781)
(0.003594 0.0002187 0.009781)
(0.003656 0.0002188 0.009781)
(0.003719 0.0002188 0.009781)
(0.003781 0.0002188 0.009781)
(0.003844 0.0002188 0.009781)
(0.003906 0.0002188 0.009781)
(0.003969 0.0002188 0.009781)
(0.002531 0.0002812 0.009781)
(0.002594 0.0002812 0.009781)
(0.002656 0.0002813 0.009781)
(0.002719 0.0002813 0.009781)
(0.002781 0.0002812 0.009781)
(0.002844 0.0002812 0.009781)
(0.002906 0.0002812 0.009781)
(0.002969 0.0002812 0.009781)
(0.003031 0.0002813 0.009781)
(0.003094 0.0002812 0.009781)
(0.003156 0.0002813 0.009781)
(0.003219 0.0002812 0.009781)
(0.003281 0.0002812 0.009781)
(0.003344 0.0002812 0.009781)
(0.003406 0.0002812 0.009781)
(0.003469 0.0002812 0.009781)
(0.003531 0.0002812 0.009781)
(0.003594 0.0002812 0.009781)
(0.003656 0.0002812 0.009781)
(0.003719 0.0002813 0.009781)
(0.003781 0.0002812 0.009781)
(0.003844 0.0002812 0.009781)
(0.003906 0.0002812 0.009781)
(0.003969 0.0002813 0.009781)
(0.002531 0.0003437 0.009781)
(0.002594 0.0003437 0.009781)
(0.002656 0.0003437 0.009781)
(0.002719 0.0003438 0.009781)
(0.002781 0.0003437 0.009781)
(0.002844 0.0003438 0.009781)
(0.002906 0.0003438 0.009781)
(0.002969 0.0003438 0.009781)
(0.003031 0.0003438 0.009781)
(0.003094 0.0003437 0.009781)
(0.003156 0.0003437 0.009781)
(0.003219 0.0003437 0.009781)
(0.003281 0.0003437 0.009781)
(0.003344 0.0003437 0.009781)
(0.003406 0.0003437 0.009781)
(0.003469 0.0003437 0.009781)
(0.003531 0.0003437 0.009781)
(0.003594 0.0003438 0.009781)
(0.003656 0.0003437 0.009781)
(0.003719 0.0003438 0.009781)
(0.003781 0.0003438 0.009781)
(0.003844 0.0003438 0.009781)
(0.003906 0.0003437 0.009781)
(0.003969 0.0003438 0.009781)
(0.002531 0.0004062 0.009781)
(0.002594 0.0004062 0.009781)
(0.002656 0.0004063 0.009781)
(0.002719 0.0004062 0.009781)
(0.002781 0.0004062 0.009781)
(0.002844 0.0004062 0.009781)
(0.002906 0.0004062 0.009781)
(0.002969 0.0004063 0.009781)
(0.003031 0.0004063 0.009781)
(0.003094 0.0004062 0.009781)
(0.003156 0.0004063 0.009781)
(0.003219 0.0004062 0.009781)
(0.003281 0.0004062 0.009781)
(0.003344 0.0004062 0.009781)
(0.003406 0.0004062 0.009781)
(0.003469 0.0004062 0.009781)
(0.003531 0.0004062 0.009781)
(0.003594 0.0004062 0.009781)
(0.003656 0.0004062 0.009781)
(0.003719 0.0004063 0.009781)
(0.003781 0.0004062 0.009781)
(0.003844 0.0004063 0.009781)
(0.003906 0.0004062 0.009781)
(0.003969 0.0004063 0.009781)
(0.002531 0.0004688 0.009781)
(0.002594 0.0004687 0.009781)
(0.002656 0.0004687 0.009781)
(0.002719 0.0004688 0.009781)
(0.002781 0.0004687 0.009781)
(0.002844 0.0004687 0.009781)
(0.002906 0.0004687 0.009781)
(0.002969 0.0004688 0.009781)
(0.003031 0.0004687 0.009781)
(0.003094 0.0004688 0.009781)
(0.003156 0.0004687 0.009781)
(0.003219 0.0004687 0.009781)
(0.003281 0.0004687 0.009781)
(0.003344 0.0004687 0.009781)
(0.003406 0.0004687 0.009781)
(0.003469 0.0004688 0.009781)
(0.003531 0.0004688 0.009781)
(0.003594 0.0004687 0.009781)
(0.003656 0.0004687 0.009781)
(0.003719 0.0004688 0.009781)
(0.003781 0.0004688 0.009781)
(0.003844 0.0004688 0.009781)
(0.003906 0.0004688 0.009781)
(0.003969 0.0004687 0.009781)
(0.002531 3.125e-05 0.009844)
(0.002594 3.125e-05 0.009844)
(0.002656 3.125e-05 0.009844)
(0.002719 3.125e-05 0.009844)
(0.002781 3.125e-05 0.009844)
(0.002844 3.125e-05 0.009844)
(0.002906 3.125e-05 0.009844)
(0.002969 3.125e-05 0.009844)
(0.003031 3.125e-05 0.009844)
(0.003094 3.125e-05 0.009844)
(0.003156 3.125e-05 0.009844)
(0.003219 3.125e-05 0.009844)
(0.003281 3.125e-05 0.009844)
(0.003344 3.125e-05 0.009844)
(0.003406 3.125e-05 0.009844)
(0.003469 3.125e-05 0.009844)
(0.003531 3.125e-05 0.009844)
(0.003594 3.125e-05 0.009844)
(0.003656 3.125e-05 0.009844)
(0.003719 3.125e-05 0.009844)
(0.003781 3.125e-05 0.009844)
(0.003844 3.125e-05 0.009844)
(0.003906 3.125e-05 0.009844)
(0.003969 3.125e-05 0.009844)
(0.002531 9.375e-05 0.009844)
(0.002594 9.375e-05 0.009844)
(0.002656 9.375e-05 0.009844)
(0.002719 9.375e-05 0.009844)
(0.002781 9.375e-05 0.009844)
(0.002844 9.375e-05 0.009844)
(0.002906 9.375e-05 0.009844)
(0.002969 9.375e-05 0.009844)
(0.003031 9.375e-05 0.009844)
(0.003094 9.375e-05 0.009844)
(0.003156 9.375e-05 0.009844)
(0.003219 9.375e-05 0.009844)
(0.003281 9.375e-05 0.009844)
(0.003344 9.375e-05 0.009844)
(0.003406 9.375e-05 0.009844)
(0.003469 9.375e-05 0.009844)
(0.003531 9.375e-05 0.009844)
(0.003594 9.375e-05 0.009844)
(0.003656 9.375e-05 0.009844)
(0.003719 9.375e-05 0.009844)
(0.003781 9.375e-05 0.009844)
(0.003844 9.375e-05 0.009844)
(0.003906 9.375e-05 0.009844)
(0.003969 9.375e-05 0.009844)
(0.002531 0.0001563 0.009844)
(0.002594 0.0001562 0.009844)
(0.002656 0.0001563 0.009844)
(0.002719 0.0001562 0.009844)
(0.002781 0.0001562 0.009844)
(0.002844 0.0001563 0.009844)
(0.002906 0.0001563 0.009844)
(0.002969 0.0001562 0.009844)
(0.003031 0.0001563 0.009844)
(0.003094 0.0001562 0.009844)
(0.003156 0.0001563 0.009844)
(0.003219 0.0001563 0.009844)
(0.003281 0.0001563 0.009844)
(0.003344 0.0001562 0.009844)
(0.003406 0.0001562 0.009844)
(0.003469 0.0001562 0.009844)
(0.003531 0.0001562 0.009844)
(0.003594 0.0001563 0.009844)
(0.003656 0.0001563 0.009844)
(0.003719 0.0001562 0.009844)
(0.003781 0.0001563 0.009844)
(0.003844 0.0001563 0.009844)
(0.003906 0.0001562 0.009844)
(0.003969 0.0001563 0.009844)
(0.002531 0.0002188 0.009844)
(0.002594 0.0002188 0.009844)
(0.002656 0.0002187 0.009844)
(0.002719 0.0002188 0.009844)
(0.002781 0.0002188 0.009844)
(0.002844 0.0002188 0.009844)
(0.002906 0.0002188 0.009844)
(0.002969 0.0002188 0.009844)
(0.003031 0.0002188 0.009844)
(0.003094 0.0002188 0.009844)
(0.003156 0.0002188 0.009844)
(0.003219 0.0002188 0.009844)
(0.003281 0.0002188 0.009844)
(0.003344 0.0002188 0.009844)
(0.003406 0.0002188 0.009844)
(0.003469 0.0002188 0.009844)
(0.003531 0.0002188 0.009844)
(0.003594 0.0002188 0.009844)
(0.003656 0.0002188 0.009844)
(0.003719 0.0002188 0.009844)
(0.003781 0.0002188 0.009844)
(0.003844 0.0002188 0.009844)
(0.003906 0.0002188 0.009844)
(0.003969 0.0002188 0.009844)
(0.002531 0.0002813 0.009844)
(0.002594 0.0002812 0.009844)
(0.002656 0.0002813 0.009844)
(0.002719 0.0002813 0.009844)
(0.002781 0.0002813 0.009844)
(0.002844 0.0002813 0.009844)
(0.002906 0.0002813 0.009844)
(0.002969 0.0002812 0.009844)
(0.003031 0.0002813 0.009844)
(0.003094 0.0002813 0.009844)
(0.003156 0.0002812 0.009844)
(0.003219 0.0002813 0.009844)
(0.003281 0.0002813 0.009844)
(0.003344 0.0002813 0.009844)
(0.003406 0.0002813 0.009844)
(0.003469 0.0002813 0.009844)
(0.003531 0.0002813 0.009844)
(0.003594 0.0002812 0.009844)
(0.003656 0.0002812 0.009844)
(0.003719 0.0002813 0.009844)
(0.003781 0.0002812 0.009844)
(0.003844 0.0002813 0.009844)
(0.003906 0.0002813 0.009844)
(0.003969 0.0002813 0.009844)
(0.002531 0.0003437 0.009844)
(0.002594 0.0003438 0.009844)
(0.002656 0.0003437 0.009844)
(0.002719 0.0003437 0.009844)
(0.002781 0.0003438 0.009844)
(0.002844 0.0003438 0.009844)
(0.002906 0.0003438 0.009844)
(0.002969 0.0003438 0.009844)
(0.003031 0.0003438 0.009844)
(0.003094 0.0003438 0.009844)
(0.003156 0.0003437 0.009844)
(0.003219 0.0003438 0.009844)
(0.003281 0.0003438 0.009844)
(0.003344 0.0003438 0.009844)
(0.003406 0.0003438 0.009844)
(0.003469 0.0003438 0.009844)
(0.003531 0.0003438 0.009844)
(0.003594 0.0003437 0.009844)
(0.003656 0.0003437 0.009844)
(0.003719 0.0003438 0.009844)
(0.003781 0.0003437 0.009844)
(0.003844 0.0003437 0.009844)
(0.003906 0.0003438 0.009844)
(0.003969 0.0003438 0.009844)
(0.002531 0.0004062 0.009844)
(0.002594 0.0004063 0.009844)
(0.002656 0.0004063 0.009844)
(0.002719 0.0004062 0.009844)
(0.002781 0.0004063 0.009844)
(0.002844 0.0004063 0.009844)
(0.002906 0.0004063 0.009844)
(0.002969 0.0004063 0.009844)
(0.003031 0.0004063 0.009844)
(0.003094 0.0004062 0.009844)
(0.003156 0.0004063 0.009844)
(0.003219 0.0004063 0.009844)
(0.003281 0.0004063 0.009844)
(0.003344 0.0004062 0.009844)
(0.003406 0.0004063 0.009844)
(0.003469 0.0004063 0.009844)
(0.003531 0.0004063 0.009844)
(0.003594 0.0004062 0.009844)
(0.003656 0.0004062 0.009844)
(0.003719 0.0004062 0.009844)
(0.003781 0.0004062 0.009844)
(0.003844 0.0004063 0.009844)
(0.003906 0.0004063 0.009844)
(0.003969 0.0004063 0.009844)
(0.002531 0.0004687 0.009844)
(0.002594 0.0004687 0.009844)
(0.002656 0.0004687 0.009844)
(0.002719 0.0004687 0.009844)
(0.002781 0.0004687 0.009844)
(0.002844 0.0004687 0.009844)
(0.002906 0.0004687 0.009844)
(0.002969 0.0004688 0.009844)
(0.003031 0.0004687 0.009844)
(0.003094 0.0004688 0.009844)
(0.003156 0.0004687 0.009844)
(0.003219 0.0004688 0.009844)
(0.003281 0.0004688 0.009844)
(0.003344 0.0004688 0.009844)
(0.003406 0.0004688 0.009844)
(0.003469 0.0004688 0.009844)
(0.003531 0.0004687 0.009844)
(0.003594 0.0004687 0.009844)
(0.003656 0.0004687 0.009844)
(0.003719 0.0004688 0.009844)
(0.003781 0.0004688 0.009844)
(0.003844 0.0004687 0.009844)
(0.003906 0.0004688 0.009844)
(0.003969 0.0004687 0.009844)
(0.002531 3.125e-05 0.009906)
(0.002594 3.125e-05 0.009906)
(0.002656 3.125e-05 0.009906)
(0.002719 3.125e-05 0.009906)
(0.002781 3.125e-05 0.009906)
(0.002844 3.125e-05 0.009906)
(0.002906 3.125e-05 0.009906)
(0.002969 3.125e-05 0.009906)
(0.003031 3.125e-05 0.009906)
(0.003094 3.125e-05 0.009906)
(0.003156 3.125e-05 0.009906)
(0.003219 3.125e-05 0.009906)
(0.003281 3.125e-05 0.009906)
(0.003344 3.125e-05 0.009906)
(0.003406 3.125e-05 0.009906)
(0.003469 3.125e-05 0.009906)
(0.003531 3.125e-05 0.009906)
(0.003594 3.125e-05 0.009906)
(0.003656 3.125e-05 0.009906)
(0.003719 3.125e-05 0.009906)
(0.003781 3.125e-05 0.009906)
(0.003844 3.125e-05 0.009906)
(0.003906 3.125e-05 0.009906)
(0.003969 3.125e-05 0.009906)
(0.002531 9.375e-05 0.009906)
(0.002594 9.375e-05 0.009906)
(0.002656 9.375e-05 0.009906)
(0.002719 9.375e-05 0.009906)
(0.002781 9.375e-05 0.009906)
(0.002844 9.375e-05 0.009906)
(0.002906 9.375e-05 0.009906)
(0.002969 9.375e-05 0.009906)
(0.003031 9.375e-05 0.009906)
(0.003094 9.375e-05 0.009906)
(0.003156 9.375e-05 0.009906)
(0.003219 9.375e-05 0.009906)
(0.003281 9.375e-05 0.009906)
(0.003344 9.375e-05 0.009906)
(0.003406 9.375e-05 0.009906)
(0.003469 9.375e-05 0.009906)
(0.003531 9.375e-05 0.009906)
(0.003594 9.375e-05 0.009906)
(0.003656 9.375e-05 0.009906)
(0.003719 9.375e-05 0.009906)
(0.003781 9.375e-05 0.009906)
(0.003844 9.375e-05 0.009906)
(0.003906 9.375e-05 0.009906)
(0.003969 9.375e-05 0.009906)
(0.002531 0.0001562 0.009906)
(0.002594 0.0001563 0.009906)
(0.002656 0.0001563 0.009906)
(0.002719 0.0001562 0.009906)
(0.002781 0.0001563 0.009906)
(0.002844 0.0001563 0.009906)
(0.002906 0.0001563 0.009906)
(0.002969 0.0001563 0.009906)
(0.003031 0.0001563 0.009906)
(0.003094 0.0001562 0.009906)
(0.003156 0.0001563 0.009906)
(0.003219 0.0001562 0.009906)
(0.003281 0.0001562 0.009906)
(0.003344 0.0001563 0.009906)
(0.003406 0.0001563 0.009906)
(0.003469 0.0001563 0.009906)
(0.003531 0.0001563 0.009906)
(0.003594 0.0001562 0.009906)
(0.003656 0.0001562 0.009906)
(0.003719 0.0001562 0.009906)
(0.003781 0.0001562 0.009906)
(0.003844 0.0001562 0.009906)
(0.003906 0.0001562 0.009906)
(0.003969 0.0001562 0.009906)
(0.002531 0.0002188 0.009906)
(0.002594 0.0002187 0.009906)
(0.002656 0.0002187 0.009906)
(0.002719 0.0002188 0.009906)
(0.002781 0.0002188 0.009906)
(0.002844 0.0002188 0.009906)
(0.002906 0.0002188 0.009906)
(0.002969 0.0002188 0.009906)
(0.003031 0.0002188 0.009906)
(0.003094 0.0002188 0.009906)
(0.003156 0.0002188 0.009906)
(0.003219 0.0002188 0.009906)
(0.003281 0.0002188 0.009906)
(0.003344 0.0002188 0.009906)
(0.003406 0.0002188 0.009906)
(0.003469 0.0002188 0.009906)
(0.003531 0.0002188 0.009906)
(0.003594 0.0002188 0.009906)
(0.003656 0.0002188 0.009906)
(0.003719 0.0002188 0.009906)
(0.003781 0.0002188 0.009906)
(0.003844 0.0002188 0.009906)
(0.003906 0.0002188 0.009906)
(0.003969 0.0002188 0.009906)
(0.002531 0.0002813 0.009906)
(0.002594 0.0002813 0.009906)
(0.002656 0.0002813 0.009906)
(0.002719 0.0002813 0.009906)
(0.002781 0.0002813 0.009906)
(0.002844 0.0002813 0.009906)
(0.002906 0.0002812 0.009906)
(0.002969 0.0002813 0.009906)
(0.003031 0.0002812 0.009906)
(0.003094 0.0002813 0.009906)
(0.003156 0.0002813 0.009906)
(0.003219 0.0002812 0.009906)
(0.003281 0.0002812 0.009906)
(0.003344 0.0002812 0.009906)
(0.003406 0.0002812 0.009906)
(0.003469 0.0002812 0.009906)
(0.003531 0.0002812 0.009906)
(0.003594 0.0002813 0.009906)
(0.003656 0.0002812 0.009906)
(0.003719 0.0002813 0.009906)
(0.003781 0.0002813 0.009906)
(0.003844 0.0002813 0.009906)
(0.003906 0.0002813 0.009906)
(0.003969 0.0002812 0.009906)
(0.002531 0.0003438 0.009906)
(0.002594 0.0003438 0.009906)
(0.002656 0.0003437 0.009906)
(0.002719 0.0003438 0.009906)
(0.002781 0.0003438 0.009906)
(0.002844 0.0003438 0.009906)
(0.002906 0.0003438 0.009906)
(0.002969 0.0003438 0.009906)
(0.003031 0.0003438 0.009906)
(0.003094 0.0003438 0.009906)
(0.003156 0.0003437 0.009906)
(0.003219 0.0003438 0.009906)
(0.003281 0.0003438 0.009906)
(0.003344 0.0003438 0.009906)
(0.003406 0.0003438 0.009906)
(0.003469 0.0003438 0.009906)
(0.003531 0.0003438 0.009906)
(0.003594 0.0003438 0.009906)
(0.003656 0.0003437 0.009906)
(0.003719 0.0003438 0.009906)
(0.003781 0.0003438 0.009906)
(0.003844 0.0003438 0.009906)
(0.003906 0.0003438 0.009906)
(0.003969 0.0003438 0.009906)
(0.002531 0.0004063 0.009906)
(0.002594 0.0004062 0.009906)
(0.002656 0.0004063 0.009906)
(0.002719 0.0004063 0.009906)
(0.002781 0.0004062 0.009906)
(0.002844 0.0004063 0.009906)
(0.002906 0.0004063 0.009906)
(0.002969 0.0004062 0.009906)
(0.003031 0.0004062 0.009906)
(0.003094 0.0004062 0.009906)
(0.003156 0.0004063 0.009906)
(0.003219 0.0004062 0.009906)
(0.003281 0.0004062 0.009906)
(0.003344 0.0004062 0.009906)
(0.003406 0.0004063 0.009906)
(0.003469 0.0004062 0.009906)
(0.003531 0.0004062 0.009906)
(0.003594 0.0004063 0.009906)
(0.003656 0.0004062 0.009906)
(0.003719 0.0004063 0.009906)
(0.003781 0.0004063 0.009906)
(0.003844 0.0004063 0.009906)
(0.003906 0.0004062 0.009906)
(0.003969 0.0004062 0.009906)
(0.002531 0.0004687 0.009906)
(0.002594 0.0004688 0.009906)
(0.002656 0.0004687 0.009906)
(0.002719 0.0004687 0.009906)
(0.002781 0.0004688 0.009906)
(0.002844 0.0004688 0.009906)
(0.002906 0.0004688 0.009906)
(0.002969 0.0004687 0.009906)
(0.003031 0.0004688 0.009906)
(0.003094 0.0004687 0.009906)
(0.003156 0.0004687 0.009906)
(0.003219 0.0004687 0.009906)
(0.003281 0.0004687 0.009906)
(0.003344 0.0004687 0.009906)
(0.003406 0.0004687 0.009906)
(0.003469 0.0004687 0.009906)
(0.003531 0.0004687 0.009906)
(0.003594 0.0004687 0.009906)
(0.003656 0.0004687 0.009906)
(0.003719 0.0004687 0.009906)
(0.003781 0.0004687 0.009906)
(0.003844 0.0004688 0.009906)
(0.003906 0.0004687 0.009906)
(0.003969 0.0004687 0.009906)
(0.002531 3.125e-05 0.009969)
(0.002594 3.125e-05 0.009969)
(0.002656 3.125e-05 0.009969)
(0.002719 3.125e-05 0.009969)
(0.002781 3.125e-05 0.009969)
(0.002844 3.125e-05 0.009969)
(0.002906 3.125e-05 0.009969)
(0.002969 3.125e-05 0.009969)
(0.003031 3.125e-05 0.009969)
(0.003094 3.125e-05 0.009969)
(0.003156 3.125e-05 0.009969)
(0.003219 3.125e-05 0.009969)
(0.003281 3.125e-05 0.009969)
(0.003344 3.125e-05 0.009969)
(0.003406 3.125e-05 0.009969)
(0.003469 3.125e-05 0.009969)
(0.003531 3.125e-05 0.009969)
(0.003594 3.125e-05 0.009969)
(0.003656 3.125e-05 0.009969)
(0.003719 3.125e-05 0.009969)
(0.003781 3.125e-05 0.009969)
(0.003844 3.125e-05 0.009969)
(0.003906 3.125e-05 0.009969)
(0.003969 3.125e-05 0.009969)
(0.002531 9.375e-05 0.009969)
(0.002594 9.375e-05 0.009969)
(0.002656 9.375e-05 0.009969)
(0.002719 9.375e-05 0.009969)
(0.002781 9.375e-05 0.009969)
(0.002844 9.375e-05 0.009969)
(0.002906 9.375e-05 0.009969)
(0.002969 9.375e-05 0.009969)
(0.003031 9.375e-05 0.009969)
(0.003094 9.375e-05 0.009969)
(0.003156 9.375e-05 0.009969)
(0.003219 9.375e-05 0.009969)
(0.003281 9.375e-05 0.009969)
(0.003344 9.375e-05 0.009969)
(0.003406 9.375e-05 0.009969)
(0.003469 9.375e-05 0.009969)
(0.003531 9.375e-05 0.009969)
(0.003594 9.375e-05 0.009969)
(0.003656 9.375e-05 0.009969)
(0.003719 9.375e-05 0.009969)
(0.003781 9.375e-05 0.009969)
(0.003844 9.375e-05 0.009969)
(0.003906 9.375e-05 0.009969)
(0.003969 9.375e-05 0.009969)
(0.002531 0.0001563 0.009969)
(0.002594 0.0001562 0.009969)
(0.002656 0.0001563 0.009969)
(0.002719 0.0001563 0.009969)
(0.002781 0.0001562 0.009969)
(0.002844 0.0001563 0.009969)
(0.002906 0.0001563 0.009969)
(0.002969 0.0001562 0.009969)
(0.003031 0.0001563 0.009969)
(0.003094 0.0001563 0.009969)
(0.003156 0.0001563 0.009969)
(0.003219 0.0001563 0.009969)
(0.003281 0.0001563 0.009969)
(0.003344 0.0001562 0.009969)
(0.003406 0.0001562 0.009969)
(0.003469 0.0001562 0.009969)
(0.003531 0.0001562 0.009969)
(0.003594 0.0001563 0.009969)
(0.003656 0.0001562 0.009969)
(0.003719 0.0001563 0.009969)
(0.003781 0.0001563 0.009969)
(0.003844 0.0001563 0.009969)
(0.003906 0.0001563 0.009969)
(0.003969 0.0001563 0.009969)
(0.002531 0.0002188 0.009969)
(0.002594 0.0002188 0.009969)
(0.002656 0.0002187 0.009969)
(0.002719 0.0002188 0.009969)
(0.002781 0.0002188 0.009969)
(0.002844 0.0002188 0.009969)
(0.002906 0.0002188 0.009969)
(0.002969 0.0002188 0.009969)
(0.003031 0.0002188 0.009969)
(0.003094 0.0002188 0.009969)
(0.003156 0.0002188 0.009969)
(0.003219 0.0002188 0.009969)
(0.003281 0.0002188 0.009969)
(0.003344 0.0002187 0.009969)
(0.003406 0.0002187 0.009969)
(0.003469 0.0002188 0.009969)
(0.003531 0.0002188 0.009969)
(0.003594 0.0002187 0.009969)
(0.003656 0.0002188 0.009969)
(0.003719 0.0002188 0.009969)
(0.003781 0.0002188 0.009969)
(0.003844 0.0002188 0.009969)
(0.003906 0.0002188 0.009969)
(0.003969 0.0002188 0.009969)
(0.002531 0.0002812 0.009969)
(0.002594 0.0002812 0.009969)
(0.002656 0.0002813 0.009969)
(0.002719 0.0002813 0.009969)
(0.002781 0.0002812 0.009969)
(0.002844 0.0002812 0.009969)
(0.002906 0.0002812 0.009969)
(0.002969 0.0002812 0.009969)
(0.003031 0.0002813 0.009969)
(0.003094 0.0002812 0.009969)
(0.003156 0.0002812 0.009969)
(0.003219 0.0002812 0.009969)
(0.003281 0.0002812 0.009969)
(0.003344 0.0002812 0.009969)
(0.003406 0.0002812 0.009969)
(0.003469 0.0002812 0.009969)
(0.003531 0.0002812 0.009969)
(0.003594 0.0002812 0.009969)
(0.003656 0.0002812 0.009969)
(0.003719 0.0002813 0.009969)
(0.003781 0.0002812 0.009969)
(0.003844 0.0002812 0.009969)
(0.003906 0.0002812 0.009969)
(0.003969 0.0002812 0.009969)
(0.002531 0.0003437 0.009969)
(0.002594 0.0003437 0.009969)
(0.002656 0.0003437 0.009969)
(0.002719 0.0003438 0.009969)
(0.002781 0.0003437 0.009969)
(0.002844 0.0003438 0.009969)
(0.002906 0.0003438 0.009969)
(0.002969 0.0003438 0.009969)
(0.003031 0.0003438 0.009969)
(0.003094 0.0003437 0.009969)
(0.003156 0.0003437 0.009969)
(0.003219 0.0003437 0.009969)
(0.003281 0.0003437 0.009969)
(0.003344 0.0003437 0.009969)
(0.003406 0.0003437 0.009969)
(0.003469 0.0003437 0.009969)
(0.003531 0.0003437 0.009969)
(0.003594 0.0003438 0.009969)
(0.003656 0.0003437 0.009969)
(0.003719 0.0003438 0.009969)
(0.003781 0.0003438 0.009969)
(0.003844 0.0003438 0.009969)
(0.003906 0.0003437 0.009969)
(0.003969 0.0003437 0.009969)
(0.002531 0.0004062 0.009969)
(0.002594 0.0004062 0.009969)
(0.002656 0.0004063 0.009969)
(0.002719 0.0004062 0.009969)
(0.002781 0.0004062 0.009969)
(0.002844 0.0004062 0.009969)
(0.002906 0.0004062 0.009969)
(0.002969 0.0004063 0.009969)
(0.003031 0.0004063 0.009969)
(0.003094 0.0004062 0.009969)
(0.003156 0.0004063 0.009969)
(0.003219 0.0004062 0.009969)
(0.003281 0.0004062 0.009969)
(0.003344 0.0004062 0.009969)
(0.003406 0.0004062 0.009969)
(0.003469 0.0004062 0.009969)
(0.003531 0.0004062 0.009969)
(0.003594 0.0004062 0.009969)
(0.003656 0.0004062 0.009969)
(0.003719 0.0004063 0.009969)
(0.003781 0.0004062 0.009969)
(0.003844 0.0004063 0.009969)
(0.003906 0.0004062 0.009969)
(0.003969 0.0004062 0.009969)
(0.002531 0.0004688 0.009969)
(0.002594 0.0004687 0.009969)
(0.002656 0.0004687 0.009969)
(0.002719 0.0004688 0.009969)
(0.002781 0.0004687 0.009969)
(0.002844 0.0004687 0.009969)
(0.002906 0.0004687 0.009969)
(0.002969 0.0004688 0.009969)
(0.003031 0.0004687 0.009969)
(0.003094 0.0004688 0.009969)
(0.003156 0.0004687 0.009969)
(0.003219 0.0004687 0.009969)
(0.003281 0.0004687 0.009969)
(0.003344 0.0004687 0.009969)
(0.003406 0.0004687 0.009969)
(0.003469 0.0004688 0.009969)
(0.003531 0.0004688 0.009969)
(0.003594 0.0004687 0.009969)
(0.003656 0.0004687 0.009969)
(0.003719 0.0004688 0.009969)
(0.003781 0.0004688 0.009969)
(0.003844 0.0004688 0.009969)
(0.003906 0.0004688 0.009969)
(0.003969 0.0004688 0.009969)
(0.002656 0.0005312 0.008031)
(0.002719 0.0005312 0.008031)
(0.002781 0.0005313 0.008031)
(0.002844 0.0005313 0.008031)
(0.002906 0.0005312 0.008031)
(0.002969 0.0005312 0.008031)
(0.003031 0.0005312 0.008031)
(0.003094 0.0005312 0.008031)
(0.003156 0.0005312 0.008031)
(0.003219 0.0005312 0.008031)
(0.003281 0.0005313 0.008031)
(0.003344 0.0005312 0.008031)
(0.003406 0.0005313 0.008031)
(0.003469 0.0005312 0.008031)
(0.003531 0.0005312 0.008031)
(0.003594 0.0005312 0.008031)
(0.003656 0.0005312 0.008031)
(0.003719 0.0005313 0.008031)
(0.003781 0.0005312 0.008031)
(0.003844 0.0005312 0.008031)
(0.003906 0.0005312 0.008031)
(0.003969 0.0005312 0.008031)
(0.002594 0.0005937 0.008031)
(0.002656 0.0005937 0.008031)
(0.002719 0.0005938 0.008031)
(0.002781 0.0005937 0.008031)
(0.002844 0.0005937 0.008031)
(0.002906 0.0005937 0.008031)
(0.002969 0.0005937 0.008031)
(0.003031 0.0005937 0.008031)
(0.003094 0.0005937 0.008031)
(0.003156 0.0005937 0.008031)
(0.003219 0.0005937 0.008031)
(0.003281 0.0005938 0.008031)
(0.003344 0.0005938 0.008031)
(0.003406 0.0005937 0.008031)
(0.003469 0.0005937 0.008031)
(0.003531 0.0005937 0.008031)
(0.003594 0.0005938 0.008031)
(0.003656 0.0005937 0.008031)
(0.003719 0.0005937 0.008031)
(0.003781 0.0005937 0.008031)
(0.003844 0.0005937 0.008031)
(0.003906 0.0005937 0.008031)
(0.003969 0.0005937 0.008031)
(0.002531 0.0006563 0.008031)
(0.002594 0.0006563 0.008031)
(0.002656 0.0006563 0.008031)
(0.002719 0.0006563 0.008031)
(0.002781 0.0006563 0.008031)
(0.002844 0.0006562 0.008031)
(0.002906 0.0006563 0.008031)
(0.002969 0.0006563 0.008031)
(0.003031 0.0006563 0.008031)
(0.003094 0.0006563 0.008031)
(0.003156 0.0006563 0.008031)
(0.003219 0.0006563 0.008031)
(0.003281 0.0006563 0.008031)
(0.003344 0.0006563 0.008031)
(0.003406 0.0006563 0.008031)
(0.003469 0.0006563 0.008031)
(0.003531 0.0006563 0.008031)
(0.003594 0.0006563 0.008031)
(0.003656 0.0006563 0.008031)
(0.003719 0.0006563 0.008031)
(0.003781 0.0006563 0.008031)
(0.003844 0.0006563 0.008031)
(0.003906 0.0006563 0.008031)
(0.003969 0.0006563 0.008031)
(0.002531 0.0007187 0.008031)
(0.002594 0.0007187 0.008031)
(0.002656 0.0007188 0.008031)
(0.002719 0.0007187 0.008031)
(0.002781 0.0007187 0.008031)
(0.002844 0.0007188 0.008031)
(0.002906 0.0007187 0.008031)
(0.002969 0.0007187 0.008031)
(0.003031 0.0007187 0.008031)
(0.003094 0.0007187 0.008031)
(0.003156 0.0007187 0.008031)
(0.003219 0.0007187 0.008031)
(0.003281 0.0007187 0.008031)
(0.003344 0.0007187 0.008031)
(0.003406 0.0007187 0.008031)
(0.003469 0.0007188 0.008031)
(0.003531 0.0007187 0.008031)
(0.003594 0.0007187 0.008031)
(0.003656 0.0007187 0.008031)
(0.003719 0.0007187 0.008031)
(0.003781 0.0007188 0.008031)
(0.003844 0.0007187 0.008031)
(0.003906 0.0007187 0.008031)
(0.003969 0.0007187 0.008031)
(0.002531 0.0007812 0.008031)
(0.002594 0.0007813 0.008031)
(0.002656 0.0007812 0.008031)
(0.002719 0.0007813 0.008031)
(0.002781 0.0007813 0.008031)
(0.002844 0.0007812 0.008031)
(0.002906 0.0007813 0.008031)
(0.002969 0.0007813 0.008031)
(0.003031 0.0007813 0.008031)
(0.003094 0.0007813 0.008031)
(0.003156 0.0007812 0.008031)
(0.003219 0.0007813 0.008031)
(0.003281 0.0007813 0.008031)
(0.003344 0.0007813 0.008031)
(0.003406 0.0007813 0.008031)
(0.003469 0.0007813 0.008031)
(0.003531 0.0007813 0.008031)
(0.003594 0.0007813 0.008031)
(0.003656 0.0007812 0.008031)
(0.003719 0.0007813 0.008031)
(0.003781 0.0007812 0.008031)
(0.003844 0.0007813 0.008031)
(0.003906 0.0007813 0.008031)
(0.003969 0.0007813 0.008031)
(0.002531 0.0008437 0.008031)
(0.002594 0.0008437 0.008031)
(0.002656 0.0008438 0.008031)
(0.002719 0.0008437 0.008031)
(0.002781 0.0008437 0.008031)
(0.002844 0.0008438 0.008031)
(0.002906 0.0008438 0.008031)
(0.002969 0.0008437 0.008031)
(0.003031 0.0008437 0.008031)
(0.003094 0.0008437 0.008031)
(0.003156 0.0008437 0.008031)
(0.003219 0.0008437 0.008031)
(0.003281 0.0008437 0.008031)
(0.003344 0.0008437 0.008031)
(0.003406 0.0008438 0.008031)
(0.003469 0.0008437 0.008031)
(0.003531 0.0008437 0.008031)
(0.003594 0.0008437 0.008031)
(0.003656 0.0008437 0.008031)
(0.003719 0.0008438 0.008031)
(0.003781 0.0008437 0.008031)
(0.003844 0.0008437 0.008031)
(0.003906 0.0008437 0.008031)
(0.003969 0.0008437 0.008031)
(0.002531 0.0009063 0.008031)
(0.002594 0.0009063 0.008031)
(0.002656 0.0009062 0.008031)
(0.002719 0.0009063 0.008031)
(0.002781 0.0009063 0.008031)
(0.002844 0.0009062 0.008031)
(0.002906 0.0009063 0.008031)
(0.002969 0.0009063 0.008031)
(0.003031 0.0009063 0.008031)
(0.003094 0.0009063 0.008031)
(0.003156 0.0009062 0.008031)
(0.003219 0.0009062 0.008031)
(0.003281 0.0009063 0.008031)
(0.003344 0.0009062 0.008031)
(0.003406 0.0009063 0.008031)
(0.003469 0.0009063 0.008031)
(0.003531 0.0009063 0.008031)
(0.003594 0.0009063 0.008031)
(0.003656 0.0009063 0.008031)
(0.003719 0.0009063 0.008031)
(0.003781 0.0009063 0.008031)
(0.003844 0.0009063 0.008031)
(0.003906 0.0009063 0.008031)
(0.003969 0.0009063 0.008031)
(0.002531 0.0009687 0.008031)
(0.002594 0.0009687 0.008031)
(0.002656 0.0009688 0.008031)
(0.002719 0.0009687 0.008031)
(0.002781 0.0009687 0.008031)
(0.002844 0.0009688 0.008031)
(0.002906 0.0009687 0.008031)
(0.002969 0.0009687 0.008031)
(0.003031 0.0009687 0.008031)
(0.003094 0.0009688 0.008031)
(0.003156 0.0009687 0.008031)
(0.003219 0.0009688 0.008031)
(0.003281 0.0009687 0.008031)
(0.003344 0.0009687 0.008031)
(0.003406 0.0009687 0.008031)
(0.003469 0.0009687 0.008031)
(0.003531 0.0009687 0.008031)
(0.003594 0.0009687 0.008031)
(0.003656 0.0009687 0.008031)
(0.003719 0.0009687 0.008031)
(0.003781 0.0009687 0.008031)
(0.003844 0.0009687 0.008031)
(0.003906 0.0009688 0.008031)
(0.003969 0.0009687 0.008031)
(0.002531 0.001031 0.008031)
(0.002594 0.001031 0.008031)
(0.002656 0.001031 0.008031)
(0.002719 0.001031 0.008031)
(0.002781 0.001031 0.008031)
(0.002844 0.001031 0.008031)
(0.002906 0.001031 0.008031)
(0.002969 0.001031 0.008031)
(0.003031 0.001031 0.008031)
(0.003094 0.001031 0.008031)
(0.003156 0.001031 0.008031)
(0.003219 0.001031 0.008031)
(0.003281 0.001031 0.008031)
(0.003344 0.001031 0.008031)
(0.003406 0.001031 0.008031)
(0.003469 0.001031 0.008031)
(0.003531 0.001031 0.008031)
(0.003594 0.001031 0.008031)
(0.003656 0.001031 0.008031)
(0.003719 0.001031 0.008031)
(0.003781 0.001031 0.008031)
(0.003844 0.001031 0.008031)
(0.003906 0.001031 0.008031)
(0.003969 0.001031 0.008031)
(0.002531 0.001094 0.008031)
(0.002594 0.001094 0.008031)
(0.002656 0.001094 0.008031)
(0.002719 0.001094 0.008031)
(0.002781 0.001094 0.008031)
(0.002844 0.001094 0.008031)
(0.002906 0.001094 0.008031)
(0.002969 0.001094 0.008031)
(0.003031 0.001094 0.008031)
(0.003094 0.001094 0.008031)
(0.003156 0.001094 0.008031)
(0.003219 0.001094 0.008031)
(0.003281 0.001094 0.008031)
(0.003344 0.001094 0.008031)
(0.003406 0.001094 0.008031)
(0.003469 0.001094 0.008031)
(0.003531 0.001094 0.008031)
(0.003594 0.001094 0.008031)
(0.003656 0.001094 0.008031)
(0.003719 0.001094 0.008031)
(0.003781 0.001094 0.008031)
(0.003844 0.001094 0.008031)
(0.003906 0.001094 0.008031)
(0.003969 0.001094 0.008031)
(0.002531 0.001156 0.008031)
(0.002594 0.001156 0.008031)
(0.002656 0.001156 0.008031)
(0.002719 0.001156 0.008031)
(0.002781 0.001156 0.008031)
(0.002844 0.001156 0.008031)
(0.002906 0.001156 0.008031)
(0.002969 0.001156 0.008031)
(0.003031 0.001156 0.008031)
(0.003094 0.001156 0.008031)
(0.003156 0.001156 0.008031)
(0.003219 0.001156 0.008031)
(0.003281 0.001156 0.008031)
(0.003344 0.001156 0.008031)
(0.003406 0.001156 0.008031)
(0.003469 0.001156 0.008031)
(0.003531 0.001156 0.008031)
(0.003594 0.001156 0.008031)
(0.003656 0.001156 0.008031)
(0.003719 0.001156 0.008031)
(0.003781 0.001156 0.008031)
(0.003844 0.001156 0.008031)
(0.003906 0.001156 0.008031)
(0.003969 0.001156 0.008031)
(0.002531 0.001219 0.008031)
(0.002594 0.001219 0.008031)
(0.002656 0.001219 0.008031)
(0.002719 0.001219 0.008031)
(0.002781 0.001219 0.008031)
(0.002844 0.001219 0.008031)
(0.002906 0.001219 0.008031)
(0.002969 0.001219 0.008031)
(0.003031 0.001219 0.008031)
(0.003094 0.001219 0.008031)
(0.003156 0.001219 0.008031)
(0.003219 0.001219 0.008031)
(0.003281 0.001219 0.008031)
(0.003344 0.001219 0.008031)
(0.003406 0.001219 0.008031)
(0.003469 0.001219 0.008031)
(0.003531 0.001219 0.008031)
(0.003594 0.001219 0.008031)
(0.003656 0.001219 0.008031)
(0.003719 0.001219 0.008031)
(0.003781 0.001219 0.008031)
(0.003844 0.001219 0.008031)
(0.003906 0.001219 0.008031)
(0.003969 0.001219 0.008031)
(0.002531 0.0005313 0.008094)
(0.002594 0.0005313 0.008094)
(0.002656 0.0005312 0.008094)
(0.002719 0.0005313 0.008094)
(0.002781 0.0005313 0.008094)
(0.002844 0.0005313 0.008094)
(0.002906 0.0005313 0.008094)
(0.002969 0.0005312 0.008094)
(0.003031 0.0005313 0.008094)
(0.003094 0.0005313 0.008094)
(0.003156 0.0005312 0.008094)
(0.003219 0.0005313 0.008094)
(0.003281 0.0005313 0.008094)
(0.003344 0.0005312 0.008094)
(0.003406 0.0005313 0.008094)
(0.003469 0.0005312 0.008094)
(0.003531 0.0005313 0.008094)
(0.003594 0.0005312 0.008094)
(0.003656 0.0005312 0.008094)
(0.003719 0.0005313 0.008094)
(0.003781 0.0005313 0.008094)
(0.003844 0.0005313 0.008094)
(0.003906 0.0005313 0.008094)
(0.003969 0.0005312 0.008094)
(0.002531 0.0005937 0.008094)
(0.002594 0.0005937 0.008094)
(0.002656 0.0005937 0.008094)
(0.002719 0.0005938 0.008094)
(0.002781 0.0005937 0.008094)
(0.002844 0.0005937 0.008094)
(0.002906 0.0005937 0.008094)
(0.002969 0.0005937 0.008094)
(0.003031 0.0005937 0.008094)
(0.003094 0.0005937 0.008094)
(0.003156 0.0005937 0.008094)
(0.003219 0.0005937 0.008094)
(0.003281 0.0005938 0.008094)
(0.003344 0.0005938 0.008094)
(0.003406 0.0005937 0.008094)
(0.003469 0.0005937 0.008094)
(0.003531 0.0005937 0.008094)
(0.003594 0.0005938 0.008094)
(0.003656 0.0005937 0.008094)
(0.003719 0.0005937 0.008094)
(0.003781 0.0005937 0.008094)
(0.003844 0.0005937 0.008094)
(0.003906 0.0005937 0.008094)
(0.003969 0.0005937 0.008094)
(0.002531 0.0006563 0.008094)
(0.002594 0.0006563 0.008094)
(0.002656 0.0006563 0.008094)
(0.002719 0.0006562 0.008094)
(0.002781 0.0006562 0.008094)
(0.002844 0.0006563 0.008094)
(0.002906 0.0006562 0.008094)
(0.002969 0.0006563 0.008094)
(0.003031 0.0006562 0.008094)
(0.003094 0.0006562 0.008094)
(0.003156 0.0006563 0.008094)
(0.003219 0.0006562 0.008094)
(0.003281 0.0006563 0.008094)
(0.003344 0.0006563 0.008094)
(0.003406 0.0006563 0.008094)
(0.003469 0.0006563 0.008094)
(0.003531 0.0006562 0.008094)
(0.003594 0.0006563 0.008094)
(0.003656 0.0006563 0.008094)
(0.003719 0.0006563 0.008094)
(0.003781 0.0006562 0.008094)
(0.003844 0.0006563 0.008094)
(0.003906 0.0006562 0.008094)
(0.003969 0.0006563 0.008094)
(0.002531 0.0007187 0.008094)
(0.002594 0.0007187 0.008094)
(0.002656 0.0007187 0.008094)
(0.002719 0.0007187 0.008094)
(0.002781 0.0007187 0.008094)
(0.002844 0.0007188 0.008094)
(0.002906 0.0007187 0.008094)
(0.002969 0.0007187 0.008094)
(0.003031 0.0007187 0.008094)
(0.003094 0.0007187 0.008094)
(0.003156 0.0007188 0.008094)
(0.003219 0.0007187 0.008094)
(0.003281 0.0007187 0.008094)
(0.003344 0.0007187 0.008094)
(0.003406 0.0007187 0.008094)
(0.003469 0.0007188 0.008094)
(0.003531 0.0007187 0.008094)
(0.003594 0.0007187 0.008094)
(0.003656 0.0007187 0.008094)
(0.003719 0.0007187 0.008094)
(0.003781 0.0007188 0.008094)
(0.003844 0.0007187 0.008094)
(0.003906 0.0007187 0.008094)
(0.003969 0.0007187 0.008094)
(0.002531 0.0007813 0.008094)
(0.002594 0.0007813 0.008094)
(0.002656 0.0007812 0.008094)
(0.002719 0.0007813 0.008094)
(0.002781 0.0007813 0.008094)
(0.002844 0.0007812 0.008094)
(0.002906 0.0007813 0.008094)
(0.002969 0.0007813 0.008094)
(0.003031 0.0007813 0.008094)
(0.003094 0.0007813 0.008094)
(0.003156 0.0007812 0.008094)
(0.003219 0.0007813 0.008094)
(0.003281 0.0007813 0.008094)
(0.003344 0.0007812 0.008094)
(0.003406 0.0007813 0.008094)
(0.003469 0.0007813 0.008094)
(0.003531 0.0007813 0.008094)
(0.003594 0.0007812 0.008094)
(0.003656 0.0007813 0.008094)
(0.003719 0.0007813 0.008094)
(0.003781 0.0007813 0.008094)
(0.003844 0.0007813 0.008094)
(0.003906 0.0007813 0.008094)
(0.003969 0.0007813 0.008094)
(0.002531 0.0008437 0.008094)
(0.002594 0.0008437 0.008094)
(0.002656 0.0008438 0.008094)
(0.002719 0.0008437 0.008094)
(0.002781 0.0008437 0.008094)
(0.002844 0.0008438 0.008094)
(0.002906 0.0008438 0.008094)
(0.002969 0.0008437 0.008094)
(0.003031 0.0008437 0.008094)
(0.003094 0.0008437 0.008094)
(0.003156 0.0008437 0.008094)
(0.003219 0.0008437 0.008094)
(0.003281 0.0008437 0.008094)
(0.003344 0.0008437 0.008094)
(0.003406 0.0008438 0.008094)
(0.003469 0.0008437 0.008094)
(0.003531 0.0008437 0.008094)
(0.003594 0.0008437 0.008094)
(0.003656 0.0008437 0.008094)
(0.003719 0.0008438 0.008094)
(0.003781 0.0008437 0.008094)
(0.003844 0.0008437 0.008094)
(0.003906 0.0008437 0.008094)
(0.003969 0.0008437 0.008094)
(0.002531 0.0009062 0.008094)
(0.002594 0.0009062 0.008094)
(0.002656 0.0009062 0.008094)
(0.002719 0.0009063 0.008094)
(0.002781 0.0009062 0.008094)
(0.002844 0.0009062 0.008094)
(0.002906 0.0009062 0.008094)
(0.002969 0.0009062 0.008094)
(0.003031 0.0009063 0.008094)
(0.003094 0.0009063 0.008094)
(0.003156 0.0009062 0.008094)
(0.003219 0.0009062 0.008094)
(0.003281 0.0009062 0.008094)
(0.003344 0.0009062 0.008094)
(0.003406 0.0009062 0.008094)
(0.003469 0.0009062 0.008094)
(0.003531 0.0009063 0.008094)
(0.003594 0.0009062 0.008094)
(0.003656 0.0009062 0.008094)
(0.003719 0.0009062 0.008094)
(0.003781 0.0009062 0.008094)
(0.003844 0.0009062 0.008094)
(0.003906 0.0009063 0.008094)
(0.003969 0.0009063 0.008094)
(0.002531 0.0009687 0.008094)
(0.002594 0.0009687 0.008094)
(0.002656 0.0009687 0.008094)
(0.002719 0.0009687 0.008094)
(0.002781 0.0009687 0.008094)
(0.002844 0.0009688 0.008094)
(0.002906 0.0009687 0.008094)
(0.002969 0.0009687 0.008094)
(0.003031 0.0009687 0.008094)
(0.003094 0.0009688 0.008094)
(0.003156 0.0009687 0.008094)
(0.003219 0.0009688 0.008094)
(0.003281 0.0009687 0.008094)
(0.003344 0.0009687 0.008094)
(0.003406 0.0009687 0.008094)
(0.003469 0.0009687 0.008094)
(0.003531 0.0009687 0.008094)
(0.003594 0.0009687 0.008094)
(0.003656 0.0009687 0.008094)
(0.003719 0.0009687 0.008094)
(0.003781 0.0009687 0.008094)
(0.003844 0.0009687 0.008094)
(0.003906 0.0009688 0.008094)
(0.003969 0.0009687 0.008094)
(0.002531 0.001031 0.008094)
(0.002594 0.001031 0.008094)
(0.002656 0.001031 0.008094)
(0.002719 0.001031 0.008094)
(0.002781 0.001031 0.008094)
(0.002844 0.001031 0.008094)
(0.002906 0.001031 0.008094)
(0.002969 0.001031 0.008094)
(0.003031 0.001031 0.008094)
(0.003094 0.001031 0.008094)
(0.003156 0.001031 0.008094)
(0.003219 0.001031 0.008094)
(0.003281 0.001031 0.008094)
(0.003344 0.001031 0.008094)
(0.003406 0.001031 0.008094)
(0.003469 0.001031 0.008094)
(0.003531 0.001031 0.008094)
(0.003594 0.001031 0.008094)
(0.003656 0.001031 0.008094)
(0.003719 0.001031 0.008094)
(0.003781 0.001031 0.008094)
(0.003844 0.001031 0.008094)
(0.003906 0.001031 0.008094)
(0.003969 0.001031 0.008094)
(0.002531 0.001094 0.008094)
(0.002594 0.001094 0.008094)
(0.002656 0.001094 0.008094)
(0.002719 0.001094 0.008094)
(0.002781 0.001094 0.008094)
(0.002844 0.001094 0.008094)
(0.002906 0.001094 0.008094)
(0.002969 0.001094 0.008094)
(0.003031 0.001094 0.008094)
(0.003094 0.001094 0.008094)
(0.003156 0.001094 0.008094)
(0.003219 0.001094 0.008094)
(0.003281 0.001094 0.008094)
(0.003344 0.001094 0.008094)
(0.003406 0.001094 0.008094)
(0.003469 0.001094 0.008094)
(0.003531 0.001094 0.008094)
(0.003594 0.001094 0.008094)
(0.003656 0.001094 0.008094)
(0.003719 0.001094 0.008094)
(0.003781 0.001094 0.008094)
(0.003844 0.001094 0.008094)
(0.003906 0.001094 0.008094)
(0.003969 0.001094 0.008094)
(0.002531 0.001156 0.008094)
(0.002594 0.001156 0.008094)
(0.002656 0.001156 0.008094)
(0.002719 0.001156 0.008094)
(0.002781 0.001156 0.008094)
(0.002844 0.001156 0.008094)
(0.002906 0.001156 0.008094)
(0.002969 0.001156 0.008094)
(0.003031 0.001156 0.008094)
(0.003094 0.001156 0.008094)
(0.003156 0.001156 0.008094)
(0.003219 0.001156 0.008094)
(0.003281 0.001156 0.008094)
(0.003344 0.001156 0.008094)
(0.003406 0.001156 0.008094)
(0.003469 0.001156 0.008094)
(0.003531 0.001156 0.008094)
(0.003594 0.001156 0.008094)
(0.003656 0.001156 0.008094)
(0.003719 0.001156 0.008094)
(0.003781 0.001156 0.008094)
(0.003844 0.001156 0.008094)
(0.003906 0.001156 0.008094)
(0.003969 0.001156 0.008094)
(0.002531 0.001219 0.008094)
(0.002594 0.001219 0.008094)
(0.002656 0.001219 0.008094)
(0.002719 0.001219 0.008094)
(0.002781 0.001219 0.008094)
(0.002844 0.001219 0.008094)
(0.002906 0.001219 0.008094)
(0.002969 0.001219 0.008094)
(0.003031 0.001219 0.008094)
(0.003094 0.001219 0.008094)
(0.003156 0.001219 0.008094)
(0.003219 0.001219 0.008094)
(0.003281 0.001219 0.008094)
(0.003344 0.001219 0.008094)
(0.003406 0.001219 0.008094)
(0.003469 0.001219 0.008094)
(0.003531 0.001219 0.008094)
(0.003594 0.001219 0.008094)
(0.003656 0.001219 0.008094)
(0.003719 0.001219 0.008094)
(0.003781 0.001219 0.008094)
(0.003844 0.001219 0.008094)
(0.003906 0.001219 0.008094)
(0.003969 0.001219 0.008094)
(0.002531 0.0005312 0.008156)
(0.002594 0.0005312 0.008156)
(0.002656 0.0005312 0.008156)
(0.002719 0.0005312 0.008156)
(0.002781 0.0005313 0.008156)
(0.002844 0.0005313 0.008156)
(0.002906 0.0005312 0.008156)
(0.002969 0.0005312 0.008156)
(0.003031 0.0005312 0.008156)
(0.003094 0.0005312 0.008156)
(0.003156 0.0005312 0.008156)
(0.003219 0.0005312 0.008156)
(0.003281 0.0005313 0.008156)
(0.003344 0.0005312 0.008156)
(0.003406 0.0005313 0.008156)
(0.003469 0.0005313 0.008156)
(0.003531 0.0005312 0.008156)
(0.003594 0.0005312 0.008156)
(0.003656 0.0005312 0.008156)
(0.003719 0.0005313 0.008156)
(0.003781 0.0005312 0.008156)
(0.003844 0.0005312 0.008156)
(0.003906 0.0005312 0.008156)
(0.003969 0.0005312 0.008156)
(0.002531 0.0005937 0.008156)
(0.002594 0.0005937 0.008156)
(0.002656 0.0005937 0.008156)
(0.002719 0.0005937 0.008156)
(0.002781 0.0005937 0.008156)
(0.002844 0.0005937 0.008156)
(0.002906 0.0005937 0.008156)
(0.002969 0.0005937 0.008156)
(0.003031 0.0005937 0.008156)
(0.003094 0.0005937 0.008156)
(0.003156 0.0005937 0.008156)
(0.003219 0.0005937 0.008156)
(0.003281 0.0005937 0.008156)
(0.003344 0.0005937 0.008156)
(0.003406 0.0005937 0.008156)
(0.003469 0.0005937 0.008156)
(0.003531 0.0005937 0.008156)
(0.003594 0.0005937 0.008156)
(0.003656 0.0005937 0.008156)
(0.003719 0.0005937 0.008156)
(0.003781 0.0005937 0.008156)
(0.003844 0.0005937 0.008156)
(0.003906 0.0005937 0.008156)
(0.003969 0.0005937 0.008156)
(0.002531 0.0006563 0.008156)
(0.002594 0.0006563 0.008156)
(0.002656 0.0006563 0.008156)
(0.002719 0.0006562 0.008156)
(0.002781 0.0006562 0.008156)
(0.002844 0.0006563 0.008156)
(0.002906 0.0006562 0.008156)
(0.002969 0.0006563 0.008156)
(0.003031 0.0006562 0.008156)
(0.003094 0.0006562 0.008156)
(0.003156 0.0006563 0.008156)
(0.003219 0.0006562 0.008156)
(0.003281 0.0006563 0.008156)
(0.003344 0.0006563 0.008156)
(0.003406 0.0006563 0.008156)
(0.003469 0.0006563 0.008156)
(0.003531 0.0006562 0.008156)
(0.003594 0.0006563 0.008156)
(0.003656 0.0006563 0.008156)
(0.003719 0.0006563 0.008156)
(0.003781 0.0006562 0.008156)
(0.003844 0.0006563 0.008156)
(0.003906 0.0006562 0.008156)
(0.003969 0.0006563 0.008156)
(0.002531 0.0007188 0.008156)
(0.002594 0.0007188 0.008156)
(0.002656 0.0007187 0.008156)
(0.002719 0.0007187 0.008156)
(0.002781 0.0007188 0.008156)
(0.002844 0.0007187 0.008156)
(0.002906 0.0007187 0.008156)
(0.002969 0.0007187 0.008156)
(0.003031 0.0007188 0.008156)
(0.003094 0.0007188 0.008156)
(0.003156 0.0007188 0.008156)
(0.003219 0.0007188 0.008156)
(0.003281 0.0007187 0.008156)
(0.003344 0.0007187 0.008156)
(0.003406 0.0007187 0.008156)
(0.003469 0.0007187 0.008156)
(0.003531 0.0007187 0.008156)
(0.003594 0.0007187 0.008156)
(0.003656 0.0007187 0.008156)
(0.003719 0.0007187 0.008156)
(0.003781 0.0007187 0.008156)
(0.003844 0.0007187 0.008156)
(0.003906 0.0007188 0.008156)
(0.003969 0.0007188 0.008156)
(0.002531 0.0007812 0.008156)
(0.002594 0.0007813 0.008156)
(0.002656 0.0007812 0.008156)
(0.002719 0.0007813 0.008156)
(0.002781 0.0007813 0.008156)
(0.002844 0.0007812 0.008156)
(0.002906 0.0007813 0.008156)
(0.002969 0.0007813 0.008156)
(0.003031 0.0007813 0.008156)
(0.003094 0.0007813 0.008156)
(0.003156 0.0007812 0.008156)
(0.003219 0.0007813 0.008156)
(0.003281 0.0007813 0.008156)
(0.003344 0.0007813 0.008156)
(0.003406 0.0007813 0.008156)
(0.003469 0.0007813 0.008156)
(0.003531 0.0007813 0.008156)
(0.003594 0.0007813 0.008156)
(0.003656 0.0007812 0.008156)
(0.003719 0.0007813 0.008156)
(0.003781 0.0007812 0.008156)
(0.003844 0.0007813 0.008156)
(0.003906 0.0007813 0.008156)
(0.003969 0.0007813 0.008156)
(0.002531 0.0008438 0.008156)
(0.002594 0.0008438 0.008156)
(0.002656 0.0008438 0.008156)
(0.002719 0.0008437 0.008156)
(0.002781 0.0008438 0.008156)
(0.002844 0.0008437 0.008156)
(0.002906 0.0008438 0.008156)
(0.002969 0.0008437 0.008156)
(0.003031 0.0008438 0.008156)
(0.003094 0.0008437 0.008156)
(0.003156 0.0008437 0.008156)
(0.003219 0.0008437 0.008156)
(0.003281 0.0008437 0.008156)
(0.003344 0.0008437 0.008156)
(0.003406 0.0008438 0.008156)
(0.003469 0.0008437 0.008156)
(0.003531 0.0008437 0.008156)
(0.003594 0.0008437 0.008156)
(0.003656 0.0008437 0.008156)
(0.003719 0.0008438 0.008156)
(0.003781 0.0008437 0.008156)
(0.003844 0.0008437 0.008156)
(0.003906 0.0008437 0.008156)
(0.003969 0.0008437 0.008156)
(0.002531 0.0009063 0.008156)
(0.002594 0.0009063 0.008156)
(0.002656 0.0009062 0.008156)
(0.002719 0.0009063 0.008156)
(0.002781 0.0009063 0.008156)
(0.002844 0.0009063 0.008156)
(0.002906 0.0009063 0.008156)
(0.002969 0.0009062 0.008156)
(0.003031 0.0009063 0.008156)
(0.003094 0.0009063 0.008156)
(0.003156 0.0009062 0.008156)
(0.003219 0.0009063 0.008156)
(0.003281 0.0009063 0.008156)
(0.003344 0.0009063 0.008156)
(0.003406 0.0009063 0.008156)
(0.003469 0.0009063 0.008156)
(0.003531 0.0009063 0.008156)
(0.003594 0.0009063 0.008156)
(0.003656 0.0009062 0.008156)
(0.003719 0.0009063 0.008156)
(0.003781 0.0009063 0.008156)
(0.003844 0.0009063 0.008156)
(0.003906 0.0009063 0.008156)
(0.003969 0.0009063 0.008156)
(0.002531 0.0009688 0.008156)
(0.002594 0.0009688 0.008156)
(0.002656 0.0009688 0.008156)
(0.002719 0.0009687 0.008156)
(0.002781 0.0009688 0.008156)
(0.002844 0.0009687 0.008156)
(0.002906 0.0009687 0.008156)
(0.002969 0.0009687 0.008156)
(0.003031 0.0009688 0.008156)
(0.003094 0.0009687 0.008156)
(0.003156 0.0009688 0.008156)
(0.003219 0.0009687 0.008156)
(0.003281 0.0009687 0.008156)
(0.003344 0.0009687 0.008156)
(0.003406 0.0009687 0.008156)
(0.003469 0.0009687 0.008156)
(0.003531 0.0009687 0.008156)
(0.003594 0.0009687 0.008156)
(0.003656 0.0009687 0.008156)
(0.003719 0.0009687 0.008156)
(0.003781 0.0009687 0.008156)
(0.003844 0.0009687 0.008156)
(0.003906 0.0009687 0.008156)
(0.003969 0.0009687 0.008156)
(0.002531 0.001031 0.008156)
(0.002594 0.001031 0.008156)
(0.002656 0.001031 0.008156)
(0.002719 0.001031 0.008156)
(0.002781 0.001031 0.008156)
(0.002844 0.001031 0.008156)
(0.002906 0.001031 0.008156)
(0.002969 0.001031 0.008156)
(0.003031 0.001031 0.008156)
(0.003094 0.001031 0.008156)
(0.003156 0.001031 0.008156)
(0.003219 0.001031 0.008156)
(0.003281 0.001031 0.008156)
(0.003344 0.001031 0.008156)
(0.003406 0.001031 0.008156)
(0.003469 0.001031 0.008156)
(0.003531 0.001031 0.008156)
(0.003594 0.001031 0.008156)
(0.003656 0.001031 0.008156)
(0.003719 0.001031 0.008156)
(0.003781 0.001031 0.008156)
(0.003844 0.001031 0.008156)
(0.003906 0.001031 0.008156)
(0.003969 0.001031 0.008156)
(0.002531 0.001094 0.008156)
(0.002594 0.001094 0.008156)
(0.002656 0.001094 0.008156)
(0.002719 0.001094 0.008156)
(0.002781 0.001094 0.008156)
(0.002844 0.001094 0.008156)
(0.002906 0.001094 0.008156)
(0.002969 0.001094 0.008156)
(0.003031 0.001094 0.008156)
(0.003094 0.001094 0.008156)
(0.003156 0.001094 0.008156)
(0.003219 0.001094 0.008156)
(0.003281 0.001094 0.008156)
(0.003344 0.001094 0.008156)
(0.003406 0.001094 0.008156)
(0.003469 0.001094 0.008156)
(0.003531 0.001094 0.008156)
(0.003594 0.001094 0.008156)
(0.003656 0.001094 0.008156)
(0.003719 0.001094 0.008156)
(0.003781 0.001094 0.008156)
(0.003844 0.001094 0.008156)
(0.003906 0.001094 0.008156)
(0.003969 0.001094 0.008156)
(0.002531 0.001156 0.008156)
(0.002594 0.001156 0.008156)
(0.002656 0.001156 0.008156)
(0.002719 0.001156 0.008156)
(0.002781 0.001156 0.008156)
(0.002844 0.001156 0.008156)
(0.002906 0.001156 0.008156)
(0.002969 0.001156 0.008156)
(0.003031 0.001156 0.008156)
(0.003094 0.001156 0.008156)
(0.003156 0.001156 0.008156)
(0.003219 0.001156 0.008156)
(0.003281 0.001156 0.008156)
(0.003344 0.001156 0.008156)
(0.003406 0.001156 0.008156)
(0.003469 0.001156 0.008156)
(0.003531 0.001156 0.008156)
(0.003594 0.001156 0.008156)
(0.003656 0.001156 0.008156)
(0.003719 0.001156 0.008156)
(0.003781 0.001156 0.008156)
(0.003844 0.001156 0.008156)
(0.003906 0.001156 0.008156)
(0.003969 0.001156 0.008156)
(0.002531 0.001219 0.008156)
(0.002594 0.001219 0.008156)
(0.002656 0.001219 0.008156)
(0.002719 0.001219 0.008156)
(0.002781 0.001219 0.008156)
(0.002844 0.001219 0.008156)
(0.002906 0.001219 0.008156)
(0.002969 0.001219 0.008156)
(0.003031 0.001219 0.008156)
(0.003094 0.001219 0.008156)
(0.003156 0.001219 0.008156)
(0.003219 0.001219 0.008156)
(0.003281 0.001219 0.008156)
(0.003344 0.001219 0.008156)
(0.003406 0.001219 0.008156)
(0.003469 0.001219 0.008156)
(0.003531 0.001219 0.008156)
(0.003594 0.001219 0.008156)
(0.003656 0.001219 0.008156)
(0.003719 0.001219 0.008156)
(0.003781 0.001219 0.008156)
(0.003844 0.001219 0.008156)
(0.003906 0.001219 0.008156)
(0.003969 0.001219 0.008156)
(0.002531 0.0005312 0.008219)
(0.002594 0.0005312 0.008219)
(0.002656 0.0005312 0.008219)
(0.002719 0.0005312 0.008219)
(0.002781 0.0005313 0.008219)
(0.002844 0.0005313 0.008219)
(0.002906 0.0005312 0.008219)
(0.002969 0.0005312 0.008219)
(0.003031 0.0005312 0.008219)
(0.003094 0.0005312 0.008219)
(0.003156 0.0005312 0.008219)
(0.003219 0.0005312 0.008219)
(0.003281 0.0005313 0.008219)
(0.003344 0.0005312 0.008219)
(0.003406 0.0005313 0.008219)
(0.003469 0.0005312 0.008219)
(0.003531 0.0005312 0.008219)
(0.003594 0.0005312 0.008219)
(0.003656 0.0005312 0.008219)
(0.003719 0.0005313 0.008219)
(0.003781 0.0005312 0.008219)
(0.003844 0.0005312 0.008219)
(0.003906 0.0005312 0.008219)
(0.003969 0.0005312 0.008219)
(0.002531 0.0005937 0.008219)
(0.002594 0.0005937 0.008219)
(0.002656 0.0005937 0.008219)
(0.002719 0.0005938 0.008219)
(0.002781 0.0005937 0.008219)
(0.002844 0.0005937 0.008219)
(0.002906 0.0005937 0.008219)
(0.002969 0.0005937 0.008219)
(0.003031 0.0005937 0.008219)
(0.003094 0.0005937 0.008219)
(0.003156 0.0005937 0.008219)
(0.003219 0.0005937 0.008219)
(0.003281 0.0005938 0.008219)
(0.003344 0.0005938 0.008219)
(0.003406 0.0005937 0.008219)
(0.003469 0.0005937 0.008219)
(0.003531 0.0005937 0.008219)
(0.003594 0.0005938 0.008219)
(0.003656 0.0005937 0.008219)
(0.003719 0.0005937 0.008219)
(0.003781 0.0005937 0.008219)
(0.003844 0.0005937 0.008219)
(0.003906 0.0005937 0.008219)
(0.003969 0.0005937 0.008219)
(0.002531 0.0006563 0.008219)
(0.002594 0.0006563 0.008219)
(0.002656 0.0006563 0.008219)
(0.002719 0.0006563 0.008219)
(0.002781 0.0006563 0.008219)
(0.002844 0.0006562 0.008219)
(0.002906 0.0006563 0.008219)
(0.002969 0.0006563 0.008219)
(0.003031 0.0006563 0.008219)
(0.003094 0.0006563 0.008219)
(0.003156 0.0006563 0.008219)
(0.003219 0.0006563 0.008219)
(0.003281 0.0006563 0.008219)
(0.003344 0.0006563 0.008219)
(0.003406 0.0006563 0.008219)
(0.003469 0.0006563 0.008219)
(0.003531 0.0006563 0.008219)
(0.003594 0.0006563 0.008219)
(0.003656 0.0006563 0.008219)
(0.003719 0.0006563 0.008219)
(0.003781 0.0006563 0.008219)
(0.003844 0.0006563 0.008219)
(0.003906 0.0006563 0.008219)
(0.003969 0.0006563 0.008219)
(0.002531 0.0007187 0.008219)
(0.002594 0.0007187 0.008219)
(0.002656 0.0007187 0.008219)
(0.002719 0.0007188 0.008219)
(0.002781 0.0007187 0.008219)
(0.002844 0.0007188 0.008219)
(0.002906 0.0007187 0.008219)
(0.002969 0.0007187 0.008219)
(0.003031 0.0007187 0.008219)
(0.003094 0.0007188 0.008219)
(0.003156 0.0007188 0.008219)
(0.003219 0.0007188 0.008219)
(0.003281 0.0007188 0.008219)
(0.003344 0.0007188 0.008219)
(0.003406 0.0007187 0.008219)
(0.003469 0.0007188 0.008219)
(0.003531 0.0007187 0.008219)
(0.003594 0.0007188 0.008219)
(0.003656 0.0007187 0.008219)
(0.003719 0.0007187 0.008219)
(0.003781 0.0007188 0.008219)
(0.003844 0.0007188 0.008219)
(0.003906 0.0007188 0.008219)
(0.003969 0.0007187 0.008219)
(0.002531 0.0007812 0.008219)
(0.002594 0.0007813 0.008219)
(0.002656 0.0007812 0.008219)
(0.002719 0.0007813 0.008219)
(0.002781 0.0007813 0.008219)
(0.002844 0.0007813 0.008219)
(0.002906 0.0007813 0.008219)
(0.002969 0.0007813 0.008219)
(0.003031 0.0007813 0.008219)
(0.003094 0.0007813 0.008219)
(0.003156 0.0007812 0.008219)
(0.003219 0.0007813 0.008219)
(0.003281 0.0007813 0.008219)
(0.003344 0.0007813 0.008219)
(0.003406 0.0007813 0.008219)
(0.003469 0.0007813 0.008219)
(0.003531 0.0007813 0.008219)
(0.003594 0.0007813 0.008219)
(0.003656 0.0007812 0.008219)
(0.003719 0.0007813 0.008219)
(0.003781 0.0007812 0.008219)
(0.003844 0.0007813 0.008219)
(0.003906 0.0007813 0.008219)
(0.003969 0.0007813 0.008219)
(0.002531 0.0008437 0.008219)
(0.002594 0.0008437 0.008219)
(0.002656 0.0008438 0.008219)
(0.002719 0.0008437 0.008219)
(0.002781 0.0008437 0.008219)
(0.002844 0.0008438 0.008219)
(0.002906 0.0008438 0.008219)
(0.002969 0.0008437 0.008219)
(0.003031 0.0008437 0.008219)
(0.003094 0.0008437 0.008219)
(0.003156 0.0008437 0.008219)
(0.003219 0.0008437 0.008219)
(0.003281 0.0008437 0.008219)
(0.003344 0.0008437 0.008219)
(0.003406 0.0008438 0.008219)
(0.003469 0.0008437 0.008219)
(0.003531 0.0008437 0.008219)
(0.003594 0.0008437 0.008219)
(0.003656 0.0008437 0.008219)
(0.003719 0.0008438 0.008219)
(0.003781 0.0008437 0.008219)
(0.003844 0.0008437 0.008219)
(0.003906 0.0008437 0.008219)
(0.003969 0.0008437 0.008219)
(0.002531 0.0009063 0.008219)
(0.002594 0.0009063 0.008219)
(0.002656 0.0009062 0.008219)
(0.002719 0.0009063 0.008219)
(0.002781 0.0009063 0.008219)
(0.002844 0.0009062 0.008219)
(0.002906 0.0009063 0.008219)
(0.002969 0.0009062 0.008219)
(0.003031 0.0009063 0.008219)
(0.003094 0.0009063 0.008219)
(0.003156 0.0009062 0.008219)
(0.003219 0.0009062 0.008219)
(0.003281 0.0009063 0.008219)
(0.003344 0.0009062 0.008219)
(0.003406 0.0009063 0.008219)
(0.003469 0.0009063 0.008219)
(0.003531 0.0009063 0.008219)
(0.003594 0.0009063 0.008219)
(0.003656 0.0009063 0.008219)
(0.003719 0.0009063 0.008219)
(0.003781 0.0009063 0.008219)
(0.003844 0.0009063 0.008219)
(0.003906 0.0009063 0.008219)
(0.003969 0.0009063 0.008219)
(0.002531 0.0009687 0.008219)
(0.002594 0.0009687 0.008219)
(0.002656 0.0009687 0.008219)
(0.002719 0.0009687 0.008219)
(0.002781 0.0009687 0.008219)
(0.002844 0.0009687 0.008219)
(0.002906 0.0009687 0.008219)
(0.002969 0.0009687 0.008219)
(0.003031 0.0009687 0.008219)
(0.003094 0.0009687 0.008219)
(0.003156 0.0009687 0.008219)
(0.003219 0.0009687 0.008219)
(0.003281 0.0009687 0.008219)
(0.003344 0.0009687 0.008219)
(0.003406 0.0009687 0.008219)
(0.003469 0.0009687 0.008219)
(0.003531 0.0009687 0.008219)
(0.003594 0.0009687 0.008219)
(0.003656 0.0009687 0.008219)
(0.003719 0.0009687 0.008219)
(0.003781 0.0009687 0.008219)
(0.003844 0.0009687 0.008219)
(0.003906 0.0009687 0.008219)
(0.003969 0.0009687 0.008219)
(0.002531 0.001031 0.008219)
(0.002594 0.001031 0.008219)
(0.002656 0.001031 0.008219)
(0.002719 0.001031 0.008219)
(0.002781 0.001031 0.008219)
(0.002844 0.001031 0.008219)
(0.002906 0.001031 0.008219)
(0.002969 0.001031 0.008219)
(0.003031 0.001031 0.008219)
(0.003094 0.001031 0.008219)
(0.003156 0.001031 0.008219)
(0.003219 0.001031 0.008219)
(0.003281 0.001031 0.008219)
(0.003344 0.001031 0.008219)
(0.003406 0.001031 0.008219)
(0.003469 0.001031 0.008219)
(0.003531 0.001031 0.008219)
(0.003594 0.001031 0.008219)
(0.003656 0.001031 0.008219)
(0.003719 0.001031 0.008219)
(0.003781 0.001031 0.008219)
(0.003844 0.001031 0.008219)
(0.003906 0.001031 0.008219)
(0.003969 0.001031 0.008219)
(0.002531 0.001094 0.008219)
(0.002594 0.001094 0.008219)
(0.002656 0.001094 0.008219)
(0.002719 0.001094 0.008219)
(0.002781 0.001094 0.008219)
(0.002844 0.001094 0.008219)
(0.002906 0.001094 0.008219)
(0.002969 0.001094 0.008219)
(0.003031 0.001094 0.008219)
(0.003094 0.001094 0.008219)
(0.003156 0.001094 0.008219)
(0.003219 0.001094 0.008219)
(0.003281 0.001094 0.008219)
(0.003344 0.001094 0.008219)
(0.003406 0.001094 0.008219)
(0.003469 0.001094 0.008219)
(0.003531 0.001094 0.008219)
(0.003594 0.001094 0.008219)
(0.003656 0.001094 0.008219)
(0.003719 0.001094 0.008219)
(0.003781 0.001094 0.008219)
(0.003844 0.001094 0.008219)
(0.003906 0.001094 0.008219)
(0.003969 0.001094 0.008219)
(0.002531 0.001156 0.008219)
(0.002594 0.001156 0.008219)
(0.002656 0.001156 0.008219)
(0.002719 0.001156 0.008219)
(0.002781 0.001156 0.008219)
(0.002844 0.001156 0.008219)
(0.002906 0.001156 0.008219)
(0.002969 0.001156 0.008219)
(0.003031 0.001156 0.008219)
(0.003094 0.001156 0.008219)
(0.003156 0.001156 0.008219)
(0.003219 0.001156 0.008219)
(0.003281 0.001156 0.008219)
(0.003344 0.001156 0.008219)
(0.003406 0.001156 0.008219)
(0.003469 0.001156 0.008219)
(0.003531 0.001156 0.008219)
(0.003594 0.001156 0.008219)
(0.003656 0.001156 0.008219)
(0.003719 0.001156 0.008219)
(0.003781 0.001156 0.008219)
(0.003844 0.001156 0.008219)
(0.003906 0.001156 0.008219)
(0.003969 0.001156 0.008219)
(0.002531 0.001219 0.008219)
(0.002594 0.001219 0.008219)
(0.002656 0.001219 0.008219)
(0.002719 0.001219 0.008219)
(0.002781 0.001219 0.008219)
(0.002844 0.001219 0.008219)
(0.002906 0.001219 0.008219)
(0.002969 0.001219 0.008219)
(0.003031 0.001219 0.008219)
(0.003094 0.001219 0.008219)
(0.003156 0.001219 0.008219)
(0.003219 0.001219 0.008219)
(0.003281 0.001219 0.008219)
(0.003344 0.001219 0.008219)
(0.003406 0.001219 0.008219)
(0.003469 0.001219 0.008219)
(0.003531 0.001219 0.008219)
(0.003594 0.001219 0.008219)
(0.003656 0.001219 0.008219)
(0.003719 0.001219 0.008219)
(0.003781 0.001219 0.008219)
(0.003844 0.001219 0.008219)
(0.003906 0.001219 0.008219)
(0.003969 0.001219 0.008219)
(0.002531 0.0005313 0.008281)
(0.002594 0.0005313 0.008281)
(0.002656 0.0005312 0.008281)
(0.002719 0.0005313 0.008281)
(0.002781 0.0005313 0.008281)
(0.002844 0.0005313 0.008281)
(0.002906 0.0005313 0.008281)
(0.002969 0.0005312 0.008281)
(0.003031 0.0005313 0.008281)
(0.003094 0.0005313 0.008281)
(0.003156 0.0005312 0.008281)
(0.003219 0.0005313 0.008281)
(0.003281 0.0005313 0.008281)
(0.003344 0.0005312 0.008281)
(0.003406 0.0005313 0.008281)
(0.003469 0.0005312 0.008281)
(0.003531 0.0005313 0.008281)
(0.003594 0.0005312 0.008281)
(0.003656 0.0005312 0.008281)
(0.003719 0.0005313 0.008281)
(0.003781 0.0005313 0.008281)
(0.003844 0.0005313 0.008281)
(0.003906 0.0005313 0.008281)
(0.003969 0.0005312 0.008281)
(0.002531 0.0005937 0.008281)
(0.002594 0.0005937 0.008281)
(0.002656 0.0005937 0.008281)
(0.002719 0.0005937 0.008281)
(0.002781 0.0005937 0.008281)
(0.002844 0.0005937 0.008281)
(0.002906 0.0005937 0.008281)
(0.002969 0.0005937 0.008281)
(0.003031 0.0005937 0.008281)
(0.003094 0.0005937 0.008281)
(0.003156 0.0005937 0.008281)
(0.003219 0.0005937 0.008281)
(0.003281 0.0005937 0.008281)
(0.003344 0.0005937 0.008281)
(0.003406 0.0005937 0.008281)
(0.003469 0.0005937 0.008281)
(0.003531 0.0005937 0.008281)
(0.003594 0.0005937 0.008281)
(0.003656 0.0005937 0.008281)
(0.003719 0.0005937 0.008281)
(0.003781 0.0005937 0.008281)
(0.003844 0.0005937 0.008281)
(0.003906 0.0005937 0.008281)
(0.003969 0.0005937 0.008281)
(0.002531 0.0006563 0.008281)
(0.002594 0.0006563 0.008281)
(0.002656 0.0006563 0.008281)
(0.002719 0.0006562 0.008281)
(0.002781 0.0006562 0.008281)
(0.002844 0.0006563 0.008281)
(0.002906 0.0006562 0.008281)
(0.002969 0.0006563 0.008281)
(0.003031 0.0006562 0.008281)
(0.003094 0.0006562 0.008281)
(0.003156 0.0006563 0.008281)
(0.003219 0.0006562 0.008281)
(0.003281 0.0006563 0.008281)
(0.003344 0.0006563 0.008281)
(0.003406 0.0006563 0.008281)
(0.003469 0.0006563 0.008281)
(0.003531 0.0006562 0.008281)
(0.003594 0.0006563 0.008281)
(0.003656 0.0006563 0.008281)
(0.003719 0.0006563 0.008281)
(0.003781 0.0006562 0.008281)
(0.003844 0.0006563 0.008281)
(0.003906 0.0006562 0.008281)
(0.003969 0.0006563 0.008281)
(0.002531 0.0007187 0.008281)
(0.002594 0.0007187 0.008281)
(0.002656 0.0007187 0.008281)
(0.002719 0.0007187 0.008281)
(0.002781 0.0007187 0.008281)
(0.002844 0.0007187 0.008281)
(0.002906 0.0007187 0.008281)
(0.002969 0.0007187 0.008281)
(0.003031 0.0007187 0.008281)
(0.003094 0.0007188 0.008281)
(0.003156 0.0007188 0.008281)
(0.003219 0.0007188 0.008281)
(0.003281 0.0007187 0.008281)
(0.003344 0.0007187 0.008281)
(0.003406 0.0007187 0.008281)
(0.003469 0.0007187 0.008281)
(0.003531 0.0007187 0.008281)
(0.003594 0.0007187 0.008281)
(0.003656 0.0007187 0.008281)
(0.003719 0.0007187 0.008281)
(0.003781 0.0007187 0.008281)
(0.003844 0.0007187 0.008281)
(0.003906 0.0007188 0.008281)
(0.003969 0.0007187 0.008281)
(0.002531 0.0007812 0.008281)
(0.002594 0.0007813 0.008281)
(0.002656 0.0007812 0.008281)
(0.002719 0.0007813 0.008281)
(0.002781 0.0007812 0.008281)
(0.002844 0.0007813 0.008281)
(0.002906 0.0007813 0.008281)
(0.002969 0.0007813 0.008281)
(0.003031 0.0007813 0.008281)
(0.003094 0.0007813 0.008281)
(0.003156 0.0007812 0.008281)
(0.003219 0.0007813 0.008281)
(0.003281 0.0007813 0.008281)
(0.003344 0.0007812 0.008281)
(0.003406 0.0007813 0.008281)
(0.003469 0.0007813 0.008281)
(0.003531 0.0007813 0.008281)
(0.003594 0.0007812 0.008281)
(0.003656 0.0007812 0.008281)
(0.003719 0.0007813 0.008281)
(0.003781 0.0007812 0.008281)
(0.003844 0.0007813 0.008281)
(0.003906 0.0007813 0.008281)
(0.003969 0.0007813 0.008281)
(0.002531 0.0008438 0.008281)
(0.002594 0.0008438 0.008281)
(0.002656 0.0008438 0.008281)
(0.002719 0.0008437 0.008281)
(0.002781 0.0008438 0.008281)
(0.002844 0.0008437 0.008281)
(0.002906 0.0008438 0.008281)
(0.002969 0.0008437 0.008281)
(0.003031 0.0008438 0.008281)
(0.003094 0.0008437 0.008281)
(0.003156 0.0008437 0.008281)
(0.003219 0.0008437 0.008281)
(0.003281 0.0008437 0.008281)
(0.003344 0.0008437 0.008281)
(0.003406 0.0008438 0.008281)
(0.003469 0.0008437 0.008281)
(0.003531 0.0008437 0.008281)
(0.003594 0.0008437 0.008281)
(0.003656 0.0008437 0.008281)
(0.003719 0.0008438 0.008281)
(0.003781 0.0008437 0.008281)
(0.003844 0.0008437 0.008281)
(0.003906 0.0008437 0.008281)
(0.003969 0.0008437 0.008281)
(0.002531 0.0009063 0.008281)
(0.002594 0.0009062 0.008281)
(0.002656 0.0009062 0.008281)
(0.002719 0.0009063 0.008281)
(0.002781 0.0009063 0.008281)
(0.002844 0.0009062 0.008281)
(0.002906 0.0009063 0.008281)
(0.002969 0.0009062 0.008281)
(0.003031 0.0009063 0.008281)
(0.003094 0.0009063 0.008281)
(0.003156 0.0009062 0.008281)
(0.003219 0.0009063 0.008281)
(0.003281 0.0009062 0.008281)
(0.003344 0.0009062 0.008281)
(0.003406 0.0009063 0.008281)
(0.003469 0.0009063 0.008281)
(0.003531 0.0009063 0.008281)
(0.003594 0.0009062 0.008281)
(0.003656 0.0009062 0.008281)
(0.003719 0.0009062 0.008281)
(0.003781 0.0009062 0.008281)
(0.003844 0.0009063 0.008281)
(0.003906 0.0009063 0.008281)
(0.003969 0.0009063 0.008281)
(0.002531 0.0009687 0.008281)
(0.002594 0.0009687 0.008281)
(0.002656 0.0009687 0.008281)
(0.002719 0.0009687 0.008281)
(0.002781 0.0009687 0.008281)
(0.002844 0.0009687 0.008281)
(0.002906 0.0009687 0.008281)
(0.002969 0.0009687 0.008281)
(0.003031 0.0009687 0.008281)
(0.003094 0.0009688 0.008281)
(0.003156 0.0009687 0.008281)
(0.003219 0.0009688 0.008281)
(0.003281 0.0009687 0.008281)
(0.003344 0.0009687 0.008281)
(0.003406 0.0009687 0.008281)
(0.003469 0.0009687 0.008281)
(0.003531 0.0009687 0.008281)
(0.003594 0.0009687 0.008281)
(0.003656 0.0009687 0.008281)
(0.003719 0.0009687 0.008281)
(0.003781 0.0009687 0.008281)
(0.003844 0.0009688 0.008281)
(0.003906 0.0009688 0.008281)
(0.003969 0.0009687 0.008281)
(0.002531 0.001031 0.008281)
(0.002594 0.001031 0.008281)
(0.002656 0.001031 0.008281)
(0.002719 0.001031 0.008281)
(0.002781 0.001031 0.008281)
(0.002844 0.001031 0.008281)
(0.002906 0.001031 0.008281)
(0.002969 0.001031 0.008281)
(0.003031 0.001031 0.008281)
(0.003094 0.001031 0.008281)
(0.003156 0.001031 0.008281)
(0.003219 0.001031 0.008281)
(0.003281 0.001031 0.008281)
(0.003344 0.001031 0.008281)
(0.003406 0.001031 0.008281)
(0.003469 0.001031 0.008281)
(0.003531 0.001031 0.008281)
(0.003594 0.001031 0.008281)
(0.003656 0.001031 0.008281)
(0.003719 0.001031 0.008281)
(0.003781 0.001031 0.008281)
(0.003844 0.001031 0.008281)
(0.003906 0.001031 0.008281)
(0.003969 0.001031 0.008281)
(0.002531 0.001094 0.008281)
(0.002594 0.001094 0.008281)
(0.002656 0.001094 0.008281)
(0.002719 0.001094 0.008281)
(0.002781 0.001094 0.008281)
(0.002844 0.001094 0.008281)
(0.002906 0.001094 0.008281)
(0.002969 0.001094 0.008281)
(0.003031 0.001094 0.008281)
(0.003094 0.001094 0.008281)
(0.003156 0.001094 0.008281)
(0.003219 0.001094 0.008281)
(0.003281 0.001094 0.008281)
(0.003344 0.001094 0.008281)
(0.003406 0.001094 0.008281)
(0.003469 0.001094 0.008281)
(0.003531 0.001094 0.008281)
(0.003594 0.001094 0.008281)
(0.003656 0.001094 0.008281)
(0.003719 0.001094 0.008281)
(0.003781 0.001094 0.008281)
(0.003844 0.001094 0.008281)
(0.003906 0.001094 0.008281)
(0.003969 0.001094 0.008281)
(0.002531 0.001156 0.008281)
(0.002594 0.001156 0.008281)
(0.002656 0.001156 0.008281)
(0.002719 0.001156 0.008281)
(0.002781 0.001156 0.008281)
(0.002844 0.001156 0.008281)
(0.002906 0.001156 0.008281)
(0.002969 0.001156 0.008281)
(0.003031 0.001156 0.008281)
(0.003094 0.001156 0.008281)
(0.003156 0.001156 0.008281)
(0.003219 0.001156 0.008281)
(0.003281 0.001156 0.008281)
(0.003344 0.001156 0.008281)
(0.003406 0.001156 0.008281)
(0.003469 0.001156 0.008281)
(0.003531 0.001156 0.008281)
(0.003594 0.001156 0.008281)
(0.003656 0.001156 0.008281)
(0.003719 0.001156 0.008281)
(0.003781 0.001156 0.008281)
(0.003844 0.001156 0.008281)
(0.003906 0.001156 0.008281)
(0.003969 0.001156 0.008281)
(0.002531 0.001219 0.008281)
(0.002594 0.001219 0.008281)
(0.002656 0.001219 0.008281)
(0.002719 0.001219 0.008281)
(0.002781 0.001219 0.008281)
(0.002844 0.001219 0.008281)
(0.002906 0.001219 0.008281)
(0.002969 0.001219 0.008281)
(0.003031 0.001219 0.008281)
(0.003094 0.001219 0.008281)
(0.003156 0.001219 0.008281)
(0.003219 0.001219 0.008281)
(0.003281 0.001219 0.008281)
(0.003344 0.001219 0.008281)
(0.003406 0.001219 0.008281)
(0.003469 0.001219 0.008281)
(0.003531 0.001219 0.008281)
(0.003594 0.001219 0.008281)
(0.003656 0.001219 0.008281)
(0.003719 0.001219 0.008281)
(0.003781 0.001219 0.008281)
(0.003844 0.001219 0.008281)
(0.003906 0.001219 0.008281)
(0.003969 0.001219 0.008281)
(0.002531 0.0005312 0.008344)
(0.002594 0.0005312 0.008344)
(0.002656 0.0005312 0.008344)
(0.002719 0.0005312 0.008344)
(0.002781 0.0005313 0.008344)
(0.002844 0.0005313 0.008344)
(0.002906 0.0005312 0.008344)
(0.002969 0.0005312 0.008344)
(0.003031 0.0005312 0.008344)
(0.003094 0.0005312 0.008344)
(0.003156 0.0005312 0.008344)
(0.003219 0.0005312 0.008344)
(0.003281 0.0005313 0.008344)
(0.003344 0.0005312 0.008344)
(0.003406 0.0005313 0.008344)
(0.003469 0.0005313 0.008344)
(0.003531 0.0005312 0.008344)
(0.003594 0.0005312 0.008344)
(0.003656 0.0005312 0.008344)
(0.003719 0.0005313 0.008344)
(0.003781 0.0005312 0.008344)
(0.003844 0.0005312 0.008344)
(0.003906 0.0005312 0.008344)
(0.003969 0.0005312 0.008344)
(0.002531 0.0005937 0.008344)
(0.002594 0.0005937 0.008344)
(0.002656 0.0005937 0.008344)
(0.002719 0.0005938 0.008344)
(0.002781 0.0005937 0.008344)
(0.002844 0.0005937 0.008344)
(0.002906 0.0005937 0.008344)
(0.002969 0.0005937 0.008344)
(0.003031 0.0005937 0.008344)
(0.003094 0.0005937 0.008344)
(0.003156 0.0005937 0.008344)
(0.003219 0.0005937 0.008344)
(0.003281 0.0005938 0.008344)
(0.003344 0.0005938 0.008344)
(0.003406 0.0005937 0.008344)
(0.003469 0.0005937 0.008344)
(0.003531 0.0005937 0.008344)
(0.003594 0.0005938 0.008344)
(0.003656 0.0005937 0.008344)
(0.003719 0.0005937 0.008344)
(0.003781 0.0005937 0.008344)
(0.003844 0.0005937 0.008344)
(0.003906 0.0005937 0.008344)
(0.003969 0.0005937 0.008344)
(0.002531 0.0006563 0.008344)
(0.002594 0.0006563 0.008344)
(0.002656 0.0006563 0.008344)
(0.002719 0.0006562 0.008344)
(0.002781 0.0006562 0.008344)
(0.002844 0.0006563 0.008344)
(0.002906 0.0006562 0.008344)
(0.002969 0.0006563 0.008344)
(0.003031 0.0006562 0.008344)
(0.003094 0.0006562 0.008344)
(0.003156 0.0006563 0.008344)
(0.003219 0.0006562 0.008344)
(0.003281 0.0006563 0.008344)
(0.003344 0.0006563 0.008344)
(0.003406 0.0006563 0.008344)
(0.003469 0.0006563 0.008344)
(0.003531 0.0006562 0.008344)
(0.003594 0.0006563 0.008344)
(0.003656 0.0006563 0.008344)
(0.003719 0.0006563 0.008344)
(0.003781 0.0006562 0.008344)
(0.003844 0.0006563 0.008344)
(0.003906 0.0006562 0.008344)
(0.003969 0.0006563 0.008344)
(0.002531 0.0007187 0.008344)
(0.002594 0.0007187 0.008344)
(0.002656 0.0007187 0.008344)
(0.002719 0.0007187 0.008344)
(0.002781 0.0007187 0.008344)
(0.002844 0.0007188 0.008344)
(0.002906 0.0007187 0.008344)
(0.002969 0.0007187 0.008344)
(0.003031 0.0007187 0.008344)
(0.003094 0.0007187 0.008344)
(0.003156 0.0007188 0.008344)
(0.003219 0.0007187 0.008344)
(0.003281 0.0007187 0.008344)
(0.003344 0.0007187 0.008344)
(0.003406 0.0007187 0.008344)
(0.003469 0.0007188 0.008344)
(0.003531 0.0007187 0.008344)
(0.003594 0.0007187 0.008344)
(0.003656 0.0007187 0.008344)
(0.003719 0.0007187 0.008344)
(0.003781 0.0007188 0.008344)
(0.003844 0.0007187 0.008344)
(0.003906 0.0007187 0.008344)
(0.003969 0.0007187 0.008344)
(0.002531 0.0007812 0.008344)
(0.002594 0.0007813 0.008344)
(0.002656 0.0007812 0.008344)
(0.002719 0.0007813 0.008344)
(0.002781 0.0007813 0.008344)
(0.002844 0.0007812 0.008344)
(0.002906 0.0007813 0.008344)
(0.002969 0.0007813 0.008344)
(0.003031 0.0007813 0.008344)
(0.003094 0.0007813 0.008344)
(0.003156 0.0007812 0.008344)
(0.003219 0.0007813 0.008344)
(0.003281 0.0007813 0.008344)
(0.003344 0.0007813 0.008344)
(0.003406 0.0007813 0.008344)
(0.003469 0.0007813 0.008344)
(0.003531 0.0007813 0.008344)
(0.003594 0.0007813 0.008344)
(0.003656 0.0007813 0.008344)
(0.003719 0.0007813 0.008344)
(0.003781 0.0007812 0.008344)
(0.003844 0.0007813 0.008344)
(0.003906 0.0007813 0.008344)
(0.003969 0.0007813 0.008344)
(0.002531 0.0008437 0.008344)
(0.002594 0.0008437 0.008344)
(0.002656 0.0008438 0.008344)
(0.002719 0.0008437 0.008344)
(0.002781 0.0008437 0.008344)
(0.002844 0.0008438 0.008344)
(0.002906 0.0008438 0.008344)
(0.002969 0.0008437 0.008344)
(0.003031 0.0008437 0.008344)
(0.003094 0.0008437 0.008344)
(0.003156 0.0008437 0.008344)
(0.003219 0.0008437 0.008344)
(0.003281 0.0008437 0.008344)
(0.003344 0.0008437 0.008344)
(0.003406 0.0008438 0.008344)
(0.003469 0.0008437 0.008344)
(0.003531 0.0008437 0.008344)
(0.003594 0.0008437 0.008344)
(0.003656 0.0008437 0.008344)
(0.003719 0.0008438 0.008344)
(0.003781 0.0008437 0.008344)
(0.003844 0.0008437 0.008344)
(0.003906 0.0008437 0.008344)
(0.003969 0.0008437 0.008344)
(0.002531 0.0009063 0.008344)
(0.002594 0.0009063 0.008344)
(0.002656 0.0009062 0.008344)
(0.002719 0.0009063 0.008344)
(0.002781 0.0009063 0.008344)
(0.002844 0.0009063 0.008344)
(0.002906 0.0009063 0.008344)
(0.002969 0.0009062 0.008344)
(0.003031 0.0009063 0.008344)
(0.003094 0.0009063 0.008344)
(0.003156 0.0009062 0.008344)
(0.003219 0.0009063 0.008344)
(0.003281 0.0009063 0.008344)
(0.003344 0.0009063 0.008344)
(0.003406 0.0009063 0.008344)
(0.003469 0.0009063 0.008344)
(0.003531 0.0009063 0.008344)
(0.003594 0.0009063 0.008344)
(0.003656 0.0009062 0.008344)
(0.003719 0.0009063 0.008344)
(0.003781 0.0009063 0.008344)
(0.003844 0.0009063 0.008344)
(0.003906 0.0009063 0.008344)
(0.003969 0.0009063 0.008344)
(0.002531 0.0009687 0.008344)
(0.002594 0.0009687 0.008344)
(0.002656 0.0009687 0.008344)
(0.002719 0.0009687 0.008344)
(0.002781 0.0009687 0.008344)
(0.002844 0.0009688 0.008344)
(0.002906 0.0009687 0.008344)
(0.002969 0.0009687 0.008344)
(0.003031 0.0009687 0.008344)
(0.003094 0.0009688 0.008344)
(0.003156 0.0009687 0.008344)
(0.003219 0.0009688 0.008344)
(0.003281 0.0009687 0.008344)
(0.003344 0.0009687 0.008344)
(0.003406 0.0009687 0.008344)
(0.003469 0.0009687 0.008344)
(0.003531 0.0009687 0.008344)
(0.003594 0.0009687 0.008344)
(0.003656 0.0009687 0.008344)
(0.003719 0.0009687 0.008344)
(0.003781 0.0009687 0.008344)
(0.003844 0.0009687 0.008344)
(0.003906 0.0009688 0.008344)
(0.003969 0.0009687 0.008344)
(0.002531 0.001031 0.008344)
(0.002594 0.001031 0.008344)
(0.002656 0.001031 0.008344)
(0.002719 0.001031 0.008344)
(0.002781 0.001031 0.008344)
(0.002844 0.001031 0.008344)
(0.002906 0.001031 0.008344)
(0.002969 0.001031 0.008344)
(0.003031 0.001031 0.008344)
(0.003094 0.001031 0.008344)
(0.003156 0.001031 0.008344)
(0.003219 0.001031 0.008344)
(0.003281 0.001031 0.008344)
(0.003344 0.001031 0.008344)
(0.003406 0.001031 0.008344)
(0.003469 0.001031 0.008344)
(0.003531 0.001031 0.008344)
(0.003594 0.001031 0.008344)
(0.003656 0.001031 0.008344)
(0.003719 0.001031 0.008344)
(0.003781 0.001031 0.008344)
(0.003844 0.001031 0.008344)
(0.003906 0.001031 0.008344)
(0.003969 0.001031 0.008344)
(0.002531 0.001094 0.008344)
(0.002594 0.001094 0.008344)
(0.002656 0.001094 0.008344)
(0.002719 0.001094 0.008344)
(0.002781 0.001094 0.008344)
(0.002844 0.001094 0.008344)
(0.002906 0.001094 0.008344)
(0.002969 0.001094 0.008344)
(0.003031 0.001094 0.008344)
(0.003094 0.001094 0.008344)
(0.003156 0.001094 0.008344)
(0.003219 0.001094 0.008344)
(0.003281 0.001094 0.008344)
(0.003344 0.001094 0.008344)
(0.003406 0.001094 0.008344)
(0.003469 0.001094 0.008344)
(0.003531 0.001094 0.008344)
(0.003594 0.001094 0.008344)
(0.003656 0.001094 0.008344)
(0.003719 0.001094 0.008344)
(0.003781 0.001094 0.008344)
(0.003844 0.001094 0.008344)
(0.003906 0.001094 0.008344)
(0.003969 0.001094 0.008344)
(0.002531 0.001156 0.008344)
(0.002594 0.001156 0.008344)
(0.002656 0.001156 0.008344)
(0.002719 0.001156 0.008344)
(0.002781 0.001156 0.008344)
(0.002844 0.001156 0.008344)
(0.002906 0.001156 0.008344)
(0.002969 0.001156 0.008344)
(0.003031 0.001156 0.008344)
(0.003094 0.001156 0.008344)
(0.003156 0.001156 0.008344)
(0.003219 0.001156 0.008344)
(0.003281 0.001156 0.008344)
(0.003344 0.001156 0.008344)
(0.003406 0.001156 0.008344)
(0.003469 0.001156 0.008344)
(0.003531 0.001156 0.008344)
(0.003594 0.001156 0.008344)
(0.003656 0.001156 0.008344)
(0.003719 0.001156 0.008344)
(0.003781 0.001156 0.008344)
(0.003844 0.001156 0.008344)
(0.003906 0.001156 0.008344)
(0.003969 0.001156 0.008344)
(0.002531 0.001219 0.008344)
(0.002594 0.001219 0.008344)
(0.002656 0.001219 0.008344)
(0.002719 0.001219 0.008344)
(0.002781 0.001219 0.008344)
(0.002844 0.001219 0.008344)
(0.002906 0.001219 0.008344)
(0.002969 0.001219 0.008344)
(0.003031 0.001219 0.008344)
(0.003094 0.001219 0.008344)
(0.003156 0.001219 0.008344)
(0.003219 0.001219 0.008344)
(0.003281 0.001219 0.008344)
(0.003344 0.001219 0.008344)
(0.003406 0.001219 0.008344)
(0.003469 0.001219 0.008344)
(0.003531 0.001219 0.008344)
(0.003594 0.001219 0.008344)
(0.003656 0.001219 0.008344)
(0.003719 0.001219 0.008344)
(0.003781 0.001219 0.008344)
(0.003844 0.001219 0.008344)
(0.003906 0.001219 0.008344)
(0.003969 0.001219 0.008344)
(0.002531 0.0005313 0.008406)
(0.002594 0.0005313 0.008406)
(0.002656 0.0005312 0.008406)
(0.002719 0.0005313 0.008406)
(0.002781 0.0005313 0.008406)
(0.002844 0.0005313 0.008406)
(0.002906 0.0005313 0.008406)
(0.002969 0.0005312 0.008406)
(0.003031 0.0005313 0.008406)
(0.003094 0.0005313 0.008406)
(0.003156 0.0005312 0.008406)
(0.003219 0.0005313 0.008406)
(0.003281 0.0005313 0.008406)
(0.003344 0.0005312 0.008406)
(0.003406 0.0005313 0.008406)
(0.003469 0.0005312 0.008406)
(0.003531 0.0005313 0.008406)
(0.003594 0.0005312 0.008406)
(0.003656 0.0005312 0.008406)
(0.003719 0.0005313 0.008406)
(0.003781 0.0005313 0.008406)
(0.003844 0.0005313 0.008406)
(0.003906 0.0005313 0.008406)
(0.003969 0.0005312 0.008406)
(0.002531 0.0005938 0.008406)
(0.002594 0.0005937 0.008406)
(0.002656 0.0005937 0.008406)
(0.002719 0.0005937 0.008406)
(0.002781 0.0005938 0.008406)
(0.002844 0.0005937 0.008406)
(0.002906 0.0005937 0.008406)
(0.002969 0.0005937 0.008406)
(0.003031 0.0005937 0.008406)
(0.003094 0.0005937 0.008406)
(0.003156 0.0005937 0.008406)
(0.003219 0.0005937 0.008406)
(0.003281 0.0005937 0.008406)
(0.003344 0.0005937 0.008406)
(0.003406 0.0005937 0.008406)
(0.003469 0.0005937 0.008406)
(0.003531 0.0005937 0.008406)
(0.003594 0.0005937 0.008406)
(0.003656 0.0005937 0.008406)
(0.003719 0.0005937 0.008406)
(0.003781 0.0005937 0.008406)
(0.003844 0.0005937 0.008406)
(0.003906 0.0005937 0.008406)
(0.003969 0.0005937 0.008406)
(0.002531 0.0006563 0.008406)
(0.002594 0.0006563 0.008406)
(0.002656 0.0006563 0.008406)
(0.002719 0.0006562 0.008406)
(0.002781 0.0006562 0.008406)
(0.002844 0.0006563 0.008406)
(0.002906 0.0006562 0.008406)
(0.002969 0.0006563 0.008406)
(0.003031 0.0006562 0.008406)
(0.003094 0.0006562 0.008406)
(0.003156 0.0006563 0.008406)
(0.003219 0.0006562 0.008406)
(0.003281 0.0006563 0.008406)
(0.003344 0.0006563 0.008406)
(0.003406 0.0006563 0.008406)
(0.003469 0.0006563 0.008406)
(0.003531 0.0006562 0.008406)
(0.003594 0.0006563 0.008406)
(0.003656 0.0006563 0.008406)
(0.003719 0.0006563 0.008406)
(0.003781 0.0006562 0.008406)
(0.003844 0.0006563 0.008406)
(0.003906 0.0006562 0.008406)
(0.003969 0.0006563 0.008406)
(0.002531 0.0007187 0.008406)
(0.002594 0.0007187 0.008406)
(0.002656 0.0007187 0.008406)
(0.002719 0.0007188 0.008406)
(0.002781 0.0007187 0.008406)
(0.002844 0.0007187 0.008406)
(0.002906 0.0007187 0.008406)
(0.002969 0.0007187 0.008406)
(0.003031 0.0007187 0.008406)
(0.003094 0.0007188 0.008406)
(0.003156 0.0007188 0.008406)
(0.003219 0.0007188 0.008406)
(0.003281 0.0007188 0.008406)
(0.003344 0.0007188 0.008406)
(0.003406 0.0007187 0.008406)
(0.003469 0.0007187 0.008406)
(0.003531 0.0007187 0.008406)
(0.003594 0.0007188 0.008406)
(0.003656 0.0007187 0.008406)
(0.003719 0.0007187 0.008406)
(0.003781 0.0007187 0.008406)
(0.003844 0.0007188 0.008406)
(0.003906 0.0007188 0.008406)
(0.003969 0.0007187 0.008406)
(0.002531 0.0007812 0.008406)
(0.002594 0.0007813 0.008406)
(0.002656 0.0007812 0.008406)
(0.002719 0.0007813 0.008406)
(0.002781 0.0007812 0.008406)
(0.002844 0.0007813 0.008406)
(0.002906 0.0007813 0.008406)
(0.002969 0.0007813 0.008406)
(0.003031 0.0007813 0.008406)
(0.003094 0.0007813 0.008406)
(0.003156 0.0007812 0.008406)
(0.003219 0.0007813 0.008406)
(0.003281 0.0007813 0.008406)
(0.003344 0.0007812 0.008406)
(0.003406 0.0007813 0.008406)
(0.003469 0.0007813 0.008406)
(0.003531 0.0007813 0.008406)
(0.003594 0.0007812 0.008406)
(0.003656 0.0007812 0.008406)
(0.003719 0.0007813 0.008406)
(0.003781 0.0007812 0.008406)
(0.003844 0.0007813 0.008406)
(0.003906 0.0007813 0.008406)
(0.003969 0.0007813 0.008406)
(0.002531 0.0008438 0.008406)
(0.002594 0.0008438 0.008406)
(0.002656 0.0008438 0.008406)
(0.002719 0.0008438 0.008406)
(0.002781 0.0008438 0.008406)
(0.002844 0.0008437 0.008406)
(0.002906 0.0008438 0.008406)
(0.002969 0.0008437 0.008406)
(0.003031 0.0008438 0.008406)
(0.003094 0.0008438 0.008406)
(0.003156 0.0008437 0.008406)
(0.003219 0.0008438 0.008406)
(0.003281 0.0008438 0.008406)
(0.003344 0.0008438 0.008406)
(0.003406 0.0008438 0.008406)
(0.003469 0.0008437 0.008406)
(0.003531 0.0008437 0.008406)
(0.003594 0.0008438 0.008406)
(0.003656 0.0008437 0.008406)
(0.003719 0.0008438 0.008406)
(0.003781 0.0008437 0.008406)
(0.003844 0.0008438 0.008406)
(0.003906 0.0008438 0.008406)
(0.003969 0.0008437 0.008406)
(0.002531 0.0009063 0.008406)
(0.002594 0.0009062 0.008406)
(0.002656 0.0009062 0.008406)
(0.002719 0.0009063 0.008406)
(0.002781 0.0009063 0.008406)
(0.002844 0.0009062 0.008406)
(0.002906 0.0009063 0.008406)
(0.002969 0.0009062 0.008406)
(0.003031 0.0009063 0.008406)
(0.003094 0.0009063 0.008406)
(0.003156 0.0009062 0.008406)
(0.003219 0.0009063 0.008406)
(0.003281 0.0009062 0.008406)
(0.003344 0.0009062 0.008406)
(0.003406 0.0009063 0.008406)
(0.003469 0.0009063 0.008406)
(0.003531 0.0009063 0.008406)
(0.003594 0.0009062 0.008406)
(0.003656 0.0009062 0.008406)
(0.003719 0.0009062 0.008406)
(0.003781 0.0009062 0.008406)
(0.003844 0.0009063 0.008406)
(0.003906 0.0009063 0.008406)
(0.003969 0.0009063 0.008406)
(0.002531 0.0009687 0.008406)
(0.002594 0.0009687 0.008406)
(0.002656 0.0009687 0.008406)
(0.002719 0.0009688 0.008406)
(0.002781 0.0009687 0.008406)
(0.002844 0.0009687 0.008406)
(0.002906 0.0009687 0.008406)
(0.002969 0.0009687 0.008406)
(0.003031 0.0009687 0.008406)
(0.003094 0.0009688 0.008406)
(0.003156 0.0009687 0.008406)
(0.003219 0.0009688 0.008406)
(0.003281 0.0009688 0.008406)
(0.003344 0.0009688 0.008406)
(0.003406 0.0009687 0.008406)
(0.003469 0.0009687 0.008406)
(0.003531 0.0009687 0.008406)
(0.003594 0.0009688 0.008406)
(0.003656 0.0009687 0.008406)
(0.003719 0.0009687 0.008406)
(0.003781 0.0009687 0.008406)
(0.003844 0.0009688 0.008406)
(0.003906 0.0009688 0.008406)
(0.003969 0.0009687 0.008406)
(0.002531 0.001031 0.008406)
(0.002594 0.001031 0.008406)
(0.002656 0.001031 0.008406)
(0.002719 0.001031 0.008406)
(0.002781 0.001031 0.008406)
(0.002844 0.001031 0.008406)
(0.002906 0.001031 0.008406)
(0.002969 0.001031 0.008406)
(0.003031 0.001031 0.008406)
(0.003094 0.001031 0.008406)
(0.003156 0.001031 0.008406)
(0.003219 0.001031 0.008406)
(0.003281 0.001031 0.008406)
(0.003344 0.001031 0.008406)
(0.003406 0.001031 0.008406)
(0.003469 0.001031 0.008406)
(0.003531 0.001031 0.008406)
(0.003594 0.001031 0.008406)
(0.003656 0.001031 0.008406)
(0.003719 0.001031 0.008406)
(0.003781 0.001031 0.008406)
(0.003844 0.001031 0.008406)
(0.003906 0.001031 0.008406)
(0.003969 0.001031 0.008406)
(0.002531 0.001094 0.008406)
(0.002594 0.001094 0.008406)
(0.002656 0.001094 0.008406)
(0.002719 0.001094 0.008406)
(0.002781 0.001094 0.008406)
(0.002844 0.001094 0.008406)
(0.002906 0.001094 0.008406)
(0.002969 0.001094 0.008406)
(0.003031 0.001094 0.008406)
(0.003094 0.001094 0.008406)
(0.003156 0.001094 0.008406)
(0.003219 0.001094 0.008406)
(0.003281 0.001094 0.008406)
(0.003344 0.001094 0.008406)
(0.003406 0.001094 0.008406)
(0.003469 0.001094 0.008406)
(0.003531 0.001094 0.008406)
(0.003594 0.001094 0.008406)
(0.003656 0.001094 0.008406)
(0.003719 0.001094 0.008406)
(0.003781 0.001094 0.008406)
(0.003844 0.001094 0.008406)
(0.003906 0.001094 0.008406)
(0.003969 0.001094 0.008406)
(0.002531 0.001156 0.008406)
(0.002594 0.001156 0.008406)
(0.002656 0.001156 0.008406)
(0.002719 0.001156 0.008406)
(0.002781 0.001156 0.008406)
(0.002844 0.001156 0.008406)
(0.002906 0.001156 0.008406)
(0.002969 0.001156 0.008406)
(0.003031 0.001156 0.008406)
(0.003094 0.001156 0.008406)
(0.003156 0.001156 0.008406)
(0.003219 0.001156 0.008406)
(0.003281 0.001156 0.008406)
(0.003344 0.001156 0.008406)
(0.003406 0.001156 0.008406)
(0.003469 0.001156 0.008406)
(0.003531 0.001156 0.008406)
(0.003594 0.001156 0.008406)
(0.003656 0.001156 0.008406)
(0.003719 0.001156 0.008406)
(0.003781 0.001156 0.008406)
(0.003844 0.001156 0.008406)
(0.003906 0.001156 0.008406)
(0.003969 0.001156 0.008406)
(0.002531 0.001219 0.008406)
(0.002594 0.001219 0.008406)
(0.002656 0.001219 0.008406)
(0.002719 0.001219 0.008406)
(0.002781 0.001219 0.008406)
(0.002844 0.001219 0.008406)
(0.002906 0.001219 0.008406)
(0.002969 0.001219 0.008406)
(0.003031 0.001219 0.008406)
(0.003094 0.001219 0.008406)
(0.003156 0.001219 0.008406)
(0.003219 0.001219 0.008406)
(0.003281 0.001219 0.008406)
(0.003344 0.001219 0.008406)
(0.003406 0.001219 0.008406)
(0.003469 0.001219 0.008406)
(0.003531 0.001219 0.008406)
(0.003594 0.001219 0.008406)
(0.003656 0.001219 0.008406)
(0.003719 0.001219 0.008406)
(0.003781 0.001219 0.008406)
(0.003844 0.001219 0.008406)
(0.003906 0.001219 0.008406)
(0.003969 0.001219 0.008406)
(0.002531 0.0005313 0.008469)
(0.002594 0.0005313 0.008469)
(0.002656 0.0005312 0.008469)
(0.002719 0.0005313 0.008469)
(0.002781 0.0005313 0.008469)
(0.002844 0.0005313 0.008469)
(0.002906 0.0005313 0.008469)
(0.002969 0.0005312 0.008469)
(0.003031 0.0005313 0.008469)
(0.003094 0.0005313 0.008469)
(0.003156 0.0005312 0.008469)
(0.003219 0.0005313 0.008469)
(0.003281 0.0005313 0.008469)
(0.003344 0.0005312 0.008469)
(0.003406 0.0005313 0.008469)
(0.003469 0.0005312 0.008469)
(0.003531 0.0005313 0.008469)
(0.003594 0.0005312 0.008469)
(0.003656 0.0005312 0.008469)
(0.003719 0.0005313 0.008469)
(0.003781 0.0005313 0.008469)
(0.003844 0.0005313 0.008469)
(0.003906 0.0005313 0.008469)
(0.003969 0.0005312 0.008469)
(0.002531 0.0005937 0.008469)
(0.002594 0.0005937 0.008469)
(0.002656 0.0005937 0.008469)
(0.002719 0.0005937 0.008469)
(0.002781 0.0005937 0.008469)
(0.002844 0.0005937 0.008469)
(0.002906 0.0005937 0.008469)
(0.002969 0.0005937 0.008469)
(0.003031 0.0005937 0.008469)
(0.003094 0.0005937 0.008469)
(0.003156 0.0005937 0.008469)
(0.003219 0.0005937 0.008469)
(0.003281 0.0005937 0.008469)
(0.003344 0.0005937 0.008469)
(0.003406 0.0005937 0.008469)
(0.003469 0.0005937 0.008469)
(0.003531 0.0005937 0.008469)
(0.003594 0.0005937 0.008469)
(0.003656 0.0005937 0.008469)
(0.003719 0.0005937 0.008469)
(0.003781 0.0005937 0.008469)
(0.003844 0.0005937 0.008469)
(0.003906 0.0005937 0.008469)
(0.003969 0.0005937 0.008469)
(0.002531 0.0006563 0.008469)
(0.002594 0.0006563 0.008469)
(0.002656 0.0006563 0.008469)
(0.002719 0.0006562 0.008469)
(0.002781 0.0006562 0.008469)
(0.002844 0.0006563 0.008469)
(0.002906 0.0006562 0.008469)
(0.002969 0.0006563 0.008469)
(0.003031 0.0006562 0.008469)
(0.003094 0.0006562 0.008469)
(0.003156 0.0006563 0.008469)
(0.003219 0.0006562 0.008469)
(0.003281 0.0006563 0.008469)
(0.003344 0.0006563 0.008469)
(0.003406 0.0006563 0.008469)
(0.003469 0.0006563 0.008469)
(0.003531 0.0006562 0.008469)
(0.003594 0.0006563 0.008469)
(0.003656 0.0006563 0.008469)
(0.003719 0.0006563 0.008469)
(0.003781 0.0006562 0.008469)
(0.003844 0.0006563 0.008469)
(0.003906 0.0006562 0.008469)
(0.003969 0.0006563 0.008469)
(0.002531 0.0007187 0.008469)
(0.002594 0.0007187 0.008469)
(0.002656 0.0007187 0.008469)
(0.002719 0.0007187 0.008469)
(0.002781 0.0007187 0.008469)
(0.002844 0.0007187 0.008469)
(0.002906 0.0007187 0.008469)
(0.002969 0.0007187 0.008469)
(0.003031 0.0007187 0.008469)
(0.003094 0.0007188 0.008469)
(0.003156 0.0007188 0.008469)
(0.003219 0.0007188 0.008469)
(0.003281 0.0007187 0.008469)
(0.003344 0.0007187 0.008469)
(0.003406 0.0007187 0.008469)
(0.003469 0.0007187 0.008469)
(0.003531 0.0007187 0.008469)
(0.003594 0.0007187 0.008469)
(0.003656 0.0007187 0.008469)
(0.003719 0.0007187 0.008469)
(0.003781 0.0007187 0.008469)
(0.003844 0.0007187 0.008469)
(0.003906 0.0007188 0.008469)
(0.003969 0.0007187 0.008469)
(0.002531 0.0007812 0.008469)
(0.002594 0.0007813 0.008469)
(0.002656 0.0007812 0.008469)
(0.002719 0.0007813 0.008469)
(0.002781 0.0007813 0.008469)
(0.002844 0.0007812 0.008469)
(0.002906 0.0007813 0.008469)
(0.002969 0.0007813 0.008469)
(0.003031 0.0007813 0.008469)
(0.003094 0.0007813 0.008469)
(0.003156 0.0007812 0.008469)
(0.003219 0.0007813 0.008469)
(0.003281 0.0007813 0.008469)
(0.003344 0.0007813 0.008469)
(0.003406 0.0007813 0.008469)
(0.003469 0.0007813 0.008469)
(0.003531 0.0007813 0.008469)
(0.003594 0.0007813 0.008469)
(0.003656 0.0007812 0.008469)
(0.003719 0.0007813 0.008469)
(0.003781 0.0007812 0.008469)
(0.003844 0.0007813 0.008469)
(0.003906 0.0007813 0.008469)
(0.003969 0.0007813 0.008469)
(0.002531 0.0008438 0.008469)
(0.002594 0.0008438 0.008469)
(0.002656 0.0008438 0.008469)
(0.002719 0.0008437 0.008469)
(0.002781 0.0008438 0.008469)
(0.002844 0.0008437 0.008469)
(0.002906 0.0008438 0.008469)
(0.002969 0.0008437 0.008469)
(0.003031 0.0008438 0.008469)
(0.003094 0.0008437 0.008469)
(0.003156 0.0008437 0.008469)
(0.003219 0.0008437 0.008469)
(0.003281 0.0008437 0.008469)
(0.003344 0.0008437 0.008469)
(0.003406 0.0008438 0.008469)
(0.003469 0.0008437 0.008469)
(0.003531 0.0008437 0.008469)
(0.003594 0.0008437 0.008469)
(0.003656 0.0008437 0.008469)
(0.003719 0.0008438 0.008469)
(0.003781 0.0008437 0.008469)
(0.003844 0.0008437 0.008469)
(0.003906 0.0008437 0.008469)
(0.003969 0.0008437 0.008469)
(0.002531 0.0009062 0.008469)
(0.002594 0.0009063 0.008469)
(0.002656 0.0009062 0.008469)
(0.002719 0.0009063 0.008469)
(0.002781 0.0009062 0.008469)
(0.002844 0.0009063 0.008469)
(0.002906 0.0009062 0.008469)
(0.002969 0.0009062 0.008469)
(0.003031 0.0009063 0.008469)
(0.003094 0.0009063 0.008469)
(0.003156 0.0009062 0.008469)
(0.003219 0.0009062 0.008469)
(0.003281 0.0009063 0.008469)
(0.003344 0.0009063 0.008469)
(0.003406 0.0009062 0.008469)
(0.003469 0.0009062 0.008469)
(0.003531 0.0009063 0.008469)
(0.003594 0.0009063 0.008469)
(0.003656 0.0009063 0.008469)
(0.003719 0.0009063 0.008469)
(0.003781 0.0009063 0.008469)
(0.003844 0.0009062 0.008469)
(0.003906 0.0009063 0.008469)
(0.003969 0.0009063 0.008469)
(0.002531 0.0009687 0.008469)
(0.002594 0.0009687 0.008469)
(0.002656 0.0009687 0.008469)
(0.002719 0.0009687 0.008469)
(0.002781 0.0009687 0.008469)
(0.002844 0.0009687 0.008469)
(0.002906 0.0009687 0.008469)
(0.002969 0.0009687 0.008469)
(0.003031 0.0009687 0.008469)
(0.003094 0.0009688 0.008469)
(0.003156 0.0009687 0.008469)
(0.003219 0.0009688 0.008469)
(0.003281 0.0009687 0.008469)
(0.003344 0.0009687 0.008469)
(0.003406 0.0009687 0.008469)
(0.003469 0.0009687 0.008469)
(0.003531 0.0009687 0.008469)
(0.003594 0.0009687 0.008469)
(0.003656 0.0009687 0.008469)
(0.003719 0.0009687 0.008469)
(0.003781 0.0009687 0.008469)
(0.003844 0.0009688 0.008469)
(0.003906 0.0009688 0.008469)
(0.003969 0.0009687 0.008469)
(0.002531 0.001031 0.008469)
(0.002594 0.001031 0.008469)
(0.002656 0.001031 0.008469)
(0.002719 0.001031 0.008469)
(0.002781 0.001031 0.008469)
(0.002844 0.001031 0.008469)
(0.002906 0.001031 0.008469)
(0.002969 0.001031 0.008469)
(0.003031 0.001031 0.008469)
(0.003094 0.001031 0.008469)
(0.003156 0.001031 0.008469)
(0.003219 0.001031 0.008469)
(0.003281 0.001031 0.008469)
(0.003344 0.001031 0.008469)
(0.003406 0.001031 0.008469)
(0.003469 0.001031 0.008469)
(0.003531 0.001031 0.008469)
(0.003594 0.001031 0.008469)
(0.003656 0.001031 0.008469)
(0.003719 0.001031 0.008469)
(0.003781 0.001031 0.008469)
(0.003844 0.001031 0.008469)
(0.003906 0.001031 0.008469)
(0.003969 0.001031 0.008469)
(0.002531 0.001094 0.008469)
(0.002594 0.001094 0.008469)
(0.002656 0.001094 0.008469)
(0.002719 0.001094 0.008469)
(0.002781 0.001094 0.008469)
(0.002844 0.001094 0.008469)
(0.002906 0.001094 0.008469)
(0.002969 0.001094 0.008469)
(0.003031 0.001094 0.008469)
(0.003094 0.001094 0.008469)
(0.003156 0.001094 0.008469)
(0.003219 0.001094 0.008469)
(0.003281 0.001094 0.008469)
(0.003344 0.001094 0.008469)
(0.003406 0.001094 0.008469)
(0.003469 0.001094 0.008469)
(0.003531 0.001094 0.008469)
(0.003594 0.001094 0.008469)
(0.003656 0.001094 0.008469)
(0.003719 0.001094 0.008469)
(0.003781 0.001094 0.008469)
(0.003844 0.001094 0.008469)
(0.003906 0.001094 0.008469)
(0.003969 0.001094 0.008469)
(0.002531 0.001156 0.008469)
(0.002594 0.001156 0.008469)
(0.002656 0.001156 0.008469)
(0.002719 0.001156 0.008469)
(0.002781 0.001156 0.008469)
(0.002844 0.001156 0.008469)
(0.002906 0.001156 0.008469)
(0.002969 0.001156 0.008469)
(0.003031 0.001156 0.008469)
(0.003094 0.001156 0.008469)
(0.003156 0.001156 0.008469)
(0.003219 0.001156 0.008469)
(0.003281 0.001156 0.008469)
(0.003344 0.001156 0.008469)
(0.003406 0.001156 0.008469)
(0.003469 0.001156 0.008469)
(0.003531 0.001156 0.008469)
(0.003594 0.001156 0.008469)
(0.003656 0.001156 0.008469)
(0.003719 0.001156 0.008469)
(0.003781 0.001156 0.008469)
(0.003844 0.001156 0.008469)
(0.003906 0.001156 0.008469)
(0.003969 0.001156 0.008469)
(0.002531 0.001219 0.008469)
(0.002594 0.001219 0.008469)
(0.002656 0.001219 0.008469)
(0.002719 0.001219 0.008469)
(0.002781 0.001219 0.008469)
(0.002844 0.001219 0.008469)
(0.002906 0.001219 0.008469)
(0.002969 0.001219 0.008469)
(0.003031 0.001219 0.008469)
(0.003094 0.001219 0.008469)
(0.003156 0.001219 0.008469)
(0.003219 0.001219 0.008469)
(0.003281 0.001219 0.008469)
(0.003344 0.001219 0.008469)
(0.003406 0.001219 0.008469)
(0.003469 0.001219 0.008469)
(0.003531 0.001219 0.008469)
(0.003594 0.001219 0.008469)
(0.003656 0.001219 0.008469)
(0.003719 0.001219 0.008469)
(0.003781 0.001219 0.008469)
(0.003844 0.001219 0.008469)
(0.003906 0.001219 0.008469)
(0.003969 0.001219 0.008469)
(0.002531 0.0005312 0.008531)
(0.002594 0.0005312 0.008531)
(0.002656 0.0005312 0.008531)
(0.002719 0.0005312 0.008531)
(0.002781 0.0005313 0.008531)
(0.002844 0.0005313 0.008531)
(0.002906 0.0005312 0.008531)
(0.002969 0.0005312 0.008531)
(0.003031 0.0005312 0.008531)
(0.003094 0.0005312 0.008531)
(0.003156 0.0005312 0.008531)
(0.003219 0.0005312 0.008531)
(0.003281 0.0005313 0.008531)
(0.003344 0.0005312 0.008531)
(0.003406 0.0005313 0.008531)
(0.003469 0.0005312 0.008531)
(0.003531 0.0005312 0.008531)
(0.003594 0.0005312 0.008531)
(0.003656 0.0005312 0.008531)
(0.003719 0.0005313 0.008531)
(0.003781 0.0005312 0.008531)
(0.003844 0.0005312 0.008531)
(0.003906 0.0005312 0.008531)
(0.003969 0.0005312 0.008531)
(0.002531 0.0005937 0.008531)
(0.002594 0.0005937 0.008531)
(0.002656 0.0005937 0.008531)
(0.002719 0.0005938 0.008531)
(0.002781 0.0005937 0.008531)
(0.002844 0.0005937 0.008531)
(0.002906 0.0005937 0.008531)
(0.002969 0.0005937 0.008531)
(0.003031 0.0005937 0.008531)
(0.003094 0.0005937 0.008531)
(0.003156 0.0005937 0.008531)
(0.003219 0.0005937 0.008531)
(0.003281 0.0005938 0.008531)
(0.003344 0.0005938 0.008531)
(0.003406 0.0005937 0.008531)
(0.003469 0.0005937 0.008531)
(0.003531 0.0005937 0.008531)
(0.003594 0.0005938 0.008531)
(0.003656 0.0005937 0.008531)
(0.003719 0.0005937 0.008531)
(0.003781 0.0005937 0.008531)
(0.003844 0.0005937 0.008531)
(0.003906 0.0005937 0.008531)
(0.003969 0.0005937 0.008531)
(0.002531 0.0006563 0.008531)
(0.002594 0.0006563 0.008531)
(0.002656 0.0006563 0.008531)
(0.002719 0.0006563 0.008531)
(0.002781 0.0006563 0.008531)
(0.002844 0.0006562 0.008531)
(0.002906 0.0006563 0.008531)
(0.002969 0.0006563 0.008531)
(0.003031 0.0006563 0.008531)
(0.003094 0.0006563 0.008531)
(0.003156 0.0006563 0.008531)
(0.003219 0.0006563 0.008531)
(0.003281 0.0006563 0.008531)
(0.003344 0.0006563 0.008531)
(0.003406 0.0006563 0.008531)
(0.003469 0.0006563 0.008531)
(0.003531 0.0006563 0.008531)
(0.003594 0.0006563 0.008531)
(0.003656 0.0006563 0.008531)
(0.003719 0.0006563 0.008531)
(0.003781 0.0006563 0.008531)
(0.003844 0.0006563 0.008531)
(0.003906 0.0006563 0.008531)
(0.003969 0.0006563 0.008531)
(0.002531 0.0007187 0.008531)
(0.002594 0.0007187 0.008531)
(0.002656 0.0007187 0.008531)
(0.002719 0.0007187 0.008531)
(0.002781 0.0007187 0.008531)
(0.002844 0.0007188 0.008531)
(0.002906 0.0007187 0.008531)
(0.002969 0.0007187 0.008531)
(0.003031 0.0007187 0.008531)
(0.003094 0.0007187 0.008531)
(0.003156 0.0007188 0.008531)
(0.003219 0.0007187 0.008531)
(0.003281 0.0007187 0.008531)
(0.003344 0.0007187 0.008531)
(0.003406 0.0007187 0.008531)
(0.003469 0.0007188 0.008531)
(0.003531 0.0007187 0.008531)
(0.003594 0.0007187 0.008531)
(0.003656 0.0007187 0.008531)
(0.003719 0.0007187 0.008531)
(0.003781 0.0007188 0.008531)
(0.003844 0.0007187 0.008531)
(0.003906 0.0007187 0.008531)
(0.003969 0.0007187 0.008531)
(0.002531 0.0007812 0.008531)
(0.002594 0.0007813 0.008531)
(0.002656 0.0007812 0.008531)
(0.002719 0.0007813 0.008531)
(0.002781 0.0007813 0.008531)
(0.002844 0.0007813 0.008531)
(0.002906 0.0007813 0.008531)
(0.002969 0.0007813 0.008531)
(0.003031 0.0007813 0.008531)
(0.003094 0.0007813 0.008531)
(0.003156 0.0007812 0.008531)
(0.003219 0.0007813 0.008531)
(0.003281 0.0007813 0.008531)
(0.003344 0.0007813 0.008531)
(0.003406 0.0007813 0.008531)
(0.003469 0.0007813 0.008531)
(0.003531 0.0007813 0.008531)
(0.003594 0.0007813 0.008531)
(0.003656 0.0007812 0.008531)
(0.003719 0.0007813 0.008531)
(0.003781 0.0007812 0.008531)
(0.003844 0.0007813 0.008531)
(0.003906 0.0007813 0.008531)
(0.003969 0.0007813 0.008531)
(0.002531 0.0008437 0.008531)
(0.002594 0.0008437 0.008531)
(0.002656 0.0008438 0.008531)
(0.002719 0.0008437 0.008531)
(0.002781 0.0008437 0.008531)
(0.002844 0.0008438 0.008531)
(0.002906 0.0008438 0.008531)
(0.002969 0.0008437 0.008531)
(0.003031 0.0008437 0.008531)
(0.003094 0.0008437 0.008531)
(0.003156 0.0008437 0.008531)
(0.003219 0.0008437 0.008531)
(0.003281 0.0008437 0.008531)
(0.003344 0.0008437 0.008531)
(0.003406 0.0008438 0.008531)
(0.003469 0.0008437 0.008531)
(0.003531 0.0008437 0.008531)
(0.003594 0.0008437 0.008531)
(0.003656 0.0008437 0.008531)
(0.003719 0.0008438 0.008531)
(0.003781 0.0008437 0.008531)
(0.003844 0.0008437 0.008531)
(0.003906 0.0008437 0.008531)
(0.003969 0.0008437 0.008531)
(0.002531 0.0009063 0.008531)
(0.002594 0.0009063 0.008531)
(0.002656 0.0009062 0.008531)
(0.002719 0.0009063 0.008531)
(0.002781 0.0009063 0.008531)
(0.002844 0.0009062 0.008531)
(0.002906 0.0009063 0.008531)
(0.002969 0.0009062 0.008531)
(0.003031 0.0009063 0.008531)
(0.003094 0.0009063 0.008531)
(0.003156 0.0009062 0.008531)
(0.003219 0.0009062 0.008531)
(0.003281 0.0009063 0.008531)
(0.003344 0.0009062 0.008531)
(0.003406 0.0009063 0.008531)
(0.003469 0.0009063 0.008531)
(0.003531 0.0009063 0.008531)
(0.003594 0.0009063 0.008531)
(0.003656 0.0009062 0.008531)
(0.003719 0.0009063 0.008531)
(0.003781 0.0009063 0.008531)
(0.003844 0.0009063 0.008531)
(0.003906 0.0009063 0.008531)
(0.003969 0.0009063 0.008531)
(0.002531 0.0009687 0.008531)
(0.002594 0.0009687 0.008531)
(0.002656 0.0009688 0.008531)
(0.002719 0.0009687 0.008531)
(0.002781 0.0009687 0.008531)
(0.002844 0.0009688 0.008531)
(0.002906 0.0009687 0.008531)
(0.002969 0.0009687 0.008531)
(0.003031 0.0009687 0.008531)
(0.003094 0.0009688 0.008531)
(0.003156 0.0009688 0.008531)
(0.003219 0.0009688 0.008531)
(0.003281 0.0009687 0.008531)
(0.003344 0.0009687 0.008531)
(0.003406 0.0009687 0.008531)
(0.003469 0.0009687 0.008531)
(0.003531 0.0009687 0.008531)
(0.003594 0.0009687 0.008531)
(0.003656 0.0009687 0.008531)
(0.003719 0.0009687 0.008531)
(0.003781 0.0009687 0.008531)
(0.003844 0.0009687 0.008531)
(0.003906 0.0009688 0.008531)
(0.003969 0.0009687 0.008531)
(0.002531 0.001031 0.008531)
(0.002594 0.001031 0.008531)
(0.002656 0.001031 0.008531)
(0.002719 0.001031 0.008531)
(0.002781 0.001031 0.008531)
(0.002844 0.001031 0.008531)
(0.002906 0.001031 0.008531)
(0.002969 0.001031 0.008531)
(0.003031 0.001031 0.008531)
(0.003094 0.001031 0.008531)
(0.003156 0.001031 0.008531)
(0.003219 0.001031 0.008531)
(0.003281 0.001031 0.008531)
(0.003344 0.001031 0.008531)
(0.003406 0.001031 0.008531)
(0.003469 0.001031 0.008531)
(0.003531 0.001031 0.008531)
(0.003594 0.001031 0.008531)
(0.003656 0.001031 0.008531)
(0.003719 0.001031 0.008531)
(0.003781 0.001031 0.008531)
(0.003844 0.001031 0.008531)
(0.003906 0.001031 0.008531)
(0.003969 0.001031 0.008531)
(0.002531 0.001094 0.008531)
(0.002594 0.001094 0.008531)
(0.002656 0.001094 0.008531)
(0.002719 0.001094 0.008531)
(0.002781 0.001094 0.008531)
(0.002844 0.001094 0.008531)
(0.002906 0.001094 0.008531)
(0.002969 0.001094 0.008531)
(0.003031 0.001094 0.008531)
(0.003094 0.001094 0.008531)
(0.003156 0.001094 0.008531)
(0.003219 0.001094 0.008531)
(0.003281 0.001094 0.008531)
(0.003344 0.001094 0.008531)
(0.003406 0.001094 0.008531)
(0.003469 0.001094 0.008531)
(0.003531 0.001094 0.008531)
(0.003594 0.001094 0.008531)
(0.003656 0.001094 0.008531)
(0.003719 0.001094 0.008531)
(0.003781 0.001094 0.008531)
(0.003844 0.001094 0.008531)
(0.003906 0.001094 0.008531)
(0.003969 0.001094 0.008531)
(0.002531 0.001156 0.008531)
(0.002594 0.001156 0.008531)
(0.002656 0.001156 0.008531)
(0.002719 0.001156 0.008531)
(0.002781 0.001156 0.008531)
(0.002844 0.001156 0.008531)
(0.002906 0.001156 0.008531)
(0.002969 0.001156 0.008531)
(0.003031 0.001156 0.008531)
(0.003094 0.001156 0.008531)
(0.003156 0.001156 0.008531)
(0.003219 0.001156 0.008531)
(0.003281 0.001156 0.008531)
(0.003344 0.001156 0.008531)
(0.003406 0.001156 0.008531)
(0.003469 0.001156 0.008531)
(0.003531 0.001156 0.008531)
(0.003594 0.001156 0.008531)
(0.003656 0.001156 0.008531)
(0.003719 0.001156 0.008531)
(0.003781 0.001156 0.008531)
(0.003844 0.001156 0.008531)
(0.003906 0.001156 0.008531)
(0.003969 0.001156 0.008531)
(0.002531 0.001219 0.008531)
(0.002594 0.001219 0.008531)
(0.002656 0.001219 0.008531)
(0.002719 0.001219 0.008531)
(0.002781 0.001219 0.008531)
(0.002844 0.001219 0.008531)
(0.002906 0.001219 0.008531)
(0.002969 0.001219 0.008531)
(0.003031 0.001219 0.008531)
(0.003094 0.001219 0.008531)
(0.003156 0.001219 0.008531)
(0.003219 0.001219 0.008531)
(0.003281 0.001219 0.008531)
(0.003344 0.001219 0.008531)
(0.003406 0.001219 0.008531)
(0.003469 0.001219 0.008531)
(0.003531 0.001219 0.008531)
(0.003594 0.001219 0.008531)
(0.003656 0.001219 0.008531)
(0.003719 0.001219 0.008531)
(0.003781 0.001219 0.008531)
(0.003844 0.001219 0.008531)
(0.003906 0.001219 0.008531)
(0.003969 0.001219 0.008531)
(0.002531 0.0005312 0.008594)
(0.002594 0.0005312 0.008594)
(0.002656 0.0005312 0.008594)
(0.002719 0.0005312 0.008594)
(0.002781 0.0005313 0.008594)
(0.002844 0.0005313 0.008594)
(0.002906 0.0005312 0.008594)
(0.002969 0.0005312 0.008594)
(0.003031 0.0005312 0.008594)
(0.003094 0.0005312 0.008594)
(0.003156 0.0005312 0.008594)
(0.003219 0.0005312 0.008594)
(0.003281 0.0005313 0.008594)
(0.003344 0.0005312 0.008594)
(0.003406 0.0005313 0.008594)
(0.003469 0.0005312 0.008594)
(0.003531 0.0005312 0.008594)
(0.003594 0.0005312 0.008594)
(0.003656 0.0005312 0.008594)
(0.003719 0.0005313 0.008594)
(0.003781 0.0005312 0.008594)
(0.003844 0.0005312 0.008594)
(0.003906 0.0005312 0.008594)
(0.003969 0.0005312 0.008594)
(0.002531 0.0005937 0.008594)
(0.002594 0.0005937 0.008594)
(0.002656 0.0005937 0.008594)
(0.002719 0.0005938 0.008594)
(0.002781 0.0005937 0.008594)
(0.002844 0.0005937 0.008594)
(0.002906 0.0005937 0.008594)
(0.002969 0.0005937 0.008594)
(0.003031 0.0005937 0.008594)
(0.003094 0.0005937 0.008594)
(0.003156 0.0005937 0.008594)
(0.003219 0.0005937 0.008594)
(0.003281 0.0005938 0.008594)
(0.003344 0.0005938 0.008594)
(0.003406 0.0005937 0.008594)
(0.003469 0.0005937 0.008594)
(0.003531 0.0005937 0.008594)
(0.003594 0.0005938 0.008594)
(0.003656 0.0005937 0.008594)
(0.003719 0.0005937 0.008594)
(0.003781 0.0005937 0.008594)
(0.003844 0.0005937 0.008594)
(0.003906 0.0005937 0.008594)
(0.003969 0.0005937 0.008594)
(0.002531 0.0006563 0.008594)
(0.002594 0.0006563 0.008594)
(0.002656 0.0006563 0.008594)
(0.002719 0.0006563 0.008594)
(0.002781 0.0006563 0.008594)
(0.002844 0.0006562 0.008594)
(0.002906 0.0006563 0.008594)
(0.002969 0.0006563 0.008594)
(0.003031 0.0006563 0.008594)
(0.003094 0.0006563 0.008594)
(0.003156 0.0006563 0.008594)
(0.003219 0.0006563 0.008594)
(0.003281 0.0006563 0.008594)
(0.003344 0.0006563 0.008594)
(0.003406 0.0006563 0.008594)
(0.003469 0.0006563 0.008594)
(0.003531 0.0006563 0.008594)
(0.003594 0.0006563 0.008594)
(0.003656 0.0006563 0.008594)
(0.003719 0.0006563 0.008594)
(0.003781 0.0006563 0.008594)
(0.003844 0.0006563 0.008594)
(0.003906 0.0006563 0.008594)
(0.003969 0.0006563 0.008594)
(0.002531 0.0007187 0.008594)
(0.002594 0.0007187 0.008594)
(0.002656 0.0007187 0.008594)
(0.002719 0.0007187 0.008594)
(0.002781 0.0007187 0.008594)
(0.002844 0.0007188 0.008594)
(0.002906 0.0007187 0.008594)
(0.002969 0.0007187 0.008594)
(0.003031 0.0007187 0.008594)
(0.003094 0.0007187 0.008594)
(0.003156 0.0007188 0.008594)
(0.003219 0.0007187 0.008594)
(0.003281 0.0007187 0.008594)
(0.003344 0.0007187 0.008594)
(0.003406 0.0007187 0.008594)
(0.003469 0.0007188 0.008594)
(0.003531 0.0007187 0.008594)
(0.003594 0.0007187 0.008594)
(0.003656 0.0007187 0.008594)
(0.003719 0.0007187 0.008594)
(0.003781 0.0007188 0.008594)
(0.003844 0.0007187 0.008594)
(0.003906 0.0007187 0.008594)
(0.003969 0.0007187 0.008594)
(0.002531 0.0007812 0.008594)
(0.002594 0.0007813 0.008594)
(0.002656 0.0007812 0.008594)
(0.002719 0.0007813 0.008594)
(0.002781 0.0007813 0.008594)
(0.002844 0.0007813 0.008594)
(0.002906 0.0007813 0.008594)
(0.002969 0.0007813 0.008594)
(0.003031 0.0007813 0.008594)
(0.003094 0.0007813 0.008594)
(0.003156 0.0007812 0.008594)
(0.003219 0.0007813 0.008594)
(0.003281 0.0007813 0.008594)
(0.003344 0.0007813 0.008594)
(0.003406 0.0007813 0.008594)
(0.003469 0.0007813 0.008594)
(0.003531 0.0007813 0.008594)
(0.003594 0.0007813 0.008594)
(0.003656 0.0007813 0.008594)
(0.003719 0.0007813 0.008594)
(0.003781 0.0007812 0.008594)
(0.003844 0.0007813 0.008594)
(0.003906 0.0007813 0.008594)
(0.003969 0.0007813 0.008594)
(0.002531 0.0008437 0.008594)
(0.002594 0.0008437 0.008594)
(0.002656 0.0008438 0.008594)
(0.002719 0.0008437 0.008594)
(0.002781 0.0008437 0.008594)
(0.002844 0.0008438 0.008594)
(0.002906 0.0008438 0.008594)
(0.002969 0.0008437 0.008594)
(0.003031 0.0008437 0.008594)
(0.003094 0.0008437 0.008594)
(0.003156 0.0008437 0.008594)
(0.003219 0.0008437 0.008594)
(0.003281 0.0008437 0.008594)
(0.003344 0.0008437 0.008594)
(0.003406 0.0008438 0.008594)
(0.003469 0.0008437 0.008594)
(0.003531 0.0008437 0.008594)
(0.003594 0.0008437 0.008594)
(0.003656 0.0008437 0.008594)
(0.003719 0.0008438 0.008594)
(0.003781 0.0008437 0.008594)
(0.003844 0.0008437 0.008594)
(0.003906 0.0008437 0.008594)
(0.003969 0.0008437 0.008594)
(0.002531 0.0009063 0.008594)
(0.002594 0.0009063 0.008594)
(0.002656 0.0009062 0.008594)
(0.002719 0.0009063 0.008594)
(0.002781 0.0009063 0.008594)
(0.002844 0.0009062 0.008594)
(0.002906 0.0009063 0.008594)
(0.002969 0.0009062 0.008594)
(0.003031 0.0009063 0.008594)
(0.003094 0.0009063 0.008594)
(0.003156 0.0009062 0.008594)
(0.003219 0.0009062 0.008594)
(0.003281 0.0009063 0.008594)
(0.003344 0.0009062 0.008594)
(0.003406 0.0009063 0.008594)
(0.003469 0.0009063 0.008594)
(0.003531 0.0009063 0.008594)
(0.003594 0.0009063 0.008594)
(0.003656 0.0009062 0.008594)
(0.003719 0.0009063 0.008594)
(0.003781 0.0009063 0.008594)
(0.003844 0.0009063 0.008594)
(0.003906 0.0009063 0.008594)
(0.003969 0.0009063 0.008594)
(0.002531 0.0009687 0.008594)
(0.002594 0.0009687 0.008594)
(0.002656 0.0009687 0.008594)
(0.002719 0.0009687 0.008594)
(0.002781 0.0009687 0.008594)
(0.002844 0.0009688 0.008594)
(0.002906 0.0009687 0.008594)
(0.002969 0.0009687 0.008594)
(0.003031 0.0009687 0.008594)
(0.003094 0.0009688 0.008594)
(0.003156 0.0009687 0.008594)
(0.003219 0.0009688 0.008594)
(0.003281 0.0009687 0.008594)
(0.003344 0.0009687 0.008594)
(0.003406 0.0009687 0.008594)
(0.003469 0.0009687 0.008594)
(0.003531 0.0009687 0.008594)
(0.003594 0.0009687 0.008594)
(0.003656 0.0009687 0.008594)
(0.003719 0.0009687 0.008594)
(0.003781 0.0009687 0.008594)
(0.003844 0.0009687 0.008594)
(0.003906 0.0009688 0.008594)
(0.003969 0.0009687 0.008594)
(0.002531 0.001031 0.008594)
(0.002594 0.001031 0.008594)
(0.002656 0.001031 0.008594)
(0.002719 0.001031 0.008594)
(0.002781 0.001031 0.008594)
(0.002844 0.001031 0.008594)
(0.002906 0.001031 0.008594)
(0.002969 0.001031 0.008594)
(0.003031 0.001031 0.008594)
(0.003094 0.001031 0.008594)
(0.003156 0.001031 0.008594)
(0.003219 0.001031 0.008594)
(0.003281 0.001031 0.008594)
(0.003344 0.001031 0.008594)
(0.003406 0.001031 0.008594)
(0.003469 0.001031 0.008594)
(0.003531 0.001031 0.008594)
(0.003594 0.001031 0.008594)
(0.003656 0.001031 0.008594)
(0.003719 0.001031 0.008594)
(0.003781 0.001031 0.008594)
(0.003844 0.001031 0.008594)
(0.003906 0.001031 0.008594)
(0.003969 0.001031 0.008594)
(0.002531 0.001094 0.008594)
(0.002594 0.001094 0.008594)
(0.002656 0.001094 0.008594)
(0.002719 0.001094 0.008594)
(0.002781 0.001094 0.008594)
(0.002844 0.001094 0.008594)
(0.002906 0.001094 0.008594)
(0.002969 0.001094 0.008594)
(0.003031 0.001094 0.008594)
(0.003094 0.001094 0.008594)
(0.003156 0.001094 0.008594)
(0.003219 0.001094 0.008594)
(0.003281 0.001094 0.008594)
(0.003344 0.001094 0.008594)
(0.003406 0.001094 0.008594)
(0.003469 0.001094 0.008594)
(0.003531 0.001094 0.008594)
(0.003594 0.001094 0.008594)
(0.003656 0.001094 0.008594)
(0.003719 0.001094 0.008594)
(0.003781 0.001094 0.008594)
(0.003844 0.001094 0.008594)
(0.003906 0.001094 0.008594)
(0.003969 0.001094 0.008594)
(0.002531 0.001156 0.008594)
(0.002594 0.001156 0.008594)
(0.002656 0.001156 0.008594)
(0.002719 0.001156 0.008594)
(0.002781 0.001156 0.008594)
(0.002844 0.001156 0.008594)
(0.002906 0.001156 0.008594)
(0.002969 0.001156 0.008594)
(0.003031 0.001156 0.008594)
(0.003094 0.001156 0.008594)
(0.003156 0.001156 0.008594)
(0.003219 0.001156 0.008594)
(0.003281 0.001156 0.008594)
(0.003344 0.001156 0.008594)
(0.003406 0.001156 0.008594)
(0.003469 0.001156 0.008594)
(0.003531 0.001156 0.008594)
(0.003594 0.001156 0.008594)
(0.003656 0.001156 0.008594)
(0.003719 0.001156 0.008594)
(0.003781 0.001156 0.008594)
(0.003844 0.001156 0.008594)
(0.003906 0.001156 0.008594)
(0.003969 0.001156 0.008594)
(0.002531 0.001219 0.008594)
(0.002594 0.001219 0.008594)
(0.002656 0.001219 0.008594)
(0.002719 0.001219 0.008594)
(0.002781 0.001219 0.008594)
(0.002844 0.001219 0.008594)
(0.002906 0.001219 0.008594)
(0.002969 0.001219 0.008594)
(0.003031 0.001219 0.008594)
(0.003094 0.001219 0.008594)
(0.003156 0.001219 0.008594)
(0.003219 0.001219 0.008594)
(0.003281 0.001219 0.008594)
(0.003344 0.001219 0.008594)
(0.003406 0.001219 0.008594)
(0.003469 0.001219 0.008594)
(0.003531 0.001219 0.008594)
(0.003594 0.001219 0.008594)
(0.003656 0.001219 0.008594)
(0.003719 0.001219 0.008594)
(0.003781 0.001219 0.008594)
(0.003844 0.001219 0.008594)
(0.003906 0.001219 0.008594)
(0.003969 0.001219 0.008594)
(0.002531 0.0005312 0.008656)
(0.002594 0.0005312 0.008656)
(0.002656 0.0005312 0.008656)
(0.002719 0.0005312 0.008656)
(0.002781 0.0005313 0.008656)
(0.002844 0.0005313 0.008656)
(0.002906 0.0005312 0.008656)
(0.002969 0.0005312 0.008656)
(0.003031 0.0005312 0.008656)
(0.003094 0.0005312 0.008656)
(0.003156 0.0005312 0.008656)
(0.003219 0.0005312 0.008656)
(0.003281 0.0005313 0.008656)
(0.003344 0.0005312 0.008656)
(0.003406 0.0005313 0.008656)
(0.003469 0.0005312 0.008656)
(0.003531 0.0005312 0.008656)
(0.003594 0.0005312 0.008656)
(0.003656 0.0005312 0.008656)
(0.003719 0.0005313 0.008656)
(0.003781 0.0005312 0.008656)
(0.003844 0.0005312 0.008656)
(0.003906 0.0005312 0.008656)
(0.003969 0.0005312 0.008656)
(0.002531 0.0005937 0.008656)
(0.002594 0.0005937 0.008656)
(0.002656 0.0005937 0.008656)
(0.002719 0.0005938 0.008656)
(0.002781 0.0005937 0.008656)
(0.002844 0.0005937 0.008656)
(0.002906 0.0005937 0.008656)
(0.002969 0.0005937 0.008656)
(0.003031 0.0005937 0.008656)
(0.003094 0.0005937 0.008656)
(0.003156 0.0005937 0.008656)
(0.003219 0.0005937 0.008656)
(0.003281 0.0005938 0.008656)
(0.003344 0.0005938 0.008656)
(0.003406 0.0005937 0.008656)
(0.003469 0.0005937 0.008656)
(0.003531 0.0005937 0.008656)
(0.003594 0.0005938 0.008656)
(0.003656 0.0005937 0.008656)
(0.003719 0.0005937 0.008656)
(0.003781 0.0005937 0.008656)
(0.003844 0.0005937 0.008656)
(0.003906 0.0005937 0.008656)
(0.003969 0.0005937 0.008656)
(0.002531 0.0006563 0.008656)
(0.002594 0.0006563 0.008656)
(0.002656 0.0006563 0.008656)
(0.002719 0.0006563 0.008656)
(0.002781 0.0006563 0.008656)
(0.002844 0.0006562 0.008656)
(0.002906 0.0006563 0.008656)
(0.002969 0.0006563 0.008656)
(0.003031 0.0006563 0.008656)
(0.003094 0.0006563 0.008656)
(0.003156 0.0006563 0.008656)
(0.003219 0.0006563 0.008656)
(0.003281 0.0006563 0.008656)
(0.003344 0.0006563 0.008656)
(0.003406 0.0006563 0.008656)
(0.003469 0.0006563 0.008656)
(0.003531 0.0006563 0.008656)
(0.003594 0.0006563 0.008656)
(0.003656 0.0006563 0.008656)
(0.003719 0.0006563 0.008656)
(0.003781 0.0006563 0.008656)
(0.003844 0.0006563 0.008656)
(0.003906 0.0006563 0.008656)
(0.003969 0.0006563 0.008656)
(0.002531 0.0007187 0.008656)
(0.002594 0.0007187 0.008656)
(0.002656 0.0007187 0.008656)
(0.002719 0.0007187 0.008656)
(0.002781 0.0007187 0.008656)
(0.002844 0.0007188 0.008656)
(0.002906 0.0007187 0.008656)
(0.002969 0.0007187 0.008656)
(0.003031 0.0007187 0.008656)
(0.003094 0.0007187 0.008656)
(0.003156 0.0007188 0.008656)
(0.003219 0.0007187 0.008656)
(0.003281 0.0007187 0.008656)
(0.003344 0.0007187 0.008656)
(0.003406 0.0007187 0.008656)
(0.003469 0.0007188 0.008656)
(0.003531 0.0007187 0.008656)
(0.003594 0.0007187 0.008656)
(0.003656 0.0007187 0.008656)
(0.003719 0.0007187 0.008656)
(0.003781 0.0007188 0.008656)
(0.003844 0.0007187 0.008656)
(0.003906 0.0007187 0.008656)
(0.003969 0.0007187 0.008656)
(0.002531 0.0007812 0.008656)
(0.002594 0.0007813 0.008656)
(0.002656 0.0007812 0.008656)
(0.002719 0.0007813 0.008656)
(0.002781 0.0007813 0.008656)
(0.002844 0.0007812 0.008656)
(0.002906 0.0007813 0.008656)
(0.002969 0.0007813 0.008656)
(0.003031 0.0007813 0.008656)
(0.003094 0.0007813 0.008656)
(0.003156 0.0007812 0.008656)
(0.003219 0.0007813 0.008656)
(0.003281 0.0007813 0.008656)
(0.003344 0.0007813 0.008656)
(0.003406 0.0007813 0.008656)
(0.003469 0.0007813 0.008656)
(0.003531 0.0007813 0.008656)
(0.003594 0.0007813 0.008656)
(0.003656 0.0007812 0.008656)
(0.003719 0.0007813 0.008656)
(0.003781 0.0007812 0.008656)
(0.003844 0.0007813 0.008656)
(0.003906 0.0007813 0.008656)
(0.003969 0.0007813 0.008656)
(0.002531 0.0008437 0.008656)
(0.002594 0.0008437 0.008656)
(0.002656 0.0008438 0.008656)
(0.002719 0.0008437 0.008656)
(0.002781 0.0008437 0.008656)
(0.002844 0.0008438 0.008656)
(0.002906 0.0008438 0.008656)
(0.002969 0.0008437 0.008656)
(0.003031 0.0008437 0.008656)
(0.003094 0.0008437 0.008656)
(0.003156 0.0008437 0.008656)
(0.003219 0.0008437 0.008656)
(0.003281 0.0008437 0.008656)
(0.003344 0.0008437 0.008656)
(0.003406 0.0008438 0.008656)
(0.003469 0.0008437 0.008656)
(0.003531 0.0008437 0.008656)
(0.003594 0.0008437 0.008656)
(0.003656 0.0008437 0.008656)
(0.003719 0.0008438 0.008656)
(0.003781 0.0008437 0.008656)
(0.003844 0.0008437 0.008656)
(0.003906 0.0008437 0.008656)
(0.003969 0.0008437 0.008656)
(0.002531 0.0009063 0.008656)
(0.002594 0.0009063 0.008656)
(0.002656 0.0009062 0.008656)
(0.002719 0.0009063 0.008656)
(0.002781 0.0009063 0.008656)
(0.002844 0.0009062 0.008656)
(0.002906 0.0009063 0.008656)
(0.002969 0.0009063 0.008656)
(0.003031 0.0009063 0.008656)
(0.003094 0.0009063 0.008656)
(0.003156 0.0009062 0.008656)
(0.003219 0.0009062 0.008656)
(0.003281 0.0009063 0.008656)
(0.003344 0.0009062 0.008656)
(0.003406 0.0009063 0.008656)
(0.003469 0.0009063 0.008656)
(0.003531 0.0009063 0.008656)
(0.003594 0.0009063 0.008656)
(0.003656 0.0009063 0.008656)
(0.003719 0.0009063 0.008656)
(0.003781 0.0009063 0.008656)
(0.003844 0.0009063 0.008656)
(0.003906 0.0009063 0.008656)
(0.003969 0.0009063 0.008656)
(0.002531 0.0009687 0.008656)
(0.002594 0.0009687 0.008656)
(0.002656 0.0009687 0.008656)
(0.002719 0.0009687 0.008656)
(0.002781 0.0009687 0.008656)
(0.002844 0.0009688 0.008656)
(0.002906 0.0009687 0.008656)
(0.002969 0.0009687 0.008656)
(0.003031 0.0009687 0.008656)
(0.003094 0.0009688 0.008656)
(0.003156 0.0009687 0.008656)
(0.003219 0.0009688 0.008656)
(0.003281 0.0009687 0.008656)
(0.003344 0.0009687 0.008656)
(0.003406 0.0009687 0.008656)
(0.003469 0.0009687 0.008656)
(0.003531 0.0009687 0.008656)
(0.003594 0.0009687 0.008656)
(0.003656 0.0009687 0.008656)
(0.003719 0.0009687 0.008656)
(0.003781 0.0009687 0.008656)
(0.003844 0.0009687 0.008656)
(0.003906 0.0009688 0.008656)
(0.003969 0.0009687 0.008656)
(0.002531 0.001031 0.008656)
(0.002594 0.001031 0.008656)
(0.002656 0.001031 0.008656)
(0.002719 0.001031 0.008656)
(0.002781 0.001031 0.008656)
(0.002844 0.001031 0.008656)
(0.002906 0.001031 0.008656)
(0.002969 0.001031 0.008656)
(0.003031 0.001031 0.008656)
(0.003094 0.001031 0.008656)
(0.003156 0.001031 0.008656)
(0.003219 0.001031 0.008656)
(0.003281 0.001031 0.008656)
(0.003344 0.001031 0.008656)
(0.003406 0.001031 0.008656)
(0.003469 0.001031 0.008656)
(0.003531 0.001031 0.008656)
(0.003594 0.001031 0.008656)
(0.003656 0.001031 0.008656)
(0.003719 0.001031 0.008656)
(0.003781 0.001031 0.008656)
(0.003844 0.001031 0.008656)
(0.003906 0.001031 0.008656)
(0.003969 0.001031 0.008656)
(0.002531 0.001094 0.008656)
(0.002594 0.001094 0.008656)
(0.002656 0.001094 0.008656)
(0.002719 0.001094 0.008656)
(0.002781 0.001094 0.008656)
(0.002844 0.001094 0.008656)
(0.002906 0.001094 0.008656)
(0.002969 0.001094 0.008656)
(0.003031 0.001094 0.008656)
(0.003094 0.001094 0.008656)
(0.003156 0.001094 0.008656)
(0.003219 0.001094 0.008656)
(0.003281 0.001094 0.008656)
(0.003344 0.001094 0.008656)
(0.003406 0.001094 0.008656)
(0.003469 0.001094 0.008656)
(0.003531 0.001094 0.008656)
(0.003594 0.001094 0.008656)
(0.003656 0.001094 0.008656)
(0.003719 0.001094 0.008656)
(0.003781 0.001094 0.008656)
(0.003844 0.001094 0.008656)
(0.003906 0.001094 0.008656)
(0.003969 0.001094 0.008656)
(0.002531 0.001156 0.008656)
(0.002594 0.001156 0.008656)
(0.002656 0.001156 0.008656)
(0.002719 0.001156 0.008656)
(0.002781 0.001156 0.008656)
(0.002844 0.001156 0.008656)
(0.002906 0.001156 0.008656)
(0.002969 0.001156 0.008656)
(0.003031 0.001156 0.008656)
(0.003094 0.001156 0.008656)
(0.003156 0.001156 0.008656)
(0.003219 0.001156 0.008656)
(0.003281 0.001156 0.008656)
(0.003344 0.001156 0.008656)
(0.003406 0.001156 0.008656)
(0.003469 0.001156 0.008656)
(0.003531 0.001156 0.008656)
(0.003594 0.001156 0.008656)
(0.003656 0.001156 0.008656)
(0.003719 0.001156 0.008656)
(0.003781 0.001156 0.008656)
(0.003844 0.001156 0.008656)
(0.003906 0.001156 0.008656)
(0.003969 0.001156 0.008656)
(0.002531 0.001219 0.008656)
(0.002594 0.001219 0.008656)
(0.002656 0.001219 0.008656)
(0.002719 0.001219 0.008656)
(0.002781 0.001219 0.008656)
(0.002844 0.001219 0.008656)
(0.002906 0.001219 0.008656)
(0.002969 0.001219 0.008656)
(0.003031 0.001219 0.008656)
(0.003094 0.001219 0.008656)
(0.003156 0.001219 0.008656)
(0.003219 0.001219 0.008656)
(0.003281 0.001219 0.008656)
(0.003344 0.001219 0.008656)
(0.003406 0.001219 0.008656)
(0.003469 0.001219 0.008656)
(0.003531 0.001219 0.008656)
(0.003594 0.001219 0.008656)
(0.003656 0.001219 0.008656)
(0.003719 0.001219 0.008656)
(0.003781 0.001219 0.008656)
(0.003844 0.001219 0.008656)
(0.003906 0.001219 0.008656)
(0.003969 0.001219 0.008656)
(0.002531 0.0005312 0.008719)
(0.002594 0.0005312 0.008719)
(0.002656 0.0005312 0.008719)
(0.002719 0.0005312 0.008719)
(0.002781 0.0005313 0.008719)
(0.002844 0.0005313 0.008719)
(0.002906 0.0005312 0.008719)
(0.002969 0.0005312 0.008719)
(0.003031 0.0005312 0.008719)
(0.003094 0.0005312 0.008719)
(0.003156 0.0005312 0.008719)
(0.003219 0.0005312 0.008719)
(0.003281 0.0005313 0.008719)
(0.003344 0.0005312 0.008719)
(0.003406 0.0005313 0.008719)
(0.003469 0.0005312 0.008719)
(0.003531 0.0005312 0.008719)
(0.003594 0.0005312 0.008719)
(0.003656 0.0005312 0.008719)
(0.003719 0.0005313 0.008719)
(0.003781 0.0005312 0.008719)
(0.003844 0.0005312 0.008719)
(0.003906 0.0005312 0.008719)
(0.003969 0.0005312 0.008719)
(0.002531 0.0005937 0.008719)
(0.002594 0.0005937 0.008719)
(0.002656 0.0005937 0.008719)
(0.002719 0.0005937 0.008719)
(0.002781 0.0005937 0.008719)
(0.002844 0.0005937 0.008719)
(0.002906 0.0005937 0.008719)
(0.002969 0.0005937 0.008719)
(0.003031 0.0005937 0.008719)
(0.003094 0.0005937 0.008719)
(0.003156 0.0005937 0.008719)
(0.003219 0.0005937 0.008719)
(0.003281 0.0005937 0.008719)
(0.003344 0.0005937 0.008719)
(0.003406 0.0005937 0.008719)
(0.003469 0.0005937 0.008719)
(0.003531 0.0005937 0.008719)
(0.003594 0.0005937 0.008719)
(0.003656 0.0005937 0.008719)
(0.003719 0.0005937 0.008719)
(0.003781 0.0005937 0.008719)
(0.003844 0.0005937 0.008719)
(0.003906 0.0005937 0.008719)
(0.003969 0.0005937 0.008719)
(0.002531 0.0006563 0.008719)
(0.002594 0.0006563 0.008719)
(0.002656 0.0006563 0.008719)
(0.002719 0.0006563 0.008719)
(0.002781 0.0006563 0.008719)
(0.002844 0.0006562 0.008719)
(0.002906 0.0006563 0.008719)
(0.002969 0.0006563 0.008719)
(0.003031 0.0006563 0.008719)
(0.003094 0.0006563 0.008719)
(0.003156 0.0006563 0.008719)
(0.003219 0.0006563 0.008719)
(0.003281 0.0006563 0.008719)
(0.003344 0.0006563 0.008719)
(0.003406 0.0006563 0.008719)
(0.003469 0.0006563 0.008719)
(0.003531 0.0006563 0.008719)
(0.003594 0.0006563 0.008719)
(0.003656 0.0006563 0.008719)
(0.003719 0.0006563 0.008719)
(0.003781 0.0006563 0.008719)
(0.003844 0.0006563 0.008719)
(0.003906 0.0006563 0.008719)
(0.003969 0.0006563 0.008719)
(0.002531 0.0007188 0.008719)
(0.002594 0.0007188 0.008719)
(0.002656 0.0007187 0.008719)
(0.002719 0.0007187 0.008719)
(0.002781 0.0007188 0.008719)
(0.002844 0.0007187 0.008719)
(0.002906 0.0007187 0.008719)
(0.002969 0.0007187 0.008719)
(0.003031 0.0007188 0.008719)
(0.003094 0.0007188 0.008719)
(0.003156 0.0007188 0.008719)
(0.003219 0.0007188 0.008719)
(0.003281 0.0007187 0.008719)
(0.003344 0.0007187 0.008719)
(0.003406 0.0007187 0.008719)
(0.003469 0.0007187 0.008719)
(0.003531 0.0007187 0.008719)
(0.003594 0.0007187 0.008719)
(0.003656 0.0007187 0.008719)
(0.003719 0.0007187 0.008719)
(0.003781 0.0007187 0.008719)
(0.003844 0.0007187 0.008719)
(0.003906 0.0007188 0.008719)
(0.003969 0.0007188 0.008719)
(0.002531 0.0007812 0.008719)
(0.002594 0.0007813 0.008719)
(0.002656 0.0007812 0.008719)
(0.002719 0.0007813 0.008719)
(0.002781 0.0007813 0.008719)
(0.002844 0.0007813 0.008719)
(0.002906 0.0007813 0.008719)
(0.002969 0.0007813 0.008719)
(0.003031 0.0007813 0.008719)
(0.003094 0.0007813 0.008719)
(0.003156 0.0007812 0.008719)
(0.003219 0.0007813 0.008719)
(0.003281 0.0007813 0.008719)
(0.003344 0.0007813 0.008719)
(0.003406 0.0007813 0.008719)
(0.003469 0.0007813 0.008719)
(0.003531 0.0007813 0.008719)
(0.003594 0.0007813 0.008719)
(0.003656 0.0007812 0.008719)
(0.003719 0.0007813 0.008719)
(0.003781 0.0007812 0.008719)
(0.003844 0.0007813 0.008719)
(0.003906 0.0007813 0.008719)
(0.003969 0.0007813 0.008719)
(0.002531 0.0008438 0.008719)
(0.002594 0.0008438 0.008719)
(0.002656 0.0008438 0.008719)
(0.002719 0.0008437 0.008719)
(0.002781 0.0008438 0.008719)
(0.002844 0.0008437 0.008719)
(0.002906 0.0008438 0.008719)
(0.002969 0.0008437 0.008719)
(0.003031 0.0008438 0.008719)
(0.003094 0.0008437 0.008719)
(0.003156 0.0008437 0.008719)
(0.003219 0.0008437 0.008719)
(0.003281 0.0008437 0.008719)
(0.003344 0.0008437 0.008719)
(0.003406 0.0008438 0.008719)
(0.003469 0.0008437 0.008719)
(0.003531 0.0008437 0.008719)
(0.003594 0.0008437 0.008719)
(0.003656 0.0008437 0.008719)
(0.003719 0.0008438 0.008719)
(0.003781 0.0008437 0.008719)
(0.003844 0.0008437 0.008719)
(0.003906 0.0008437 0.008719)
(0.003969 0.0008437 0.008719)
(0.002531 0.0009063 0.008719)
(0.002594 0.0009063 0.008719)
(0.002656 0.0009062 0.008719)
(0.002719 0.0009063 0.008719)
(0.002781 0.0009063 0.008719)
(0.002844 0.0009062 0.008719)
(0.002906 0.0009063 0.008719)
(0.002969 0.0009062 0.008719)
(0.003031 0.0009063 0.008719)
(0.003094 0.0009063 0.008719)
(0.003156 0.0009062 0.008719)
(0.003219 0.0009062 0.008719)
(0.003281 0.0009063 0.008719)
(0.003344 0.0009062 0.008719)
(0.003406 0.0009063 0.008719)
(0.003469 0.0009063 0.008719)
(0.003531 0.0009063 0.008719)
(0.003594 0.0009063 0.008719)
(0.003656 0.0009063 0.008719)
(0.003719 0.0009063 0.008719)
(0.003781 0.0009063 0.008719)
(0.003844 0.0009063 0.008719)
(0.003906 0.0009063 0.008719)
(0.003969 0.0009063 0.008719)
(0.002531 0.0009688 0.008719)
(0.002594 0.0009688 0.008719)
(0.002656 0.0009687 0.008719)
(0.002719 0.0009687 0.008719)
(0.002781 0.0009688 0.008719)
(0.002844 0.0009687 0.008719)
(0.002906 0.0009687 0.008719)
(0.002969 0.0009687 0.008719)
(0.003031 0.0009688 0.008719)
(0.003094 0.0009687 0.008719)
(0.003156 0.0009687 0.008719)
(0.003219 0.0009687 0.008719)
(0.003281 0.0009687 0.008719)
(0.003344 0.0009687 0.008719)
(0.003406 0.0009687 0.008719)
(0.003469 0.0009687 0.008719)
(0.003531 0.0009687 0.008719)
(0.003594 0.0009687 0.008719)
(0.003656 0.0009687 0.008719)
(0.003719 0.0009687 0.008719)
(0.003781 0.0009687 0.008719)
(0.003844 0.0009687 0.008719)
(0.003906 0.0009687 0.008719)
(0.003969 0.0009687 0.008719)
(0.002531 0.001031 0.008719)
(0.002594 0.001031 0.008719)
(0.002656 0.001031 0.008719)
(0.002719 0.001031 0.008719)
(0.002781 0.001031 0.008719)
(0.002844 0.001031 0.008719)
(0.002906 0.001031 0.008719)
(0.002969 0.001031 0.008719)
(0.003031 0.001031 0.008719)
(0.003094 0.001031 0.008719)
(0.003156 0.001031 0.008719)
(0.003219 0.001031 0.008719)
(0.003281 0.001031 0.008719)
(0.003344 0.001031 0.008719)
(0.003406 0.001031 0.008719)
(0.003469 0.001031 0.008719)
(0.003531 0.001031 0.008719)
(0.003594 0.001031 0.008719)
(0.003656 0.001031 0.008719)
(0.003719 0.001031 0.008719)
(0.003781 0.001031 0.008719)
(0.003844 0.001031 0.008719)
(0.003906 0.001031 0.008719)
(0.003969 0.001031 0.008719)
(0.002531 0.001094 0.008719)
(0.002594 0.001094 0.008719)
(0.002656 0.001094 0.008719)
(0.002719 0.001094 0.008719)
(0.002781 0.001094 0.008719)
(0.002844 0.001094 0.008719)
(0.002906 0.001094 0.008719)
(0.002969 0.001094 0.008719)
(0.003031 0.001094 0.008719)
(0.003094 0.001094 0.008719)
(0.003156 0.001094 0.008719)
(0.003219 0.001094 0.008719)
(0.003281 0.001094 0.008719)
(0.003344 0.001094 0.008719)
(0.003406 0.001094 0.008719)
(0.003469 0.001094 0.008719)
(0.003531 0.001094 0.008719)
(0.003594 0.001094 0.008719)
(0.003656 0.001094 0.008719)
(0.003719 0.001094 0.008719)
(0.003781 0.001094 0.008719)
(0.003844 0.001094 0.008719)
(0.003906 0.001094 0.008719)
(0.003969 0.001094 0.008719)
(0.002531 0.001156 0.008719)
(0.002594 0.001156 0.008719)
(0.002656 0.001156 0.008719)
(0.002719 0.001156 0.008719)
(0.002781 0.001156 0.008719)
(0.002844 0.001156 0.008719)
(0.002906 0.001156 0.008719)
(0.002969 0.001156 0.008719)
(0.003031 0.001156 0.008719)
(0.003094 0.001156 0.008719)
(0.003156 0.001156 0.008719)
(0.003219 0.001156 0.008719)
(0.003281 0.001156 0.008719)
(0.003344 0.001156 0.008719)
(0.003406 0.001156 0.008719)
(0.003469 0.001156 0.008719)
(0.003531 0.001156 0.008719)
(0.003594 0.001156 0.008719)
(0.003656 0.001156 0.008719)
(0.003719 0.001156 0.008719)
(0.003781 0.001156 0.008719)
(0.003844 0.001156 0.008719)
(0.003906 0.001156 0.008719)
(0.003969 0.001156 0.008719)
(0.002531 0.001219 0.008719)
(0.002594 0.001219 0.008719)
(0.002656 0.001219 0.008719)
(0.002719 0.001219 0.008719)
(0.002781 0.001219 0.008719)
(0.002844 0.001219 0.008719)
(0.002906 0.001219 0.008719)
(0.002969 0.001219 0.008719)
(0.003031 0.001219 0.008719)
(0.003094 0.001219 0.008719)
(0.003156 0.001219 0.008719)
(0.003219 0.001219 0.008719)
(0.003281 0.001219 0.008719)
(0.003344 0.001219 0.008719)
(0.003406 0.001219 0.008719)
(0.003469 0.001219 0.008719)
(0.003531 0.001219 0.008719)
(0.003594 0.001219 0.008719)
(0.003656 0.001219 0.008719)
(0.003719 0.001219 0.008719)
(0.003781 0.001219 0.008719)
(0.003844 0.001219 0.008719)
(0.003906 0.001219 0.008719)
(0.003969 0.001219 0.008719)
(0.002531 0.0005312 0.008781)
(0.002594 0.0005312 0.008781)
(0.002656 0.0005312 0.008781)
(0.002719 0.0005312 0.008781)
(0.002781 0.0005312 0.008781)
(0.002844 0.0005312 0.008781)
(0.002906 0.0005313 0.008781)
(0.002969 0.0005312 0.008781)
(0.003031 0.0005312 0.008781)
(0.003094 0.0005313 0.008781)
(0.003156 0.0005312 0.008781)
(0.003219 0.0005312 0.008781)
(0.003281 0.0005313 0.008781)
(0.003344 0.0005313 0.008781)
(0.003406 0.0005312 0.008781)
(0.003469 0.0005313 0.008781)
(0.003531 0.0005312 0.008781)
(0.003594 0.0005313 0.008781)
(0.003656 0.0005312 0.008781)
(0.003719 0.0005312 0.008781)
(0.003781 0.0005313 0.008781)
(0.003844 0.0005313 0.008781)
(0.003906 0.0005312 0.008781)
(0.003969 0.0005312 0.008781)
(0.002531 0.0005937 0.008781)
(0.002594 0.0005937 0.008781)
(0.002656 0.0005937 0.008781)
(0.002719 0.0005937 0.008781)
(0.002781 0.0005937 0.008781)
(0.002844 0.0005937 0.008781)
(0.002906 0.0005937 0.008781)
(0.002969 0.0005937 0.008781)
(0.003031 0.0005937 0.008781)
(0.003094 0.0005937 0.008781)
(0.003156 0.0005937 0.008781)
(0.003219 0.0005937 0.008781)
(0.003281 0.0005937 0.008781)
(0.003344 0.0005937 0.008781)
(0.003406 0.0005937 0.008781)
(0.003469 0.0005937 0.008781)
(0.003531 0.0005937 0.008781)
(0.003594 0.0005937 0.008781)
(0.003656 0.0005937 0.008781)
(0.003719 0.0005937 0.008781)
(0.003781 0.0005937 0.008781)
(0.003844 0.0005937 0.008781)
(0.003906 0.0005937 0.008781)
(0.003969 0.0005937 0.008781)
(0.002531 0.0006563 0.008781)
(0.002594 0.0006563 0.008781)
(0.002656 0.0006562 0.008781)
(0.002719 0.0006563 0.008781)
(0.002781 0.0006563 0.008781)
(0.002844 0.0006563 0.008781)
(0.002906 0.0006563 0.008781)
(0.002969 0.0006563 0.008781)
(0.003031 0.0006563 0.008781)
(0.003094 0.0006563 0.008781)
(0.003156 0.0006562 0.008781)
(0.003219 0.0006563 0.008781)
(0.003281 0.0006563 0.008781)
(0.003344 0.0006563 0.008781)
(0.003406 0.0006563 0.008781)
(0.003469 0.0006563 0.008781)
(0.003531 0.0006563 0.008781)
(0.003594 0.0006563 0.008781)
(0.003656 0.0006563 0.008781)
(0.003719 0.0006563 0.008781)
(0.003781 0.0006563 0.008781)
(0.003844 0.0006563 0.008781)
(0.003906 0.0006563 0.008781)
(0.003969 0.0006563 0.008781)
(0.002531 0.0007187 0.008781)
(0.002594 0.0007187 0.008781)
(0.002656 0.0007188 0.008781)
(0.002719 0.0007187 0.008781)
(0.002781 0.0007187 0.008781)
(0.002844 0.0007187 0.008781)
(0.002906 0.0007187 0.008781)
(0.002969 0.0007187 0.008781)
(0.003031 0.0007187 0.008781)
(0.003094 0.0007187 0.008781)
(0.003156 0.0007187 0.008781)
(0.003219 0.0007187 0.008781)
(0.003281 0.0007187 0.008781)
(0.003344 0.0007187 0.008781)
(0.003406 0.0007188 0.008781)
(0.003469 0.0007188 0.008781)
(0.003531 0.0007188 0.008781)
(0.003594 0.0007187 0.008781)
(0.003656 0.0007188 0.008781)
(0.003719 0.0007187 0.008781)
(0.003781 0.0007187 0.008781)
(0.003844 0.0007187 0.008781)
(0.003906 0.0007187 0.008781)
(0.003969 0.0007188 0.008781)
(0.002531 0.0007813 0.008781)
(0.002594 0.0007812 0.008781)
(0.002656 0.0007812 0.008781)
(0.002719 0.0007813 0.008781)
(0.002781 0.0007813 0.008781)
(0.002844 0.0007813 0.008781)
(0.002906 0.0007813 0.008781)
(0.002969 0.0007813 0.008781)
(0.003031 0.0007813 0.008781)
(0.003094 0.0007812 0.008781)
(0.003156 0.0007812 0.008781)
(0.003219 0.0007813 0.008781)
(0.003281 0.0007812 0.008781)
(0.003344 0.0007813 0.008781)
(0.003406 0.0007813 0.008781)
(0.003469 0.0007812 0.008781)
(0.003531 0.0007813 0.008781)
(0.003594 0.0007812 0.008781)
(0.003656 0.0007813 0.008781)
(0.003719 0.0007813 0.008781)
(0.003781 0.0007813 0.008781)
(0.003844 0.0007813 0.008781)
(0.003906 0.0007813 0.008781)
(0.003969 0.0007813 0.008781)
(0.002531 0.0008438 0.008781)
(0.002594 0.0008437 0.008781)
(0.002656 0.0008438 0.008781)
(0.002719 0.0008437 0.008781)
(0.002781 0.0008437 0.008781)
(0.002844 0.0008437 0.008781)
(0.002906 0.0008438 0.008781)
(0.002969 0.0008437 0.008781)
(0.003031 0.0008438 0.008781)
(0.003094 0.0008437 0.008781)
(0.003156 0.0008437 0.008781)
(0.003219 0.0008437 0.008781)
(0.003281 0.0008437 0.008781)
(0.003344 0.0008438 0.008781)
(0.003406 0.0008438 0.008781)
(0.003469 0.0008438 0.008781)
(0.003531 0.0008438 0.008781)
(0.003594 0.0008437 0.008781)
(0.003656 0.0008437 0.008781)
(0.003719 0.0008438 0.008781)
(0.003781 0.0008437 0.008781)
(0.003844 0.0008437 0.008781)
(0.003906 0.0008438 0.008781)
(0.003969 0.0008438 0.008781)
(0.002531 0.0009063 0.008781)
(0.002594 0.0009063 0.008781)
(0.002656 0.0009063 0.008781)
(0.002719 0.0009063 0.008781)
(0.002781 0.0009063 0.008781)
(0.002844 0.0009063 0.008781)
(0.002906 0.0009063 0.008781)
(0.002969 0.0009062 0.008781)
(0.003031 0.0009063 0.008781)
(0.003094 0.0009063 0.008781)
(0.003156 0.0009063 0.008781)
(0.003219 0.0009063 0.008781)
(0.003281 0.0009063 0.008781)
(0.003344 0.0009063 0.008781)
(0.003406 0.0009063 0.008781)
(0.003469 0.0009063 0.008781)
(0.003531 0.0009063 0.008781)
(0.003594 0.0009063 0.008781)
(0.003656 0.0009062 0.008781)
(0.003719 0.0009063 0.008781)
(0.003781 0.0009063 0.008781)
(0.003844 0.0009063 0.008781)
(0.003906 0.0009063 0.008781)
(0.003969 0.0009063 0.008781)
(0.002531 0.0009687 0.008781)
(0.002594 0.0009687 0.008781)
(0.002656 0.0009688 0.008781)
(0.002719 0.0009687 0.008781)
(0.002781 0.0009687 0.008781)
(0.002844 0.0009687 0.008781)
(0.002906 0.0009687 0.008781)
(0.002969 0.0009687 0.008781)
(0.003031 0.0009687 0.008781)
(0.003094 0.0009687 0.008781)
(0.003156 0.0009687 0.008781)
(0.003219 0.0009687 0.008781)
(0.003281 0.0009687 0.008781)
(0.003344 0.0009687 0.008781)
(0.003406 0.0009687 0.008781)
(0.003469 0.0009687 0.008781)
(0.003531 0.0009687 0.008781)
(0.003594 0.0009687 0.008781)
(0.003656 0.0009687 0.008781)
(0.003719 0.0009687 0.008781)
(0.003781 0.0009687 0.008781)
(0.003844 0.0009687 0.008781)
(0.003906 0.0009687 0.008781)
(0.003969 0.0009687 0.008781)
(0.002531 0.001031 0.008781)
(0.002594 0.001031 0.008781)
(0.002656 0.001031 0.008781)
(0.002719 0.001031 0.008781)
(0.002781 0.001031 0.008781)
(0.002844 0.001031 0.008781)
(0.002906 0.001031 0.008781)
(0.002969 0.001031 0.008781)
(0.003031 0.001031 0.008781)
(0.003094 0.001031 0.008781)
(0.003156 0.001031 0.008781)
(0.003219 0.001031 0.008781)
(0.003281 0.001031 0.008781)
(0.003344 0.001031 0.008781)
(0.003406 0.001031 0.008781)
(0.003469 0.001031 0.008781)
(0.003531 0.001031 0.008781)
(0.003594 0.001031 0.008781)
(0.003656 0.001031 0.008781)
(0.003719 0.001031 0.008781)
(0.003781 0.001031 0.008781)
(0.003844 0.001031 0.008781)
(0.003906 0.001031 0.008781)
(0.003969 0.001031 0.008781)
(0.002531 0.001094 0.008781)
(0.002594 0.001094 0.008781)
(0.002656 0.001094 0.008781)
(0.002719 0.001094 0.008781)
(0.002781 0.001094 0.008781)
(0.002844 0.001094 0.008781)
(0.002906 0.001094 0.008781)
(0.002969 0.001094 0.008781)
(0.003031 0.001094 0.008781)
(0.003094 0.001094 0.008781)
(0.003156 0.001094 0.008781)
(0.003219 0.001094 0.008781)
(0.003281 0.001094 0.008781)
(0.003344 0.001094 0.008781)
(0.003406 0.001094 0.008781)
(0.003469 0.001094 0.008781)
(0.003531 0.001094 0.008781)
(0.003594 0.001094 0.008781)
(0.003656 0.001094 0.008781)
(0.003719 0.001094 0.008781)
(0.003781 0.001094 0.008781)
(0.003844 0.001094 0.008781)
(0.003906 0.001094 0.008781)
(0.003969 0.001094 0.008781)
(0.002531 0.001156 0.008781)
(0.002594 0.001156 0.008781)
(0.002656 0.001156 0.008781)
(0.002719 0.001156 0.008781)
(0.002781 0.001156 0.008781)
(0.002844 0.001156 0.008781)
(0.002906 0.001156 0.008781)
(0.002969 0.001156 0.008781)
(0.003031 0.001156 0.008781)
(0.003094 0.001156 0.008781)
(0.003156 0.001156 0.008781)
(0.003219 0.001156 0.008781)
(0.003281 0.001156 0.008781)
(0.003344 0.001156 0.008781)
(0.003406 0.001156 0.008781)
(0.003469 0.001156 0.008781)
(0.003531 0.001156 0.008781)
(0.003594 0.001156 0.008781)
(0.003656 0.001156 0.008781)
(0.003719 0.001156 0.008781)
(0.003781 0.001156 0.008781)
(0.003844 0.001156 0.008781)
(0.003906 0.001156 0.008781)
(0.003969 0.001156 0.008781)
(0.002531 0.001219 0.008781)
(0.002594 0.001219 0.008781)
(0.002656 0.001219 0.008781)
(0.002719 0.001219 0.008781)
(0.002781 0.001219 0.008781)
(0.002844 0.001219 0.008781)
(0.002906 0.001219 0.008781)
(0.002969 0.001219 0.008781)
(0.003031 0.001219 0.008781)
(0.003094 0.001219 0.008781)
(0.003156 0.001219 0.008781)
(0.003219 0.001219 0.008781)
(0.003281 0.001219 0.008781)
(0.003344 0.001219 0.008781)
(0.003406 0.001219 0.008781)
(0.003469 0.001219 0.008781)
(0.003531 0.001219 0.008781)
(0.003594 0.001219 0.008781)
(0.003656 0.001219 0.008781)
(0.003719 0.001219 0.008781)
(0.003781 0.001219 0.008781)
(0.003844 0.001219 0.008781)
(0.003906 0.001219 0.008781)
(0.003969 0.001219 0.008781)
(0.002531 0.0005312 0.008844)
(0.002594 0.0005312 0.008844)
(0.002656 0.0005312 0.008844)
(0.002719 0.0005312 0.008844)
(0.002781 0.0005313 0.008844)
(0.002844 0.0005313 0.008844)
(0.002906 0.0005312 0.008844)
(0.002969 0.0005312 0.008844)
(0.003031 0.0005312 0.008844)
(0.003094 0.0005312 0.008844)
(0.003156 0.0005312 0.008844)
(0.003219 0.0005312 0.008844)
(0.003281 0.0005313 0.008844)
(0.003344 0.0005312 0.008844)
(0.003406 0.0005313 0.008844)
(0.003469 0.0005313 0.008844)
(0.003531 0.0005312 0.008844)
(0.003594 0.0005312 0.008844)
(0.003656 0.0005312 0.008844)
(0.003719 0.0005313 0.008844)
(0.003781 0.0005312 0.008844)
(0.003844 0.0005312 0.008844)
(0.003906 0.0005312 0.008844)
(0.003969 0.0005312 0.008844)
(0.002531 0.0005937 0.008844)
(0.002594 0.0005937 0.008844)
(0.002656 0.0005937 0.008844)
(0.002719 0.0005937 0.008844)
(0.002781 0.0005937 0.008844)
(0.002844 0.0005937 0.008844)
(0.002906 0.0005937 0.008844)
(0.002969 0.0005937 0.008844)
(0.003031 0.0005937 0.008844)
(0.003094 0.0005937 0.008844)
(0.003156 0.0005937 0.008844)
(0.003219 0.0005937 0.008844)
(0.003281 0.0005937 0.008844)
(0.003344 0.0005937 0.008844)
(0.003406 0.0005937 0.008844)
(0.003469 0.0005937 0.008844)
(0.003531 0.0005937 0.008844)
(0.003594 0.0005937 0.008844)
(0.003656 0.0005937 0.008844)
(0.003719 0.0005937 0.008844)
(0.003781 0.0005937 0.008844)
(0.003844 0.0005937 0.008844)
(0.003906 0.0005937 0.008844)
(0.003969 0.0005937 0.008844)
(0.002531 0.0006563 0.008844)
(0.002594 0.0006563 0.008844)
(0.002656 0.0006563 0.008844)
(0.002719 0.0006562 0.008844)
(0.002781 0.0006562 0.008844)
(0.002844 0.0006563 0.008844)
(0.002906 0.0006562 0.008844)
(0.002969 0.0006563 0.008844)
(0.003031 0.0006562 0.008844)
(0.003094 0.0006562 0.008844)
(0.003156 0.0006563 0.008844)
(0.003219 0.0006562 0.008844)
(0.003281 0.0006563 0.008844)
(0.003344 0.0006563 0.008844)
(0.003406 0.0006563 0.008844)
(0.003469 0.0006563 0.008844)
(0.003531 0.0006562 0.008844)
(0.003594 0.0006563 0.008844)
(0.003656 0.0006563 0.008844)
(0.003719 0.0006563 0.008844)
(0.003781 0.0006562 0.008844)
(0.003844 0.0006563 0.008844)
(0.003906 0.0006562 0.008844)
(0.003969 0.0006563 0.008844)
(0.002531 0.0007187 0.008844)
(0.002594 0.0007187 0.008844)
(0.002656 0.0007187 0.008844)
(0.002719 0.0007187 0.008844)
(0.002781 0.0007187 0.008844)
(0.002844 0.0007187 0.008844)
(0.002906 0.0007187 0.008844)
(0.002969 0.0007187 0.008844)
(0.003031 0.0007187 0.008844)
(0.003094 0.0007188 0.008844)
(0.003156 0.0007188 0.008844)
(0.003219 0.0007188 0.008844)
(0.003281 0.0007187 0.008844)
(0.003344 0.0007187 0.008844)
(0.003406 0.0007187 0.008844)
(0.003469 0.0007187 0.008844)
(0.003531 0.0007187 0.008844)
(0.003594 0.0007187 0.008844)
(0.003656 0.0007187 0.008844)
(0.003719 0.0007187 0.008844)
(0.003781 0.0007187 0.008844)
(0.003844 0.0007187 0.008844)
(0.003906 0.0007188 0.008844)
(0.003969 0.0007187 0.008844)
(0.002531 0.0007812 0.008844)
(0.002594 0.0007813 0.008844)
(0.002656 0.0007812 0.008844)
(0.002719 0.0007813 0.008844)
(0.002781 0.0007813 0.008844)
(0.002844 0.0007812 0.008844)
(0.002906 0.0007813 0.008844)
(0.002969 0.0007813 0.008844)
(0.003031 0.0007813 0.008844)
(0.003094 0.0007813 0.008844)
(0.003156 0.0007812 0.008844)
(0.003219 0.0007813 0.008844)
(0.003281 0.0007813 0.008844)
(0.003344 0.0007813 0.008844)
(0.003406 0.0007813 0.008844)
(0.003469 0.0007813 0.008844)
(0.003531 0.0007813 0.008844)
(0.003594 0.0007813 0.008844)
(0.003656 0.0007812 0.008844)
(0.003719 0.0007813 0.008844)
(0.003781 0.0007812 0.008844)
(0.003844 0.0007813 0.008844)
(0.003906 0.0007813 0.008844)
(0.003969 0.0007813 0.008844)
(0.002531 0.0008438 0.008844)
(0.002594 0.0008438 0.008844)
(0.002656 0.0008438 0.008844)
(0.002719 0.0008437 0.008844)
(0.002781 0.0008438 0.008844)
(0.002844 0.0008437 0.008844)
(0.002906 0.0008438 0.008844)
(0.002969 0.0008437 0.008844)
(0.003031 0.0008438 0.008844)
(0.003094 0.0008437 0.008844)
(0.003156 0.0008437 0.008844)
(0.003219 0.0008437 0.008844)
(0.003281 0.0008437 0.008844)
(0.003344 0.0008437 0.008844)
(0.003406 0.0008438 0.008844)
(0.003469 0.0008437 0.008844)
(0.003531 0.0008437 0.008844)
(0.003594 0.0008437 0.008844)
(0.003656 0.0008437 0.008844)
(0.003719 0.0008438 0.008844)
(0.003781 0.0008437 0.008844)
(0.003844 0.0008437 0.008844)
(0.003906 0.0008437 0.008844)
(0.003969 0.0008437 0.008844)
(0.002531 0.0009063 0.008844)
(0.002594 0.0009063 0.008844)
(0.002656 0.0009062 0.008844)
(0.002719 0.0009063 0.008844)
(0.002781 0.0009063 0.008844)
(0.002844 0.0009063 0.008844)
(0.002906 0.0009063 0.008844)
(0.002969 0.0009062 0.008844)
(0.003031 0.0009063 0.008844)
(0.003094 0.0009063 0.008844)
(0.003156 0.0009062 0.008844)
(0.003219 0.0009063 0.008844)
(0.003281 0.0009063 0.008844)
(0.003344 0.0009063 0.008844)
(0.003406 0.0009063 0.008844)
(0.003469 0.0009063 0.008844)
(0.003531 0.0009063 0.008844)
(0.003594 0.0009063 0.008844)
(0.003656 0.0009062 0.008844)
(0.003719 0.0009063 0.008844)
(0.003781 0.0009063 0.008844)
(0.003844 0.0009063 0.008844)
(0.003906 0.0009063 0.008844)
(0.003969 0.0009063 0.008844)
(0.002531 0.0009687 0.008844)
(0.002594 0.0009687 0.008844)
(0.002656 0.0009687 0.008844)
(0.002719 0.0009687 0.008844)
(0.002781 0.0009687 0.008844)
(0.002844 0.0009687 0.008844)
(0.002906 0.0009687 0.008844)
(0.002969 0.0009687 0.008844)
(0.003031 0.0009687 0.008844)
(0.003094 0.0009687 0.008844)
(0.003156 0.0009687 0.008844)
(0.003219 0.0009687 0.008844)
(0.003281 0.0009687 0.008844)
(0.003344 0.0009687 0.008844)
(0.003406 0.0009687 0.008844)
(0.003469 0.0009687 0.008844)
(0.003531 0.0009687 0.008844)
(0.003594 0.0009687 0.008844)
(0.003656 0.0009687 0.008844)
(0.003719 0.0009687 0.008844)
(0.003781 0.0009687 0.008844)
(0.003844 0.0009687 0.008844)
(0.003906 0.0009687 0.008844)
(0.003969 0.0009687 0.008844)
(0.002531 0.001031 0.008844)
(0.002594 0.001031 0.008844)
(0.002656 0.001031 0.008844)
(0.002719 0.001031 0.008844)
(0.002781 0.001031 0.008844)
(0.002844 0.001031 0.008844)
(0.002906 0.001031 0.008844)
(0.002969 0.001031 0.008844)
(0.003031 0.001031 0.008844)
(0.003094 0.001031 0.008844)
(0.003156 0.001031 0.008844)
(0.003219 0.001031 0.008844)
(0.003281 0.001031 0.008844)
(0.003344 0.001031 0.008844)
(0.003406 0.001031 0.008844)
(0.003469 0.001031 0.008844)
(0.003531 0.001031 0.008844)
(0.003594 0.001031 0.008844)
(0.003656 0.001031 0.008844)
(0.003719 0.001031 0.008844)
(0.003781 0.001031 0.008844)
(0.003844 0.001031 0.008844)
(0.003906 0.001031 0.008844)
(0.003969 0.001031 0.008844)
(0.002531 0.001094 0.008844)
(0.002594 0.001094 0.008844)
(0.002656 0.001094 0.008844)
(0.002719 0.001094 0.008844)
(0.002781 0.001094 0.008844)
(0.002844 0.001094 0.008844)
(0.002906 0.001094 0.008844)
(0.002969 0.001094 0.008844)
(0.003031 0.001094 0.008844)
(0.003094 0.001094 0.008844)
(0.003156 0.001094 0.008844)
(0.003219 0.001094 0.008844)
(0.003281 0.001094 0.008844)
(0.003344 0.001094 0.008844)
(0.003406 0.001094 0.008844)
(0.003469 0.001094 0.008844)
(0.003531 0.001094 0.008844)
(0.003594 0.001094 0.008844)
(0.003656 0.001094 0.008844)
(0.003719 0.001094 0.008844)
(0.003781 0.001094 0.008844)
(0.003844 0.001094 0.008844)
(0.003906 0.001094 0.008844)
(0.003969 0.001094 0.008844)
(0.002531 0.001156 0.008844)
(0.002594 0.001156 0.008844)
(0.002656 0.001156 0.008844)
(0.002719 0.001156 0.008844)
(0.002781 0.001156 0.008844)
(0.002844 0.001156 0.008844)
(0.002906 0.001156 0.008844)
(0.002969 0.001156 0.008844)
(0.003031 0.001156 0.008844)
(0.003094 0.001156 0.008844)
(0.003156 0.001156 0.008844)
(0.003219 0.001156 0.008844)
(0.003281 0.001156 0.008844)
(0.003344 0.001156 0.008844)
(0.003406 0.001156 0.008844)
(0.003469 0.001156 0.008844)
(0.003531 0.001156 0.008844)
(0.003594 0.001156 0.008844)
(0.003656 0.001156 0.008844)
(0.003719 0.001156 0.008844)
(0.003781 0.001156 0.008844)
(0.003844 0.001156 0.008844)
(0.003906 0.001156 0.008844)
(0.003969 0.001156 0.008844)
(0.002531 0.001219 0.008844)
(0.002594 0.001219 0.008844)
(0.002656 0.001219 0.008844)
(0.002719 0.001219 0.008844)
(0.002781 0.001219 0.008844)
(0.002844 0.001219 0.008844)
(0.002906 0.001219 0.008844)
(0.002969 0.001219 0.008844)
(0.003031 0.001219 0.008844)
(0.003094 0.001219 0.008844)
(0.003156 0.001219 0.008844)
(0.003219 0.001219 0.008844)
(0.003281 0.001219 0.008844)
(0.003344 0.001219 0.008844)
(0.003406 0.001219 0.008844)
(0.003469 0.001219 0.008844)
(0.003531 0.001219 0.008844)
(0.003594 0.001219 0.008844)
(0.003656 0.001219 0.008844)
(0.003719 0.001219 0.008844)
(0.003781 0.001219 0.008844)
(0.003844 0.001219 0.008844)
(0.003906 0.001219 0.008844)
(0.003969 0.001219 0.008844)
(0.002531 0.0005313 0.008906)
(0.002594 0.0005313 0.008906)
(0.002656 0.0005312 0.008906)
(0.002719 0.0005313 0.008906)
(0.002781 0.0005313 0.008906)
(0.002844 0.0005313 0.008906)
(0.002906 0.0005313 0.008906)
(0.002969 0.0005312 0.008906)
(0.003031 0.0005313 0.008906)
(0.003094 0.0005313 0.008906)
(0.003156 0.0005312 0.008906)
(0.003219 0.0005313 0.008906)
(0.003281 0.0005313 0.008906)
(0.003344 0.0005313 0.008906)
(0.003406 0.0005313 0.008906)
(0.003469 0.0005312 0.008906)
(0.003531 0.0005313 0.008906)
(0.003594 0.0005313 0.008906)
(0.003656 0.0005312 0.008906)
(0.003719 0.0005313 0.008906)
(0.003781 0.0005313 0.008906)
(0.003844 0.0005313 0.008906)
(0.003906 0.0005313 0.008906)
(0.003969 0.0005313 0.008906)
(0.002531 0.0005937 0.008906)
(0.002594 0.0005937 0.008906)
(0.002656 0.0005937 0.008906)
(0.002719 0.0005937 0.008906)
(0.002781 0.0005937 0.008906)
(0.002844 0.0005937 0.008906)
(0.002906 0.0005937 0.008906)
(0.002969 0.0005937 0.008906)
(0.003031 0.0005937 0.008906)
(0.003094 0.0005937 0.008906)
(0.003156 0.0005937 0.008906)
(0.003219 0.0005937 0.008906)
(0.003281 0.0005937 0.008906)
(0.003344 0.0005937 0.008906)
(0.003406 0.0005937 0.008906)
(0.003469 0.0005937 0.008906)
(0.003531 0.0005937 0.008906)
(0.003594 0.0005937 0.008906)
(0.003656 0.0005937 0.008906)
(0.003719 0.0005937 0.008906)
(0.003781 0.0005937 0.008906)
(0.003844 0.0005937 0.008906)
(0.003906 0.0005937 0.008906)
(0.003969 0.0005937 0.008906)
(0.002531 0.0006563 0.008906)
(0.002594 0.0006563 0.008906)
(0.002656 0.0006563 0.008906)
(0.002719 0.0006563 0.008906)
(0.002781 0.0006563 0.008906)
(0.002844 0.0006562 0.008906)
(0.002906 0.0006563 0.008906)
(0.002969 0.0006563 0.008906)
(0.003031 0.0006563 0.008906)
(0.003094 0.0006563 0.008906)
(0.003156 0.0006563 0.008906)
(0.003219 0.0006563 0.008906)
(0.003281 0.0006563 0.008906)
(0.003344 0.0006563 0.008906)
(0.003406 0.0006563 0.008906)
(0.003469 0.0006563 0.008906)
(0.003531 0.0006563 0.008906)
(0.003594 0.0006563 0.008906)
(0.003656 0.0006563 0.008906)
(0.003719 0.0006563 0.008906)
(0.003781 0.0006563 0.008906)
(0.003844 0.0006563 0.008906)
(0.003906 0.0006563 0.008906)
(0.003969 0.0006563 0.008906)
(0.002531 0.0007188 0.008906)
(0.002594 0.0007188 0.008906)
(0.002656 0.0007187 0.008906)
(0.002719 0.0007187 0.008906)
(0.002781 0.0007188 0.008906)
(0.002844 0.0007188 0.008906)
(0.002906 0.0007188 0.008906)
(0.002969 0.0007187 0.008906)
(0.003031 0.0007188 0.008906)
(0.003094 0.0007188 0.008906)
(0.003156 0.0007188 0.008906)
(0.003219 0.0007188 0.008906)
(0.003281 0.0007187 0.008906)
(0.003344 0.0007187 0.008906)
(0.003406 0.0007188 0.008906)
(0.003469 0.0007188 0.008906)
(0.003531 0.0007187 0.008906)
(0.003594 0.0007187 0.008906)
(0.003656 0.0007187 0.008906)
(0.003719 0.0007188 0.008906)
(0.003781 0.0007188 0.008906)
(0.003844 0.0007187 0.008906)
(0.003906 0.0007188 0.008906)
(0.003969 0.0007188 0.008906)
(0.002531 0.0007812 0.008906)
(0.002594 0.0007813 0.008906)
(0.002656 0.0007812 0.008906)
(0.002719 0.0007813 0.008906)
(0.002781 0.0007813 0.008906)
(0.002844 0.0007812 0.008906)
(0.002906 0.0007813 0.008906)
(0.002969 0.0007813 0.008906)
(0.003031 0.0007813 0.008906)
(0.003094 0.0007813 0.008906)
(0.003156 0.0007812 0.008906)
(0.003219 0.0007813 0.008906)
(0.003281 0.0007813 0.008906)
(0.003344 0.0007813 0.008906)
(0.003406 0.0007813 0.008906)
(0.003469 0.0007813 0.008906)
(0.003531 0.0007813 0.008906)
(0.003594 0.0007813 0.008906)
(0.003656 0.0007812 0.008906)
(0.003719 0.0007813 0.008906)
(0.003781 0.0007812 0.008906)
(0.003844 0.0007813 0.008906)
(0.003906 0.0007813 0.008906)
(0.003969 0.0007813 0.008906)
(0.002531 0.0008438 0.008906)
(0.002594 0.0008438 0.008906)
(0.002656 0.0008438 0.008906)
(0.002719 0.0008437 0.008906)
(0.002781 0.0008438 0.008906)
(0.002844 0.0008437 0.008906)
(0.002906 0.0008438 0.008906)
(0.002969 0.0008437 0.008906)
(0.003031 0.0008438 0.008906)
(0.003094 0.0008437 0.008906)
(0.003156 0.0008437 0.008906)
(0.003219 0.0008437 0.008906)
(0.003281 0.0008437 0.008906)
(0.003344 0.0008437 0.008906)
(0.003406 0.0008438 0.008906)
(0.003469 0.0008437 0.008906)
(0.003531 0.0008437 0.008906)
(0.003594 0.0008437 0.008906)
(0.003656 0.0008437 0.008906)
(0.003719 0.0008438 0.008906)
(0.003781 0.0008437 0.008906)
(0.003844 0.0008437 0.008906)
(0.003906 0.0008437 0.008906)
(0.003969 0.0008437 0.008906)
(0.002531 0.0009063 0.008906)
(0.002594 0.0009063 0.008906)
(0.002656 0.0009062 0.008906)
(0.002719 0.0009063 0.008906)
(0.002781 0.0009063 0.008906)
(0.002844 0.0009063 0.008906)
(0.002906 0.0009063 0.008906)
(0.002969 0.0009063 0.008906)
(0.003031 0.0009063 0.008906)
(0.003094 0.0009063 0.008906)
(0.003156 0.0009062 0.008906)
(0.003219 0.0009062 0.008906)
(0.003281 0.0009063 0.008906)
(0.003344 0.0009063 0.008906)
(0.003406 0.0009063 0.008906)
(0.003469 0.0009063 0.008906)
(0.003531 0.0009063 0.008906)
(0.003594 0.0009063 0.008906)
(0.003656 0.0009062 0.008906)
(0.003719 0.0009063 0.008906)
(0.003781 0.0009063 0.008906)
(0.003844 0.0009063 0.008906)
(0.003906 0.0009063 0.008906)
(0.003969 0.0009063 0.008906)
(0.002531 0.0009687 0.008906)
(0.002594 0.0009687 0.008906)
(0.002656 0.0009687 0.008906)
(0.002719 0.0009687 0.008906)
(0.002781 0.0009687 0.008906)
(0.002844 0.0009687 0.008906)
(0.002906 0.0009687 0.008906)
(0.002969 0.0009687 0.008906)
(0.003031 0.0009687 0.008906)
(0.003094 0.0009687 0.008906)
(0.003156 0.0009687 0.008906)
(0.003219 0.0009687 0.008906)
(0.003281 0.0009687 0.008906)
(0.003344 0.0009687 0.008906)
(0.003406 0.0009687 0.008906)
(0.003469 0.0009687 0.008906)
(0.003531 0.0009687 0.008906)
(0.003594 0.0009687 0.008906)
(0.003656 0.0009687 0.008906)
(0.003719 0.0009687 0.008906)
(0.003781 0.0009687 0.008906)
(0.003844 0.0009687 0.008906)
(0.003906 0.0009687 0.008906)
(0.003969 0.0009687 0.008906)
(0.002531 0.001031 0.008906)
(0.002594 0.001031 0.008906)
(0.002656 0.001031 0.008906)
(0.002719 0.001031 0.008906)
(0.002781 0.001031 0.008906)
(0.002844 0.001031 0.008906)
(0.002906 0.001031 0.008906)
(0.002969 0.001031 0.008906)
(0.003031 0.001031 0.008906)
(0.003094 0.001031 0.008906)
(0.003156 0.001031 0.008906)
(0.003219 0.001031 0.008906)
(0.003281 0.001031 0.008906)
(0.003344 0.001031 0.008906)
(0.003406 0.001031 0.008906)
(0.003469 0.001031 0.008906)
(0.003531 0.001031 0.008906)
(0.003594 0.001031 0.008906)
(0.003656 0.001031 0.008906)
(0.003719 0.001031 0.008906)
(0.003781 0.001031 0.008906)
(0.003844 0.001031 0.008906)
(0.003906 0.001031 0.008906)
(0.003969 0.001031 0.008906)
(0.002531 0.001094 0.008906)
(0.002594 0.001094 0.008906)
(0.002656 0.001094 0.008906)
(0.002719 0.001094 0.008906)
(0.002781 0.001094 0.008906)
(0.002844 0.001094 0.008906)
(0.002906 0.001094 0.008906)
(0.002969 0.001094 0.008906)
(0.003031 0.001094 0.008906)
(0.003094 0.001094 0.008906)
(0.003156 0.001094 0.008906)
(0.003219 0.001094 0.008906)
(0.003281 0.001094 0.008906)
(0.003344 0.001094 0.008906)
(0.003406 0.001094 0.008906)
(0.003469 0.001094 0.008906)
(0.003531 0.001094 0.008906)
(0.003594 0.001094 0.008906)
(0.003656 0.001094 0.008906)
(0.003719 0.001094 0.008906)
(0.003781 0.001094 0.008906)
(0.003844 0.001094 0.008906)
(0.003906 0.001094 0.008906)
(0.003969 0.001094 0.008906)
(0.002531 0.001156 0.008906)
(0.002594 0.001156 0.008906)
(0.002656 0.001156 0.008906)
(0.002719 0.001156 0.008906)
(0.002781 0.001156 0.008906)
(0.002844 0.001156 0.008906)
(0.002906 0.001156 0.008906)
(0.002969 0.001156 0.008906)
(0.003031 0.001156 0.008906)
(0.003094 0.001156 0.008906)
(0.003156 0.001156 0.008906)
(0.003219 0.001156 0.008906)
(0.003281 0.001156 0.008906)
(0.003344 0.001156 0.008906)
(0.003406 0.001156 0.008906)
(0.003469 0.001156 0.008906)
(0.003531 0.001156 0.008906)
(0.003594 0.001156 0.008906)
(0.003656 0.001156 0.008906)
(0.003719 0.001156 0.008906)
(0.003781 0.001156 0.008906)
(0.003844 0.001156 0.008906)
(0.003906 0.001156 0.008906)
(0.003969 0.001156 0.008906)
(0.002531 0.001219 0.008906)
(0.002594 0.001219 0.008906)
(0.002656 0.001219 0.008906)
(0.002719 0.001219 0.008906)
(0.002781 0.001219 0.008906)
(0.002844 0.001219 0.008906)
(0.002906 0.001219 0.008906)
(0.002969 0.001219 0.008906)
(0.003031 0.001219 0.008906)
(0.003094 0.001219 0.008906)
(0.003156 0.001219 0.008906)
(0.003219 0.001219 0.008906)
(0.003281 0.001219 0.008906)
(0.003344 0.001219 0.008906)
(0.003406 0.001219 0.008906)
(0.003469 0.001219 0.008906)
(0.003531 0.001219 0.008906)
(0.003594 0.001219 0.008906)
(0.003656 0.001219 0.008906)
(0.003719 0.001219 0.008906)
(0.003781 0.001219 0.008906)
(0.003844 0.001219 0.008906)
(0.003906 0.001219 0.008906)
(0.003969 0.001219 0.008906)
(0.002531 0.0005312 0.008969)
(0.002594 0.0005312 0.008969)
(0.002656 0.0005312 0.008969)
(0.002719 0.0005312 0.008969)
(0.002781 0.0005313 0.008969)
(0.002844 0.0005313 0.008969)
(0.002906 0.0005312 0.008969)
(0.002969 0.0005312 0.008969)
(0.003031 0.0005312 0.008969)
(0.003094 0.0005312 0.008969)
(0.003156 0.0005312 0.008969)
(0.003219 0.0005312 0.008969)
(0.003281 0.0005313 0.008969)
(0.003344 0.0005312 0.008969)
(0.003406 0.0005313 0.008969)
(0.003469 0.0005313 0.008969)
(0.003531 0.0005312 0.008969)
(0.003594 0.0005312 0.008969)
(0.003656 0.0005312 0.008969)
(0.003719 0.0005313 0.008969)
(0.003781 0.0005312 0.008969)
(0.003844 0.0005312 0.008969)
(0.003906 0.0005312 0.008969)
(0.003969 0.0005313 0.008969)
(0.002531 0.0005937 0.008969)
(0.002594 0.0005937 0.008969)
(0.002656 0.0005937 0.008969)
(0.002719 0.0005938 0.008969)
(0.002781 0.0005937 0.008969)
(0.002844 0.0005937 0.008969)
(0.002906 0.0005937 0.008969)
(0.002969 0.0005937 0.008969)
(0.003031 0.0005937 0.008969)
(0.003094 0.0005937 0.008969)
(0.003156 0.0005937 0.008969)
(0.003219 0.0005937 0.008969)
(0.003281 0.0005938 0.008969)
(0.003344 0.0005938 0.008969)
(0.003406 0.0005937 0.008969)
(0.003469 0.0005937 0.008969)
(0.003531 0.0005937 0.008969)
(0.003594 0.0005938 0.008969)
(0.003656 0.0005937 0.008969)
(0.003719 0.0005937 0.008969)
(0.003781 0.0005937 0.008969)
(0.003844 0.0005937 0.008969)
(0.003906 0.0005937 0.008969)
(0.003969 0.0005937 0.008969)
(0.002531 0.0006563 0.008969)
(0.002594 0.0006563 0.008969)
(0.002656 0.0006563 0.008969)
(0.002719 0.0006562 0.008969)
(0.002781 0.0006562 0.008969)
(0.002844 0.0006563 0.008969)
(0.002906 0.0006562 0.008969)
(0.002969 0.0006563 0.008969)
(0.003031 0.0006562 0.008969)
(0.003094 0.0006562 0.008969)
(0.003156 0.0006563 0.008969)
(0.003219 0.0006562 0.008969)
(0.003281 0.0006563 0.008969)
(0.003344 0.0006563 0.008969)
(0.003406 0.0006563 0.008969)
(0.003469 0.0006563 0.008969)
(0.003531 0.0006562 0.008969)
(0.003594 0.0006563 0.008969)
(0.003656 0.0006563 0.008969)
(0.003719 0.0006563 0.008969)
(0.003781 0.0006562 0.008969)
(0.003844 0.0006563 0.008969)
(0.003906 0.0006562 0.008969)
(0.003969 0.0006563 0.008969)
(0.002531 0.0007187 0.008969)
(0.002594 0.0007187 0.008969)
(0.002656 0.0007187 0.008969)
(0.002719 0.0007188 0.008969)
(0.002781 0.0007187 0.008969)
(0.002844 0.0007188 0.008969)
(0.002906 0.0007187 0.008969)
(0.002969 0.0007187 0.008969)
(0.003031 0.0007187 0.008969)
(0.003094 0.0007188 0.008969)
(0.003156 0.0007188 0.008969)
(0.003219 0.0007188 0.008969)
(0.003281 0.0007188 0.008969)
(0.003344 0.0007188 0.008969)
(0.003406 0.0007187 0.008969)
(0.003469 0.0007188 0.008969)
(0.003531 0.0007187 0.008969)
(0.003594 0.0007188 0.008969)
(0.003656 0.0007187 0.008969)
(0.003719 0.0007187 0.008969)
(0.003781 0.0007188 0.008969)
(0.003844 0.0007188 0.008969)
(0.003906 0.0007188 0.008969)
(0.003969 0.0007187 0.008969)
(0.002531 0.0007813 0.008969)
(0.002594 0.0007813 0.008969)
(0.002656 0.0007812 0.008969)
(0.002719 0.0007813 0.008969)
(0.002781 0.0007813 0.008969)
(0.002844 0.0007812 0.008969)
(0.002906 0.0007813 0.008969)
(0.002969 0.0007813 0.008969)
(0.003031 0.0007813 0.008969)
(0.003094 0.0007813 0.008969)
(0.003156 0.0007812 0.008969)
(0.003219 0.0007813 0.008969)
(0.003281 0.0007813 0.008969)
(0.003344 0.0007812 0.008969)
(0.003406 0.0007813 0.008969)
(0.003469 0.0007813 0.008969)
(0.003531 0.0007813 0.008969)
(0.003594 0.0007812 0.008969)
(0.003656 0.0007813 0.008969)
(0.003719 0.0007813 0.008969)
(0.003781 0.0007813 0.008969)
(0.003844 0.0007813 0.008969)
(0.003906 0.0007813 0.008969)
(0.003969 0.0007813 0.008969)
(0.002531 0.0008437 0.008969)
(0.002594 0.0008437 0.008969)
(0.002656 0.0008438 0.008969)
(0.002719 0.0008437 0.008969)
(0.002781 0.0008437 0.008969)
(0.002844 0.0008438 0.008969)
(0.002906 0.0008438 0.008969)
(0.002969 0.0008437 0.008969)
(0.003031 0.0008437 0.008969)
(0.003094 0.0008437 0.008969)
(0.003156 0.0008437 0.008969)
(0.003219 0.0008437 0.008969)
(0.003281 0.0008437 0.008969)
(0.003344 0.0008437 0.008969)
(0.003406 0.0008438 0.008969)
(0.003469 0.0008437 0.008969)
(0.003531 0.0008437 0.008969)
(0.003594 0.0008437 0.008969)
(0.003656 0.0008437 0.008969)
(0.003719 0.0008438 0.008969)
(0.003781 0.0008437 0.008969)
(0.003844 0.0008437 0.008969)
(0.003906 0.0008437 0.008969)
(0.003969 0.0008437 0.008969)
(0.002531 0.0009063 0.008969)
(0.002594 0.0009062 0.008969)
(0.002656 0.0009062 0.008969)
(0.002719 0.0009063 0.008969)
(0.002781 0.0009063 0.008969)
(0.002844 0.0009062 0.008969)
(0.002906 0.0009063 0.008969)
(0.002969 0.0009062 0.008969)
(0.003031 0.0009063 0.008969)
(0.003094 0.0009063 0.008969)
(0.003156 0.0009062 0.008969)
(0.003219 0.0009063 0.008969)
(0.003281 0.0009062 0.008969)
(0.003344 0.0009062 0.008969)
(0.003406 0.0009063 0.008969)
(0.003469 0.0009063 0.008969)
(0.003531 0.0009063 0.008969)
(0.003594 0.0009062 0.008969)
(0.003656 0.0009062 0.008969)
(0.003719 0.0009062 0.008969)
(0.003781 0.0009062 0.008969)
(0.003844 0.0009063 0.008969)
(0.003906 0.0009063 0.008969)
(0.003969 0.0009063 0.008969)
(0.002531 0.0009687 0.008969)
(0.002594 0.0009687 0.008969)
(0.002656 0.0009687 0.008969)
(0.002719 0.0009687 0.008969)
(0.002781 0.0009687 0.008969)
(0.002844 0.0009687 0.008969)
(0.002906 0.0009687 0.008969)
(0.002969 0.0009687 0.008969)
(0.003031 0.0009687 0.008969)
(0.003094 0.0009687 0.008969)
(0.003156 0.0009687 0.008969)
(0.003219 0.0009687 0.008969)
(0.003281 0.0009687 0.008969)
(0.003344 0.0009687 0.008969)
(0.003406 0.0009687 0.008969)
(0.003469 0.0009687 0.008969)
(0.003531 0.0009687 0.008969)
(0.003594 0.0009687 0.008969)
(0.003656 0.0009687 0.008969)
(0.003719 0.0009687 0.008969)
(0.003781 0.0009687 0.008969)
(0.003844 0.0009687 0.008969)
(0.003906 0.0009687 0.008969)
(0.003969 0.0009687 0.008969)
(0.002531 0.001031 0.008969)
(0.002594 0.001031 0.008969)
(0.002656 0.001031 0.008969)
(0.002719 0.001031 0.008969)
(0.002781 0.001031 0.008969)
(0.002844 0.001031 0.008969)
(0.002906 0.001031 0.008969)
(0.002969 0.001031 0.008969)
(0.003031 0.001031 0.008969)
(0.003094 0.001031 0.008969)
(0.003156 0.001031 0.008969)
(0.003219 0.001031 0.008969)
(0.003281 0.001031 0.008969)
(0.003344 0.001031 0.008969)
(0.003406 0.001031 0.008969)
(0.003469 0.001031 0.008969)
(0.003531 0.001031 0.008969)
(0.003594 0.001031 0.008969)
(0.003656 0.001031 0.008969)
(0.003719 0.001031 0.008969)
(0.003781 0.001031 0.008969)
(0.003844 0.001031 0.008969)
(0.003906 0.001031 0.008969)
(0.003969 0.001031 0.008969)
(0.002531 0.001094 0.008969)
(0.002594 0.001094 0.008969)
(0.002656 0.001094 0.008969)
(0.002719 0.001094 0.008969)
(0.002781 0.001094 0.008969)
(0.002844 0.001094 0.008969)
(0.002906 0.001094 0.008969)
(0.002969 0.001094 0.008969)
(0.003031 0.001094 0.008969)
(0.003094 0.001094 0.008969)
(0.003156 0.001094 0.008969)
(0.003219 0.001094 0.008969)
(0.003281 0.001094 0.008969)
(0.003344 0.001094 0.008969)
(0.003406 0.001094 0.008969)
(0.003469 0.001094 0.008969)
(0.003531 0.001094 0.008969)
(0.003594 0.001094 0.008969)
(0.003656 0.001094 0.008969)
(0.003719 0.001094 0.008969)
(0.003781 0.001094 0.008969)
(0.003844 0.001094 0.008969)
(0.003906 0.001094 0.008969)
(0.003969 0.001094 0.008969)
(0.002531 0.001156 0.008969)
(0.002594 0.001156 0.008969)
(0.002656 0.001156 0.008969)
(0.002719 0.001156 0.008969)
(0.002781 0.001156 0.008969)
(0.002844 0.001156 0.008969)
(0.002906 0.001156 0.008969)
(0.002969 0.001156 0.008969)
(0.003031 0.001156 0.008969)
(0.003094 0.001156 0.008969)
(0.003156 0.001156 0.008969)
(0.003219 0.001156 0.008969)
(0.003281 0.001156 0.008969)
(0.003344 0.001156 0.008969)
(0.003406 0.001156 0.008969)
(0.003469 0.001156 0.008969)
(0.003531 0.001156 0.008969)
(0.003594 0.001156 0.008969)
(0.003656 0.001156 0.008969)
(0.003719 0.001156 0.008969)
(0.003781 0.001156 0.008969)
(0.003844 0.001156 0.008969)
(0.003906 0.001156 0.008969)
(0.003969 0.001156 0.008969)
(0.002531 0.001219 0.008969)
(0.002594 0.001219 0.008969)
(0.002656 0.001219 0.008969)
(0.002719 0.001219 0.008969)
(0.002781 0.001219 0.008969)
(0.002844 0.001219 0.008969)
(0.002906 0.001219 0.008969)
(0.002969 0.001219 0.008969)
(0.003031 0.001219 0.008969)
(0.003094 0.001219 0.008969)
(0.003156 0.001219 0.008969)
(0.003219 0.001219 0.008969)
(0.003281 0.001219 0.008969)
(0.003344 0.001219 0.008969)
(0.003406 0.001219 0.008969)
(0.003469 0.001219 0.008969)
(0.003531 0.001219 0.008969)
(0.003594 0.001219 0.008969)
(0.003656 0.001219 0.008969)
(0.003719 0.001219 0.008969)
(0.003781 0.001219 0.008969)
(0.003844 0.001219 0.008969)
(0.003906 0.001219 0.008969)
(0.003969 0.001219 0.008969)
(0.002531 0.0005312 0.009031)
(0.002594 0.0005312 0.009031)
(0.002656 0.0005312 0.009031)
(0.002719 0.0005312 0.009031)
(0.002781 0.0005313 0.009031)
(0.002844 0.0005313 0.009031)
(0.002906 0.0005312 0.009031)
(0.002969 0.0005312 0.009031)
(0.003031 0.0005312 0.009031)
(0.003094 0.0005312 0.009031)
(0.003156 0.0005312 0.009031)
(0.003219 0.0005312 0.009031)
(0.003281 0.0005313 0.009031)
(0.003344 0.0005312 0.009031)
(0.003406 0.0005313 0.009031)
(0.003469 0.0005312 0.009031)
(0.003531 0.0005312 0.009031)
(0.003594 0.0005312 0.009031)
(0.003656 0.0005312 0.009031)
(0.003719 0.0005313 0.009031)
(0.003781 0.0005312 0.009031)
(0.003844 0.0005312 0.009031)
(0.003906 0.0005312 0.009031)
(0.003969 0.0005312 0.009031)
(0.002531 0.0005937 0.009031)
(0.002594 0.0005937 0.009031)
(0.002656 0.0005937 0.009031)
(0.002719 0.0005937 0.009031)
(0.002781 0.0005937 0.009031)
(0.002844 0.0005937 0.009031)
(0.002906 0.0005937 0.009031)
(0.002969 0.0005937 0.009031)
(0.003031 0.0005937 0.009031)
(0.003094 0.0005937 0.009031)
(0.003156 0.0005937 0.009031)
(0.003219 0.0005937 0.009031)
(0.003281 0.0005937 0.009031)
(0.003344 0.0005937 0.009031)
(0.003406 0.0005937 0.009031)
(0.003469 0.0005937 0.009031)
(0.003531 0.0005937 0.009031)
(0.003594 0.0005937 0.009031)
(0.003656 0.0005937 0.009031)
(0.003719 0.0005937 0.009031)
(0.003781 0.0005937 0.009031)
(0.003844 0.0005937 0.009031)
(0.003906 0.0005937 0.009031)
(0.003969 0.0005937 0.009031)
(0.002531 0.0006563 0.009031)
(0.002594 0.0006563 0.009031)
(0.002656 0.0006563 0.009031)
(0.002719 0.0006563 0.009031)
(0.002781 0.0006563 0.009031)
(0.002844 0.0006562 0.009031)
(0.002906 0.0006563 0.009031)
(0.002969 0.0006563 0.009031)
(0.003031 0.0006563 0.009031)
(0.003094 0.0006563 0.009031)
(0.003156 0.0006563 0.009031)
(0.003219 0.0006563 0.009031)
(0.003281 0.0006563 0.009031)
(0.003344 0.0006563 0.009031)
(0.003406 0.0006563 0.009031)
(0.003469 0.0006563 0.009031)
(0.003531 0.0006563 0.009031)
(0.003594 0.0006563 0.009031)
(0.003656 0.0006563 0.009031)
(0.003719 0.0006563 0.009031)
(0.003781 0.0006563 0.009031)
(0.003844 0.0006563 0.009031)
(0.003906 0.0006563 0.009031)
(0.003969 0.0006563 0.009031)
(0.002531 0.0007187 0.009031)
(0.002594 0.0007187 0.009031)
(0.002656 0.0007187 0.009031)
(0.002719 0.0007187 0.009031)
(0.002781 0.0007187 0.009031)
(0.002844 0.0007187 0.009031)
(0.002906 0.0007187 0.009031)
(0.002969 0.0007187 0.009031)
(0.003031 0.0007187 0.009031)
(0.003094 0.0007188 0.009031)
(0.003156 0.0007188 0.009031)
(0.003219 0.0007188 0.009031)
(0.003281 0.0007187 0.009031)
(0.003344 0.0007187 0.009031)
(0.003406 0.0007187 0.009031)
(0.003469 0.0007187 0.009031)
(0.003531 0.0007187 0.009031)
(0.003594 0.0007187 0.009031)
(0.003656 0.0007187 0.009031)
(0.003719 0.0007187 0.009031)
(0.003781 0.0007187 0.009031)
(0.003844 0.0007187 0.009031)
(0.003906 0.0007188 0.009031)
(0.003969 0.0007187 0.009031)
(0.002531 0.0007812 0.009031)
(0.002594 0.0007813 0.009031)
(0.002656 0.0007812 0.009031)
(0.002719 0.0007813 0.009031)
(0.002781 0.0007813 0.009031)
(0.002844 0.0007812 0.009031)
(0.002906 0.0007813 0.009031)
(0.002969 0.0007813 0.009031)
(0.003031 0.0007813 0.009031)
(0.003094 0.0007813 0.009031)
(0.003156 0.0007812 0.009031)
(0.003219 0.0007813 0.009031)
(0.003281 0.0007813 0.009031)
(0.003344 0.0007813 0.009031)
(0.003406 0.0007813 0.009031)
(0.003469 0.0007813 0.009031)
(0.003531 0.0007813 0.009031)
(0.003594 0.0007813 0.009031)
(0.003656 0.0007812 0.009031)
(0.003719 0.0007813 0.009031)
(0.003781 0.0007812 0.009031)
(0.003844 0.0007813 0.009031)
(0.003906 0.0007813 0.009031)
(0.003969 0.0007813 0.009031)
(0.002531 0.0008438 0.009031)
(0.002594 0.0008438 0.009031)
(0.002656 0.0008438 0.009031)
(0.002719 0.0008437 0.009031)
(0.002781 0.0008438 0.009031)
(0.002844 0.0008437 0.009031)
(0.002906 0.0008438 0.009031)
(0.002969 0.0008437 0.009031)
(0.003031 0.0008438 0.009031)
(0.003094 0.0008437 0.009031)
(0.003156 0.0008437 0.009031)
(0.003219 0.0008437 0.009031)
(0.003281 0.0008437 0.009031)
(0.003344 0.0008437 0.009031)
(0.003406 0.0008438 0.009031)
(0.003469 0.0008437 0.009031)
(0.003531 0.0008437 0.009031)
(0.003594 0.0008437 0.009031)
(0.003656 0.0008437 0.009031)
(0.003719 0.0008438 0.009031)
(0.003781 0.0008437 0.009031)
(0.003844 0.0008437 0.009031)
(0.003906 0.0008437 0.009031)
(0.003969 0.0008437 0.009031)
(0.002531 0.0009063 0.009031)
(0.002594 0.0009063 0.009031)
(0.002656 0.0009062 0.009031)
(0.002719 0.0009063 0.009031)
(0.002781 0.0009063 0.009031)
(0.002844 0.0009063 0.009031)
(0.002906 0.0009063 0.009031)
(0.002969 0.0009063 0.009031)
(0.003031 0.0009063 0.009031)
(0.003094 0.0009063 0.009031)
(0.003156 0.0009062 0.009031)
(0.003219 0.0009062 0.009031)
(0.003281 0.0009063 0.009031)
(0.003344 0.0009063 0.009031)
(0.003406 0.0009063 0.009031)
(0.003469 0.0009063 0.009031)
(0.003531 0.0009063 0.009031)
(0.003594 0.0009063 0.009031)
(0.003656 0.0009062 0.009031)
(0.003719 0.0009063 0.009031)
(0.003781 0.0009063 0.009031)
(0.003844 0.0009063 0.009031)
(0.003906 0.0009063 0.009031)
(0.003969 0.0009063 0.009031)
(0.002531 0.0009687 0.009031)
(0.002594 0.0009687 0.009031)
(0.002656 0.0009687 0.009031)
(0.002719 0.0009687 0.009031)
(0.002781 0.0009687 0.009031)
(0.002844 0.0009687 0.009031)
(0.002906 0.0009687 0.009031)
(0.002969 0.0009687 0.009031)
(0.003031 0.0009687 0.009031)
(0.003094 0.0009687 0.009031)
(0.003156 0.0009687 0.009031)
(0.003219 0.0009687 0.009031)
(0.003281 0.0009687 0.009031)
(0.003344 0.0009687 0.009031)
(0.003406 0.0009687 0.009031)
(0.003469 0.0009687 0.009031)
(0.003531 0.0009687 0.009031)
(0.003594 0.0009687 0.009031)
(0.003656 0.0009687 0.009031)
(0.003719 0.0009687 0.009031)
(0.003781 0.0009687 0.009031)
(0.003844 0.0009687 0.009031)
(0.003906 0.0009687 0.009031)
(0.003969 0.0009687 0.009031)
(0.002531 0.001031 0.009031)
(0.002594 0.001031 0.009031)
(0.002656 0.001031 0.009031)
(0.002719 0.001031 0.009031)
(0.002781 0.001031 0.009031)
(0.002844 0.001031 0.009031)
(0.002906 0.001031 0.009031)
(0.002969 0.001031 0.009031)
(0.003031 0.001031 0.009031)
(0.003094 0.001031 0.009031)
(0.003156 0.001031 0.009031)
(0.003219 0.001031 0.009031)
(0.003281 0.001031 0.009031)
(0.003344 0.001031 0.009031)
(0.003406 0.001031 0.009031)
(0.003469 0.001031 0.009031)
(0.003531 0.001031 0.009031)
(0.003594 0.001031 0.009031)
(0.003656 0.001031 0.009031)
(0.003719 0.001031 0.009031)
(0.003781 0.001031 0.009031)
(0.003844 0.001031 0.009031)
(0.003906 0.001031 0.009031)
(0.003969 0.001031 0.009031)
(0.002531 0.001094 0.009031)
(0.002594 0.001094 0.009031)
(0.002656 0.001094 0.009031)
(0.002719 0.001094 0.009031)
(0.002781 0.001094 0.009031)
(0.002844 0.001094 0.009031)
(0.002906 0.001094 0.009031)
(0.002969 0.001094 0.009031)
(0.003031 0.001094 0.009031)
(0.003094 0.001094 0.009031)
(0.003156 0.001094 0.009031)
(0.003219 0.001094 0.009031)
(0.003281 0.001094 0.009031)
(0.003344 0.001094 0.009031)
(0.003406 0.001094 0.009031)
(0.003469 0.001094 0.009031)
(0.003531 0.001094 0.009031)
(0.003594 0.001094 0.009031)
(0.003656 0.001094 0.009031)
(0.003719 0.001094 0.009031)
(0.003781 0.001094 0.009031)
(0.003844 0.001094 0.009031)
(0.003906 0.001094 0.009031)
(0.003969 0.001094 0.009031)
(0.002531 0.001156 0.009031)
(0.002594 0.001156 0.009031)
(0.002656 0.001156 0.009031)
(0.002719 0.001156 0.009031)
(0.002781 0.001156 0.009031)
(0.002844 0.001156 0.009031)
(0.002906 0.001156 0.009031)
(0.002969 0.001156 0.009031)
(0.003031 0.001156 0.009031)
(0.003094 0.001156 0.009031)
(0.003156 0.001156 0.009031)
(0.003219 0.001156 0.009031)
(0.003281 0.001156 0.009031)
(0.003344 0.001156 0.009031)
(0.003406 0.001156 0.009031)
(0.003469 0.001156 0.009031)
(0.003531 0.001156 0.009031)
(0.003594 0.001156 0.009031)
(0.003656 0.001156 0.009031)
(0.003719 0.001156 0.009031)
(0.003781 0.001156 0.009031)
(0.003844 0.001156 0.009031)
(0.003906 0.001156 0.009031)
(0.003969 0.001156 0.009031)
(0.002531 0.001219 0.009031)
(0.002594 0.001219 0.009031)
(0.002656 0.001219 0.009031)
(0.002719 0.001219 0.009031)
(0.002781 0.001219 0.009031)
(0.002844 0.001219 0.009031)
(0.002906 0.001219 0.009031)
(0.002969 0.001219 0.009031)
(0.003031 0.001219 0.009031)
(0.003094 0.001219 0.009031)
(0.003156 0.001219 0.009031)
(0.003219 0.001219 0.009031)
(0.003281 0.001219 0.009031)
(0.003344 0.001219 0.009031)
(0.003406 0.001219 0.009031)
(0.003469 0.001219 0.009031)
(0.003531 0.001219 0.009031)
(0.003594 0.001219 0.009031)
(0.003656 0.001219 0.009031)
(0.003719 0.001219 0.009031)
(0.003781 0.001219 0.009031)
(0.003844 0.001219 0.009031)
(0.003906 0.001219 0.009031)
(0.003969 0.001219 0.009031)
(0.002531 0.0005313 0.009094)
(0.002594 0.0005313 0.009094)
(0.002656 0.0005312 0.009094)
(0.002719 0.0005313 0.009094)
(0.002781 0.0005313 0.009094)
(0.002844 0.0005313 0.009094)
(0.002906 0.0005313 0.009094)
(0.002969 0.0005312 0.009094)
(0.003031 0.0005313 0.009094)
(0.003094 0.0005313 0.009094)
(0.003156 0.0005312 0.009094)
(0.003219 0.0005313 0.009094)
(0.003281 0.0005313 0.009094)
(0.003344 0.0005313 0.009094)
(0.003406 0.0005313 0.009094)
(0.003469 0.0005312 0.009094)
(0.003531 0.0005313 0.009094)
(0.003594 0.0005313 0.009094)
(0.003656 0.0005312 0.009094)
(0.003719 0.0005313 0.009094)
(0.003781 0.0005313 0.009094)
(0.003844 0.0005313 0.009094)
(0.003906 0.0005313 0.009094)
(0.003969 0.0005313 0.009094)
(0.002531 0.0005937 0.009094)
(0.002594 0.0005937 0.009094)
(0.002656 0.0005937 0.009094)
(0.002719 0.0005937 0.009094)
(0.002781 0.0005937 0.009094)
(0.002844 0.0005937 0.009094)
(0.002906 0.0005937 0.009094)
(0.002969 0.0005937 0.009094)
(0.003031 0.0005937 0.009094)
(0.003094 0.0005937 0.009094)
(0.003156 0.0005937 0.009094)
(0.003219 0.0005937 0.009094)
(0.003281 0.0005937 0.009094)
(0.003344 0.0005937 0.009094)
(0.003406 0.0005937 0.009094)
(0.003469 0.0005937 0.009094)
(0.003531 0.0005937 0.009094)
(0.003594 0.0005937 0.009094)
(0.003656 0.0005937 0.009094)
(0.003719 0.0005937 0.009094)
(0.003781 0.0005937 0.009094)
(0.003844 0.0005937 0.009094)
(0.003906 0.0005937 0.009094)
(0.003969 0.0005937 0.009094)
(0.002531 0.0006563 0.009094)
(0.002594 0.0006563 0.009094)
(0.002656 0.0006563 0.009094)
(0.002719 0.0006563 0.009094)
(0.002781 0.0006563 0.009094)
(0.002844 0.0006562 0.009094)
(0.002906 0.0006563 0.009094)
(0.002969 0.0006563 0.009094)
(0.003031 0.0006563 0.009094)
(0.003094 0.0006563 0.009094)
(0.003156 0.0006563 0.009094)
(0.003219 0.0006563 0.009094)
(0.003281 0.0006563 0.009094)
(0.003344 0.0006563 0.009094)
(0.003406 0.0006563 0.009094)
(0.003469 0.0006563 0.009094)
(0.003531 0.0006563 0.009094)
(0.003594 0.0006563 0.009094)
(0.003656 0.0006563 0.009094)
(0.003719 0.0006563 0.009094)
(0.003781 0.0006563 0.009094)
(0.003844 0.0006563 0.009094)
(0.003906 0.0006563 0.009094)
(0.003969 0.0006563 0.009094)
(0.002531 0.0007188 0.009094)
(0.002594 0.0007188 0.009094)
(0.002656 0.0007187 0.009094)
(0.002719 0.0007187 0.009094)
(0.002781 0.0007188 0.009094)
(0.002844 0.0007188 0.009094)
(0.002906 0.0007188 0.009094)
(0.002969 0.0007187 0.009094)
(0.003031 0.0007188 0.009094)
(0.003094 0.0007188 0.009094)
(0.003156 0.0007188 0.009094)
(0.003219 0.0007188 0.009094)
(0.003281 0.0007187 0.009094)
(0.003344 0.0007187 0.009094)
(0.003406 0.0007188 0.009094)
(0.003469 0.0007188 0.009094)
(0.003531 0.0007187 0.009094)
(0.003594 0.0007187 0.009094)
(0.003656 0.0007187 0.009094)
(0.003719 0.0007188 0.009094)
(0.003781 0.0007188 0.009094)
(0.003844 0.0007187 0.009094)
(0.003906 0.0007188 0.009094)
(0.003969 0.0007188 0.009094)
(0.002531 0.0007812 0.009094)
(0.002594 0.0007813 0.009094)
(0.002656 0.0007812 0.009094)
(0.002719 0.0007813 0.009094)
(0.002781 0.0007813 0.009094)
(0.002844 0.0007812 0.009094)
(0.002906 0.0007813 0.009094)
(0.002969 0.0007813 0.009094)
(0.003031 0.0007813 0.009094)
(0.003094 0.0007813 0.009094)
(0.003156 0.0007812 0.009094)
(0.003219 0.0007813 0.009094)
(0.003281 0.0007813 0.009094)
(0.003344 0.0007813 0.009094)
(0.003406 0.0007813 0.009094)
(0.003469 0.0007813 0.009094)
(0.003531 0.0007813 0.009094)
(0.003594 0.0007813 0.009094)
(0.003656 0.0007812 0.009094)
(0.003719 0.0007813 0.009094)
(0.003781 0.0007812 0.009094)
(0.003844 0.0007813 0.009094)
(0.003906 0.0007813 0.009094)
(0.003969 0.0007813 0.009094)
(0.002531 0.0008438 0.009094)
(0.002594 0.0008438 0.009094)
(0.002656 0.0008438 0.009094)
(0.002719 0.0008437 0.009094)
(0.002781 0.0008438 0.009094)
(0.002844 0.0008437 0.009094)
(0.002906 0.0008438 0.009094)
(0.002969 0.0008437 0.009094)
(0.003031 0.0008438 0.009094)
(0.003094 0.0008437 0.009094)
(0.003156 0.0008437 0.009094)
(0.003219 0.0008437 0.009094)
(0.003281 0.0008437 0.009094)
(0.003344 0.0008437 0.009094)
(0.003406 0.0008438 0.009094)
(0.003469 0.0008437 0.009094)
(0.003531 0.0008437 0.009094)
(0.003594 0.0008437 0.009094)
(0.003656 0.0008437 0.009094)
(0.003719 0.0008438 0.009094)
(0.003781 0.0008437 0.009094)
(0.003844 0.0008437 0.009094)
(0.003906 0.0008437 0.009094)
(0.003969 0.0008437 0.009094)
(0.002531 0.0009063 0.009094)
(0.002594 0.0009063 0.009094)
(0.002656 0.0009062 0.009094)
(0.002719 0.0009063 0.009094)
(0.002781 0.0009063 0.009094)
(0.002844 0.0009063 0.009094)
(0.002906 0.0009063 0.009094)
(0.002969 0.0009063 0.009094)
(0.003031 0.0009063 0.009094)
(0.003094 0.0009063 0.009094)
(0.003156 0.0009062 0.009094)
(0.003219 0.0009062 0.009094)
(0.003281 0.0009063 0.009094)
(0.003344 0.0009063 0.009094)
(0.003406 0.0009063 0.009094)
(0.003469 0.0009063 0.009094)
(0.003531 0.0009063 0.009094)
(0.003594 0.0009063 0.009094)
(0.003656 0.0009062 0.009094)
(0.003719 0.0009063 0.009094)
(0.003781 0.0009063 0.009094)
(0.003844 0.0009063 0.009094)
(0.003906 0.0009063 0.009094)
(0.003969 0.0009063 0.009094)
(0.002531 0.0009687 0.009094)
(0.002594 0.0009687 0.009094)
(0.002656 0.0009687 0.009094)
(0.002719 0.0009687 0.009094)
(0.002781 0.0009687 0.009094)
(0.002844 0.0009687 0.009094)
(0.002906 0.0009687 0.009094)
(0.002969 0.0009687 0.009094)
(0.003031 0.0009687 0.009094)
(0.003094 0.0009687 0.009094)
(0.003156 0.0009687 0.009094)
(0.003219 0.0009687 0.009094)
(0.003281 0.0009687 0.009094)
(0.003344 0.0009687 0.009094)
(0.003406 0.0009687 0.009094)
(0.003469 0.0009687 0.009094)
(0.003531 0.0009687 0.009094)
(0.003594 0.0009687 0.009094)
(0.003656 0.0009687 0.009094)
(0.003719 0.0009687 0.009094)
(0.003781 0.0009687 0.009094)
(0.003844 0.0009687 0.009094)
(0.003906 0.0009687 0.009094)
(0.003969 0.0009687 0.009094)
(0.002531 0.001031 0.009094)
(0.002594 0.001031 0.009094)
(0.002656 0.001031 0.009094)
(0.002719 0.001031 0.009094)
(0.002781 0.001031 0.009094)
(0.002844 0.001031 0.009094)
(0.002906 0.001031 0.009094)
(0.002969 0.001031 0.009094)
(0.003031 0.001031 0.009094)
(0.003094 0.001031 0.009094)
(0.003156 0.001031 0.009094)
(0.003219 0.001031 0.009094)
(0.003281 0.001031 0.009094)
(0.003344 0.001031 0.009094)
(0.003406 0.001031 0.009094)
(0.003469 0.001031 0.009094)
(0.003531 0.001031 0.009094)
(0.003594 0.001031 0.009094)
(0.003656 0.001031 0.009094)
(0.003719 0.001031 0.009094)
(0.003781 0.001031 0.009094)
(0.003844 0.001031 0.009094)
(0.003906 0.001031 0.009094)
(0.003969 0.001031 0.009094)
(0.002531 0.001094 0.009094)
(0.002594 0.001094 0.009094)
(0.002656 0.001094 0.009094)
(0.002719 0.001094 0.009094)
(0.002781 0.001094 0.009094)
(0.002844 0.001094 0.009094)
(0.002906 0.001094 0.009094)
(0.002969 0.001094 0.009094)
(0.003031 0.001094 0.009094)
(0.003094 0.001094 0.009094)
(0.003156 0.001094 0.009094)
(0.003219 0.001094 0.009094)
(0.003281 0.001094 0.009094)
(0.003344 0.001094 0.009094)
(0.003406 0.001094 0.009094)
(0.003469 0.001094 0.009094)
(0.003531 0.001094 0.009094)
(0.003594 0.001094 0.009094)
(0.003656 0.001094 0.009094)
(0.003719 0.001094 0.009094)
(0.003781 0.001094 0.009094)
(0.003844 0.001094 0.009094)
(0.003906 0.001094 0.009094)
(0.003969 0.001094 0.009094)
(0.002531 0.001156 0.009094)
(0.002594 0.001156 0.009094)
(0.002656 0.001156 0.009094)
(0.002719 0.001156 0.009094)
(0.002781 0.001156 0.009094)
(0.002844 0.001156 0.009094)
(0.002906 0.001156 0.009094)
(0.002969 0.001156 0.009094)
(0.003031 0.001156 0.009094)
(0.003094 0.001156 0.009094)
(0.003156 0.001156 0.009094)
(0.003219 0.001156 0.009094)
(0.003281 0.001156 0.009094)
(0.003344 0.001156 0.009094)
(0.003406 0.001156 0.009094)
(0.003469 0.001156 0.009094)
(0.003531 0.001156 0.009094)
(0.003594 0.001156 0.009094)
(0.003656 0.001156 0.009094)
(0.003719 0.001156 0.009094)
(0.003781 0.001156 0.009094)
(0.003844 0.001156 0.009094)
(0.003906 0.001156 0.009094)
(0.003969 0.001156 0.009094)
(0.002531 0.001219 0.009094)
(0.002594 0.001219 0.009094)
(0.002656 0.001219 0.009094)
(0.002719 0.001219 0.009094)
(0.002781 0.001219 0.009094)
(0.002844 0.001219 0.009094)
(0.002906 0.001219 0.009094)
(0.002969 0.001219 0.009094)
(0.003031 0.001219 0.009094)
(0.003094 0.001219 0.009094)
(0.003156 0.001219 0.009094)
(0.003219 0.001219 0.009094)
(0.003281 0.001219 0.009094)
(0.003344 0.001219 0.009094)
(0.003406 0.001219 0.009094)
(0.003469 0.001219 0.009094)
(0.003531 0.001219 0.009094)
(0.003594 0.001219 0.009094)
(0.003656 0.001219 0.009094)
(0.003719 0.001219 0.009094)
(0.003781 0.001219 0.009094)
(0.003844 0.001219 0.009094)
(0.003906 0.001219 0.009094)
(0.003969 0.001219 0.009094)
(0.002531 0.0005313 0.009156)
(0.002594 0.0005313 0.009156)
(0.002656 0.0005312 0.009156)
(0.002719 0.0005313 0.009156)
(0.002781 0.0005313 0.009156)
(0.002844 0.0005313 0.009156)
(0.002906 0.0005313 0.009156)
(0.002969 0.0005312 0.009156)
(0.003031 0.0005313 0.009156)
(0.003094 0.0005313 0.009156)
(0.003156 0.0005312 0.009156)
(0.003219 0.0005313 0.009156)
(0.003281 0.0005313 0.009156)
(0.003344 0.0005312 0.009156)
(0.003406 0.0005313 0.009156)
(0.003469 0.0005312 0.009156)
(0.003531 0.0005313 0.009156)
(0.003594 0.0005312 0.009156)
(0.003656 0.0005312 0.009156)
(0.003719 0.0005313 0.009156)
(0.003781 0.0005313 0.009156)
(0.003844 0.0005313 0.009156)
(0.003906 0.0005313 0.009156)
(0.003969 0.0005312 0.009156)
(0.002531 0.0005937 0.009156)
(0.002594 0.0005937 0.009156)
(0.002656 0.0005937 0.009156)
(0.002719 0.0005938 0.009156)
(0.002781 0.0005937 0.009156)
(0.002844 0.0005937 0.009156)
(0.002906 0.0005937 0.009156)
(0.002969 0.0005937 0.009156)
(0.003031 0.0005937 0.009156)
(0.003094 0.0005937 0.009156)
(0.003156 0.0005937 0.009156)
(0.003219 0.0005937 0.009156)
(0.003281 0.0005938 0.009156)
(0.003344 0.0005938 0.009156)
(0.003406 0.0005937 0.009156)
(0.003469 0.0005937 0.009156)
(0.003531 0.0005937 0.009156)
(0.003594 0.0005938 0.009156)
(0.003656 0.0005937 0.009156)
(0.003719 0.0005937 0.009156)
(0.003781 0.0005937 0.009156)
(0.003844 0.0005937 0.009156)
(0.003906 0.0005937 0.009156)
(0.003969 0.0005937 0.009156)
(0.002531 0.0006563 0.009156)
(0.002594 0.0006563 0.009156)
(0.002656 0.0006563 0.009156)
(0.002719 0.0006562 0.009156)
(0.002781 0.0006562 0.009156)
(0.002844 0.0006563 0.009156)
(0.002906 0.0006562 0.009156)
(0.002969 0.0006563 0.009156)
(0.003031 0.0006562 0.009156)
(0.003094 0.0006562 0.009156)
(0.003156 0.0006563 0.009156)
(0.003219 0.0006562 0.009156)
(0.003281 0.0006563 0.009156)
(0.003344 0.0006563 0.009156)
(0.003406 0.0006563 0.009156)
(0.003469 0.0006563 0.009156)
(0.003531 0.0006562 0.009156)
(0.003594 0.0006563 0.009156)
(0.003656 0.0006563 0.009156)
(0.003719 0.0006563 0.009156)
(0.003781 0.0006562 0.009156)
(0.003844 0.0006563 0.009156)
(0.003906 0.0006562 0.009156)
(0.003969 0.0006563 0.009156)
(0.002531 0.0007187 0.009156)
(0.002594 0.0007187 0.009156)
(0.002656 0.0007187 0.009156)
(0.002719 0.0007188 0.009156)
(0.002781 0.0007187 0.009156)
(0.002844 0.0007188 0.009156)
(0.002906 0.0007187 0.009156)
(0.002969 0.0007187 0.009156)
(0.003031 0.0007187 0.009156)
(0.003094 0.0007188 0.009156)
(0.003156 0.0007188 0.009156)
(0.003219 0.0007188 0.009156)
(0.003281 0.0007188 0.009156)
(0.003344 0.0007188 0.009156)
(0.003406 0.0007187 0.009156)
(0.003469 0.0007188 0.009156)
(0.003531 0.0007187 0.009156)
(0.003594 0.0007188 0.009156)
(0.003656 0.0007187 0.009156)
(0.003719 0.0007187 0.009156)
(0.003781 0.0007188 0.009156)
(0.003844 0.0007188 0.009156)
(0.003906 0.0007188 0.009156)
(0.003969 0.0007187 0.009156)
(0.002531 0.0007812 0.009156)
(0.002594 0.0007813 0.009156)
(0.002656 0.0007812 0.009156)
(0.002719 0.0007813 0.009156)
(0.002781 0.0007813 0.009156)
(0.002844 0.0007812 0.009156)
(0.002906 0.0007813 0.009156)
(0.002969 0.0007813 0.009156)
(0.003031 0.0007813 0.009156)
(0.003094 0.0007813 0.009156)
(0.003156 0.0007812 0.009156)
(0.003219 0.0007813 0.009156)
(0.003281 0.0007813 0.009156)
(0.003344 0.0007813 0.009156)
(0.003406 0.0007813 0.009156)
(0.003469 0.0007813 0.009156)
(0.003531 0.0007813 0.009156)
(0.003594 0.0007813 0.009156)
(0.003656 0.0007813 0.009156)
(0.003719 0.0007813 0.009156)
(0.003781 0.0007812 0.009156)
(0.003844 0.0007813 0.009156)
(0.003906 0.0007813 0.009156)
(0.003969 0.0007813 0.009156)
(0.002531 0.0008437 0.009156)
(0.002594 0.0008437 0.009156)
(0.002656 0.0008438 0.009156)
(0.002719 0.0008437 0.009156)
(0.002781 0.0008437 0.009156)
(0.002844 0.0008438 0.009156)
(0.002906 0.0008438 0.009156)
(0.002969 0.0008437 0.009156)
(0.003031 0.0008437 0.009156)
(0.003094 0.0008437 0.009156)
(0.003156 0.0008437 0.009156)
(0.003219 0.0008437 0.009156)
(0.003281 0.0008437 0.009156)
(0.003344 0.0008437 0.009156)
(0.003406 0.0008438 0.009156)
(0.003469 0.0008437 0.009156)
(0.003531 0.0008437 0.009156)
(0.003594 0.0008437 0.009156)
(0.003656 0.0008437 0.009156)
(0.003719 0.0008438 0.009156)
(0.003781 0.0008437 0.009156)
(0.003844 0.0008437 0.009156)
(0.003906 0.0008437 0.009156)
(0.003969 0.0008437 0.009156)
(0.002531 0.0009063 0.009156)
(0.002594 0.0009063 0.009156)
(0.002656 0.0009062 0.009156)
(0.002719 0.0009063 0.009156)
(0.002781 0.0009063 0.009156)
(0.002844 0.0009063 0.009156)
(0.002906 0.0009063 0.009156)
(0.002969 0.0009062 0.009156)
(0.003031 0.0009063 0.009156)
(0.003094 0.0009063 0.009156)
(0.003156 0.0009062 0.009156)
(0.003219 0.0009063 0.009156)
(0.003281 0.0009063 0.009156)
(0.003344 0.0009063 0.009156)
(0.003406 0.0009063 0.009156)
(0.003469 0.0009063 0.009156)
(0.003531 0.0009063 0.009156)
(0.003594 0.0009063 0.009156)
(0.003656 0.0009062 0.009156)
(0.003719 0.0009063 0.009156)
(0.003781 0.0009063 0.009156)
(0.003844 0.0009063 0.009156)
(0.003906 0.0009063 0.009156)
(0.003969 0.0009063 0.009156)
(0.002531 0.0009687 0.009156)
(0.002594 0.0009687 0.009156)
(0.002656 0.0009687 0.009156)
(0.002719 0.0009687 0.009156)
(0.002781 0.0009687 0.009156)
(0.002844 0.0009687 0.009156)
(0.002906 0.0009687 0.009156)
(0.002969 0.0009687 0.009156)
(0.003031 0.0009687 0.009156)
(0.003094 0.0009687 0.009156)
(0.003156 0.0009687 0.009156)
(0.003219 0.0009687 0.009156)
(0.003281 0.0009687 0.009156)
(0.003344 0.0009687 0.009156)
(0.003406 0.0009687 0.009156)
(0.003469 0.0009687 0.009156)
(0.003531 0.0009687 0.009156)
(0.003594 0.0009687 0.009156)
(0.003656 0.0009687 0.009156)
(0.003719 0.0009687 0.009156)
(0.003781 0.0009687 0.009156)
(0.003844 0.0009687 0.009156)
(0.003906 0.0009687 0.009156)
(0.003969 0.0009687 0.009156)
(0.002531 0.001031 0.009156)
(0.002594 0.001031 0.009156)
(0.002656 0.001031 0.009156)
(0.002719 0.001031 0.009156)
(0.002781 0.001031 0.009156)
(0.002844 0.001031 0.009156)
(0.002906 0.001031 0.009156)
(0.002969 0.001031 0.009156)
(0.003031 0.001031 0.009156)
(0.003094 0.001031 0.009156)
(0.003156 0.001031 0.009156)
(0.003219 0.001031 0.009156)
(0.003281 0.001031 0.009156)
(0.003344 0.001031 0.009156)
(0.003406 0.001031 0.009156)
(0.003469 0.001031 0.009156)
(0.003531 0.001031 0.009156)
(0.003594 0.001031 0.009156)
(0.003656 0.001031 0.009156)
(0.003719 0.001031 0.009156)
(0.003781 0.001031 0.009156)
(0.003844 0.001031 0.009156)
(0.003906 0.001031 0.009156)
(0.003969 0.001031 0.009156)
(0.002531 0.001094 0.009156)
(0.002594 0.001094 0.009156)
(0.002656 0.001094 0.009156)
(0.002719 0.001094 0.009156)
(0.002781 0.001094 0.009156)
(0.002844 0.001094 0.009156)
(0.002906 0.001094 0.009156)
(0.002969 0.001094 0.009156)
(0.003031 0.001094 0.009156)
(0.003094 0.001094 0.009156)
(0.003156 0.001094 0.009156)
(0.003219 0.001094 0.009156)
(0.003281 0.001094 0.009156)
(0.003344 0.001094 0.009156)
(0.003406 0.001094 0.009156)
(0.003469 0.001094 0.009156)
(0.003531 0.001094 0.009156)
(0.003594 0.001094 0.009156)
(0.003656 0.001094 0.009156)
(0.003719 0.001094 0.009156)
(0.003781 0.001094 0.009156)
(0.003844 0.001094 0.009156)
(0.003906 0.001094 0.009156)
(0.003969 0.001094 0.009156)
(0.002531 0.001156 0.009156)
(0.002594 0.001156 0.009156)
(0.002656 0.001156 0.009156)
(0.002719 0.001156 0.009156)
(0.002781 0.001156 0.009156)
(0.002844 0.001156 0.009156)
(0.002906 0.001156 0.009156)
(0.002969 0.001156 0.009156)
(0.003031 0.001156 0.009156)
(0.003094 0.001156 0.009156)
(0.003156 0.001156 0.009156)
(0.003219 0.001156 0.009156)
(0.003281 0.001156 0.009156)
(0.003344 0.001156 0.009156)
(0.003406 0.001156 0.009156)
(0.003469 0.001156 0.009156)
(0.003531 0.001156 0.009156)
(0.003594 0.001156 0.009156)
(0.003656 0.001156 0.009156)
(0.003719 0.001156 0.009156)
(0.003781 0.001156 0.009156)
(0.003844 0.001156 0.009156)
(0.003906 0.001156 0.009156)
(0.003969 0.001156 0.009156)
(0.002531 0.001219 0.009156)
(0.002594 0.001219 0.009156)
(0.002656 0.001219 0.009156)
(0.002719 0.001219 0.009156)
(0.002781 0.001219 0.009156)
(0.002844 0.001219 0.009156)
(0.002906 0.001219 0.009156)
(0.002969 0.001219 0.009156)
(0.003031 0.001219 0.009156)
(0.003094 0.001219 0.009156)
(0.003156 0.001219 0.009156)
(0.003219 0.001219 0.009156)
(0.003281 0.001219 0.009156)
(0.003344 0.001219 0.009156)
(0.003406 0.001219 0.009156)
(0.003469 0.001219 0.009156)
(0.003531 0.001219 0.009156)
(0.003594 0.001219 0.009156)
(0.003656 0.001219 0.009156)
(0.003719 0.001219 0.009156)
(0.003781 0.001219 0.009156)
(0.003844 0.001219 0.009156)
(0.003906 0.001219 0.009156)
(0.003969 0.001219 0.009156)
(0.002531 0.0005313 0.009219)
(0.002594 0.0005313 0.009219)
(0.002656 0.0005312 0.009219)
(0.002719 0.0005313 0.009219)
(0.002781 0.0005313 0.009219)
(0.002844 0.0005313 0.009219)
(0.002906 0.0005313 0.009219)
(0.002969 0.0005312 0.009219)
(0.003031 0.0005313 0.009219)
(0.003094 0.0005313 0.009219)
(0.003156 0.0005312 0.009219)
(0.003219 0.0005313 0.009219)
(0.003281 0.0005313 0.009219)
(0.003344 0.0005313 0.009219)
(0.003406 0.0005313 0.009219)
(0.003469 0.0005312 0.009219)
(0.003531 0.0005313 0.009219)
(0.003594 0.0005313 0.009219)
(0.003656 0.0005312 0.009219)
(0.003719 0.0005313 0.009219)
(0.003781 0.0005313 0.009219)
(0.003844 0.0005313 0.009219)
(0.003906 0.0005313 0.009219)
(0.003969 0.0005313 0.009219)
(0.002531 0.0005937 0.009219)
(0.002594 0.0005937 0.009219)
(0.002656 0.0005937 0.009219)
(0.002719 0.0005937 0.009219)
(0.002781 0.0005937 0.009219)
(0.002844 0.0005937 0.009219)
(0.002906 0.0005937 0.009219)
(0.002969 0.0005937 0.009219)
(0.003031 0.0005937 0.009219)
(0.003094 0.0005937 0.009219)
(0.003156 0.0005937 0.009219)
(0.003219 0.0005937 0.009219)
(0.003281 0.0005937 0.009219)
(0.003344 0.0005937 0.009219)
(0.003406 0.0005937 0.009219)
(0.003469 0.0005937 0.009219)
(0.003531 0.0005937 0.009219)
(0.003594 0.0005937 0.009219)
(0.003656 0.0005937 0.009219)
(0.003719 0.0005937 0.009219)
(0.003781 0.0005937 0.009219)
(0.003844 0.0005937 0.009219)
(0.003906 0.0005937 0.009219)
(0.003969 0.0005937 0.009219)
(0.002531 0.0006563 0.009219)
(0.002594 0.0006563 0.009219)
(0.002656 0.0006563 0.009219)
(0.002719 0.0006563 0.009219)
(0.002781 0.0006563 0.009219)
(0.002844 0.0006562 0.009219)
(0.002906 0.0006563 0.009219)
(0.002969 0.0006563 0.009219)
(0.003031 0.0006563 0.009219)
(0.003094 0.0006563 0.009219)
(0.003156 0.0006563 0.009219)
(0.003219 0.0006563 0.009219)
(0.003281 0.0006563 0.009219)
(0.003344 0.0006563 0.009219)
(0.003406 0.0006563 0.009219)
(0.003469 0.0006563 0.009219)
(0.003531 0.0006563 0.009219)
(0.003594 0.0006563 0.009219)
(0.003656 0.0006563 0.009219)
(0.003719 0.0006563 0.009219)
(0.003781 0.0006563 0.009219)
(0.003844 0.0006563 0.009219)
(0.003906 0.0006563 0.009219)
(0.003969 0.0006563 0.009219)
(0.002531 0.0007187 0.009219)
(0.002594 0.0007187 0.009219)
(0.002656 0.0007187 0.009219)
(0.002719 0.0007187 0.009219)
(0.002781 0.0007187 0.009219)
(0.002844 0.0007187 0.009219)
(0.002906 0.0007187 0.009219)
(0.002969 0.0007187 0.009219)
(0.003031 0.0007187 0.009219)
(0.003094 0.0007188 0.009219)
(0.003156 0.0007188 0.009219)
(0.003219 0.0007188 0.009219)
(0.003281 0.0007187 0.009219)
(0.003344 0.0007187 0.009219)
(0.003406 0.0007187 0.009219)
(0.003469 0.0007187 0.009219)
(0.003531 0.0007187 0.009219)
(0.003594 0.0007187 0.009219)
(0.003656 0.0007187 0.009219)
(0.003719 0.0007187 0.009219)
(0.003781 0.0007187 0.009219)
(0.003844 0.0007187 0.009219)
(0.003906 0.0007188 0.009219)
(0.003969 0.0007187 0.009219)
(0.002531 0.0007812 0.009219)
(0.002594 0.0007813 0.009219)
(0.002656 0.0007812 0.009219)
(0.002719 0.0007813 0.009219)
(0.002781 0.0007813 0.009219)
(0.002844 0.0007812 0.009219)
(0.002906 0.0007813 0.009219)
(0.002969 0.0007813 0.009219)
(0.003031 0.0007813 0.009219)
(0.003094 0.0007813 0.009219)
(0.003156 0.0007812 0.009219)
(0.003219 0.0007813 0.009219)
(0.003281 0.0007813 0.009219)
(0.003344 0.0007813 0.009219)
(0.003406 0.0007813 0.009219)
(0.003469 0.0007813 0.009219)
(0.003531 0.0007813 0.009219)
(0.003594 0.0007813 0.009219)
(0.003656 0.0007812 0.009219)
(0.003719 0.0007813 0.009219)
(0.003781 0.0007812 0.009219)
(0.003844 0.0007813 0.009219)
(0.003906 0.0007813 0.009219)
(0.003969 0.0007813 0.009219)
(0.002531 0.0008438 0.009219)
(0.002594 0.0008438 0.009219)
(0.002656 0.0008438 0.009219)
(0.002719 0.0008437 0.009219)
(0.002781 0.0008438 0.009219)
(0.002844 0.0008437 0.009219)
(0.002906 0.0008438 0.009219)
(0.002969 0.0008437 0.009219)
(0.003031 0.0008438 0.009219)
(0.003094 0.0008437 0.009219)
(0.003156 0.0008437 0.009219)
(0.003219 0.0008437 0.009219)
(0.003281 0.0008437 0.009219)
(0.003344 0.0008437 0.009219)
(0.003406 0.0008438 0.009219)
(0.003469 0.0008437 0.009219)
(0.003531 0.0008437 0.009219)
(0.003594 0.0008437 0.009219)
(0.003656 0.0008437 0.009219)
(0.003719 0.0008438 0.009219)
(0.003781 0.0008437 0.009219)
(0.003844 0.0008437 0.009219)
(0.003906 0.0008437 0.009219)
(0.003969 0.0008437 0.009219)
(0.002531 0.0009063 0.009219)
(0.002594 0.0009063 0.009219)
(0.002656 0.0009062 0.009219)
(0.002719 0.0009063 0.009219)
(0.002781 0.0009063 0.009219)
(0.002844 0.0009063 0.009219)
(0.002906 0.0009063 0.009219)
(0.002969 0.0009063 0.009219)
(0.003031 0.0009063 0.009219)
(0.003094 0.0009063 0.009219)
(0.003156 0.0009062 0.009219)
(0.003219 0.0009062 0.009219)
(0.003281 0.0009063 0.009219)
(0.003344 0.0009063 0.009219)
(0.003406 0.0009063 0.009219)
(0.003469 0.0009063 0.009219)
(0.003531 0.0009063 0.009219)
(0.003594 0.0009063 0.009219)
(0.003656 0.0009062 0.009219)
(0.003719 0.0009063 0.009219)
(0.003781 0.0009063 0.009219)
(0.003844 0.0009063 0.009219)
(0.003906 0.0009063 0.009219)
(0.003969 0.0009063 0.009219)
(0.002531 0.0009688 0.009219)
(0.002594 0.0009688 0.009219)
(0.002656 0.0009687 0.009219)
(0.002719 0.0009687 0.009219)
(0.002781 0.0009688 0.009219)
(0.002844 0.0009687 0.009219)
(0.002906 0.0009687 0.009219)
(0.002969 0.0009687 0.009219)
(0.003031 0.0009688 0.009219)
(0.003094 0.0009687 0.009219)
(0.003156 0.0009687 0.009219)
(0.003219 0.0009687 0.009219)
(0.003281 0.0009687 0.009219)
(0.003344 0.0009687 0.009219)
(0.003406 0.0009687 0.009219)
(0.003469 0.0009687 0.009219)
(0.003531 0.0009687 0.009219)
(0.003594 0.0009687 0.009219)
(0.003656 0.0009687 0.009219)
(0.003719 0.0009687 0.009219)
(0.003781 0.0009687 0.009219)
(0.003844 0.0009687 0.009219)
(0.003906 0.0009687 0.009219)
(0.003969 0.0009687 0.009219)
(0.002531 0.001031 0.009219)
(0.002594 0.001031 0.009219)
(0.002656 0.001031 0.009219)
(0.002719 0.001031 0.009219)
(0.002781 0.001031 0.009219)
(0.002844 0.001031 0.009219)
(0.002906 0.001031 0.009219)
(0.002969 0.001031 0.009219)
(0.003031 0.001031 0.009219)
(0.003094 0.001031 0.009219)
(0.003156 0.001031 0.009219)
(0.003219 0.001031 0.009219)
(0.003281 0.001031 0.009219)
(0.003344 0.001031 0.009219)
(0.003406 0.001031 0.009219)
(0.003469 0.001031 0.009219)
(0.003531 0.001031 0.009219)
(0.003594 0.001031 0.009219)
(0.003656 0.001031 0.009219)
(0.003719 0.001031 0.009219)
(0.003781 0.001031 0.009219)
(0.003844 0.001031 0.009219)
(0.003906 0.001031 0.009219)
(0.003969 0.001031 0.009219)
(0.002531 0.001094 0.009219)
(0.002594 0.001094 0.009219)
(0.002656 0.001094 0.009219)
(0.002719 0.001094 0.009219)
(0.002781 0.001094 0.009219)
(0.002844 0.001094 0.009219)
(0.002906 0.001094 0.009219)
(0.002969 0.001094 0.009219)
(0.003031 0.001094 0.009219)
(0.003094 0.001094 0.009219)
(0.003156 0.001094 0.009219)
(0.003219 0.001094 0.009219)
(0.003281 0.001094 0.009219)
(0.003344 0.001094 0.009219)
(0.003406 0.001094 0.009219)
(0.003469 0.001094 0.009219)
(0.003531 0.001094 0.009219)
(0.003594 0.001094 0.009219)
(0.003656 0.001094 0.009219)
(0.003719 0.001094 0.009219)
(0.003781 0.001094 0.009219)
(0.003844 0.001094 0.009219)
(0.003906 0.001094 0.009219)
(0.003969 0.001094 0.009219)
(0.002531 0.001156 0.009219)
(0.002594 0.001156 0.009219)
(0.002656 0.001156 0.009219)
(0.002719 0.001156 0.009219)
(0.002781 0.001156 0.009219)
(0.002844 0.001156 0.009219)
(0.002906 0.001156 0.009219)
(0.002969 0.001156 0.009219)
(0.003031 0.001156 0.009219)
(0.003094 0.001156 0.009219)
(0.003156 0.001156 0.009219)
(0.003219 0.001156 0.009219)
(0.003281 0.001156 0.009219)
(0.003344 0.001156 0.009219)
(0.003406 0.001156 0.009219)
(0.003469 0.001156 0.009219)
(0.003531 0.001156 0.009219)
(0.003594 0.001156 0.009219)
(0.003656 0.001156 0.009219)
(0.003719 0.001156 0.009219)
(0.003781 0.001156 0.009219)
(0.003844 0.001156 0.009219)
(0.003906 0.001156 0.009219)
(0.003969 0.001156 0.009219)
(0.002531 0.001219 0.009219)
(0.002594 0.001219 0.009219)
(0.002656 0.001219 0.009219)
(0.002719 0.001219 0.009219)
(0.002781 0.001219 0.009219)
(0.002844 0.001219 0.009219)
(0.002906 0.001219 0.009219)
(0.002969 0.001219 0.009219)
(0.003031 0.001219 0.009219)
(0.003094 0.001219 0.009219)
(0.003156 0.001219 0.009219)
(0.003219 0.001219 0.009219)
(0.003281 0.001219 0.009219)
(0.003344 0.001219 0.009219)
(0.003406 0.001219 0.009219)
(0.003469 0.001219 0.009219)
(0.003531 0.001219 0.009219)
(0.003594 0.001219 0.009219)
(0.003656 0.001219 0.009219)
(0.003719 0.001219 0.009219)
(0.003781 0.001219 0.009219)
(0.003844 0.001219 0.009219)
(0.003906 0.001219 0.009219)
(0.003969 0.001219 0.009219)
(0.002531 0.0005313 0.009281)
(0.002594 0.0005313 0.009281)
(0.002656 0.0005312 0.009281)
(0.002719 0.0005313 0.009281)
(0.002781 0.0005313 0.009281)
(0.002844 0.0005313 0.009281)
(0.002906 0.0005313 0.009281)
(0.002969 0.0005312 0.009281)
(0.003031 0.0005313 0.009281)
(0.003094 0.0005313 0.009281)
(0.003156 0.0005312 0.009281)
(0.003219 0.0005313 0.009281)
(0.003281 0.0005313 0.009281)
(0.003344 0.0005312 0.009281)
(0.003406 0.0005313 0.009281)
(0.003469 0.0005312 0.009281)
(0.003531 0.0005313 0.009281)
(0.003594 0.0005312 0.009281)
(0.003656 0.0005312 0.009281)
(0.003719 0.0005313 0.009281)
(0.003781 0.0005313 0.009281)
(0.003844 0.0005313 0.009281)
(0.003906 0.0005313 0.009281)
(0.003969 0.0005312 0.009281)
(0.002531 0.0005937 0.009281)
(0.002594 0.0005937 0.009281)
(0.002656 0.0005937 0.009281)
(0.002719 0.0005937 0.009281)
(0.002781 0.0005937 0.009281)
(0.002844 0.0005937 0.009281)
(0.002906 0.0005937 0.009281)
(0.002969 0.0005937 0.009281)
(0.003031 0.0005937 0.009281)
(0.003094 0.0005937 0.009281)
(0.003156 0.0005937 0.009281)
(0.003219 0.0005937 0.009281)
(0.003281 0.0005937 0.009281)
(0.003344 0.0005937 0.009281)
(0.003406 0.0005937 0.009281)
(0.003469 0.0005937 0.009281)
(0.003531 0.0005937 0.009281)
(0.003594 0.0005937 0.009281)
(0.003656 0.0005937 0.009281)
(0.003719 0.0005937 0.009281)
(0.003781 0.0005937 0.009281)
(0.003844 0.0005937 0.009281)
(0.003906 0.0005937 0.009281)
(0.003969 0.0005937 0.009281)
(0.002531 0.0006563 0.009281)
(0.002594 0.0006563 0.009281)
(0.002656 0.0006563 0.009281)
(0.002719 0.0006562 0.009281)
(0.002781 0.0006562 0.009281)
(0.002844 0.0006563 0.009281)
(0.002906 0.0006562 0.009281)
(0.002969 0.0006563 0.009281)
(0.003031 0.0006562 0.009281)
(0.003094 0.0006562 0.009281)
(0.003156 0.0006563 0.009281)
(0.003219 0.0006562 0.009281)
(0.003281 0.0006563 0.009281)
(0.003344 0.0006563 0.009281)
(0.003406 0.0006563 0.009281)
(0.003469 0.0006563 0.009281)
(0.003531 0.0006562 0.009281)
(0.003594 0.0006563 0.009281)
(0.003656 0.0006563 0.009281)
(0.003719 0.0006563 0.009281)
(0.003781 0.0006562 0.009281)
(0.003844 0.0006563 0.009281)
(0.003906 0.0006562 0.009281)
(0.003969 0.0006563 0.009281)
(0.002531 0.0007188 0.009281)
(0.002594 0.0007188 0.009281)
(0.002656 0.0007187 0.009281)
(0.002719 0.0007187 0.009281)
(0.002781 0.0007188 0.009281)
(0.002844 0.0007187 0.009281)
(0.002906 0.0007187 0.009281)
(0.002969 0.0007187 0.009281)
(0.003031 0.0007188 0.009281)
(0.003094 0.0007188 0.009281)
(0.003156 0.0007188 0.009281)
(0.003219 0.0007188 0.009281)
(0.003281 0.0007187 0.009281)
(0.003344 0.0007187 0.009281)
(0.003406 0.0007187 0.009281)
(0.003469 0.0007187 0.009281)
(0.003531 0.0007187 0.009281)
(0.003594 0.0007187 0.009281)
(0.003656 0.0007187 0.009281)
(0.003719 0.0007187 0.009281)
(0.003781 0.0007187 0.009281)
(0.003844 0.0007187 0.009281)
(0.003906 0.0007188 0.009281)
(0.003969 0.0007188 0.009281)
(0.002531 0.0007813 0.009281)
(0.002594 0.0007813 0.009281)
(0.002656 0.0007812 0.009281)
(0.002719 0.0007813 0.009281)
(0.002781 0.0007813 0.009281)
(0.002844 0.0007812 0.009281)
(0.002906 0.0007813 0.009281)
(0.002969 0.0007813 0.009281)
(0.003031 0.0007813 0.009281)
(0.003094 0.0007813 0.009281)
(0.003156 0.0007812 0.009281)
(0.003219 0.0007813 0.009281)
(0.003281 0.0007813 0.009281)
(0.003344 0.0007812 0.009281)
(0.003406 0.0007813 0.009281)
(0.003469 0.0007813 0.009281)
(0.003531 0.0007813 0.009281)
(0.003594 0.0007812 0.009281)
(0.003656 0.0007812 0.009281)
(0.003719 0.0007813 0.009281)
(0.003781 0.0007813 0.009281)
(0.003844 0.0007813 0.009281)
(0.003906 0.0007813 0.009281)
(0.003969 0.0007813 0.009281)
(0.002531 0.0008438 0.009281)
(0.002594 0.0008438 0.009281)
(0.002656 0.0008438 0.009281)
(0.002719 0.0008437 0.009281)
(0.002781 0.0008438 0.009281)
(0.002844 0.0008437 0.009281)
(0.002906 0.0008438 0.009281)
(0.002969 0.0008437 0.009281)
(0.003031 0.0008438 0.009281)
(0.003094 0.0008437 0.009281)
(0.003156 0.0008437 0.009281)
(0.003219 0.0008437 0.009281)
(0.003281 0.0008437 0.009281)
(0.003344 0.0008437 0.009281)
(0.003406 0.0008438 0.009281)
(0.003469 0.0008437 0.009281)
(0.003531 0.0008437 0.009281)
(0.003594 0.0008437 0.009281)
(0.003656 0.0008437 0.009281)
(0.003719 0.0008438 0.009281)
(0.003781 0.0008437 0.009281)
(0.003844 0.0008437 0.009281)
(0.003906 0.0008437 0.009281)
(0.003969 0.0008437 0.009281)
(0.002531 0.0009062 0.009281)
(0.002594 0.0009062 0.009281)
(0.002656 0.0009062 0.009281)
(0.002719 0.0009063 0.009281)
(0.002781 0.0009062 0.009281)
(0.002844 0.0009062 0.009281)
(0.002906 0.0009062 0.009281)
(0.002969 0.0009062 0.009281)
(0.003031 0.0009063 0.009281)
(0.003094 0.0009063 0.009281)
(0.003156 0.0009062 0.009281)
(0.003219 0.0009062 0.009281)
(0.003281 0.0009062 0.009281)
(0.003344 0.0009062 0.009281)
(0.003406 0.0009062 0.009281)
(0.003469 0.0009062 0.009281)
(0.003531 0.0009063 0.009281)
(0.003594 0.0009062 0.009281)
(0.003656 0.0009062 0.009281)
(0.003719 0.0009062 0.009281)
(0.003781 0.0009062 0.009281)
(0.003844 0.0009062 0.009281)
(0.003906 0.0009063 0.009281)
(0.003969 0.0009063 0.009281)
(0.002531 0.0009688 0.009281)
(0.002594 0.0009688 0.009281)
(0.002656 0.0009687 0.009281)
(0.002719 0.0009687 0.009281)
(0.002781 0.0009688 0.009281)
(0.002844 0.0009687 0.009281)
(0.002906 0.0009687 0.009281)
(0.002969 0.0009687 0.009281)
(0.003031 0.0009688 0.009281)
(0.003094 0.0009687 0.009281)
(0.003156 0.0009687 0.009281)
(0.003219 0.0009687 0.009281)
(0.003281 0.0009687 0.009281)
(0.003344 0.0009687 0.009281)
(0.003406 0.0009687 0.009281)
(0.003469 0.0009687 0.009281)
(0.003531 0.0009687 0.009281)
(0.003594 0.0009687 0.009281)
(0.003656 0.0009687 0.009281)
(0.003719 0.0009687 0.009281)
(0.003781 0.0009687 0.009281)
(0.003844 0.0009687 0.009281)
(0.003906 0.0009687 0.009281)
(0.003969 0.0009687 0.009281)
(0.002531 0.001031 0.009281)
(0.002594 0.001031 0.009281)
(0.002656 0.001031 0.009281)
(0.002719 0.001031 0.009281)
(0.002781 0.001031 0.009281)
(0.002844 0.001031 0.009281)
(0.002906 0.001031 0.009281)
(0.002969 0.001031 0.009281)
(0.003031 0.001031 0.009281)
(0.003094 0.001031 0.009281)
(0.003156 0.001031 0.009281)
(0.003219 0.001031 0.009281)
(0.003281 0.001031 0.009281)
(0.003344 0.001031 0.009281)
(0.003406 0.001031 0.009281)
(0.003469 0.001031 0.009281)
(0.003531 0.001031 0.009281)
(0.003594 0.001031 0.009281)
(0.003656 0.001031 0.009281)
(0.003719 0.001031 0.009281)
(0.003781 0.001031 0.009281)
(0.003844 0.001031 0.009281)
(0.003906 0.001031 0.009281)
(0.003969 0.001031 0.009281)
(0.002531 0.001094 0.009281)
(0.002594 0.001094 0.009281)
(0.002656 0.001094 0.009281)
(0.002719 0.001094 0.009281)
(0.002781 0.001094 0.009281)
(0.002844 0.001094 0.009281)
(0.002906 0.001094 0.009281)
(0.002969 0.001094 0.009281)
(0.003031 0.001094 0.009281)
(0.003094 0.001094 0.009281)
(0.003156 0.001094 0.009281)
(0.003219 0.001094 0.009281)
(0.003281 0.001094 0.009281)
(0.003344 0.001094 0.009281)
(0.003406 0.001094 0.009281)
(0.003469 0.001094 0.009281)
(0.003531 0.001094 0.009281)
(0.003594 0.001094 0.009281)
(0.003656 0.001094 0.009281)
(0.003719 0.001094 0.009281)
(0.003781 0.001094 0.009281)
(0.003844 0.001094 0.009281)
(0.003906 0.001094 0.009281)
(0.003969 0.001094 0.009281)
(0.002531 0.001156 0.009281)
(0.002594 0.001156 0.009281)
(0.002656 0.001156 0.009281)
(0.002719 0.001156 0.009281)
(0.002781 0.001156 0.009281)
(0.002844 0.001156 0.009281)
(0.002906 0.001156 0.009281)
(0.002969 0.001156 0.009281)
(0.003031 0.001156 0.009281)
(0.003094 0.001156 0.009281)
(0.003156 0.001156 0.009281)
(0.003219 0.001156 0.009281)
(0.003281 0.001156 0.009281)
(0.003344 0.001156 0.009281)
(0.003406 0.001156 0.009281)
(0.003469 0.001156 0.009281)
(0.003531 0.001156 0.009281)
(0.003594 0.001156 0.009281)
(0.003656 0.001156 0.009281)
(0.003719 0.001156 0.009281)
(0.003781 0.001156 0.009281)
(0.003844 0.001156 0.009281)
(0.003906 0.001156 0.009281)
(0.003969 0.001156 0.009281)
(0.002531 0.001219 0.009281)
(0.002594 0.001219 0.009281)
(0.002656 0.001219 0.009281)
(0.002719 0.001219 0.009281)
(0.002781 0.001219 0.009281)
(0.002844 0.001219 0.009281)
(0.002906 0.001219 0.009281)
(0.002969 0.001219 0.009281)
(0.003031 0.001219 0.009281)
(0.003094 0.001219 0.009281)
(0.003156 0.001219 0.009281)
(0.003219 0.001219 0.009281)
(0.003281 0.001219 0.009281)
(0.003344 0.001219 0.009281)
(0.003406 0.001219 0.009281)
(0.003469 0.001219 0.009281)
(0.003531 0.001219 0.009281)
(0.003594 0.001219 0.009281)
(0.003656 0.001219 0.009281)
(0.003719 0.001219 0.009281)
(0.003781 0.001219 0.009281)
(0.003844 0.001219 0.009281)
(0.003906 0.001219 0.009281)
(0.003969 0.001219 0.009281)
(0.002531 0.0005313 0.009344)
(0.002594 0.0005313 0.009344)
(0.002656 0.0005312 0.009344)
(0.002719 0.0005313 0.009344)
(0.002781 0.0005313 0.009344)
(0.002844 0.0005313 0.009344)
(0.002906 0.0005313 0.009344)
(0.002969 0.0005312 0.009344)
(0.003031 0.0005313 0.009344)
(0.003094 0.0005313 0.009344)
(0.003156 0.0005312 0.009344)
(0.003219 0.0005313 0.009344)
(0.003281 0.0005313 0.009344)
(0.003344 0.0005313 0.009344)
(0.003406 0.0005313 0.009344)
(0.003469 0.0005312 0.009344)
(0.003531 0.0005313 0.009344)
(0.003594 0.0005313 0.009344)
(0.003656 0.0005312 0.009344)
(0.003719 0.0005313 0.009344)
(0.003781 0.0005313 0.009344)
(0.003844 0.0005313 0.009344)
(0.003906 0.0005313 0.009344)
(0.003969 0.0005313 0.009344)
(0.002531 0.0005937 0.009344)
(0.002594 0.0005937 0.009344)
(0.002656 0.0005937 0.009344)
(0.002719 0.0005938 0.009344)
(0.002781 0.0005937 0.009344)
(0.002844 0.0005937 0.009344)
(0.002906 0.0005937 0.009344)
(0.002969 0.0005937 0.009344)
(0.003031 0.0005937 0.009344)
(0.003094 0.0005937 0.009344)
(0.003156 0.0005937 0.009344)
(0.003219 0.0005937 0.009344)
(0.003281 0.0005938 0.009344)
(0.003344 0.0005938 0.009344)
(0.003406 0.0005937 0.009344)
(0.003469 0.0005937 0.009344)
(0.003531 0.0005937 0.009344)
(0.003594 0.0005938 0.009344)
(0.003656 0.0005937 0.009344)
(0.003719 0.0005937 0.009344)
(0.003781 0.0005937 0.009344)
(0.003844 0.0005937 0.009344)
(0.003906 0.0005937 0.009344)
(0.003969 0.0005937 0.009344)
(0.002531 0.0006563 0.009344)
(0.002594 0.0006563 0.009344)
(0.002656 0.0006563 0.009344)
(0.002719 0.0006563 0.009344)
(0.002781 0.0006563 0.009344)
(0.002844 0.0006562 0.009344)
(0.002906 0.0006563 0.009344)
(0.002969 0.0006563 0.009344)
(0.003031 0.0006563 0.009344)
(0.003094 0.0006563 0.009344)
(0.003156 0.0006563 0.009344)
(0.003219 0.0006563 0.009344)
(0.003281 0.0006563 0.009344)
(0.003344 0.0006563 0.009344)
(0.003406 0.0006563 0.009344)
(0.003469 0.0006563 0.009344)
(0.003531 0.0006563 0.009344)
(0.003594 0.0006563 0.009344)
(0.003656 0.0006563 0.009344)
(0.003719 0.0006563 0.009344)
(0.003781 0.0006563 0.009344)
(0.003844 0.0006563 0.009344)
(0.003906 0.0006563 0.009344)
(0.003969 0.0006563 0.009344)
(0.002531 0.0007187 0.009344)
(0.002594 0.0007187 0.009344)
(0.002656 0.0007187 0.009344)
(0.002719 0.0007188 0.009344)
(0.002781 0.0007187 0.009344)
(0.002844 0.0007188 0.009344)
(0.002906 0.0007187 0.009344)
(0.002969 0.0007187 0.009344)
(0.003031 0.0007187 0.009344)
(0.003094 0.0007188 0.009344)
(0.003156 0.0007188 0.009344)
(0.003219 0.0007188 0.009344)
(0.003281 0.0007188 0.009344)
(0.003344 0.0007188 0.009344)
(0.003406 0.0007187 0.009344)
(0.003469 0.0007188 0.009344)
(0.003531 0.0007187 0.009344)
(0.003594 0.0007188 0.009344)
(0.003656 0.0007187 0.009344)
(0.003719 0.0007187 0.009344)
(0.003781 0.0007188 0.009344)
(0.003844 0.0007188 0.009344)
(0.003906 0.0007188 0.009344)
(0.003969 0.0007187 0.009344)
(0.002531 0.0007812 0.009344)
(0.002594 0.0007813 0.009344)
(0.002656 0.0007812 0.009344)
(0.002719 0.0007813 0.009344)
(0.002781 0.0007813 0.009344)
(0.002844 0.0007812 0.009344)
(0.002906 0.0007813 0.009344)
(0.002969 0.0007813 0.009344)
(0.003031 0.0007813 0.009344)
(0.003094 0.0007813 0.009344)
(0.003156 0.0007812 0.009344)
(0.003219 0.0007813 0.009344)
(0.003281 0.0007813 0.009344)
(0.003344 0.0007813 0.009344)
(0.003406 0.0007813 0.009344)
(0.003469 0.0007813 0.009344)
(0.003531 0.0007813 0.009344)
(0.003594 0.0007813 0.009344)
(0.003656 0.0007812 0.009344)
(0.003719 0.0007813 0.009344)
(0.003781 0.0007812 0.009344)
(0.003844 0.0007813 0.009344)
(0.003906 0.0007813 0.009344)
(0.003969 0.0007813 0.009344)
(0.002531 0.0008437 0.009344)
(0.002594 0.0008437 0.009344)
(0.002656 0.0008438 0.009344)
(0.002719 0.0008437 0.009344)
(0.002781 0.0008437 0.009344)
(0.002844 0.0008438 0.009344)
(0.002906 0.0008438 0.009344)
(0.002969 0.0008437 0.009344)
(0.003031 0.0008437 0.009344)
(0.003094 0.0008437 0.009344)
(0.003156 0.0008437 0.009344)
(0.003219 0.0008437 0.009344)
(0.003281 0.0008437 0.009344)
(0.003344 0.0008437 0.009344)
(0.003406 0.0008438 0.009344)
(0.003469 0.0008437 0.009344)
(0.003531 0.0008437 0.009344)
(0.003594 0.0008437 0.009344)
(0.003656 0.0008437 0.009344)
(0.003719 0.0008438 0.009344)
(0.003781 0.0008437 0.009344)
(0.003844 0.0008437 0.009344)
(0.003906 0.0008437 0.009344)
(0.003969 0.0008437 0.009344)
(0.002531 0.0009063 0.009344)
(0.002594 0.0009063 0.009344)
(0.002656 0.0009062 0.009344)
(0.002719 0.0009063 0.009344)
(0.002781 0.0009063 0.009344)
(0.002844 0.0009062 0.009344)
(0.002906 0.0009063 0.009344)
(0.002969 0.0009063 0.009344)
(0.003031 0.0009063 0.009344)
(0.003094 0.0009063 0.009344)
(0.003156 0.0009062 0.009344)
(0.003219 0.0009062 0.009344)
(0.003281 0.0009063 0.009344)
(0.003344 0.0009062 0.009344)
(0.003406 0.0009063 0.009344)
(0.003469 0.0009063 0.009344)
(0.003531 0.0009063 0.009344)
(0.003594 0.0009063 0.009344)
(0.003656 0.0009062 0.009344)
(0.003719 0.0009063 0.009344)
(0.003781 0.0009063 0.009344)
(0.003844 0.0009063 0.009344)
(0.003906 0.0009063 0.009344)
(0.003969 0.0009063 0.009344)
(0.002531 0.0009687 0.009344)
(0.002594 0.0009687 0.009344)
(0.002656 0.0009687 0.009344)
(0.002719 0.0009687 0.009344)
(0.002781 0.0009687 0.009344)
(0.002844 0.0009687 0.009344)
(0.002906 0.0009687 0.009344)
(0.002969 0.0009687 0.009344)
(0.003031 0.0009687 0.009344)
(0.003094 0.0009687 0.009344)
(0.003156 0.0009687 0.009344)
(0.003219 0.0009687 0.009344)
(0.003281 0.0009687 0.009344)
(0.003344 0.0009687 0.009344)
(0.003406 0.0009687 0.009344)
(0.003469 0.0009687 0.009344)
(0.003531 0.0009687 0.009344)
(0.003594 0.0009687 0.009344)
(0.003656 0.0009687 0.009344)
(0.003719 0.0009687 0.009344)
(0.003781 0.0009687 0.009344)
(0.003844 0.0009687 0.009344)
(0.003906 0.0009687 0.009344)
(0.003969 0.0009687 0.009344)
(0.002531 0.001031 0.009344)
(0.002594 0.001031 0.009344)
(0.002656 0.001031 0.009344)
(0.002719 0.001031 0.009344)
(0.002781 0.001031 0.009344)
(0.002844 0.001031 0.009344)
(0.002906 0.001031 0.009344)
(0.002969 0.001031 0.009344)
(0.003031 0.001031 0.009344)
(0.003094 0.001031 0.009344)
(0.003156 0.001031 0.009344)
(0.003219 0.001031 0.009344)
(0.003281 0.001031 0.009344)
(0.003344 0.001031 0.009344)
(0.003406 0.001031 0.009344)
(0.003469 0.001031 0.009344)
(0.003531 0.001031 0.009344)
(0.003594 0.001031 0.009344)
(0.003656 0.001031 0.009344)
(0.003719 0.001031 0.009344)
(0.003781 0.001031 0.009344)
(0.003844 0.001031 0.009344)
(0.003906 0.001031 0.009344)
(0.003969 0.001031 0.009344)
(0.002531 0.001094 0.009344)
(0.002594 0.001094 0.009344)
(0.002656 0.001094 0.009344)
(0.002719 0.001094 0.009344)
(0.002781 0.001094 0.009344)
(0.002844 0.001094 0.009344)
(0.002906 0.001094 0.009344)
(0.002969 0.001094 0.009344)
(0.003031 0.001094 0.009344)
(0.003094 0.001094 0.009344)
(0.003156 0.001094 0.009344)
(0.003219 0.001094 0.009344)
(0.003281 0.001094 0.009344)
(0.003344 0.001094 0.009344)
(0.003406 0.001094 0.009344)
(0.003469 0.001094 0.009344)
(0.003531 0.001094 0.009344)
(0.003594 0.001094 0.009344)
(0.003656 0.001094 0.009344)
(0.003719 0.001094 0.009344)
(0.003781 0.001094 0.009344)
(0.003844 0.001094 0.009344)
(0.003906 0.001094 0.009344)
(0.003969 0.001094 0.009344)
(0.002531 0.001156 0.009344)
(0.002594 0.001156 0.009344)
(0.002656 0.001156 0.009344)
(0.002719 0.001156 0.009344)
(0.002781 0.001156 0.009344)
(0.002844 0.001156 0.009344)
(0.002906 0.001156 0.009344)
(0.002969 0.001156 0.009344)
(0.003031 0.001156 0.009344)
(0.003094 0.001156 0.009344)
(0.003156 0.001156 0.009344)
(0.003219 0.001156 0.009344)
(0.003281 0.001156 0.009344)
(0.003344 0.001156 0.009344)
(0.003406 0.001156 0.009344)
(0.003469 0.001156 0.009344)
(0.003531 0.001156 0.009344)
(0.003594 0.001156 0.009344)
(0.003656 0.001156 0.009344)
(0.003719 0.001156 0.009344)
(0.003781 0.001156 0.009344)
(0.003844 0.001156 0.009344)
(0.003906 0.001156 0.009344)
(0.003969 0.001156 0.009344)
(0.002531 0.001219 0.009344)
(0.002594 0.001219 0.009344)
(0.002656 0.001219 0.009344)
(0.002719 0.001219 0.009344)
(0.002781 0.001219 0.009344)
(0.002844 0.001219 0.009344)
(0.002906 0.001219 0.009344)
(0.002969 0.001219 0.009344)
(0.003031 0.001219 0.009344)
(0.003094 0.001219 0.009344)
(0.003156 0.001219 0.009344)
(0.003219 0.001219 0.009344)
(0.003281 0.001219 0.009344)
(0.003344 0.001219 0.009344)
(0.003406 0.001219 0.009344)
(0.003469 0.001219 0.009344)
(0.003531 0.001219 0.009344)
(0.003594 0.001219 0.009344)
(0.003656 0.001219 0.009344)
(0.003719 0.001219 0.009344)
(0.003781 0.001219 0.009344)
(0.003844 0.001219 0.009344)
(0.003906 0.001219 0.009344)
(0.003969 0.001219 0.009344)
(0.002531 0.0005312 0.009406)
(0.002594 0.0005312 0.009406)
(0.002656 0.0005312 0.009406)
(0.002719 0.0005312 0.009406)
(0.002781 0.0005313 0.009406)
(0.002844 0.0005313 0.009406)
(0.002906 0.0005312 0.009406)
(0.002969 0.0005312 0.009406)
(0.003031 0.0005312 0.009406)
(0.003094 0.0005312 0.009406)
(0.003156 0.0005312 0.009406)
(0.003219 0.0005312 0.009406)
(0.003281 0.0005313 0.009406)
(0.003344 0.0005312 0.009406)
(0.003406 0.0005313 0.009406)
(0.003469 0.0005312 0.009406)
(0.003531 0.0005312 0.009406)
(0.003594 0.0005312 0.009406)
(0.003656 0.0005312 0.009406)
(0.003719 0.0005313 0.009406)
(0.003781 0.0005312 0.009406)
(0.003844 0.0005312 0.009406)
(0.003906 0.0005312 0.009406)
(0.003969 0.0005312 0.009406)
(0.002531 0.0005937 0.009406)
(0.002594 0.0005937 0.009406)
(0.002656 0.0005937 0.009406)
(0.002719 0.0005938 0.009406)
(0.002781 0.0005937 0.009406)
(0.002844 0.0005937 0.009406)
(0.002906 0.0005937 0.009406)
(0.002969 0.0005937 0.009406)
(0.003031 0.0005937 0.009406)
(0.003094 0.0005937 0.009406)
(0.003156 0.0005937 0.009406)
(0.003219 0.0005937 0.009406)
(0.003281 0.0005938 0.009406)
(0.003344 0.0005938 0.009406)
(0.003406 0.0005937 0.009406)
(0.003469 0.0005937 0.009406)
(0.003531 0.0005937 0.009406)
(0.003594 0.0005938 0.009406)
(0.003656 0.0005937 0.009406)
(0.003719 0.0005937 0.009406)
(0.003781 0.0005937 0.009406)
(0.003844 0.0005937 0.009406)
(0.003906 0.0005937 0.009406)
(0.003969 0.0005937 0.009406)
(0.002531 0.0006563 0.009406)
(0.002594 0.0006563 0.009406)
(0.002656 0.0006563 0.009406)
(0.002719 0.0006563 0.009406)
(0.002781 0.0006563 0.009406)
(0.002844 0.0006562 0.009406)
(0.002906 0.0006563 0.009406)
(0.002969 0.0006563 0.009406)
(0.003031 0.0006563 0.009406)
(0.003094 0.0006563 0.009406)
(0.003156 0.0006563 0.009406)
(0.003219 0.0006563 0.009406)
(0.003281 0.0006563 0.009406)
(0.003344 0.0006563 0.009406)
(0.003406 0.0006563 0.009406)
(0.003469 0.0006563 0.009406)
(0.003531 0.0006563 0.009406)
(0.003594 0.0006563 0.009406)
(0.003656 0.0006563 0.009406)
(0.003719 0.0006563 0.009406)
(0.003781 0.0006563 0.009406)
(0.003844 0.0006563 0.009406)
(0.003906 0.0006563 0.009406)
(0.003969 0.0006563 0.009406)
(0.002531 0.0007187 0.009406)
(0.002594 0.0007187 0.009406)
(0.002656 0.0007187 0.009406)
(0.002719 0.0007188 0.009406)
(0.002781 0.0007187 0.009406)
(0.002844 0.0007188 0.009406)
(0.002906 0.0007187 0.009406)
(0.002969 0.0007187 0.009406)
(0.003031 0.0007187 0.009406)
(0.003094 0.0007188 0.009406)
(0.003156 0.0007188 0.009406)
(0.003219 0.0007188 0.009406)
(0.003281 0.0007188 0.009406)
(0.003344 0.0007188 0.009406)
(0.003406 0.0007187 0.009406)
(0.003469 0.0007188 0.009406)
(0.003531 0.0007187 0.009406)
(0.003594 0.0007188 0.009406)
(0.003656 0.0007187 0.009406)
(0.003719 0.0007187 0.009406)
(0.003781 0.0007188 0.009406)
(0.003844 0.0007188 0.009406)
(0.003906 0.0007188 0.009406)
(0.003969 0.0007187 0.009406)
(0.002531 0.0007812 0.009406)
(0.002594 0.0007813 0.009406)
(0.002656 0.0007812 0.009406)
(0.002719 0.0007813 0.009406)
(0.002781 0.0007813 0.009406)
(0.002844 0.0007812 0.009406)
(0.002906 0.0007813 0.009406)
(0.002969 0.0007813 0.009406)
(0.003031 0.0007813 0.009406)
(0.003094 0.0007813 0.009406)
(0.003156 0.0007812 0.009406)
(0.003219 0.0007813 0.009406)
(0.003281 0.0007813 0.009406)
(0.003344 0.0007813 0.009406)
(0.003406 0.0007813 0.009406)
(0.003469 0.0007813 0.009406)
(0.003531 0.0007813 0.009406)
(0.003594 0.0007813 0.009406)
(0.003656 0.0007812 0.009406)
(0.003719 0.0007813 0.009406)
(0.003781 0.0007812 0.009406)
(0.003844 0.0007813 0.009406)
(0.003906 0.0007813 0.009406)
(0.003969 0.0007813 0.009406)
(0.002531 0.0008437 0.009406)
(0.002594 0.0008437 0.009406)
(0.002656 0.0008438 0.009406)
(0.002719 0.0008437 0.009406)
(0.002781 0.0008437 0.009406)
(0.002844 0.0008438 0.009406)
(0.002906 0.0008438 0.009406)
(0.002969 0.0008437 0.009406)
(0.003031 0.0008437 0.009406)
(0.003094 0.0008437 0.009406)
(0.003156 0.0008437 0.009406)
(0.003219 0.0008437 0.009406)
(0.003281 0.0008437 0.009406)
(0.003344 0.0008437 0.009406)
(0.003406 0.0008438 0.009406)
(0.003469 0.0008437 0.009406)
(0.003531 0.0008437 0.009406)
(0.003594 0.0008437 0.009406)
(0.003656 0.0008437 0.009406)
(0.003719 0.0008438 0.009406)
(0.003781 0.0008437 0.009406)
(0.003844 0.0008437 0.009406)
(0.003906 0.0008437 0.009406)
(0.003969 0.0008437 0.009406)
(0.002531 0.0009063 0.009406)
(0.002594 0.0009063 0.009406)
(0.002656 0.0009062 0.009406)
(0.002719 0.0009063 0.009406)
(0.002781 0.0009063 0.009406)
(0.002844 0.0009063 0.009406)
(0.002906 0.0009063 0.009406)
(0.002969 0.0009063 0.009406)
(0.003031 0.0009063 0.009406)
(0.003094 0.0009063 0.009406)
(0.003156 0.0009062 0.009406)
(0.003219 0.0009062 0.009406)
(0.003281 0.0009063 0.009406)
(0.003344 0.0009063 0.009406)
(0.003406 0.0009063 0.009406)
(0.003469 0.0009063 0.009406)
(0.003531 0.0009063 0.009406)
(0.003594 0.0009063 0.009406)
(0.003656 0.0009062 0.009406)
(0.003719 0.0009063 0.009406)
(0.003781 0.0009063 0.009406)
(0.003844 0.0009063 0.009406)
(0.003906 0.0009063 0.009406)
(0.003969 0.0009063 0.009406)
(0.002531 0.0009687 0.009406)
(0.002594 0.0009687 0.009406)
(0.002656 0.0009687 0.009406)
(0.002719 0.0009687 0.009406)
(0.002781 0.0009687 0.009406)
(0.002844 0.0009687 0.009406)
(0.002906 0.0009687 0.009406)
(0.002969 0.0009687 0.009406)
(0.003031 0.0009687 0.009406)
(0.003094 0.0009687 0.009406)
(0.003156 0.0009687 0.009406)
(0.003219 0.0009687 0.009406)
(0.003281 0.0009687 0.009406)
(0.003344 0.0009687 0.009406)
(0.003406 0.0009687 0.009406)
(0.003469 0.0009687 0.009406)
(0.003531 0.0009687 0.009406)
(0.003594 0.0009687 0.009406)
(0.003656 0.0009687 0.009406)
(0.003719 0.0009687 0.009406)
(0.003781 0.0009687 0.009406)
(0.003844 0.0009687 0.009406)
(0.003906 0.0009687 0.009406)
(0.003969 0.0009687 0.009406)
(0.002531 0.001031 0.009406)
(0.002594 0.001031 0.009406)
(0.002656 0.001031 0.009406)
(0.002719 0.001031 0.009406)
(0.002781 0.001031 0.009406)
(0.002844 0.001031 0.009406)
(0.002906 0.001031 0.009406)
(0.002969 0.001031 0.009406)
(0.003031 0.001031 0.009406)
(0.003094 0.001031 0.009406)
(0.003156 0.001031 0.009406)
(0.003219 0.001031 0.009406)
(0.003281 0.001031 0.009406)
(0.003344 0.001031 0.009406)
(0.003406 0.001031 0.009406)
(0.003469 0.001031 0.009406)
(0.003531 0.001031 0.009406)
(0.003594 0.001031 0.009406)
(0.003656 0.001031 0.009406)
(0.003719 0.001031 0.009406)
(0.003781 0.001031 0.009406)
(0.003844 0.001031 0.009406)
(0.003906 0.001031 0.009406)
(0.003969 0.001031 0.009406)
(0.002531 0.001094 0.009406)
(0.002594 0.001094 0.009406)
(0.002656 0.001094 0.009406)
(0.002719 0.001094 0.009406)
(0.002781 0.001094 0.009406)
(0.002844 0.001094 0.009406)
(0.002906 0.001094 0.009406)
(0.002969 0.001094 0.009406)
(0.003031 0.001094 0.009406)
(0.003094 0.001094 0.009406)
(0.003156 0.001094 0.009406)
(0.003219 0.001094 0.009406)
(0.003281 0.001094 0.009406)
(0.003344 0.001094 0.009406)
(0.003406 0.001094 0.009406)
(0.003469 0.001094 0.009406)
(0.003531 0.001094 0.009406)
(0.003594 0.001094 0.009406)
(0.003656 0.001094 0.009406)
(0.003719 0.001094 0.009406)
(0.003781 0.001094 0.009406)
(0.003844 0.001094 0.009406)
(0.003906 0.001094 0.009406)
(0.003969 0.001094 0.009406)
(0.002531 0.001156 0.009406)
(0.002594 0.001156 0.009406)
(0.002656 0.001156 0.009406)
(0.002719 0.001156 0.009406)
(0.002781 0.001156 0.009406)
(0.002844 0.001156 0.009406)
(0.002906 0.001156 0.009406)
(0.002969 0.001156 0.009406)
(0.003031 0.001156 0.009406)
(0.003094 0.001156 0.009406)
(0.003156 0.001156 0.009406)
(0.003219 0.001156 0.009406)
(0.003281 0.001156 0.009406)
(0.003344 0.001156 0.009406)
(0.003406 0.001156 0.009406)
(0.003469 0.001156 0.009406)
(0.003531 0.001156 0.009406)
(0.003594 0.001156 0.009406)
(0.003656 0.001156 0.009406)
(0.003719 0.001156 0.009406)
(0.003781 0.001156 0.009406)
(0.003844 0.001156 0.009406)
(0.003906 0.001156 0.009406)
(0.003969 0.001156 0.009406)
(0.002531 0.001219 0.009406)
(0.002594 0.001219 0.009406)
(0.002656 0.001219 0.009406)
(0.002719 0.001219 0.009406)
(0.002781 0.001219 0.009406)
(0.002844 0.001219 0.009406)
(0.002906 0.001219 0.009406)
(0.002969 0.001219 0.009406)
(0.003031 0.001219 0.009406)
(0.003094 0.001219 0.009406)
(0.003156 0.001219 0.009406)
(0.003219 0.001219 0.009406)
(0.003281 0.001219 0.009406)
(0.003344 0.001219 0.009406)
(0.003406 0.001219 0.009406)
(0.003469 0.001219 0.009406)
(0.003531 0.001219 0.009406)
(0.003594 0.001219 0.009406)
(0.003656 0.001219 0.009406)
(0.003719 0.001219 0.009406)
(0.003781 0.001219 0.009406)
(0.003844 0.001219 0.009406)
(0.003906 0.001219 0.009406)
(0.003969 0.001219 0.009406)
(0.002531 0.0005312 0.009469)
(0.002594 0.0005312 0.009469)
(0.002656 0.0005312 0.009469)
(0.002719 0.0005312 0.009469)
(0.002781 0.0005313 0.009469)
(0.002844 0.0005313 0.009469)
(0.002906 0.0005312 0.009469)
(0.002969 0.0005312 0.009469)
(0.003031 0.0005312 0.009469)
(0.003094 0.0005312 0.009469)
(0.003156 0.0005312 0.009469)
(0.003219 0.0005312 0.009469)
(0.003281 0.0005313 0.009469)
(0.003344 0.0005312 0.009469)
(0.003406 0.0005313 0.009469)
(0.003469 0.0005313 0.009469)
(0.003531 0.0005312 0.009469)
(0.003594 0.0005312 0.009469)
(0.003656 0.0005312 0.009469)
(0.003719 0.0005313 0.009469)
(0.003781 0.0005312 0.009469)
(0.003844 0.0005312 0.009469)
(0.003906 0.0005312 0.009469)
(0.003969 0.0005312 0.009469)
(0.002531 0.0005937 0.009469)
(0.002594 0.0005937 0.009469)
(0.002656 0.0005937 0.009469)
(0.002719 0.0005938 0.009469)
(0.002781 0.0005937 0.009469)
(0.002844 0.0005937 0.009469)
(0.002906 0.0005937 0.009469)
(0.002969 0.0005937 0.009469)
(0.003031 0.0005937 0.009469)
(0.003094 0.0005937 0.009469)
(0.003156 0.0005937 0.009469)
(0.003219 0.0005937 0.009469)
(0.003281 0.0005938 0.009469)
(0.003344 0.0005938 0.009469)
(0.003406 0.0005937 0.009469)
(0.003469 0.0005937 0.009469)
(0.003531 0.0005937 0.009469)
(0.003594 0.0005938 0.009469)
(0.003656 0.0005937 0.009469)
(0.003719 0.0005937 0.009469)
(0.003781 0.0005937 0.009469)
(0.003844 0.0005937 0.009469)
(0.003906 0.0005937 0.009469)
(0.003969 0.0005937 0.009469)
(0.002531 0.0006563 0.009469)
(0.002594 0.0006563 0.009469)
(0.002656 0.0006563 0.009469)
(0.002719 0.0006562 0.009469)
(0.002781 0.0006562 0.009469)
(0.002844 0.0006563 0.009469)
(0.002906 0.0006562 0.009469)
(0.002969 0.0006563 0.009469)
(0.003031 0.0006562 0.009469)
(0.003094 0.0006562 0.009469)
(0.003156 0.0006563 0.009469)
(0.003219 0.0006562 0.009469)
(0.003281 0.0006563 0.009469)
(0.003344 0.0006563 0.009469)
(0.003406 0.0006563 0.009469)
(0.003469 0.0006563 0.009469)
(0.003531 0.0006562 0.009469)
(0.003594 0.0006563 0.009469)
(0.003656 0.0006563 0.009469)
(0.003719 0.0006563 0.009469)
(0.003781 0.0006562 0.009469)
(0.003844 0.0006563 0.009469)
(0.003906 0.0006562 0.009469)
(0.003969 0.0006563 0.009469)
(0.002531 0.0007187 0.009469)
(0.002594 0.0007187 0.009469)
(0.002656 0.0007187 0.009469)
(0.002719 0.0007188 0.009469)
(0.002781 0.0007187 0.009469)
(0.002844 0.0007188 0.009469)
(0.002906 0.0007187 0.009469)
(0.002969 0.0007187 0.009469)
(0.003031 0.0007187 0.009469)
(0.003094 0.0007188 0.009469)
(0.003156 0.0007188 0.009469)
(0.003219 0.0007188 0.009469)
(0.003281 0.0007188 0.009469)
(0.003344 0.0007188 0.009469)
(0.003406 0.0007187 0.009469)
(0.003469 0.0007188 0.009469)
(0.003531 0.0007187 0.009469)
(0.003594 0.0007188 0.009469)
(0.003656 0.0007187 0.009469)
(0.003719 0.0007187 0.009469)
(0.003781 0.0007188 0.009469)
(0.003844 0.0007188 0.009469)
(0.003906 0.0007188 0.009469)
(0.003969 0.0007187 0.009469)
(0.002531 0.0007812 0.009469)
(0.002594 0.0007813 0.009469)
(0.002656 0.0007812 0.009469)
(0.002719 0.0007813 0.009469)
(0.002781 0.0007813 0.009469)
(0.002844 0.0007812 0.009469)
(0.002906 0.0007813 0.009469)
(0.002969 0.0007813 0.009469)
(0.003031 0.0007813 0.009469)
(0.003094 0.0007813 0.009469)
(0.003156 0.0007812 0.009469)
(0.003219 0.0007813 0.009469)
(0.003281 0.0007813 0.009469)
(0.003344 0.0007813 0.009469)
(0.003406 0.0007813 0.009469)
(0.003469 0.0007813 0.009469)
(0.003531 0.0007813 0.009469)
(0.003594 0.0007813 0.009469)
(0.003656 0.0007813 0.009469)
(0.003719 0.0007813 0.009469)
(0.003781 0.0007812 0.009469)
(0.003844 0.0007813 0.009469)
(0.003906 0.0007813 0.009469)
(0.003969 0.0007813 0.009469)
(0.002531 0.0008437 0.009469)
(0.002594 0.0008437 0.009469)
(0.002656 0.0008438 0.009469)
(0.002719 0.0008437 0.009469)
(0.002781 0.0008437 0.009469)
(0.002844 0.0008438 0.009469)
(0.002906 0.0008438 0.009469)
(0.002969 0.0008437 0.009469)
(0.003031 0.0008437 0.009469)
(0.003094 0.0008437 0.009469)
(0.003156 0.0008437 0.009469)
(0.003219 0.0008437 0.009469)
(0.003281 0.0008437 0.009469)
(0.003344 0.0008437 0.009469)
(0.003406 0.0008438 0.009469)
(0.003469 0.0008437 0.009469)
(0.003531 0.0008437 0.009469)
(0.003594 0.0008437 0.009469)
(0.003656 0.0008437 0.009469)
(0.003719 0.0008438 0.009469)
(0.003781 0.0008437 0.009469)
(0.003844 0.0008437 0.009469)
(0.003906 0.0008437 0.009469)
(0.003969 0.0008437 0.009469)
(0.002531 0.0009063 0.009469)
(0.002594 0.0009063 0.009469)
(0.002656 0.0009062 0.009469)
(0.002719 0.0009063 0.009469)
(0.002781 0.0009063 0.009469)
(0.002844 0.0009063 0.009469)
(0.002906 0.0009063 0.009469)
(0.002969 0.0009062 0.009469)
(0.003031 0.0009063 0.009469)
(0.003094 0.0009063 0.009469)
(0.003156 0.0009062 0.009469)
(0.003219 0.0009063 0.009469)
(0.003281 0.0009063 0.009469)
(0.003344 0.0009063 0.009469)
(0.003406 0.0009063 0.009469)
(0.003469 0.0009063 0.009469)
(0.003531 0.0009063 0.009469)
(0.003594 0.0009063 0.009469)
(0.003656 0.0009062 0.009469)
(0.003719 0.0009063 0.009469)
(0.003781 0.0009063 0.009469)
(0.003844 0.0009063 0.009469)
(0.003906 0.0009063 0.009469)
(0.003969 0.0009063 0.009469)
(0.002531 0.0009687 0.009469)
(0.002594 0.0009687 0.009469)
(0.002656 0.0009687 0.009469)
(0.002719 0.0009687 0.009469)
(0.002781 0.0009687 0.009469)
(0.002844 0.0009687 0.009469)
(0.002906 0.0009687 0.009469)
(0.002969 0.0009687 0.009469)
(0.003031 0.0009687 0.009469)
(0.003094 0.0009687 0.009469)
(0.003156 0.0009687 0.009469)
(0.003219 0.0009687 0.009469)
(0.003281 0.0009687 0.009469)
(0.003344 0.0009687 0.009469)
(0.003406 0.0009687 0.009469)
(0.003469 0.0009687 0.009469)
(0.003531 0.0009687 0.009469)
(0.003594 0.0009687 0.009469)
(0.003656 0.0009687 0.009469)
(0.003719 0.0009687 0.009469)
(0.003781 0.0009687 0.009469)
(0.003844 0.0009687 0.009469)
(0.003906 0.0009687 0.009469)
(0.003969 0.0009687 0.009469)
(0.002531 0.001031 0.009469)
(0.002594 0.001031 0.009469)
(0.002656 0.001031 0.009469)
(0.002719 0.001031 0.009469)
(0.002781 0.001031 0.009469)
(0.002844 0.001031 0.009469)
(0.002906 0.001031 0.009469)
(0.002969 0.001031 0.009469)
(0.003031 0.001031 0.009469)
(0.003094 0.001031 0.009469)
(0.003156 0.001031 0.009469)
(0.003219 0.001031 0.009469)
(0.003281 0.001031 0.009469)
(0.003344 0.001031 0.009469)
(0.003406 0.001031 0.009469)
(0.003469 0.001031 0.009469)
(0.003531 0.001031 0.009469)
(0.003594 0.001031 0.009469)
(0.003656 0.001031 0.009469)
(0.003719 0.001031 0.009469)
(0.003781 0.001031 0.009469)
(0.003844 0.001031 0.009469)
(0.003906 0.001031 0.009469)
(0.003969 0.001031 0.009469)
(0.002531 0.001094 0.009469)
(0.002594 0.001094 0.009469)
(0.002656 0.001094 0.009469)
(0.002719 0.001094 0.009469)
(0.002781 0.001094 0.009469)
(0.002844 0.001094 0.009469)
(0.002906 0.001094 0.009469)
(0.002969 0.001094 0.009469)
(0.003031 0.001094 0.009469)
(0.003094 0.001094 0.009469)
(0.003156 0.001094 0.009469)
(0.003219 0.001094 0.009469)
(0.003281 0.001094 0.009469)
(0.003344 0.001094 0.009469)
(0.003406 0.001094 0.009469)
(0.003469 0.001094 0.009469)
(0.003531 0.001094 0.009469)
(0.003594 0.001094 0.009469)
(0.003656 0.001094 0.009469)
(0.003719 0.001094 0.009469)
(0.003781 0.001094 0.009469)
(0.003844 0.001094 0.009469)
(0.003906 0.001094 0.009469)
(0.003969 0.001094 0.009469)
(0.002531 0.001156 0.009469)
(0.002594 0.001156 0.009469)
(0.002656 0.001156 0.009469)
(0.002719 0.001156 0.009469)
(0.002781 0.001156 0.009469)
(0.002844 0.001156 0.009469)
(0.002906 0.001156 0.009469)
(0.002969 0.001156 0.009469)
(0.003031 0.001156 0.009469)
(0.003094 0.001156 0.009469)
(0.003156 0.001156 0.009469)
(0.003219 0.001156 0.009469)
(0.003281 0.001156 0.009469)
(0.003344 0.001156 0.009469)
(0.003406 0.001156 0.009469)
(0.003469 0.001156 0.009469)
(0.003531 0.001156 0.009469)
(0.003594 0.001156 0.009469)
(0.003656 0.001156 0.009469)
(0.003719 0.001156 0.009469)
(0.003781 0.001156 0.009469)
(0.003844 0.001156 0.009469)
(0.003906 0.001156 0.009469)
(0.003969 0.001156 0.009469)
(0.002531 0.001219 0.009469)
(0.002594 0.001219 0.009469)
(0.002656 0.001219 0.009469)
(0.002719 0.001219 0.009469)
(0.002781 0.001219 0.009469)
(0.002844 0.001219 0.009469)
(0.002906 0.001219 0.009469)
(0.002969 0.001219 0.009469)
(0.003031 0.001219 0.009469)
(0.003094 0.001219 0.009469)
(0.003156 0.001219 0.009469)
(0.003219 0.001219 0.009469)
(0.003281 0.001219 0.009469)
(0.003344 0.001219 0.009469)
(0.003406 0.001219 0.009469)
(0.003469 0.001219 0.009469)
(0.003531 0.001219 0.009469)
(0.003594 0.001219 0.009469)
(0.003656 0.001219 0.009469)
(0.003719 0.001219 0.009469)
(0.003781 0.001219 0.009469)
(0.003844 0.001219 0.009469)
(0.003906 0.001219 0.009469)
(0.003969 0.001219 0.009469)
(0.002531 0.0005313 0.009531)
(0.002594 0.0005313 0.009531)
(0.002656 0.0005312 0.009531)
(0.002719 0.0005313 0.009531)
(0.002781 0.0005313 0.009531)
(0.002844 0.0005313 0.009531)
(0.002906 0.0005313 0.009531)
(0.002969 0.0005312 0.009531)
(0.003031 0.0005313 0.009531)
(0.003094 0.0005313 0.009531)
(0.003156 0.0005312 0.009531)
(0.003219 0.0005313 0.009531)
(0.003281 0.0005313 0.009531)
(0.003344 0.0005313 0.009531)
(0.003406 0.0005313 0.009531)
(0.003469 0.0005312 0.009531)
(0.003531 0.0005313 0.009531)
(0.003594 0.0005313 0.009531)
(0.003656 0.0005312 0.009531)
(0.003719 0.0005313 0.009531)
(0.003781 0.0005313 0.009531)
(0.003844 0.0005313 0.009531)
(0.003906 0.0005313 0.009531)
(0.003969 0.0005313 0.009531)
(0.002531 0.0005937 0.009531)
(0.002594 0.0005937 0.009531)
(0.002656 0.0005937 0.009531)
(0.002719 0.0005937 0.009531)
(0.002781 0.0005937 0.009531)
(0.002844 0.0005937 0.009531)
(0.002906 0.0005937 0.009531)
(0.002969 0.0005937 0.009531)
(0.003031 0.0005937 0.009531)
(0.003094 0.0005937 0.009531)
(0.003156 0.0005937 0.009531)
(0.003219 0.0005937 0.009531)
(0.003281 0.0005937 0.009531)
(0.003344 0.0005937 0.009531)
(0.003406 0.0005937 0.009531)
(0.003469 0.0005937 0.009531)
(0.003531 0.0005937 0.009531)
(0.003594 0.0005937 0.009531)
(0.003656 0.0005937 0.009531)
(0.003719 0.0005937 0.009531)
(0.003781 0.0005937 0.009531)
(0.003844 0.0005937 0.009531)
(0.003906 0.0005937 0.009531)
(0.003969 0.0005937 0.009531)
(0.002531 0.0006563 0.009531)
(0.002594 0.0006563 0.009531)
(0.002656 0.0006563 0.009531)
(0.002719 0.0006563 0.009531)
(0.002781 0.0006563 0.009531)
(0.002844 0.0006562 0.009531)
(0.002906 0.0006563 0.009531)
(0.002969 0.0006563 0.009531)
(0.003031 0.0006563 0.009531)
(0.003094 0.0006563 0.009531)
(0.003156 0.0006563 0.009531)
(0.003219 0.0006563 0.009531)
(0.003281 0.0006563 0.009531)
(0.003344 0.0006563 0.009531)
(0.003406 0.0006563 0.009531)
(0.003469 0.0006563 0.009531)
(0.003531 0.0006563 0.009531)
(0.003594 0.0006563 0.009531)
(0.003656 0.0006563 0.009531)
(0.003719 0.0006563 0.009531)
(0.003781 0.0006563 0.009531)
(0.003844 0.0006563 0.009531)
(0.003906 0.0006563 0.009531)
(0.003969 0.0006563 0.009531)
(0.002531 0.0007187 0.009531)
(0.002594 0.0007187 0.009531)
(0.002656 0.0007187 0.009531)
(0.002719 0.0007187 0.009531)
(0.002781 0.0007187 0.009531)
(0.002844 0.0007187 0.009531)
(0.002906 0.0007187 0.009531)
(0.002969 0.0007187 0.009531)
(0.003031 0.0007187 0.009531)
(0.003094 0.0007188 0.009531)
(0.003156 0.0007188 0.009531)
(0.003219 0.0007188 0.009531)
(0.003281 0.0007187 0.009531)
(0.003344 0.0007187 0.009531)
(0.003406 0.0007187 0.009531)
(0.003469 0.0007187 0.009531)
(0.003531 0.0007187 0.009531)
(0.003594 0.0007187 0.009531)
(0.003656 0.0007187 0.009531)
(0.003719 0.0007187 0.009531)
(0.003781 0.0007187 0.009531)
(0.003844 0.0007187 0.009531)
(0.003906 0.0007188 0.009531)
(0.003969 0.0007187 0.009531)
(0.002531 0.0007812 0.009531)
(0.002594 0.0007813 0.009531)
(0.002656 0.0007812 0.009531)
(0.002719 0.0007813 0.009531)
(0.002781 0.0007813 0.009531)
(0.002844 0.0007812 0.009531)
(0.002906 0.0007813 0.009531)
(0.002969 0.0007813 0.009531)
(0.003031 0.0007813 0.009531)
(0.003094 0.0007813 0.009531)
(0.003156 0.0007812 0.009531)
(0.003219 0.0007813 0.009531)
(0.003281 0.0007813 0.009531)
(0.003344 0.0007813 0.009531)
(0.003406 0.0007813 0.009531)
(0.003469 0.0007813 0.009531)
(0.003531 0.0007813 0.009531)
(0.003594 0.0007813 0.009531)
(0.003656 0.0007812 0.009531)
(0.003719 0.0007813 0.009531)
(0.003781 0.0007812 0.009531)
(0.003844 0.0007813 0.009531)
(0.003906 0.0007813 0.009531)
(0.003969 0.0007813 0.009531)
(0.002531 0.0008438 0.009531)
(0.002594 0.0008438 0.009531)
(0.002656 0.0008438 0.009531)
(0.002719 0.0008437 0.009531)
(0.002781 0.0008438 0.009531)
(0.002844 0.0008437 0.009531)
(0.002906 0.0008438 0.009531)
(0.002969 0.0008437 0.009531)
(0.003031 0.0008438 0.009531)
(0.003094 0.0008437 0.009531)
(0.003156 0.0008437 0.009531)
(0.003219 0.0008437 0.009531)
(0.003281 0.0008437 0.009531)
(0.003344 0.0008437 0.009531)
(0.003406 0.0008438 0.009531)
(0.003469 0.0008437 0.009531)
(0.003531 0.0008437 0.009531)
(0.003594 0.0008437 0.009531)
(0.003656 0.0008437 0.009531)
(0.003719 0.0008438 0.009531)
(0.003781 0.0008437 0.009531)
(0.003844 0.0008437 0.009531)
(0.003906 0.0008437 0.009531)
(0.003969 0.0008437 0.009531)
(0.002531 0.0009063 0.009531)
(0.002594 0.0009063 0.009531)
(0.002656 0.0009062 0.009531)
(0.002719 0.0009063 0.009531)
(0.002781 0.0009063 0.009531)
(0.002844 0.0009063 0.009531)
(0.002906 0.0009063 0.009531)
(0.002969 0.0009063 0.009531)
(0.003031 0.0009063 0.009531)
(0.003094 0.0009063 0.009531)
(0.003156 0.0009062 0.009531)
(0.003219 0.0009062 0.009531)
(0.003281 0.0009063 0.009531)
(0.003344 0.0009063 0.009531)
(0.003406 0.0009063 0.009531)
(0.003469 0.0009063 0.009531)
(0.003531 0.0009063 0.009531)
(0.003594 0.0009063 0.009531)
(0.003656 0.0009062 0.009531)
(0.003719 0.0009063 0.009531)
(0.003781 0.0009063 0.009531)
(0.003844 0.0009063 0.009531)
(0.003906 0.0009063 0.009531)
(0.003969 0.0009063 0.009531)
(0.002531 0.0009687 0.009531)
(0.002594 0.0009687 0.009531)
(0.002656 0.0009687 0.009531)
(0.002719 0.0009687 0.009531)
(0.002781 0.0009687 0.009531)
(0.002844 0.0009687 0.009531)
(0.002906 0.0009687 0.009531)
(0.002969 0.0009687 0.009531)
(0.003031 0.0009687 0.009531)
(0.003094 0.0009687 0.009531)
(0.003156 0.0009687 0.009531)
(0.003219 0.0009687 0.009531)
(0.003281 0.0009687 0.009531)
(0.003344 0.0009687 0.009531)
(0.003406 0.0009687 0.009531)
(0.003469 0.0009687 0.009531)
(0.003531 0.0009687 0.009531)
(0.003594 0.0009687 0.009531)
(0.003656 0.0009687 0.009531)
(0.003719 0.0009687 0.009531)
(0.003781 0.0009687 0.009531)
(0.003844 0.0009687 0.009531)
(0.003906 0.0009687 0.009531)
(0.003969 0.0009687 0.009531)
(0.002531 0.001031 0.009531)
(0.002594 0.001031 0.009531)
(0.002656 0.001031 0.009531)
(0.002719 0.001031 0.009531)
(0.002781 0.001031 0.009531)
(0.002844 0.001031 0.009531)
(0.002906 0.001031 0.009531)
(0.002969 0.001031 0.009531)
(0.003031 0.001031 0.009531)
(0.003094 0.001031 0.009531)
(0.003156 0.001031 0.009531)
(0.003219 0.001031 0.009531)
(0.003281 0.001031 0.009531)
(0.003344 0.001031 0.009531)
(0.003406 0.001031 0.009531)
(0.003469 0.001031 0.009531)
(0.003531 0.001031 0.009531)
(0.003594 0.001031 0.009531)
(0.003656 0.001031 0.009531)
(0.003719 0.001031 0.009531)
(0.003781 0.001031 0.009531)
(0.003844 0.001031 0.009531)
(0.003906 0.001031 0.009531)
(0.003969 0.001031 0.009531)
(0.002531 0.001094 0.009531)
(0.002594 0.001094 0.009531)
(0.002656 0.001094 0.009531)
(0.002719 0.001094 0.009531)
(0.002781 0.001094 0.009531)
(0.002844 0.001094 0.009531)
(0.002906 0.001094 0.009531)
(0.002969 0.001094 0.009531)
(0.003031 0.001094 0.009531)
(0.003094 0.001094 0.009531)
(0.003156 0.001094 0.009531)
(0.003219 0.001094 0.009531)
(0.003281 0.001094 0.009531)
(0.003344 0.001094 0.009531)
(0.003406 0.001094 0.009531)
(0.003469 0.001094 0.009531)
(0.003531 0.001094 0.009531)
(0.003594 0.001094 0.009531)
(0.003656 0.001094 0.009531)
(0.003719 0.001094 0.009531)
(0.003781 0.001094 0.009531)
(0.003844 0.001094 0.009531)
(0.003906 0.001094 0.009531)
(0.003969 0.001094 0.009531)
(0.002531 0.001156 0.009531)
(0.002594 0.001156 0.009531)
(0.002656 0.001156 0.009531)
(0.002719 0.001156 0.009531)
(0.002781 0.001156 0.009531)
(0.002844 0.001156 0.009531)
(0.002906 0.001156 0.009531)
(0.002969 0.001156 0.009531)
(0.003031 0.001156 0.009531)
(0.003094 0.001156 0.009531)
(0.003156 0.001156 0.009531)
(0.003219 0.001156 0.009531)
(0.003281 0.001156 0.009531)
(0.003344 0.001156 0.009531)
(0.003406 0.001156 0.009531)
(0.003469 0.001156 0.009531)
(0.003531 0.001156 0.009531)
(0.003594 0.001156 0.009531)
(0.003656 0.001156 0.009531)
(0.003719 0.001156 0.009531)
(0.003781 0.001156 0.009531)
(0.003844 0.001156 0.009531)
(0.003906 0.001156 0.009531)
(0.003969 0.001156 0.009531)
(0.002531 0.001219 0.009531)
(0.002594 0.001219 0.009531)
(0.002656 0.001219 0.009531)
(0.002719 0.001219 0.009531)
(0.002781 0.001219 0.009531)
(0.002844 0.001219 0.009531)
(0.002906 0.001219 0.009531)
(0.002969 0.001219 0.009531)
(0.003031 0.001219 0.009531)
(0.003094 0.001219 0.009531)
(0.003156 0.001219 0.009531)
(0.003219 0.001219 0.009531)
(0.003281 0.001219 0.009531)
(0.003344 0.001219 0.009531)
(0.003406 0.001219 0.009531)
(0.003469 0.001219 0.009531)
(0.003531 0.001219 0.009531)
(0.003594 0.001219 0.009531)
(0.003656 0.001219 0.009531)
(0.003719 0.001219 0.009531)
(0.003781 0.001219 0.009531)
(0.003844 0.001219 0.009531)
(0.003906 0.001219 0.009531)
(0.003969 0.001219 0.009531)
(0.002531 0.0005312 0.009594)
(0.002594 0.0005312 0.009594)
(0.002656 0.0005312 0.009594)
(0.002719 0.0005312 0.009594)
(0.002781 0.0005313 0.009594)
(0.002844 0.0005313 0.009594)
(0.002906 0.0005312 0.009594)
(0.002969 0.0005312 0.009594)
(0.003031 0.0005312 0.009594)
(0.003094 0.0005312 0.009594)
(0.003156 0.0005312 0.009594)
(0.003219 0.0005312 0.009594)
(0.003281 0.0005313 0.009594)
(0.003344 0.0005312 0.009594)
(0.003406 0.0005313 0.009594)
(0.003469 0.0005313 0.009594)
(0.003531 0.0005312 0.009594)
(0.003594 0.0005312 0.009594)
(0.003656 0.0005312 0.009594)
(0.003719 0.0005313 0.009594)
(0.003781 0.0005312 0.009594)
(0.003844 0.0005312 0.009594)
(0.003906 0.0005312 0.009594)
(0.003969 0.0005313 0.009594)
(0.002531 0.0005937 0.009594)
(0.002594 0.0005937 0.009594)
(0.002656 0.0005937 0.009594)
(0.002719 0.0005937 0.009594)
(0.002781 0.0005937 0.009594)
(0.002844 0.0005937 0.009594)
(0.002906 0.0005937 0.009594)
(0.002969 0.0005937 0.009594)
(0.003031 0.0005937 0.009594)
(0.003094 0.0005937 0.009594)
(0.003156 0.0005937 0.009594)
(0.003219 0.0005937 0.009594)
(0.003281 0.0005937 0.009594)
(0.003344 0.0005937 0.009594)
(0.003406 0.0005937 0.009594)
(0.003469 0.0005937 0.009594)
(0.003531 0.0005937 0.009594)
(0.003594 0.0005937 0.009594)
(0.003656 0.0005937 0.009594)
(0.003719 0.0005937 0.009594)
(0.003781 0.0005937 0.009594)
(0.003844 0.0005937 0.009594)
(0.003906 0.0005937 0.009594)
(0.003969 0.0005937 0.009594)
(0.002531 0.0006563 0.009594)
(0.002594 0.0006563 0.009594)
(0.002656 0.0006563 0.009594)
(0.002719 0.0006562 0.009594)
(0.002781 0.0006562 0.009594)
(0.002844 0.0006563 0.009594)
(0.002906 0.0006562 0.009594)
(0.002969 0.0006563 0.009594)
(0.003031 0.0006562 0.009594)
(0.003094 0.0006562 0.009594)
(0.003156 0.0006563 0.009594)
(0.003219 0.0006562 0.009594)
(0.003281 0.0006563 0.009594)
(0.003344 0.0006563 0.009594)
(0.003406 0.0006563 0.009594)
(0.003469 0.0006563 0.009594)
(0.003531 0.0006562 0.009594)
(0.003594 0.0006563 0.009594)
(0.003656 0.0006563 0.009594)
(0.003719 0.0006563 0.009594)
(0.003781 0.0006562 0.009594)
(0.003844 0.0006563 0.009594)
(0.003906 0.0006562 0.009594)
(0.003969 0.0006563 0.009594)
(0.002531 0.0007188 0.009594)
(0.002594 0.0007188 0.009594)
(0.002656 0.0007187 0.009594)
(0.002719 0.0007187 0.009594)
(0.002781 0.0007188 0.009594)
(0.002844 0.0007188 0.009594)
(0.002906 0.0007188 0.009594)
(0.002969 0.0007187 0.009594)
(0.003031 0.0007188 0.009594)
(0.003094 0.0007188 0.009594)
(0.003156 0.0007188 0.009594)
(0.003219 0.0007188 0.009594)
(0.003281 0.0007187 0.009594)
(0.003344 0.0007187 0.009594)
(0.003406 0.0007188 0.009594)
(0.003469 0.0007188 0.009594)
(0.003531 0.0007187 0.009594)
(0.003594 0.0007187 0.009594)
(0.003656 0.0007187 0.009594)
(0.003719 0.0007188 0.009594)
(0.003781 0.0007188 0.009594)
(0.003844 0.0007187 0.009594)
(0.003906 0.0007188 0.009594)
(0.003969 0.0007188 0.009594)
(0.002531 0.0007813 0.009594)
(0.002594 0.0007813 0.009594)
(0.002656 0.0007812 0.009594)
(0.002719 0.0007813 0.009594)
(0.002781 0.0007813 0.009594)
(0.002844 0.0007812 0.009594)
(0.002906 0.0007813 0.009594)
(0.002969 0.0007813 0.009594)
(0.003031 0.0007813 0.009594)
(0.003094 0.0007813 0.009594)
(0.003156 0.0007812 0.009594)
(0.003219 0.0007813 0.009594)
(0.003281 0.0007813 0.009594)
(0.003344 0.0007812 0.009594)
(0.003406 0.0007813 0.009594)
(0.003469 0.0007813 0.009594)
(0.003531 0.0007813 0.009594)
(0.003594 0.0007812 0.009594)
(0.003656 0.0007812 0.009594)
(0.003719 0.0007813 0.009594)
(0.003781 0.0007813 0.009594)
(0.003844 0.0007813 0.009594)
(0.003906 0.0007813 0.009594)
(0.003969 0.0007813 0.009594)
(0.002531 0.0008438 0.009594)
(0.002594 0.0008438 0.009594)
(0.002656 0.0008438 0.009594)
(0.002719 0.0008437 0.009594)
(0.002781 0.0008438 0.009594)
(0.002844 0.0008437 0.009594)
(0.002906 0.0008438 0.009594)
(0.002969 0.0008437 0.009594)
(0.003031 0.0008438 0.009594)
(0.003094 0.0008437 0.009594)
(0.003156 0.0008437 0.009594)
(0.003219 0.0008437 0.009594)
(0.003281 0.0008437 0.009594)
(0.003344 0.0008437 0.009594)
(0.003406 0.0008438 0.009594)
(0.003469 0.0008437 0.009594)
(0.003531 0.0008437 0.009594)
(0.003594 0.0008437 0.009594)
(0.003656 0.0008437 0.009594)
(0.003719 0.0008438 0.009594)
(0.003781 0.0008437 0.009594)
(0.003844 0.0008437 0.009594)
(0.003906 0.0008437 0.009594)
(0.003969 0.0008437 0.009594)
(0.002531 0.0009063 0.009594)
(0.002594 0.0009062 0.009594)
(0.002656 0.0009062 0.009594)
(0.002719 0.0009063 0.009594)
(0.002781 0.0009063 0.009594)
(0.002844 0.0009062 0.009594)
(0.002906 0.0009063 0.009594)
(0.002969 0.0009062 0.009594)
(0.003031 0.0009063 0.009594)
(0.003094 0.0009063 0.009594)
(0.003156 0.0009062 0.009594)
(0.003219 0.0009063 0.009594)
(0.003281 0.0009062 0.009594)
(0.003344 0.0009062 0.009594)
(0.003406 0.0009063 0.009594)
(0.003469 0.0009063 0.009594)
(0.003531 0.0009063 0.009594)
(0.003594 0.0009062 0.009594)
(0.003656 0.0009062 0.009594)
(0.003719 0.0009062 0.009594)
(0.003781 0.0009062 0.009594)
(0.003844 0.0009063 0.009594)
(0.003906 0.0009063 0.009594)
(0.003969 0.0009063 0.009594)
(0.002531 0.0009687 0.009594)
(0.002594 0.0009687 0.009594)
(0.002656 0.0009687 0.009594)
(0.002719 0.0009687 0.009594)
(0.002781 0.0009687 0.009594)
(0.002844 0.0009687 0.009594)
(0.002906 0.0009687 0.009594)
(0.002969 0.0009687 0.009594)
(0.003031 0.0009687 0.009594)
(0.003094 0.0009687 0.009594)
(0.003156 0.0009687 0.009594)
(0.003219 0.0009687 0.009594)
(0.003281 0.0009687 0.009594)
(0.003344 0.0009687 0.009594)
(0.003406 0.0009687 0.009594)
(0.003469 0.0009687 0.009594)
(0.003531 0.0009687 0.009594)
(0.003594 0.0009687 0.009594)
(0.003656 0.0009687 0.009594)
(0.003719 0.0009687 0.009594)
(0.003781 0.0009687 0.009594)
(0.003844 0.0009687 0.009594)
(0.003906 0.0009687 0.009594)
(0.003969 0.0009687 0.009594)
(0.002531 0.001031 0.009594)
(0.002594 0.001031 0.009594)
(0.002656 0.001031 0.009594)
(0.002719 0.001031 0.009594)
(0.002781 0.001031 0.009594)
(0.002844 0.001031 0.009594)
(0.002906 0.001031 0.009594)
(0.002969 0.001031 0.009594)
(0.003031 0.001031 0.009594)
(0.003094 0.001031 0.009594)
(0.003156 0.001031 0.009594)
(0.003219 0.001031 0.009594)
(0.003281 0.001031 0.009594)
(0.003344 0.001031 0.009594)
(0.003406 0.001031 0.009594)
(0.003469 0.001031 0.009594)
(0.003531 0.001031 0.009594)
(0.003594 0.001031 0.009594)
(0.003656 0.001031 0.009594)
(0.003719 0.001031 0.009594)
(0.003781 0.001031 0.009594)
(0.003844 0.001031 0.009594)
(0.003906 0.001031 0.009594)
(0.003969 0.001031 0.009594)
(0.002531 0.001094 0.009594)
(0.002594 0.001094 0.009594)
(0.002656 0.001094 0.009594)
(0.002719 0.001094 0.009594)
(0.002781 0.001094 0.009594)
(0.002844 0.001094 0.009594)
(0.002906 0.001094 0.009594)
(0.002969 0.001094 0.009594)
(0.003031 0.001094 0.009594)
(0.003094 0.001094 0.009594)
(0.003156 0.001094 0.009594)
(0.003219 0.001094 0.009594)
(0.003281 0.001094 0.009594)
(0.003344 0.001094 0.009594)
(0.003406 0.001094 0.009594)
(0.003469 0.001094 0.009594)
(0.003531 0.001094 0.009594)
(0.003594 0.001094 0.009594)
(0.003656 0.001094 0.009594)
(0.003719 0.001094 0.009594)
(0.003781 0.001094 0.009594)
(0.003844 0.001094 0.009594)
(0.003906 0.001094 0.009594)
(0.003969 0.001094 0.009594)
(0.002531 0.001156 0.009594)
(0.002594 0.001156 0.009594)
(0.002656 0.001156 0.009594)
(0.002719 0.001156 0.009594)
(0.002781 0.001156 0.009594)
(0.002844 0.001156 0.009594)
(0.002906 0.001156 0.009594)
(0.002969 0.001156 0.009594)
(0.003031 0.001156 0.009594)
(0.003094 0.001156 0.009594)
(0.003156 0.001156 0.009594)
(0.003219 0.001156 0.009594)
(0.003281 0.001156 0.009594)
(0.003344 0.001156 0.009594)
(0.003406 0.001156 0.009594)
(0.003469 0.001156 0.009594)
(0.003531 0.001156 0.009594)
(0.003594 0.001156 0.009594)
(0.003656 0.001156 0.009594)
(0.003719 0.001156 0.009594)
(0.003781 0.001156 0.009594)
(0.003844 0.001156 0.009594)
(0.003906 0.001156 0.009594)
(0.003969 0.001156 0.009594)
(0.002531 0.001219 0.009594)
(0.002594 0.001219 0.009594)
(0.002656 0.001219 0.009594)
(0.002719 0.001219 0.009594)
(0.002781 0.001219 0.009594)
(0.002844 0.001219 0.009594)
(0.002906 0.001219 0.009594)
(0.002969 0.001219 0.009594)
(0.003031 0.001219 0.009594)
(0.003094 0.001219 0.009594)
(0.003156 0.001219 0.009594)
(0.003219 0.001219 0.009594)
(0.003281 0.001219 0.009594)
(0.003344 0.001219 0.009594)
(0.003406 0.001219 0.009594)
(0.003469 0.001219 0.009594)
(0.003531 0.001219 0.009594)
(0.003594 0.001219 0.009594)
(0.003656 0.001219 0.009594)
(0.003719 0.001219 0.009594)
(0.003781 0.001219 0.009594)
(0.003844 0.001219 0.009594)
(0.003906 0.001219 0.009594)
(0.003969 0.001219 0.009594)
(0.002531 0.0005313 0.009656)
(0.002594 0.0005313 0.009656)
(0.002656 0.0005312 0.009656)
(0.002719 0.0005313 0.009656)
(0.002781 0.0005313 0.009656)
(0.002844 0.0005313 0.009656)
(0.002906 0.0005313 0.009656)
(0.002969 0.0005312 0.009656)
(0.003031 0.0005313 0.009656)
(0.003094 0.0005313 0.009656)
(0.003156 0.0005312 0.009656)
(0.003219 0.0005313 0.009656)
(0.003281 0.0005313 0.009656)
(0.003344 0.0005312 0.009656)
(0.003406 0.0005313 0.009656)
(0.003469 0.0005312 0.009656)
(0.003531 0.0005313 0.009656)
(0.003594 0.0005312 0.009656)
(0.003656 0.0005312 0.009656)
(0.003719 0.0005313 0.009656)
(0.003781 0.0005313 0.009656)
(0.003844 0.0005313 0.009656)
(0.003906 0.0005313 0.009656)
(0.003969 0.0005312 0.009656)
(0.002531 0.0005937 0.009656)
(0.002594 0.0005937 0.009656)
(0.002656 0.0005937 0.009656)
(0.002719 0.0005938 0.009656)
(0.002781 0.0005937 0.009656)
(0.002844 0.0005937 0.009656)
(0.002906 0.0005937 0.009656)
(0.002969 0.0005937 0.009656)
(0.003031 0.0005937 0.009656)
(0.003094 0.0005937 0.009656)
(0.003156 0.0005937 0.009656)
(0.003219 0.0005937 0.009656)
(0.003281 0.0005938 0.009656)
(0.003344 0.0005938 0.009656)
(0.003406 0.0005937 0.009656)
(0.003469 0.0005937 0.009656)
(0.003531 0.0005937 0.009656)
(0.003594 0.0005938 0.009656)
(0.003656 0.0005937 0.009656)
(0.003719 0.0005937 0.009656)
(0.003781 0.0005937 0.009656)
(0.003844 0.0005937 0.009656)
(0.003906 0.0005937 0.009656)
(0.003969 0.0005937 0.009656)
(0.002531 0.0006563 0.009656)
(0.002594 0.0006563 0.009656)
(0.002656 0.0006563 0.009656)
(0.002719 0.0006562 0.009656)
(0.002781 0.0006562 0.009656)
(0.002844 0.0006563 0.009656)
(0.002906 0.0006562 0.009656)
(0.002969 0.0006563 0.009656)
(0.003031 0.0006562 0.009656)
(0.003094 0.0006562 0.009656)
(0.003156 0.0006563 0.009656)
(0.003219 0.0006562 0.009656)
(0.003281 0.0006563 0.009656)
(0.003344 0.0006563 0.009656)
(0.003406 0.0006563 0.009656)
(0.003469 0.0006563 0.009656)
(0.003531 0.0006562 0.009656)
(0.003594 0.0006563 0.009656)
(0.003656 0.0006563 0.009656)
(0.003719 0.0006563 0.009656)
(0.003781 0.0006562 0.009656)
(0.003844 0.0006563 0.009656)
(0.003906 0.0006562 0.009656)
(0.003969 0.0006563 0.009656)
(0.002531 0.0007187 0.009656)
(0.002594 0.0007187 0.009656)
(0.002656 0.0007187 0.009656)
(0.002719 0.0007188 0.009656)
(0.002781 0.0007187 0.009656)
(0.002844 0.0007188 0.009656)
(0.002906 0.0007187 0.009656)
(0.002969 0.0007187 0.009656)
(0.003031 0.0007187 0.009656)
(0.003094 0.0007188 0.009656)
(0.003156 0.0007187 0.009656)
(0.003219 0.0007188 0.009656)
(0.003281 0.0007188 0.009656)
(0.003344 0.0007188 0.009656)
(0.003406 0.0007187 0.009656)
(0.003469 0.0007188 0.009656)
(0.003531 0.0007187 0.009656)
(0.003594 0.0007188 0.009656)
(0.003656 0.0007187 0.009656)
(0.003719 0.0007187 0.009656)
(0.003781 0.0007188 0.009656)
(0.003844 0.0007188 0.009656)
(0.003906 0.0007188 0.009656)
(0.003969 0.0007187 0.009656)
(0.002531 0.0007812 0.009656)
(0.002594 0.0007813 0.009656)
(0.002656 0.0007812 0.009656)
(0.002719 0.0007813 0.009656)
(0.002781 0.0007813 0.009656)
(0.002844 0.0007812 0.009656)
(0.002906 0.0007813 0.009656)
(0.002969 0.0007813 0.009656)
(0.003031 0.0007813 0.009656)
(0.003094 0.0007813 0.009656)
(0.003156 0.0007812 0.009656)
(0.003219 0.0007813 0.009656)
(0.003281 0.0007813 0.009656)
(0.003344 0.0007813 0.009656)
(0.003406 0.0007813 0.009656)
(0.003469 0.0007813 0.009656)
(0.003531 0.0007813 0.009656)
(0.003594 0.0007813 0.009656)
(0.003656 0.0007813 0.009656)
(0.003719 0.0007813 0.009656)
(0.003781 0.0007812 0.009656)
(0.003844 0.0007813 0.009656)
(0.003906 0.0007813 0.009656)
(0.003969 0.0007813 0.009656)
(0.002531 0.0008437 0.009656)
(0.002594 0.0008437 0.009656)
(0.002656 0.0008438 0.009656)
(0.002719 0.0008437 0.009656)
(0.002781 0.0008437 0.009656)
(0.002844 0.0008438 0.009656)
(0.002906 0.0008438 0.009656)
(0.002969 0.0008437 0.009656)
(0.003031 0.0008437 0.009656)
(0.003094 0.0008437 0.009656)
(0.003156 0.0008437 0.009656)
(0.003219 0.0008437 0.009656)
(0.003281 0.0008437 0.009656)
(0.003344 0.0008437 0.009656)
(0.003406 0.0008438 0.009656)
(0.003469 0.0008437 0.009656)
(0.003531 0.0008437 0.009656)
(0.003594 0.0008437 0.009656)
(0.003656 0.0008437 0.009656)
(0.003719 0.0008438 0.009656)
(0.003781 0.0008437 0.009656)
(0.003844 0.0008437 0.009656)
(0.003906 0.0008437 0.009656)
(0.003969 0.0008437 0.009656)
(0.002531 0.0009063 0.009656)
(0.002594 0.0009063 0.009656)
(0.002656 0.0009062 0.009656)
(0.002719 0.0009063 0.009656)
(0.002781 0.0009063 0.009656)
(0.002844 0.0009063 0.009656)
(0.002906 0.0009063 0.009656)
(0.002969 0.0009062 0.009656)
(0.003031 0.0009063 0.009656)
(0.003094 0.0009063 0.009656)
(0.003156 0.0009062 0.009656)
(0.003219 0.0009063 0.009656)
(0.003281 0.0009063 0.009656)
(0.003344 0.0009063 0.009656)
(0.003406 0.0009063 0.009656)
(0.003469 0.0009063 0.009656)
(0.003531 0.0009063 0.009656)
(0.003594 0.0009063 0.009656)
(0.003656 0.0009062 0.009656)
(0.003719 0.0009063 0.009656)
(0.003781 0.0009063 0.009656)
(0.003844 0.0009063 0.009656)
(0.003906 0.0009063 0.009656)
(0.003969 0.0009063 0.009656)
(0.002531 0.0009687 0.009656)
(0.002594 0.0009687 0.009656)
(0.002656 0.0009688 0.009656)
(0.002719 0.0009687 0.009656)
(0.002781 0.0009687 0.009656)
(0.002844 0.0009687 0.009656)
(0.002906 0.0009687 0.009656)
(0.002969 0.0009687 0.009656)
(0.003031 0.0009687 0.009656)
(0.003094 0.0009687 0.009656)
(0.003156 0.0009687 0.009656)
(0.003219 0.0009687 0.009656)
(0.003281 0.0009687 0.009656)
(0.003344 0.0009687 0.009656)
(0.003406 0.0009687 0.009656)
(0.003469 0.0009687 0.009656)
(0.003531 0.0009687 0.009656)
(0.003594 0.0009687 0.009656)
(0.003656 0.0009687 0.009656)
(0.003719 0.0009687 0.009656)
(0.003781 0.0009687 0.009656)
(0.003844 0.0009687 0.009656)
(0.003906 0.0009687 0.009656)
(0.003969 0.0009687 0.009656)
(0.002531 0.001031 0.009656)
(0.002594 0.001031 0.009656)
(0.002656 0.001031 0.009656)
(0.002719 0.001031 0.009656)
(0.002781 0.001031 0.009656)
(0.002844 0.001031 0.009656)
(0.002906 0.001031 0.009656)
(0.002969 0.001031 0.009656)
(0.003031 0.001031 0.009656)
(0.003094 0.001031 0.009656)
(0.003156 0.001031 0.009656)
(0.003219 0.001031 0.009656)
(0.003281 0.001031 0.009656)
(0.003344 0.001031 0.009656)
(0.003406 0.001031 0.009656)
(0.003469 0.001031 0.009656)
(0.003531 0.001031 0.009656)
(0.003594 0.001031 0.009656)
(0.003656 0.001031 0.009656)
(0.003719 0.001031 0.009656)
(0.003781 0.001031 0.009656)
(0.003844 0.001031 0.009656)
(0.003906 0.001031 0.009656)
(0.003969 0.001031 0.009656)
(0.002531 0.001094 0.009656)
(0.002594 0.001094 0.009656)
(0.002656 0.001094 0.009656)
(0.002719 0.001094 0.009656)
(0.002781 0.001094 0.009656)
(0.002844 0.001094 0.009656)
(0.002906 0.001094 0.009656)
(0.002969 0.001094 0.009656)
(0.003031 0.001094 0.009656)
(0.003094 0.001094 0.009656)
(0.003156 0.001094 0.009656)
(0.003219 0.001094 0.009656)
(0.003281 0.001094 0.009656)
(0.003344 0.001094 0.009656)
(0.003406 0.001094 0.009656)
(0.003469 0.001094 0.009656)
(0.003531 0.001094 0.009656)
(0.003594 0.001094 0.009656)
(0.003656 0.001094 0.009656)
(0.003719 0.001094 0.009656)
(0.003781 0.001094 0.009656)
(0.003844 0.001094 0.009656)
(0.003906 0.001094 0.009656)
(0.003969 0.001094 0.009656)
(0.002531 0.001156 0.009656)
(0.002594 0.001156 0.009656)
(0.002656 0.001156 0.009656)
(0.002719 0.001156 0.009656)
(0.002781 0.001156 0.009656)
(0.002844 0.001156 0.009656)
(0.002906 0.001156 0.009656)
(0.002969 0.001156 0.009656)
(0.003031 0.001156 0.009656)
(0.003094 0.001156 0.009656)
(0.003156 0.001156 0.009656)
(0.003219 0.001156 0.009656)
(0.003281 0.001156 0.009656)
(0.003344 0.001156 0.009656)
(0.003406 0.001156 0.009656)
(0.003469 0.001156 0.009656)
(0.003531 0.001156 0.009656)
(0.003594 0.001156 0.009656)
(0.003656 0.001156 0.009656)
(0.003719 0.001156 0.009656)
(0.003781 0.001156 0.009656)
(0.003844 0.001156 0.009656)
(0.003906 0.001156 0.009656)
(0.003969 0.001156 0.009656)
(0.002531 0.001219 0.009656)
(0.002594 0.001219 0.009656)
(0.002656 0.001219 0.009656)
(0.002719 0.001219 0.009656)
(0.002781 0.001219 0.009656)
(0.002844 0.001219 0.009656)
(0.002906 0.001219 0.009656)
(0.002969 0.001219 0.009656)
(0.003031 0.001219 0.009656)
(0.003094 0.001219 0.009656)
(0.003156 0.001219 0.009656)
(0.003219 0.001219 0.009656)
(0.003281 0.001219 0.009656)
(0.003344 0.001219 0.009656)
(0.003406 0.001219 0.009656)
(0.003469 0.001219 0.009656)
(0.003531 0.001219 0.009656)
(0.003594 0.001219 0.009656)
(0.003656 0.001219 0.009656)
(0.003719 0.001219 0.009656)
(0.003781 0.001219 0.009656)
(0.003844 0.001219 0.009656)
(0.003906 0.001219 0.009656)
(0.003969 0.001219 0.009656)
(0.002531 0.0005313 0.009719)
(0.002594 0.0005313 0.009719)
(0.002656 0.0005312 0.009719)
(0.002719 0.0005313 0.009719)
(0.002781 0.0005313 0.009719)
(0.002844 0.0005313 0.009719)
(0.002906 0.0005313 0.009719)
(0.002969 0.0005312 0.009719)
(0.003031 0.0005313 0.009719)
(0.003094 0.0005313 0.009719)
(0.003156 0.0005312 0.009719)
(0.003219 0.0005313 0.009719)
(0.003281 0.0005313 0.009719)
(0.003344 0.0005313 0.009719)
(0.003406 0.0005313 0.009719)
(0.003469 0.0005312 0.009719)
(0.003531 0.0005313 0.009719)
(0.003594 0.0005313 0.009719)
(0.003656 0.0005312 0.009719)
(0.003719 0.0005313 0.009719)
(0.003781 0.0005313 0.009719)
(0.003844 0.0005313 0.009719)
(0.003906 0.0005313 0.009719)
(0.003969 0.0005313 0.009719)
(0.002531 0.0005937 0.009719)
(0.002594 0.0005937 0.009719)
(0.002656 0.0005937 0.009719)
(0.002719 0.0005937 0.009719)
(0.002781 0.0005937 0.009719)
(0.002844 0.0005937 0.009719)
(0.002906 0.0005937 0.009719)
(0.002969 0.0005937 0.009719)
(0.003031 0.0005937 0.009719)
(0.003094 0.0005937 0.009719)
(0.003156 0.0005937 0.009719)
(0.003219 0.0005937 0.009719)
(0.003281 0.0005937 0.009719)
(0.003344 0.0005937 0.009719)
(0.003406 0.0005937 0.009719)
(0.003469 0.0005937 0.009719)
(0.003531 0.0005937 0.009719)
(0.003594 0.0005937 0.009719)
(0.003656 0.0005937 0.009719)
(0.003719 0.0005937 0.009719)
(0.003781 0.0005937 0.009719)
(0.003844 0.0005937 0.009719)
(0.003906 0.0005937 0.009719)
(0.003969 0.0005937 0.009719)
(0.002531 0.0006563 0.009719)
(0.002594 0.0006563 0.009719)
(0.002656 0.0006563 0.009719)
(0.002719 0.0006563 0.009719)
(0.002781 0.0006563 0.009719)
(0.002844 0.0006562 0.009719)
(0.002906 0.0006563 0.009719)
(0.002969 0.0006563 0.009719)
(0.003031 0.0006563 0.009719)
(0.003094 0.0006563 0.009719)
(0.003156 0.0006563 0.009719)
(0.003219 0.0006563 0.009719)
(0.003281 0.0006563 0.009719)
(0.003344 0.0006563 0.009719)
(0.003406 0.0006563 0.009719)
(0.003469 0.0006563 0.009719)
(0.003531 0.0006563 0.009719)
(0.003594 0.0006563 0.009719)
(0.003656 0.0006563 0.009719)
(0.003719 0.0006563 0.009719)
(0.003781 0.0006563 0.009719)
(0.003844 0.0006563 0.009719)
(0.003906 0.0006563 0.009719)
(0.003969 0.0006563 0.009719)
(0.002531 0.0007187 0.009719)
(0.002594 0.0007187 0.009719)
(0.002656 0.0007188 0.009719)
(0.002719 0.0007187 0.009719)
(0.002781 0.0007187 0.009719)
(0.002844 0.0007187 0.009719)
(0.002906 0.0007187 0.009719)
(0.002969 0.0007187 0.009719)
(0.003031 0.0007187 0.009719)
(0.003094 0.0007188 0.009719)
(0.003156 0.0007188 0.009719)
(0.003219 0.0007188 0.009719)
(0.003281 0.0007187 0.009719)
(0.003344 0.0007187 0.009719)
(0.003406 0.0007187 0.009719)
(0.003469 0.0007187 0.009719)
(0.003531 0.0007187 0.009719)
(0.003594 0.0007187 0.009719)
(0.003656 0.0007187 0.009719)
(0.003719 0.0007187 0.009719)
(0.003781 0.0007187 0.009719)
(0.003844 0.0007187 0.009719)
(0.003906 0.0007188 0.009719)
(0.003969 0.0007187 0.009719)
(0.002531 0.0007812 0.009719)
(0.002594 0.0007813 0.009719)
(0.002656 0.0007812 0.009719)
(0.002719 0.0007813 0.009719)
(0.002781 0.0007813 0.009719)
(0.002844 0.0007812 0.009719)
(0.002906 0.0007813 0.009719)
(0.002969 0.0007813 0.009719)
(0.003031 0.0007813 0.009719)
(0.003094 0.0007813 0.009719)
(0.003156 0.0007812 0.009719)
(0.003219 0.0007813 0.009719)
(0.003281 0.0007813 0.009719)
(0.003344 0.0007813 0.009719)
(0.003406 0.0007813 0.009719)
(0.003469 0.0007813 0.009719)
(0.003531 0.0007813 0.009719)
(0.003594 0.0007813 0.009719)
(0.003656 0.0007812 0.009719)
(0.003719 0.0007813 0.009719)
(0.003781 0.0007812 0.009719)
(0.003844 0.0007813 0.009719)
(0.003906 0.0007813 0.009719)
(0.003969 0.0007813 0.009719)
(0.002531 0.0008438 0.009719)
(0.002594 0.0008438 0.009719)
(0.002656 0.0008438 0.009719)
(0.002719 0.0008437 0.009719)
(0.002781 0.0008438 0.009719)
(0.002844 0.0008437 0.009719)
(0.002906 0.0008438 0.009719)
(0.002969 0.0008437 0.009719)
(0.003031 0.0008438 0.009719)
(0.003094 0.0008437 0.009719)
(0.003156 0.0008437 0.009719)
(0.003219 0.0008437 0.009719)
(0.003281 0.0008437 0.009719)
(0.003344 0.0008437 0.009719)
(0.003406 0.0008438 0.009719)
(0.003469 0.0008437 0.009719)
(0.003531 0.0008437 0.009719)
(0.003594 0.0008437 0.009719)
(0.003656 0.0008437 0.009719)
(0.003719 0.0008438 0.009719)
(0.003781 0.0008437 0.009719)
(0.003844 0.0008437 0.009719)
(0.003906 0.0008437 0.009719)
(0.003969 0.0008437 0.009719)
(0.002531 0.0009063 0.009719)
(0.002594 0.0009063 0.009719)
(0.002656 0.0009062 0.009719)
(0.002719 0.0009063 0.009719)
(0.002781 0.0009063 0.009719)
(0.002844 0.0009063 0.009719)
(0.002906 0.0009063 0.009719)
(0.002969 0.0009063 0.009719)
(0.003031 0.0009063 0.009719)
(0.003094 0.0009063 0.009719)
(0.003156 0.0009062 0.009719)
(0.003219 0.0009062 0.009719)
(0.003281 0.0009063 0.009719)
(0.003344 0.0009063 0.009719)
(0.003406 0.0009063 0.009719)
(0.003469 0.0009063 0.009719)
(0.003531 0.0009063 0.009719)
(0.003594 0.0009063 0.009719)
(0.003656 0.0009063 0.009719)
(0.003719 0.0009063 0.009719)
(0.003781 0.0009063 0.009719)
(0.003844 0.0009063 0.009719)
(0.003906 0.0009063 0.009719)
(0.003969 0.0009063 0.009719)
(0.002531 0.0009687 0.009719)
(0.002594 0.0009687 0.009719)
(0.002656 0.0009687 0.009719)
(0.002719 0.0009687 0.009719)
(0.002781 0.0009687 0.009719)
(0.002844 0.0009687 0.009719)
(0.002906 0.0009687 0.009719)
(0.002969 0.0009687 0.009719)
(0.003031 0.0009687 0.009719)
(0.003094 0.0009687 0.009719)
(0.003156 0.0009687 0.009719)
(0.003219 0.0009687 0.009719)
(0.003281 0.0009687 0.009719)
(0.003344 0.0009687 0.009719)
(0.003406 0.0009687 0.009719)
(0.003469 0.0009687 0.009719)
(0.003531 0.0009687 0.009719)
(0.003594 0.0009687 0.009719)
(0.003656 0.0009687 0.009719)
(0.003719 0.0009687 0.009719)
(0.003781 0.0009687 0.009719)
(0.003844 0.0009687 0.009719)
(0.003906 0.0009687 0.009719)
(0.003969 0.0009687 0.009719)
(0.002531 0.001031 0.009719)
(0.002594 0.001031 0.009719)
(0.002656 0.001031 0.009719)
(0.002719 0.001031 0.009719)
(0.002781 0.001031 0.009719)
(0.002844 0.001031 0.009719)
(0.002906 0.001031 0.009719)
(0.002969 0.001031 0.009719)
(0.003031 0.001031 0.009719)
(0.003094 0.001031 0.009719)
(0.003156 0.001031 0.009719)
(0.003219 0.001031 0.009719)
(0.003281 0.001031 0.009719)
(0.003344 0.001031 0.009719)
(0.003406 0.001031 0.009719)
(0.003469 0.001031 0.009719)
(0.003531 0.001031 0.009719)
(0.003594 0.001031 0.009719)
(0.003656 0.001031 0.009719)
(0.003719 0.001031 0.009719)
(0.003781 0.001031 0.009719)
(0.003844 0.001031 0.009719)
(0.003906 0.001031 0.009719)
(0.003969 0.001031 0.009719)
(0.002531 0.001094 0.009719)
(0.002594 0.001094 0.009719)
(0.002656 0.001094 0.009719)
(0.002719 0.001094 0.009719)
(0.002781 0.001094 0.009719)
(0.002844 0.001094 0.009719)
(0.002906 0.001094 0.009719)
(0.002969 0.001094 0.009719)
(0.003031 0.001094 0.009719)
(0.003094 0.001094 0.009719)
(0.003156 0.001094 0.009719)
(0.003219 0.001094 0.009719)
(0.003281 0.001094 0.009719)
(0.003344 0.001094 0.009719)
(0.003406 0.001094 0.009719)
(0.003469 0.001094 0.009719)
(0.003531 0.001094 0.009719)
(0.003594 0.001094 0.009719)
(0.003656 0.001094 0.009719)
(0.003719 0.001094 0.009719)
(0.003781 0.001094 0.009719)
(0.003844 0.001094 0.009719)
(0.003906 0.001094 0.009719)
(0.003969 0.001094 0.009719)
(0.002531 0.001156 0.009719)
(0.002594 0.001156 0.009719)
(0.002656 0.001156 0.009719)
(0.002719 0.001156 0.009719)
(0.002781 0.001156 0.009719)
(0.002844 0.001156 0.009719)
(0.002906 0.001156 0.009719)
(0.002969 0.001156 0.009719)
(0.003031 0.001156 0.009719)
(0.003094 0.001156 0.009719)
(0.003156 0.001156 0.009719)
(0.003219 0.001156 0.009719)
(0.003281 0.001156 0.009719)
(0.003344 0.001156 0.009719)
(0.003406 0.001156 0.009719)
(0.003469 0.001156 0.009719)
(0.003531 0.001156 0.009719)
(0.003594 0.001156 0.009719)
(0.003656 0.001156 0.009719)
(0.003719 0.001156 0.009719)
(0.003781 0.001156 0.009719)
(0.003844 0.001156 0.009719)
(0.003906 0.001156 0.009719)
(0.003969 0.001156 0.009719)
(0.002531 0.001219 0.009719)
(0.002594 0.001219 0.009719)
(0.002656 0.001219 0.009719)
(0.002719 0.001219 0.009719)
(0.002781 0.001219 0.009719)
(0.002844 0.001219 0.009719)
(0.002906 0.001219 0.009719)
(0.002969 0.001219 0.009719)
(0.003031 0.001219 0.009719)
(0.003094 0.001219 0.009719)
(0.003156 0.001219 0.009719)
(0.003219 0.001219 0.009719)
(0.003281 0.001219 0.009719)
(0.003344 0.001219 0.009719)
(0.003406 0.001219 0.009719)
(0.003469 0.001219 0.009719)
(0.003531 0.001219 0.009719)
(0.003594 0.001219 0.009719)
(0.003656 0.001219 0.009719)
(0.003719 0.001219 0.009719)
(0.003781 0.001219 0.009719)
(0.003844 0.001219 0.009719)
(0.003906 0.001219 0.009719)
(0.003969 0.001219 0.009719)
(0.002531 0.0005313 0.009781)
(0.002594 0.0005313 0.009781)
(0.002656 0.0005312 0.009781)
(0.002719 0.0005313 0.009781)
(0.002781 0.0005313 0.009781)
(0.002844 0.0005313 0.009781)
(0.002906 0.0005313 0.009781)
(0.002969 0.0005312 0.009781)
(0.003031 0.0005313 0.009781)
(0.003094 0.0005313 0.009781)
(0.003156 0.0005312 0.009781)
(0.003219 0.0005313 0.009781)
(0.003281 0.0005313 0.009781)
(0.003344 0.0005313 0.009781)
(0.003406 0.0005313 0.009781)
(0.003469 0.0005312 0.009781)
(0.003531 0.0005313 0.009781)
(0.003594 0.0005313 0.009781)
(0.003656 0.0005313 0.009781)
(0.003719 0.0005313 0.009781)
(0.003781 0.0005313 0.009781)
(0.003844 0.0005313 0.009781)
(0.003906 0.0005313 0.009781)
(0.003969 0.0005313 0.009781)
(0.002531 0.0005937 0.009781)
(0.002594 0.0005937 0.009781)
(0.002656 0.0005937 0.009781)
(0.002719 0.0005938 0.009781)
(0.002781 0.0005937 0.009781)
(0.002844 0.0005937 0.009781)
(0.002906 0.0005937 0.009781)
(0.002969 0.0005937 0.009781)
(0.003031 0.0005937 0.009781)
(0.003094 0.0005937 0.009781)
(0.003156 0.0005937 0.009781)
(0.003219 0.0005937 0.009781)
(0.003281 0.0005938 0.009781)
(0.003344 0.0005938 0.009781)
(0.003406 0.0005937 0.009781)
(0.003469 0.0005937 0.009781)
(0.003531 0.0005937 0.009781)
(0.003594 0.0005938 0.009781)
(0.003656 0.0005937 0.009781)
(0.003719 0.0005937 0.009781)
(0.003781 0.0005937 0.009781)
(0.003844 0.0005937 0.009781)
(0.003906 0.0005937 0.009781)
(0.003969 0.0005937 0.009781)
(0.002531 0.0006563 0.009781)
(0.002594 0.0006563 0.009781)
(0.002656 0.0006563 0.009781)
(0.002719 0.0006563 0.009781)
(0.002781 0.0006563 0.009781)
(0.002844 0.0006562 0.009781)
(0.002906 0.0006563 0.009781)
(0.002969 0.0006563 0.009781)
(0.003031 0.0006563 0.009781)
(0.003094 0.0006563 0.009781)
(0.003156 0.0006563 0.009781)
(0.003219 0.0006563 0.009781)
(0.003281 0.0006563 0.009781)
(0.003344 0.0006563 0.009781)
(0.003406 0.0006563 0.009781)
(0.003469 0.0006563 0.009781)
(0.003531 0.0006563 0.009781)
(0.003594 0.0006563 0.009781)
(0.003656 0.0006563 0.009781)
(0.003719 0.0006563 0.009781)
(0.003781 0.0006563 0.009781)
(0.003844 0.0006563 0.009781)
(0.003906 0.0006563 0.009781)
(0.003969 0.0006563 0.009781)
(0.002531 0.0007187 0.009781)
(0.002594 0.0007187 0.009781)
(0.002656 0.0007187 0.009781)
(0.002719 0.0007188 0.009781)
(0.002781 0.0007187 0.009781)
(0.002844 0.0007188 0.009781)
(0.002906 0.0007187 0.009781)
(0.002969 0.0007187 0.009781)
(0.003031 0.0007187 0.009781)
(0.003094 0.0007188 0.009781)
(0.003156 0.0007188 0.009781)
(0.003219 0.0007188 0.009781)
(0.003281 0.0007188 0.009781)
(0.003344 0.0007188 0.009781)
(0.003406 0.0007187 0.009781)
(0.003469 0.0007188 0.009781)
(0.003531 0.0007187 0.009781)
(0.003594 0.0007188 0.009781)
(0.003656 0.0007187 0.009781)
(0.003719 0.0007187 0.009781)
(0.003781 0.0007188 0.009781)
(0.003844 0.0007188 0.009781)
(0.003906 0.0007188 0.009781)
(0.003969 0.0007187 0.009781)
(0.002531 0.0007812 0.009781)
(0.002594 0.0007813 0.009781)
(0.002656 0.0007812 0.009781)
(0.002719 0.0007813 0.009781)
(0.002781 0.0007813 0.009781)
(0.002844 0.0007812 0.009781)
(0.002906 0.0007813 0.009781)
(0.002969 0.0007813 0.009781)
(0.003031 0.0007813 0.009781)
(0.003094 0.0007813 0.009781)
(0.003156 0.0007812 0.009781)
(0.003219 0.0007813 0.009781)
(0.003281 0.0007813 0.009781)
(0.003344 0.0007813 0.009781)
(0.003406 0.0007813 0.009781)
(0.003469 0.0007813 0.009781)
(0.003531 0.0007813 0.009781)
(0.003594 0.0007813 0.009781)
(0.003656 0.0007812 0.009781)
(0.003719 0.0007813 0.009781)
(0.003781 0.0007812 0.009781)
(0.003844 0.0007813 0.009781)
(0.003906 0.0007813 0.009781)
(0.003969 0.0007813 0.009781)
(0.002531 0.0008437 0.009781)
(0.002594 0.0008437 0.009781)
(0.002656 0.0008438 0.009781)
(0.002719 0.0008437 0.009781)
(0.002781 0.0008437 0.009781)
(0.002844 0.0008438 0.009781)
(0.002906 0.0008438 0.009781)
(0.002969 0.0008437 0.009781)
(0.003031 0.0008437 0.009781)
(0.003094 0.0008437 0.009781)
(0.003156 0.0008437 0.009781)
(0.003219 0.0008437 0.009781)
(0.003281 0.0008437 0.009781)
(0.003344 0.0008437 0.009781)
(0.003406 0.0008438 0.009781)
(0.003469 0.0008437 0.009781)
(0.003531 0.0008437 0.009781)
(0.003594 0.0008437 0.009781)
(0.003656 0.0008437 0.009781)
(0.003719 0.0008438 0.009781)
(0.003781 0.0008437 0.009781)
(0.003844 0.0008437 0.009781)
(0.003906 0.0008437 0.009781)
(0.003969 0.0008437 0.009781)
(0.002531 0.0009063 0.009781)
(0.002594 0.0009063 0.009781)
(0.002656 0.0009062 0.009781)
(0.002719 0.0009063 0.009781)
(0.002781 0.0009063 0.009781)
(0.002844 0.0009063 0.009781)
(0.002906 0.0009063 0.009781)
(0.002969 0.0009063 0.009781)
(0.003031 0.0009063 0.009781)
(0.003094 0.0009063 0.009781)
(0.003156 0.0009062 0.009781)
(0.003219 0.0009062 0.009781)
(0.003281 0.0009063 0.009781)
(0.003344 0.0009063 0.009781)
(0.003406 0.0009063 0.009781)
(0.003469 0.0009063 0.009781)
(0.003531 0.0009063 0.009781)
(0.003594 0.0009063 0.009781)
(0.003656 0.0009062 0.009781)
(0.003719 0.0009063 0.009781)
(0.003781 0.0009063 0.009781)
(0.003844 0.0009063 0.009781)
(0.003906 0.0009063 0.009781)
(0.003969 0.0009063 0.009781)
(0.002531 0.0009687 0.009781)
(0.002594 0.0009687 0.009781)
(0.002656 0.0009687 0.009781)
(0.002719 0.0009687 0.009781)
(0.002781 0.0009687 0.009781)
(0.002844 0.0009687 0.009781)
(0.002906 0.0009687 0.009781)
(0.002969 0.0009687 0.009781)
(0.003031 0.0009687 0.009781)
(0.003094 0.0009687 0.009781)
(0.003156 0.0009687 0.009781)
(0.003219 0.0009687 0.009781)
(0.003281 0.0009687 0.009781)
(0.003344 0.0009687 0.009781)
(0.003406 0.0009687 0.009781)
(0.003469 0.0009687 0.009781)
(0.003531 0.0009687 0.009781)
(0.003594 0.0009687 0.009781)
(0.003656 0.0009687 0.009781)
(0.003719 0.0009687 0.009781)
(0.003781 0.0009687 0.009781)
(0.003844 0.0009687 0.009781)
(0.003906 0.0009687 0.009781)
(0.003969 0.0009687 0.009781)
(0.002531 0.001031 0.009781)
(0.002594 0.001031 0.009781)
(0.002656 0.001031 0.009781)
(0.002719 0.001031 0.009781)
(0.002781 0.001031 0.009781)
(0.002844 0.001031 0.009781)
(0.002906 0.001031 0.009781)
(0.002969 0.001031 0.009781)
(0.003031 0.001031 0.009781)
(0.003094 0.001031 0.009781)
(0.003156 0.001031 0.009781)
(0.003219 0.001031 0.009781)
(0.003281 0.001031 0.009781)
(0.003344 0.001031 0.009781)
(0.003406 0.001031 0.009781)
(0.003469 0.001031 0.009781)
(0.003531 0.001031 0.009781)
(0.003594 0.001031 0.009781)
(0.003656 0.001031 0.009781)
(0.003719 0.001031 0.009781)
(0.003781 0.001031 0.009781)
(0.003844 0.001031 0.009781)
(0.003906 0.001031 0.009781)
(0.003969 0.001031 0.009781)
(0.002531 0.001094 0.009781)
(0.002594 0.001094 0.009781)
(0.002656 0.001094 0.009781)
(0.002719 0.001094 0.009781)
(0.002781 0.001094 0.009781)
(0.002844 0.001094 0.009781)
(0.002906 0.001094 0.009781)
(0.002969 0.001094 0.009781)
(0.003031 0.001094 0.009781)
(0.003094 0.001094 0.009781)
(0.003156 0.001094 0.009781)
(0.003219 0.001094 0.009781)
(0.003281 0.001094 0.009781)
(0.003344 0.001094 0.009781)
(0.003406 0.001094 0.009781)
(0.003469 0.001094 0.009781)
(0.003531 0.001094 0.009781)
(0.003594 0.001094 0.009781)
(0.003656 0.001094 0.009781)
(0.003719 0.001094 0.009781)
(0.003781 0.001094 0.009781)
(0.003844 0.001094 0.009781)
(0.003906 0.001094 0.009781)
(0.003969 0.001094 0.009781)
(0.002531 0.001156 0.009781)
(0.002594 0.001156 0.009781)
(0.002656 0.001156 0.009781)
(0.002719 0.001156 0.009781)
(0.002781 0.001156 0.009781)
(0.002844 0.001156 0.009781)
(0.002906 0.001156 0.009781)
(0.002969 0.001156 0.009781)
(0.003031 0.001156 0.009781)
(0.003094 0.001156 0.009781)
(0.003156 0.001156 0.009781)
(0.003219 0.001156 0.009781)
(0.003281 0.001156 0.009781)
(0.003344 0.001156 0.009781)
(0.003406 0.001156 0.009781)
(0.003469 0.001156 0.009781)
(0.003531 0.001156 0.009781)
(0.003594 0.001156 0.009781)
(0.003656 0.001156 0.009781)
(0.003719 0.001156 0.009781)
(0.003781 0.001156 0.009781)
(0.003844 0.001156 0.009781)
(0.003906 0.001156 0.009781)
(0.003969 0.001156 0.009781)
(0.002531 0.001219 0.009781)
(0.002594 0.001219 0.009781)
(0.002656 0.001219 0.009781)
(0.002719 0.001219 0.009781)
(0.002781 0.001219 0.009781)
(0.002844 0.001219 0.009781)
(0.002906 0.001219 0.009781)
(0.002969 0.001219 0.009781)
(0.003031 0.001219 0.009781)
(0.003094 0.001219 0.009781)
(0.003156 0.001219 0.009781)
(0.003219 0.001219 0.009781)
(0.003281 0.001219 0.009781)
(0.003344 0.001219 0.009781)
(0.003406 0.001219 0.009781)
(0.003469 0.001219 0.009781)
(0.003531 0.001219 0.009781)
(0.003594 0.001219 0.009781)
(0.003656 0.001219 0.009781)
(0.003719 0.001219 0.009781)
(0.003781 0.001219 0.009781)
(0.003844 0.001219 0.009781)
(0.003906 0.001219 0.009781)
(0.003969 0.001219 0.009781)
(0.002531 0.0005312 0.009844)
(0.002594 0.0005312 0.009844)
(0.002656 0.0005312 0.009844)
(0.002719 0.0005312 0.009844)
(0.002781 0.0005313 0.009844)
(0.002844 0.0005313 0.009844)
(0.002906 0.0005312 0.009844)
(0.002969 0.0005312 0.009844)
(0.003031 0.0005312 0.009844)
(0.003094 0.0005312 0.009844)
(0.003156 0.0005312 0.009844)
(0.003219 0.0005312 0.009844)
(0.003281 0.0005313 0.009844)
(0.003344 0.0005312 0.009844)
(0.003406 0.0005313 0.009844)
(0.003469 0.0005313 0.009844)
(0.003531 0.0005312 0.009844)
(0.003594 0.0005312 0.009844)
(0.003656 0.0005312 0.009844)
(0.003719 0.0005313 0.009844)
(0.003781 0.0005312 0.009844)
(0.003844 0.0005312 0.009844)
(0.003906 0.0005312 0.009844)
(0.003969 0.0005313 0.009844)
(0.002531 0.0005937 0.009844)
(0.002594 0.0005937 0.009844)
(0.002656 0.0005937 0.009844)
(0.002719 0.0005937 0.009844)
(0.002781 0.0005937 0.009844)
(0.002844 0.0005937 0.009844)
(0.002906 0.0005937 0.009844)
(0.002969 0.0005937 0.009844)
(0.003031 0.0005937 0.009844)
(0.003094 0.0005937 0.009844)
(0.003156 0.0005937 0.009844)
(0.003219 0.0005937 0.009844)
(0.003281 0.0005937 0.009844)
(0.003344 0.0005937 0.009844)
(0.003406 0.0005937 0.009844)
(0.003469 0.0005937 0.009844)
(0.003531 0.0005937 0.009844)
(0.003594 0.0005937 0.009844)
(0.003656 0.0005937 0.009844)
(0.003719 0.0005937 0.009844)
(0.003781 0.0005937 0.009844)
(0.003844 0.0005937 0.009844)
(0.003906 0.0005937 0.009844)
(0.003969 0.0005937 0.009844)
(0.002531 0.0006563 0.009844)
(0.002594 0.0006563 0.009844)
(0.002656 0.0006563 0.009844)
(0.002719 0.0006562 0.009844)
(0.002781 0.0006562 0.009844)
(0.002844 0.0006563 0.009844)
(0.002906 0.0006562 0.009844)
(0.002969 0.0006563 0.009844)
(0.003031 0.0006562 0.009844)
(0.003094 0.0006562 0.009844)
(0.003156 0.0006563 0.009844)
(0.003219 0.0006562 0.009844)
(0.003281 0.0006563 0.009844)
(0.003344 0.0006563 0.009844)
(0.003406 0.0006563 0.009844)
(0.003469 0.0006563 0.009844)
(0.003531 0.0006562 0.009844)
(0.003594 0.0006563 0.009844)
(0.003656 0.0006563 0.009844)
(0.003719 0.0006563 0.009844)
(0.003781 0.0006562 0.009844)
(0.003844 0.0006563 0.009844)
(0.003906 0.0006562 0.009844)
(0.003969 0.0006563 0.009844)
(0.002531 0.0007188 0.009844)
(0.002594 0.0007188 0.009844)
(0.002656 0.0007187 0.009844)
(0.002719 0.0007187 0.009844)
(0.002781 0.0007188 0.009844)
(0.002844 0.0007188 0.009844)
(0.002906 0.0007188 0.009844)
(0.002969 0.0007187 0.009844)
(0.003031 0.0007188 0.009844)
(0.003094 0.0007188 0.009844)
(0.003156 0.0007188 0.009844)
(0.003219 0.0007188 0.009844)
(0.003281 0.0007187 0.009844)
(0.003344 0.0007187 0.009844)
(0.003406 0.0007188 0.009844)
(0.003469 0.0007188 0.009844)
(0.003531 0.0007187 0.009844)
(0.003594 0.0007187 0.009844)
(0.003656 0.0007187 0.009844)
(0.003719 0.0007188 0.009844)
(0.003781 0.0007188 0.009844)
(0.003844 0.0007187 0.009844)
(0.003906 0.0007188 0.009844)
(0.003969 0.0007188 0.009844)
(0.002531 0.0007813 0.009844)
(0.002594 0.0007813 0.009844)
(0.002656 0.0007812 0.009844)
(0.002719 0.0007813 0.009844)
(0.002781 0.0007813 0.009844)
(0.002844 0.0007812 0.009844)
(0.002906 0.0007813 0.009844)
(0.002969 0.0007813 0.009844)
(0.003031 0.0007813 0.009844)
(0.003094 0.0007813 0.009844)
(0.003156 0.0007812 0.009844)
(0.003219 0.0007813 0.009844)
(0.003281 0.0007813 0.009844)
(0.003344 0.0007812 0.009844)
(0.003406 0.0007813 0.009844)
(0.003469 0.0007813 0.009844)
(0.003531 0.0007813 0.009844)
(0.003594 0.0007812 0.009844)
(0.003656 0.0007812 0.009844)
(0.003719 0.0007813 0.009844)
(0.003781 0.0007813 0.009844)
(0.003844 0.0007813 0.009844)
(0.003906 0.0007813 0.009844)
(0.003969 0.0007813 0.009844)
(0.002531 0.0008438 0.009844)
(0.002594 0.0008438 0.009844)
(0.002656 0.0008438 0.009844)
(0.002719 0.0008437 0.009844)
(0.002781 0.0008438 0.009844)
(0.002844 0.0008437 0.009844)
(0.002906 0.0008438 0.009844)
(0.002969 0.0008437 0.009844)
(0.003031 0.0008438 0.009844)
(0.003094 0.0008437 0.009844)
(0.003156 0.0008437 0.009844)
(0.003219 0.0008437 0.009844)
(0.003281 0.0008437 0.009844)
(0.003344 0.0008437 0.009844)
(0.003406 0.0008438 0.009844)
(0.003469 0.0008437 0.009844)
(0.003531 0.0008437 0.009844)
(0.003594 0.0008437 0.009844)
(0.003656 0.0008437 0.009844)
(0.003719 0.0008438 0.009844)
(0.003781 0.0008437 0.009844)
(0.003844 0.0008437 0.009844)
(0.003906 0.0008437 0.009844)
(0.003969 0.0008437 0.009844)
(0.002531 0.0009063 0.009844)
(0.002594 0.0009062 0.009844)
(0.002656 0.0009062 0.009844)
(0.002719 0.0009063 0.009844)
(0.002781 0.0009063 0.009844)
(0.002844 0.0009062 0.009844)
(0.002906 0.0009063 0.009844)
(0.002969 0.0009062 0.009844)
(0.003031 0.0009063 0.009844)
(0.003094 0.0009063 0.009844)
(0.003156 0.0009062 0.009844)
(0.003219 0.0009063 0.009844)
(0.003281 0.0009062 0.009844)
(0.003344 0.0009062 0.009844)
(0.003406 0.0009063 0.009844)
(0.003469 0.0009063 0.009844)
(0.003531 0.0009063 0.009844)
(0.003594 0.0009062 0.009844)
(0.003656 0.0009062 0.009844)
(0.003719 0.0009062 0.009844)
(0.003781 0.0009062 0.009844)
(0.003844 0.0009063 0.009844)
(0.003906 0.0009063 0.009844)
(0.003969 0.0009063 0.009844)
(0.002531 0.0009687 0.009844)
(0.002594 0.0009687 0.009844)
(0.002656 0.0009687 0.009844)
(0.002719 0.0009687 0.009844)
(0.002781 0.0009687 0.009844)
(0.002844 0.0009687 0.009844)
(0.002906 0.0009687 0.009844)
(0.002969 0.0009687 0.009844)
(0.003031 0.0009687 0.009844)
(0.003094 0.0009687 0.009844)
(0.003156 0.0009687 0.009844)
(0.003219 0.0009687 0.009844)
(0.003281 0.0009687 0.009844)
(0.003344 0.0009687 0.009844)
(0.003406 0.0009687 0.009844)
(0.003469 0.0009687 0.009844)
(0.003531 0.0009687 0.009844)
(0.003594 0.0009687 0.009844)
(0.003656 0.0009687 0.009844)
(0.003719 0.0009687 0.009844)
(0.003781 0.0009687 0.009844)
(0.003844 0.0009687 0.009844)
(0.003906 0.0009687 0.009844)
(0.003969 0.0009687 0.009844)
(0.002531 0.001031 0.009844)
(0.002594 0.001031 0.009844)
(0.002656 0.001031 0.009844)
(0.002719 0.001031 0.009844)
(0.002781 0.001031 0.009844)
(0.002844 0.001031 0.009844)
(0.002906 0.001031 0.009844)
(0.002969 0.001031 0.009844)
(0.003031 0.001031 0.009844)
(0.003094 0.001031 0.009844)
(0.003156 0.001031 0.009844)
(0.003219 0.001031 0.009844)
(0.003281 0.001031 0.009844)
(0.003344 0.001031 0.009844)
(0.003406 0.001031 0.009844)
(0.003469 0.001031 0.009844)
(0.003531 0.001031 0.009844)
(0.003594 0.001031 0.009844)
(0.003656 0.001031 0.009844)
(0.003719 0.001031 0.009844)
(0.003781 0.001031 0.009844)
(0.003844 0.001031 0.009844)
(0.003906 0.001031 0.009844)
(0.003969 0.001031 0.009844)
(0.002531 0.001094 0.009844)
(0.002594 0.001094 0.009844)
(0.002656 0.001094 0.009844)
(0.002719 0.001094 0.009844)
(0.002781 0.001094 0.009844)
(0.002844 0.001094 0.009844)
(0.002906 0.001094 0.009844)
(0.002969 0.001094 0.009844)
(0.003031 0.001094 0.009844)
(0.003094 0.001094 0.009844)
(0.003156 0.001094 0.009844)
(0.003219 0.001094 0.009844)
(0.003281 0.001094 0.009844)
(0.003344 0.001094 0.009844)
(0.003406 0.001094 0.009844)
(0.003469 0.001094 0.009844)
(0.003531 0.001094 0.009844)
(0.003594 0.001094 0.009844)
(0.003656 0.001094 0.009844)
(0.003719 0.001094 0.009844)
(0.003781 0.001094 0.009844)
(0.003844 0.001094 0.009844)
(0.003906 0.001094 0.009844)
(0.003969 0.001094 0.009844)
(0.002531 0.001156 0.009844)
(0.002594 0.001156 0.009844)
(0.002656 0.001156 0.009844)
(0.002719 0.001156 0.009844)
(0.002781 0.001156 0.009844)
(0.002844 0.001156 0.009844)
(0.002906 0.001156 0.009844)
(0.002969 0.001156 0.009844)
(0.003031 0.001156 0.009844)
(0.003094 0.001156 0.009844)
(0.003156 0.001156 0.009844)
(0.003219 0.001156 0.009844)
(0.003281 0.001156 0.009844)
(0.003344 0.001156 0.009844)
(0.003406 0.001156 0.009844)
(0.003469 0.001156 0.009844)
(0.003531 0.001156 0.009844)
(0.003594 0.001156 0.009844)
(0.003656 0.001156 0.009844)
(0.003719 0.001156 0.009844)
(0.003781 0.001156 0.009844)
(0.003844 0.001156 0.009844)
(0.003906 0.001156 0.009844)
(0.003969 0.001156 0.009844)
(0.002531 0.001219 0.009844)
(0.002594 0.001219 0.009844)
(0.002656 0.001219 0.009844)
(0.002719 0.001219 0.009844)
(0.002781 0.001219 0.009844)
(0.002844 0.001219 0.009844)
(0.002906 0.001219 0.009844)
(0.002969 0.001219 0.009844)
(0.003031 0.001219 0.009844)
(0.003094 0.001219 0.009844)
(0.003156 0.001219 0.009844)
(0.003219 0.001219 0.009844)
(0.003281 0.001219 0.009844)
(0.003344 0.001219 0.009844)
(0.003406 0.001219 0.009844)
(0.003469 0.001219 0.009844)
(0.003531 0.001219 0.009844)
(0.003594 0.001219 0.009844)
(0.003656 0.001219 0.009844)
(0.003719 0.001219 0.009844)
(0.003781 0.001219 0.009844)
(0.003844 0.001219 0.009844)
(0.003906 0.001219 0.009844)
(0.003969 0.001219 0.009844)
(0.002531 0.0005313 0.009906)
(0.002594 0.0005313 0.009906)
(0.002656 0.0005313 0.009906)
(0.002719 0.0005313 0.009906)
(0.002781 0.0005313 0.009906)
(0.002844 0.0005313 0.009906)
(0.002906 0.0005313 0.009906)
(0.002969 0.0005312 0.009906)
(0.003031 0.0005313 0.009906)
(0.003094 0.0005313 0.009906)
(0.003156 0.0005313 0.009906)
(0.003219 0.0005313 0.009906)
(0.003281 0.0005313 0.009906)
(0.003344 0.0005312 0.009906)
(0.003406 0.0005313 0.009906)
(0.003469 0.0005312 0.009906)
(0.003531 0.0005313 0.009906)
(0.003594 0.0005312 0.009906)
(0.003656 0.0005312 0.009906)
(0.003719 0.0005313 0.009906)
(0.003781 0.0005313 0.009906)
(0.003844 0.0005313 0.009906)
(0.003906 0.0005313 0.009906)
(0.003969 0.0005312 0.009906)
(0.002531 0.0005937 0.009906)
(0.002594 0.0005937 0.009906)
(0.002656 0.0005937 0.009906)
(0.002719 0.0005937 0.009906)
(0.002781 0.0005937 0.009906)
(0.002844 0.0005937 0.009906)
(0.002906 0.0005937 0.009906)
(0.002969 0.0005937 0.009906)
(0.003031 0.0005937 0.009906)
(0.003094 0.0005937 0.009906)
(0.003156 0.0005937 0.009906)
(0.003219 0.0005937 0.009906)
(0.003281 0.0005937 0.009906)
(0.003344 0.0005937 0.009906)
(0.003406 0.0005937 0.009906)
(0.003469 0.0005937 0.009906)
(0.003531 0.0005937 0.009906)
(0.003594 0.0005937 0.009906)
(0.003656 0.0005937 0.009906)
(0.003719 0.0005937 0.009906)
(0.003781 0.0005937 0.009906)
(0.003844 0.0005937 0.009906)
(0.003906 0.0005937 0.009906)
(0.003969 0.0005937 0.009906)
(0.002531 0.0006563 0.009906)
(0.002594 0.0006563 0.009906)
(0.002656 0.0006563 0.009906)
(0.002719 0.0006562 0.009906)
(0.002781 0.0006562 0.009906)
(0.002844 0.0006563 0.009906)
(0.002906 0.0006562 0.009906)
(0.002969 0.0006563 0.009906)
(0.003031 0.0006562 0.009906)
(0.003094 0.0006562 0.009906)
(0.003156 0.0006563 0.009906)
(0.003219 0.0006562 0.009906)
(0.003281 0.0006563 0.009906)
(0.003344 0.0006563 0.009906)
(0.003406 0.0006563 0.009906)
(0.003469 0.0006563 0.009906)
(0.003531 0.0006562 0.009906)
(0.003594 0.0006563 0.009906)
(0.003656 0.0006563 0.009906)
(0.003719 0.0006563 0.009906)
(0.003781 0.0006562 0.009906)
(0.003844 0.0006563 0.009906)
(0.003906 0.0006562 0.009906)
(0.003969 0.0006563 0.009906)
(0.002531 0.0007187 0.009906)
(0.002594 0.0007187 0.009906)
(0.002656 0.0007187 0.009906)
(0.002719 0.0007187 0.009906)
(0.002781 0.0007187 0.009906)
(0.002844 0.0007187 0.009906)
(0.002906 0.0007187 0.009906)
(0.002969 0.0007187 0.009906)
(0.003031 0.0007187 0.009906)
(0.003094 0.0007188 0.009906)
(0.003156 0.0007188 0.009906)
(0.003219 0.0007188 0.009906)
(0.003281 0.0007187 0.009906)
(0.003344 0.0007187 0.009906)
(0.003406 0.0007187 0.009906)
(0.003469 0.0007187 0.009906)
(0.003531 0.0007187 0.009906)
(0.003594 0.0007187 0.009906)
(0.003656 0.0007187 0.009906)
(0.003719 0.0007187 0.009906)
(0.003781 0.0007187 0.009906)
(0.003844 0.0007187 0.009906)
(0.003906 0.0007188 0.009906)
(0.003969 0.0007187 0.009906)
(0.002531 0.0007812 0.009906)
(0.002594 0.0007813 0.009906)
(0.002656 0.0007812 0.009906)
(0.002719 0.0007813 0.009906)
(0.002781 0.0007813 0.009906)
(0.002844 0.0007812 0.009906)
(0.002906 0.0007813 0.009906)
(0.002969 0.0007813 0.009906)
(0.003031 0.0007813 0.009906)
(0.003094 0.0007813 0.009906)
(0.003156 0.0007812 0.009906)
(0.003219 0.0007813 0.009906)
(0.003281 0.0007813 0.009906)
(0.003344 0.0007813 0.009906)
(0.003406 0.0007813 0.009906)
(0.003469 0.0007813 0.009906)
(0.003531 0.0007813 0.009906)
(0.003594 0.0007813 0.009906)
(0.003656 0.0007813 0.009906)
(0.003719 0.0007813 0.009906)
(0.003781 0.0007812 0.009906)
(0.003844 0.0007813 0.009906)
(0.003906 0.0007813 0.009906)
(0.003969 0.0007813 0.009906)
(0.002531 0.0008438 0.009906)
(0.002594 0.0008438 0.009906)
(0.002656 0.0008438 0.009906)
(0.002719 0.0008437 0.009906)
(0.002781 0.0008438 0.009906)
(0.002844 0.0008437 0.009906)
(0.002906 0.0008438 0.009906)
(0.002969 0.0008437 0.009906)
(0.003031 0.0008438 0.009906)
(0.003094 0.0008437 0.009906)
(0.003156 0.0008437 0.009906)
(0.003219 0.0008437 0.009906)
(0.003281 0.0008437 0.009906)
(0.003344 0.0008437 0.009906)
(0.003406 0.0008438 0.009906)
(0.003469 0.0008437 0.009906)
(0.003531 0.0008437 0.009906)
(0.003594 0.0008437 0.009906)
(0.003656 0.0008437 0.009906)
(0.003719 0.0008438 0.009906)
(0.003781 0.0008437 0.009906)
(0.003844 0.0008437 0.009906)
(0.003906 0.0008437 0.009906)
(0.003969 0.0008437 0.009906)
(0.002531 0.0009062 0.009906)
(0.002594 0.0009063 0.009906)
(0.002656 0.0009062 0.009906)
(0.002719 0.0009063 0.009906)
(0.002781 0.0009062 0.009906)
(0.002844 0.0009063 0.009906)
(0.002906 0.0009062 0.009906)
(0.002969 0.0009062 0.009906)
(0.003031 0.0009063 0.009906)
(0.003094 0.0009063 0.009906)
(0.003156 0.0009062 0.009906)
(0.003219 0.0009062 0.009906)
(0.003281 0.0009063 0.009906)
(0.003344 0.0009063 0.009906)
(0.003406 0.0009062 0.009906)
(0.003469 0.0009062 0.009906)
(0.003531 0.0009063 0.009906)
(0.003594 0.0009063 0.009906)
(0.003656 0.0009062 0.009906)
(0.003719 0.0009063 0.009906)
(0.003781 0.0009063 0.009906)
(0.003844 0.0009062 0.009906)
(0.003906 0.0009063 0.009906)
(0.003969 0.0009063 0.009906)
(0.002531 0.0009687 0.009906)
(0.002594 0.0009687 0.009906)
(0.002656 0.0009687 0.009906)
(0.002719 0.0009687 0.009906)
(0.002781 0.0009687 0.009906)
(0.002844 0.0009687 0.009906)
(0.002906 0.0009687 0.009906)
(0.002969 0.0009687 0.009906)
(0.003031 0.0009687 0.009906)
(0.003094 0.0009687 0.009906)
(0.003156 0.0009687 0.009906)
(0.003219 0.0009687 0.009906)
(0.003281 0.0009687 0.009906)
(0.003344 0.0009687 0.009906)
(0.003406 0.0009687 0.009906)
(0.003469 0.0009687 0.009906)
(0.003531 0.0009687 0.009906)
(0.003594 0.0009687 0.009906)
(0.003656 0.0009687 0.009906)
(0.003719 0.0009687 0.009906)
(0.003781 0.0009687 0.009906)
(0.003844 0.0009687 0.009906)
(0.003906 0.0009687 0.009906)
(0.003969 0.0009687 0.009906)
(0.002531 0.001031 0.009906)
(0.002594 0.001031 0.009906)
(0.002656 0.001031 0.009906)
(0.002719 0.001031 0.009906)
(0.002781 0.001031 0.009906)
(0.002844 0.001031 0.009906)
(0.002906 0.001031 0.009906)
(0.002969 0.001031 0.009906)
(0.003031 0.001031 0.009906)
(0.003094 0.001031 0.009906)
(0.003156 0.001031 0.009906)
(0.003219 0.001031 0.009906)
(0.003281 0.001031 0.009906)
(0.003344 0.001031 0.009906)
(0.003406 0.001031 0.009906)
(0.003469 0.001031 0.009906)
(0.003531 0.001031 0.009906)
(0.003594 0.001031 0.009906)
(0.003656 0.001031 0.009906)
(0.003719 0.001031 0.009906)
(0.003781 0.001031 0.009906)
(0.003844 0.001031 0.009906)
(0.003906 0.001031 0.009906)
(0.003969 0.001031 0.009906)
(0.002531 0.001094 0.009906)
(0.002594 0.001094 0.009906)
(0.002656 0.001094 0.009906)
(0.002719 0.001094 0.009906)
(0.002781 0.001094 0.009906)
(0.002844 0.001094 0.009906)
(0.002906 0.001094 0.009906)
(0.002969 0.001094 0.009906)
(0.003031 0.001094 0.009906)
(0.003094 0.001094 0.009906)
(0.003156 0.001094 0.009906)
(0.003219 0.001094 0.009906)
(0.003281 0.001094 0.009906)
(0.003344 0.001094 0.009906)
(0.003406 0.001094 0.009906)
(0.003469 0.001094 0.009906)
(0.003531 0.001094 0.009906)
(0.003594 0.001094 0.009906)
(0.003656 0.001094 0.009906)
(0.003719 0.001094 0.009906)
(0.003781 0.001094 0.009906)
(0.003844 0.001094 0.009906)
(0.003906 0.001094 0.009906)
(0.003969 0.001094 0.009906)
(0.002531 0.001156 0.009906)
(0.002594 0.001156 0.009906)
(0.002656 0.001156 0.009906)
(0.002719 0.001156 0.009906)
(0.002781 0.001156 0.009906)
(0.002844 0.001156 0.009906)
(0.002906 0.001156 0.009906)
(0.002969 0.001156 0.009906)
(0.003031 0.001156 0.009906)
(0.003094 0.001156 0.009906)
(0.003156 0.001156 0.009906)
(0.003219 0.001156 0.009906)
(0.003281 0.001156 0.009906)
(0.003344 0.001156 0.009906)
(0.003406 0.001156 0.009906)
(0.003469 0.001156 0.009906)
(0.003531 0.001156 0.009906)
(0.003594 0.001156 0.009906)
(0.003656 0.001156 0.009906)
(0.003719 0.001156 0.009906)
(0.003781 0.001156 0.009906)
(0.003844 0.001156 0.009906)
(0.003906 0.001156 0.009906)
(0.003969 0.001156 0.009906)
(0.002531 0.001219 0.009906)
(0.002594 0.001219 0.009906)
(0.002656 0.001219 0.009906)
(0.002719 0.001219 0.009906)
(0.002781 0.001219 0.009906)
(0.002844 0.001219 0.009906)
(0.002906 0.001219 0.009906)
(0.002969 0.001219 0.009906)
(0.003031 0.001219 0.009906)
(0.003094 0.001219 0.009906)
(0.003156 0.001219 0.009906)
(0.003219 0.001219 0.009906)
(0.003281 0.001219 0.009906)
(0.003344 0.001219 0.009906)
(0.003406 0.001219 0.009906)
(0.003469 0.001219 0.009906)
(0.003531 0.001219 0.009906)
(0.003594 0.001219 0.009906)
(0.003656 0.001219 0.009906)
(0.003719 0.001219 0.009906)
(0.003781 0.001219 0.009906)
(0.003844 0.001219 0.009906)
(0.003906 0.001219 0.009906)
(0.003969 0.001219 0.009906)
(0.002531 0.0005313 0.009969)
(0.002594 0.0005313 0.009969)
(0.002656 0.0005312 0.009969)
(0.002719 0.0005313 0.009969)
(0.002781 0.0005313 0.009969)
(0.002844 0.0005313 0.009969)
(0.002906 0.0005313 0.009969)
(0.002969 0.0005312 0.009969)
(0.003031 0.0005313 0.009969)
(0.003094 0.0005313 0.009969)
(0.003156 0.0005312 0.009969)
(0.003219 0.0005313 0.009969)
(0.003281 0.0005313 0.009969)
(0.003344 0.0005313 0.009969)
(0.003406 0.0005313 0.009969)
(0.003469 0.0005312 0.009969)
(0.003531 0.0005313 0.009969)
(0.003594 0.0005313 0.009969)
(0.003656 0.0005312 0.009969)
(0.003719 0.0005313 0.009969)
(0.003781 0.0005313 0.009969)
(0.003844 0.0005313 0.009969)
(0.003906 0.0005313 0.009969)
(0.003969 0.0005313 0.009969)
(0.002531 0.0005937 0.009969)
(0.002594 0.0005937 0.009969)
(0.002656 0.0005937 0.009969)
(0.002719 0.0005938 0.009969)
(0.002781 0.0005937 0.009969)
(0.002844 0.0005937 0.009969)
(0.002906 0.0005937 0.009969)
(0.002969 0.0005937 0.009969)
(0.003031 0.0005937 0.009969)
(0.003094 0.0005937 0.009969)
(0.003156 0.0005937 0.009969)
(0.003219 0.0005937 0.009969)
(0.003281 0.0005938 0.009969)
(0.003344 0.0005938 0.009969)
(0.003406 0.0005937 0.009969)
(0.003469 0.0005937 0.009969)
(0.003531 0.0005937 0.009969)
(0.003594 0.0005938 0.009969)
(0.003656 0.0005937 0.009969)
(0.003719 0.0005937 0.009969)
(0.003781 0.0005937 0.009969)
(0.003844 0.0005937 0.009969)
(0.003906 0.0005937 0.009969)
(0.003969 0.0005938 0.009969)
(0.002531 0.0006563 0.009969)
(0.002594 0.0006563 0.009969)
(0.002656 0.0006563 0.009969)
(0.002719 0.0006562 0.009969)
(0.002781 0.0006562 0.009969)
(0.002844 0.0006563 0.009969)
(0.002906 0.0006562 0.009969)
(0.002969 0.0006563 0.009969)
(0.003031 0.0006562 0.009969)
(0.003094 0.0006562 0.009969)
(0.003156 0.0006563 0.009969)
(0.003219 0.0006562 0.009969)
(0.003281 0.0006563 0.009969)
(0.003344 0.0006563 0.009969)
(0.003406 0.0006563 0.009969)
(0.003469 0.0006563 0.009969)
(0.003531 0.0006562 0.009969)
(0.003594 0.0006563 0.009969)
(0.003656 0.0006563 0.009969)
(0.003719 0.0006563 0.009969)
(0.003781 0.0006562 0.009969)
(0.003844 0.0006563 0.009969)
(0.003906 0.0006562 0.009969)
(0.003969 0.0006563 0.009969)
(0.002531 0.0007187 0.009969)
(0.002594 0.0007187 0.009969)
(0.002656 0.0007187 0.009969)
(0.002719 0.0007188 0.009969)
(0.002781 0.0007187 0.009969)
(0.002844 0.0007188 0.009969)
(0.002906 0.0007187 0.009969)
(0.002969 0.0007187 0.009969)
(0.003031 0.0007187 0.009969)
(0.003094 0.0007188 0.009969)
(0.003156 0.0007188 0.009969)
(0.003219 0.0007188 0.009969)
(0.003281 0.0007188 0.009969)
(0.003344 0.0007188 0.009969)
(0.003406 0.0007187 0.009969)
(0.003469 0.0007188 0.009969)
(0.003531 0.0007187 0.009969)
(0.003594 0.0007188 0.009969)
(0.003656 0.0007187 0.009969)
(0.003719 0.0007187 0.009969)
(0.003781 0.0007188 0.009969)
(0.003844 0.0007188 0.009969)
(0.003906 0.0007188 0.009969)
(0.003969 0.0007188 0.009969)
(0.002531 0.0007813 0.009969)
(0.002594 0.0007813 0.009969)
(0.002656 0.0007812 0.009969)
(0.002719 0.0007813 0.009969)
(0.002781 0.0007813 0.009969)
(0.002844 0.0007812 0.009969)
(0.002906 0.0007813 0.009969)
(0.002969 0.0007813 0.009969)
(0.003031 0.0007813 0.009969)
(0.003094 0.0007813 0.009969)
(0.003156 0.0007812 0.009969)
(0.003219 0.0007813 0.009969)
(0.003281 0.0007813 0.009969)
(0.003344 0.0007812 0.009969)
(0.003406 0.0007813 0.009969)
(0.003469 0.0007813 0.009969)
(0.003531 0.0007813 0.009969)
(0.003594 0.0007812 0.009969)
(0.003656 0.0007812 0.009969)
(0.003719 0.0007813 0.009969)
(0.003781 0.0007813 0.009969)
(0.003844 0.0007813 0.009969)
(0.003906 0.0007813 0.009969)
(0.003969 0.0007812 0.009969)
(0.002531 0.0008437 0.009969)
(0.002594 0.0008437 0.009969)
(0.002656 0.0008438 0.009969)
(0.002719 0.0008437 0.009969)
(0.002781 0.0008437 0.009969)
(0.002844 0.0008438 0.009969)
(0.002906 0.0008438 0.009969)
(0.002969 0.0008437 0.009969)
(0.003031 0.0008437 0.009969)
(0.003094 0.0008437 0.009969)
(0.003156 0.0008437 0.009969)
(0.003219 0.0008437 0.009969)
(0.003281 0.0008437 0.009969)
(0.003344 0.0008437 0.009969)
(0.003406 0.0008438 0.009969)
(0.003469 0.0008437 0.009969)
(0.003531 0.0008437 0.009969)
(0.003594 0.0008437 0.009969)
(0.003656 0.0008437 0.009969)
(0.003719 0.0008438 0.009969)
(0.003781 0.0008437 0.009969)
(0.003844 0.0008437 0.009969)
(0.003906 0.0008437 0.009969)
(0.003969 0.0008437 0.009969)
(0.002531 0.0009063 0.009969)
(0.002594 0.0009062 0.009969)
(0.002656 0.0009062 0.009969)
(0.002719 0.0009063 0.009969)
(0.002781 0.0009063 0.009969)
(0.002844 0.0009062 0.009969)
(0.002906 0.0009063 0.009969)
(0.002969 0.0009062 0.009969)
(0.003031 0.0009063 0.009969)
(0.003094 0.0009063 0.009969)
(0.003156 0.0009062 0.009969)
(0.003219 0.0009063 0.009969)
(0.003281 0.0009062 0.009969)
(0.003344 0.0009062 0.009969)
(0.003406 0.0009063 0.009969)
(0.003469 0.0009063 0.009969)
(0.003531 0.0009063 0.009969)
(0.003594 0.0009062 0.009969)
(0.003656 0.0009062 0.009969)
(0.003719 0.0009062 0.009969)
(0.003781 0.0009062 0.009969)
(0.003844 0.0009063 0.009969)
(0.003906 0.0009063 0.009969)
(0.003969 0.0009063 0.009969)
(0.002531 0.0009687 0.009969)
(0.002594 0.0009687 0.009969)
(0.002656 0.0009687 0.009969)
(0.002719 0.0009687 0.009969)
(0.002781 0.0009687 0.009969)
(0.002844 0.0009687 0.009969)
(0.002906 0.0009687 0.009969)
(0.002969 0.0009687 0.009969)
(0.003031 0.0009687 0.009969)
(0.003094 0.0009687 0.009969)
(0.003156 0.0009687 0.009969)
(0.003219 0.0009687 0.009969)
(0.003281 0.0009687 0.009969)
(0.003344 0.0009687 0.009969)
(0.003406 0.0009687 0.009969)
(0.003469 0.0009687 0.009969)
(0.003531 0.0009687 0.009969)
(0.003594 0.0009687 0.009969)
(0.003656 0.0009687 0.009969)
(0.003719 0.0009687 0.009969)
(0.003781 0.0009687 0.009969)
(0.003844 0.0009687 0.009969)
(0.003906 0.0009687 0.009969)
(0.003969 0.0009687 0.009969)
(0.002531 0.001031 0.009969)
(0.002594 0.001031 0.009969)
(0.002656 0.001031 0.009969)
(0.002719 0.001031 0.009969)
(0.002781 0.001031 0.009969)
(0.002844 0.001031 0.009969)
(0.002906 0.001031 0.009969)
(0.002969 0.001031 0.009969)
(0.003031 0.001031 0.009969)
(0.003094 0.001031 0.009969)
(0.003156 0.001031 0.009969)
(0.003219 0.001031 0.009969)
(0.003281 0.001031 0.009969)
(0.003344 0.001031 0.009969)
(0.003406 0.001031 0.009969)
(0.003469 0.001031 0.009969)
(0.003531 0.001031 0.009969)
(0.003594 0.001031 0.009969)
(0.003656 0.001031 0.009969)
(0.003719 0.001031 0.009969)
(0.003781 0.001031 0.009969)
(0.003844 0.001031 0.009969)
(0.003906 0.001031 0.009969)
(0.003969 0.001031 0.009969)
(0.002531 0.001094 0.009969)
(0.002594 0.001094 0.009969)
(0.002656 0.001094 0.009969)
(0.002719 0.001094 0.009969)
(0.002781 0.001094 0.009969)
(0.002844 0.001094 0.009969)
(0.002906 0.001094 0.009969)
(0.002969 0.001094 0.009969)
(0.003031 0.001094 0.009969)
(0.003094 0.001094 0.009969)
(0.003156 0.001094 0.009969)
(0.003219 0.001094 0.009969)
(0.003281 0.001094 0.009969)
(0.003344 0.001094 0.009969)
(0.003406 0.001094 0.009969)
(0.003469 0.001094 0.009969)
(0.003531 0.001094 0.009969)
(0.003594 0.001094 0.009969)
(0.003656 0.001094 0.009969)
(0.003719 0.001094 0.009969)
(0.003781 0.001094 0.009969)
(0.003844 0.001094 0.009969)
(0.003906 0.001094 0.009969)
(0.003969 0.001094 0.009969)
(0.002531 0.001156 0.009969)
(0.002594 0.001156 0.009969)
(0.002656 0.001156 0.009969)
(0.002719 0.001156 0.009969)
(0.002781 0.001156 0.009969)
(0.002844 0.001156 0.009969)
(0.002906 0.001156 0.009969)
(0.002969 0.001156 0.009969)
(0.003031 0.001156 0.009969)
(0.003094 0.001156 0.009969)
(0.003156 0.001156 0.009969)
(0.003219 0.001156 0.009969)
(0.003281 0.001156 0.009969)
(0.003344 0.001156 0.009969)
(0.003406 0.001156 0.009969)
(0.003469 0.001156 0.009969)
(0.003531 0.001156 0.009969)
(0.003594 0.001156 0.009969)
(0.003656 0.001156 0.009969)
(0.003719 0.001156 0.009969)
(0.003781 0.001156 0.009969)
(0.003844 0.001156 0.009969)
(0.003906 0.001156 0.009969)
(0.003969 0.001156 0.009969)
(0.002531 0.001219 0.009969)
(0.002594 0.001219 0.009969)
(0.002656 0.001219 0.009969)
(0.002719 0.001219 0.009969)
(0.002781 0.001219 0.009969)
(0.002844 0.001219 0.009969)
(0.002906 0.001219 0.009969)
(0.002969 0.001219 0.009969)
(0.003031 0.001219 0.009969)
(0.003094 0.001219 0.009969)
(0.003156 0.001219 0.009969)
(0.003219 0.001219 0.009969)
(0.003281 0.001219 0.009969)
(0.003344 0.001219 0.009969)
(0.003406 0.001219 0.009969)
(0.003469 0.001219 0.009969)
(0.003531 0.001219 0.009969)
(0.003594 0.001219 0.009969)
(0.003656 0.001219 0.009969)
(0.003719 0.001219 0.009969)
(0.003781 0.001219 0.009969)
(0.003844 0.001219 0.009969)
(0.003906 0.001219 0.009969)
(0.003969 0.001219 0.009969)
(0.004031 3.125e-05 0.008031)
(0.004094 3.125e-05 0.008031)
(0.004156 3.125e-05 0.008031)
(0.004219 3.125e-05 0.008031)
(0.004281 3.125e-05 0.008031)
(0.004344 3.125e-05 0.008031)
(0.004406 3.125e-05 0.008031)
(0.004469 3.125e-05 0.008031)
(0.004531 3.125e-05 0.008031)
(0.004594 3.125e-05 0.008031)
(0.004656 3.125e-05 0.008031)
(0.004719 3.125e-05 0.008031)
(0.004781 3.125e-05 0.008031)
(0.004844 3.125e-05 0.008031)
(0.004906 3.125e-05 0.008031)
(0.004969 3.125e-05 0.008031)
(0.004031 9.375e-05 0.008031)
(0.004094 9.375e-05 0.008031)
(0.004156 9.375e-05 0.008031)
(0.004219 9.375e-05 0.008031)
(0.004281 9.375e-05 0.008031)
(0.004344 9.375e-05 0.008031)
(0.004406 9.375e-05 0.008031)
(0.004469 9.375e-05 0.008031)
(0.004531 9.375e-05 0.008031)
(0.004594 9.375e-05 0.008031)
(0.004656 9.375e-05 0.008031)
(0.004719 9.375e-05 0.008031)
(0.004781 9.375e-05 0.008031)
(0.004844 9.375e-05 0.008031)
(0.004906 9.375e-05 0.008031)
(0.004969 9.375e-05 0.008031)
(0.004031 0.0001563 0.008031)
(0.004094 0.0001562 0.008031)
(0.004156 0.0001563 0.008031)
(0.004219 0.0001562 0.008031)
(0.004281 0.0001563 0.008031)
(0.004344 0.0001563 0.008031)
(0.004406 0.0001563 0.008031)
(0.004469 0.0001562 0.008031)
(0.004531 0.0001562 0.008031)
(0.004594 0.0001562 0.008031)
(0.004656 0.0001562 0.008031)
(0.004719 0.0001563 0.008031)
(0.004781 0.0001562 0.008031)
(0.004844 0.0001563 0.008031)
(0.004906 0.0001562 0.008031)
(0.004969 0.0001563 0.008031)
(0.004031 0.0002188 0.008031)
(0.004094 0.0002188 0.008031)
(0.004156 0.0002188 0.008031)
(0.004219 0.0002188 0.008031)
(0.004281 0.0002188 0.008031)
(0.004344 0.0002188 0.008031)
(0.004406 0.0002188 0.008031)
(0.004469 0.0002188 0.008031)
(0.004531 0.0002188 0.008031)
(0.004594 0.0002188 0.008031)
(0.004656 0.0002188 0.008031)
(0.004719 0.0002188 0.008031)
(0.004781 0.0002188 0.008031)
(0.004844 0.0002188 0.008031)
(0.004906 0.0002188 0.008031)
(0.004969 0.0002188 0.008031)
(0.004031 0.0002813 0.008031)
(0.004094 0.0002813 0.008031)
(0.004156 0.0002813 0.008031)
(0.004219 0.0002813 0.008031)
(0.004281 0.0002813 0.008031)
(0.004344 0.0002813 0.008031)
(0.004406 0.0002812 0.008031)
(0.004469 0.0002813 0.008031)
(0.004531 0.0002813 0.008031)
(0.004594 0.0002812 0.008031)
(0.004656 0.0002813 0.008031)
(0.004719 0.0002813 0.008031)
(0.004781 0.0002813 0.008031)
(0.004844 0.0002812 0.008031)
(0.004906 0.0002813 0.008031)
(0.004969 0.0002813 0.008031)
(0.004031 0.0003437 0.008031)
(0.004094 0.0003437 0.008031)
(0.004156 0.0003438 0.008031)
(0.004219 0.0003437 0.008031)
(0.004281 0.0003438 0.008031)
(0.004344 0.0003437 0.008031)
(0.004406 0.0003437 0.008031)
(0.004469 0.0003438 0.008031)
(0.004531 0.0003438 0.008031)
(0.004594 0.0003437 0.008031)
(0.004656 0.0003438 0.008031)
(0.004719 0.0003438 0.008031)
(0.004781 0.0003438 0.008031)
(0.004844 0.0003437 0.008031)
(0.004906 0.0003438 0.008031)
(0.004969 0.0003438 0.008031)
(0.004031 0.0004062 0.008031)
(0.004094 0.0004062 0.008031)
(0.004156 0.0004063 0.008031)
(0.004219 0.0004062 0.008031)
(0.004281 0.0004062 0.008031)
(0.004344 0.0004062 0.008031)
(0.004406 0.0004063 0.008031)
(0.004469 0.0004063 0.008031)
(0.004531 0.0004063 0.008031)
(0.004594 0.0004063 0.008031)
(0.004656 0.0004063 0.008031)
(0.004719 0.0004062 0.008031)
(0.004781 0.0004063 0.008031)
(0.004844 0.0004063 0.008031)
(0.004906 0.0004063 0.008031)
(0.004969 0.0004062 0.008031)
(0.004031 0.0004687 0.008031)
(0.004094 0.0004688 0.008031)
(0.004156 0.0004688 0.008031)
(0.004219 0.0004687 0.008031)
(0.004281 0.0004687 0.008031)
(0.004344 0.0004688 0.008031)
(0.004406 0.0004688 0.008031)
(0.004469 0.0004687 0.008031)
(0.004531 0.0004687 0.008031)
(0.004594 0.0004687 0.008031)
(0.004656 0.0004688 0.008031)
(0.004719 0.0004688 0.008031)
(0.004781 0.0004687 0.008031)
(0.004844 0.0004687 0.008031)
(0.004906 0.0004687 0.008031)
(0.004969 0.0004688 0.008031)
(0.004031 3.125e-05 0.008094)
(0.004094 3.125e-05 0.008094)
(0.004156 3.125e-05 0.008094)
(0.004219 3.125e-05 0.008094)
(0.004281 3.125e-05 0.008094)
(0.004344 3.125e-05 0.008094)
(0.004406 3.125e-05 0.008094)
(0.004469 3.125e-05 0.008094)
(0.004531 3.125e-05 0.008094)
(0.004594 3.125e-05 0.008094)
(0.004656 3.125e-05 0.008094)
(0.004719 3.125e-05 0.008094)
(0.004781 3.125e-05 0.008094)
(0.004844 3.125e-05 0.008094)
(0.004906 3.125e-05 0.008094)
(0.004969 3.125e-05 0.008094)
(0.004031 9.375e-05 0.008094)
(0.004094 9.375e-05 0.008094)
(0.004156 9.375e-05 0.008094)
(0.004219 9.375e-05 0.008094)
(0.004281 9.375e-05 0.008094)
(0.004344 9.375e-05 0.008094)
(0.004406 9.375e-05 0.008094)
(0.004469 9.375e-05 0.008094)
(0.004531 9.375e-05 0.008094)
(0.004594 9.375e-05 0.008094)
(0.004656 9.375e-05 0.008094)
(0.004719 9.375e-05 0.008094)
(0.004781 9.375e-05 0.008094)
(0.004844 9.375e-05 0.008094)
(0.004906 9.375e-05 0.008094)
(0.004969 9.375e-05 0.008094)
(0.004031 0.0001563 0.008094)
(0.004094 0.0001563 0.008094)
(0.004156 0.0001563 0.008094)
(0.004219 0.0001563 0.008094)
(0.004281 0.0001563 0.008094)
(0.004344 0.0001563 0.008094)
(0.004406 0.0001563 0.008094)
(0.004469 0.0001562 0.008094)
(0.004531 0.0001562 0.008094)
(0.004594 0.0001562 0.008094)
(0.004656 0.0001562 0.008094)
(0.004719 0.0001563 0.008094)
(0.004781 0.0001562 0.008094)
(0.004844 0.0001563 0.008094)
(0.004906 0.0001562 0.008094)
(0.004969 0.0001563 0.008094)
(0.004031 0.0002188 0.008094)
(0.004094 0.0002188 0.008094)
(0.004156 0.0002188 0.008094)
(0.004219 0.0002188 0.008094)
(0.004281 0.0002188 0.008094)
(0.004344 0.0002188 0.008094)
(0.004406 0.0002188 0.008094)
(0.004469 0.0002188 0.008094)
(0.004531 0.0002188 0.008094)
(0.004594 0.0002188 0.008094)
(0.004656 0.0002188 0.008094)
(0.004719 0.0002188 0.008094)
(0.004781 0.0002188 0.008094)
(0.004844 0.0002188 0.008094)
(0.004906 0.0002188 0.008094)
(0.004969 0.0002188 0.008094)
(0.004031 0.0002812 0.008094)
(0.004094 0.0002812 0.008094)
(0.004156 0.0002813 0.008094)
(0.004219 0.0002812 0.008094)
(0.004281 0.0002812 0.008094)
(0.004344 0.0002812 0.008094)
(0.004406 0.0002812 0.008094)
(0.004469 0.0002812 0.008094)
(0.004531 0.0002812 0.008094)
(0.004594 0.0002812 0.008094)
(0.004656 0.0002812 0.008094)
(0.004719 0.0002812 0.008094)
(0.004781 0.0002813 0.008094)
(0.004844 0.0002812 0.008094)
(0.004906 0.0002813 0.008094)
(0.004969 0.0002813 0.008094)
(0.004031 0.0003437 0.008094)
(0.004094 0.0003437 0.008094)
(0.004156 0.0003438 0.008094)
(0.004219 0.0003437 0.008094)
(0.004281 0.0003438 0.008094)
(0.004344 0.0003437 0.008094)
(0.004406 0.0003437 0.008094)
(0.004469 0.0003437 0.008094)
(0.004531 0.0003438 0.008094)
(0.004594 0.0003438 0.008094)
(0.004656 0.0003437 0.008094)
(0.004719 0.0003438 0.008094)
(0.004781 0.0003438 0.008094)
(0.004844 0.0003438 0.008094)
(0.004906 0.0003438 0.008094)
(0.004969 0.0003438 0.008094)
(0.004031 0.0004062 0.008094)
(0.004094 0.0004062 0.008094)
(0.004156 0.0004063 0.008094)
(0.004219 0.0004062 0.008094)
(0.004281 0.0004063 0.008094)
(0.004344 0.0004062 0.008094)
(0.004406 0.0004063 0.008094)
(0.004469 0.0004063 0.008094)
(0.004531 0.0004063 0.008094)
(0.004594 0.0004063 0.008094)
(0.004656 0.0004062 0.008094)
(0.004719 0.0004063 0.008094)
(0.004781 0.0004063 0.008094)
(0.004844 0.0004063 0.008094)
(0.004906 0.0004063 0.008094)
(0.004969 0.0004063 0.008094)
(0.004031 0.0004688 0.008094)
(0.004094 0.0004688 0.008094)
(0.004156 0.0004688 0.008094)
(0.004219 0.0004687 0.008094)
(0.004281 0.0004688 0.008094)
(0.004344 0.0004688 0.008094)
(0.004406 0.0004687 0.008094)
(0.004469 0.0004687 0.008094)
(0.004531 0.0004687 0.008094)
(0.004594 0.0004688 0.008094)
(0.004656 0.0004687 0.008094)
(0.004719 0.0004688 0.008094)
(0.004781 0.0004688 0.008094)
(0.004844 0.0004688 0.008094)
(0.004906 0.0004688 0.008094)
(0.004969 0.0004687 0.008094)
(0.004031 3.125e-05 0.008156)
(0.004094 3.125e-05 0.008156)
(0.004156 3.125e-05 0.008156)
(0.004219 3.125e-05 0.008156)
(0.004281 3.125e-05 0.008156)
(0.004344 3.125e-05 0.008156)
(0.004406 3.125e-05 0.008156)
(0.004469 3.125e-05 0.008156)
(0.004531 3.125e-05 0.008156)
(0.004594 3.125e-05 0.008156)
(0.004656 3.125e-05 0.008156)
(0.004719 3.125e-05 0.008156)
(0.004781 3.125e-05 0.008156)
(0.004844 3.125e-05 0.008156)
(0.004906 3.125e-05 0.008156)
(0.004969 3.125e-05 0.008156)
(0.004031 9.375e-05 0.008156)
(0.004094 9.375e-05 0.008156)
(0.004156 9.375e-05 0.008156)
(0.004219 9.375e-05 0.008156)
(0.004281 9.375e-05 0.008156)
(0.004344 9.375e-05 0.008156)
(0.004406 9.375e-05 0.008156)
(0.004469 9.375e-05 0.008156)
(0.004531 9.375e-05 0.008156)
(0.004594 9.375e-05 0.008156)
(0.004656 9.375e-05 0.008156)
(0.004719 9.375e-05 0.008156)
(0.004781 9.375e-05 0.008156)
(0.004844 9.375e-05 0.008156)
(0.004906 9.375e-05 0.008156)
(0.004969 9.375e-05 0.008156)
(0.004031 0.0001563 0.008156)
(0.004094 0.0001562 0.008156)
(0.004156 0.0001562 0.008156)
(0.004219 0.0001562 0.008156)
(0.004281 0.0001562 0.008156)
(0.004344 0.0001562 0.008156)
(0.004406 0.0001563 0.008156)
(0.004469 0.0001563 0.008156)
(0.004531 0.0001562 0.008156)
(0.004594 0.0001563 0.008156)
(0.004656 0.0001563 0.008156)
(0.004719 0.0001562 0.008156)
(0.004781 0.0001562 0.008156)
(0.004844 0.0001563 0.008156)
(0.004906 0.0001563 0.008156)
(0.004969 0.0001562 0.008156)
(0.004031 0.0002188 0.008156)
(0.004094 0.0002187 0.008156)
(0.004156 0.0002187 0.008156)
(0.004219 0.0002187 0.008156)
(0.004281 0.0002188 0.008156)
(0.004344 0.0002187 0.008156)
(0.004406 0.0002188 0.008156)
(0.004469 0.0002188 0.008156)
(0.004531 0.0002187 0.008156)
(0.004594 0.0002188 0.008156)
(0.004656 0.0002188 0.008156)
(0.004719 0.0002187 0.008156)
(0.004781 0.0002188 0.008156)
(0.004844 0.0002188 0.008156)
(0.004906 0.0002188 0.008156)
(0.004969 0.0002187 0.008156)
(0.004031 0.0002813 0.008156)
(0.004094 0.0002812 0.008156)
(0.004156 0.0002812 0.008156)
(0.004219 0.0002812 0.008156)
(0.004281 0.0002812 0.008156)
(0.004344 0.0002812 0.008156)
(0.004406 0.0002812 0.008156)
(0.004469 0.0002812 0.008156)
(0.004531 0.0002812 0.008156)
(0.004594 0.0002813 0.008156)
(0.004656 0.0002813 0.008156)
(0.004719 0.0002812 0.008156)
(0.004781 0.0002812 0.008156)
(0.004844 0.0002813 0.008156)
(0.004906 0.0002812 0.008156)
(0.004969 0.0002812 0.008156)
(0.004031 0.0003438 0.008156)
(0.004094 0.0003437 0.008156)
(0.004156 0.0003438 0.008156)
(0.004219 0.0003437 0.008156)
(0.004281 0.0003437 0.008156)
(0.004344 0.0003437 0.008156)
(0.004406 0.0003437 0.008156)
(0.004469 0.0003438 0.008156)
(0.004531 0.0003437 0.008156)
(0.004594 0.0003438 0.008156)
(0.004656 0.0003438 0.008156)
(0.004719 0.0003437 0.008156)
(0.004781 0.0003438 0.008156)
(0.004844 0.0003438 0.008156)
(0.004906 0.0003438 0.008156)
(0.004969 0.0003437 0.008156)
(0.004031 0.0004063 0.008156)
(0.004094 0.0004062 0.008156)
(0.004156 0.0004062 0.008156)
(0.004219 0.0004062 0.008156)
(0.004281 0.0004062 0.008156)
(0.004344 0.0004062 0.008156)
(0.004406 0.0004063 0.008156)
(0.004469 0.0004063 0.008156)
(0.004531 0.0004062 0.008156)
(0.004594 0.0004063 0.008156)
(0.004656 0.0004062 0.008156)
(0.004719 0.0004062 0.008156)
(0.004781 0.0004062 0.008156)
(0.004844 0.0004063 0.008156)
(0.004906 0.0004062 0.008156)
(0.004969 0.0004062 0.008156)
(0.004031 0.0004688 0.008156)
(0.004094 0.0004687 0.008156)
(0.004156 0.0004687 0.008156)
(0.004219 0.0004687 0.008156)
(0.004281 0.0004687 0.008156)
(0.004344 0.0004687 0.008156)
(0.004406 0.0004688 0.008156)
(0.004469 0.0004687 0.008156)
(0.004531 0.0004687 0.008156)
(0.004594 0.0004688 0.008156)
(0.004656 0.0004687 0.008156)
(0.004719 0.0004688 0.008156)
(0.004781 0.0004687 0.008156)
(0.004844 0.0004688 0.008156)
(0.004906 0.0004687 0.008156)
(0.004969 0.0004687 0.008156)
(0.004031 3.125e-05 0.008219)
(0.004094 3.125e-05 0.008219)
(0.004156 3.125e-05 0.008219)
(0.004219 3.125e-05 0.008219)
(0.004281 3.125e-05 0.008219)
(0.004344 3.125e-05 0.008219)
(0.004406 3.125e-05 0.008219)
(0.004469 3.125e-05 0.008219)
(0.004531 3.125e-05 0.008219)
(0.004594 3.125e-05 0.008219)
(0.004656 3.125e-05 0.008219)
(0.004719 3.125e-05 0.008219)
(0.004781 3.125e-05 0.008219)
(0.004844 3.125e-05 0.008219)
(0.004906 3.125e-05 0.008219)
(0.004969 3.125e-05 0.008219)
(0.004031 9.375e-05 0.008219)
(0.004094 9.375e-05 0.008219)
(0.004156 9.375e-05 0.008219)
(0.004219 9.375e-05 0.008219)
(0.004281 9.375e-05 0.008219)
(0.004344 9.375e-05 0.008219)
(0.004406 9.375e-05 0.008219)
(0.004469 9.375e-05 0.008219)
(0.004531 9.375e-05 0.008219)
(0.004594 9.375e-05 0.008219)
(0.004656 9.375e-05 0.008219)
(0.004719 9.375e-05 0.008219)
(0.004781 9.375e-05 0.008219)
(0.004844 9.375e-05 0.008219)
(0.004906 9.375e-05 0.008219)
(0.004969 9.375e-05 0.008219)
(0.004031 0.0001563 0.008219)
(0.004094 0.0001562 0.008219)
(0.004156 0.0001563 0.008219)
(0.004219 0.0001562 0.008219)
(0.004281 0.0001563 0.008219)
(0.004344 0.0001563 0.008219)
(0.004406 0.0001563 0.008219)
(0.004469 0.0001562 0.008219)
(0.004531 0.0001562 0.008219)
(0.004594 0.0001563 0.008219)
(0.004656 0.0001563 0.008219)
(0.004719 0.0001563 0.008219)
(0.004781 0.0001562 0.008219)
(0.004844 0.0001563 0.008219)
(0.004906 0.0001563 0.008219)
(0.004969 0.0001563 0.008219)
(0.004031 0.0002188 0.008219)
(0.004094 0.0002188 0.008219)
(0.004156 0.0002188 0.008219)
(0.004219 0.0002188 0.008219)
(0.004281 0.0002188 0.008219)
(0.004344 0.0002188 0.008219)
(0.004406 0.0002188 0.008219)
(0.004469 0.0002187 0.008219)
(0.004531 0.0002188 0.008219)
(0.004594 0.0002188 0.008219)
(0.004656 0.0002187 0.008219)
(0.004719 0.0002188 0.008219)
(0.004781 0.0002188 0.008219)
(0.004844 0.0002188 0.008219)
(0.004906 0.0002188 0.008219)
(0.004969 0.0002188 0.008219)
(0.004031 0.0002813 0.008219)
(0.004094 0.0002813 0.008219)
(0.004156 0.0002813 0.008219)
(0.004219 0.0002813 0.008219)
(0.004281 0.0002813 0.008219)
(0.004344 0.0002813 0.008219)
(0.004406 0.0002812 0.008219)
(0.004469 0.0002812 0.008219)
(0.004531 0.0002813 0.008219)
(0.004594 0.0002812 0.008219)
(0.004656 0.0002812 0.008219)
(0.004719 0.0002813 0.008219)
(0.004781 0.0002813 0.008219)
(0.004844 0.0002812 0.008219)
(0.004906 0.0002813 0.008219)
(0.004969 0.0002813 0.008219)
(0.004031 0.0003437 0.008219)
(0.004094 0.0003437 0.008219)
(0.004156 0.0003438 0.008219)
(0.004219 0.0003437 0.008219)
(0.004281 0.0003438 0.008219)
(0.004344 0.0003437 0.008219)
(0.004406 0.0003437 0.008219)
(0.004469 0.0003437 0.008219)
(0.004531 0.0003438 0.008219)
(0.004594 0.0003437 0.008219)
(0.004656 0.0003437 0.008219)
(0.004719 0.0003438 0.008219)
(0.004781 0.0003438 0.008219)
(0.004844 0.0003437 0.008219)
(0.004906 0.0003438 0.008219)
(0.004969 0.0003438 0.008219)
(0.004031 0.0004062 0.008219)
(0.004094 0.0004062 0.008219)
(0.004156 0.0004063 0.008219)
(0.004219 0.0004062 0.008219)
(0.004281 0.0004062 0.008219)
(0.004344 0.0004062 0.008219)
(0.004406 0.0004063 0.008219)
(0.004469 0.0004062 0.008219)
(0.004531 0.0004063 0.008219)
(0.004594 0.0004063 0.008219)
(0.004656 0.0004062 0.008219)
(0.004719 0.0004062 0.008219)
(0.004781 0.0004063 0.008219)
(0.004844 0.0004063 0.008219)
(0.004906 0.0004063 0.008219)
(0.004969 0.0004062 0.008219)
(0.004031 0.0004687 0.008219)
(0.004094 0.0004688 0.008219)
(0.004156 0.0004688 0.008219)
(0.004219 0.0004687 0.008219)
(0.004281 0.0004687 0.008219)
(0.004344 0.0004688 0.008219)
(0.004406 0.0004688 0.008219)
(0.004469 0.0004687 0.008219)
(0.004531 0.0004687 0.008219)
(0.004594 0.0004687 0.008219)
(0.004656 0.0004687 0.008219)
(0.004719 0.0004688 0.008219)
(0.004781 0.0004687 0.008219)
(0.004844 0.0004687 0.008219)
(0.004906 0.0004687 0.008219)
(0.004969 0.0004688 0.008219)
(0.004031 3.125e-05 0.008281)
(0.004094 3.125e-05 0.008281)
(0.004156 3.125e-05 0.008281)
(0.004219 3.125e-05 0.008281)
(0.004281 3.125e-05 0.008281)
(0.004344 3.125e-05 0.008281)
(0.004406 3.125e-05 0.008281)
(0.004469 3.125e-05 0.008281)
(0.004531 3.125e-05 0.008281)
(0.004594 3.125e-05 0.008281)
(0.004656 3.125e-05 0.008281)
(0.004719 3.125e-05 0.008281)
(0.004781 3.125e-05 0.008281)
(0.004844 3.125e-05 0.008281)
(0.004906 3.125e-05 0.008281)
(0.004969 3.125e-05 0.008281)
(0.004031 9.375e-05 0.008281)
(0.004094 9.375e-05 0.008281)
(0.004156 9.375e-05 0.008281)
(0.004219 9.375e-05 0.008281)
(0.004281 9.375e-05 0.008281)
(0.004344 9.375e-05 0.008281)
(0.004406 9.375e-05 0.008281)
(0.004469 9.375e-05 0.008281)
(0.004531 9.375e-05 0.008281)
(0.004594 9.375e-05 0.008281)
(0.004656 9.375e-05 0.008281)
(0.004719 9.375e-05 0.008281)
(0.004781 9.375e-05 0.008281)
(0.004844 9.375e-05 0.008281)
(0.004906 9.375e-05 0.008281)
(0.004969 9.375e-05 0.008281)
(0.004031 0.0001563 0.008281)
(0.004094 0.0001563 0.008281)
(0.004156 0.0001563 0.008281)
(0.004219 0.0001563 0.008281)
(0.004281 0.0001563 0.008281)
(0.004344 0.0001563 0.008281)
(0.004406 0.0001563 0.008281)
(0.004469 0.0001562 0.008281)
(0.004531 0.0001562 0.008281)
(0.004594 0.0001562 0.008281)
(0.004656 0.0001562 0.008281)
(0.004719 0.0001563 0.008281)
(0.004781 0.0001562 0.008281)
(0.004844 0.0001563 0.008281)
(0.004906 0.0001562 0.008281)
(0.004969 0.0001563 0.008281)
(0.004031 0.0002188 0.008281)
(0.004094 0.0002188 0.008281)
(0.004156 0.0002188 0.008281)
(0.004219 0.0002188 0.008281)
(0.004281 0.0002187 0.008281)
(0.004344 0.0002188 0.008281)
(0.004406 0.0002188 0.008281)
(0.004469 0.0002187 0.008281)
(0.004531 0.0002187 0.008281)
(0.004594 0.0002187 0.008281)
(0.004656 0.0002187 0.008281)
(0.004719 0.0002188 0.008281)
(0.004781 0.0002187 0.008281)
(0.004844 0.0002188 0.008281)
(0.004906 0.0002187 0.008281)
(0.004969 0.0002188 0.008281)
(0.004031 0.0002812 0.008281)
(0.004094 0.0002812 0.008281)
(0.004156 0.0002812 0.008281)
(0.004219 0.0002812 0.008281)
(0.004281 0.0002812 0.008281)
(0.004344 0.0002812 0.008281)
(0.004406 0.0002812 0.008281)
(0.004469 0.0002812 0.008281)
(0.004531 0.0002812 0.008281)
(0.004594 0.0002812 0.008281)
(0.004656 0.0002812 0.008281)
(0.004719 0.0002812 0.008281)
(0.004781 0.0002812 0.008281)
(0.004844 0.0002812 0.008281)
(0.004906 0.0002812 0.008281)
(0.004969 0.0002813 0.008281)
(0.004031 0.0003437 0.008281)
(0.004094 0.0003437 0.008281)
(0.004156 0.0003437 0.008281)
(0.004219 0.0003437 0.008281)
(0.004281 0.0003438 0.008281)
(0.004344 0.0003437 0.008281)
(0.004406 0.0003437 0.008281)
(0.004469 0.0003437 0.008281)
(0.004531 0.0003438 0.008281)
(0.004594 0.0003438 0.008281)
(0.004656 0.0003437 0.008281)
(0.004719 0.0003438 0.008281)
(0.004781 0.0003437 0.008281)
(0.004844 0.0003438 0.008281)
(0.004906 0.0003437 0.008281)
(0.004969 0.0003438 0.008281)
(0.004031 0.0004062 0.008281)
(0.004094 0.0004062 0.008281)
(0.004156 0.0004062 0.008281)
(0.004219 0.0004062 0.008281)
(0.004281 0.0004063 0.008281)
(0.004344 0.0004062 0.008281)
(0.004406 0.0004063 0.008281)
(0.004469 0.0004063 0.008281)
(0.004531 0.0004063 0.008281)
(0.004594 0.0004063 0.008281)
(0.004656 0.0004062 0.008281)
(0.004719 0.0004063 0.008281)
(0.004781 0.0004062 0.008281)
(0.004844 0.0004063 0.008281)
(0.004906 0.0004062 0.008281)
(0.004969 0.0004063 0.008281)
(0.004031 0.0004688 0.008281)
(0.004094 0.0004687 0.008281)
(0.004156 0.0004687 0.008281)
(0.004219 0.0004687 0.008281)
(0.004281 0.0004687 0.008281)
(0.004344 0.0004687 0.008281)
(0.004406 0.0004688 0.008281)
(0.004469 0.0004687 0.008281)
(0.004531 0.0004687 0.008281)
(0.004594 0.0004687 0.008281)
(0.004656 0.0004687 0.008281)
(0.004719 0.0004688 0.008281)
(0.004781 0.0004688 0.008281)
(0.004844 0.0004687 0.008281)
(0.004906 0.0004688 0.008281)
(0.004969 0.0004687 0.008281)
(0.004031 3.125e-05 0.008344)
(0.004094 3.125e-05 0.008344)
(0.004156 3.125e-05 0.008344)
(0.004219 3.125e-05 0.008344)
(0.004281 3.125e-05 0.008344)
(0.004344 3.125e-05 0.008344)
(0.004406 3.125e-05 0.008344)
(0.004469 3.125e-05 0.008344)
(0.004531 3.125e-05 0.008344)
(0.004594 3.125e-05 0.008344)
(0.004656 3.125e-05 0.008344)
(0.004719 3.125e-05 0.008344)
(0.004781 3.125e-05 0.008344)
(0.004844 3.125e-05 0.008344)
(0.004906 3.125e-05 0.008344)
(0.004969 3.125e-05 0.008344)
(0.004031 9.375e-05 0.008344)
(0.004094 9.375e-05 0.008344)
(0.004156 9.375e-05 0.008344)
(0.004219 9.375e-05 0.008344)
(0.004281 9.375e-05 0.008344)
(0.004344 9.375e-05 0.008344)
(0.004406 9.375e-05 0.008344)
(0.004469 9.375e-05 0.008344)
(0.004531 9.375e-05 0.008344)
(0.004594 9.375e-05 0.008344)
(0.004656 9.375e-05 0.008344)
(0.004719 9.375e-05 0.008344)
(0.004781 9.375e-05 0.008344)
(0.004844 9.375e-05 0.008344)
(0.004906 9.375e-05 0.008344)
(0.004969 9.375e-05 0.008344)
(0.004031 0.0001563 0.008344)
(0.004094 0.0001562 0.008344)
(0.004156 0.0001562 0.008344)
(0.004219 0.0001562 0.008344)
(0.004281 0.0001562 0.008344)
(0.004344 0.0001562 0.008344)
(0.004406 0.0001563 0.008344)
(0.004469 0.0001563 0.008344)
(0.004531 0.0001562 0.008344)
(0.004594 0.0001563 0.008344)
(0.004656 0.0001563 0.008344)
(0.004719 0.0001562 0.008344)
(0.004781 0.0001562 0.008344)
(0.004844 0.0001563 0.008344)
(0.004906 0.0001563 0.008344)
(0.004969 0.0001562 0.008344)
(0.004031 0.0002188 0.008344)
(0.004094 0.0002187 0.008344)
(0.004156 0.0002187 0.008344)
(0.004219 0.0002187 0.008344)
(0.004281 0.0002188 0.008344)
(0.004344 0.0002187 0.008344)
(0.004406 0.0002188 0.008344)
(0.004469 0.0002188 0.008344)
(0.004531 0.0002187 0.008344)
(0.004594 0.0002188 0.008344)
(0.004656 0.0002188 0.008344)
(0.004719 0.0002187 0.008344)
(0.004781 0.0002188 0.008344)
(0.004844 0.0002188 0.008344)
(0.004906 0.0002188 0.008344)
(0.004969 0.0002187 0.008344)
(0.004031 0.0002813 0.008344)
(0.004094 0.0002812 0.008344)
(0.004156 0.0002812 0.008344)
(0.004219 0.0002812 0.008344)
(0.004281 0.0002812 0.008344)
(0.004344 0.0002812 0.008344)
(0.004406 0.0002812 0.008344)
(0.004469 0.0002812 0.008344)
(0.004531 0.0002812 0.008344)
(0.004594 0.0002813 0.008344)
(0.004656 0.0002813 0.008344)
(0.004719 0.0002812 0.008344)
(0.004781 0.0002812 0.008344)
(0.004844 0.0002813 0.008344)
(0.004906 0.0002812 0.008344)
(0.004969 0.0002812 0.008344)
(0.004031 0.0003438 0.008344)
(0.004094 0.0003437 0.008344)
(0.004156 0.0003438 0.008344)
(0.004219 0.0003437 0.008344)
(0.004281 0.0003437 0.008344)
(0.004344 0.0003437 0.008344)
(0.004406 0.0003437 0.008344)
(0.004469 0.0003438 0.008344)
(0.004531 0.0003437 0.008344)
(0.004594 0.0003438 0.008344)
(0.004656 0.0003438 0.008344)
(0.004719 0.0003437 0.008344)
(0.004781 0.0003438 0.008344)
(0.004844 0.0003438 0.008344)
(0.004906 0.0003438 0.008344)
(0.004969 0.0003437 0.008344)
(0.004031 0.0004063 0.008344)
(0.004094 0.0004062 0.008344)
(0.004156 0.0004062 0.008344)
(0.004219 0.0004062 0.008344)
(0.004281 0.0004062 0.008344)
(0.004344 0.0004062 0.008344)
(0.004406 0.0004063 0.008344)
(0.004469 0.0004063 0.008344)
(0.004531 0.0004062 0.008344)
(0.004594 0.0004063 0.008344)
(0.004656 0.0004062 0.008344)
(0.004719 0.0004062 0.008344)
(0.004781 0.0004062 0.008344)
(0.004844 0.0004063 0.008344)
(0.004906 0.0004062 0.008344)
(0.004969 0.0004062 0.008344)
(0.004031 0.0004688 0.008344)
(0.004094 0.0004687 0.008344)
(0.004156 0.0004687 0.008344)
(0.004219 0.0004687 0.008344)
(0.004281 0.0004687 0.008344)
(0.004344 0.0004687 0.008344)
(0.004406 0.0004687 0.008344)
(0.004469 0.0004687 0.008344)
(0.004531 0.0004687 0.008344)
(0.004594 0.0004688 0.008344)
(0.004656 0.0004687 0.008344)
(0.004719 0.0004688 0.008344)
(0.004781 0.0004687 0.008344)
(0.004844 0.0004688 0.008344)
(0.004906 0.0004687 0.008344)
(0.004969 0.0004687 0.008344)
(0.004031 3.125e-05 0.008406)
(0.004094 3.125e-05 0.008406)
(0.004156 3.125e-05 0.008406)
(0.004219 3.125e-05 0.008406)
(0.004281 3.125e-05 0.008406)
(0.004344 3.125e-05 0.008406)
(0.004406 3.125e-05 0.008406)
(0.004469 3.125e-05 0.008406)
(0.004531 3.125e-05 0.008406)
(0.004594 3.125e-05 0.008406)
(0.004656 3.125e-05 0.008406)
(0.004719 3.125e-05 0.008406)
(0.004781 3.125e-05 0.008406)
(0.004844 3.125e-05 0.008406)
(0.004906 3.125e-05 0.008406)
(0.004969 3.125e-05 0.008406)
(0.004031 9.375e-05 0.008406)
(0.004094 9.375e-05 0.008406)
(0.004156 9.375e-05 0.008406)
(0.004219 9.375e-05 0.008406)
(0.004281 9.375e-05 0.008406)
(0.004344 9.375e-05 0.008406)
(0.004406 9.375e-05 0.008406)
(0.004469 9.375e-05 0.008406)
(0.004531 9.375e-05 0.008406)
(0.004594 9.375e-05 0.008406)
(0.004656 9.375e-05 0.008406)
(0.004719 9.375e-05 0.008406)
(0.004781 9.375e-05 0.008406)
(0.004844 9.375e-05 0.008406)
(0.004906 9.375e-05 0.008406)
(0.004969 9.375e-05 0.008406)
(0.004031 0.0001563 0.008406)
(0.004094 0.0001562 0.008406)
(0.004156 0.0001562 0.008406)
(0.004219 0.0001562 0.008406)
(0.004281 0.0001562 0.008406)
(0.004344 0.0001562 0.008406)
(0.004406 0.0001563 0.008406)
(0.004469 0.0001563 0.008406)
(0.004531 0.0001562 0.008406)
(0.004594 0.0001563 0.008406)
(0.004656 0.0001563 0.008406)
(0.004719 0.0001562 0.008406)
(0.004781 0.0001562 0.008406)
(0.004844 0.0001562 0.008406)
(0.004906 0.0001563 0.008406)
(0.004969 0.0001562 0.008406)
(0.004031 0.0002188 0.008406)
(0.004094 0.0002188 0.008406)
(0.004156 0.0002188 0.008406)
(0.004219 0.0002188 0.008406)
(0.004281 0.0002188 0.008406)
(0.004344 0.0002188 0.008406)
(0.004406 0.0002188 0.008406)
(0.004469 0.0002188 0.008406)
(0.004531 0.0002187 0.008406)
(0.004594 0.0002188 0.008406)
(0.004656 0.0002188 0.008406)
(0.004719 0.0002188 0.008406)
(0.004781 0.0002188 0.008406)
(0.004844 0.0002188 0.008406)
(0.004906 0.0002188 0.008406)
(0.004969 0.0002188 0.008406)
(0.004031 0.0002813 0.008406)
(0.004094 0.0002813 0.008406)
(0.004156 0.0002812 0.008406)
(0.004219 0.0002813 0.008406)
(0.004281 0.0002813 0.008406)
(0.004344 0.0002813 0.008406)
(0.004406 0.0002812 0.008406)
(0.004469 0.0002812 0.008406)
(0.004531 0.0002813 0.008406)
(0.004594 0.0002813 0.008406)
(0.004656 0.0002813 0.008406)
(0.004719 0.0002813 0.008406)
(0.004781 0.0002812 0.008406)
(0.004844 0.0002813 0.008406)
(0.004906 0.0002812 0.008406)
(0.004969 0.0002812 0.008406)
(0.004031 0.0003438 0.008406)
(0.004094 0.0003438 0.008406)
(0.004156 0.0003438 0.008406)
(0.004219 0.0003438 0.008406)
(0.004281 0.0003438 0.008406)
(0.004344 0.0003438 0.008406)
(0.004406 0.0003437 0.008406)
(0.004469 0.0003438 0.008406)
(0.004531 0.0003438 0.008406)
(0.004594 0.0003438 0.008406)
(0.004656 0.0003438 0.008406)
(0.004719 0.0003438 0.008406)
(0.004781 0.0003438 0.008406)
(0.004844 0.0003438 0.008406)
(0.004906 0.0003438 0.008406)
(0.004969 0.0003437 0.008406)
(0.004031 0.0004063 0.008406)
(0.004094 0.0004063 0.008406)
(0.004156 0.0004062 0.008406)
(0.004219 0.0004063 0.008406)
(0.004281 0.0004063 0.008406)
(0.004344 0.0004063 0.008406)
(0.004406 0.0004063 0.008406)
(0.004469 0.0004063 0.008406)
(0.004531 0.0004063 0.008406)
(0.004594 0.0004063 0.008406)
(0.004656 0.0004062 0.008406)
(0.004719 0.0004063 0.008406)
(0.004781 0.0004062 0.008406)
(0.004844 0.0004063 0.008406)
(0.004906 0.0004062 0.008406)
(0.004969 0.0004062 0.008406)
(0.004031 0.0004688 0.008406)
(0.004094 0.0004687 0.008406)
(0.004156 0.0004687 0.008406)
(0.004219 0.0004687 0.008406)
(0.004281 0.0004687 0.008406)
(0.004344 0.0004687 0.008406)
(0.004406 0.0004688 0.008406)
(0.004469 0.0004687 0.008406)
(0.004531 0.0004687 0.008406)
(0.004594 0.0004688 0.008406)
(0.004656 0.0004688 0.008406)
(0.004719 0.0004688 0.008406)
(0.004781 0.0004687 0.008406)
(0.004844 0.0004688 0.008406)
(0.004906 0.0004687 0.008406)
(0.004969 0.0004687 0.008406)
(0.004031 3.125e-05 0.008469)
(0.004094 3.125e-05 0.008469)
(0.004156 3.125e-05 0.008469)
(0.004219 3.125e-05 0.008469)
(0.004281 3.125e-05 0.008469)
(0.004344 3.125e-05 0.008469)
(0.004406 3.125e-05 0.008469)
(0.004469 3.125e-05 0.008469)
(0.004531 3.125e-05 0.008469)
(0.004594 3.125e-05 0.008469)
(0.004656 3.125e-05 0.008469)
(0.004719 3.125e-05 0.008469)
(0.004781 3.125e-05 0.008469)
(0.004844 3.125e-05 0.008469)
(0.004906 3.125e-05 0.008469)
(0.004969 3.125e-05 0.008469)
(0.004031 9.375e-05 0.008469)
(0.004094 9.375e-05 0.008469)
(0.004156 9.375e-05 0.008469)
(0.004219 9.375e-05 0.008469)
(0.004281 9.375e-05 0.008469)
(0.004344 9.375e-05 0.008469)
(0.004406 9.375e-05 0.008469)
(0.004469 9.375e-05 0.008469)
(0.004531 9.375e-05 0.008469)
(0.004594 9.375e-05 0.008469)
(0.004656 9.375e-05 0.008469)
(0.004719 9.375e-05 0.008469)
(0.004781 9.375e-05 0.008469)
(0.004844 9.375e-05 0.008469)
(0.004906 9.375e-05 0.008469)
(0.004969 9.375e-05 0.008469)
(0.004031 0.0001563 0.008469)
(0.004094 0.0001562 0.008469)
(0.004156 0.0001563 0.008469)
(0.004219 0.0001562 0.008469)
(0.004281 0.0001563 0.008469)
(0.004344 0.0001563 0.008469)
(0.004406 0.0001563 0.008469)
(0.004469 0.0001562 0.008469)
(0.004531 0.0001562 0.008469)
(0.004594 0.0001562 0.008469)
(0.004656 0.0001562 0.008469)
(0.004719 0.0001563 0.008469)
(0.004781 0.0001562 0.008469)
(0.004844 0.0001563 0.008469)
(0.004906 0.0001562 0.008469)
(0.004969 0.0001563 0.008469)
(0.004031 0.0002187 0.008469)
(0.004094 0.0002188 0.008469)
(0.004156 0.0002188 0.008469)
(0.004219 0.0002188 0.008469)
(0.004281 0.0002188 0.008469)
(0.004344 0.0002188 0.008469)
(0.004406 0.0002188 0.008469)
(0.004469 0.0002188 0.008469)
(0.004531 0.0002188 0.008469)
(0.004594 0.0002188 0.008469)
(0.004656 0.0002188 0.008469)
(0.004719 0.0002188 0.008469)
(0.004781 0.0002188 0.008469)
(0.004844 0.0002188 0.008469)
(0.004906 0.0002188 0.008469)
(0.004969 0.0002188 0.008469)
(0.004031 0.0002813 0.008469)
(0.004094 0.0002813 0.008469)
(0.004156 0.0002813 0.008469)
(0.004219 0.0002813 0.008469)
(0.004281 0.0002813 0.008469)
(0.004344 0.0002813 0.008469)
(0.004406 0.0002812 0.008469)
(0.004469 0.0002813 0.008469)
(0.004531 0.0002813 0.008469)
(0.004594 0.0002812 0.008469)
(0.004656 0.0002813 0.008469)
(0.004719 0.0002813 0.008469)
(0.004781 0.0002813 0.008469)
(0.004844 0.0002812 0.008469)
(0.004906 0.0002813 0.008469)
(0.004969 0.0002813 0.008469)
(0.004031 0.0003437 0.008469)
(0.004094 0.0003437 0.008469)
(0.004156 0.0003438 0.008469)
(0.004219 0.0003437 0.008469)
(0.004281 0.0003438 0.008469)
(0.004344 0.0003437 0.008469)
(0.004406 0.0003437 0.008469)
(0.004469 0.0003438 0.008469)
(0.004531 0.0003437 0.008469)
(0.004594 0.0003437 0.008469)
(0.004656 0.0003438 0.008469)
(0.004719 0.0003438 0.008469)
(0.004781 0.0003438 0.008469)
(0.004844 0.0003437 0.008469)
(0.004906 0.0003438 0.008469)
(0.004969 0.0003438 0.008469)
(0.004031 0.0004062 0.008469)
(0.004094 0.0004062 0.008469)
(0.004156 0.0004063 0.008469)
(0.004219 0.0004062 0.008469)
(0.004281 0.0004062 0.008469)
(0.004344 0.0004062 0.008469)
(0.004406 0.0004063 0.008469)
(0.004469 0.0004063 0.008469)
(0.004531 0.0004063 0.008469)
(0.004594 0.0004063 0.008469)
(0.004656 0.0004063 0.008469)
(0.004719 0.0004062 0.008469)
(0.004781 0.0004063 0.008469)
(0.004844 0.0004063 0.008469)
(0.004906 0.0004063 0.008469)
(0.004969 0.0004062 0.008469)
(0.004031 0.0004687 0.008469)
(0.004094 0.0004688 0.008469)
(0.004156 0.0004688 0.008469)
(0.004219 0.0004688 0.008469)
(0.004281 0.0004687 0.008469)
(0.004344 0.0004688 0.008469)
(0.004406 0.0004688 0.008469)
(0.004469 0.0004687 0.008469)
(0.004531 0.0004688 0.008469)
(0.004594 0.0004687 0.008469)
(0.004656 0.0004688 0.008469)
(0.004719 0.0004688 0.008469)
(0.004781 0.0004688 0.008469)
(0.004844 0.0004687 0.008469)
(0.004906 0.0004688 0.008469)
(0.004969 0.0004687 0.008469)
(0.004031 3.125e-05 0.008531)
(0.004094 3.125e-05 0.008531)
(0.004156 3.125e-05 0.008531)
(0.004219 3.125e-05 0.008531)
(0.004281 3.125e-05 0.008531)
(0.004344 3.125e-05 0.008531)
(0.004406 3.125e-05 0.008531)
(0.004469 3.125e-05 0.008531)
(0.004531 3.125e-05 0.008531)
(0.004594 3.125e-05 0.008531)
(0.004656 3.125e-05 0.008531)
(0.004719 3.125e-05 0.008531)
(0.004781 3.125e-05 0.008531)
(0.004844 3.125e-05 0.008531)
(0.004906 3.125e-05 0.008531)
(0.004969 3.125e-05 0.008531)
(0.004031 9.375e-05 0.008531)
(0.004094 9.375e-05 0.008531)
(0.004156 9.375e-05 0.008531)
(0.004219 9.375e-05 0.008531)
(0.004281 9.375e-05 0.008531)
(0.004344 9.375e-05 0.008531)
(0.004406 9.375e-05 0.008531)
(0.004469 9.375e-05 0.008531)
(0.004531 9.375e-05 0.008531)
(0.004594 9.375e-05 0.008531)
(0.004656 9.375e-05 0.008531)
(0.004719 9.375e-05 0.008531)
(0.004781 9.375e-05 0.008531)
(0.004844 9.375e-05 0.008531)
(0.004906 9.375e-05 0.008531)
(0.004969 9.375e-05 0.008531)
(0.004031 0.0001562 0.008531)
(0.004094 0.0001562 0.008531)
(0.004156 0.0001562 0.008531)
(0.004219 0.0001562 0.008531)
(0.004281 0.0001562 0.008531)
(0.004344 0.0001562 0.008531)
(0.004406 0.0001563 0.008531)
(0.004469 0.0001563 0.008531)
(0.004531 0.0001562 0.008531)
(0.004594 0.0001563 0.008531)
(0.004656 0.0001563 0.008531)
(0.004719 0.0001562 0.008531)
(0.004781 0.0001562 0.008531)
(0.004844 0.0001562 0.008531)
(0.004906 0.0001563 0.008531)
(0.004969 0.0001562 0.008531)
(0.004031 0.0002188 0.008531)
(0.004094 0.0002188 0.008531)
(0.004156 0.0002188 0.008531)
(0.004219 0.0002188 0.008531)
(0.004281 0.0002188 0.008531)
(0.004344 0.0002188 0.008531)
(0.004406 0.0002188 0.008531)
(0.004469 0.0002188 0.008531)
(0.004531 0.0002188 0.008531)
(0.004594 0.0002188 0.008531)
(0.004656 0.0002188 0.008531)
(0.004719 0.0002188 0.008531)
(0.004781 0.0002188 0.008531)
(0.004844 0.0002188 0.008531)
(0.004906 0.0002188 0.008531)
(0.004969 0.0002188 0.008531)
(0.004031 0.0002813 0.008531)
(0.004094 0.0002812 0.008531)
(0.004156 0.0002812 0.008531)
(0.004219 0.0002812 0.008531)
(0.004281 0.0002812 0.008531)
(0.004344 0.0002812 0.008531)
(0.004406 0.0002812 0.008531)
(0.004469 0.0002812 0.008531)
(0.004531 0.0002812 0.008531)
(0.004594 0.0002813 0.008531)
(0.004656 0.0002813 0.008531)
(0.004719 0.0002812 0.008531)
(0.004781 0.0002812 0.008531)
(0.004844 0.0002813 0.008531)
(0.004906 0.0002812 0.008531)
(0.004969 0.0002812 0.008531)
(0.004031 0.0003438 0.008531)
(0.004094 0.0003437 0.008531)
(0.004156 0.0003438 0.008531)
(0.004219 0.0003437 0.008531)
(0.004281 0.0003437 0.008531)
(0.004344 0.0003437 0.008531)
(0.004406 0.0003437 0.008531)
(0.004469 0.0003438 0.008531)
(0.004531 0.0003437 0.008531)
(0.004594 0.0003438 0.008531)
(0.004656 0.0003438 0.008531)
(0.004719 0.0003437 0.008531)
(0.004781 0.0003438 0.008531)
(0.004844 0.0003438 0.008531)
(0.004906 0.0003438 0.008531)
(0.004969 0.0003437 0.008531)
(0.004031 0.0004063 0.008531)
(0.004094 0.0004062 0.008531)
(0.004156 0.0004062 0.008531)
(0.004219 0.0004062 0.008531)
(0.004281 0.0004062 0.008531)
(0.004344 0.0004062 0.008531)
(0.004406 0.0004063 0.008531)
(0.004469 0.0004063 0.008531)
(0.004531 0.0004062 0.008531)
(0.004594 0.0004063 0.008531)
(0.004656 0.0004062 0.008531)
(0.004719 0.0004062 0.008531)
(0.004781 0.0004062 0.008531)
(0.004844 0.0004063 0.008531)
(0.004906 0.0004062 0.008531)
(0.004969 0.0004062 0.008531)
(0.004031 0.0004688 0.008531)
(0.004094 0.0004687 0.008531)
(0.004156 0.0004687 0.008531)
(0.004219 0.0004687 0.008531)
(0.004281 0.0004687 0.008531)
(0.004344 0.0004687 0.008531)
(0.004406 0.0004687 0.008531)
(0.004469 0.0004688 0.008531)
(0.004531 0.0004687 0.008531)
(0.004594 0.0004688 0.008531)
(0.004656 0.0004688 0.008531)
(0.004719 0.0004688 0.008531)
(0.004781 0.0004687 0.008531)
(0.004844 0.0004688 0.008531)
(0.004906 0.0004687 0.008531)
(0.004969 0.0004687 0.008531)
(0.004031 3.125e-05 0.008594)
(0.004094 3.125e-05 0.008594)
(0.004156 3.125e-05 0.008594)
(0.004219 3.125e-05 0.008594)
(0.004281 3.125e-05 0.008594)
(0.004344 3.125e-05 0.008594)
(0.004406 3.125e-05 0.008594)
(0.004469 3.125e-05 0.008594)
(0.004531 3.125e-05 0.008594)
(0.004594 3.125e-05 0.008594)
(0.004656 3.125e-05 0.008594)
(0.004719 3.125e-05 0.008594)
(0.004781 3.125e-05 0.008594)
(0.004844 3.125e-05 0.008594)
(0.004906 3.125e-05 0.008594)
(0.004969 3.125e-05 0.008594)
(0.004031 9.375e-05 0.008594)
(0.004094 9.375e-05 0.008594)
(0.004156 9.375e-05 0.008594)
(0.004219 9.375e-05 0.008594)
(0.004281 9.375e-05 0.008594)
(0.004344 9.375e-05 0.008594)
(0.004406 9.375e-05 0.008594)
(0.004469 9.375e-05 0.008594)
(0.004531 9.375e-05 0.008594)
(0.004594 9.375e-05 0.008594)
(0.004656 9.375e-05 0.008594)
(0.004719 9.375e-05 0.008594)
(0.004781 9.375e-05 0.008594)
(0.004844 9.375e-05 0.008594)
(0.004906 9.375e-05 0.008594)
(0.004969 9.375e-05 0.008594)
(0.004031 0.0001563 0.008594)
(0.004094 0.0001563 0.008594)
(0.004156 0.0001563 0.008594)
(0.004219 0.0001563 0.008594)
(0.004281 0.0001563 0.008594)
(0.004344 0.0001563 0.008594)
(0.004406 0.0001563 0.008594)
(0.004469 0.0001562 0.008594)
(0.004531 0.0001562 0.008594)
(0.004594 0.0001562 0.008594)
(0.004656 0.0001562 0.008594)
(0.004719 0.0001563 0.008594)
(0.004781 0.0001562 0.008594)
(0.004844 0.0001563 0.008594)
(0.004906 0.0001562 0.008594)
(0.004969 0.0001563 0.008594)
(0.004031 0.0002188 0.008594)
(0.004094 0.0002188 0.008594)
(0.004156 0.0002188 0.008594)
(0.004219 0.0002188 0.008594)
(0.004281 0.0002188 0.008594)
(0.004344 0.0002188 0.008594)
(0.004406 0.0002188 0.008594)
(0.004469 0.0002188 0.008594)
(0.004531 0.0002188 0.008594)
(0.004594 0.0002188 0.008594)
(0.004656 0.0002188 0.008594)
(0.004719 0.0002188 0.008594)
(0.004781 0.0002188 0.008594)
(0.004844 0.0002188 0.008594)
(0.004906 0.0002188 0.008594)
(0.004969 0.0002188 0.008594)
(0.004031 0.0002813 0.008594)
(0.004094 0.0002812 0.008594)
(0.004156 0.0002812 0.008594)
(0.004219 0.0002812 0.008594)
(0.004281 0.0002812 0.008594)
(0.004344 0.0002812 0.008594)
(0.004406 0.0002812 0.008594)
(0.004469 0.0002812 0.008594)
(0.004531 0.0002812 0.008594)
(0.004594 0.0002813 0.008594)
(0.004656 0.0002813 0.008594)
(0.004719 0.0002812 0.008594)
(0.004781 0.0002812 0.008594)
(0.004844 0.0002813 0.008594)
(0.004906 0.0002812 0.008594)
(0.004969 0.0002812 0.008594)
(0.004031 0.0003437 0.008594)
(0.004094 0.0003437 0.008594)
(0.004156 0.0003438 0.008594)
(0.004219 0.0003437 0.008594)
(0.004281 0.0003438 0.008594)
(0.004344 0.0003437 0.008594)
(0.004406 0.0003437 0.008594)
(0.004469 0.0003437 0.008594)
(0.004531 0.0003438 0.008594)
(0.004594 0.0003438 0.008594)
(0.004656 0.0003437 0.008594)
(0.004719 0.0003438 0.008594)
(0.004781 0.0003438 0.008594)
(0.004844 0.0003438 0.008594)
(0.004906 0.0003438 0.008594)
(0.004969 0.0003438 0.008594)
(0.004031 0.0004062 0.008594)
(0.004094 0.0004062 0.008594)
(0.004156 0.0004063 0.008594)
(0.004219 0.0004062 0.008594)
(0.004281 0.0004063 0.008594)
(0.004344 0.0004062 0.008594)
(0.004406 0.0004063 0.008594)
(0.004469 0.0004063 0.008594)
(0.004531 0.0004063 0.008594)
(0.004594 0.0004063 0.008594)
(0.004656 0.0004062 0.008594)
(0.004719 0.0004063 0.008594)
(0.004781 0.0004063 0.008594)
(0.004844 0.0004063 0.008594)
(0.004906 0.0004063 0.008594)
(0.004969 0.0004063 0.008594)
(0.004031 0.0004688 0.008594)
(0.004094 0.0004688 0.008594)
(0.004156 0.0004688 0.008594)
(0.004219 0.0004687 0.008594)
(0.004281 0.0004688 0.008594)
(0.004344 0.0004688 0.008594)
(0.004406 0.0004688 0.008594)
(0.004469 0.0004687 0.008594)
(0.004531 0.0004687 0.008594)
(0.004594 0.0004688 0.008594)
(0.004656 0.0004687 0.008594)
(0.004719 0.0004688 0.008594)
(0.004781 0.0004688 0.008594)
(0.004844 0.0004688 0.008594)
(0.004906 0.0004688 0.008594)
(0.004969 0.0004687 0.008594)
(0.004031 3.125e-05 0.008656)
(0.004094 3.125e-05 0.008656)
(0.004156 3.125e-05 0.008656)
(0.004219 3.125e-05 0.008656)
(0.004281 3.125e-05 0.008656)
(0.004344 3.125e-05 0.008656)
(0.004406 3.125e-05 0.008656)
(0.004469 3.125e-05 0.008656)
(0.004531 3.125e-05 0.008656)
(0.004594 3.125e-05 0.008656)
(0.004656 3.125e-05 0.008656)
(0.004719 3.125e-05 0.008656)
(0.004781 3.125e-05 0.008656)
(0.004844 3.125e-05 0.008656)
(0.004906 3.125e-05 0.008656)
(0.004969 3.125e-05 0.008656)
(0.004031 9.375e-05 0.008656)
(0.004094 9.375e-05 0.008656)
(0.004156 9.375e-05 0.008656)
(0.004219 9.375e-05 0.008656)
(0.004281 9.375e-05 0.008656)
(0.004344 9.375e-05 0.008656)
(0.004406 9.375e-05 0.008656)
(0.004469 9.375e-05 0.008656)
(0.004531 9.375e-05 0.008656)
(0.004594 9.375e-05 0.008656)
(0.004656 9.375e-05 0.008656)
(0.004719 9.375e-05 0.008656)
(0.004781 9.375e-05 0.008656)
(0.004844 9.375e-05 0.008656)
(0.004906 9.375e-05 0.008656)
(0.004969 9.375e-05 0.008656)
(0.004031 0.0001563 0.008656)
(0.004094 0.0001562 0.008656)
(0.004156 0.0001562 0.008656)
(0.004219 0.0001562 0.008656)
(0.004281 0.0001562 0.008656)
(0.004344 0.0001562 0.008656)
(0.004406 0.0001563 0.008656)
(0.004469 0.0001563 0.008656)
(0.004531 0.0001562 0.008656)
(0.004594 0.0001563 0.008656)
(0.004656 0.0001563 0.008656)
(0.004719 0.0001562 0.008656)
(0.004781 0.0001562 0.008656)
(0.004844 0.0001562 0.008656)
(0.004906 0.0001563 0.008656)
(0.004969 0.0001562 0.008656)
(0.004031 0.0002188 0.008656)
(0.004094 0.0002188 0.008656)
(0.004156 0.0002188 0.008656)
(0.004219 0.0002188 0.008656)
(0.004281 0.0002188 0.008656)
(0.004344 0.0002188 0.008656)
(0.004406 0.0002188 0.008656)
(0.004469 0.0002188 0.008656)
(0.004531 0.0002188 0.008656)
(0.004594 0.0002188 0.008656)
(0.004656 0.0002188 0.008656)
(0.004719 0.0002188 0.008656)
(0.004781 0.0002188 0.008656)
(0.004844 0.0002188 0.008656)
(0.004906 0.0002188 0.008656)
(0.004969 0.0002188 0.008656)
(0.004031 0.0002813 0.008656)
(0.004094 0.0002812 0.008656)
(0.004156 0.0002812 0.008656)
(0.004219 0.0002812 0.008656)
(0.004281 0.0002812 0.008656)
(0.004344 0.0002812 0.008656)
(0.004406 0.0002812 0.008656)
(0.004469 0.0002812 0.008656)
(0.004531 0.0002812 0.008656)
(0.004594 0.0002812 0.008656)
(0.004656 0.0002813 0.008656)
(0.004719 0.0002812 0.008656)
(0.004781 0.0002812 0.008656)
(0.004844 0.0002812 0.008656)
(0.004906 0.0002812 0.008656)
(0.004969 0.0002812 0.008656)
(0.004031 0.0003437 0.008656)
(0.004094 0.0003437 0.008656)
(0.004156 0.0003438 0.008656)
(0.004219 0.0003437 0.008656)
(0.004281 0.0003438 0.008656)
(0.004344 0.0003437 0.008656)
(0.004406 0.0003437 0.008656)
(0.004469 0.0003438 0.008656)
(0.004531 0.0003438 0.008656)
(0.004594 0.0003437 0.008656)
(0.004656 0.0003438 0.008656)
(0.004719 0.0003438 0.008656)
(0.004781 0.0003438 0.008656)
(0.004844 0.0003437 0.008656)
(0.004906 0.0003438 0.008656)
(0.004969 0.0003438 0.008656)
(0.004031 0.0004062 0.008656)
(0.004094 0.0004062 0.008656)
(0.004156 0.0004063 0.008656)
(0.004219 0.0004062 0.008656)
(0.004281 0.0004062 0.008656)
(0.004344 0.0004062 0.008656)
(0.004406 0.0004063 0.008656)
(0.004469 0.0004063 0.008656)
(0.004531 0.0004063 0.008656)
(0.004594 0.0004063 0.008656)
(0.004656 0.0004063 0.008656)
(0.004719 0.0004062 0.008656)
(0.004781 0.0004063 0.008656)
(0.004844 0.0004063 0.008656)
(0.004906 0.0004063 0.008656)
(0.004969 0.0004062 0.008656)
(0.004031 0.0004687 0.008656)
(0.004094 0.0004688 0.008656)
(0.004156 0.0004688 0.008656)
(0.004219 0.0004688 0.008656)
(0.004281 0.0004687 0.008656)
(0.004344 0.0004688 0.008656)
(0.004406 0.0004688 0.008656)
(0.004469 0.0004687 0.008656)
(0.004531 0.0004688 0.008656)
(0.004594 0.0004687 0.008656)
(0.004656 0.0004688 0.008656)
(0.004719 0.0004688 0.008656)
(0.004781 0.0004688 0.008656)
(0.004844 0.0004687 0.008656)
(0.004906 0.0004688 0.008656)
(0.004969 0.0004688 0.008656)
(0.004031 3.125e-05 0.008719)
(0.004094 3.125e-05 0.008719)
(0.004156 3.125e-05 0.008719)
(0.004219 3.125e-05 0.008719)
(0.004281 3.125e-05 0.008719)
(0.004344 3.125e-05 0.008719)
(0.004406 3.125e-05 0.008719)
(0.004469 3.125e-05 0.008719)
(0.004531 3.125e-05 0.008719)
(0.004594 3.125e-05 0.008719)
(0.004656 3.125e-05 0.008719)
(0.004719 3.125e-05 0.008719)
(0.004781 3.125e-05 0.008719)
(0.004844 3.125e-05 0.008719)
(0.004906 3.125e-05 0.008719)
(0.004969 3.125e-05 0.008719)
(0.004031 9.375e-05 0.008719)
(0.004094 9.375e-05 0.008719)
(0.004156 9.375e-05 0.008719)
(0.004219 9.375e-05 0.008719)
(0.004281 9.375e-05 0.008719)
(0.004344 9.375e-05 0.008719)
(0.004406 9.375e-05 0.008719)
(0.004469 9.375e-05 0.008719)
(0.004531 9.375e-05 0.008719)
(0.004594 9.375e-05 0.008719)
(0.004656 9.375e-05 0.008719)
(0.004719 9.375e-05 0.008719)
(0.004781 9.375e-05 0.008719)
(0.004844 9.375e-05 0.008719)
(0.004906 9.375e-05 0.008719)
(0.004969 9.375e-05 0.008719)
(0.004031 0.0001563 0.008719)
(0.004094 0.0001562 0.008719)
(0.004156 0.0001562 0.008719)
(0.004219 0.0001562 0.008719)
(0.004281 0.0001562 0.008719)
(0.004344 0.0001562 0.008719)
(0.004406 0.0001563 0.008719)
(0.004469 0.0001563 0.008719)
(0.004531 0.0001562 0.008719)
(0.004594 0.0001563 0.008719)
(0.004656 0.0001563 0.008719)
(0.004719 0.0001562 0.008719)
(0.004781 0.0001562 0.008719)
(0.004844 0.0001563 0.008719)
(0.004906 0.0001563 0.008719)
(0.004969 0.0001562 0.008719)
(0.004031 0.0002188 0.008719)
(0.004094 0.0002187 0.008719)
(0.004156 0.0002187 0.008719)
(0.004219 0.0002187 0.008719)
(0.004281 0.0002188 0.008719)
(0.004344 0.0002187 0.008719)
(0.004406 0.0002188 0.008719)
(0.004469 0.0002188 0.008719)
(0.004531 0.0002187 0.008719)
(0.004594 0.0002188 0.008719)
(0.004656 0.0002188 0.008719)
(0.004719 0.0002187 0.008719)
(0.004781 0.0002188 0.008719)
(0.004844 0.0002188 0.008719)
(0.004906 0.0002188 0.008719)
(0.004969 0.0002187 0.008719)
(0.004031 0.0002812 0.008719)
(0.004094 0.0002812 0.008719)
(0.004156 0.0002813 0.008719)
(0.004219 0.0002812 0.008719)
(0.004281 0.0002812 0.008719)
(0.004344 0.0002812 0.008719)
(0.004406 0.0002812 0.008719)
(0.004469 0.0002812 0.008719)
(0.004531 0.0002812 0.008719)
(0.004594 0.0002812 0.008719)
(0.004656 0.0002812 0.008719)
(0.004719 0.0002812 0.008719)
(0.004781 0.0002813 0.008719)
(0.004844 0.0002812 0.008719)
(0.004906 0.0002813 0.008719)
(0.004969 0.0002813 0.008719)
(0.004031 0.0003437 0.008719)
(0.004094 0.0003437 0.008719)
(0.004156 0.0003438 0.008719)
(0.004219 0.0003437 0.008719)
(0.004281 0.0003438 0.008719)
(0.004344 0.0003437 0.008719)
(0.004406 0.0003437 0.008719)
(0.004469 0.0003437 0.008719)
(0.004531 0.0003438 0.008719)
(0.004594 0.0003438 0.008719)
(0.004656 0.0003437 0.008719)
(0.004719 0.0003438 0.008719)
(0.004781 0.0003438 0.008719)
(0.004844 0.0003438 0.008719)
(0.004906 0.0003438 0.008719)
(0.004969 0.0003438 0.008719)
(0.004031 0.0004062 0.008719)
(0.004094 0.0004062 0.008719)
(0.004156 0.0004063 0.008719)
(0.004219 0.0004062 0.008719)
(0.004281 0.0004063 0.008719)
(0.004344 0.0004062 0.008719)
(0.004406 0.0004063 0.008719)
(0.004469 0.0004063 0.008719)
(0.004531 0.0004063 0.008719)
(0.004594 0.0004063 0.008719)
(0.004656 0.0004062 0.008719)
(0.004719 0.0004063 0.008719)
(0.004781 0.0004063 0.008719)
(0.004844 0.0004063 0.008719)
(0.004906 0.0004063 0.008719)
(0.004969 0.0004063 0.008719)
(0.004031 0.0004688 0.008719)
(0.004094 0.0004688 0.008719)
(0.004156 0.0004688 0.008719)
(0.004219 0.0004687 0.008719)
(0.004281 0.0004688 0.008719)
(0.004344 0.0004688 0.008719)
(0.004406 0.0004688 0.008719)
(0.004469 0.0004687 0.008719)
(0.004531 0.0004687 0.008719)
(0.004594 0.0004688 0.008719)
(0.004656 0.0004687 0.008719)
(0.004719 0.0004688 0.008719)
(0.004781 0.0004688 0.008719)
(0.004844 0.0004688 0.008719)
(0.004906 0.0004688 0.008719)
(0.004969 0.0004687 0.008719)
(0.004031 3.125e-05 0.008781)
(0.004094 3.125e-05 0.008781)
(0.004156 3.125e-05 0.008781)
(0.004219 3.125e-05 0.008781)
(0.004281 3.125e-05 0.008781)
(0.004344 3.125e-05 0.008781)
(0.004406 3.125e-05 0.008781)
(0.004469 3.125e-05 0.008781)
(0.004531 3.125e-05 0.008781)
(0.004594 3.125e-05 0.008781)
(0.004656 3.125e-05 0.008781)
(0.004719 3.125e-05 0.008781)
(0.004781 3.125e-05 0.008781)
(0.004844 3.125e-05 0.008781)
(0.004906 3.125e-05 0.008781)
(0.004969 3.125e-05 0.008781)
(0.004031 9.375e-05 0.008781)
(0.004094 9.375e-05 0.008781)
(0.004156 9.375e-05 0.008781)
(0.004219 9.375e-05 0.008781)
(0.004281 9.375e-05 0.008781)
(0.004344 9.375e-05 0.008781)
(0.004406 9.375e-05 0.008781)
(0.004469 9.375e-05 0.008781)
(0.004531 9.375e-05 0.008781)
(0.004594 9.375e-05 0.008781)
(0.004656 9.375e-05 0.008781)
(0.004719 9.375e-05 0.008781)
(0.004781 9.375e-05 0.008781)
(0.004844 9.375e-05 0.008781)
(0.004906 9.375e-05 0.008781)
(0.004969 9.375e-05 0.008781)
(0.004031 0.0001563 0.008781)
(0.004094 0.0001563 0.008781)
(0.004156 0.0001563 0.008781)
(0.004219 0.0001563 0.008781)
(0.004281 0.0001563 0.008781)
(0.004344 0.0001563 0.008781)
(0.004406 0.0001563 0.008781)
(0.004469 0.0001563 0.008781)
(0.004531 0.0001563 0.008781)
(0.004594 0.0001563 0.008781)
(0.004656 0.0001563 0.008781)
(0.004719 0.0001563 0.008781)
(0.004781 0.0001563 0.008781)
(0.004844 0.0001563 0.008781)
(0.004906 0.0001563 0.008781)
(0.004969 0.0001563 0.008781)
(0.004031 0.0002188 0.008781)
(0.004094 0.0002188 0.008781)
(0.004156 0.0002188 0.008781)
(0.004219 0.0002188 0.008781)
(0.004281 0.0002188 0.008781)
(0.004344 0.0002188 0.008781)
(0.004406 0.0002188 0.008781)
(0.004469 0.0002188 0.008781)
(0.004531 0.0002188 0.008781)
(0.004594 0.0002188 0.008781)
(0.004656 0.0002188 0.008781)
(0.004719 0.0002188 0.008781)
(0.004781 0.0002188 0.008781)
(0.004844 0.0002188 0.008781)
(0.004906 0.0002188 0.008781)
(0.004969 0.0002188 0.008781)
(0.004031 0.0002812 0.008781)
(0.004094 0.0002813 0.008781)
(0.004156 0.0002813 0.008781)
(0.004219 0.0002813 0.008781)
(0.004281 0.0002813 0.008781)
(0.004344 0.0002813 0.008781)
(0.004406 0.0002812 0.008781)
(0.004469 0.0002813 0.008781)
(0.004531 0.0002812 0.008781)
(0.004594 0.0002812 0.008781)
(0.004656 0.0002813 0.008781)
(0.004719 0.0002812 0.008781)
(0.004781 0.0002813 0.008781)
(0.004844 0.0002813 0.008781)
(0.004906 0.0002813 0.008781)
(0.004969 0.0002812 0.008781)
(0.004031 0.0003438 0.008781)
(0.004094 0.0003438 0.008781)
(0.004156 0.0003438 0.008781)
(0.004219 0.0003438 0.008781)
(0.004281 0.0003438 0.008781)
(0.004344 0.0003438 0.008781)
(0.004406 0.0003438 0.008781)
(0.004469 0.0003438 0.008781)
(0.004531 0.0003438 0.008781)
(0.004594 0.0003438 0.008781)
(0.004656 0.0003438 0.008781)
(0.004719 0.0003438 0.008781)
(0.004781 0.0003438 0.008781)
(0.004844 0.0003438 0.008781)
(0.004906 0.0003438 0.008781)
(0.004969 0.0003438 0.008781)
(0.004031 0.0004063 0.008781)
(0.004094 0.0004062 0.008781)
(0.004156 0.0004062 0.008781)
(0.004219 0.0004062 0.008781)
(0.004281 0.0004062 0.008781)
(0.004344 0.0004062 0.008781)
(0.004406 0.0004063 0.008781)
(0.004469 0.0004063 0.008781)
(0.004531 0.0004063 0.008781)
(0.004594 0.0004062 0.008781)
(0.004656 0.0004062 0.008781)
(0.004719 0.0004063 0.008781)
(0.004781 0.0004062 0.008781)
(0.004844 0.0004062 0.008781)
(0.004906 0.0004062 0.008781)
(0.004969 0.0004062 0.008781)
(0.004031 0.0004688 0.008781)
(0.004094 0.0004688 0.008781)
(0.004156 0.0004688 0.008781)
(0.004219 0.0004687 0.008781)
(0.004281 0.0004687 0.008781)
(0.004344 0.0004687 0.008781)
(0.004406 0.0004687 0.008781)
(0.004469 0.0004688 0.008781)
(0.004531 0.0004688 0.008781)
(0.004594 0.0004687 0.008781)
(0.004656 0.0004688 0.008781)
(0.004719 0.0004688 0.008781)
(0.004781 0.0004687 0.008781)
(0.004844 0.0004687 0.008781)
(0.004906 0.0004688 0.008781)
(0.004969 0.0004688 0.008781)
(0.004031 3.125e-05 0.008844)
(0.004094 3.125e-05 0.008844)
(0.004156 3.125e-05 0.008844)
(0.004219 3.125e-05 0.008844)
(0.004281 3.125e-05 0.008844)
(0.004344 3.125e-05 0.008844)
(0.004406 3.125e-05 0.008844)
(0.004469 3.125e-05 0.008844)
(0.004531 3.125e-05 0.008844)
(0.004594 3.125e-05 0.008844)
(0.004656 3.125e-05 0.008844)
(0.004719 3.125e-05 0.008844)
(0.004781 3.125e-05 0.008844)
(0.004844 3.125e-05 0.008844)
(0.004906 3.125e-05 0.008844)
(0.004969 3.125e-05 0.008844)
(0.004031 9.375e-05 0.008844)
(0.004094 9.375e-05 0.008844)
(0.004156 9.375e-05 0.008844)
(0.004219 9.375e-05 0.008844)
(0.004281 9.375e-05 0.008844)
(0.004344 9.375e-05 0.008844)
(0.004406 9.375e-05 0.008844)
(0.004469 9.375e-05 0.008844)
(0.004531 9.375e-05 0.008844)
(0.004594 9.375e-05 0.008844)
(0.004656 9.375e-05 0.008844)
(0.004719 9.375e-05 0.008844)
(0.004781 9.375e-05 0.008844)
(0.004844 9.375e-05 0.008844)
(0.004906 9.375e-05 0.008844)
(0.004969 9.375e-05 0.008844)
(0.004031 0.0001562 0.008844)
(0.004094 0.0001562 0.008844)
(0.004156 0.0001562 0.008844)
(0.004219 0.0001562 0.008844)
(0.004281 0.0001562 0.008844)
(0.004344 0.0001562 0.008844)
(0.004406 0.0001563 0.008844)
(0.004469 0.0001563 0.008844)
(0.004531 0.0001562 0.008844)
(0.004594 0.0001563 0.008844)
(0.004656 0.0001563 0.008844)
(0.004719 0.0001562 0.008844)
(0.004781 0.0001562 0.008844)
(0.004844 0.0001562 0.008844)
(0.004906 0.0001563 0.008844)
(0.004969 0.0001562 0.008844)
(0.004031 0.0002188 0.008844)
(0.004094 0.0002188 0.008844)
(0.004156 0.0002188 0.008844)
(0.004219 0.0002188 0.008844)
(0.004281 0.0002188 0.008844)
(0.004344 0.0002188 0.008844)
(0.004406 0.0002188 0.008844)
(0.004469 0.0002188 0.008844)
(0.004531 0.0002188 0.008844)
(0.004594 0.0002188 0.008844)
(0.004656 0.0002188 0.008844)
(0.004719 0.0002188 0.008844)
(0.004781 0.0002188 0.008844)
(0.004844 0.0002188 0.008844)
(0.004906 0.0002188 0.008844)
(0.004969 0.0002188 0.008844)
(0.004031 0.0002813 0.008844)
(0.004094 0.0002812 0.008844)
(0.004156 0.0002812 0.008844)
(0.004219 0.0002812 0.008844)
(0.004281 0.0002812 0.008844)
(0.004344 0.0002812 0.008844)
(0.004406 0.0002812 0.008844)
(0.004469 0.0002812 0.008844)
(0.004531 0.0002812 0.008844)
(0.004594 0.0002813 0.008844)
(0.004656 0.0002813 0.008844)
(0.004719 0.0002812 0.008844)
(0.004781 0.0002812 0.008844)
(0.004844 0.0002813 0.008844)
(0.004906 0.0002812 0.008844)
(0.004969 0.0002812 0.008844)
(0.004031 0.0003438 0.008844)
(0.004094 0.0003437 0.008844)
(0.004156 0.0003438 0.008844)
(0.004219 0.0003437 0.008844)
(0.004281 0.0003437 0.008844)
(0.004344 0.0003437 0.008844)
(0.004406 0.0003437 0.008844)
(0.004469 0.0003438 0.008844)
(0.004531 0.0003437 0.008844)
(0.004594 0.0003438 0.008844)
(0.004656 0.0003438 0.008844)
(0.004719 0.0003437 0.008844)
(0.004781 0.0003438 0.008844)
(0.004844 0.0003438 0.008844)
(0.004906 0.0003438 0.008844)
(0.004969 0.0003437 0.008844)
(0.004031 0.0004063 0.008844)
(0.004094 0.0004062 0.008844)
(0.004156 0.0004062 0.008844)
(0.004219 0.0004062 0.008844)
(0.004281 0.0004062 0.008844)
(0.004344 0.0004062 0.008844)
(0.004406 0.0004063 0.008844)
(0.004469 0.0004063 0.008844)
(0.004531 0.0004062 0.008844)
(0.004594 0.0004063 0.008844)
(0.004656 0.0004062 0.008844)
(0.004719 0.0004062 0.008844)
(0.004781 0.0004062 0.008844)
(0.004844 0.0004063 0.008844)
(0.004906 0.0004062 0.008844)
(0.004969 0.0004062 0.008844)
(0.004031 0.0004688 0.008844)
(0.004094 0.0004687 0.008844)
(0.004156 0.0004687 0.008844)
(0.004219 0.0004687 0.008844)
(0.004281 0.0004687 0.008844)
(0.004344 0.0004687 0.008844)
(0.004406 0.0004687 0.008844)
(0.004469 0.0004688 0.008844)
(0.004531 0.0004687 0.008844)
(0.004594 0.0004688 0.008844)
(0.004656 0.0004688 0.008844)
(0.004719 0.0004688 0.008844)
(0.004781 0.0004687 0.008844)
(0.004844 0.0004688 0.008844)
(0.004906 0.0004687 0.008844)
(0.004969 0.0004687 0.008844)
(0.004031 3.125e-05 0.008906)
(0.004094 3.125e-05 0.008906)
(0.004156 3.125e-05 0.008906)
(0.004219 3.125e-05 0.008906)
(0.004281 3.125e-05 0.008906)
(0.004344 3.125e-05 0.008906)
(0.004406 3.125e-05 0.008906)
(0.004469 3.125e-05 0.008906)
(0.004531 3.125e-05 0.008906)
(0.004594 3.125e-05 0.008906)
(0.004656 3.125e-05 0.008906)
(0.004719 3.125e-05 0.008906)
(0.004781 3.125e-05 0.008906)
(0.004844 3.125e-05 0.008906)
(0.004906 3.125e-05 0.008906)
(0.004969 3.125e-05 0.008906)
(0.004031 9.375e-05 0.008906)
(0.004094 9.375e-05 0.008906)
(0.004156 9.375e-05 0.008906)
(0.004219 9.375e-05 0.008906)
(0.004281 9.375e-05 0.008906)
(0.004344 9.375e-05 0.008906)
(0.004406 9.375e-05 0.008906)
(0.004469 9.375e-05 0.008906)
(0.004531 9.375e-05 0.008906)
(0.004594 9.375e-05 0.008906)
(0.004656 9.375e-05 0.008906)
(0.004719 9.375e-05 0.008906)
(0.004781 9.375e-05 0.008906)
(0.004844 9.375e-05 0.008906)
(0.004906 9.375e-05 0.008906)
(0.004969 9.375e-05 0.008906)
(0.004031 0.0001563 0.008906)
(0.004094 0.0001562 0.008906)
(0.004156 0.0001562 0.008906)
(0.004219 0.0001562 0.008906)
(0.004281 0.0001562 0.008906)
(0.004344 0.0001562 0.008906)
(0.004406 0.0001563 0.008906)
(0.004469 0.0001563 0.008906)
(0.004531 0.0001562 0.008906)
(0.004594 0.0001563 0.008906)
(0.004656 0.0001563 0.008906)
(0.004719 0.0001562 0.008906)
(0.004781 0.0001562 0.008906)
(0.004844 0.0001562 0.008906)
(0.004906 0.0001563 0.008906)
(0.004969 0.0001562 0.008906)
(0.004031 0.0002188 0.008906)
(0.004094 0.0002188 0.008906)
(0.004156 0.0002188 0.008906)
(0.004219 0.0002188 0.008906)
(0.004281 0.0002188 0.008906)
(0.004344 0.0002188 0.008906)
(0.004406 0.0002188 0.008906)
(0.004469 0.0002188 0.008906)
(0.004531 0.0002188 0.008906)
(0.004594 0.0002188 0.008906)
(0.004656 0.0002188 0.008906)
(0.004719 0.0002188 0.008906)
(0.004781 0.0002188 0.008906)
(0.004844 0.0002188 0.008906)
(0.004906 0.0002188 0.008906)
(0.004969 0.0002188 0.008906)
(0.004031 0.0002813 0.008906)
(0.004094 0.0002812 0.008906)
(0.004156 0.0002812 0.008906)
(0.004219 0.0002812 0.008906)
(0.004281 0.0002812 0.008906)
(0.004344 0.0002812 0.008906)
(0.004406 0.0002812 0.008906)
(0.004469 0.0002812 0.008906)
(0.004531 0.0002812 0.008906)
(0.004594 0.0002813 0.008906)
(0.004656 0.0002813 0.008906)
(0.004719 0.0002812 0.008906)
(0.004781 0.0002812 0.008906)
(0.004844 0.0002813 0.008906)
(0.004906 0.0002812 0.008906)
(0.004969 0.0002812 0.008906)
(0.004031 0.0003438 0.008906)
(0.004094 0.0003437 0.008906)
(0.004156 0.0003438 0.008906)
(0.004219 0.0003437 0.008906)
(0.004281 0.0003437 0.008906)
(0.004344 0.0003437 0.008906)
(0.004406 0.0003437 0.008906)
(0.004469 0.0003438 0.008906)
(0.004531 0.0003437 0.008906)
(0.004594 0.0003438 0.008906)
(0.004656 0.0003438 0.008906)
(0.004719 0.0003437 0.008906)
(0.004781 0.0003438 0.008906)
(0.004844 0.0003438 0.008906)
(0.004906 0.0003438 0.008906)
(0.004969 0.0003437 0.008906)
(0.004031 0.0004063 0.008906)
(0.004094 0.0004062 0.008906)
(0.004156 0.0004062 0.008906)
(0.004219 0.0004062 0.008906)
(0.004281 0.0004062 0.008906)
(0.004344 0.0004062 0.008906)
(0.004406 0.0004063 0.008906)
(0.004469 0.0004063 0.008906)
(0.004531 0.0004062 0.008906)
(0.004594 0.0004063 0.008906)
(0.004656 0.0004062 0.008906)
(0.004719 0.0004062 0.008906)
(0.004781 0.0004062 0.008906)
(0.004844 0.0004063 0.008906)
(0.004906 0.0004062 0.008906)
(0.004969 0.0004062 0.008906)
(0.004031 0.0004688 0.008906)
(0.004094 0.0004687 0.008906)
(0.004156 0.0004687 0.008906)
(0.004219 0.0004687 0.008906)
(0.004281 0.0004687 0.008906)
(0.004344 0.0004687 0.008906)
(0.004406 0.0004687 0.008906)
(0.004469 0.0004688 0.008906)
(0.004531 0.0004687 0.008906)
(0.004594 0.0004688 0.008906)
(0.004656 0.0004688 0.008906)
(0.004719 0.0004688 0.008906)
(0.004781 0.0004687 0.008906)
(0.004844 0.0004688 0.008906)
(0.004906 0.0004687 0.008906)
(0.004969 0.0004687 0.008906)
(0.004031 3.125e-05 0.008969)
(0.004094 3.125e-05 0.008969)
(0.004156 3.125e-05 0.008969)
(0.004219 3.125e-05 0.008969)
(0.004281 3.125e-05 0.008969)
(0.004344 3.125e-05 0.008969)
(0.004406 3.125e-05 0.008969)
(0.004469 3.125e-05 0.008969)
(0.004531 3.125e-05 0.008969)
(0.004594 3.125e-05 0.008969)
(0.004656 3.125e-05 0.008969)
(0.004719 3.125e-05 0.008969)
(0.004781 3.125e-05 0.008969)
(0.004844 3.125e-05 0.008969)
(0.004906 3.125e-05 0.008969)
(0.004969 3.125e-05 0.008969)
(0.004031 9.375e-05 0.008969)
(0.004094 9.375e-05 0.008969)
(0.004156 9.375e-05 0.008969)
(0.004219 9.375e-05 0.008969)
(0.004281 9.375e-05 0.008969)
(0.004344 9.375e-05 0.008969)
(0.004406 9.375e-05 0.008969)
(0.004469 9.375e-05 0.008969)
(0.004531 9.375e-05 0.008969)
(0.004594 9.375e-05 0.008969)
(0.004656 9.375e-05 0.008969)
(0.004719 9.375e-05 0.008969)
(0.004781 9.375e-05 0.008969)
(0.004844 9.375e-05 0.008969)
(0.004906 9.375e-05 0.008969)
(0.004969 9.375e-05 0.008969)
(0.004031 0.0001563 0.008969)
(0.004094 0.0001563 0.008969)
(0.004156 0.0001563 0.008969)
(0.004219 0.0001563 0.008969)
(0.004281 0.0001563 0.008969)
(0.004344 0.0001563 0.008969)
(0.004406 0.0001563 0.008969)
(0.004469 0.0001562 0.008969)
(0.004531 0.0001562 0.008969)
(0.004594 0.0001562 0.008969)
(0.004656 0.0001562 0.008969)
(0.004719 0.0001563 0.008969)
(0.004781 0.0001562 0.008969)
(0.004844 0.0001563 0.008969)
(0.004906 0.0001562 0.008969)
(0.004969 0.0001563 0.008969)
(0.004031 0.0002188 0.008969)
(0.004094 0.0002188 0.008969)
(0.004156 0.0002188 0.008969)
(0.004219 0.0002188 0.008969)
(0.004281 0.0002188 0.008969)
(0.004344 0.0002188 0.008969)
(0.004406 0.0002188 0.008969)
(0.004469 0.0002188 0.008969)
(0.004531 0.0002188 0.008969)
(0.004594 0.0002188 0.008969)
(0.004656 0.0002188 0.008969)
(0.004719 0.0002188 0.008969)
(0.004781 0.0002188 0.008969)
(0.004844 0.0002188 0.008969)
(0.004906 0.0002188 0.008969)
(0.004969 0.0002188 0.008969)
(0.004031 0.0002812 0.008969)
(0.004094 0.0002812 0.008969)
(0.004156 0.0002813 0.008969)
(0.004219 0.0002812 0.008969)
(0.004281 0.0002812 0.008969)
(0.004344 0.0002812 0.008969)
(0.004406 0.0002812 0.008969)
(0.004469 0.0002812 0.008969)
(0.004531 0.0002812 0.008969)
(0.004594 0.0002812 0.008969)
(0.004656 0.0002812 0.008969)
(0.004719 0.0002812 0.008969)
(0.004781 0.0002813 0.008969)
(0.004844 0.0002812 0.008969)
(0.004906 0.0002813 0.008969)
(0.004969 0.0002813 0.008969)
(0.004031 0.0003437 0.008969)
(0.004094 0.0003437 0.008969)
(0.004156 0.0003438 0.008969)
(0.004219 0.0003437 0.008969)
(0.004281 0.0003438 0.008969)
(0.004344 0.0003437 0.008969)
(0.004406 0.0003437 0.008969)
(0.004469 0.0003437 0.008969)
(0.004531 0.0003438 0.008969)
(0.004594 0.0003438 0.008969)
(0.004656 0.0003437 0.008969)
(0.004719 0.0003438 0.008969)
(0.004781 0.0003438 0.008969)
(0.004844 0.0003438 0.008969)
(0.004906 0.0003438 0.008969)
(0.004969 0.0003438 0.008969)
(0.004031 0.0004062 0.008969)
(0.004094 0.0004062 0.008969)
(0.004156 0.0004063 0.008969)
(0.004219 0.0004062 0.008969)
(0.004281 0.0004063 0.008969)
(0.004344 0.0004062 0.008969)
(0.004406 0.0004063 0.008969)
(0.004469 0.0004063 0.008969)
(0.004531 0.0004063 0.008969)
(0.004594 0.0004063 0.008969)
(0.004656 0.0004062 0.008969)
(0.004719 0.0004063 0.008969)
(0.004781 0.0004063 0.008969)
(0.004844 0.0004063 0.008969)
(0.004906 0.0004063 0.008969)
(0.004969 0.0004063 0.008969)
(0.004031 0.0004688 0.008969)
(0.004094 0.0004688 0.008969)
(0.004156 0.0004688 0.008969)
(0.004219 0.0004687 0.008969)
(0.004281 0.0004688 0.008969)
(0.004344 0.0004688 0.008969)
(0.004406 0.0004688 0.008969)
(0.004469 0.0004687 0.008969)
(0.004531 0.0004687 0.008969)
(0.004594 0.0004688 0.008969)
(0.004656 0.0004687 0.008969)
(0.004719 0.0004688 0.008969)
(0.004781 0.0004688 0.008969)
(0.004844 0.0004688 0.008969)
(0.004906 0.0004688 0.008969)
(0.004969 0.0004687 0.008969)
(0.004031 3.125e-05 0.009031)
(0.004094 3.125e-05 0.009031)
(0.004156 3.125e-05 0.009031)
(0.004219 3.125e-05 0.009031)
(0.004281 3.125e-05 0.009031)
(0.004344 3.125e-05 0.009031)
(0.004406 3.125e-05 0.009031)
(0.004469 3.125e-05 0.009031)
(0.004531 3.125e-05 0.009031)
(0.004594 3.125e-05 0.009031)
(0.004656 3.125e-05 0.009031)
(0.004719 3.125e-05 0.009031)
(0.004781 3.125e-05 0.009031)
(0.004844 3.125e-05 0.009031)
(0.004906 3.125e-05 0.009031)
(0.004969 3.125e-05 0.009031)
(0.004031 9.375e-05 0.009031)
(0.004094 9.375e-05 0.009031)
(0.004156 9.375e-05 0.009031)
(0.004219 9.375e-05 0.009031)
(0.004281 9.375e-05 0.009031)
(0.004344 9.375e-05 0.009031)
(0.004406 9.375e-05 0.009031)
(0.004469 9.375e-05 0.009031)
(0.004531 9.375e-05 0.009031)
(0.004594 9.375e-05 0.009031)
(0.004656 9.375e-05 0.009031)
(0.004719 9.375e-05 0.009031)
(0.004781 9.375e-05 0.009031)
(0.004844 9.375e-05 0.009031)
(0.004906 9.375e-05 0.009031)
(0.004969 9.375e-05 0.009031)
(0.004031 0.0001563 0.009031)
(0.004094 0.0001562 0.009031)
(0.004156 0.0001563 0.009031)
(0.004219 0.0001562 0.009031)
(0.004281 0.0001563 0.009031)
(0.004344 0.0001563 0.009031)
(0.004406 0.0001563 0.009031)
(0.004469 0.0001562 0.009031)
(0.004531 0.0001562 0.009031)
(0.004594 0.0001562 0.009031)
(0.004656 0.0001562 0.009031)
(0.004719 0.0001563 0.009031)
(0.004781 0.0001562 0.009031)
(0.004844 0.0001563 0.009031)
(0.004906 0.0001562 0.009031)
(0.004969 0.0001563 0.009031)
(0.004031 0.0002187 0.009031)
(0.004094 0.0002188 0.009031)
(0.004156 0.0002188 0.009031)
(0.004219 0.0002188 0.009031)
(0.004281 0.0002188 0.009031)
(0.004344 0.0002188 0.009031)
(0.004406 0.0002188 0.009031)
(0.004469 0.0002188 0.009031)
(0.004531 0.0002188 0.009031)
(0.004594 0.0002188 0.009031)
(0.004656 0.0002188 0.009031)
(0.004719 0.0002188 0.009031)
(0.004781 0.0002188 0.009031)
(0.004844 0.0002188 0.009031)
(0.004906 0.0002188 0.009031)
(0.004969 0.0002188 0.009031)
(0.004031 0.0002813 0.009031)
(0.004094 0.0002813 0.009031)
(0.004156 0.0002813 0.009031)
(0.004219 0.0002813 0.009031)
(0.004281 0.0002813 0.009031)
(0.004344 0.0002813 0.009031)
(0.004406 0.0002812 0.009031)
(0.004469 0.0002813 0.009031)
(0.004531 0.0002813 0.009031)
(0.004594 0.0002812 0.009031)
(0.004656 0.0002813 0.009031)
(0.004719 0.0002813 0.009031)
(0.004781 0.0002813 0.009031)
(0.004844 0.0002812 0.009031)
(0.004906 0.0002813 0.009031)
(0.004969 0.0002813 0.009031)
(0.004031 0.0003437 0.009031)
(0.004094 0.0003437 0.009031)
(0.004156 0.0003438 0.009031)
(0.004219 0.0003437 0.009031)
(0.004281 0.0003438 0.009031)
(0.004344 0.0003437 0.009031)
(0.004406 0.0003437 0.009031)
(0.004469 0.0003438 0.009031)
(0.004531 0.0003437 0.009031)
(0.004594 0.0003437 0.009031)
(0.004656 0.0003438 0.009031)
(0.004719 0.0003438 0.009031)
(0.004781 0.0003438 0.009031)
(0.004844 0.0003437 0.009031)
(0.004906 0.0003438 0.009031)
(0.004969 0.0003438 0.009031)
(0.004031 0.0004062 0.009031)
(0.004094 0.0004062 0.009031)
(0.004156 0.0004063 0.009031)
(0.004219 0.0004062 0.009031)
(0.004281 0.0004062 0.009031)
(0.004344 0.0004062 0.009031)
(0.004406 0.0004063 0.009031)
(0.004469 0.0004063 0.009031)
(0.004531 0.0004063 0.009031)
(0.004594 0.0004063 0.009031)
(0.004656 0.0004063 0.009031)
(0.004719 0.0004062 0.009031)
(0.004781 0.0004063 0.009031)
(0.004844 0.0004063 0.009031)
(0.004906 0.0004063 0.009031)
(0.004969 0.0004062 0.009031)
(0.004031 0.0004687 0.009031)
(0.004094 0.0004688 0.009031)
(0.004156 0.0004688 0.009031)
(0.004219 0.0004688 0.009031)
(0.004281 0.0004687 0.009031)
(0.004344 0.0004688 0.009031)
(0.004406 0.0004688 0.009031)
(0.004469 0.0004687 0.009031)
(0.004531 0.0004688 0.009031)
(0.004594 0.0004687 0.009031)
(0.004656 0.0004688 0.009031)
(0.004719 0.0004688 0.009031)
(0.004781 0.0004688 0.009031)
(0.004844 0.0004687 0.009031)
(0.004906 0.0004688 0.009031)
(0.004969 0.0004687 0.009031)
(0.004031 3.125e-05 0.009094)
(0.004094 3.125e-05 0.009094)
(0.004156 3.125e-05 0.009094)
(0.004219 3.125e-05 0.009094)
(0.004281 3.125e-05 0.009094)
(0.004344 3.125e-05 0.009094)
(0.004406 3.125e-05 0.009094)
(0.004469 3.125e-05 0.009094)
(0.004531 3.125e-05 0.009094)
(0.004594 3.125e-05 0.009094)
(0.004656 3.125e-05 0.009094)
(0.004719 3.125e-05 0.009094)
(0.004781 3.125e-05 0.009094)
(0.004844 3.125e-05 0.009094)
(0.004906 3.125e-05 0.009094)
(0.004969 3.125e-05 0.009094)
(0.004031 9.375e-05 0.009094)
(0.004094 9.375e-05 0.009094)
(0.004156 9.375e-05 0.009094)
(0.004219 9.375e-05 0.009094)
(0.004281 9.375e-05 0.009094)
(0.004344 9.375e-05 0.009094)
(0.004406 9.375e-05 0.009094)
(0.004469 9.375e-05 0.009094)
(0.004531 9.375e-05 0.009094)
(0.004594 9.375e-05 0.009094)
(0.004656 9.375e-05 0.009094)
(0.004719 9.375e-05 0.009094)
(0.004781 9.375e-05 0.009094)
(0.004844 9.375e-05 0.009094)
(0.004906 9.375e-05 0.009094)
(0.004969 9.375e-05 0.009094)
(0.004031 0.0001562 0.009094)
(0.004094 0.0001562 0.009094)
(0.004156 0.0001562 0.009094)
(0.004219 0.0001562 0.009094)
(0.004281 0.0001562 0.009094)
(0.004344 0.0001562 0.009094)
(0.004406 0.0001563 0.009094)
(0.004469 0.0001563 0.009094)
(0.004531 0.0001562 0.009094)
(0.004594 0.0001563 0.009094)
(0.004656 0.0001563 0.009094)
(0.004719 0.0001562 0.009094)
(0.004781 0.0001562 0.009094)
(0.004844 0.0001562 0.009094)
(0.004906 0.0001563 0.009094)
(0.004969 0.0001562 0.009094)
(0.004031 0.0002188 0.009094)
(0.004094 0.0002188 0.009094)
(0.004156 0.0002188 0.009094)
(0.004219 0.0002188 0.009094)
(0.004281 0.0002188 0.009094)
(0.004344 0.0002188 0.009094)
(0.004406 0.0002188 0.009094)
(0.004469 0.0002188 0.009094)
(0.004531 0.0002188 0.009094)
(0.004594 0.0002188 0.009094)
(0.004656 0.0002188 0.009094)
(0.004719 0.0002188 0.009094)
(0.004781 0.0002188 0.009094)
(0.004844 0.0002188 0.009094)
(0.004906 0.0002188 0.009094)
(0.004969 0.0002188 0.009094)
(0.004031 0.0002813 0.009094)
(0.004094 0.0002812 0.009094)
(0.004156 0.0002812 0.009094)
(0.004219 0.0002812 0.009094)
(0.004281 0.0002812 0.009094)
(0.004344 0.0002812 0.009094)
(0.004406 0.0002812 0.009094)
(0.004469 0.0002812 0.009094)
(0.004531 0.0002812 0.009094)
(0.004594 0.0002813 0.009094)
(0.004656 0.0002813 0.009094)
(0.004719 0.0002812 0.009094)
(0.004781 0.0002812 0.009094)
(0.004844 0.0002813 0.009094)
(0.004906 0.0002812 0.009094)
(0.004969 0.0002812 0.009094)
(0.004031 0.0003438 0.009094)
(0.004094 0.0003437 0.009094)
(0.004156 0.0003438 0.009094)
(0.004219 0.0003437 0.009094)
(0.004281 0.0003437 0.009094)
(0.004344 0.0003437 0.009094)
(0.004406 0.0003437 0.009094)
(0.004469 0.0003438 0.009094)
(0.004531 0.0003437 0.009094)
(0.004594 0.0003438 0.009094)
(0.004656 0.0003438 0.009094)
(0.004719 0.0003437 0.009094)
(0.004781 0.0003438 0.009094)
(0.004844 0.0003438 0.009094)
(0.004906 0.0003438 0.009094)
(0.004969 0.0003437 0.009094)
(0.004031 0.0004063 0.009094)
(0.004094 0.0004062 0.009094)
(0.004156 0.0004062 0.009094)
(0.004219 0.0004062 0.009094)
(0.004281 0.0004062 0.009094)
(0.004344 0.0004062 0.009094)
(0.004406 0.0004063 0.009094)
(0.004469 0.0004063 0.009094)
(0.004531 0.0004062 0.009094)
(0.004594 0.0004063 0.009094)
(0.004656 0.0004062 0.009094)
(0.004719 0.0004062 0.009094)
(0.004781 0.0004062 0.009094)
(0.004844 0.0004063 0.009094)
(0.004906 0.0004062 0.009094)
(0.004969 0.0004062 0.009094)
(0.004031 0.0004688 0.009094)
(0.004094 0.0004687 0.009094)
(0.004156 0.0004687 0.009094)
(0.004219 0.0004687 0.009094)
(0.004281 0.0004687 0.009094)
(0.004344 0.0004687 0.009094)
(0.004406 0.0004687 0.009094)
(0.004469 0.0004688 0.009094)
(0.004531 0.0004687 0.009094)
(0.004594 0.0004688 0.009094)
(0.004656 0.0004688 0.009094)
(0.004719 0.0004688 0.009094)
(0.004781 0.0004687 0.009094)
(0.004844 0.0004688 0.009094)
(0.004906 0.0004687 0.009094)
(0.004969 0.0004687 0.009094)
(0.004031 3.125e-05 0.009156)
(0.004094 3.125e-05 0.009156)
(0.004156 3.125e-05 0.009156)
(0.004219 3.125e-05 0.009156)
(0.004281 3.125e-05 0.009156)
(0.004344 3.125e-05 0.009156)
(0.004406 3.125e-05 0.009156)
(0.004469 3.125e-05 0.009156)
(0.004531 3.125e-05 0.009156)
(0.004594 3.125e-05 0.009156)
(0.004656 3.125e-05 0.009156)
(0.004719 3.125e-05 0.009156)
(0.004781 3.125e-05 0.009156)
(0.004844 3.125e-05 0.009156)
(0.004906 3.125e-05 0.009156)
(0.004969 3.125e-05 0.009156)
(0.004031 9.375e-05 0.009156)
(0.004094 9.375e-05 0.009156)
(0.004156 9.375e-05 0.009156)
(0.004219 9.375e-05 0.009156)
(0.004281 9.375e-05 0.009156)
(0.004344 9.375e-05 0.009156)
(0.004406 9.375e-05 0.009156)
(0.004469 9.375e-05 0.009156)
(0.004531 9.375e-05 0.009156)
(0.004594 9.375e-05 0.009156)
(0.004656 9.375e-05 0.009156)
(0.004719 9.375e-05 0.009156)
(0.004781 9.375e-05 0.009156)
(0.004844 9.375e-05 0.009156)
(0.004906 9.375e-05 0.009156)
(0.004969 9.375e-05 0.009156)
(0.004031 0.0001563 0.009156)
(0.004094 0.0001563 0.009156)
(0.004156 0.0001563 0.009156)
(0.004219 0.0001563 0.009156)
(0.004281 0.0001563 0.009156)
(0.004344 0.0001563 0.009156)
(0.004406 0.0001563 0.009156)
(0.004469 0.0001562 0.009156)
(0.004531 0.0001562 0.009156)
(0.004594 0.0001562 0.009156)
(0.004656 0.0001562 0.009156)
(0.004719 0.0001563 0.009156)
(0.004781 0.0001562 0.009156)
(0.004844 0.0001563 0.009156)
(0.004906 0.0001562 0.009156)
(0.004969 0.0001563 0.009156)
(0.004031 0.0002188 0.009156)
(0.004094 0.0002188 0.009156)
(0.004156 0.0002188 0.009156)
(0.004219 0.0002188 0.009156)
(0.004281 0.0002188 0.009156)
(0.004344 0.0002188 0.009156)
(0.004406 0.0002188 0.009156)
(0.004469 0.0002188 0.009156)
(0.004531 0.0002188 0.009156)
(0.004594 0.0002188 0.009156)
(0.004656 0.0002188 0.009156)
(0.004719 0.0002188 0.009156)
(0.004781 0.0002188 0.009156)
(0.004844 0.0002188 0.009156)
(0.004906 0.0002188 0.009156)
(0.004969 0.0002188 0.009156)
(0.004031 0.0002812 0.009156)
(0.004094 0.0002812 0.009156)
(0.004156 0.0002813 0.009156)
(0.004219 0.0002812 0.009156)
(0.004281 0.0002812 0.009156)
(0.004344 0.0002812 0.009156)
(0.004406 0.0002812 0.009156)
(0.004469 0.0002812 0.009156)
(0.004531 0.0002812 0.009156)
(0.004594 0.0002812 0.009156)
(0.004656 0.0002812 0.009156)
(0.004719 0.0002812 0.009156)
(0.004781 0.0002813 0.009156)
(0.004844 0.0002812 0.009156)
(0.004906 0.0002813 0.009156)
(0.004969 0.0002813 0.009156)
(0.004031 0.0003438 0.009156)
(0.004094 0.0003437 0.009156)
(0.004156 0.0003438 0.009156)
(0.004219 0.0003437 0.009156)
(0.004281 0.0003438 0.009156)
(0.004344 0.0003437 0.009156)
(0.004406 0.0003437 0.009156)
(0.004469 0.0003437 0.009156)
(0.004531 0.0003438 0.009156)
(0.004594 0.0003438 0.009156)
(0.004656 0.0003437 0.009156)
(0.004719 0.0003438 0.009156)
(0.004781 0.0003438 0.009156)
(0.004844 0.0003438 0.009156)
(0.004906 0.0003438 0.009156)
(0.004969 0.0003438 0.009156)
(0.004031 0.0004062 0.009156)
(0.004094 0.0004062 0.009156)
(0.004156 0.0004063 0.009156)
(0.004219 0.0004062 0.009156)
(0.004281 0.0004063 0.009156)
(0.004344 0.0004062 0.009156)
(0.004406 0.0004063 0.009156)
(0.004469 0.0004063 0.009156)
(0.004531 0.0004063 0.009156)
(0.004594 0.0004063 0.009156)
(0.004656 0.0004062 0.009156)
(0.004719 0.0004063 0.009156)
(0.004781 0.0004063 0.009156)
(0.004844 0.0004063 0.009156)
(0.004906 0.0004063 0.009156)
(0.004969 0.0004063 0.009156)
(0.004031 0.0004687 0.009156)
(0.004094 0.0004688 0.009156)
(0.004156 0.0004688 0.009156)
(0.004219 0.0004687 0.009156)
(0.004281 0.0004688 0.009156)
(0.004344 0.0004688 0.009156)
(0.004406 0.0004687 0.009156)
(0.004469 0.0004687 0.009156)
(0.004531 0.0004687 0.009156)
(0.004594 0.0004688 0.009156)
(0.004656 0.0004687 0.009156)
(0.004719 0.0004688 0.009156)
(0.004781 0.0004688 0.009156)
(0.004844 0.0004688 0.009156)
(0.004906 0.0004688 0.009156)
(0.004969 0.0004687 0.009156)
(0.004031 3.125e-05 0.009219)
(0.004094 3.125e-05 0.009219)
(0.004156 3.125e-05 0.009219)
(0.004219 3.125e-05 0.009219)
(0.004281 3.125e-05 0.009219)
(0.004344 3.125e-05 0.009219)
(0.004406 3.125e-05 0.009219)
(0.004469 3.125e-05 0.009219)
(0.004531 3.125e-05 0.009219)
(0.004594 3.125e-05 0.009219)
(0.004656 3.125e-05 0.009219)
(0.004719 3.125e-05 0.009219)
(0.004781 3.125e-05 0.009219)
(0.004844 3.125e-05 0.009219)
(0.004906 3.125e-05 0.009219)
(0.004969 3.125e-05 0.009219)
(0.004031 9.375e-05 0.009219)
(0.004094 9.375e-05 0.009219)
(0.004156 9.375e-05 0.009219)
(0.004219 9.375e-05 0.009219)
(0.004281 9.375e-05 0.009219)
(0.004344 9.375e-05 0.009219)
(0.004406 9.375e-05 0.009219)
(0.004469 9.375e-05 0.009219)
(0.004531 9.375e-05 0.009219)
(0.004594 9.375e-05 0.009219)
(0.004656 9.375e-05 0.009219)
(0.004719 9.375e-05 0.009219)
(0.004781 9.375e-05 0.009219)
(0.004844 9.375e-05 0.009219)
(0.004906 9.375e-05 0.009219)
(0.004969 9.375e-05 0.009219)
(0.004031 0.0001563 0.009219)
(0.004094 0.0001562 0.009219)
(0.004156 0.0001563 0.009219)
(0.004219 0.0001562 0.009219)
(0.004281 0.0001563 0.009219)
(0.004344 0.0001563 0.009219)
(0.004406 0.0001563 0.009219)
(0.004469 0.0001562 0.009219)
(0.004531 0.0001562 0.009219)
(0.004594 0.0001562 0.009219)
(0.004656 0.0001562 0.009219)
(0.004719 0.0001563 0.009219)
(0.004781 0.0001562 0.009219)
(0.004844 0.0001563 0.009219)
(0.004906 0.0001562 0.009219)
(0.004969 0.0001563 0.009219)
(0.004031 0.0002187 0.009219)
(0.004094 0.0002188 0.009219)
(0.004156 0.0002188 0.009219)
(0.004219 0.0002188 0.009219)
(0.004281 0.0002188 0.009219)
(0.004344 0.0002188 0.009219)
(0.004406 0.0002188 0.009219)
(0.004469 0.0002188 0.009219)
(0.004531 0.0002188 0.009219)
(0.004594 0.0002188 0.009219)
(0.004656 0.0002188 0.009219)
(0.004719 0.0002188 0.009219)
(0.004781 0.0002188 0.009219)
(0.004844 0.0002188 0.009219)
(0.004906 0.0002188 0.009219)
(0.004969 0.0002188 0.009219)
(0.004031 0.0002813 0.009219)
(0.004094 0.0002813 0.009219)
(0.004156 0.0002813 0.009219)
(0.004219 0.0002813 0.009219)
(0.004281 0.0002813 0.009219)
(0.004344 0.0002813 0.009219)
(0.004406 0.0002812 0.009219)
(0.004469 0.0002813 0.009219)
(0.004531 0.0002813 0.009219)
(0.004594 0.0002812 0.009219)
(0.004656 0.0002813 0.009219)
(0.004719 0.0002813 0.009219)
(0.004781 0.0002813 0.009219)
(0.004844 0.0002812 0.009219)
(0.004906 0.0002813 0.009219)
(0.004969 0.0002813 0.009219)
(0.004031 0.0003437 0.009219)
(0.004094 0.0003437 0.009219)
(0.004156 0.0003438 0.009219)
(0.004219 0.0003437 0.009219)
(0.004281 0.0003438 0.009219)
(0.004344 0.0003437 0.009219)
(0.004406 0.0003437 0.009219)
(0.004469 0.0003438 0.009219)
(0.004531 0.0003437 0.009219)
(0.004594 0.0003437 0.009219)
(0.004656 0.0003438 0.009219)
(0.004719 0.0003438 0.009219)
(0.004781 0.0003438 0.009219)
(0.004844 0.0003437 0.009219)
(0.004906 0.0003438 0.009219)
(0.004969 0.0003438 0.009219)
(0.004031 0.0004062 0.009219)
(0.004094 0.0004062 0.009219)
(0.004156 0.0004063 0.009219)
(0.004219 0.0004062 0.009219)
(0.004281 0.0004062 0.009219)
(0.004344 0.0004062 0.009219)
(0.004406 0.0004063 0.009219)
(0.004469 0.0004063 0.009219)
(0.004531 0.0004063 0.009219)
(0.004594 0.0004063 0.009219)
(0.004656 0.0004063 0.009219)
(0.004719 0.0004062 0.009219)
(0.004781 0.0004063 0.009219)
(0.004844 0.0004063 0.009219)
(0.004906 0.0004063 0.009219)
(0.004969 0.0004062 0.009219)
(0.004031 0.0004687 0.009219)
(0.004094 0.0004688 0.009219)
(0.004156 0.0004688 0.009219)
(0.004219 0.0004688 0.009219)
(0.004281 0.0004687 0.009219)
(0.004344 0.0004688 0.009219)
(0.004406 0.0004687 0.009219)
(0.004469 0.0004687 0.009219)
(0.004531 0.0004688 0.009219)
(0.004594 0.0004687 0.009219)
(0.004656 0.0004688 0.009219)
(0.004719 0.0004688 0.009219)
(0.004781 0.0004688 0.009219)
(0.004844 0.0004687 0.009219)
(0.004906 0.0004688 0.009219)
(0.004969 0.0004687 0.009219)
(0.004031 3.125e-05 0.009281)
(0.004094 3.125e-05 0.009281)
(0.004156 3.125e-05 0.009281)
(0.004219 3.125e-05 0.009281)
(0.004281 3.125e-05 0.009281)
(0.004344 3.125e-05 0.009281)
(0.004406 3.125e-05 0.009281)
(0.004469 3.125e-05 0.009281)
(0.004531 3.125e-05 0.009281)
(0.004594 3.125e-05 0.009281)
(0.004656 3.125e-05 0.009281)
(0.004719 3.125e-05 0.009281)
(0.004781 3.125e-05 0.009281)
(0.004844 3.125e-05 0.009281)
(0.004906 3.125e-05 0.009281)
(0.004969 3.125e-05 0.009281)
(0.004031 9.375e-05 0.009281)
(0.004094 9.375e-05 0.009281)
(0.004156 9.375e-05 0.009281)
(0.004219 9.375e-05 0.009281)
(0.004281 9.375e-05 0.009281)
(0.004344 9.375e-05 0.009281)
(0.004406 9.375e-05 0.009281)
(0.004469 9.375e-05 0.009281)
(0.004531 9.375e-05 0.009281)
(0.004594 9.375e-05 0.009281)
(0.004656 9.375e-05 0.009281)
(0.004719 9.375e-05 0.009281)
(0.004781 9.375e-05 0.009281)
(0.004844 9.375e-05 0.009281)
(0.004906 9.375e-05 0.009281)
(0.004969 9.375e-05 0.009281)
(0.004031 0.0001563 0.009281)
(0.004094 0.0001562 0.009281)
(0.004156 0.0001562 0.009281)
(0.004219 0.0001562 0.009281)
(0.004281 0.0001562 0.009281)
(0.004344 0.0001562 0.009281)
(0.004406 0.0001563 0.009281)
(0.004469 0.0001563 0.009281)
(0.004531 0.0001562 0.009281)
(0.004594 0.0001563 0.009281)
(0.004656 0.0001563 0.009281)
(0.004719 0.0001562 0.009281)
(0.004781 0.0001562 0.009281)
(0.004844 0.0001562 0.009281)
(0.004906 0.0001563 0.009281)
(0.004969 0.0001562 0.009281)
(0.004031 0.0002188 0.009281)
(0.004094 0.0002188 0.009281)
(0.004156 0.0002188 0.009281)
(0.004219 0.0002188 0.009281)
(0.004281 0.0002188 0.009281)
(0.004344 0.0002188 0.009281)
(0.004406 0.0002188 0.009281)
(0.004469 0.0002188 0.009281)
(0.004531 0.0002188 0.009281)
(0.004594 0.0002188 0.009281)
(0.004656 0.0002188 0.009281)
(0.004719 0.0002188 0.009281)
(0.004781 0.0002188 0.009281)
(0.004844 0.0002188 0.009281)
(0.004906 0.0002188 0.009281)
(0.004969 0.0002188 0.009281)
(0.004031 0.0002813 0.009281)
(0.004094 0.0002812 0.009281)
(0.004156 0.0002812 0.009281)
(0.004219 0.0002812 0.009281)
(0.004281 0.0002812 0.009281)
(0.004344 0.0002812 0.009281)
(0.004406 0.0002812 0.009281)
(0.004469 0.0002812 0.009281)
(0.004531 0.0002812 0.009281)
(0.004594 0.0002813 0.009281)
(0.004656 0.0002813 0.009281)
(0.004719 0.0002812 0.009281)
(0.004781 0.0002812 0.009281)
(0.004844 0.0002813 0.009281)
(0.004906 0.0002812 0.009281)
(0.004969 0.0002812 0.009281)
(0.004031 0.0003438 0.009281)
(0.004094 0.0003437 0.009281)
(0.004156 0.0003438 0.009281)
(0.004219 0.0003437 0.009281)
(0.004281 0.0003437 0.009281)
(0.004344 0.0003437 0.009281)
(0.004406 0.0003437 0.009281)
(0.004469 0.0003438 0.009281)
(0.004531 0.0003437 0.009281)
(0.004594 0.0003438 0.009281)
(0.004656 0.0003438 0.009281)
(0.004719 0.0003437 0.009281)
(0.004781 0.0003438 0.009281)
(0.004844 0.0003438 0.009281)
(0.004906 0.0003438 0.009281)
(0.004969 0.0003437 0.009281)
(0.004031 0.0004063 0.009281)
(0.004094 0.0004062 0.009281)
(0.004156 0.0004062 0.009281)
(0.004219 0.0004062 0.009281)
(0.004281 0.0004062 0.009281)
(0.004344 0.0004062 0.009281)
(0.004406 0.0004063 0.009281)
(0.004469 0.0004063 0.009281)
(0.004531 0.0004062 0.009281)
(0.004594 0.0004063 0.009281)
(0.004656 0.0004062 0.009281)
(0.004719 0.0004062 0.009281)
(0.004781 0.0004062 0.009281)
(0.004844 0.0004063 0.009281)
(0.004906 0.0004062 0.009281)
(0.004969 0.0004062 0.009281)
(0.004031 0.0004688 0.009281)
(0.004094 0.0004687 0.009281)
(0.004156 0.0004687 0.009281)
(0.004219 0.0004687 0.009281)
(0.004281 0.0004687 0.009281)
(0.004344 0.0004687 0.009281)
(0.004406 0.0004688 0.009281)
(0.004469 0.0004688 0.009281)
(0.004531 0.0004687 0.009281)
(0.004594 0.0004688 0.009281)
(0.004656 0.0004688 0.009281)
(0.004719 0.0004688 0.009281)
(0.004781 0.0004687 0.009281)
(0.004844 0.0004688 0.009281)
(0.004906 0.0004687 0.009281)
(0.004969 0.0004687 0.009281)
(0.004031 3.125e-05 0.009344)
(0.004094 3.125e-05 0.009344)
(0.004156 3.125e-05 0.009344)
(0.004219 3.125e-05 0.009344)
(0.004281 3.125e-05 0.009344)
(0.004344 3.125e-05 0.009344)
(0.004406 3.125e-05 0.009344)
(0.004469 3.125e-05 0.009344)
(0.004531 3.125e-05 0.009344)
(0.004594 3.125e-05 0.009344)
(0.004656 3.125e-05 0.009344)
(0.004719 3.125e-05 0.009344)
(0.004781 3.125e-05 0.009344)
(0.004844 3.125e-05 0.009344)
(0.004906 3.125e-05 0.009344)
(0.004969 3.125e-05 0.009344)
(0.004031 9.375e-05 0.009344)
(0.004094 9.375e-05 0.009344)
(0.004156 9.375e-05 0.009344)
(0.004219 9.375e-05 0.009344)
(0.004281 9.375e-05 0.009344)
(0.004344 9.375e-05 0.009344)
(0.004406 9.375e-05 0.009344)
(0.004469 9.375e-05 0.009344)
(0.004531 9.375e-05 0.009344)
(0.004594 9.375e-05 0.009344)
(0.004656 9.375e-05 0.009344)
(0.004719 9.375e-05 0.009344)
(0.004781 9.375e-05 0.009344)
(0.004844 9.375e-05 0.009344)
(0.004906 9.375e-05 0.009344)
(0.004969 9.375e-05 0.009344)
(0.004031 0.0001562 0.009344)
(0.004094 0.0001562 0.009344)
(0.004156 0.0001562 0.009344)
(0.004219 0.0001562 0.009344)
(0.004281 0.0001562 0.009344)
(0.004344 0.0001562 0.009344)
(0.004406 0.0001563 0.009344)
(0.004469 0.0001563 0.009344)
(0.004531 0.0001562 0.009344)
(0.004594 0.0001563 0.009344)
(0.004656 0.0001563 0.009344)
(0.004719 0.0001562 0.009344)
(0.004781 0.0001562 0.009344)
(0.004844 0.0001562 0.009344)
(0.004906 0.0001563 0.009344)
(0.004969 0.0001562 0.009344)
(0.004031 0.0002188 0.009344)
(0.004094 0.0002188 0.009344)
(0.004156 0.0002188 0.009344)
(0.004219 0.0002188 0.009344)
(0.004281 0.0002188 0.009344)
(0.004344 0.0002188 0.009344)
(0.004406 0.0002188 0.009344)
(0.004469 0.0002188 0.009344)
(0.004531 0.0002188 0.009344)
(0.004594 0.0002188 0.009344)
(0.004656 0.0002188 0.009344)
(0.004719 0.0002188 0.009344)
(0.004781 0.0002188 0.009344)
(0.004844 0.0002188 0.009344)
(0.004906 0.0002188 0.009344)
(0.004969 0.0002188 0.009344)
(0.004031 0.0002813 0.009344)
(0.004094 0.0002813 0.009344)
(0.004156 0.0002813 0.009344)
(0.004219 0.0002813 0.009344)
(0.004281 0.0002813 0.009344)
(0.004344 0.0002813 0.009344)
(0.004406 0.0002812 0.009344)
(0.004469 0.0002813 0.009344)
(0.004531 0.0002813 0.009344)
(0.004594 0.0002812 0.009344)
(0.004656 0.0002813 0.009344)
(0.004719 0.0002813 0.009344)
(0.004781 0.0002813 0.009344)
(0.004844 0.0002812 0.009344)
(0.004906 0.0002813 0.009344)
(0.004969 0.0002813 0.009344)
(0.004031 0.0003437 0.009344)
(0.004094 0.0003437 0.009344)
(0.004156 0.0003438 0.009344)
(0.004219 0.0003437 0.009344)
(0.004281 0.0003438 0.009344)
(0.004344 0.0003437 0.009344)
(0.004406 0.0003437 0.009344)
(0.004469 0.0003438 0.009344)
(0.004531 0.0003437 0.009344)
(0.004594 0.0003437 0.009344)
(0.004656 0.0003438 0.009344)
(0.004719 0.0003438 0.009344)
(0.004781 0.0003438 0.009344)
(0.004844 0.0003437 0.009344)
(0.004906 0.0003438 0.009344)
(0.004969 0.0003438 0.009344)
(0.004031 0.0004062 0.009344)
(0.004094 0.0004062 0.009344)
(0.004156 0.0004063 0.009344)
(0.004219 0.0004062 0.009344)
(0.004281 0.0004062 0.009344)
(0.004344 0.0004062 0.009344)
(0.004406 0.0004063 0.009344)
(0.004469 0.0004063 0.009344)
(0.004531 0.0004063 0.009344)
(0.004594 0.0004063 0.009344)
(0.004656 0.0004063 0.009344)
(0.004719 0.0004062 0.009344)
(0.004781 0.0004063 0.009344)
(0.004844 0.0004063 0.009344)
(0.004906 0.0004063 0.009344)
(0.004969 0.0004062 0.009344)
(0.004031 0.0004687 0.009344)
(0.004094 0.0004688 0.009344)
(0.004156 0.0004688 0.009344)
(0.004219 0.0004688 0.009344)
(0.004281 0.0004687 0.009344)
(0.004344 0.0004688 0.009344)
(0.004406 0.0004688 0.009344)
(0.004469 0.0004687 0.009344)
(0.004531 0.0004688 0.009344)
(0.004594 0.0004687 0.009344)
(0.004656 0.0004688 0.009344)
(0.004719 0.0004688 0.009344)
(0.004781 0.0004688 0.009344)
(0.004844 0.0004687 0.009344)
(0.004906 0.0004688 0.009344)
(0.004969 0.0004687 0.009344)
(0.004031 3.125e-05 0.009406)
(0.004094 3.125e-05 0.009406)
(0.004156 3.125e-05 0.009406)
(0.004219 3.125e-05 0.009406)
(0.004281 3.125e-05 0.009406)
(0.004344 3.125e-05 0.009406)
(0.004406 3.125e-05 0.009406)
(0.004469 3.125e-05 0.009406)
(0.004531 3.125e-05 0.009406)
(0.004594 3.125e-05 0.009406)
(0.004656 3.125e-05 0.009406)
(0.004719 3.125e-05 0.009406)
(0.004781 3.125e-05 0.009406)
(0.004844 3.125e-05 0.009406)
(0.004906 3.125e-05 0.009406)
(0.004969 3.125e-05 0.009406)
(0.004031 9.375e-05 0.009406)
(0.004094 9.375e-05 0.009406)
(0.004156 9.375e-05 0.009406)
(0.004219 9.375e-05 0.009406)
(0.004281 9.375e-05 0.009406)
(0.004344 9.375e-05 0.009406)
(0.004406 9.375e-05 0.009406)
(0.004469 9.375e-05 0.009406)
(0.004531 9.375e-05 0.009406)
(0.004594 9.375e-05 0.009406)
(0.004656 9.375e-05 0.009406)
(0.004719 9.375e-05 0.009406)
(0.004781 9.375e-05 0.009406)
(0.004844 9.375e-05 0.009406)
(0.004906 9.375e-05 0.009406)
(0.004969 9.375e-05 0.009406)
(0.004031 0.0001563 0.009406)
(0.004094 0.0001562 0.009406)
(0.004156 0.0001562 0.009406)
(0.004219 0.0001562 0.009406)
(0.004281 0.0001562 0.009406)
(0.004344 0.0001562 0.009406)
(0.004406 0.0001563 0.009406)
(0.004469 0.0001563 0.009406)
(0.004531 0.0001562 0.009406)
(0.004594 0.0001563 0.009406)
(0.004656 0.0001563 0.009406)
(0.004719 0.0001562 0.009406)
(0.004781 0.0001562 0.009406)
(0.004844 0.0001562 0.009406)
(0.004906 0.0001563 0.009406)
(0.004969 0.0001562 0.009406)
(0.004031 0.0002188 0.009406)
(0.004094 0.0002188 0.009406)
(0.004156 0.0002188 0.009406)
(0.004219 0.0002188 0.009406)
(0.004281 0.0002188 0.009406)
(0.004344 0.0002188 0.009406)
(0.004406 0.0002188 0.009406)
(0.004469 0.0002188 0.009406)
(0.004531 0.0002188 0.009406)
(0.004594 0.0002188 0.009406)
(0.004656 0.0002188 0.009406)
(0.004719 0.0002188 0.009406)
(0.004781 0.0002188 0.009406)
(0.004844 0.0002188 0.009406)
(0.004906 0.0002188 0.009406)
(0.004969 0.0002188 0.009406)
(0.004031 0.0002812 0.009406)
(0.004094 0.0002812 0.009406)
(0.004156 0.0002813 0.009406)
(0.004219 0.0002812 0.009406)
(0.004281 0.0002812 0.009406)
(0.004344 0.0002812 0.009406)
(0.004406 0.0002812 0.009406)
(0.004469 0.0002812 0.009406)
(0.004531 0.0002812 0.009406)
(0.004594 0.0002812 0.009406)
(0.004656 0.0002812 0.009406)
(0.004719 0.0002812 0.009406)
(0.004781 0.0002813 0.009406)
(0.004844 0.0002812 0.009406)
(0.004906 0.0002813 0.009406)
(0.004969 0.0002813 0.009406)
(0.004031 0.0003438 0.009406)
(0.004094 0.0003438 0.009406)
(0.004156 0.0003438 0.009406)
(0.004219 0.0003438 0.009406)
(0.004281 0.0003438 0.009406)
(0.004344 0.0003438 0.009406)
(0.004406 0.0003437 0.009406)
(0.004469 0.0003437 0.009406)
(0.004531 0.0003438 0.009406)
(0.004594 0.0003438 0.009406)
(0.004656 0.0003437 0.009406)
(0.004719 0.0003438 0.009406)
(0.004781 0.0003438 0.009406)
(0.004844 0.0003438 0.009406)
(0.004906 0.0003438 0.009406)
(0.004969 0.0003438 0.009406)
(0.004031 0.0004062 0.009406)
(0.004094 0.0004062 0.009406)
(0.004156 0.0004063 0.009406)
(0.004219 0.0004062 0.009406)
(0.004281 0.0004063 0.009406)
(0.004344 0.0004062 0.009406)
(0.004406 0.0004063 0.009406)
(0.004469 0.0004063 0.009406)
(0.004531 0.0004063 0.009406)
(0.004594 0.0004063 0.009406)
(0.004656 0.0004062 0.009406)
(0.004719 0.0004063 0.009406)
(0.004781 0.0004063 0.009406)
(0.004844 0.0004063 0.009406)
(0.004906 0.0004063 0.009406)
(0.004969 0.0004063 0.009406)
(0.004031 0.0004687 0.009406)
(0.004094 0.0004687 0.009406)
(0.004156 0.0004687 0.009406)
(0.004219 0.0004687 0.009406)
(0.004281 0.0004687 0.009406)
(0.004344 0.0004687 0.009406)
(0.004406 0.0004688 0.009406)
(0.004469 0.0004687 0.009406)
(0.004531 0.0004687 0.009406)
(0.004594 0.0004687 0.009406)
(0.004656 0.0004687 0.009406)
(0.004719 0.0004688 0.009406)
(0.004781 0.0004688 0.009406)
(0.004844 0.0004687 0.009406)
(0.004906 0.0004688 0.009406)
(0.004969 0.0004687 0.009406)
(0.004031 3.125e-05 0.009469)
(0.004094 3.125e-05 0.009469)
(0.004156 3.125e-05 0.009469)
(0.004219 3.125e-05 0.009469)
(0.004281 3.125e-05 0.009469)
(0.004344 3.125e-05 0.009469)
(0.004406 3.125e-05 0.009469)
(0.004469 3.125e-05 0.009469)
(0.004531 3.125e-05 0.009469)
(0.004594 3.125e-05 0.009469)
(0.004656 3.125e-05 0.009469)
(0.004719 3.125e-05 0.009469)
(0.004781 3.125e-05 0.009469)
(0.004844 3.125e-05 0.009469)
(0.004906 3.125e-05 0.009469)
(0.004969 3.125e-05 0.009469)
(0.004031 9.375e-05 0.009469)
(0.004094 9.375e-05 0.009469)
(0.004156 9.375e-05 0.009469)
(0.004219 9.375e-05 0.009469)
(0.004281 9.375e-05 0.009469)
(0.004344 9.375e-05 0.009469)
(0.004406 9.375e-05 0.009469)
(0.004469 9.375e-05 0.009469)
(0.004531 9.375e-05 0.009469)
(0.004594 9.375e-05 0.009469)
(0.004656 9.375e-05 0.009469)
(0.004719 9.375e-05 0.009469)
(0.004781 9.375e-05 0.009469)
(0.004844 9.375e-05 0.009469)
(0.004906 9.375e-05 0.009469)
(0.004969 9.375e-05 0.009469)
(0.004031 0.0001563 0.009469)
(0.004094 0.0001563 0.009469)
(0.004156 0.0001563 0.009469)
(0.004219 0.0001563 0.009469)
(0.004281 0.0001563 0.009469)
(0.004344 0.0001563 0.009469)
(0.004406 0.0001563 0.009469)
(0.004469 0.0001562 0.009469)
(0.004531 0.0001562 0.009469)
(0.004594 0.0001562 0.009469)
(0.004656 0.0001562 0.009469)
(0.004719 0.0001563 0.009469)
(0.004781 0.0001562 0.009469)
(0.004844 0.0001563 0.009469)
(0.004906 0.0001562 0.009469)
(0.004969 0.0001563 0.009469)
(0.004031 0.0002188 0.009469)
(0.004094 0.0002188 0.009469)
(0.004156 0.0002188 0.009469)
(0.004219 0.0002188 0.009469)
(0.004281 0.0002188 0.009469)
(0.004344 0.0002188 0.009469)
(0.004406 0.0002188 0.009469)
(0.004469 0.0002188 0.009469)
(0.004531 0.0002188 0.009469)
(0.004594 0.0002188 0.009469)
(0.004656 0.0002188 0.009469)
(0.004719 0.0002188 0.009469)
(0.004781 0.0002188 0.009469)
(0.004844 0.0002188 0.009469)
(0.004906 0.0002188 0.009469)
(0.004969 0.0002188 0.009469)
(0.004031 0.0002813 0.009469)
(0.004094 0.0002812 0.009469)
(0.004156 0.0002812 0.009469)
(0.004219 0.0002812 0.009469)
(0.004281 0.0002812 0.009469)
(0.004344 0.0002812 0.009469)
(0.004406 0.0002812 0.009469)
(0.004469 0.0002812 0.009469)
(0.004531 0.0002812 0.009469)
(0.004594 0.0002813 0.009469)
(0.004656 0.0002813 0.009469)
(0.004719 0.0002812 0.009469)
(0.004781 0.0002812 0.009469)
(0.004844 0.0002813 0.009469)
(0.004906 0.0002812 0.009469)
(0.004969 0.0002812 0.009469)
(0.004031 0.0003438 0.009469)
(0.004094 0.0003437 0.009469)
(0.004156 0.0003438 0.009469)
(0.004219 0.0003437 0.009469)
(0.004281 0.0003437 0.009469)
(0.004344 0.0003437 0.009469)
(0.004406 0.0003437 0.009469)
(0.004469 0.0003438 0.009469)
(0.004531 0.0003437 0.009469)
(0.004594 0.0003438 0.009469)
(0.004656 0.0003438 0.009469)
(0.004719 0.0003437 0.009469)
(0.004781 0.0003438 0.009469)
(0.004844 0.0003438 0.009469)
(0.004906 0.0003438 0.009469)
(0.004969 0.0003437 0.009469)
(0.004031 0.0004063 0.009469)
(0.004094 0.0004062 0.009469)
(0.004156 0.0004062 0.009469)
(0.004219 0.0004062 0.009469)
(0.004281 0.0004062 0.009469)
(0.004344 0.0004062 0.009469)
(0.004406 0.0004063 0.009469)
(0.004469 0.0004063 0.009469)
(0.004531 0.0004062 0.009469)
(0.004594 0.0004063 0.009469)
(0.004656 0.0004062 0.009469)
(0.004719 0.0004062 0.009469)
(0.004781 0.0004062 0.009469)
(0.004844 0.0004063 0.009469)
(0.004906 0.0004062 0.009469)
(0.004969 0.0004062 0.009469)
(0.004031 0.0004688 0.009469)
(0.004094 0.0004687 0.009469)
(0.004156 0.0004687 0.009469)
(0.004219 0.0004687 0.009469)
(0.004281 0.0004687 0.009469)
(0.004344 0.0004687 0.009469)
(0.004406 0.0004688 0.009469)
(0.004469 0.0004688 0.009469)
(0.004531 0.0004687 0.009469)
(0.004594 0.0004688 0.009469)
(0.004656 0.0004688 0.009469)
(0.004719 0.0004688 0.009469)
(0.004781 0.0004687 0.009469)
(0.004844 0.0004688 0.009469)
(0.004906 0.0004687 0.009469)
(0.004969 0.0004687 0.009469)
(0.004031 3.125e-05 0.009531)
(0.004094 3.125e-05 0.009531)
(0.004156 3.125e-05 0.009531)
(0.004219 3.125e-05 0.009531)
(0.004281 3.125e-05 0.009531)
(0.004344 3.125e-05 0.009531)
(0.004406 3.125e-05 0.009531)
(0.004469 3.125e-05 0.009531)
(0.004531 3.125e-05 0.009531)
(0.004594 3.125e-05 0.009531)
(0.004656 3.125e-05 0.009531)
(0.004719 3.125e-05 0.009531)
(0.004781 3.125e-05 0.009531)
(0.004844 3.125e-05 0.009531)
(0.004906 3.125e-05 0.009531)
(0.004969 3.125e-05 0.009531)
(0.004031 9.375e-05 0.009531)
(0.004094 9.375e-05 0.009531)
(0.004156 9.375e-05 0.009531)
(0.004219 9.375e-05 0.009531)
(0.004281 9.375e-05 0.009531)
(0.004344 9.375e-05 0.009531)
(0.004406 9.375e-05 0.009531)
(0.004469 9.375e-05 0.009531)
(0.004531 9.375e-05 0.009531)
(0.004594 9.375e-05 0.009531)
(0.004656 9.375e-05 0.009531)
(0.004719 9.375e-05 0.009531)
(0.004781 9.375e-05 0.009531)
(0.004844 9.375e-05 0.009531)
(0.004906 9.375e-05 0.009531)
(0.004969 9.375e-05 0.009531)
(0.004031 0.0001562 0.009531)
(0.004094 0.0001562 0.009531)
(0.004156 0.0001562 0.009531)
(0.004219 0.0001562 0.009531)
(0.004281 0.0001562 0.009531)
(0.004344 0.0001562 0.009531)
(0.004406 0.0001563 0.009531)
(0.004469 0.0001563 0.009531)
(0.004531 0.0001562 0.009531)
(0.004594 0.0001563 0.009531)
(0.004656 0.0001563 0.009531)
(0.004719 0.0001562 0.009531)
(0.004781 0.0001562 0.009531)
(0.004844 0.0001562 0.009531)
(0.004906 0.0001563 0.009531)
(0.004969 0.0001562 0.009531)
(0.004031 0.0002188 0.009531)
(0.004094 0.0002188 0.009531)
(0.004156 0.0002188 0.009531)
(0.004219 0.0002188 0.009531)
(0.004281 0.0002188 0.009531)
(0.004344 0.0002188 0.009531)
(0.004406 0.0002188 0.009531)
(0.004469 0.0002188 0.009531)
(0.004531 0.0002188 0.009531)
(0.004594 0.0002188 0.009531)
(0.004656 0.0002188 0.009531)
(0.004719 0.0002188 0.009531)
(0.004781 0.0002188 0.009531)
(0.004844 0.0002188 0.009531)
(0.004906 0.0002188 0.009531)
(0.004969 0.0002188 0.009531)
(0.004031 0.0002813 0.009531)
(0.004094 0.0002812 0.009531)
(0.004156 0.0002812 0.009531)
(0.004219 0.0002812 0.009531)
(0.004281 0.0002812 0.009531)
(0.004344 0.0002812 0.009531)
(0.004406 0.0002812 0.009531)
(0.004469 0.0002812 0.009531)
(0.004531 0.0002812 0.009531)
(0.004594 0.0002813 0.009531)
(0.004656 0.0002813 0.009531)
(0.004719 0.0002812 0.009531)
(0.004781 0.0002812 0.009531)
(0.004844 0.0002813 0.009531)
(0.004906 0.0002812 0.009531)
(0.004969 0.0002812 0.009531)
(0.004031 0.0003438 0.009531)
(0.004094 0.0003437 0.009531)
(0.004156 0.0003438 0.009531)
(0.004219 0.0003437 0.009531)
(0.004281 0.0003437 0.009531)
(0.004344 0.0003437 0.009531)
(0.004406 0.0003437 0.009531)
(0.004469 0.0003438 0.009531)
(0.004531 0.0003437 0.009531)
(0.004594 0.0003438 0.009531)
(0.004656 0.0003438 0.009531)
(0.004719 0.0003437 0.009531)
(0.004781 0.0003438 0.009531)
(0.004844 0.0003438 0.009531)
(0.004906 0.0003438 0.009531)
(0.004969 0.0003437 0.009531)
(0.004031 0.0004063 0.009531)
(0.004094 0.0004062 0.009531)
(0.004156 0.0004062 0.009531)
(0.004219 0.0004062 0.009531)
(0.004281 0.0004062 0.009531)
(0.004344 0.0004062 0.009531)
(0.004406 0.0004063 0.009531)
(0.004469 0.0004063 0.009531)
(0.004531 0.0004062 0.009531)
(0.004594 0.0004063 0.009531)
(0.004656 0.0004062 0.009531)
(0.004719 0.0004062 0.009531)
(0.004781 0.0004062 0.009531)
(0.004844 0.0004063 0.009531)
(0.004906 0.0004062 0.009531)
(0.004969 0.0004062 0.009531)
(0.004031 0.0004688 0.009531)
(0.004094 0.0004687 0.009531)
(0.004156 0.0004687 0.009531)
(0.004219 0.0004687 0.009531)
(0.004281 0.0004687 0.009531)
(0.004344 0.0004687 0.009531)
(0.004406 0.0004688 0.009531)
(0.004469 0.0004688 0.009531)
(0.004531 0.0004687 0.009531)
(0.004594 0.0004688 0.009531)
(0.004656 0.0004688 0.009531)
(0.004719 0.0004688 0.009531)
(0.004781 0.0004687 0.009531)
(0.004844 0.0004688 0.009531)
(0.004906 0.0004687 0.009531)
(0.004969 0.0004687 0.009531)
(0.004031 3.125e-05 0.009594)
(0.004094 3.125e-05 0.009594)
(0.004156 3.125e-05 0.009594)
(0.004219 3.125e-05 0.009594)
(0.004281 3.125e-05 0.009594)
(0.004344 3.125e-05 0.009594)
(0.004406 3.125e-05 0.009594)
(0.004469 3.125e-05 0.009594)
(0.004531 3.125e-05 0.009594)
(0.004594 3.125e-05 0.009594)
(0.004656 3.125e-05 0.009594)
(0.004719 3.125e-05 0.009594)
(0.004781 3.125e-05 0.009594)
(0.004844 3.125e-05 0.009594)
(0.004906 3.125e-05 0.009594)
(0.004969 3.125e-05 0.009594)
(0.004031 9.375e-05 0.009594)
(0.004094 9.375e-05 0.009594)
(0.004156 9.375e-05 0.009594)
(0.004219 9.375e-05 0.009594)
(0.004281 9.375e-05 0.009594)
(0.004344 9.375e-05 0.009594)
(0.004406 9.375e-05 0.009594)
(0.004469 9.375e-05 0.009594)
(0.004531 9.375e-05 0.009594)
(0.004594 9.375e-05 0.009594)
(0.004656 9.375e-05 0.009594)
(0.004719 9.375e-05 0.009594)
(0.004781 9.375e-05 0.009594)
(0.004844 9.375e-05 0.009594)
(0.004906 9.375e-05 0.009594)
(0.004969 9.375e-05 0.009594)
(0.004031 0.0001563 0.009594)
(0.004094 0.0001562 0.009594)
(0.004156 0.0001563 0.009594)
(0.004219 0.0001562 0.009594)
(0.004281 0.0001563 0.009594)
(0.004344 0.0001563 0.009594)
(0.004406 0.0001563 0.009594)
(0.004469 0.0001562 0.009594)
(0.004531 0.0001562 0.009594)
(0.004594 0.0001562 0.009594)
(0.004656 0.0001562 0.009594)
(0.004719 0.0001563 0.009594)
(0.004781 0.0001562 0.009594)
(0.004844 0.0001563 0.009594)
(0.004906 0.0001562 0.009594)
(0.004969 0.0001563 0.009594)
(0.004031 0.0002187 0.009594)
(0.004094 0.0002188 0.009594)
(0.004156 0.0002188 0.009594)
(0.004219 0.0002188 0.009594)
(0.004281 0.0002188 0.009594)
(0.004344 0.0002188 0.009594)
(0.004406 0.0002188 0.009594)
(0.004469 0.0002188 0.009594)
(0.004531 0.0002188 0.009594)
(0.004594 0.0002188 0.009594)
(0.004656 0.0002188 0.009594)
(0.004719 0.0002188 0.009594)
(0.004781 0.0002188 0.009594)
(0.004844 0.0002188 0.009594)
(0.004906 0.0002188 0.009594)
(0.004969 0.0002188 0.009594)
(0.004031 0.0002813 0.009594)
(0.004094 0.0002812 0.009594)
(0.004156 0.0002812 0.009594)
(0.004219 0.0002812 0.009594)
(0.004281 0.0002812 0.009594)
(0.004344 0.0002812 0.009594)
(0.004406 0.0002812 0.009594)
(0.004469 0.0002812 0.009594)
(0.004531 0.0002812 0.009594)
(0.004594 0.0002813 0.009594)
(0.004656 0.0002813 0.009594)
(0.004719 0.0002812 0.009594)
(0.004781 0.0002812 0.009594)
(0.004844 0.0002813 0.009594)
(0.004906 0.0002812 0.009594)
(0.004969 0.0002812 0.009594)
(0.004031 0.0003438 0.009594)
(0.004094 0.0003437 0.009594)
(0.004156 0.0003438 0.009594)
(0.004219 0.0003437 0.009594)
(0.004281 0.0003437 0.009594)
(0.004344 0.0003437 0.009594)
(0.004406 0.0003437 0.009594)
(0.004469 0.0003438 0.009594)
(0.004531 0.0003437 0.009594)
(0.004594 0.0003438 0.009594)
(0.004656 0.0003438 0.009594)
(0.004719 0.0003437 0.009594)
(0.004781 0.0003438 0.009594)
(0.004844 0.0003438 0.009594)
(0.004906 0.0003438 0.009594)
(0.004969 0.0003437 0.009594)
(0.004031 0.0004063 0.009594)
(0.004094 0.0004062 0.009594)
(0.004156 0.0004062 0.009594)
(0.004219 0.0004062 0.009594)
(0.004281 0.0004062 0.009594)
(0.004344 0.0004062 0.009594)
(0.004406 0.0004063 0.009594)
(0.004469 0.0004063 0.009594)
(0.004531 0.0004062 0.009594)
(0.004594 0.0004063 0.009594)
(0.004656 0.0004062 0.009594)
(0.004719 0.0004062 0.009594)
(0.004781 0.0004062 0.009594)
(0.004844 0.0004063 0.009594)
(0.004906 0.0004062 0.009594)
(0.004969 0.0004062 0.009594)
(0.004031 0.0004688 0.009594)
(0.004094 0.0004687 0.009594)
(0.004156 0.0004687 0.009594)
(0.004219 0.0004687 0.009594)
(0.004281 0.0004687 0.009594)
(0.004344 0.0004687 0.009594)
(0.004406 0.0004688 0.009594)
(0.004469 0.0004688 0.009594)
(0.004531 0.0004687 0.009594)
(0.004594 0.0004688 0.009594)
(0.004656 0.0004688 0.009594)
(0.004719 0.0004688 0.009594)
(0.004781 0.0004687 0.009594)
(0.004844 0.0004688 0.009594)
(0.004906 0.0004687 0.009594)
(0.004969 0.0004687 0.009594)
(0.004031 3.125e-05 0.009656)
(0.004094 3.125e-05 0.009656)
(0.004156 3.125e-05 0.009656)
(0.004219 3.125e-05 0.009656)
(0.004281 3.125e-05 0.009656)
(0.004344 3.125e-05 0.009656)
(0.004406 3.125e-05 0.009656)
(0.004469 3.125e-05 0.009656)
(0.004531 3.125e-05 0.009656)
(0.004594 3.125e-05 0.009656)
(0.004656 3.125e-05 0.009656)
(0.004719 3.125e-05 0.009656)
(0.004781 3.125e-05 0.009656)
(0.004844 3.125e-05 0.009656)
(0.004906 3.125e-05 0.009656)
(0.004969 3.125e-05 0.009656)
(0.004031 9.375e-05 0.009656)
(0.004094 9.375e-05 0.009656)
(0.004156 9.375e-05 0.009656)
(0.004219 9.375e-05 0.009656)
(0.004281 9.375e-05 0.009656)
(0.004344 9.375e-05 0.009656)
(0.004406 9.375e-05 0.009656)
(0.004469 9.375e-05 0.009656)
(0.004531 9.375e-05 0.009656)
(0.004594 9.375e-05 0.009656)
(0.004656 9.375e-05 0.009656)
(0.004719 9.375e-05 0.009656)
(0.004781 9.375e-05 0.009656)
(0.004844 9.375e-05 0.009656)
(0.004906 9.375e-05 0.009656)
(0.004969 9.375e-05 0.009656)
(0.004031 0.0001563 0.009656)
(0.004094 0.0001562 0.009656)
(0.004156 0.0001562 0.009656)
(0.004219 0.0001562 0.009656)
(0.004281 0.0001562 0.009656)
(0.004344 0.0001562 0.009656)
(0.004406 0.0001563 0.009656)
(0.004469 0.0001563 0.009656)
(0.004531 0.0001562 0.009656)
(0.004594 0.0001563 0.009656)
(0.004656 0.0001563 0.009656)
(0.004719 0.0001562 0.009656)
(0.004781 0.0001562 0.009656)
(0.004844 0.0001562 0.009656)
(0.004906 0.0001563 0.009656)
(0.004969 0.0001562 0.009656)
(0.004031 0.0002188 0.009656)
(0.004094 0.0002188 0.009656)
(0.004156 0.0002188 0.009656)
(0.004219 0.0002188 0.009656)
(0.004281 0.0002188 0.009656)
(0.004344 0.0002188 0.009656)
(0.004406 0.0002188 0.009656)
(0.004469 0.0002188 0.009656)
(0.004531 0.0002188 0.009656)
(0.004594 0.0002188 0.009656)
(0.004656 0.0002188 0.009656)
(0.004719 0.0002188 0.009656)
(0.004781 0.0002188 0.009656)
(0.004844 0.0002188 0.009656)
(0.004906 0.0002188 0.009656)
(0.004969 0.0002188 0.009656)
(0.004031 0.0002813 0.009656)
(0.004094 0.0002812 0.009656)
(0.004156 0.0002812 0.009656)
(0.004219 0.0002812 0.009656)
(0.004281 0.0002812 0.009656)
(0.004344 0.0002812 0.009656)
(0.004406 0.0002812 0.009656)
(0.004469 0.0002812 0.009656)
(0.004531 0.0002812 0.009656)
(0.004594 0.0002813 0.009656)
(0.004656 0.0002813 0.009656)
(0.004719 0.0002812 0.009656)
(0.004781 0.0002812 0.009656)
(0.004844 0.0002813 0.009656)
(0.004906 0.0002812 0.009656)
(0.004969 0.0002812 0.009656)
(0.004031 0.0003438 0.009656)
(0.004094 0.0003437 0.009656)
(0.004156 0.0003438 0.009656)
(0.004219 0.0003437 0.009656)
(0.004281 0.0003437 0.009656)
(0.004344 0.0003437 0.009656)
(0.004406 0.0003437 0.009656)
(0.004469 0.0003438 0.009656)
(0.004531 0.0003437 0.009656)
(0.004594 0.0003438 0.009656)
(0.004656 0.0003438 0.009656)
(0.004719 0.0003437 0.009656)
(0.004781 0.0003438 0.009656)
(0.004844 0.0003438 0.009656)
(0.004906 0.0003438 0.009656)
(0.004969 0.0003437 0.009656)
(0.004031 0.0004063 0.009656)
(0.004094 0.0004062 0.009656)
(0.004156 0.0004062 0.009656)
(0.004219 0.0004062 0.009656)
(0.004281 0.0004062 0.009656)
(0.004344 0.0004062 0.009656)
(0.004406 0.0004063 0.009656)
(0.004469 0.0004063 0.009656)
(0.004531 0.0004062 0.009656)
(0.004594 0.0004063 0.009656)
(0.004656 0.0004062 0.009656)
(0.004719 0.0004062 0.009656)
(0.004781 0.0004062 0.009656)
(0.004844 0.0004063 0.009656)
(0.004906 0.0004062 0.009656)
(0.004969 0.0004062 0.009656)
(0.004031 0.0004688 0.009656)
(0.004094 0.0004687 0.009656)
(0.004156 0.0004687 0.009656)
(0.004219 0.0004687 0.009656)
(0.004281 0.0004687 0.009656)
(0.004344 0.0004687 0.009656)
(0.004406 0.0004688 0.009656)
(0.004469 0.0004688 0.009656)
(0.004531 0.0004687 0.009656)
(0.004594 0.0004688 0.009656)
(0.004656 0.0004688 0.009656)
(0.004719 0.0004688 0.009656)
(0.004781 0.0004687 0.009656)
(0.004844 0.0004688 0.009656)
(0.004906 0.0004687 0.009656)
(0.004969 0.0004687 0.009656)
(0.004031 3.125e-05 0.009719)
(0.004094 3.125e-05 0.009719)
(0.004156 3.125e-05 0.009719)
(0.004219 3.125e-05 0.009719)
(0.004281 3.125e-05 0.009719)
(0.004344 3.125e-05 0.009719)
(0.004406 3.125e-05 0.009719)
(0.004469 3.125e-05 0.009719)
(0.004531 3.125e-05 0.009719)
(0.004594 3.125e-05 0.009719)
(0.004656 3.125e-05 0.009719)
(0.004719 3.125e-05 0.009719)
(0.004781 3.125e-05 0.009719)
(0.004844 3.125e-05 0.009719)
(0.004906 3.125e-05 0.009719)
(0.004969 3.125e-05 0.009719)
(0.004031 9.375e-05 0.009719)
(0.004094 9.375e-05 0.009719)
(0.004156 9.375e-05 0.009719)
(0.004219 9.375e-05 0.009719)
(0.004281 9.375e-05 0.009719)
(0.004344 9.375e-05 0.009719)
(0.004406 9.375e-05 0.009719)
(0.004469 9.375e-05 0.009719)
(0.004531 9.375e-05 0.009719)
(0.004594 9.375e-05 0.009719)
(0.004656 9.375e-05 0.009719)
(0.004719 9.375e-05 0.009719)
(0.004781 9.375e-05 0.009719)
(0.004844 9.375e-05 0.009719)
(0.004906 9.375e-05 0.009719)
(0.004969 9.375e-05 0.009719)
(0.004031 0.0001562 0.009719)
(0.004094 0.0001562 0.009719)
(0.004156 0.0001562 0.009719)
(0.004219 0.0001562 0.009719)
(0.004281 0.0001562 0.009719)
(0.004344 0.0001562 0.009719)
(0.004406 0.0001563 0.009719)
(0.004469 0.0001563 0.009719)
(0.004531 0.0001562 0.009719)
(0.004594 0.0001563 0.009719)
(0.004656 0.0001563 0.009719)
(0.004719 0.0001562 0.009719)
(0.004781 0.0001562 0.009719)
(0.004844 0.0001562 0.009719)
(0.004906 0.0001563 0.009719)
(0.004969 0.0001562 0.009719)
(0.004031 0.0002188 0.009719)
(0.004094 0.0002188 0.009719)
(0.004156 0.0002188 0.009719)
(0.004219 0.0002188 0.009719)
(0.004281 0.0002188 0.009719)
(0.004344 0.0002188 0.009719)
(0.004406 0.0002188 0.009719)
(0.004469 0.0002188 0.009719)
(0.004531 0.0002188 0.009719)
(0.004594 0.0002188 0.009719)
(0.004656 0.0002188 0.009719)
(0.004719 0.0002188 0.009719)
(0.004781 0.0002188 0.009719)
(0.004844 0.0002188 0.009719)
(0.004906 0.0002188 0.009719)
(0.004969 0.0002188 0.009719)
(0.004031 0.0002813 0.009719)
(0.004094 0.0002812 0.009719)
(0.004156 0.0002812 0.009719)
(0.004219 0.0002812 0.009719)
(0.004281 0.0002812 0.009719)
(0.004344 0.0002812 0.009719)
(0.004406 0.0002812 0.009719)
(0.004469 0.0002812 0.009719)
(0.004531 0.0002812 0.009719)
(0.004594 0.0002813 0.009719)
(0.004656 0.0002813 0.009719)
(0.004719 0.0002812 0.009719)
(0.004781 0.0002812 0.009719)
(0.004844 0.0002813 0.009719)
(0.004906 0.0002812 0.009719)
(0.004969 0.0002812 0.009719)
(0.004031 0.0003438 0.009719)
(0.004094 0.0003437 0.009719)
(0.004156 0.0003438 0.009719)
(0.004219 0.0003437 0.009719)
(0.004281 0.0003437 0.009719)
(0.004344 0.0003437 0.009719)
(0.004406 0.0003437 0.009719)
(0.004469 0.0003438 0.009719)
(0.004531 0.0003437 0.009719)
(0.004594 0.0003438 0.009719)
(0.004656 0.0003438 0.009719)
(0.004719 0.0003437 0.009719)
(0.004781 0.0003438 0.009719)
(0.004844 0.0003438 0.009719)
(0.004906 0.0003438 0.009719)
(0.004969 0.0003437 0.009719)
(0.004031 0.0004063 0.009719)
(0.004094 0.0004062 0.009719)
(0.004156 0.0004062 0.009719)
(0.004219 0.0004062 0.009719)
(0.004281 0.0004062 0.009719)
(0.004344 0.0004062 0.009719)
(0.004406 0.0004063 0.009719)
(0.004469 0.0004063 0.009719)
(0.004531 0.0004062 0.009719)
(0.004594 0.0004063 0.009719)
(0.004656 0.0004062 0.009719)
(0.004719 0.0004062 0.009719)
(0.004781 0.0004062 0.009719)
(0.004844 0.0004063 0.009719)
(0.004906 0.0004062 0.009719)
(0.004969 0.0004062 0.009719)
(0.004031 0.0004688 0.009719)
(0.004094 0.0004687 0.009719)
(0.004156 0.0004687 0.009719)
(0.004219 0.0004687 0.009719)
(0.004281 0.0004687 0.009719)
(0.004344 0.0004687 0.009719)
(0.004406 0.0004688 0.009719)
(0.004469 0.0004688 0.009719)
(0.004531 0.0004687 0.009719)
(0.004594 0.0004688 0.009719)
(0.004656 0.0004688 0.009719)
(0.004719 0.0004688 0.009719)
(0.004781 0.0004687 0.009719)
(0.004844 0.0004688 0.009719)
(0.004906 0.0004687 0.009719)
(0.004969 0.0004687 0.009719)
(0.004031 3.125e-05 0.009781)
(0.004094 3.125e-05 0.009781)
(0.004156 3.125e-05 0.009781)
(0.004219 3.125e-05 0.009781)
(0.004281 3.125e-05 0.009781)
(0.004344 3.125e-05 0.009781)
(0.004406 3.125e-05 0.009781)
(0.004469 3.125e-05 0.009781)
(0.004531 3.125e-05 0.009781)
(0.004594 3.125e-05 0.009781)
(0.004656 3.125e-05 0.009781)
(0.004719 3.125e-05 0.009781)
(0.004781 3.125e-05 0.009781)
(0.004844 3.125e-05 0.009781)
(0.004906 3.125e-05 0.009781)
(0.004969 3.125e-05 0.009781)
(0.004031 9.375e-05 0.009781)
(0.004094 9.375e-05 0.009781)
(0.004156 9.375e-05 0.009781)
(0.004219 9.375e-05 0.009781)
(0.004281 9.375e-05 0.009781)
(0.004344 9.375e-05 0.009781)
(0.004406 9.375e-05 0.009781)
(0.004469 9.375e-05 0.009781)
(0.004531 9.375e-05 0.009781)
(0.004594 9.375e-05 0.009781)
(0.004656 9.375e-05 0.009781)
(0.004719 9.375e-05 0.009781)
(0.004781 9.375e-05 0.009781)
(0.004844 9.375e-05 0.009781)
(0.004906 9.375e-05 0.009781)
(0.004969 9.375e-05 0.009781)
(0.004031 0.0001563 0.009781)
(0.004094 0.0001563 0.009781)
(0.004156 0.0001563 0.009781)
(0.004219 0.0001563 0.009781)
(0.004281 0.0001563 0.009781)
(0.004344 0.0001563 0.009781)
(0.004406 0.0001563 0.009781)
(0.004469 0.0001562 0.009781)
(0.004531 0.0001562 0.009781)
(0.004594 0.0001562 0.009781)
(0.004656 0.0001562 0.009781)
(0.004719 0.0001563 0.009781)
(0.004781 0.0001562 0.009781)
(0.004844 0.0001563 0.009781)
(0.004906 0.0001562 0.009781)
(0.004969 0.0001563 0.009781)
(0.004031 0.0002188 0.009781)
(0.004094 0.0002188 0.009781)
(0.004156 0.0002188 0.009781)
(0.004219 0.0002188 0.009781)
(0.004281 0.0002188 0.009781)
(0.004344 0.0002188 0.009781)
(0.004406 0.0002188 0.009781)
(0.004469 0.0002188 0.009781)
(0.004531 0.0002188 0.009781)
(0.004594 0.0002188 0.009781)
(0.004656 0.0002188 0.009781)
(0.004719 0.0002188 0.009781)
(0.004781 0.0002188 0.009781)
(0.004844 0.0002188 0.009781)
(0.004906 0.0002188 0.009781)
(0.004969 0.0002188 0.009781)
(0.004031 0.0002812 0.009781)
(0.004094 0.0002812 0.009781)
(0.004156 0.0002813 0.009781)
(0.004219 0.0002812 0.009781)
(0.004281 0.0002812 0.009781)
(0.004344 0.0002812 0.009781)
(0.004406 0.0002812 0.009781)
(0.004469 0.0002812 0.009781)
(0.004531 0.0002812 0.009781)
(0.004594 0.0002812 0.009781)
(0.004656 0.0002812 0.009781)
(0.004719 0.0002812 0.009781)
(0.004781 0.0002813 0.009781)
(0.004844 0.0002812 0.009781)
(0.004906 0.0002813 0.009781)
(0.004969 0.0002813 0.009781)
(0.004031 0.0003438 0.009781)
(0.004094 0.0003437 0.009781)
(0.004156 0.0003438 0.009781)
(0.004219 0.0003437 0.009781)
(0.004281 0.0003438 0.009781)
(0.004344 0.0003437 0.009781)
(0.004406 0.0003437 0.009781)
(0.004469 0.0003437 0.009781)
(0.004531 0.0003438 0.009781)
(0.004594 0.0003438 0.009781)
(0.004656 0.0003437 0.009781)
(0.004719 0.0003438 0.009781)
(0.004781 0.0003438 0.009781)
(0.004844 0.0003438 0.009781)
(0.004906 0.0003438 0.009781)
(0.004969 0.0003438 0.009781)
(0.004031 0.0004062 0.009781)
(0.004094 0.0004062 0.009781)
(0.004156 0.0004063 0.009781)
(0.004219 0.0004062 0.009781)
(0.004281 0.0004063 0.009781)
(0.004344 0.0004062 0.009781)
(0.004406 0.0004063 0.009781)
(0.004469 0.0004063 0.009781)
(0.004531 0.0004063 0.009781)
(0.004594 0.0004063 0.009781)
(0.004656 0.0004062 0.009781)
(0.004719 0.0004063 0.009781)
(0.004781 0.0004063 0.009781)
(0.004844 0.0004063 0.009781)
(0.004906 0.0004063 0.009781)
(0.004969 0.0004063 0.009781)
(0.004031 0.0004687 0.009781)
(0.004094 0.0004688 0.009781)
(0.004156 0.0004688 0.009781)
(0.004219 0.0004687 0.009781)
(0.004281 0.0004688 0.009781)
(0.004344 0.0004688 0.009781)
(0.004406 0.0004688 0.009781)
(0.004469 0.0004687 0.009781)
(0.004531 0.0004687 0.009781)
(0.004594 0.0004688 0.009781)
(0.004656 0.0004687 0.009781)
(0.004719 0.0004688 0.009781)
(0.004781 0.0004688 0.009781)
(0.004844 0.0004688 0.009781)
(0.004906 0.0004688 0.009781)
(0.004969 0.0004687 0.009781)
(0.004031 3.125e-05 0.009844)
(0.004094 3.125e-05 0.009844)
(0.004156 3.125e-05 0.009844)
(0.004219 3.125e-05 0.009844)
(0.004281 3.125e-05 0.009844)
(0.004344 3.125e-05 0.009844)
(0.004406 3.125e-05 0.009844)
(0.004469 3.125e-05 0.009844)
(0.004531 3.125e-05 0.009844)
(0.004594 3.125e-05 0.009844)
(0.004656 3.125e-05 0.009844)
(0.004719 3.125e-05 0.009844)
(0.004781 3.125e-05 0.009844)
(0.004844 3.125e-05 0.009844)
(0.004906 3.125e-05 0.009844)
(0.004969 3.125e-05 0.009844)
(0.004031 9.375e-05 0.009844)
(0.004094 9.375e-05 0.009844)
(0.004156 9.375e-05 0.009844)
(0.004219 9.375e-05 0.009844)
(0.004281 9.375e-05 0.009844)
(0.004344 9.375e-05 0.009844)
(0.004406 9.375e-05 0.009844)
(0.004469 9.375e-05 0.009844)
(0.004531 9.375e-05 0.009844)
(0.004594 9.375e-05 0.009844)
(0.004656 9.375e-05 0.009844)
(0.004719 9.375e-05 0.009844)
(0.004781 9.375e-05 0.009844)
(0.004844 9.375e-05 0.009844)
(0.004906 9.375e-05 0.009844)
(0.004969 9.375e-05 0.009844)
(0.004031 0.0001563 0.009844)
(0.004094 0.0001562 0.009844)
(0.004156 0.0001563 0.009844)
(0.004219 0.0001562 0.009844)
(0.004281 0.0001563 0.009844)
(0.004344 0.0001563 0.009844)
(0.004406 0.0001563 0.009844)
(0.004469 0.0001562 0.009844)
(0.004531 0.0001562 0.009844)
(0.004594 0.0001562 0.009844)
(0.004656 0.0001562 0.009844)
(0.004719 0.0001563 0.009844)
(0.004781 0.0001562 0.009844)
(0.004844 0.0001563 0.009844)
(0.004906 0.0001562 0.009844)
(0.004969 0.0001563 0.009844)
(0.004031 0.0002187 0.009844)
(0.004094 0.0002188 0.009844)
(0.004156 0.0002188 0.009844)
(0.004219 0.0002188 0.009844)
(0.004281 0.0002188 0.009844)
(0.004344 0.0002188 0.009844)
(0.004406 0.0002188 0.009844)
(0.004469 0.0002188 0.009844)
(0.004531 0.0002188 0.009844)
(0.004594 0.0002188 0.009844)
(0.004656 0.0002188 0.009844)
(0.004719 0.0002188 0.009844)
(0.004781 0.0002188 0.009844)
(0.004844 0.0002188 0.009844)
(0.004906 0.0002188 0.009844)
(0.004969 0.0002188 0.009844)
(0.004031 0.0002813 0.009844)
(0.004094 0.0002813 0.009844)
(0.004156 0.0002813 0.009844)
(0.004219 0.0002813 0.009844)
(0.004281 0.0002813 0.009844)
(0.004344 0.0002813 0.009844)
(0.004406 0.0002812 0.009844)
(0.004469 0.0002813 0.009844)
(0.004531 0.0002813 0.009844)
(0.004594 0.0002812 0.009844)
(0.004656 0.0002813 0.009844)
(0.004719 0.0002813 0.009844)
(0.004781 0.0002813 0.009844)
(0.004844 0.0002812 0.009844)
(0.004906 0.0002813 0.009844)
(0.004969 0.0002813 0.009844)
(0.004031 0.0003437 0.009844)
(0.004094 0.0003437 0.009844)
(0.004156 0.0003438 0.009844)
(0.004219 0.0003437 0.009844)
(0.004281 0.0003438 0.009844)
(0.004344 0.0003437 0.009844)
(0.004406 0.0003437 0.009844)
(0.004469 0.0003438 0.009844)
(0.004531 0.0003437 0.009844)
(0.004594 0.0003437 0.009844)
(0.004656 0.0003438 0.009844)
(0.004719 0.0003438 0.009844)
(0.004781 0.0003438 0.009844)
(0.004844 0.0003437 0.009844)
(0.004906 0.0003438 0.009844)
(0.004969 0.0003438 0.009844)
(0.004031 0.0004062 0.009844)
(0.004094 0.0004062 0.009844)
(0.004156 0.0004063 0.009844)
(0.004219 0.0004062 0.009844)
(0.004281 0.0004062 0.009844)
(0.004344 0.0004062 0.009844)
(0.004406 0.0004063 0.009844)
(0.004469 0.0004063 0.009844)
(0.004531 0.0004063 0.009844)
(0.004594 0.0004063 0.009844)
(0.004656 0.0004063 0.009844)
(0.004719 0.0004062 0.009844)
(0.004781 0.0004063 0.009844)
(0.004844 0.0004063 0.009844)
(0.004906 0.0004063 0.009844)
(0.004969 0.0004062 0.009844)
(0.004031 0.0004687 0.009844)
(0.004094 0.0004688 0.009844)
(0.004156 0.0004688 0.009844)
(0.004219 0.0004688 0.009844)
(0.004281 0.0004687 0.009844)
(0.004344 0.0004688 0.009844)
(0.004406 0.0004688 0.009844)
(0.004469 0.0004687 0.009844)
(0.004531 0.0004688 0.009844)
(0.004594 0.0004687 0.009844)
(0.004656 0.0004688 0.009844)
(0.004719 0.0004688 0.009844)
(0.004781 0.0004688 0.009844)
(0.004844 0.0004687 0.009844)
(0.004906 0.0004688 0.009844)
(0.004969 0.0004687 0.009844)
(0.004031 3.125e-05 0.009906)
(0.004094 3.125e-05 0.009906)
(0.004156 3.125e-05 0.009906)
(0.004219 3.125e-05 0.009906)
(0.004281 3.125e-05 0.009906)
(0.004344 3.125e-05 0.009906)
(0.004406 3.125e-05 0.009906)
(0.004469 3.125e-05 0.009906)
(0.004531 3.125e-05 0.009906)
(0.004594 3.125e-05 0.009906)
(0.004656 3.125e-05 0.009906)
(0.004719 3.125e-05 0.009906)
(0.004781 3.125e-05 0.009906)
(0.004844 3.125e-05 0.009906)
(0.004906 3.125e-05 0.009906)
(0.004969 3.125e-05 0.009906)
(0.004031 9.375e-05 0.009906)
(0.004094 9.375e-05 0.009906)
(0.004156 9.375e-05 0.009906)
(0.004219 9.375e-05 0.009906)
(0.004281 9.375e-05 0.009906)
(0.004344 9.375e-05 0.009906)
(0.004406 9.375e-05 0.009906)
(0.004469 9.375e-05 0.009906)
(0.004531 9.375e-05 0.009906)
(0.004594 9.375e-05 0.009906)
(0.004656 9.375e-05 0.009906)
(0.004719 9.375e-05 0.009906)
(0.004781 9.375e-05 0.009906)
(0.004844 9.375e-05 0.009906)
(0.004906 9.375e-05 0.009906)
(0.004969 9.375e-05 0.009906)
(0.004031 0.0001563 0.009906)
(0.004094 0.0001562 0.009906)
(0.004156 0.0001562 0.009906)
(0.004219 0.0001562 0.009906)
(0.004281 0.0001562 0.009906)
(0.004344 0.0001562 0.009906)
(0.004406 0.0001563 0.009906)
(0.004469 0.0001563 0.009906)
(0.004531 0.0001562 0.009906)
(0.004594 0.0001563 0.009906)
(0.004656 0.0001563 0.009906)
(0.004719 0.0001562 0.009906)
(0.004781 0.0001562 0.009906)
(0.004844 0.0001562 0.009906)
(0.004906 0.0001563 0.009906)
(0.004969 0.0001562 0.009906)
(0.004031 0.0002188 0.009906)
(0.004094 0.0002188 0.009906)
(0.004156 0.0002188 0.009906)
(0.004219 0.0002188 0.009906)
(0.004281 0.0002188 0.009906)
(0.004344 0.0002188 0.009906)
(0.004406 0.0002188 0.009906)
(0.004469 0.0002188 0.009906)
(0.004531 0.0002187 0.009906)
(0.004594 0.0002188 0.009906)
(0.004656 0.0002188 0.009906)
(0.004719 0.0002188 0.009906)
(0.004781 0.0002188 0.009906)
(0.004844 0.0002188 0.009906)
(0.004906 0.0002188 0.009906)
(0.004969 0.0002188 0.009906)
(0.004031 0.0002813 0.009906)
(0.004094 0.0002813 0.009906)
(0.004156 0.0002812 0.009906)
(0.004219 0.0002813 0.009906)
(0.004281 0.0002813 0.009906)
(0.004344 0.0002813 0.009906)
(0.004406 0.0002812 0.009906)
(0.004469 0.0002812 0.009906)
(0.004531 0.0002813 0.009906)
(0.004594 0.0002813 0.009906)
(0.004656 0.0002813 0.009906)
(0.004719 0.0002813 0.009906)
(0.004781 0.0002812 0.009906)
(0.004844 0.0002813 0.009906)
(0.004906 0.0002812 0.009906)
(0.004969 0.0002812 0.009906)
(0.004031 0.0003438 0.009906)
(0.004094 0.0003438 0.009906)
(0.004156 0.0003438 0.009906)
(0.004219 0.0003438 0.009906)
(0.004281 0.0003438 0.009906)
(0.004344 0.0003438 0.009906)
(0.004406 0.0003437 0.009906)
(0.004469 0.0003438 0.009906)
(0.004531 0.0003438 0.009906)
(0.004594 0.0003438 0.009906)
(0.004656 0.0003438 0.009906)
(0.004719 0.0003438 0.009906)
(0.004781 0.0003438 0.009906)
(0.004844 0.0003438 0.009906)
(0.004906 0.0003438 0.009906)
(0.004969 0.0003437 0.009906)
(0.004031 0.0004063 0.009906)
(0.004094 0.0004063 0.009906)
(0.004156 0.0004062 0.009906)
(0.004219 0.0004063 0.009906)
(0.004281 0.0004063 0.009906)
(0.004344 0.0004063 0.009906)
(0.004406 0.0004063 0.009906)
(0.004469 0.0004063 0.009906)
(0.004531 0.0004063 0.009906)
(0.004594 0.0004063 0.009906)
(0.004656 0.0004062 0.009906)
(0.004719 0.0004063 0.009906)
(0.004781 0.0004062 0.009906)
(0.004844 0.0004063 0.009906)
(0.004906 0.0004062 0.009906)
(0.004969 0.0004062 0.009906)
(0.004031 0.0004688 0.009906)
(0.004094 0.0004687 0.009906)
(0.004156 0.0004687 0.009906)
(0.004219 0.0004687 0.009906)
(0.004281 0.0004687 0.009906)
(0.004344 0.0004687 0.009906)
(0.004406 0.0004687 0.009906)
(0.004469 0.0004687 0.009906)
(0.004531 0.0004687 0.009906)
(0.004594 0.0004688 0.009906)
(0.004656 0.0004688 0.009906)
(0.004719 0.0004688 0.009906)
(0.004781 0.0004687 0.009906)
(0.004844 0.0004688 0.009906)
(0.004906 0.0004687 0.009906)
(0.004969 0.0004687 0.009906)
(0.004031 3.125e-05 0.009969)
(0.004094 3.125e-05 0.009969)
(0.004156 3.125e-05 0.009969)
(0.004219 3.125e-05 0.009969)
(0.004281 3.125e-05 0.009969)
(0.004344 3.125e-05 0.009969)
(0.004406 3.125e-05 0.009969)
(0.004469 3.125e-05 0.009969)
(0.004531 3.125e-05 0.009969)
(0.004594 3.125e-05 0.009969)
(0.004656 3.125e-05 0.009969)
(0.004719 3.125e-05 0.009969)
(0.004781 3.125e-05 0.009969)
(0.004844 3.125e-05 0.009969)
(0.004906 3.125e-05 0.009969)
(0.004969 3.125e-05 0.009969)
(0.004031 9.375e-05 0.009969)
(0.004094 9.375e-05 0.009969)
(0.004156 9.375e-05 0.009969)
(0.004219 9.375e-05 0.009969)
(0.004281 9.375e-05 0.009969)
(0.004344 9.375e-05 0.009969)
(0.004406 9.375e-05 0.009969)
(0.004469 9.375e-05 0.009969)
(0.004531 9.375e-05 0.009969)
(0.004594 9.375e-05 0.009969)
(0.004656 9.375e-05 0.009969)
(0.004719 9.375e-05 0.009969)
(0.004781 9.375e-05 0.009969)
(0.004844 9.375e-05 0.009969)
(0.004906 9.375e-05 0.009969)
(0.004969 9.375e-05 0.009969)
(0.004031 0.0001563 0.009969)
(0.004094 0.0001563 0.009969)
(0.004156 0.0001563 0.009969)
(0.004219 0.0001563 0.009969)
(0.004281 0.0001563 0.009969)
(0.004344 0.0001563 0.009969)
(0.004406 0.0001563 0.009969)
(0.004469 0.0001562 0.009969)
(0.004531 0.0001562 0.009969)
(0.004594 0.0001562 0.009969)
(0.004656 0.0001562 0.009969)
(0.004719 0.0001563 0.009969)
(0.004781 0.0001562 0.009969)
(0.004844 0.0001563 0.009969)
(0.004906 0.0001562 0.009969)
(0.004969 0.0001563 0.009969)
(0.004031 0.0002188 0.009969)
(0.004094 0.0002188 0.009969)
(0.004156 0.0002188 0.009969)
(0.004219 0.0002188 0.009969)
(0.004281 0.0002188 0.009969)
(0.004344 0.0002188 0.009969)
(0.004406 0.0002188 0.009969)
(0.004469 0.0002188 0.009969)
(0.004531 0.0002188 0.009969)
(0.004594 0.0002188 0.009969)
(0.004656 0.0002188 0.009969)
(0.004719 0.0002188 0.009969)
(0.004781 0.0002188 0.009969)
(0.004844 0.0002188 0.009969)
(0.004906 0.0002188 0.009969)
(0.004969 0.0002188 0.009969)
(0.004031 0.0002812 0.009969)
(0.004094 0.0002812 0.009969)
(0.004156 0.0002813 0.009969)
(0.004219 0.0002812 0.009969)
(0.004281 0.0002812 0.009969)
(0.004344 0.0002812 0.009969)
(0.004406 0.0002812 0.009969)
(0.004469 0.0002812 0.009969)
(0.004531 0.0002812 0.009969)
(0.004594 0.0002812 0.009969)
(0.004656 0.0002812 0.009969)
(0.004719 0.0002812 0.009969)
(0.004781 0.0002813 0.009969)
(0.004844 0.0002812 0.009969)
(0.004906 0.0002813 0.009969)
(0.004969 0.0002813 0.009969)
(0.004031 0.0003437 0.009969)
(0.004094 0.0003437 0.009969)
(0.004156 0.0003438 0.009969)
(0.004219 0.0003437 0.009969)
(0.004281 0.0003438 0.009969)
(0.004344 0.0003437 0.009969)
(0.004406 0.0003437 0.009969)
(0.004469 0.0003437 0.009969)
(0.004531 0.0003438 0.009969)
(0.004594 0.0003438 0.009969)
(0.004656 0.0003437 0.009969)
(0.004719 0.0003438 0.009969)
(0.004781 0.0003438 0.009969)
(0.004844 0.0003438 0.009969)
(0.004906 0.0003438 0.009969)
(0.004969 0.0003438 0.009969)
(0.004031 0.0004062 0.009969)
(0.004094 0.0004062 0.009969)
(0.004156 0.0004063 0.009969)
(0.004219 0.0004062 0.009969)
(0.004281 0.0004063 0.009969)
(0.004344 0.0004062 0.009969)
(0.004406 0.0004062 0.009969)
(0.004469 0.0004063 0.009969)
(0.004531 0.0004063 0.009969)
(0.004594 0.0004063 0.009969)
(0.004656 0.0004062 0.009969)
(0.004719 0.0004063 0.009969)
(0.004781 0.0004063 0.009969)
(0.004844 0.0004063 0.009969)
(0.004906 0.0004063 0.009969)
(0.004969 0.0004063 0.009969)
(0.004031 0.0004688 0.009969)
(0.004094 0.0004688 0.009969)
(0.004156 0.0004688 0.009969)
(0.004219 0.0004688 0.009969)
(0.004281 0.0004688 0.009969)
(0.004344 0.0004688 0.009969)
(0.004406 0.0004687 0.009969)
(0.004469 0.0004687 0.009969)
(0.004531 0.0004688 0.009969)
(0.004594 0.0004688 0.009969)
(0.004656 0.0004687 0.009969)
(0.004719 0.0004688 0.009969)
(0.004781 0.0004688 0.009969)
(0.004844 0.0004688 0.009969)
(0.004906 0.0004688 0.009969)
(0.004969 0.0004687 0.009969)
(0.004031 0.0005312 0.008031)
(0.004094 0.0005313 0.008031)
(0.004156 0.0005312 0.008031)
(0.004219 0.0005312 0.008031)
(0.004281 0.0005312 0.008031)
(0.004344 0.0005313 0.008031)
(0.004406 0.0005313 0.008031)
(0.004469 0.0005312 0.008031)
(0.004531 0.0005312 0.008031)
(0.004594 0.0005312 0.008031)
(0.004656 0.0005312 0.008031)
(0.004719 0.0005313 0.008031)
(0.004781 0.0005312 0.008031)
(0.004844 0.0005313 0.008031)
(0.004906 0.0005312 0.008031)
(0.004969 0.0005312 0.008031)
(0.004031 0.0005937 0.008031)
(0.004094 0.0005937 0.008031)
(0.004156 0.0005937 0.008031)
(0.004219 0.0005938 0.008031)
(0.004281 0.0005938 0.008031)
(0.004344 0.0005937 0.008031)
(0.004406 0.0005937 0.008031)
(0.004469 0.0005937 0.008031)
(0.004531 0.0005937 0.008031)
(0.004594 0.0005937 0.008031)
(0.004656 0.0005937 0.008031)
(0.004719 0.0005937 0.008031)
(0.004781 0.0005937 0.008031)
(0.004844 0.0005937 0.008031)
(0.004906 0.0005937 0.008031)
(0.004969 0.0005937 0.008031)
(0.004031 0.0006562 0.008031)
(0.004094 0.0006563 0.008031)
(0.004156 0.0006563 0.008031)
(0.004219 0.0006563 0.008031)
(0.004281 0.0006563 0.008031)
(0.004344 0.0006563 0.008031)
(0.004406 0.0006562 0.008031)
(0.004469 0.0006563 0.008031)
(0.004531 0.0006563 0.008031)
(0.004594 0.0006562 0.008031)
(0.004656 0.0006563 0.008031)
(0.004719 0.0006563 0.008031)
(0.004781 0.0006563 0.008031)
(0.004844 0.0006563 0.008031)
(0.004906 0.0006563 0.008031)
(0.004969 0.0006563 0.008031)
(0.004031 0.0007188 0.008031)
(0.004094 0.0007187 0.008031)
(0.004156 0.0007187 0.008031)
(0.004219 0.0007187 0.008031)
(0.004281 0.0007187 0.008031)
(0.004344 0.0007187 0.008031)
(0.004406 0.0007187 0.008031)
(0.004469 0.0007187 0.008031)
(0.004531 0.0007187 0.008031)
(0.004594 0.0007187 0.008031)
(0.004656 0.0007187 0.008031)
(0.004719 0.0007187 0.008031)
(0.004781 0.0007187 0.008031)
(0.004844 0.0007187 0.008031)
(0.004906 0.0007187 0.008031)
(0.004969 0.0007187 0.008031)
(0.004031 0.0007813 0.008031)
(0.004094 0.0007813 0.008031)
(0.004156 0.0007812 0.008031)
(0.004219 0.0007813 0.008031)
(0.004281 0.0007812 0.008031)
(0.004344 0.0007812 0.008031)
(0.004406 0.0007813 0.008031)
(0.004469 0.0007813 0.008031)
(0.004531 0.0007812 0.008031)
(0.004594 0.0007813 0.008031)
(0.004656 0.0007812 0.008031)
(0.004719 0.0007813 0.008031)
(0.004781 0.0007813 0.008031)
(0.004844 0.0007812 0.008031)
(0.004906 0.0007813 0.008031)
(0.004969 0.0007813 0.008031)
(0.004031 0.0008438 0.008031)
(0.004094 0.0008438 0.008031)
(0.004156 0.0008437 0.008031)
(0.004219 0.0008437 0.008031)
(0.004281 0.0008437 0.008031)
(0.004344 0.0008438 0.008031)
(0.004406 0.0008437 0.008031)
(0.004469 0.0008438 0.008031)
(0.004531 0.0008437 0.008031)
(0.004594 0.0008437 0.008031)
(0.004656 0.0008438 0.008031)
(0.004719 0.0008437 0.008031)
(0.004781 0.0008437 0.008031)
(0.004844 0.0008437 0.008031)
(0.004906 0.0008438 0.008031)
(0.004969 0.0008438 0.008031)
(0.004031 0.0009063 0.008031)
(0.004094 0.0009063 0.008031)
(0.004156 0.0009063 0.008031)
(0.004219 0.0009063 0.008031)
(0.004281 0.0009063 0.008031)
(0.004344 0.0009063 0.008031)
(0.004406 0.0009062 0.008031)
(0.004469 0.0009063 0.008031)
(0.004531 0.0009063 0.008031)
(0.004594 0.0009063 0.008031)
(0.004656 0.0009063 0.008031)
(0.004719 0.0009063 0.008031)
(0.004781 0.0009063 0.008031)
(0.004844 0.0009063 0.008031)
(0.004906 0.0009063 0.008031)
(0.004969 0.0009063 0.008031)
(0.004031 0.0009687 0.008031)
(0.004094 0.0009687 0.008031)
(0.004156 0.0009688 0.008031)
(0.004219 0.0009687 0.008031)
(0.004281 0.0009687 0.008031)
(0.004344 0.0009688 0.008031)
(0.004406 0.0009687 0.008031)
(0.004469 0.0009687 0.008031)
(0.004531 0.0009687 0.008031)
(0.004594 0.0009687 0.008031)
(0.004656 0.0009688 0.008031)
(0.004719 0.0009687 0.008031)
(0.004781 0.0009687 0.008031)
(0.004844 0.0009687 0.008031)
(0.004906 0.0009688 0.008031)
(0.004969 0.0009688 0.008031)
(0.004031 0.001031 0.008031)
(0.004094 0.001031 0.008031)
(0.004156 0.001031 0.008031)
(0.004219 0.001031 0.008031)
(0.004281 0.001031 0.008031)
(0.004344 0.001031 0.008031)
(0.004406 0.001031 0.008031)
(0.004469 0.001031 0.008031)
(0.004531 0.001031 0.008031)
(0.004594 0.001031 0.008031)
(0.004656 0.001031 0.008031)
(0.004719 0.001031 0.008031)
(0.004781 0.001031 0.008031)
(0.004844 0.001031 0.008031)
(0.004906 0.001031 0.008031)
(0.004969 0.001031 0.008031)
(0.004031 0.001094 0.008031)
(0.004094 0.001094 0.008031)
(0.004156 0.001094 0.008031)
(0.004219 0.001094 0.008031)
(0.004281 0.001094 0.008031)
(0.004344 0.001094 0.008031)
(0.004406 0.001094 0.008031)
(0.004469 0.001094 0.008031)
(0.004531 0.001094 0.008031)
(0.004594 0.001094 0.008031)
(0.004656 0.001094 0.008031)
(0.004719 0.001094 0.008031)
(0.004781 0.001094 0.008031)
(0.004844 0.001094 0.008031)
(0.004906 0.001094 0.008031)
(0.004969 0.001094 0.008031)
(0.004031 0.001156 0.008031)
(0.004094 0.001156 0.008031)
(0.004156 0.001156 0.008031)
(0.004219 0.001156 0.008031)
(0.004281 0.001156 0.008031)
(0.004344 0.001156 0.008031)
(0.004406 0.001156 0.008031)
(0.004469 0.001156 0.008031)
(0.004531 0.001156 0.008031)
(0.004594 0.001156 0.008031)
(0.004656 0.001156 0.008031)
(0.004719 0.001156 0.008031)
(0.004781 0.001156 0.008031)
(0.004844 0.001156 0.008031)
(0.004906 0.001156 0.008031)
(0.004969 0.001156 0.008031)
(0.004031 0.001219 0.008031)
(0.004094 0.001219 0.008031)
(0.004156 0.001219 0.008031)
(0.004219 0.001219 0.008031)
(0.004281 0.001219 0.008031)
(0.004344 0.001219 0.008031)
(0.004406 0.001219 0.008031)
(0.004469 0.001219 0.008031)
(0.004531 0.001219 0.008031)
(0.004594 0.001219 0.008031)
(0.004656 0.001219 0.008031)
(0.004719 0.001219 0.008031)
(0.004781 0.001219 0.008031)
(0.004844 0.001219 0.008031)
(0.004906 0.001219 0.008031)
(0.004969 0.001219 0.008031)
(0.004031 0.0005312 0.008094)
(0.004094 0.0005312 0.008094)
(0.004156 0.0005313 0.008094)
(0.004219 0.0005312 0.008094)
(0.004281 0.0005313 0.008094)
(0.004344 0.0005313 0.008094)
(0.004406 0.0005312 0.008094)
(0.004469 0.0005312 0.008094)
(0.004531 0.0005312 0.008094)
(0.004594 0.0005312 0.008094)
(0.004656 0.0005312 0.008094)
(0.004719 0.0005312 0.008094)
(0.004781 0.0005312 0.008094)
(0.004844 0.0005313 0.008094)
(0.004906 0.0005312 0.008094)
(0.004969 0.0005312 0.008094)
(0.004031 0.0005937 0.008094)
(0.004094 0.0005937 0.008094)
(0.004156 0.0005937 0.008094)
(0.004219 0.0005938 0.008094)
(0.004281 0.0005938 0.008094)
(0.004344 0.0005937 0.008094)
(0.004406 0.0005937 0.008094)
(0.004469 0.0005937 0.008094)
(0.004531 0.0005937 0.008094)
(0.004594 0.0005937 0.008094)
(0.004656 0.0005937 0.008094)
(0.004719 0.0005937 0.008094)
(0.004781 0.0005937 0.008094)
(0.004844 0.0005937 0.008094)
(0.004906 0.0005937 0.008094)
(0.004969 0.0005937 0.008094)
(0.004031 0.0006562 0.008094)
(0.004094 0.0006563 0.008094)
(0.004156 0.0006563 0.008094)
(0.004219 0.0006563 0.008094)
(0.004281 0.0006563 0.008094)
(0.004344 0.0006562 0.008094)
(0.004406 0.0006562 0.008094)
(0.004469 0.0006563 0.008094)
(0.004531 0.0006563 0.008094)
(0.004594 0.0006562 0.008094)
(0.004656 0.0006563 0.008094)
(0.004719 0.0006563 0.008094)
(0.004781 0.0006563 0.008094)
(0.004844 0.0006562 0.008094)
(0.004906 0.0006563 0.008094)
(0.004969 0.0006563 0.008094)
(0.004031 0.0007188 0.008094)
(0.004094 0.0007187 0.008094)
(0.004156 0.0007187 0.008094)
(0.004219 0.0007187 0.008094)
(0.004281 0.0007187 0.008094)
(0.004344 0.0007187 0.008094)
(0.004406 0.0007188 0.008094)
(0.004469 0.0007187 0.008094)
(0.004531 0.0007187 0.008094)
(0.004594 0.0007187 0.008094)
(0.004656 0.0007187 0.008094)
(0.004719 0.0007187 0.008094)
(0.004781 0.0007187 0.008094)
(0.004844 0.0007187 0.008094)
(0.004906 0.0007187 0.008094)
(0.004969 0.0007187 0.008094)
(0.004031 0.0007813 0.008094)
(0.004094 0.0007813 0.008094)
(0.004156 0.0007812 0.008094)
(0.004219 0.0007813 0.008094)
(0.004281 0.0007812 0.008094)
(0.004344 0.0007813 0.008094)
(0.004406 0.0007812 0.008094)
(0.004469 0.0007813 0.008094)
(0.004531 0.0007813 0.008094)
(0.004594 0.0007813 0.008094)
(0.004656 0.0007813 0.008094)
(0.004719 0.0007813 0.008094)
(0.004781 0.0007813 0.008094)
(0.004844 0.0007813 0.008094)
(0.004906 0.0007813 0.008094)
(0.004969 0.0007813 0.008094)
(0.004031 0.0008438 0.008094)
(0.004094 0.0008438 0.008094)
(0.004156 0.0008437 0.008094)
(0.004219 0.0008437 0.008094)
(0.004281 0.0008437 0.008094)
(0.004344 0.0008438 0.008094)
(0.004406 0.0008437 0.008094)
(0.004469 0.0008438 0.008094)
(0.004531 0.0008437 0.008094)
(0.004594 0.0008437 0.008094)
(0.004656 0.0008438 0.008094)
(0.004719 0.0008437 0.008094)
(0.004781 0.0008437 0.008094)
(0.004844 0.0008437 0.008094)
(0.004906 0.0008438 0.008094)
(0.004969 0.0008437 0.008094)
(0.004031 0.0009063 0.008094)
(0.004094 0.0009063 0.008094)
(0.004156 0.0009063 0.008094)
(0.004219 0.0009063 0.008094)
(0.004281 0.0009063 0.008094)
(0.004344 0.0009063 0.008094)
(0.004406 0.0009062 0.008094)
(0.004469 0.0009063 0.008094)
(0.004531 0.0009063 0.008094)
(0.004594 0.0009063 0.008094)
(0.004656 0.0009063 0.008094)
(0.004719 0.0009063 0.008094)
(0.004781 0.0009063 0.008094)
(0.004844 0.0009063 0.008094)
(0.004906 0.0009063 0.008094)
(0.004969 0.0009063 0.008094)
(0.004031 0.0009687 0.008094)
(0.004094 0.0009687 0.008094)
(0.004156 0.0009688 0.008094)
(0.004219 0.0009687 0.008094)
(0.004281 0.0009687 0.008094)
(0.004344 0.0009688 0.008094)
(0.004406 0.0009687 0.008094)
(0.004469 0.0009687 0.008094)
(0.004531 0.0009687 0.008094)
(0.004594 0.0009687 0.008094)
(0.004656 0.0009688 0.008094)
(0.004719 0.0009687 0.008094)
(0.004781 0.0009687 0.008094)
(0.004844 0.0009687 0.008094)
(0.004906 0.0009688 0.008094)
(0.004969 0.0009688 0.008094)
(0.004031 0.001031 0.008094)
(0.004094 0.001031 0.008094)
(0.004156 0.001031 0.008094)
(0.004219 0.001031 0.008094)
(0.004281 0.001031 0.008094)
(0.004344 0.001031 0.008094)
(0.004406 0.001031 0.008094)
(0.004469 0.001031 0.008094)
(0.004531 0.001031 0.008094)
(0.004594 0.001031 0.008094)
(0.004656 0.001031 0.008094)
(0.004719 0.001031 0.008094)
(0.004781 0.001031 0.008094)
(0.004844 0.001031 0.008094)
(0.004906 0.001031 0.008094)
(0.004969 0.001031 0.008094)
(0.004031 0.001094 0.008094)
(0.004094 0.001094 0.008094)
(0.004156 0.001094 0.008094)
(0.004219 0.001094 0.008094)
(0.004281 0.001094 0.008094)
(0.004344 0.001094 0.008094)
(0.004406 0.001094 0.008094)
(0.004469 0.001094 0.008094)
(0.004531 0.001094 0.008094)
(0.004594 0.001094 0.008094)
(0.004656 0.001094 0.008094)
(0.004719 0.001094 0.008094)
(0.004781 0.001094 0.008094)
(0.004844 0.001094 0.008094)
(0.004906 0.001094 0.008094)
(0.004969 0.001094 0.008094)
(0.004031 0.001156 0.008094)
(0.004094 0.001156 0.008094)
(0.004156 0.001156 0.008094)
(0.004219 0.001156 0.008094)
(0.004281 0.001156 0.008094)
(0.004344 0.001156 0.008094)
(0.004406 0.001156 0.008094)
(0.004469 0.001156 0.008094)
(0.004531 0.001156 0.008094)
(0.004594 0.001156 0.008094)
(0.004656 0.001156 0.008094)
(0.004719 0.001156 0.008094)
(0.004781 0.001156 0.008094)
(0.004844 0.001156 0.008094)
(0.004906 0.001156 0.008094)
(0.004969 0.001156 0.008094)
(0.004031 0.001219 0.008094)
(0.004094 0.001219 0.008094)
(0.004156 0.001219 0.008094)
(0.004219 0.001219 0.008094)
(0.004281 0.001219 0.008094)
(0.004344 0.001219 0.008094)
(0.004406 0.001219 0.008094)
(0.004469 0.001219 0.008094)
(0.004531 0.001219 0.008094)
(0.004594 0.001219 0.008094)
(0.004656 0.001219 0.008094)
(0.004719 0.001219 0.008094)
(0.004781 0.001219 0.008094)
(0.004844 0.001219 0.008094)
(0.004906 0.001219 0.008094)
(0.004969 0.001219 0.008094)
(0.004031 0.0005313 0.008156)
(0.004094 0.0005313 0.008156)
(0.004156 0.0005313 0.008156)
(0.004219 0.0005313 0.008156)
(0.004281 0.0005313 0.008156)
(0.004344 0.0005312 0.008156)
(0.004406 0.0005312 0.008156)
(0.004469 0.0005312 0.008156)
(0.004531 0.0005312 0.008156)
(0.004594 0.0005312 0.008156)
(0.004656 0.0005313 0.008156)
(0.004719 0.0005313 0.008156)
(0.004781 0.0005312 0.008156)
(0.004844 0.0005312 0.008156)
(0.004906 0.0005312 0.008156)
(0.004969 0.0005312 0.008156)
(0.004031 0.0005937 0.008156)
(0.004094 0.0005937 0.008156)
(0.004156 0.0005937 0.008156)
(0.004219 0.0005937 0.008156)
(0.004281 0.0005937 0.008156)
(0.004344 0.0005937 0.008156)
(0.004406 0.0005937 0.008156)
(0.004469 0.0005937 0.008156)
(0.004531 0.0005937 0.008156)
(0.004594 0.0005937 0.008156)
(0.004656 0.0005937 0.008156)
(0.004719 0.0005937 0.008156)
(0.004781 0.0005937 0.008156)
(0.004844 0.0005937 0.008156)
(0.004906 0.0005937 0.008156)
(0.004969 0.0005937 0.008156)
(0.004031 0.0006563 0.008156)
(0.004094 0.0006563 0.008156)
(0.004156 0.0006563 0.008156)
(0.004219 0.0006563 0.008156)
(0.004281 0.0006563 0.008156)
(0.004344 0.0006562 0.008156)
(0.004406 0.0006562 0.008156)
(0.004469 0.0006563 0.008156)
(0.004531 0.0006563 0.008156)
(0.004594 0.0006562 0.008156)
(0.004656 0.0006563 0.008156)
(0.004719 0.0006563 0.008156)
(0.004781 0.0006563 0.008156)
(0.004844 0.0006562 0.008156)
(0.004906 0.0006563 0.008156)
(0.004969 0.0006563 0.008156)
(0.004031 0.0007187 0.008156)
(0.004094 0.0007187 0.008156)
(0.004156 0.0007187 0.008156)
(0.004219 0.0007187 0.008156)
(0.004281 0.0007187 0.008156)
(0.004344 0.0007187 0.008156)
(0.004406 0.0007187 0.008156)
(0.004469 0.0007187 0.008156)
(0.004531 0.0007187 0.008156)
(0.004594 0.0007187 0.008156)
(0.004656 0.0007187 0.008156)
(0.004719 0.0007187 0.008156)
(0.004781 0.0007187 0.008156)
(0.004844 0.0007187 0.008156)
(0.004906 0.0007187 0.008156)
(0.004969 0.0007187 0.008156)
(0.004031 0.0007813 0.008156)
(0.004094 0.0007813 0.008156)
(0.004156 0.0007812 0.008156)
(0.004219 0.0007813 0.008156)
(0.004281 0.0007812 0.008156)
(0.004344 0.0007813 0.008156)
(0.004406 0.0007813 0.008156)
(0.004469 0.0007813 0.008156)
(0.004531 0.0007812 0.008156)
(0.004594 0.0007813 0.008156)
(0.004656 0.0007812 0.008156)
(0.004719 0.0007813 0.008156)
(0.004781 0.0007813 0.008156)
(0.004844 0.0007813 0.008156)
(0.004906 0.0007813 0.008156)
(0.004969 0.0007813 0.008156)
(0.004031 0.0008437 0.008156)
(0.004094 0.0008437 0.008156)
(0.004156 0.0008437 0.008156)
(0.004219 0.0008437 0.008156)
(0.004281 0.0008437 0.008156)
(0.004344 0.0008438 0.008156)
(0.004406 0.0008437 0.008156)
(0.004469 0.0008437 0.008156)
(0.004531 0.0008437 0.008156)
(0.004594 0.0008438 0.008156)
(0.004656 0.0008438 0.008156)
(0.004719 0.0008437 0.008156)
(0.004781 0.0008437 0.008156)
(0.004844 0.0008438 0.008156)
(0.004906 0.0008438 0.008156)
(0.004969 0.0008437 0.008156)
(0.004031 0.0009063 0.008156)
(0.004094 0.0009063 0.008156)
(0.004156 0.0009063 0.008156)
(0.004219 0.0009063 0.008156)
(0.004281 0.0009063 0.008156)
(0.004344 0.0009063 0.008156)
(0.004406 0.0009062 0.008156)
(0.004469 0.0009063 0.008156)
(0.004531 0.0009063 0.008156)
(0.004594 0.0009063 0.008156)
(0.004656 0.0009063 0.008156)
(0.004719 0.0009063 0.008156)
(0.004781 0.0009063 0.008156)
(0.004844 0.0009063 0.008156)
(0.004906 0.0009063 0.008156)
(0.004969 0.0009063 0.008156)
(0.004031 0.0009687 0.008156)
(0.004094 0.0009687 0.008156)
(0.004156 0.0009687 0.008156)
(0.004219 0.0009687 0.008156)
(0.004281 0.0009687 0.008156)
(0.004344 0.0009687 0.008156)
(0.004406 0.0009687 0.008156)
(0.004469 0.0009687 0.008156)
(0.004531 0.0009687 0.008156)
(0.004594 0.0009687 0.008156)
(0.004656 0.0009687 0.008156)
(0.004719 0.0009687 0.008156)
(0.004781 0.0009687 0.008156)
(0.004844 0.0009687 0.008156)
(0.004906 0.0009687 0.008156)
(0.004969 0.0009687 0.008156)
(0.004031 0.001031 0.008156)
(0.004094 0.001031 0.008156)
(0.004156 0.001031 0.008156)
(0.004219 0.001031 0.008156)
(0.004281 0.001031 0.008156)
(0.004344 0.001031 0.008156)
(0.004406 0.001031 0.008156)
(0.004469 0.001031 0.008156)
(0.004531 0.001031 0.008156)
(0.004594 0.001031 0.008156)
(0.004656 0.001031 0.008156)
(0.004719 0.001031 0.008156)
(0.004781 0.001031 0.008156)
(0.004844 0.001031 0.008156)
(0.004906 0.001031 0.008156)
(0.004969 0.001031 0.008156)
(0.004031 0.001094 0.008156)
(0.004094 0.001094 0.008156)
(0.004156 0.001094 0.008156)
(0.004219 0.001094 0.008156)
(0.004281 0.001094 0.008156)
(0.004344 0.001094 0.008156)
(0.004406 0.001094 0.008156)
(0.004469 0.001094 0.008156)
(0.004531 0.001094 0.008156)
(0.004594 0.001094 0.008156)
(0.004656 0.001094 0.008156)
(0.004719 0.001094 0.008156)
(0.004781 0.001094 0.008156)
(0.004844 0.001094 0.008156)
(0.004906 0.001094 0.008156)
(0.004969 0.001094 0.008156)
(0.004031 0.001156 0.008156)
(0.004094 0.001156 0.008156)
(0.004156 0.001156 0.008156)
(0.004219 0.001156 0.008156)
(0.004281 0.001156 0.008156)
(0.004344 0.001156 0.008156)
(0.004406 0.001156 0.008156)
(0.004469 0.001156 0.008156)
(0.004531 0.001156 0.008156)
(0.004594 0.001156 0.008156)
(0.004656 0.001156 0.008156)
(0.004719 0.001156 0.008156)
(0.004781 0.001156 0.008156)
(0.004844 0.001156 0.008156)
(0.004906 0.001156 0.008156)
(0.004969 0.001156 0.008156)
(0.004031 0.001219 0.008156)
(0.004094 0.001219 0.008156)
(0.004156 0.001219 0.008156)
(0.004219 0.001219 0.008156)
(0.004281 0.001219 0.008156)
(0.004344 0.001219 0.008156)
(0.004406 0.001219 0.008156)
(0.004469 0.001219 0.008156)
(0.004531 0.001219 0.008156)
(0.004594 0.001219 0.008156)
(0.004656 0.001219 0.008156)
(0.004719 0.001219 0.008156)
(0.004781 0.001219 0.008156)
(0.004844 0.001219 0.008156)
(0.004906 0.001219 0.008156)
(0.004969 0.001219 0.008156)
(0.004031 0.0005313 0.008219)
(0.004094 0.0005313 0.008219)
(0.004156 0.0005312 0.008219)
(0.004219 0.0005312 0.008219)
(0.004281 0.0005312 0.008219)
(0.004344 0.0005313 0.008219)
(0.004406 0.0005313 0.008219)
(0.004469 0.0005312 0.008219)
(0.004531 0.0005312 0.008219)
(0.004594 0.0005312 0.008219)
(0.004656 0.0005312 0.008219)
(0.004719 0.0005313 0.008219)
(0.004781 0.0005312 0.008219)
(0.004844 0.0005313 0.008219)
(0.004906 0.0005312 0.008219)
(0.004969 0.0005312 0.008219)
(0.004031 0.0005938 0.008219)
(0.004094 0.0005937 0.008219)
(0.004156 0.0005937 0.008219)
(0.004219 0.0005938 0.008219)
(0.004281 0.0005938 0.008219)
(0.004344 0.0005937 0.008219)
(0.004406 0.0005937 0.008219)
(0.004469 0.0005937 0.008219)
(0.004531 0.0005937 0.008219)
(0.004594 0.0005937 0.008219)
(0.004656 0.0005937 0.008219)
(0.004719 0.0005937 0.008219)
(0.004781 0.0005937 0.008219)
(0.004844 0.0005937 0.008219)
(0.004906 0.0005937 0.008219)
(0.004969 0.0005937 0.008219)
(0.004031 0.0006562 0.008219)
(0.004094 0.0006563 0.008219)
(0.004156 0.0006563 0.008219)
(0.004219 0.0006563 0.008219)
(0.004281 0.0006563 0.008219)
(0.004344 0.0006563 0.008219)
(0.004406 0.0006562 0.008219)
(0.004469 0.0006563 0.008219)
(0.004531 0.0006563 0.008219)
(0.004594 0.0006562 0.008219)
(0.004656 0.0006563 0.008219)
(0.004719 0.0006563 0.008219)
(0.004781 0.0006563 0.008219)
(0.004844 0.0006563 0.008219)
(0.004906 0.0006563 0.008219)
(0.004969 0.0006563 0.008219)
(0.004031 0.0007188 0.008219)
(0.004094 0.0007188 0.008219)
(0.004156 0.0007188 0.008219)
(0.004219 0.0007188 0.008219)
(0.004281 0.0007188 0.008219)
(0.004344 0.0007187 0.008219)
(0.004406 0.0007187 0.008219)
(0.004469 0.0007188 0.008219)
(0.004531 0.0007187 0.008219)
(0.004594 0.0007188 0.008219)
(0.004656 0.0007187 0.008219)
(0.004719 0.0007187 0.008219)
(0.004781 0.0007187 0.008219)
(0.004844 0.0007188 0.008219)
(0.004906 0.0007187 0.008219)
(0.004969 0.0007188 0.008219)
(0.004031 0.0007813 0.008219)
(0.004094 0.0007813 0.008219)
(0.004156 0.0007812 0.008219)
(0.004219 0.0007813 0.008219)
(0.004281 0.0007812 0.008219)
(0.004344 0.0007812 0.008219)
(0.004406 0.0007813 0.008219)
(0.004469 0.0007813 0.008219)
(0.004531 0.0007812 0.008219)
(0.004594 0.0007813 0.008219)
(0.004656 0.0007812 0.008219)
(0.004719 0.0007813 0.008219)
(0.004781 0.0007813 0.008219)
(0.004844 0.0007812 0.008219)
(0.004906 0.0007813 0.008219)
(0.004969 0.0007813 0.008219)
(0.004031 0.0008438 0.008219)
(0.004094 0.0008438 0.008219)
(0.004156 0.0008437 0.008219)
(0.004219 0.0008437 0.008219)
(0.004281 0.0008437 0.008219)
(0.004344 0.0008438 0.008219)
(0.004406 0.0008437 0.008219)
(0.004469 0.0008438 0.008219)
(0.004531 0.0008437 0.008219)
(0.004594 0.0008437 0.008219)
(0.004656 0.0008438 0.008219)
(0.004719 0.0008437 0.008219)
(0.004781 0.0008437 0.008219)
(0.004844 0.0008437 0.008219)
(0.004906 0.0008438 0.008219)
(0.004969 0.0008437 0.008219)
(0.004031 0.0009063 0.008219)
(0.004094 0.0009063 0.008219)
(0.004156 0.0009063 0.008219)
(0.004219 0.0009063 0.008219)
(0.004281 0.0009063 0.008219)
(0.004344 0.0009063 0.008219)
(0.004406 0.0009062 0.008219)
(0.004469 0.0009063 0.008219)
(0.004531 0.0009063 0.008219)
(0.004594 0.0009063 0.008219)
(0.004656 0.0009062 0.008219)
(0.004719 0.0009063 0.008219)
(0.004781 0.0009063 0.008219)
(0.004844 0.0009063 0.008219)
(0.004906 0.0009063 0.008219)
(0.004969 0.0009063 0.008219)
(0.004031 0.0009687 0.008219)
(0.004094 0.0009687 0.008219)
(0.004156 0.0009687 0.008219)
(0.004219 0.0009687 0.008219)
(0.004281 0.0009687 0.008219)
(0.004344 0.0009687 0.008219)
(0.004406 0.0009687 0.008219)
(0.004469 0.0009687 0.008219)
(0.004531 0.0009687 0.008219)
(0.004594 0.0009687 0.008219)
(0.004656 0.0009687 0.008219)
(0.004719 0.0009687 0.008219)
(0.004781 0.0009687 0.008219)
(0.004844 0.0009687 0.008219)
(0.004906 0.0009687 0.008219)
(0.004969 0.0009687 0.008219)
(0.004031 0.001031 0.008219)
(0.004094 0.001031 0.008219)
(0.004156 0.001031 0.008219)
(0.004219 0.001031 0.008219)
(0.004281 0.001031 0.008219)
(0.004344 0.001031 0.008219)
(0.004406 0.001031 0.008219)
(0.004469 0.001031 0.008219)
(0.004531 0.001031 0.008219)
(0.004594 0.001031 0.008219)
(0.004656 0.001031 0.008219)
(0.004719 0.001031 0.008219)
(0.004781 0.001031 0.008219)
(0.004844 0.001031 0.008219)
(0.004906 0.001031 0.008219)
(0.004969 0.001031 0.008219)
(0.004031 0.001094 0.008219)
(0.004094 0.001094 0.008219)
(0.004156 0.001094 0.008219)
(0.004219 0.001094 0.008219)
(0.004281 0.001094 0.008219)
(0.004344 0.001094 0.008219)
(0.004406 0.001094 0.008219)
(0.004469 0.001094 0.008219)
(0.004531 0.001094 0.008219)
(0.004594 0.001094 0.008219)
(0.004656 0.001094 0.008219)
(0.004719 0.001094 0.008219)
(0.004781 0.001094 0.008219)
(0.004844 0.001094 0.008219)
(0.004906 0.001094 0.008219)
(0.004969 0.001094 0.008219)
(0.004031 0.001156 0.008219)
(0.004094 0.001156 0.008219)
(0.004156 0.001156 0.008219)
(0.004219 0.001156 0.008219)
(0.004281 0.001156 0.008219)
(0.004344 0.001156 0.008219)
(0.004406 0.001156 0.008219)
(0.004469 0.001156 0.008219)
(0.004531 0.001156 0.008219)
(0.004594 0.001156 0.008219)
(0.004656 0.001156 0.008219)
(0.004719 0.001156 0.008219)
(0.004781 0.001156 0.008219)
(0.004844 0.001156 0.008219)
(0.004906 0.001156 0.008219)
(0.004969 0.001156 0.008219)
(0.004031 0.001219 0.008219)
(0.004094 0.001219 0.008219)
(0.004156 0.001219 0.008219)
(0.004219 0.001219 0.008219)
(0.004281 0.001219 0.008219)
(0.004344 0.001219 0.008219)
(0.004406 0.001219 0.008219)
(0.004469 0.001219 0.008219)
(0.004531 0.001219 0.008219)
(0.004594 0.001219 0.008219)
(0.004656 0.001219 0.008219)
(0.004719 0.001219 0.008219)
(0.004781 0.001219 0.008219)
(0.004844 0.001219 0.008219)
(0.004906 0.001219 0.008219)
(0.004969 0.001219 0.008219)
(0.004031 0.0005313 0.008281)
(0.004094 0.0005312 0.008281)
(0.004156 0.0005313 0.008281)
(0.004219 0.0005312 0.008281)
(0.004281 0.0005313 0.008281)
(0.004344 0.0005313 0.008281)
(0.004406 0.0005313 0.008281)
(0.004469 0.0005312 0.008281)
(0.004531 0.0005312 0.008281)
(0.004594 0.0005312 0.008281)
(0.004656 0.0005312 0.008281)
(0.004719 0.0005312 0.008281)
(0.004781 0.0005312 0.008281)
(0.004844 0.0005313 0.008281)
(0.004906 0.0005312 0.008281)
(0.004969 0.0005312 0.008281)
(0.004031 0.0005937 0.008281)
(0.004094 0.0005937 0.008281)
(0.004156 0.0005937 0.008281)
(0.004219 0.0005937 0.008281)
(0.004281 0.0005937 0.008281)
(0.004344 0.0005937 0.008281)
(0.004406 0.0005937 0.008281)
(0.004469 0.0005937 0.008281)
(0.004531 0.0005937 0.008281)
(0.004594 0.0005937 0.008281)
(0.004656 0.0005937 0.008281)
(0.004719 0.0005937 0.008281)
(0.004781 0.0005937 0.008281)
(0.004844 0.0005937 0.008281)
(0.004906 0.0005937 0.008281)
(0.004969 0.0005937 0.008281)
(0.004031 0.0006562 0.008281)
(0.004094 0.0006563 0.008281)
(0.004156 0.0006563 0.008281)
(0.004219 0.0006563 0.008281)
(0.004281 0.0006563 0.008281)
(0.004344 0.0006562 0.008281)
(0.004406 0.0006562 0.008281)
(0.004469 0.0006563 0.008281)
(0.004531 0.0006563 0.008281)
(0.004594 0.0006562 0.008281)
(0.004656 0.0006563 0.008281)
(0.004719 0.0006563 0.008281)
(0.004781 0.0006563 0.008281)
(0.004844 0.0006562 0.008281)
(0.004906 0.0006563 0.008281)
(0.004969 0.0006563 0.008281)
(0.004031 0.0007187 0.008281)
(0.004094 0.0007188 0.008281)
(0.004156 0.0007187 0.008281)
(0.004219 0.0007187 0.008281)
(0.004281 0.0007187 0.008281)
(0.004344 0.0007187 0.008281)
(0.004406 0.0007187 0.008281)
(0.004469 0.0007188 0.008281)
(0.004531 0.0007187 0.008281)
(0.004594 0.0007187 0.008281)
(0.004656 0.0007187 0.008281)
(0.004719 0.0007187 0.008281)
(0.004781 0.0007187 0.008281)
(0.004844 0.0007187 0.008281)
(0.004906 0.0007187 0.008281)
(0.004969 0.0007187 0.008281)
(0.004031 0.0007813 0.008281)
(0.004094 0.0007813 0.008281)
(0.004156 0.0007812 0.008281)
(0.004219 0.0007813 0.008281)
(0.004281 0.0007812 0.008281)
(0.004344 0.0007812 0.008281)
(0.004406 0.0007812 0.008281)
(0.004469 0.0007813 0.008281)
(0.004531 0.0007812 0.008281)
(0.004594 0.0007813 0.008281)
(0.004656 0.0007812 0.008281)
(0.004719 0.0007813 0.008281)
(0.004781 0.0007813 0.008281)
(0.004844 0.0007812 0.008281)
(0.004906 0.0007813 0.008281)
(0.004969 0.0007813 0.008281)
(0.004031 0.0008437 0.008281)
(0.004094 0.0008437 0.008281)
(0.004156 0.0008437 0.008281)
(0.004219 0.0008437 0.008281)
(0.004281 0.0008437 0.008281)
(0.004344 0.0008438 0.008281)
(0.004406 0.0008437 0.008281)
(0.004469 0.0008437 0.008281)
(0.004531 0.0008437 0.008281)
(0.004594 0.0008438 0.008281)
(0.004656 0.0008438 0.008281)
(0.004719 0.0008437 0.008281)
(0.004781 0.0008437 0.008281)
(0.004844 0.0008438 0.008281)
(0.004906 0.0008438 0.008281)
(0.004969 0.0008437 0.008281)
(0.004031 0.0009063 0.008281)
(0.004094 0.0009063 0.008281)
(0.004156 0.0009063 0.008281)
(0.004219 0.0009063 0.008281)
(0.004281 0.0009063 0.008281)
(0.004344 0.0009063 0.008281)
(0.004406 0.0009063 0.008281)
(0.004469 0.0009063 0.008281)
(0.004531 0.0009063 0.008281)
(0.004594 0.0009063 0.008281)
(0.004656 0.0009063 0.008281)
(0.004719 0.0009063 0.008281)
(0.004781 0.0009063 0.008281)
(0.004844 0.0009063 0.008281)
(0.004906 0.0009063 0.008281)
(0.004969 0.0009063 0.008281)
(0.004031 0.0009687 0.008281)
(0.004094 0.0009688 0.008281)
(0.004156 0.0009687 0.008281)
(0.004219 0.0009687 0.008281)
(0.004281 0.0009687 0.008281)
(0.004344 0.0009687 0.008281)
(0.004406 0.0009687 0.008281)
(0.004469 0.0009688 0.008281)
(0.004531 0.0009687 0.008281)
(0.004594 0.0009687 0.008281)
(0.004656 0.0009687 0.008281)
(0.004719 0.0009687 0.008281)
(0.004781 0.0009687 0.008281)
(0.004844 0.0009687 0.008281)
(0.004906 0.0009687 0.008281)
(0.004969 0.0009687 0.008281)
(0.004031 0.001031 0.008281)
(0.004094 0.001031 0.008281)
(0.004156 0.001031 0.008281)
(0.004219 0.001031 0.008281)
(0.004281 0.001031 0.008281)
(0.004344 0.001031 0.008281)
(0.004406 0.001031 0.008281)
(0.004469 0.001031 0.008281)
(0.004531 0.001031 0.008281)
(0.004594 0.001031 0.008281)
(0.004656 0.001031 0.008281)
(0.004719 0.001031 0.008281)
(0.004781 0.001031 0.008281)
(0.004844 0.001031 0.008281)
(0.004906 0.001031 0.008281)
(0.004969 0.001031 0.008281)
(0.004031 0.001094 0.008281)
(0.004094 0.001094 0.008281)
(0.004156 0.001094 0.008281)
(0.004219 0.001094 0.008281)
(0.004281 0.001094 0.008281)
(0.004344 0.001094 0.008281)
(0.004406 0.001094 0.008281)
(0.004469 0.001094 0.008281)
(0.004531 0.001094 0.008281)
(0.004594 0.001094 0.008281)
(0.004656 0.001094 0.008281)
(0.004719 0.001094 0.008281)
(0.004781 0.001094 0.008281)
(0.004844 0.001094 0.008281)
(0.004906 0.001094 0.008281)
(0.004969 0.001094 0.008281)
(0.004031 0.001156 0.008281)
(0.004094 0.001156 0.008281)
(0.004156 0.001156 0.008281)
(0.004219 0.001156 0.008281)
(0.004281 0.001156 0.008281)
(0.004344 0.001156 0.008281)
(0.004406 0.001156 0.008281)
(0.004469 0.001156 0.008281)
(0.004531 0.001156 0.008281)
(0.004594 0.001156 0.008281)
(0.004656 0.001156 0.008281)
(0.004719 0.001156 0.008281)
(0.004781 0.001156 0.008281)
(0.004844 0.001156 0.008281)
(0.004906 0.001156 0.008281)
(0.004969 0.001156 0.008281)
(0.004031 0.001219 0.008281)
(0.004094 0.001219 0.008281)
(0.004156 0.001219 0.008281)
(0.004219 0.001219 0.008281)
(0.004281 0.001219 0.008281)
(0.004344 0.001219 0.008281)
(0.004406 0.001219 0.008281)
(0.004469 0.001219 0.008281)
(0.004531 0.001219 0.008281)
(0.004594 0.001219 0.008281)
(0.004656 0.001219 0.008281)
(0.004719 0.001219 0.008281)
(0.004781 0.001219 0.008281)
(0.004844 0.001219 0.008281)
(0.004906 0.001219 0.008281)
(0.004969 0.001219 0.008281)
(0.004031 0.0005313 0.008344)
(0.004094 0.0005313 0.008344)
(0.004156 0.0005313 0.008344)
(0.004219 0.0005313 0.008344)
(0.004281 0.0005313 0.008344)
(0.004344 0.0005312 0.008344)
(0.004406 0.0005313 0.008344)
(0.004469 0.0005312 0.008344)
(0.004531 0.0005312 0.008344)
(0.004594 0.0005312 0.008344)
(0.004656 0.0005313 0.008344)
(0.004719 0.0005313 0.008344)
(0.004781 0.0005312 0.008344)
(0.004844 0.0005312 0.008344)
(0.004906 0.0005312 0.008344)
(0.004969 0.0005312 0.008344)
(0.004031 0.0005937 0.008344)
(0.004094 0.0005937 0.008344)
(0.004156 0.0005937 0.008344)
(0.004219 0.0005938 0.008344)
(0.004281 0.0005938 0.008344)
(0.004344 0.0005937 0.008344)
(0.004406 0.0005937 0.008344)
(0.004469 0.0005937 0.008344)
(0.004531 0.0005937 0.008344)
(0.004594 0.0005937 0.008344)
(0.004656 0.0005937 0.008344)
(0.004719 0.0005937 0.008344)
(0.004781 0.0005937 0.008344)
(0.004844 0.0005937 0.008344)
(0.004906 0.0005937 0.008344)
(0.004969 0.0005937 0.008344)
(0.004031 0.0006563 0.008344)
(0.004094 0.0006563 0.008344)
(0.004156 0.0006563 0.008344)
(0.004219 0.0006563 0.008344)
(0.004281 0.0006563 0.008344)
(0.004344 0.0006562 0.008344)
(0.004406 0.0006562 0.008344)
(0.004469 0.0006563 0.008344)
(0.004531 0.0006563 0.008344)
(0.004594 0.0006562 0.008344)
(0.004656 0.0006563 0.008344)
(0.004719 0.0006563 0.008344)
(0.004781 0.0006563 0.008344)
(0.004844 0.0006562 0.008344)
(0.004906 0.0006563 0.008344)
(0.004969 0.0006563 0.008344)
(0.004031 0.0007188 0.008344)
(0.004094 0.0007187 0.008344)
(0.004156 0.0007187 0.008344)
(0.004219 0.0007187 0.008344)
(0.004281 0.0007187 0.008344)
(0.004344 0.0007187 0.008344)
(0.004406 0.0007187 0.008344)
(0.004469 0.0007187 0.008344)
(0.004531 0.0007187 0.008344)
(0.004594 0.0007187 0.008344)
(0.004656 0.0007187 0.008344)
(0.004719 0.0007187 0.008344)
(0.004781 0.0007187 0.008344)
(0.004844 0.0007187 0.008344)
(0.004906 0.0007187 0.008344)
(0.004969 0.0007187 0.008344)
(0.004031 0.0007813 0.008344)
(0.004094 0.0007813 0.008344)
(0.004156 0.0007812 0.008344)
(0.004219 0.0007813 0.008344)
(0.004281 0.0007812 0.008344)
(0.004344 0.0007813 0.008344)
(0.004406 0.0007812 0.008344)
(0.004469 0.0007813 0.008344)
(0.004531 0.0007812 0.008344)
(0.004594 0.0007813 0.008344)
(0.004656 0.0007812 0.008344)
(0.004719 0.0007813 0.008344)
(0.004781 0.0007813 0.008344)
(0.004844 0.0007813 0.008344)
(0.004906 0.0007813 0.008344)
(0.004969 0.0007813 0.008344)
(0.004031 0.0008438 0.008344)
(0.004094 0.0008438 0.008344)
(0.004156 0.0008437 0.008344)
(0.004219 0.0008437 0.008344)
(0.004281 0.0008437 0.008344)
(0.004344 0.0008438 0.008344)
(0.004406 0.0008437 0.008344)
(0.004469 0.0008438 0.008344)
(0.004531 0.0008437 0.008344)
(0.004594 0.0008437 0.008344)
(0.004656 0.0008438 0.008344)
(0.004719 0.0008437 0.008344)
(0.004781 0.0008437 0.008344)
(0.004844 0.0008437 0.008344)
(0.004906 0.0008438 0.008344)
(0.004969 0.0008437 0.008344)
(0.004031 0.0009063 0.008344)
(0.004094 0.0009063 0.008344)
(0.004156 0.0009063 0.008344)
(0.004219 0.0009063 0.008344)
(0.004281 0.0009063 0.008344)
(0.004344 0.0009063 0.008344)
(0.004406 0.0009062 0.008344)
(0.004469 0.0009063 0.008344)
(0.004531 0.0009063 0.008344)
(0.004594 0.0009063 0.008344)
(0.004656 0.0009063 0.008344)
(0.004719 0.0009063 0.008344)
(0.004781 0.0009063 0.008344)
(0.004844 0.0009063 0.008344)
(0.004906 0.0009063 0.008344)
(0.004969 0.0009063 0.008344)
(0.004031 0.0009687 0.008344)
(0.004094 0.0009687 0.008344)
(0.004156 0.0009688 0.008344)
(0.004219 0.0009687 0.008344)
(0.004281 0.0009687 0.008344)
(0.004344 0.0009688 0.008344)
(0.004406 0.0009687 0.008344)
(0.004469 0.0009687 0.008344)
(0.004531 0.0009687 0.008344)
(0.004594 0.0009687 0.008344)
(0.004656 0.0009688 0.008344)
(0.004719 0.0009687 0.008344)
(0.004781 0.0009687 0.008344)
(0.004844 0.0009687 0.008344)
(0.004906 0.0009688 0.008344)
(0.004969 0.0009688 0.008344)
(0.004031 0.001031 0.008344)
(0.004094 0.001031 0.008344)
(0.004156 0.001031 0.008344)
(0.004219 0.001031 0.008344)
(0.004281 0.001031 0.008344)
(0.004344 0.001031 0.008344)
(0.004406 0.001031 0.008344)
(0.004469 0.001031 0.008344)
(0.004531 0.001031 0.008344)
(0.004594 0.001031 0.008344)
(0.004656 0.001031 0.008344)
(0.004719 0.001031 0.008344)
(0.004781 0.001031 0.008344)
(0.004844 0.001031 0.008344)
(0.004906 0.001031 0.008344)
(0.004969 0.001031 0.008344)
(0.004031 0.001094 0.008344)
(0.004094 0.001094 0.008344)
(0.004156 0.001094 0.008344)
(0.004219 0.001094 0.008344)
(0.004281 0.001094 0.008344)
(0.004344 0.001094 0.008344)
(0.004406 0.001094 0.008344)
(0.004469 0.001094 0.008344)
(0.004531 0.001094 0.008344)
(0.004594 0.001094 0.008344)
(0.004656 0.001094 0.008344)
(0.004719 0.001094 0.008344)
(0.004781 0.001094 0.008344)
(0.004844 0.001094 0.008344)
(0.004906 0.001094 0.008344)
(0.004969 0.001094 0.008344)
(0.004031 0.001156 0.008344)
(0.004094 0.001156 0.008344)
(0.004156 0.001156 0.008344)
(0.004219 0.001156 0.008344)
(0.004281 0.001156 0.008344)
(0.004344 0.001156 0.008344)
(0.004406 0.001156 0.008344)
(0.004469 0.001156 0.008344)
(0.004531 0.001156 0.008344)
(0.004594 0.001156 0.008344)
(0.004656 0.001156 0.008344)
(0.004719 0.001156 0.008344)
(0.004781 0.001156 0.008344)
(0.004844 0.001156 0.008344)
(0.004906 0.001156 0.008344)
(0.004969 0.001156 0.008344)
(0.004031 0.001219 0.008344)
(0.004094 0.001219 0.008344)
(0.004156 0.001219 0.008344)
(0.004219 0.001219 0.008344)
(0.004281 0.001219 0.008344)
(0.004344 0.001219 0.008344)
(0.004406 0.001219 0.008344)
(0.004469 0.001219 0.008344)
(0.004531 0.001219 0.008344)
(0.004594 0.001219 0.008344)
(0.004656 0.001219 0.008344)
(0.004719 0.001219 0.008344)
(0.004781 0.001219 0.008344)
(0.004844 0.001219 0.008344)
(0.004906 0.001219 0.008344)
(0.004969 0.001219 0.008344)
(0.004031 0.0005313 0.008406)
(0.004094 0.0005312 0.008406)
(0.004156 0.0005313 0.008406)
(0.004219 0.0005312 0.008406)
(0.004281 0.0005313 0.008406)
(0.004344 0.0005313 0.008406)
(0.004406 0.0005312 0.008406)
(0.004469 0.0005312 0.008406)
(0.004531 0.0005312 0.008406)
(0.004594 0.0005312 0.008406)
(0.004656 0.0005312 0.008406)
(0.004719 0.0005312 0.008406)
(0.004781 0.0005312 0.008406)
(0.004844 0.0005313 0.008406)
(0.004906 0.0005312 0.008406)
(0.004969 0.0005312 0.008406)
(0.004031 0.0005937 0.008406)
(0.004094 0.0005937 0.008406)
(0.004156 0.0005937 0.008406)
(0.004219 0.0005937 0.008406)
(0.004281 0.0005937 0.008406)
(0.004344 0.0005937 0.008406)
(0.004406 0.0005937 0.008406)
(0.004469 0.0005937 0.008406)
(0.004531 0.0005937 0.008406)
(0.004594 0.0005937 0.008406)
(0.004656 0.0005937 0.008406)
(0.004719 0.0005937 0.008406)
(0.004781 0.0005937 0.008406)
(0.004844 0.0005937 0.008406)
(0.004906 0.0005937 0.008406)
(0.004969 0.0005937 0.008406)
(0.004031 0.0006562 0.008406)
(0.004094 0.0006563 0.008406)
(0.004156 0.0006563 0.008406)
(0.004219 0.0006563 0.008406)
(0.004281 0.0006563 0.008406)
(0.004344 0.0006562 0.008406)
(0.004406 0.0006562 0.008406)
(0.004469 0.0006563 0.008406)
(0.004531 0.0006563 0.008406)
(0.004594 0.0006562 0.008406)
(0.004656 0.0006563 0.008406)
(0.004719 0.0006563 0.008406)
(0.004781 0.0006563 0.008406)
(0.004844 0.0006562 0.008406)
(0.004906 0.0006563 0.008406)
(0.004969 0.0006563 0.008406)
(0.004031 0.0007187 0.008406)
(0.004094 0.0007188 0.008406)
(0.004156 0.0007188 0.008406)
(0.004219 0.0007188 0.008406)
(0.004281 0.0007188 0.008406)
(0.004344 0.0007187 0.008406)
(0.004406 0.0007187 0.008406)
(0.004469 0.0007188 0.008406)
(0.004531 0.0007187 0.008406)
(0.004594 0.0007187 0.008406)
(0.004656 0.0007187 0.008406)
(0.004719 0.0007187 0.008406)
(0.004781 0.0007187 0.008406)
(0.004844 0.0007187 0.008406)
(0.004906 0.0007187 0.008406)
(0.004969 0.0007187 0.008406)
(0.004031 0.0007813 0.008406)
(0.004094 0.0007813 0.008406)
(0.004156 0.0007812 0.008406)
(0.004219 0.0007813 0.008406)
(0.004281 0.0007812 0.008406)
(0.004344 0.0007812 0.008406)
(0.004406 0.0007813 0.008406)
(0.004469 0.0007813 0.008406)
(0.004531 0.0007812 0.008406)
(0.004594 0.0007813 0.008406)
(0.004656 0.0007812 0.008406)
(0.004719 0.0007813 0.008406)
(0.004781 0.0007813 0.008406)
(0.004844 0.0007812 0.008406)
(0.004906 0.0007813 0.008406)
(0.004969 0.0007813 0.008406)
(0.004031 0.0008437 0.008406)
(0.004094 0.0008438 0.008406)
(0.004156 0.0008438 0.008406)
(0.004219 0.0008438 0.008406)
(0.004281 0.0008438 0.008406)
(0.004344 0.0008438 0.008406)
(0.004406 0.0008437 0.008406)
(0.004469 0.0008438 0.008406)
(0.004531 0.0008437 0.008406)
(0.004594 0.0008438 0.008406)
(0.004656 0.0008438 0.008406)
(0.004719 0.0008437 0.008406)
(0.004781 0.0008437 0.008406)
(0.004844 0.0008438 0.008406)
(0.004906 0.0008438 0.008406)
(0.004969 0.0008437 0.008406)
(0.004031 0.0009063 0.008406)
(0.004094 0.0009063 0.008406)
(0.004156 0.0009063 0.008406)
(0.004219 0.0009063 0.008406)
(0.004281 0.0009063 0.008406)
(0.004344 0.0009063 0.008406)
(0.004406 0.0009062 0.008406)
(0.004469 0.0009063 0.008406)
(0.004531 0.0009063 0.008406)
(0.004594 0.0009063 0.008406)
(0.004656 0.0009063 0.008406)
(0.004719 0.0009063 0.008406)
(0.004781 0.0009063 0.008406)
(0.004844 0.0009063 0.008406)
(0.004906 0.0009063 0.008406)
(0.004969 0.0009063 0.008406)
(0.004031 0.0009687 0.008406)
(0.004094 0.0009688 0.008406)
(0.004156 0.0009687 0.008406)
(0.004219 0.0009688 0.008406)
(0.004281 0.0009688 0.008406)
(0.004344 0.0009687 0.008406)
(0.004406 0.0009687 0.008406)
(0.004469 0.0009688 0.008406)
(0.004531 0.0009687 0.008406)
(0.004594 0.0009687 0.008406)
(0.004656 0.0009687 0.008406)
(0.004719 0.0009687 0.008406)
(0.004781 0.0009687 0.008406)
(0.004844 0.0009687 0.008406)
(0.004906 0.0009687 0.008406)
(0.004969 0.0009687 0.008406)
(0.004031 0.001031 0.008406)
(0.004094 0.001031 0.008406)
(0.004156 0.001031 0.008406)
(0.004219 0.001031 0.008406)
(0.004281 0.001031 0.008406)
(0.004344 0.001031 0.008406)
(0.004406 0.001031 0.008406)
(0.004469 0.001031 0.008406)
(0.004531 0.001031 0.008406)
(0.004594 0.001031 0.008406)
(0.004656 0.001031 0.008406)
(0.004719 0.001031 0.008406)
(0.004781 0.001031 0.008406)
(0.004844 0.001031 0.008406)
(0.004906 0.001031 0.008406)
(0.004969 0.001031 0.008406)
(0.004031 0.001094 0.008406)
(0.004094 0.001094 0.008406)
(0.004156 0.001094 0.008406)
(0.004219 0.001094 0.008406)
(0.004281 0.001094 0.008406)
(0.004344 0.001094 0.008406)
(0.004406 0.001094 0.008406)
(0.004469 0.001094 0.008406)
(0.004531 0.001094 0.008406)
(0.004594 0.001094 0.008406)
(0.004656 0.001094 0.008406)
(0.004719 0.001094 0.008406)
(0.004781 0.001094 0.008406)
(0.004844 0.001094 0.008406)
(0.004906 0.001094 0.008406)
(0.004969 0.001094 0.008406)
(0.004031 0.001156 0.008406)
(0.004094 0.001156 0.008406)
(0.004156 0.001156 0.008406)
(0.004219 0.001156 0.008406)
(0.004281 0.001156 0.008406)
(0.004344 0.001156 0.008406)
(0.004406 0.001156 0.008406)
(0.004469 0.001156 0.008406)
(0.004531 0.001156 0.008406)
(0.004594 0.001156 0.008406)
(0.004656 0.001156 0.008406)
(0.004719 0.001156 0.008406)
(0.004781 0.001156 0.008406)
(0.004844 0.001156 0.008406)
(0.004906 0.001156 0.008406)
(0.004969 0.001156 0.008406)
(0.004031 0.001219 0.008406)
(0.004094 0.001219 0.008406)
(0.004156 0.001219 0.008406)
(0.004219 0.001219 0.008406)
(0.004281 0.001219 0.008406)
(0.004344 0.001219 0.008406)
(0.004406 0.001219 0.008406)
(0.004469 0.001219 0.008406)
(0.004531 0.001219 0.008406)
(0.004594 0.001219 0.008406)
(0.004656 0.001219 0.008406)
(0.004719 0.001219 0.008406)
(0.004781 0.001219 0.008406)
(0.004844 0.001219 0.008406)
(0.004906 0.001219 0.008406)
(0.004969 0.001219 0.008406)
(0.004031 0.0005312 0.008469)
(0.004094 0.0005312 0.008469)
(0.004156 0.0005313 0.008469)
(0.004219 0.0005312 0.008469)
(0.004281 0.0005313 0.008469)
(0.004344 0.0005313 0.008469)
(0.004406 0.0005312 0.008469)
(0.004469 0.0005312 0.008469)
(0.004531 0.0005312 0.008469)
(0.004594 0.0005312 0.008469)
(0.004656 0.0005312 0.008469)
(0.004719 0.0005312 0.008469)
(0.004781 0.0005312 0.008469)
(0.004844 0.0005313 0.008469)
(0.004906 0.0005312 0.008469)
(0.004969 0.0005312 0.008469)
(0.004031 0.0005937 0.008469)
(0.004094 0.0005937 0.008469)
(0.004156 0.0005937 0.008469)
(0.004219 0.0005937 0.008469)
(0.004281 0.0005937 0.008469)
(0.004344 0.0005937 0.008469)
(0.004406 0.0005937 0.008469)
(0.004469 0.0005937 0.008469)
(0.004531 0.0005937 0.008469)
(0.004594 0.0005937 0.008469)
(0.004656 0.0005937 0.008469)
(0.004719 0.0005937 0.008469)
(0.004781 0.0005937 0.008469)
(0.004844 0.0005937 0.008469)
(0.004906 0.0005937 0.008469)
(0.004969 0.0005937 0.008469)
(0.004031 0.0006563 0.008469)
(0.004094 0.0006563 0.008469)
(0.004156 0.0006563 0.008469)
(0.004219 0.0006563 0.008469)
(0.004281 0.0006563 0.008469)
(0.004344 0.0006562 0.008469)
(0.004406 0.0006562 0.008469)
(0.004469 0.0006563 0.008469)
(0.004531 0.0006563 0.008469)
(0.004594 0.0006562 0.008469)
(0.004656 0.0006563 0.008469)
(0.004719 0.0006563 0.008469)
(0.004781 0.0006563 0.008469)
(0.004844 0.0006562 0.008469)
(0.004906 0.0006563 0.008469)
(0.004969 0.0006563 0.008469)
(0.004031 0.0007187 0.008469)
(0.004094 0.0007188 0.008469)
(0.004156 0.0007187 0.008469)
(0.004219 0.0007187 0.008469)
(0.004281 0.0007187 0.008469)
(0.004344 0.0007187 0.008469)
(0.004406 0.0007187 0.008469)
(0.004469 0.0007188 0.008469)
(0.004531 0.0007187 0.008469)
(0.004594 0.0007187 0.008469)
(0.004656 0.0007187 0.008469)
(0.004719 0.0007187 0.008469)
(0.004781 0.0007187 0.008469)
(0.004844 0.0007187 0.008469)
(0.004906 0.0007187 0.008469)
(0.004969 0.0007187 0.008469)
(0.004031 0.0007813 0.008469)
(0.004094 0.0007813 0.008469)
(0.004156 0.0007812 0.008469)
(0.004219 0.0007813 0.008469)
(0.004281 0.0007812 0.008469)
(0.004344 0.0007813 0.008469)
(0.004406 0.0007812 0.008469)
(0.004469 0.0007813 0.008469)
(0.004531 0.0007812 0.008469)
(0.004594 0.0007813 0.008469)
(0.004656 0.0007812 0.008469)
(0.004719 0.0007813 0.008469)
(0.004781 0.0007813 0.008469)
(0.004844 0.0007813 0.008469)
(0.004906 0.0007813 0.008469)
(0.004969 0.0007813 0.008469)
(0.004031 0.0008437 0.008469)
(0.004094 0.0008437 0.008469)
(0.004156 0.0008437 0.008469)
(0.004219 0.0008437 0.008469)
(0.004281 0.0008437 0.008469)
(0.004344 0.0008438 0.008469)
(0.004406 0.0008437 0.008469)
(0.004469 0.0008437 0.008469)
(0.004531 0.0008437 0.008469)
(0.004594 0.0008438 0.008469)
(0.004656 0.0008438 0.008469)
(0.004719 0.0008437 0.008469)
(0.004781 0.0008437 0.008469)
(0.004844 0.0008438 0.008469)
(0.004906 0.0008438 0.008469)
(0.004969 0.0008437 0.008469)
(0.004031 0.0009063 0.008469)
(0.004094 0.0009063 0.008469)
(0.004156 0.0009063 0.008469)
(0.004219 0.0009063 0.008469)
(0.004281 0.0009063 0.008469)
(0.004344 0.0009063 0.008469)
(0.004406 0.0009063 0.008469)
(0.004469 0.0009063 0.008469)
(0.004531 0.0009063 0.008469)
(0.004594 0.0009063 0.008469)
(0.004656 0.0009063 0.008469)
(0.004719 0.0009063 0.008469)
(0.004781 0.0009063 0.008469)
(0.004844 0.0009063 0.008469)
(0.004906 0.0009063 0.008469)
(0.004969 0.0009063 0.008469)
(0.004031 0.0009687 0.008469)
(0.004094 0.0009688 0.008469)
(0.004156 0.0009687 0.008469)
(0.004219 0.0009687 0.008469)
(0.004281 0.0009687 0.008469)
(0.004344 0.0009687 0.008469)
(0.004406 0.0009687 0.008469)
(0.004469 0.0009688 0.008469)
(0.004531 0.0009687 0.008469)
(0.004594 0.0009687 0.008469)
(0.004656 0.0009687 0.008469)
(0.004719 0.0009687 0.008469)
(0.004781 0.0009687 0.008469)
(0.004844 0.0009687 0.008469)
(0.004906 0.0009687 0.008469)
(0.004969 0.0009687 0.008469)
(0.004031 0.001031 0.008469)
(0.004094 0.001031 0.008469)
(0.004156 0.001031 0.008469)
(0.004219 0.001031 0.008469)
(0.004281 0.001031 0.008469)
(0.004344 0.001031 0.008469)
(0.004406 0.001031 0.008469)
(0.004469 0.001031 0.008469)
(0.004531 0.001031 0.008469)
(0.004594 0.001031 0.008469)
(0.004656 0.001031 0.008469)
(0.004719 0.001031 0.008469)
(0.004781 0.001031 0.008469)
(0.004844 0.001031 0.008469)
(0.004906 0.001031 0.008469)
(0.004969 0.001031 0.008469)
(0.004031 0.001094 0.008469)
(0.004094 0.001094 0.008469)
(0.004156 0.001094 0.008469)
(0.004219 0.001094 0.008469)
(0.004281 0.001094 0.008469)
(0.004344 0.001094 0.008469)
(0.004406 0.001094 0.008469)
(0.004469 0.001094 0.008469)
(0.004531 0.001094 0.008469)
(0.004594 0.001094 0.008469)
(0.004656 0.001094 0.008469)
(0.004719 0.001094 0.008469)
(0.004781 0.001094 0.008469)
(0.004844 0.001094 0.008469)
(0.004906 0.001094 0.008469)
(0.004969 0.001094 0.008469)
(0.004031 0.001156 0.008469)
(0.004094 0.001156 0.008469)
(0.004156 0.001156 0.008469)
(0.004219 0.001156 0.008469)
(0.004281 0.001156 0.008469)
(0.004344 0.001156 0.008469)
(0.004406 0.001156 0.008469)
(0.004469 0.001156 0.008469)
(0.004531 0.001156 0.008469)
(0.004594 0.001156 0.008469)
(0.004656 0.001156 0.008469)
(0.004719 0.001156 0.008469)
(0.004781 0.001156 0.008469)
(0.004844 0.001156 0.008469)
(0.004906 0.001156 0.008469)
(0.004969 0.001156 0.008469)
(0.004031 0.001219 0.008469)
(0.004094 0.001219 0.008469)
(0.004156 0.001219 0.008469)
(0.004219 0.001219 0.008469)
(0.004281 0.001219 0.008469)
(0.004344 0.001219 0.008469)
(0.004406 0.001219 0.008469)
(0.004469 0.001219 0.008469)
(0.004531 0.001219 0.008469)
(0.004594 0.001219 0.008469)
(0.004656 0.001219 0.008469)
(0.004719 0.001219 0.008469)
(0.004781 0.001219 0.008469)
(0.004844 0.001219 0.008469)
(0.004906 0.001219 0.008469)
(0.004969 0.001219 0.008469)
(0.004031 0.0005313 0.008531)
(0.004094 0.0005313 0.008531)
(0.004156 0.0005312 0.008531)
(0.004219 0.0005312 0.008531)
(0.004281 0.0005312 0.008531)
(0.004344 0.0005313 0.008531)
(0.004406 0.0005313 0.008531)
(0.004469 0.0005312 0.008531)
(0.004531 0.0005312 0.008531)
(0.004594 0.0005312 0.008531)
(0.004656 0.0005312 0.008531)
(0.004719 0.0005313 0.008531)
(0.004781 0.0005312 0.008531)
(0.004844 0.0005313 0.008531)
(0.004906 0.0005312 0.008531)
(0.004969 0.0005312 0.008531)
(0.004031 0.0005937 0.008531)
(0.004094 0.0005937 0.008531)
(0.004156 0.0005937 0.008531)
(0.004219 0.0005938 0.008531)
(0.004281 0.0005938 0.008531)
(0.004344 0.0005937 0.008531)
(0.004406 0.0005937 0.008531)
(0.004469 0.0005937 0.008531)
(0.004531 0.0005937 0.008531)
(0.004594 0.0005937 0.008531)
(0.004656 0.0005937 0.008531)
(0.004719 0.0005937 0.008531)
(0.004781 0.0005937 0.008531)
(0.004844 0.0005937 0.008531)
(0.004906 0.0005937 0.008531)
(0.004969 0.0005937 0.008531)
(0.004031 0.0006562 0.008531)
(0.004094 0.0006563 0.008531)
(0.004156 0.0006563 0.008531)
(0.004219 0.0006563 0.008531)
(0.004281 0.0006563 0.008531)
(0.004344 0.0006563 0.008531)
(0.004406 0.0006562 0.008531)
(0.004469 0.0006563 0.008531)
(0.004531 0.0006563 0.008531)
(0.004594 0.0006562 0.008531)
(0.004656 0.0006563 0.008531)
(0.004719 0.0006563 0.008531)
(0.004781 0.0006563 0.008531)
(0.004844 0.0006563 0.008531)
(0.004906 0.0006563 0.008531)
(0.004969 0.0006563 0.008531)
(0.004031 0.0007188 0.008531)
(0.004094 0.0007187 0.008531)
(0.004156 0.0007187 0.008531)
(0.004219 0.0007187 0.008531)
(0.004281 0.0007187 0.008531)
(0.004344 0.0007187 0.008531)
(0.004406 0.0007187 0.008531)
(0.004469 0.0007187 0.008531)
(0.004531 0.0007187 0.008531)
(0.004594 0.0007187 0.008531)
(0.004656 0.0007187 0.008531)
(0.004719 0.0007187 0.008531)
(0.004781 0.0007187 0.008531)
(0.004844 0.0007187 0.008531)
(0.004906 0.0007187 0.008531)
(0.004969 0.0007187 0.008531)
(0.004031 0.0007813 0.008531)
(0.004094 0.0007813 0.008531)
(0.004156 0.0007812 0.008531)
(0.004219 0.0007813 0.008531)
(0.004281 0.0007812 0.008531)
(0.004344 0.0007812 0.008531)
(0.004406 0.0007812 0.008531)
(0.004469 0.0007813 0.008531)
(0.004531 0.0007812 0.008531)
(0.004594 0.0007813 0.008531)
(0.004656 0.0007812 0.008531)
(0.004719 0.0007813 0.008531)
(0.004781 0.0007813 0.008531)
(0.004844 0.0007812 0.008531)
(0.004906 0.0007813 0.008531)
(0.004969 0.0007813 0.008531)
(0.004031 0.0008438 0.008531)
(0.004094 0.0008438 0.008531)
(0.004156 0.0008437 0.008531)
(0.004219 0.0008437 0.008531)
(0.004281 0.0008437 0.008531)
(0.004344 0.0008438 0.008531)
(0.004406 0.0008437 0.008531)
(0.004469 0.0008438 0.008531)
(0.004531 0.0008437 0.008531)
(0.004594 0.0008437 0.008531)
(0.004656 0.0008438 0.008531)
(0.004719 0.0008437 0.008531)
(0.004781 0.0008437 0.008531)
(0.004844 0.0008437 0.008531)
(0.004906 0.0008438 0.008531)
(0.004969 0.0008437 0.008531)
(0.004031 0.0009063 0.008531)
(0.004094 0.0009063 0.008531)
(0.004156 0.0009063 0.008531)
(0.004219 0.0009063 0.008531)
(0.004281 0.0009063 0.008531)
(0.004344 0.0009063 0.008531)
(0.004406 0.0009063 0.008531)
(0.004469 0.0009063 0.008531)
(0.004531 0.0009063 0.008531)
(0.004594 0.0009063 0.008531)
(0.004656 0.0009062 0.008531)
(0.004719 0.0009063 0.008531)
(0.004781 0.0009063 0.008531)
(0.004844 0.0009063 0.008531)
(0.004906 0.0009063 0.008531)
(0.004969 0.0009063 0.008531)
(0.004031 0.0009687 0.008531)
(0.004094 0.0009687 0.008531)
(0.004156 0.0009688 0.008531)
(0.004219 0.0009687 0.008531)
(0.004281 0.0009687 0.008531)
(0.004344 0.0009688 0.008531)
(0.004406 0.0009687 0.008531)
(0.004469 0.0009687 0.008531)
(0.004531 0.0009687 0.008531)
(0.004594 0.0009687 0.008531)
(0.004656 0.0009688 0.008531)
(0.004719 0.0009687 0.008531)
(0.004781 0.0009687 0.008531)
(0.004844 0.0009687 0.008531)
(0.004906 0.0009688 0.008531)
(0.004969 0.0009688 0.008531)
(0.004031 0.001031 0.008531)
(0.004094 0.001031 0.008531)
(0.004156 0.001031 0.008531)
(0.004219 0.001031 0.008531)
(0.004281 0.001031 0.008531)
(0.004344 0.001031 0.008531)
(0.004406 0.001031 0.008531)
(0.004469 0.001031 0.008531)
(0.004531 0.001031 0.008531)
(0.004594 0.001031 0.008531)
(0.004656 0.001031 0.008531)
(0.004719 0.001031 0.008531)
(0.004781 0.001031 0.008531)
(0.004844 0.001031 0.008531)
(0.004906 0.001031 0.008531)
(0.004969 0.001031 0.008531)
(0.004031 0.001094 0.008531)
(0.004094 0.001094 0.008531)
(0.004156 0.001094 0.008531)
(0.004219 0.001094 0.008531)
(0.004281 0.001094 0.008531)
(0.004344 0.001094 0.008531)
(0.004406 0.001094 0.008531)
(0.004469 0.001094 0.008531)
(0.004531 0.001094 0.008531)
(0.004594 0.001094 0.008531)
(0.004656 0.001094 0.008531)
(0.004719 0.001094 0.008531)
(0.004781 0.001094 0.008531)
(0.004844 0.001094 0.008531)
(0.004906 0.001094 0.008531)
(0.004969 0.001094 0.008531)
(0.004031 0.001156 0.008531)
(0.004094 0.001156 0.008531)
(0.004156 0.001156 0.008531)
(0.004219 0.001156 0.008531)
(0.004281 0.001156 0.008531)
(0.004344 0.001156 0.008531)
(0.004406 0.001156 0.008531)
(0.004469 0.001156 0.008531)
(0.004531 0.001156 0.008531)
(0.004594 0.001156 0.008531)
(0.004656 0.001156 0.008531)
(0.004719 0.001156 0.008531)
(0.004781 0.001156 0.008531)
(0.004844 0.001156 0.008531)
(0.004906 0.001156 0.008531)
(0.004969 0.001156 0.008531)
(0.004031 0.001219 0.008531)
(0.004094 0.001219 0.008531)
(0.004156 0.001219 0.008531)
(0.004219 0.001219 0.008531)
(0.004281 0.001219 0.008531)
(0.004344 0.001219 0.008531)
(0.004406 0.001219 0.008531)
(0.004469 0.001219 0.008531)
(0.004531 0.001219 0.008531)
(0.004594 0.001219 0.008531)
(0.004656 0.001219 0.008531)
(0.004719 0.001219 0.008531)
(0.004781 0.001219 0.008531)
(0.004844 0.001219 0.008531)
(0.004906 0.001219 0.008531)
(0.004969 0.001219 0.008531)
(0.004031 0.0005313 0.008594)
(0.004094 0.0005313 0.008594)
(0.004156 0.0005312 0.008594)
(0.004219 0.0005312 0.008594)
(0.004281 0.0005312 0.008594)
(0.004344 0.0005313 0.008594)
(0.004406 0.0005312 0.008594)
(0.004469 0.0005312 0.008594)
(0.004531 0.0005312 0.008594)
(0.004594 0.0005312 0.008594)
(0.004656 0.0005312 0.008594)
(0.004719 0.0005313 0.008594)
(0.004781 0.0005312 0.008594)
(0.004844 0.0005313 0.008594)
(0.004906 0.0005312 0.008594)
(0.004969 0.0005312 0.008594)
(0.004031 0.0005937 0.008594)
(0.004094 0.0005937 0.008594)
(0.004156 0.0005937 0.008594)
(0.004219 0.0005938 0.008594)
(0.004281 0.0005938 0.008594)
(0.004344 0.0005937 0.008594)
(0.004406 0.0005937 0.008594)
(0.004469 0.0005937 0.008594)
(0.004531 0.0005937 0.008594)
(0.004594 0.0005937 0.008594)
(0.004656 0.0005937 0.008594)
(0.004719 0.0005937 0.008594)
(0.004781 0.0005937 0.008594)
(0.004844 0.0005937 0.008594)
(0.004906 0.0005937 0.008594)
(0.004969 0.0005937 0.008594)
(0.004031 0.0006562 0.008594)
(0.004094 0.0006563 0.008594)
(0.004156 0.0006563 0.008594)
(0.004219 0.0006563 0.008594)
(0.004281 0.0006563 0.008594)
(0.004344 0.0006563 0.008594)
(0.004406 0.0006562 0.008594)
(0.004469 0.0006563 0.008594)
(0.004531 0.0006563 0.008594)
(0.004594 0.0006562 0.008594)
(0.004656 0.0006563 0.008594)
(0.004719 0.0006563 0.008594)
(0.004781 0.0006563 0.008594)
(0.004844 0.0006563 0.008594)
(0.004906 0.0006563 0.008594)
(0.004969 0.0006563 0.008594)
(0.004031 0.0007188 0.008594)
(0.004094 0.0007187 0.008594)
(0.004156 0.0007187 0.008594)
(0.004219 0.0007187 0.008594)
(0.004281 0.0007187 0.008594)
(0.004344 0.0007187 0.008594)
(0.004406 0.0007187 0.008594)
(0.004469 0.0007187 0.008594)
(0.004531 0.0007187 0.008594)
(0.004594 0.0007187 0.008594)
(0.004656 0.0007187 0.008594)
(0.004719 0.0007187 0.008594)
(0.004781 0.0007187 0.008594)
(0.004844 0.0007187 0.008594)
(0.004906 0.0007187 0.008594)
(0.004969 0.0007187 0.008594)
(0.004031 0.0007813 0.008594)
(0.004094 0.0007813 0.008594)
(0.004156 0.0007812 0.008594)
(0.004219 0.0007813 0.008594)
(0.004281 0.0007812 0.008594)
(0.004344 0.0007812 0.008594)
(0.004406 0.0007813 0.008594)
(0.004469 0.0007813 0.008594)
(0.004531 0.0007812 0.008594)
(0.004594 0.0007813 0.008594)
(0.004656 0.0007812 0.008594)
(0.004719 0.0007813 0.008594)
(0.004781 0.0007813 0.008594)
(0.004844 0.0007812 0.008594)
(0.004906 0.0007813 0.008594)
(0.004969 0.0007813 0.008594)
(0.004031 0.0008438 0.008594)
(0.004094 0.0008438 0.008594)
(0.004156 0.0008437 0.008594)
(0.004219 0.0008437 0.008594)
(0.004281 0.0008437 0.008594)
(0.004344 0.0008438 0.008594)
(0.004406 0.0008437 0.008594)
(0.004469 0.0008438 0.008594)
(0.004531 0.0008437 0.008594)
(0.004594 0.0008437 0.008594)
(0.004656 0.0008438 0.008594)
(0.004719 0.0008437 0.008594)
(0.004781 0.0008437 0.008594)
(0.004844 0.0008437 0.008594)
(0.004906 0.0008438 0.008594)
(0.004969 0.0008437 0.008594)
(0.004031 0.0009063 0.008594)
(0.004094 0.0009063 0.008594)
(0.004156 0.0009063 0.008594)
(0.004219 0.0009063 0.008594)
(0.004281 0.0009063 0.008594)
(0.004344 0.0009063 0.008594)
(0.004406 0.0009062 0.008594)
(0.004469 0.0009063 0.008594)
(0.004531 0.0009063 0.008594)
(0.004594 0.0009063 0.008594)
(0.004656 0.0009062 0.008594)
(0.004719 0.0009063 0.008594)
(0.004781 0.0009063 0.008594)
(0.004844 0.0009063 0.008594)
(0.004906 0.0009063 0.008594)
(0.004969 0.0009063 0.008594)
(0.004031 0.0009687 0.008594)
(0.004094 0.0009687 0.008594)
(0.004156 0.0009688 0.008594)
(0.004219 0.0009687 0.008594)
(0.004281 0.0009687 0.008594)
(0.004344 0.0009688 0.008594)
(0.004406 0.0009687 0.008594)
(0.004469 0.0009687 0.008594)
(0.004531 0.0009687 0.008594)
(0.004594 0.0009687 0.008594)
(0.004656 0.0009688 0.008594)
(0.004719 0.0009687 0.008594)
(0.004781 0.0009687 0.008594)
(0.004844 0.0009687 0.008594)
(0.004906 0.0009688 0.008594)
(0.004969 0.0009688 0.008594)
(0.004031 0.001031 0.008594)
(0.004094 0.001031 0.008594)
(0.004156 0.001031 0.008594)
(0.004219 0.001031 0.008594)
(0.004281 0.001031 0.008594)
(0.004344 0.001031 0.008594)
(0.004406 0.001031 0.008594)
(0.004469 0.001031 0.008594)
(0.004531 0.001031 0.008594)
(0.004594 0.001031 0.008594)
(0.004656 0.001031 0.008594)
(0.004719 0.001031 0.008594)
(0.004781 0.001031 0.008594)
(0.004844 0.001031 0.008594)
(0.004906 0.001031 0.008594)
(0.004969 0.001031 0.008594)
(0.004031 0.001094 0.008594)
(0.004094 0.001094 0.008594)
(0.004156 0.001094 0.008594)
(0.004219 0.001094 0.008594)
(0.004281 0.001094 0.008594)
(0.004344 0.001094 0.008594)
(0.004406 0.001094 0.008594)
(0.004469 0.001094 0.008594)
(0.004531 0.001094 0.008594)
(0.004594 0.001094 0.008594)
(0.004656 0.001094 0.008594)
(0.004719 0.001094 0.008594)
(0.004781 0.001094 0.008594)
(0.004844 0.001094 0.008594)
(0.004906 0.001094 0.008594)
(0.004969 0.001094 0.008594)
(0.004031 0.001156 0.008594)
(0.004094 0.001156 0.008594)
(0.004156 0.001156 0.008594)
(0.004219 0.001156 0.008594)
(0.004281 0.001156 0.008594)
(0.004344 0.001156 0.008594)
(0.004406 0.001156 0.008594)
(0.004469 0.001156 0.008594)
(0.004531 0.001156 0.008594)
(0.004594 0.001156 0.008594)
(0.004656 0.001156 0.008594)
(0.004719 0.001156 0.008594)
(0.004781 0.001156 0.008594)
(0.004844 0.001156 0.008594)
(0.004906 0.001156 0.008594)
(0.004969 0.001156 0.008594)
(0.004031 0.001219 0.008594)
(0.004094 0.001219 0.008594)
(0.004156 0.001219 0.008594)
(0.004219 0.001219 0.008594)
(0.004281 0.001219 0.008594)
(0.004344 0.001219 0.008594)
(0.004406 0.001219 0.008594)
(0.004469 0.001219 0.008594)
(0.004531 0.001219 0.008594)
(0.004594 0.001219 0.008594)
(0.004656 0.001219 0.008594)
(0.004719 0.001219 0.008594)
(0.004781 0.001219 0.008594)
(0.004844 0.001219 0.008594)
(0.004906 0.001219 0.008594)
(0.004969 0.001219 0.008594)
(0.004031 0.0005312 0.008656)
(0.004094 0.0005313 0.008656)
(0.004156 0.0005312 0.008656)
(0.004219 0.0005312 0.008656)
(0.004281 0.0005312 0.008656)
(0.004344 0.0005313 0.008656)
(0.004406 0.0005312 0.008656)
(0.004469 0.0005312 0.008656)
(0.004531 0.0005312 0.008656)
(0.004594 0.0005312 0.008656)
(0.004656 0.0005312 0.008656)
(0.004719 0.0005313 0.008656)
(0.004781 0.0005312 0.008656)
(0.004844 0.0005313 0.008656)
(0.004906 0.0005312 0.008656)
(0.004969 0.0005312 0.008656)
(0.004031 0.0005937 0.008656)
(0.004094 0.0005937 0.008656)
(0.004156 0.0005937 0.008656)
(0.004219 0.0005938 0.008656)
(0.004281 0.0005938 0.008656)
(0.004344 0.0005937 0.008656)
(0.004406 0.0005937 0.008656)
(0.004469 0.0005937 0.008656)
(0.004531 0.0005937 0.008656)
(0.004594 0.0005937 0.008656)
(0.004656 0.0005937 0.008656)
(0.004719 0.0005937 0.008656)
(0.004781 0.0005937 0.008656)
(0.004844 0.0005937 0.008656)
(0.004906 0.0005937 0.008656)
(0.004969 0.0005937 0.008656)
(0.004031 0.0006562 0.008656)
(0.004094 0.0006563 0.008656)
(0.004156 0.0006563 0.008656)
(0.004219 0.0006563 0.008656)
(0.004281 0.0006563 0.008656)
(0.004344 0.0006563 0.008656)
(0.004406 0.0006562 0.008656)
(0.004469 0.0006563 0.008656)
(0.004531 0.0006563 0.008656)
(0.004594 0.0006562 0.008656)
(0.004656 0.0006563 0.008656)
(0.004719 0.0006563 0.008656)
(0.004781 0.0006563 0.008656)
(0.004844 0.0006563 0.008656)
(0.004906 0.0006563 0.008656)
(0.004969 0.0006563 0.008656)
(0.004031 0.0007188 0.008656)
(0.004094 0.0007187 0.008656)
(0.004156 0.0007187 0.008656)
(0.004219 0.0007187 0.008656)
(0.004281 0.0007187 0.008656)
(0.004344 0.0007187 0.008656)
(0.004406 0.0007187 0.008656)
(0.004469 0.0007187 0.008656)
(0.004531 0.0007187 0.008656)
(0.004594 0.0007187 0.008656)
(0.004656 0.0007187 0.008656)
(0.004719 0.0007187 0.008656)
(0.004781 0.0007187 0.008656)
(0.004844 0.0007187 0.008656)
(0.004906 0.0007187 0.008656)
(0.004969 0.0007187 0.008656)
(0.004031 0.0007813 0.008656)
(0.004094 0.0007813 0.008656)
(0.004156 0.0007812 0.008656)
(0.004219 0.0007813 0.008656)
(0.004281 0.0007812 0.008656)
(0.004344 0.0007812 0.008656)
(0.004406 0.0007812 0.008656)
(0.004469 0.0007813 0.008656)
(0.004531 0.0007812 0.008656)
(0.004594 0.0007813 0.008656)
(0.004656 0.0007812 0.008656)
(0.004719 0.0007813 0.008656)
(0.004781 0.0007813 0.008656)
(0.004844 0.0007812 0.008656)
(0.004906 0.0007813 0.008656)
(0.004969 0.0007813 0.008656)
(0.004031 0.0008438 0.008656)
(0.004094 0.0008438 0.008656)
(0.004156 0.0008437 0.008656)
(0.004219 0.0008437 0.008656)
(0.004281 0.0008437 0.008656)
(0.004344 0.0008438 0.008656)
(0.004406 0.0008437 0.008656)
(0.004469 0.0008438 0.008656)
(0.004531 0.0008437 0.008656)
(0.004594 0.0008437 0.008656)
(0.004656 0.0008438 0.008656)
(0.004719 0.0008437 0.008656)
(0.004781 0.0008437 0.008656)
(0.004844 0.0008437 0.008656)
(0.004906 0.0008438 0.008656)
(0.004969 0.0008438 0.008656)
(0.004031 0.0009063 0.008656)
(0.004094 0.0009063 0.008656)
(0.004156 0.0009063 0.008656)
(0.004219 0.0009063 0.008656)
(0.004281 0.0009063 0.008656)
(0.004344 0.0009063 0.008656)
(0.004406 0.0009063 0.008656)
(0.004469 0.0009063 0.008656)
(0.004531 0.0009063 0.008656)
(0.004594 0.0009063 0.008656)
(0.004656 0.0009063 0.008656)
(0.004719 0.0009063 0.008656)
(0.004781 0.0009063 0.008656)
(0.004844 0.0009063 0.008656)
(0.004906 0.0009063 0.008656)
(0.004969 0.0009063 0.008656)
(0.004031 0.0009687 0.008656)
(0.004094 0.0009687 0.008656)
(0.004156 0.0009688 0.008656)
(0.004219 0.0009687 0.008656)
(0.004281 0.0009687 0.008656)
(0.004344 0.0009688 0.008656)
(0.004406 0.0009687 0.008656)
(0.004469 0.0009687 0.008656)
(0.004531 0.0009687 0.008656)
(0.004594 0.0009687 0.008656)
(0.004656 0.0009688 0.008656)
(0.004719 0.0009687 0.008656)
(0.004781 0.0009687 0.008656)
(0.004844 0.0009687 0.008656)
(0.004906 0.0009688 0.008656)
(0.004969 0.0009688 0.008656)
(0.004031 0.001031 0.008656)
(0.004094 0.001031 0.008656)
(0.004156 0.001031 0.008656)
(0.004219 0.001031 0.008656)
(0.004281 0.001031 0.008656)
(0.004344 0.001031 0.008656)
(0.004406 0.001031 0.008656)
(0.004469 0.001031 0.008656)
(0.004531 0.001031 0.008656)
(0.004594 0.001031 0.008656)
(0.004656 0.001031 0.008656)
(0.004719 0.001031 0.008656)
(0.004781 0.001031 0.008656)
(0.004844 0.001031 0.008656)
(0.004906 0.001031 0.008656)
(0.004969 0.001031 0.008656)
(0.004031 0.001094 0.008656)
(0.004094 0.001094 0.008656)
(0.004156 0.001094 0.008656)
(0.004219 0.001094 0.008656)
(0.004281 0.001094 0.008656)
(0.004344 0.001094 0.008656)
(0.004406 0.001094 0.008656)
(0.004469 0.001094 0.008656)
(0.004531 0.001094 0.008656)
(0.004594 0.001094 0.008656)
(0.004656 0.001094 0.008656)
(0.004719 0.001094 0.008656)
(0.004781 0.001094 0.008656)
(0.004844 0.001094 0.008656)
(0.004906 0.001094 0.008656)
(0.004969 0.001094 0.008656)
(0.004031 0.001156 0.008656)
(0.004094 0.001156 0.008656)
(0.004156 0.001156 0.008656)
(0.004219 0.001156 0.008656)
(0.004281 0.001156 0.008656)
(0.004344 0.001156 0.008656)
(0.004406 0.001156 0.008656)
(0.004469 0.001156 0.008656)
(0.004531 0.001156 0.008656)
(0.004594 0.001156 0.008656)
(0.004656 0.001156 0.008656)
(0.004719 0.001156 0.008656)
(0.004781 0.001156 0.008656)
(0.004844 0.001156 0.008656)
(0.004906 0.001156 0.008656)
(0.004969 0.001156 0.008656)
(0.004031 0.001219 0.008656)
(0.004094 0.001219 0.008656)
(0.004156 0.001219 0.008656)
(0.004219 0.001219 0.008656)
(0.004281 0.001219 0.008656)
(0.004344 0.001219 0.008656)
(0.004406 0.001219 0.008656)
(0.004469 0.001219 0.008656)
(0.004531 0.001219 0.008656)
(0.004594 0.001219 0.008656)
(0.004656 0.001219 0.008656)
(0.004719 0.001219 0.008656)
(0.004781 0.001219 0.008656)
(0.004844 0.001219 0.008656)
(0.004906 0.001219 0.008656)
(0.004969 0.001219 0.008656)
(0.004031 0.0005313 0.008719)
(0.004094 0.0005313 0.008719)
(0.004156 0.0005312 0.008719)
(0.004219 0.0005312 0.008719)
(0.004281 0.0005312 0.008719)
(0.004344 0.0005313 0.008719)
(0.004406 0.0005313 0.008719)
(0.004469 0.0005312 0.008719)
(0.004531 0.0005312 0.008719)
(0.004594 0.0005312 0.008719)
(0.004656 0.0005312 0.008719)
(0.004719 0.0005313 0.008719)
(0.004781 0.0005312 0.008719)
(0.004844 0.0005313 0.008719)
(0.004906 0.0005312 0.008719)
(0.004969 0.0005312 0.008719)
(0.004031 0.0005937 0.008719)
(0.004094 0.0005937 0.008719)
(0.004156 0.0005937 0.008719)
(0.004219 0.0005937 0.008719)
(0.004281 0.0005937 0.008719)
(0.004344 0.0005937 0.008719)
(0.004406 0.0005937 0.008719)
(0.004469 0.0005937 0.008719)
(0.004531 0.0005937 0.008719)
(0.004594 0.0005937 0.008719)
(0.004656 0.0005937 0.008719)
(0.004719 0.0005937 0.008719)
(0.004781 0.0005937 0.008719)
(0.004844 0.0005937 0.008719)
(0.004906 0.0005937 0.008719)
(0.004969 0.0005937 0.008719)
(0.004031 0.0006562 0.008719)
(0.004094 0.0006563 0.008719)
(0.004156 0.0006563 0.008719)
(0.004219 0.0006563 0.008719)
(0.004281 0.0006563 0.008719)
(0.004344 0.0006563 0.008719)
(0.004406 0.0006562 0.008719)
(0.004469 0.0006563 0.008719)
(0.004531 0.0006563 0.008719)
(0.004594 0.0006562 0.008719)
(0.004656 0.0006563 0.008719)
(0.004719 0.0006563 0.008719)
(0.004781 0.0006563 0.008719)
(0.004844 0.0006563 0.008719)
(0.004906 0.0006563 0.008719)
(0.004969 0.0006563 0.008719)
(0.004031 0.0007187 0.008719)
(0.004094 0.0007187 0.008719)
(0.004156 0.0007187 0.008719)
(0.004219 0.0007187 0.008719)
(0.004281 0.0007187 0.008719)
(0.004344 0.0007187 0.008719)
(0.004406 0.0007187 0.008719)
(0.004469 0.0007187 0.008719)
(0.004531 0.0007187 0.008719)
(0.004594 0.0007187 0.008719)
(0.004656 0.0007187 0.008719)
(0.004719 0.0007187 0.008719)
(0.004781 0.0007187 0.008719)
(0.004844 0.0007187 0.008719)
(0.004906 0.0007187 0.008719)
(0.004969 0.0007187 0.008719)
(0.004031 0.0007813 0.008719)
(0.004094 0.0007813 0.008719)
(0.004156 0.0007812 0.008719)
(0.004219 0.0007813 0.008719)
(0.004281 0.0007812 0.008719)
(0.004344 0.0007812 0.008719)
(0.004406 0.0007812 0.008719)
(0.004469 0.0007813 0.008719)
(0.004531 0.0007812 0.008719)
(0.004594 0.0007813 0.008719)
(0.004656 0.0007812 0.008719)
(0.004719 0.0007813 0.008719)
(0.004781 0.0007813 0.008719)
(0.004844 0.0007812 0.008719)
(0.004906 0.0007813 0.008719)
(0.004969 0.0007813 0.008719)
(0.004031 0.0008437 0.008719)
(0.004094 0.0008437 0.008719)
(0.004156 0.0008437 0.008719)
(0.004219 0.0008437 0.008719)
(0.004281 0.0008437 0.008719)
(0.004344 0.0008438 0.008719)
(0.004406 0.0008437 0.008719)
(0.004469 0.0008437 0.008719)
(0.004531 0.0008437 0.008719)
(0.004594 0.0008438 0.008719)
(0.004656 0.0008438 0.008719)
(0.004719 0.0008437 0.008719)
(0.004781 0.0008437 0.008719)
(0.004844 0.0008438 0.008719)
(0.004906 0.0008438 0.008719)
(0.004969 0.0008437 0.008719)
(0.004031 0.0009063 0.008719)
(0.004094 0.0009063 0.008719)
(0.004156 0.0009063 0.008719)
(0.004219 0.0009063 0.008719)
(0.004281 0.0009063 0.008719)
(0.004344 0.0009063 0.008719)
(0.004406 0.0009062 0.008719)
(0.004469 0.0009063 0.008719)
(0.004531 0.0009063 0.008719)
(0.004594 0.0009063 0.008719)
(0.004656 0.0009062 0.008719)
(0.004719 0.0009063 0.008719)
(0.004781 0.0009063 0.008719)
(0.004844 0.0009063 0.008719)
(0.004906 0.0009063 0.008719)
(0.004969 0.0009063 0.008719)
(0.004031 0.0009687 0.008719)
(0.004094 0.0009687 0.008719)
(0.004156 0.0009687 0.008719)
(0.004219 0.0009687 0.008719)
(0.004281 0.0009687 0.008719)
(0.004344 0.0009687 0.008719)
(0.004406 0.0009687 0.008719)
(0.004469 0.0009687 0.008719)
(0.004531 0.0009687 0.008719)
(0.004594 0.0009687 0.008719)
(0.004656 0.0009687 0.008719)
(0.004719 0.0009687 0.008719)
(0.004781 0.0009687 0.008719)
(0.004844 0.0009687 0.008719)
(0.004906 0.0009687 0.008719)
(0.004969 0.0009687 0.008719)
(0.004031 0.001031 0.008719)
(0.004094 0.001031 0.008719)
(0.004156 0.001031 0.008719)
(0.004219 0.001031 0.008719)
(0.004281 0.001031 0.008719)
(0.004344 0.001031 0.008719)
(0.004406 0.001031 0.008719)
(0.004469 0.001031 0.008719)
(0.004531 0.001031 0.008719)
(0.004594 0.001031 0.008719)
(0.004656 0.001031 0.008719)
(0.004719 0.001031 0.008719)
(0.004781 0.001031 0.008719)
(0.004844 0.001031 0.008719)
(0.004906 0.001031 0.008719)
(0.004969 0.001031 0.008719)
(0.004031 0.001094 0.008719)
(0.004094 0.001094 0.008719)
(0.004156 0.001094 0.008719)
(0.004219 0.001094 0.008719)
(0.004281 0.001094 0.008719)
(0.004344 0.001094 0.008719)
(0.004406 0.001094 0.008719)
(0.004469 0.001094 0.008719)
(0.004531 0.001094 0.008719)
(0.004594 0.001094 0.008719)
(0.004656 0.001094 0.008719)
(0.004719 0.001094 0.008719)
(0.004781 0.001094 0.008719)
(0.004844 0.001094 0.008719)
(0.004906 0.001094 0.008719)
(0.004969 0.001094 0.008719)
(0.004031 0.001156 0.008719)
(0.004094 0.001156 0.008719)
(0.004156 0.001156 0.008719)
(0.004219 0.001156 0.008719)
(0.004281 0.001156 0.008719)
(0.004344 0.001156 0.008719)
(0.004406 0.001156 0.008719)
(0.004469 0.001156 0.008719)
(0.004531 0.001156 0.008719)
(0.004594 0.001156 0.008719)
(0.004656 0.001156 0.008719)
(0.004719 0.001156 0.008719)
(0.004781 0.001156 0.008719)
(0.004844 0.001156 0.008719)
(0.004906 0.001156 0.008719)
(0.004969 0.001156 0.008719)
(0.004031 0.001219 0.008719)
(0.004094 0.001219 0.008719)
(0.004156 0.001219 0.008719)
(0.004219 0.001219 0.008719)
(0.004281 0.001219 0.008719)
(0.004344 0.001219 0.008719)
(0.004406 0.001219 0.008719)
(0.004469 0.001219 0.008719)
(0.004531 0.001219 0.008719)
(0.004594 0.001219 0.008719)
(0.004656 0.001219 0.008719)
(0.004719 0.001219 0.008719)
(0.004781 0.001219 0.008719)
(0.004844 0.001219 0.008719)
(0.004906 0.001219 0.008719)
(0.004969 0.001219 0.008719)
(0.004031 0.0005312 0.008781)
(0.004094 0.0005312 0.008781)
(0.004156 0.0005312 0.008781)
(0.004219 0.0005312 0.008781)
(0.004281 0.0005312 0.008781)
(0.004344 0.0005312 0.008781)
(0.004406 0.0005312 0.008781)
(0.004469 0.0005312 0.008781)
(0.004531 0.0005312 0.008781)
(0.004594 0.0005312 0.008781)
(0.004656 0.0005312 0.008781)
(0.004719 0.0005313 0.008781)
(0.004781 0.0005312 0.008781)
(0.004844 0.0005312 0.008781)
(0.004906 0.0005312 0.008781)
(0.004969 0.0005312 0.008781)
(0.004031 0.0005937 0.008781)
(0.004094 0.0005937 0.008781)
(0.004156 0.0005937 0.008781)
(0.004219 0.0005937 0.008781)
(0.004281 0.0005937 0.008781)
(0.004344 0.0005937 0.008781)
(0.004406 0.0005937 0.008781)
(0.004469 0.0005937 0.008781)
(0.004531 0.0005937 0.008781)
(0.004594 0.0005937 0.008781)
(0.004656 0.0005937 0.008781)
(0.004719 0.0005937 0.008781)
(0.004781 0.0005937 0.008781)
(0.004844 0.0005937 0.008781)
(0.004906 0.0005937 0.008781)
(0.004969 0.0005937 0.008781)
(0.004031 0.0006562 0.008781)
(0.004094 0.0006563 0.008781)
(0.004156 0.0006563 0.008781)
(0.004219 0.0006563 0.008781)
(0.004281 0.0006563 0.008781)
(0.004344 0.0006563 0.008781)
(0.004406 0.0006562 0.008781)
(0.004469 0.0006563 0.008781)
(0.004531 0.0006563 0.008781)
(0.004594 0.0006563 0.008781)
(0.004656 0.0006563 0.008781)
(0.004719 0.0006563 0.008781)
(0.004781 0.0006563 0.008781)
(0.004844 0.0006563 0.008781)
(0.004906 0.0006563 0.008781)
(0.004969 0.0006563 0.008781)
(0.004031 0.0007187 0.008781)
(0.004094 0.0007188 0.008781)
(0.004156 0.0007188 0.008781)
(0.004219 0.0007187 0.008781)
(0.004281 0.0007188 0.008781)
(0.004344 0.0007188 0.008781)
(0.004406 0.0007187 0.008781)
(0.004469 0.0007187 0.008781)
(0.004531 0.0007188 0.008781)
(0.004594 0.0007188 0.008781)
(0.004656 0.0007187 0.008781)
(0.004719 0.0007187 0.008781)
(0.004781 0.0007187 0.008781)
(0.004844 0.0007188 0.008781)
(0.004906 0.0007187 0.008781)
(0.004969 0.0007187 0.008781)
(0.004031 0.0007813 0.008781)
(0.004094 0.0007813 0.008781)
(0.004156 0.0007813 0.008781)
(0.004219 0.0007813 0.008781)
(0.004281 0.0007813 0.008781)
(0.004344 0.0007813 0.008781)
(0.004406 0.0007813 0.008781)
(0.004469 0.0007813 0.008781)
(0.004531 0.0007813 0.008781)
(0.004594 0.0007813 0.008781)
(0.004656 0.0007813 0.008781)
(0.004719 0.0007813 0.008781)
(0.004781 0.0007813 0.008781)
(0.004844 0.0007813 0.008781)
(0.004906 0.0007813 0.008781)
(0.004969 0.0007813 0.008781)
(0.004031 0.0008438 0.008781)
(0.004094 0.0008438 0.008781)
(0.004156 0.0008438 0.008781)
(0.004219 0.0008438 0.008781)
(0.004281 0.0008438 0.008781)
(0.004344 0.0008438 0.008781)
(0.004406 0.0008438 0.008781)
(0.004469 0.0008438 0.008781)
(0.004531 0.0008438 0.008781)
(0.004594 0.0008438 0.008781)
(0.004656 0.0008438 0.008781)
(0.004719 0.0008437 0.008781)
(0.004781 0.0008438 0.008781)
(0.004844 0.0008438 0.008781)
(0.004906 0.0008438 0.008781)
(0.004969 0.0008438 0.008781)
(0.004031 0.0009063 0.008781)
(0.004094 0.0009063 0.008781)
(0.004156 0.0009063 0.008781)
(0.004219 0.0009063 0.008781)
(0.004281 0.0009063 0.008781)
(0.004344 0.0009063 0.008781)
(0.004406 0.0009062 0.008781)
(0.004469 0.0009063 0.008781)
(0.004531 0.0009063 0.008781)
(0.004594 0.0009063 0.008781)
(0.004656 0.0009063 0.008781)
(0.004719 0.0009063 0.008781)
(0.004781 0.0009063 0.008781)
(0.004844 0.0009063 0.008781)
(0.004906 0.0009062 0.008781)
(0.004969 0.0009063 0.008781)
(0.004031 0.0009687 0.008781)
(0.004094 0.0009687 0.008781)
(0.004156 0.0009687 0.008781)
(0.004219 0.0009687 0.008781)
(0.004281 0.0009687 0.008781)
(0.004344 0.0009687 0.008781)
(0.004406 0.0009687 0.008781)
(0.004469 0.0009687 0.008781)
(0.004531 0.0009687 0.008781)
(0.004594 0.0009687 0.008781)
(0.004656 0.0009687 0.008781)
(0.004719 0.0009687 0.008781)
(0.004781 0.0009687 0.008781)
(0.004844 0.0009687 0.008781)
(0.004906 0.0009687 0.008781)
(0.004969 0.0009687 0.008781)
(0.004031 0.001031 0.008781)
(0.004094 0.001031 0.008781)
(0.004156 0.001031 0.008781)
(0.004219 0.001031 0.008781)
(0.004281 0.001031 0.008781)
(0.004344 0.001031 0.008781)
(0.004406 0.001031 0.008781)
(0.004469 0.001031 0.008781)
(0.004531 0.001031 0.008781)
(0.004594 0.001031 0.008781)
(0.004656 0.001031 0.008781)
(0.004719 0.001031 0.008781)
(0.004781 0.001031 0.008781)
(0.004844 0.001031 0.008781)
(0.004906 0.001031 0.008781)
(0.004969 0.001031 0.008781)
(0.004031 0.001094 0.008781)
(0.004094 0.001094 0.008781)
(0.004156 0.001094 0.008781)
(0.004219 0.001094 0.008781)
(0.004281 0.001094 0.008781)
(0.004344 0.001094 0.008781)
(0.004406 0.001094 0.008781)
(0.004469 0.001094 0.008781)
(0.004531 0.001094 0.008781)
(0.004594 0.001094 0.008781)
(0.004656 0.001094 0.008781)
(0.004719 0.001094 0.008781)
(0.004781 0.001094 0.008781)
(0.004844 0.001094 0.008781)
(0.004906 0.001094 0.008781)
(0.004969 0.001094 0.008781)
(0.004031 0.001156 0.008781)
(0.004094 0.001156 0.008781)
(0.004156 0.001156 0.008781)
(0.004219 0.001156 0.008781)
(0.004281 0.001156 0.008781)
(0.004344 0.001156 0.008781)
(0.004406 0.001156 0.008781)
(0.004469 0.001156 0.008781)
(0.004531 0.001156 0.008781)
(0.004594 0.001156 0.008781)
(0.004656 0.001156 0.008781)
(0.004719 0.001156 0.008781)
(0.004781 0.001156 0.008781)
(0.004844 0.001156 0.008781)
(0.004906 0.001156 0.008781)
(0.004969 0.001156 0.008781)
(0.004031 0.001219 0.008781)
(0.004094 0.001219 0.008781)
(0.004156 0.001219 0.008781)
(0.004219 0.001219 0.008781)
(0.004281 0.001219 0.008781)
(0.004344 0.001219 0.008781)
(0.004406 0.001219 0.008781)
(0.004469 0.001219 0.008781)
(0.004531 0.001219 0.008781)
(0.004594 0.001219 0.008781)
(0.004656 0.001219 0.008781)
(0.004719 0.001219 0.008781)
(0.004781 0.001219 0.008781)
(0.004844 0.001219 0.008781)
(0.004906 0.001219 0.008781)
(0.004969 0.001219 0.008781)
(0.004031 0.0005313 0.008844)
(0.004094 0.0005313 0.008844)
(0.004156 0.0005313 0.008844)
(0.004219 0.0005313 0.008844)
(0.004281 0.0005313 0.008844)
(0.004344 0.0005312 0.008844)
(0.004406 0.0005312 0.008844)
(0.004469 0.0005312 0.008844)
(0.004531 0.0005312 0.008844)
(0.004594 0.0005312 0.008844)
(0.004656 0.0005313 0.008844)
(0.004719 0.0005313 0.008844)
(0.004781 0.0005312 0.008844)
(0.004844 0.0005312 0.008844)
(0.004906 0.0005312 0.008844)
(0.004969 0.0005312 0.008844)
(0.004031 0.0005937 0.008844)
(0.004094 0.0005937 0.008844)
(0.004156 0.0005937 0.008844)
(0.004219 0.0005937 0.008844)
(0.004281 0.0005937 0.008844)
(0.004344 0.0005937 0.008844)
(0.004406 0.0005937 0.008844)
(0.004469 0.0005937 0.008844)
(0.004531 0.0005937 0.008844)
(0.004594 0.0005937 0.008844)
(0.004656 0.0005937 0.008844)
(0.004719 0.0005937 0.008844)
(0.004781 0.0005937 0.008844)
(0.004844 0.0005937 0.008844)
(0.004906 0.0005937 0.008844)
(0.004969 0.0005937 0.008844)
(0.004031 0.0006563 0.008844)
(0.004094 0.0006563 0.008844)
(0.004156 0.0006563 0.008844)
(0.004219 0.0006563 0.008844)
(0.004281 0.0006563 0.008844)
(0.004344 0.0006562 0.008844)
(0.004406 0.0006562 0.008844)
(0.004469 0.0006563 0.008844)
(0.004531 0.0006563 0.008844)
(0.004594 0.0006562 0.008844)
(0.004656 0.0006563 0.008844)
(0.004719 0.0006563 0.008844)
(0.004781 0.0006563 0.008844)
(0.004844 0.0006562 0.008844)
(0.004906 0.0006563 0.008844)
(0.004969 0.0006563 0.008844)
(0.004031 0.0007187 0.008844)
(0.004094 0.0007188 0.008844)
(0.004156 0.0007187 0.008844)
(0.004219 0.0007187 0.008844)
(0.004281 0.0007187 0.008844)
(0.004344 0.0007187 0.008844)
(0.004406 0.0007188 0.008844)
(0.004469 0.0007188 0.008844)
(0.004531 0.0007187 0.008844)
(0.004594 0.0007187 0.008844)
(0.004656 0.0007187 0.008844)
(0.004719 0.0007187 0.008844)
(0.004781 0.0007187 0.008844)
(0.004844 0.0007187 0.008844)
(0.004906 0.0007187 0.008844)
(0.004969 0.0007187 0.008844)
(0.004031 0.0007813 0.008844)
(0.004094 0.0007813 0.008844)
(0.004156 0.0007812 0.008844)
(0.004219 0.0007813 0.008844)
(0.004281 0.0007812 0.008844)
(0.004344 0.0007813 0.008844)
(0.004406 0.0007812 0.008844)
(0.004469 0.0007813 0.008844)
(0.004531 0.0007812 0.008844)
(0.004594 0.0007813 0.008844)
(0.004656 0.0007812 0.008844)
(0.004719 0.0007813 0.008844)
(0.004781 0.0007813 0.008844)
(0.004844 0.0007813 0.008844)
(0.004906 0.0007813 0.008844)
(0.004969 0.0007813 0.008844)
(0.004031 0.0008437 0.008844)
(0.004094 0.0008437 0.008844)
(0.004156 0.0008437 0.008844)
(0.004219 0.0008437 0.008844)
(0.004281 0.0008437 0.008844)
(0.004344 0.0008438 0.008844)
(0.004406 0.0008437 0.008844)
(0.004469 0.0008437 0.008844)
(0.004531 0.0008437 0.008844)
(0.004594 0.0008438 0.008844)
(0.004656 0.0008438 0.008844)
(0.004719 0.0008437 0.008844)
(0.004781 0.0008437 0.008844)
(0.004844 0.0008438 0.008844)
(0.004906 0.0008438 0.008844)
(0.004969 0.0008437 0.008844)
(0.004031 0.0009063 0.008844)
(0.004094 0.0009063 0.008844)
(0.004156 0.0009063 0.008844)
(0.004219 0.0009063 0.008844)
(0.004281 0.0009063 0.008844)
(0.004344 0.0009063 0.008844)
(0.004406 0.0009063 0.008844)
(0.004469 0.0009063 0.008844)
(0.004531 0.0009063 0.008844)
(0.004594 0.0009063 0.008844)
(0.004656 0.0009063 0.008844)
(0.004719 0.0009063 0.008844)
(0.004781 0.0009063 0.008844)
(0.004844 0.0009063 0.008844)
(0.004906 0.0009063 0.008844)
(0.004969 0.0009063 0.008844)
(0.004031 0.0009687 0.008844)
(0.004094 0.0009687 0.008844)
(0.004156 0.0009687 0.008844)
(0.004219 0.0009687 0.008844)
(0.004281 0.0009687 0.008844)
(0.004344 0.0009687 0.008844)
(0.004406 0.0009687 0.008844)
(0.004469 0.0009687 0.008844)
(0.004531 0.0009687 0.008844)
(0.004594 0.0009687 0.008844)
(0.004656 0.0009687 0.008844)
(0.004719 0.0009687 0.008844)
(0.004781 0.0009687 0.008844)
(0.004844 0.0009687 0.008844)
(0.004906 0.0009687 0.008844)
(0.004969 0.0009687 0.008844)
(0.004031 0.001031 0.008844)
(0.004094 0.001031 0.008844)
(0.004156 0.001031 0.008844)
(0.004219 0.001031 0.008844)
(0.004281 0.001031 0.008844)
(0.004344 0.001031 0.008844)
(0.004406 0.001031 0.008844)
(0.004469 0.001031 0.008844)
(0.004531 0.001031 0.008844)
(0.004594 0.001031 0.008844)
(0.004656 0.001031 0.008844)
(0.004719 0.001031 0.008844)
(0.004781 0.001031 0.008844)
(0.004844 0.001031 0.008844)
(0.004906 0.001031 0.008844)
(0.004969 0.001031 0.008844)
(0.004031 0.001094 0.008844)
(0.004094 0.001094 0.008844)
(0.004156 0.001094 0.008844)
(0.004219 0.001094 0.008844)
(0.004281 0.001094 0.008844)
(0.004344 0.001094 0.008844)
(0.004406 0.001094 0.008844)
(0.004469 0.001094 0.008844)
(0.004531 0.001094 0.008844)
(0.004594 0.001094 0.008844)
(0.004656 0.001094 0.008844)
(0.004719 0.001094 0.008844)
(0.004781 0.001094 0.008844)
(0.004844 0.001094 0.008844)
(0.004906 0.001094 0.008844)
(0.004969 0.001094 0.008844)
(0.004031 0.001156 0.008844)
(0.004094 0.001156 0.008844)
(0.004156 0.001156 0.008844)
(0.004219 0.001156 0.008844)
(0.004281 0.001156 0.008844)
(0.004344 0.001156 0.008844)
(0.004406 0.001156 0.008844)
(0.004469 0.001156 0.008844)
(0.004531 0.001156 0.008844)
(0.004594 0.001156 0.008844)
(0.004656 0.001156 0.008844)
(0.004719 0.001156 0.008844)
(0.004781 0.001156 0.008844)
(0.004844 0.001156 0.008844)
(0.004906 0.001156 0.008844)
(0.004969 0.001156 0.008844)
(0.004031 0.001219 0.008844)
(0.004094 0.001219 0.008844)
(0.004156 0.001219 0.008844)
(0.004219 0.001219 0.008844)
(0.004281 0.001219 0.008844)
(0.004344 0.001219 0.008844)
(0.004406 0.001219 0.008844)
(0.004469 0.001219 0.008844)
(0.004531 0.001219 0.008844)
(0.004594 0.001219 0.008844)
(0.004656 0.001219 0.008844)
(0.004719 0.001219 0.008844)
(0.004781 0.001219 0.008844)
(0.004844 0.001219 0.008844)
(0.004906 0.001219 0.008844)
(0.004969 0.001219 0.008844)
(0.004031 0.0005312 0.008906)
(0.004094 0.0005312 0.008906)
(0.004156 0.0005313 0.008906)
(0.004219 0.0005312 0.008906)
(0.004281 0.0005313 0.008906)
(0.004344 0.0005313 0.008906)
(0.004406 0.0005312 0.008906)
(0.004469 0.0005312 0.008906)
(0.004531 0.0005312 0.008906)
(0.004594 0.0005312 0.008906)
(0.004656 0.0005312 0.008906)
(0.004719 0.0005313 0.008906)
(0.004781 0.0005312 0.008906)
(0.004844 0.0005313 0.008906)
(0.004906 0.0005312 0.008906)
(0.004969 0.0005312 0.008906)
(0.004031 0.0005937 0.008906)
(0.004094 0.0005937 0.008906)
(0.004156 0.0005937 0.008906)
(0.004219 0.0005937 0.008906)
(0.004281 0.0005937 0.008906)
(0.004344 0.0005937 0.008906)
(0.004406 0.0005937 0.008906)
(0.004469 0.0005937 0.008906)
(0.004531 0.0005937 0.008906)
(0.004594 0.0005937 0.008906)
(0.004656 0.0005937 0.008906)
(0.004719 0.0005937 0.008906)
(0.004781 0.0005937 0.008906)
(0.004844 0.0005937 0.008906)
(0.004906 0.0005937 0.008906)
(0.004969 0.0005937 0.008906)
(0.004031 0.0006563 0.008906)
(0.004094 0.0006563 0.008906)
(0.004156 0.0006563 0.008906)
(0.004219 0.0006563 0.008906)
(0.004281 0.0006563 0.008906)
(0.004344 0.0006563 0.008906)
(0.004406 0.0006562 0.008906)
(0.004469 0.0006563 0.008906)
(0.004531 0.0006563 0.008906)
(0.004594 0.0006562 0.008906)
(0.004656 0.0006563 0.008906)
(0.004719 0.0006563 0.008906)
(0.004781 0.0006563 0.008906)
(0.004844 0.0006563 0.008906)
(0.004906 0.0006563 0.008906)
(0.004969 0.0006563 0.008906)
(0.004031 0.0007187 0.008906)
(0.004094 0.0007187 0.008906)
(0.004156 0.0007187 0.008906)
(0.004219 0.0007187 0.008906)
(0.004281 0.0007187 0.008906)
(0.004344 0.0007187 0.008906)
(0.004406 0.0007187 0.008906)
(0.004469 0.0007187 0.008906)
(0.004531 0.0007187 0.008906)
(0.004594 0.0007187 0.008906)
(0.004656 0.0007187 0.008906)
(0.004719 0.0007187 0.008906)
(0.004781 0.0007187 0.008906)
(0.004844 0.0007187 0.008906)
(0.004906 0.0007187 0.008906)
(0.004969 0.0007187 0.008906)
(0.004031 0.0007813 0.008906)
(0.004094 0.0007813 0.008906)
(0.004156 0.0007812 0.008906)
(0.004219 0.0007813 0.008906)
(0.004281 0.0007812 0.008906)
(0.004344 0.0007812 0.008906)
(0.004406 0.0007812 0.008906)
(0.004469 0.0007813 0.008906)
(0.004531 0.0007812 0.008906)
(0.004594 0.0007813 0.008906)
(0.004656 0.0007812 0.008906)
(0.004719 0.0007813 0.008906)
(0.004781 0.0007813 0.008906)
(0.004844 0.0007812 0.008906)
(0.004906 0.0007813 0.008906)
(0.004969 0.0007813 0.008906)
(0.004031 0.0008437 0.008906)
(0.004094 0.0008437 0.008906)
(0.004156 0.0008437 0.008906)
(0.004219 0.0008437 0.008906)
(0.004281 0.0008437 0.008906)
(0.004344 0.0008438 0.008906)
(0.004406 0.0008437 0.008906)
(0.004469 0.0008437 0.008906)
(0.004531 0.0008437 0.008906)
(0.004594 0.0008438 0.008906)
(0.004656 0.0008438 0.008906)
(0.004719 0.0008437 0.008906)
(0.004781 0.0008437 0.008906)
(0.004844 0.0008438 0.008906)
(0.004906 0.0008438 0.008906)
(0.004969 0.0008437 0.008906)
(0.004031 0.0009063 0.008906)
(0.004094 0.0009063 0.008906)
(0.004156 0.0009063 0.008906)
(0.004219 0.0009063 0.008906)
(0.004281 0.0009063 0.008906)
(0.004344 0.0009063 0.008906)
(0.004406 0.0009063 0.008906)
(0.004469 0.0009063 0.008906)
(0.004531 0.0009063 0.008906)
(0.004594 0.0009063 0.008906)
(0.004656 0.0009063 0.008906)
(0.004719 0.0009063 0.008906)
(0.004781 0.0009063 0.008906)
(0.004844 0.0009063 0.008906)
(0.004906 0.0009063 0.008906)
(0.004969 0.0009063 0.008906)
(0.004031 0.0009687 0.008906)
(0.004094 0.0009687 0.008906)
(0.004156 0.0009687 0.008906)
(0.004219 0.0009687 0.008906)
(0.004281 0.0009687 0.008906)
(0.004344 0.0009687 0.008906)
(0.004406 0.0009687 0.008906)
(0.004469 0.0009687 0.008906)
(0.004531 0.0009687 0.008906)
(0.004594 0.0009687 0.008906)
(0.004656 0.0009687 0.008906)
(0.004719 0.0009687 0.008906)
(0.004781 0.0009687 0.008906)
(0.004844 0.0009687 0.008906)
(0.004906 0.0009687 0.008906)
(0.004969 0.0009687 0.008906)
(0.004031 0.001031 0.008906)
(0.004094 0.001031 0.008906)
(0.004156 0.001031 0.008906)
(0.004219 0.001031 0.008906)
(0.004281 0.001031 0.008906)
(0.004344 0.001031 0.008906)
(0.004406 0.001031 0.008906)
(0.004469 0.001031 0.008906)
(0.004531 0.001031 0.008906)
(0.004594 0.001031 0.008906)
(0.004656 0.001031 0.008906)
(0.004719 0.001031 0.008906)
(0.004781 0.001031 0.008906)
(0.004844 0.001031 0.008906)
(0.004906 0.001031 0.008906)
(0.004969 0.001031 0.008906)
(0.004031 0.001094 0.008906)
(0.004094 0.001094 0.008906)
(0.004156 0.001094 0.008906)
(0.004219 0.001094 0.008906)
(0.004281 0.001094 0.008906)
(0.004344 0.001094 0.008906)
(0.004406 0.001094 0.008906)
(0.004469 0.001094 0.008906)
(0.004531 0.001094 0.008906)
(0.004594 0.001094 0.008906)
(0.004656 0.001094 0.008906)
(0.004719 0.001094 0.008906)
(0.004781 0.001094 0.008906)
(0.004844 0.001094 0.008906)
(0.004906 0.001094 0.008906)
(0.004969 0.001094 0.008906)
(0.004031 0.001156 0.008906)
(0.004094 0.001156 0.008906)
(0.004156 0.001156 0.008906)
(0.004219 0.001156 0.008906)
(0.004281 0.001156 0.008906)
(0.004344 0.001156 0.008906)
(0.004406 0.001156 0.008906)
(0.004469 0.001156 0.008906)
(0.004531 0.001156 0.008906)
(0.004594 0.001156 0.008906)
(0.004656 0.001156 0.008906)
(0.004719 0.001156 0.008906)
(0.004781 0.001156 0.008906)
(0.004844 0.001156 0.008906)
(0.004906 0.001156 0.008906)
(0.004969 0.001156 0.008906)
(0.004031 0.001219 0.008906)
(0.004094 0.001219 0.008906)
(0.004156 0.001219 0.008906)
(0.004219 0.001219 0.008906)
(0.004281 0.001219 0.008906)
(0.004344 0.001219 0.008906)
(0.004406 0.001219 0.008906)
(0.004469 0.001219 0.008906)
(0.004531 0.001219 0.008906)
(0.004594 0.001219 0.008906)
(0.004656 0.001219 0.008906)
(0.004719 0.001219 0.008906)
(0.004781 0.001219 0.008906)
(0.004844 0.001219 0.008906)
(0.004906 0.001219 0.008906)
(0.004969 0.001219 0.008906)
(0.004031 0.0005312 0.008969)
(0.004094 0.0005313 0.008969)
(0.004156 0.0005313 0.008969)
(0.004219 0.0005313 0.008969)
(0.004281 0.0005313 0.008969)
(0.004344 0.0005312 0.008969)
(0.004406 0.0005312 0.008969)
(0.004469 0.0005312 0.008969)
(0.004531 0.0005312 0.008969)
(0.004594 0.0005312 0.008969)
(0.004656 0.0005313 0.008969)
(0.004719 0.0005313 0.008969)
(0.004781 0.0005312 0.008969)
(0.004844 0.0005312 0.008969)
(0.004906 0.0005312 0.008969)
(0.004969 0.0005312 0.008969)
(0.004031 0.0005938 0.008969)
(0.004094 0.0005937 0.008969)
(0.004156 0.0005937 0.008969)
(0.004219 0.0005938 0.008969)
(0.004281 0.0005938 0.008969)
(0.004344 0.0005937 0.008969)
(0.004406 0.0005937 0.008969)
(0.004469 0.0005937 0.008969)
(0.004531 0.0005937 0.008969)
(0.004594 0.0005937 0.008969)
(0.004656 0.0005937 0.008969)
(0.004719 0.0005937 0.008969)
(0.004781 0.0005937 0.008969)
(0.004844 0.0005937 0.008969)
(0.004906 0.0005937 0.008969)
(0.004969 0.0005937 0.008969)
(0.004031 0.0006562 0.008969)
(0.004094 0.0006563 0.008969)
(0.004156 0.0006563 0.008969)
(0.004219 0.0006563 0.008969)
(0.004281 0.0006563 0.008969)
(0.004344 0.0006562 0.008969)
(0.004406 0.0006562 0.008969)
(0.004469 0.0006563 0.008969)
(0.004531 0.0006563 0.008969)
(0.004594 0.0006562 0.008969)
(0.004656 0.0006563 0.008969)
(0.004719 0.0006563 0.008969)
(0.004781 0.0006563 0.008969)
(0.004844 0.0006562 0.008969)
(0.004906 0.0006563 0.008969)
(0.004969 0.0006562 0.008969)
(0.004031 0.0007188 0.008969)
(0.004094 0.0007188 0.008969)
(0.004156 0.0007188 0.008969)
(0.004219 0.0007188 0.008969)
(0.004281 0.0007188 0.008969)
(0.004344 0.0007187 0.008969)
(0.004406 0.0007188 0.008969)
(0.004469 0.0007188 0.008969)
(0.004531 0.0007187 0.008969)
(0.004594 0.0007188 0.008969)
(0.004656 0.0007187 0.008969)
(0.004719 0.0007187 0.008969)
(0.004781 0.0007187 0.008969)
(0.004844 0.0007188 0.008969)
(0.004906 0.0007187 0.008969)
(0.004969 0.0007188 0.008969)
(0.004031 0.0007813 0.008969)
(0.004094 0.0007813 0.008969)
(0.004156 0.0007812 0.008969)
(0.004219 0.0007813 0.008969)
(0.004281 0.0007812 0.008969)
(0.004344 0.0007813 0.008969)
(0.004406 0.0007813 0.008969)
(0.004469 0.0007813 0.008969)
(0.004531 0.0007813 0.008969)
(0.004594 0.0007813 0.008969)
(0.004656 0.0007813 0.008969)
(0.004719 0.0007813 0.008969)
(0.004781 0.0007813 0.008969)
(0.004844 0.0007813 0.008969)
(0.004906 0.0007813 0.008969)
(0.004969 0.0007813 0.008969)
(0.004031 0.0008438 0.008969)
(0.004094 0.0008438 0.008969)
(0.004156 0.0008437 0.008969)
(0.004219 0.0008437 0.008969)
(0.004281 0.0008437 0.008969)
(0.004344 0.0008438 0.008969)
(0.004406 0.0008437 0.008969)
(0.004469 0.0008438 0.008969)
(0.004531 0.0008437 0.008969)
(0.004594 0.0008437 0.008969)
(0.004656 0.0008438 0.008969)
(0.004719 0.0008437 0.008969)
(0.004781 0.0008437 0.008969)
(0.004844 0.0008437 0.008969)
(0.004906 0.0008438 0.008969)
(0.004969 0.0008437 0.008969)
(0.004031 0.0009063 0.008969)
(0.004094 0.0009063 0.008969)
(0.004156 0.0009063 0.008969)
(0.004219 0.0009063 0.008969)
(0.004281 0.0009063 0.008969)
(0.004344 0.0009063 0.008969)
(0.004406 0.0009062 0.008969)
(0.004469 0.0009063 0.008969)
(0.004531 0.0009063 0.008969)
(0.004594 0.0009063 0.008969)
(0.004656 0.0009063 0.008969)
(0.004719 0.0009063 0.008969)
(0.004781 0.0009063 0.008969)
(0.004844 0.0009063 0.008969)
(0.004906 0.0009063 0.008969)
(0.004969 0.0009063 0.008969)
(0.004031 0.0009687 0.008969)
(0.004094 0.0009687 0.008969)
(0.004156 0.0009687 0.008969)
(0.004219 0.0009687 0.008969)
(0.004281 0.0009687 0.008969)
(0.004344 0.0009687 0.008969)
(0.004406 0.0009687 0.008969)
(0.004469 0.0009687 0.008969)
(0.004531 0.0009687 0.008969)
(0.004594 0.0009687 0.008969)
(0.004656 0.0009687 0.008969)
(0.004719 0.0009687 0.008969)
(0.004781 0.0009687 0.008969)
(0.004844 0.0009687 0.008969)
(0.004906 0.0009687 0.008969)
(0.004969 0.0009687 0.008969)
(0.004031 0.001031 0.008969)
(0.004094 0.001031 0.008969)
(0.004156 0.001031 0.008969)
(0.004219 0.001031 0.008969)
(0.004281 0.001031 0.008969)
(0.004344 0.001031 0.008969)
(0.004406 0.001031 0.008969)
(0.004469 0.001031 0.008969)
(0.004531 0.001031 0.008969)
(0.004594 0.001031 0.008969)
(0.004656 0.001031 0.008969)
(0.004719 0.001031 0.008969)
(0.004781 0.001031 0.008969)
(0.004844 0.001031 0.008969)
(0.004906 0.001031 0.008969)
(0.004969 0.001031 0.008969)
(0.004031 0.001094 0.008969)
(0.004094 0.001094 0.008969)
(0.004156 0.001094 0.008969)
(0.004219 0.001094 0.008969)
(0.004281 0.001094 0.008969)
(0.004344 0.001094 0.008969)
(0.004406 0.001094 0.008969)
(0.004469 0.001094 0.008969)
(0.004531 0.001094 0.008969)
(0.004594 0.001094 0.008969)
(0.004656 0.001094 0.008969)
(0.004719 0.001094 0.008969)
(0.004781 0.001094 0.008969)
(0.004844 0.001094 0.008969)
(0.004906 0.001094 0.008969)
(0.004969 0.001094 0.008969)
(0.004031 0.001156 0.008969)
(0.004094 0.001156 0.008969)
(0.004156 0.001156 0.008969)
(0.004219 0.001156 0.008969)
(0.004281 0.001156 0.008969)
(0.004344 0.001156 0.008969)
(0.004406 0.001156 0.008969)
(0.004469 0.001156 0.008969)
(0.004531 0.001156 0.008969)
(0.004594 0.001156 0.008969)
(0.004656 0.001156 0.008969)
(0.004719 0.001156 0.008969)
(0.004781 0.001156 0.008969)
(0.004844 0.001156 0.008969)
(0.004906 0.001156 0.008969)
(0.004969 0.001156 0.008969)
(0.004031 0.001219 0.008969)
(0.004094 0.001219 0.008969)
(0.004156 0.001219 0.008969)
(0.004219 0.001219 0.008969)
(0.004281 0.001219 0.008969)
(0.004344 0.001219 0.008969)
(0.004406 0.001219 0.008969)
(0.004469 0.001219 0.008969)
(0.004531 0.001219 0.008969)
(0.004594 0.001219 0.008969)
(0.004656 0.001219 0.008969)
(0.004719 0.001219 0.008969)
(0.004781 0.001219 0.008969)
(0.004844 0.001219 0.008969)
(0.004906 0.001219 0.008969)
(0.004969 0.001219 0.008969)
(0.004031 0.0005312 0.009031)
(0.004094 0.0005313 0.009031)
(0.004156 0.0005312 0.009031)
(0.004219 0.0005312 0.009031)
(0.004281 0.0005312 0.009031)
(0.004344 0.0005313 0.009031)
(0.004406 0.0005313 0.009031)
(0.004469 0.0005312 0.009031)
(0.004531 0.0005312 0.009031)
(0.004594 0.0005312 0.009031)
(0.004656 0.0005312 0.009031)
(0.004719 0.0005313 0.009031)
(0.004781 0.0005312 0.009031)
(0.004844 0.0005313 0.009031)
(0.004906 0.0005312 0.009031)
(0.004969 0.0005313 0.009031)
(0.004031 0.0005937 0.009031)
(0.004094 0.0005937 0.009031)
(0.004156 0.0005937 0.009031)
(0.004219 0.0005937 0.009031)
(0.004281 0.0005937 0.009031)
(0.004344 0.0005937 0.009031)
(0.004406 0.0005937 0.009031)
(0.004469 0.0005937 0.009031)
(0.004531 0.0005937 0.009031)
(0.004594 0.0005937 0.009031)
(0.004656 0.0005937 0.009031)
(0.004719 0.0005937 0.009031)
(0.004781 0.0005937 0.009031)
(0.004844 0.0005937 0.009031)
(0.004906 0.0005937 0.009031)
(0.004969 0.0005937 0.009031)
(0.004031 0.0006563 0.009031)
(0.004094 0.0006563 0.009031)
(0.004156 0.0006563 0.009031)
(0.004219 0.0006563 0.009031)
(0.004281 0.0006563 0.009031)
(0.004344 0.0006563 0.009031)
(0.004406 0.0006562 0.009031)
(0.004469 0.0006563 0.009031)
(0.004531 0.0006563 0.009031)
(0.004594 0.0006562 0.009031)
(0.004656 0.0006563 0.009031)
(0.004719 0.0006563 0.009031)
(0.004781 0.0006563 0.009031)
(0.004844 0.0006563 0.009031)
(0.004906 0.0006563 0.009031)
(0.004969 0.0006563 0.009031)
(0.004031 0.0007187 0.009031)
(0.004094 0.0007188 0.009031)
(0.004156 0.0007187 0.009031)
(0.004219 0.0007187 0.009031)
(0.004281 0.0007187 0.009031)
(0.004344 0.0007187 0.009031)
(0.004406 0.0007187 0.009031)
(0.004469 0.0007188 0.009031)
(0.004531 0.0007187 0.009031)
(0.004594 0.0007187 0.009031)
(0.004656 0.0007187 0.009031)
(0.004719 0.0007187 0.009031)
(0.004781 0.0007187 0.009031)
(0.004844 0.0007187 0.009031)
(0.004906 0.0007187 0.009031)
(0.004969 0.0007187 0.009031)
(0.004031 0.0007813 0.009031)
(0.004094 0.0007813 0.009031)
(0.004156 0.0007812 0.009031)
(0.004219 0.0007813 0.009031)
(0.004281 0.0007812 0.009031)
(0.004344 0.0007812 0.009031)
(0.004406 0.0007812 0.009031)
(0.004469 0.0007813 0.009031)
(0.004531 0.0007812 0.009031)
(0.004594 0.0007813 0.009031)
(0.004656 0.0007812 0.009031)
(0.004719 0.0007813 0.009031)
(0.004781 0.0007813 0.009031)
(0.004844 0.0007812 0.009031)
(0.004906 0.0007813 0.009031)
(0.004969 0.0007813 0.009031)
(0.004031 0.0008437 0.009031)
(0.004094 0.0008437 0.009031)
(0.004156 0.0008437 0.009031)
(0.004219 0.0008437 0.009031)
(0.004281 0.0008437 0.009031)
(0.004344 0.0008438 0.009031)
(0.004406 0.0008437 0.009031)
(0.004469 0.0008437 0.009031)
(0.004531 0.0008437 0.009031)
(0.004594 0.0008438 0.009031)
(0.004656 0.0008438 0.009031)
(0.004719 0.0008437 0.009031)
(0.004781 0.0008437 0.009031)
(0.004844 0.0008438 0.009031)
(0.004906 0.0008438 0.009031)
(0.004969 0.0008437 0.009031)
(0.004031 0.0009063 0.009031)
(0.004094 0.0009063 0.009031)
(0.004156 0.0009063 0.009031)
(0.004219 0.0009063 0.009031)
(0.004281 0.0009063 0.009031)
(0.004344 0.0009063 0.009031)
(0.004406 0.0009063 0.009031)
(0.004469 0.0009063 0.009031)
(0.004531 0.0009063 0.009031)
(0.004594 0.0009063 0.009031)
(0.004656 0.0009063 0.009031)
(0.004719 0.0009063 0.009031)
(0.004781 0.0009063 0.009031)
(0.004844 0.0009063 0.009031)
(0.004906 0.0009063 0.009031)
(0.004969 0.0009063 0.009031)
(0.004031 0.0009687 0.009031)
(0.004094 0.0009687 0.009031)
(0.004156 0.0009687 0.009031)
(0.004219 0.0009687 0.009031)
(0.004281 0.0009687 0.009031)
(0.004344 0.0009687 0.009031)
(0.004406 0.0009687 0.009031)
(0.004469 0.0009687 0.009031)
(0.004531 0.0009687 0.009031)
(0.004594 0.0009687 0.009031)
(0.004656 0.0009687 0.009031)
(0.004719 0.0009687 0.009031)
(0.004781 0.0009687 0.009031)
(0.004844 0.0009687 0.009031)
(0.004906 0.0009687 0.009031)
(0.004969 0.0009687 0.009031)
(0.004031 0.001031 0.009031)
(0.004094 0.001031 0.009031)
(0.004156 0.001031 0.009031)
(0.004219 0.001031 0.009031)
(0.004281 0.001031 0.009031)
(0.004344 0.001031 0.009031)
(0.004406 0.001031 0.009031)
(0.004469 0.001031 0.009031)
(0.004531 0.001031 0.009031)
(0.004594 0.001031 0.009031)
(0.004656 0.001031 0.009031)
(0.004719 0.001031 0.009031)
(0.004781 0.001031 0.009031)
(0.004844 0.001031 0.009031)
(0.004906 0.001031 0.009031)
(0.004969 0.001031 0.009031)
(0.004031 0.001094 0.009031)
(0.004094 0.001094 0.009031)
(0.004156 0.001094 0.009031)
(0.004219 0.001094 0.009031)
(0.004281 0.001094 0.009031)
(0.004344 0.001094 0.009031)
(0.004406 0.001094 0.009031)
(0.004469 0.001094 0.009031)
(0.004531 0.001094 0.009031)
(0.004594 0.001094 0.009031)
(0.004656 0.001094 0.009031)
(0.004719 0.001094 0.009031)
(0.004781 0.001094 0.009031)
(0.004844 0.001094 0.009031)
(0.004906 0.001094 0.009031)
(0.004969 0.001094 0.009031)
(0.004031 0.001156 0.009031)
(0.004094 0.001156 0.009031)
(0.004156 0.001156 0.009031)
(0.004219 0.001156 0.009031)
(0.004281 0.001156 0.009031)
(0.004344 0.001156 0.009031)
(0.004406 0.001156 0.009031)
(0.004469 0.001156 0.009031)
(0.004531 0.001156 0.009031)
(0.004594 0.001156 0.009031)
(0.004656 0.001156 0.009031)
(0.004719 0.001156 0.009031)
(0.004781 0.001156 0.009031)
(0.004844 0.001156 0.009031)
(0.004906 0.001156 0.009031)
(0.004969 0.001156 0.009031)
(0.004031 0.001219 0.009031)
(0.004094 0.001219 0.009031)
(0.004156 0.001219 0.009031)
(0.004219 0.001219 0.009031)
(0.004281 0.001219 0.009031)
(0.004344 0.001219 0.009031)
(0.004406 0.001219 0.009031)
(0.004469 0.001219 0.009031)
(0.004531 0.001219 0.009031)
(0.004594 0.001219 0.009031)
(0.004656 0.001219 0.009031)
(0.004719 0.001219 0.009031)
(0.004781 0.001219 0.009031)
(0.004844 0.001219 0.009031)
(0.004906 0.001219 0.009031)
(0.004969 0.001219 0.009031)
(0.004031 0.0005312 0.009094)
(0.004094 0.0005312 0.009094)
(0.004156 0.0005313 0.009094)
(0.004219 0.0005312 0.009094)
(0.004281 0.0005313 0.009094)
(0.004344 0.0005313 0.009094)
(0.004406 0.0005312 0.009094)
(0.004469 0.0005312 0.009094)
(0.004531 0.0005312 0.009094)
(0.004594 0.0005312 0.009094)
(0.004656 0.0005312 0.009094)
(0.004719 0.0005313 0.009094)
(0.004781 0.0005312 0.009094)
(0.004844 0.0005313 0.009094)
(0.004906 0.0005312 0.009094)
(0.004969 0.0005312 0.009094)
(0.004031 0.0005937 0.009094)
(0.004094 0.0005937 0.009094)
(0.004156 0.0005937 0.009094)
(0.004219 0.0005937 0.009094)
(0.004281 0.0005937 0.009094)
(0.004344 0.0005937 0.009094)
(0.004406 0.0005937 0.009094)
(0.004469 0.0005937 0.009094)
(0.004531 0.0005937 0.009094)
(0.004594 0.0005937 0.009094)
(0.004656 0.0005937 0.009094)
(0.004719 0.0005937 0.009094)
(0.004781 0.0005937 0.009094)
(0.004844 0.0005937 0.009094)
(0.004906 0.0005937 0.009094)
(0.004969 0.0005937 0.009094)
(0.004031 0.0006563 0.009094)
(0.004094 0.0006563 0.009094)
(0.004156 0.0006563 0.009094)
(0.004219 0.0006563 0.009094)
(0.004281 0.0006563 0.009094)
(0.004344 0.0006563 0.009094)
(0.004406 0.0006562 0.009094)
(0.004469 0.0006563 0.009094)
(0.004531 0.0006563 0.009094)
(0.004594 0.0006562 0.009094)
(0.004656 0.0006563 0.009094)
(0.004719 0.0006563 0.009094)
(0.004781 0.0006563 0.009094)
(0.004844 0.0006563 0.009094)
(0.004906 0.0006563 0.009094)
(0.004969 0.0006563 0.009094)
(0.004031 0.0007187 0.009094)
(0.004094 0.0007187 0.009094)
(0.004156 0.0007187 0.009094)
(0.004219 0.0007187 0.009094)
(0.004281 0.0007187 0.009094)
(0.004344 0.0007187 0.009094)
(0.004406 0.0007187 0.009094)
(0.004469 0.0007187 0.009094)
(0.004531 0.0007187 0.009094)
(0.004594 0.0007187 0.009094)
(0.004656 0.0007187 0.009094)
(0.004719 0.0007187 0.009094)
(0.004781 0.0007187 0.009094)
(0.004844 0.0007187 0.009094)
(0.004906 0.0007187 0.009094)
(0.004969 0.0007187 0.009094)
(0.004031 0.0007813 0.009094)
(0.004094 0.0007813 0.009094)
(0.004156 0.0007812 0.009094)
(0.004219 0.0007813 0.009094)
(0.004281 0.0007812 0.009094)
(0.004344 0.0007812 0.009094)
(0.004406 0.0007812 0.009094)
(0.004469 0.0007813 0.009094)
(0.004531 0.0007812 0.009094)
(0.004594 0.0007813 0.009094)
(0.004656 0.0007812 0.009094)
(0.004719 0.0007813 0.009094)
(0.004781 0.0007813 0.009094)
(0.004844 0.0007812 0.009094)
(0.004906 0.0007813 0.009094)
(0.004969 0.0007813 0.009094)
(0.004031 0.0008437 0.009094)
(0.004094 0.0008437 0.009094)
(0.004156 0.0008437 0.009094)
(0.004219 0.0008437 0.009094)
(0.004281 0.0008437 0.009094)
(0.004344 0.0008438 0.009094)
(0.004406 0.0008437 0.009094)
(0.004469 0.0008437 0.009094)
(0.004531 0.0008437 0.009094)
(0.004594 0.0008438 0.009094)
(0.004656 0.0008438 0.009094)
(0.004719 0.0008437 0.009094)
(0.004781 0.0008437 0.009094)
(0.004844 0.0008438 0.009094)
(0.004906 0.0008438 0.009094)
(0.004969 0.0008437 0.009094)
(0.004031 0.0009063 0.009094)
(0.004094 0.0009063 0.009094)
(0.004156 0.0009063 0.009094)
(0.004219 0.0009063 0.009094)
(0.004281 0.0009063 0.009094)
(0.004344 0.0009063 0.009094)
(0.004406 0.0009063 0.009094)
(0.004469 0.0009063 0.009094)
(0.004531 0.0009063 0.009094)
(0.004594 0.0009063 0.009094)
(0.004656 0.0009063 0.009094)
(0.004719 0.0009063 0.009094)
(0.004781 0.0009063 0.009094)
(0.004844 0.0009063 0.009094)
(0.004906 0.0009063 0.009094)
(0.004969 0.0009063 0.009094)
(0.004031 0.0009687 0.009094)
(0.004094 0.0009687 0.009094)
(0.004156 0.0009687 0.009094)
(0.004219 0.0009687 0.009094)
(0.004281 0.0009687 0.009094)
(0.004344 0.0009687 0.009094)
(0.004406 0.0009687 0.009094)
(0.004469 0.0009687 0.009094)
(0.004531 0.0009687 0.009094)
(0.004594 0.0009687 0.009094)
(0.004656 0.0009687 0.009094)
(0.004719 0.0009687 0.009094)
(0.004781 0.0009687 0.009094)
(0.004844 0.0009687 0.009094)
(0.004906 0.0009687 0.009094)
(0.004969 0.0009687 0.009094)
(0.004031 0.001031 0.009094)
(0.004094 0.001031 0.009094)
(0.004156 0.001031 0.009094)
(0.004219 0.001031 0.009094)
(0.004281 0.001031 0.009094)
(0.004344 0.001031 0.009094)
(0.004406 0.001031 0.009094)
(0.004469 0.001031 0.009094)
(0.004531 0.001031 0.009094)
(0.004594 0.001031 0.009094)
(0.004656 0.001031 0.009094)
(0.004719 0.001031 0.009094)
(0.004781 0.001031 0.009094)
(0.004844 0.001031 0.009094)
(0.004906 0.001031 0.009094)
(0.004969 0.001031 0.009094)
(0.004031 0.001094 0.009094)
(0.004094 0.001094 0.009094)
(0.004156 0.001094 0.009094)
(0.004219 0.001094 0.009094)
(0.004281 0.001094 0.009094)
(0.004344 0.001094 0.009094)
(0.004406 0.001094 0.009094)
(0.004469 0.001094 0.009094)
(0.004531 0.001094 0.009094)
(0.004594 0.001094 0.009094)
(0.004656 0.001094 0.009094)
(0.004719 0.001094 0.009094)
(0.004781 0.001094 0.009094)
(0.004844 0.001094 0.009094)
(0.004906 0.001094 0.009094)
(0.004969 0.001094 0.009094)
(0.004031 0.001156 0.009094)
(0.004094 0.001156 0.009094)
(0.004156 0.001156 0.009094)
(0.004219 0.001156 0.009094)
(0.004281 0.001156 0.009094)
(0.004344 0.001156 0.009094)
(0.004406 0.001156 0.009094)
(0.004469 0.001156 0.009094)
(0.004531 0.001156 0.009094)
(0.004594 0.001156 0.009094)
(0.004656 0.001156 0.009094)
(0.004719 0.001156 0.009094)
(0.004781 0.001156 0.009094)
(0.004844 0.001156 0.009094)
(0.004906 0.001156 0.009094)
(0.004969 0.001156 0.009094)
(0.004031 0.001219 0.009094)
(0.004094 0.001219 0.009094)
(0.004156 0.001219 0.009094)
(0.004219 0.001219 0.009094)
(0.004281 0.001219 0.009094)
(0.004344 0.001219 0.009094)
(0.004406 0.001219 0.009094)
(0.004469 0.001219 0.009094)
(0.004531 0.001219 0.009094)
(0.004594 0.001219 0.009094)
(0.004656 0.001219 0.009094)
(0.004719 0.001219 0.009094)
(0.004781 0.001219 0.009094)
(0.004844 0.001219 0.009094)
(0.004906 0.001219 0.009094)
(0.004969 0.001219 0.009094)
(0.004031 0.0005313 0.009156)
(0.004094 0.0005312 0.009156)
(0.004156 0.0005313 0.009156)
(0.004219 0.0005312 0.009156)
(0.004281 0.0005313 0.009156)
(0.004344 0.0005313 0.009156)
(0.004406 0.0005313 0.009156)
(0.004469 0.0005312 0.009156)
(0.004531 0.0005312 0.009156)
(0.004594 0.0005312 0.009156)
(0.004656 0.0005312 0.009156)
(0.004719 0.0005312 0.009156)
(0.004781 0.0005312 0.009156)
(0.004844 0.0005313 0.009156)
(0.004906 0.0005312 0.009156)
(0.004969 0.0005312 0.009156)
(0.004031 0.0005937 0.009156)
(0.004094 0.0005937 0.009156)
(0.004156 0.0005937 0.009156)
(0.004219 0.0005938 0.009156)
(0.004281 0.0005938 0.009156)
(0.004344 0.0005937 0.009156)
(0.004406 0.0005937 0.009156)
(0.004469 0.0005937 0.009156)
(0.004531 0.0005937 0.009156)
(0.004594 0.0005937 0.009156)
(0.004656 0.0005937 0.009156)
(0.004719 0.0005937 0.009156)
(0.004781 0.0005937 0.009156)
(0.004844 0.0005937 0.009156)
(0.004906 0.0005937 0.009156)
(0.004969 0.0005937 0.009156)
(0.004031 0.0006563 0.009156)
(0.004094 0.0006563 0.009156)
(0.004156 0.0006563 0.009156)
(0.004219 0.0006563 0.009156)
(0.004281 0.0006563 0.009156)
(0.004344 0.0006562 0.009156)
(0.004406 0.0006562 0.009156)
(0.004469 0.0006563 0.009156)
(0.004531 0.0006563 0.009156)
(0.004594 0.0006562 0.009156)
(0.004656 0.0006563 0.009156)
(0.004719 0.0006563 0.009156)
(0.004781 0.0006563 0.009156)
(0.004844 0.0006562 0.009156)
(0.004906 0.0006563 0.009156)
(0.004969 0.0006563 0.009156)
(0.004031 0.0007188 0.009156)
(0.004094 0.0007188 0.009156)
(0.004156 0.0007188 0.009156)
(0.004219 0.0007188 0.009156)
(0.004281 0.0007188 0.009156)
(0.004344 0.0007187 0.009156)
(0.004406 0.0007187 0.009156)
(0.004469 0.0007188 0.009156)
(0.004531 0.0007187 0.009156)
(0.004594 0.0007188 0.009156)
(0.004656 0.0007187 0.009156)
(0.004719 0.0007187 0.009156)
(0.004781 0.0007187 0.009156)
(0.004844 0.0007188 0.009156)
(0.004906 0.0007187 0.009156)
(0.004969 0.0007188 0.009156)
(0.004031 0.0007813 0.009156)
(0.004094 0.0007813 0.009156)
(0.004156 0.0007812 0.009156)
(0.004219 0.0007813 0.009156)
(0.004281 0.0007812 0.009156)
(0.004344 0.0007813 0.009156)
(0.004406 0.0007813 0.009156)
(0.004469 0.0007813 0.009156)
(0.004531 0.0007812 0.009156)
(0.004594 0.0007813 0.009156)
(0.004656 0.0007812 0.009156)
(0.004719 0.0007813 0.009156)
(0.004781 0.0007813 0.009156)
(0.004844 0.0007813 0.009156)
(0.004906 0.0007813 0.009156)
(0.004969 0.0007813 0.009156)
(0.004031 0.0008437 0.009156)
(0.004094 0.0008438 0.009156)
(0.004156 0.0008437 0.009156)
(0.004219 0.0008437 0.009156)
(0.004281 0.0008437 0.009156)
(0.004344 0.0008438 0.009156)
(0.004406 0.0008437 0.009156)
(0.004469 0.0008438 0.009156)
(0.004531 0.0008437 0.009156)
(0.004594 0.0008437 0.009156)
(0.004656 0.0008438 0.009156)
(0.004719 0.0008437 0.009156)
(0.004781 0.0008437 0.009156)
(0.004844 0.0008437 0.009156)
(0.004906 0.0008438 0.009156)
(0.004969 0.0008437 0.009156)
(0.004031 0.0009063 0.009156)
(0.004094 0.0009063 0.009156)
(0.004156 0.0009063 0.009156)
(0.004219 0.0009063 0.009156)
(0.004281 0.0009063 0.009156)
(0.004344 0.0009063 0.009156)
(0.004406 0.0009062 0.009156)
(0.004469 0.0009063 0.009156)
(0.004531 0.0009063 0.009156)
(0.004594 0.0009063 0.009156)
(0.004656 0.0009063 0.009156)
(0.004719 0.0009063 0.009156)
(0.004781 0.0009063 0.009156)
(0.004844 0.0009063 0.009156)
(0.004906 0.0009063 0.009156)
(0.004969 0.0009063 0.009156)
(0.004031 0.0009687 0.009156)
(0.004094 0.0009687 0.009156)
(0.004156 0.0009687 0.009156)
(0.004219 0.0009687 0.009156)
(0.004281 0.0009687 0.009156)
(0.004344 0.0009687 0.009156)
(0.004406 0.0009687 0.009156)
(0.004469 0.0009687 0.009156)
(0.004531 0.0009687 0.009156)
(0.004594 0.0009687 0.009156)
(0.004656 0.0009687 0.009156)
(0.004719 0.0009687 0.009156)
(0.004781 0.0009687 0.009156)
(0.004844 0.0009687 0.009156)
(0.004906 0.0009687 0.009156)
(0.004969 0.0009687 0.009156)
(0.004031 0.001031 0.009156)
(0.004094 0.001031 0.009156)
(0.004156 0.001031 0.009156)
(0.004219 0.001031 0.009156)
(0.004281 0.001031 0.009156)
(0.004344 0.001031 0.009156)
(0.004406 0.001031 0.009156)
(0.004469 0.001031 0.009156)
(0.004531 0.001031 0.009156)
(0.004594 0.001031 0.009156)
(0.004656 0.001031 0.009156)
(0.004719 0.001031 0.009156)
(0.004781 0.001031 0.009156)
(0.004844 0.001031 0.009156)
(0.004906 0.001031 0.009156)
(0.004969 0.001031 0.009156)
(0.004031 0.001094 0.009156)
(0.004094 0.001094 0.009156)
(0.004156 0.001094 0.009156)
(0.004219 0.001094 0.009156)
(0.004281 0.001094 0.009156)
(0.004344 0.001094 0.009156)
(0.004406 0.001094 0.009156)
(0.004469 0.001094 0.009156)
(0.004531 0.001094 0.009156)
(0.004594 0.001094 0.009156)
(0.004656 0.001094 0.009156)
(0.004719 0.001094 0.009156)
(0.004781 0.001094 0.009156)
(0.004844 0.001094 0.009156)
(0.004906 0.001094 0.009156)
(0.004969 0.001094 0.009156)
(0.004031 0.001156 0.009156)
(0.004094 0.001156 0.009156)
(0.004156 0.001156 0.009156)
(0.004219 0.001156 0.009156)
(0.004281 0.001156 0.009156)
(0.004344 0.001156 0.009156)
(0.004406 0.001156 0.009156)
(0.004469 0.001156 0.009156)
(0.004531 0.001156 0.009156)
(0.004594 0.001156 0.009156)
(0.004656 0.001156 0.009156)
(0.004719 0.001156 0.009156)
(0.004781 0.001156 0.009156)
(0.004844 0.001156 0.009156)
(0.004906 0.001156 0.009156)
(0.004969 0.001156 0.009156)
(0.004031 0.001219 0.009156)
(0.004094 0.001219 0.009156)
(0.004156 0.001219 0.009156)
(0.004219 0.001219 0.009156)
(0.004281 0.001219 0.009156)
(0.004344 0.001219 0.009156)
(0.004406 0.001219 0.009156)
(0.004469 0.001219 0.009156)
(0.004531 0.001219 0.009156)
(0.004594 0.001219 0.009156)
(0.004656 0.001219 0.009156)
(0.004719 0.001219 0.009156)
(0.004781 0.001219 0.009156)
(0.004844 0.001219 0.009156)
(0.004906 0.001219 0.009156)
(0.004969 0.001219 0.009156)
(0.004031 0.0005312 0.009219)
(0.004094 0.0005312 0.009219)
(0.004156 0.0005313 0.009219)
(0.004219 0.0005312 0.009219)
(0.004281 0.0005313 0.009219)
(0.004344 0.0005313 0.009219)
(0.004406 0.0005312 0.009219)
(0.004469 0.0005312 0.009219)
(0.004531 0.0005312 0.009219)
(0.004594 0.0005312 0.009219)
(0.004656 0.0005312 0.009219)
(0.004719 0.0005313 0.009219)
(0.004781 0.0005312 0.009219)
(0.004844 0.0005313 0.009219)
(0.004906 0.0005312 0.009219)
(0.004969 0.0005312 0.009219)
(0.004031 0.0005937 0.009219)
(0.004094 0.0005937 0.009219)
(0.004156 0.0005937 0.009219)
(0.004219 0.0005937 0.009219)
(0.004281 0.0005937 0.009219)
(0.004344 0.0005937 0.009219)
(0.004406 0.0005937 0.009219)
(0.004469 0.0005937 0.009219)
(0.004531 0.0005937 0.009219)
(0.004594 0.0005937 0.009219)
(0.004656 0.0005937 0.009219)
(0.004719 0.0005937 0.009219)
(0.004781 0.0005937 0.009219)
(0.004844 0.0005937 0.009219)
(0.004906 0.0005937 0.009219)
(0.004969 0.0005937 0.009219)
(0.004031 0.0006563 0.009219)
(0.004094 0.0006563 0.009219)
(0.004156 0.0006563 0.009219)
(0.004219 0.0006563 0.009219)
(0.004281 0.0006563 0.009219)
(0.004344 0.0006563 0.009219)
(0.004406 0.0006562 0.009219)
(0.004469 0.0006563 0.009219)
(0.004531 0.0006563 0.009219)
(0.004594 0.0006562 0.009219)
(0.004656 0.0006563 0.009219)
(0.004719 0.0006563 0.009219)
(0.004781 0.0006563 0.009219)
(0.004844 0.0006563 0.009219)
(0.004906 0.0006563 0.009219)
(0.004969 0.0006563 0.009219)
(0.004031 0.0007187 0.009219)
(0.004094 0.0007188 0.009219)
(0.004156 0.0007187 0.009219)
(0.004219 0.0007187 0.009219)
(0.004281 0.0007187 0.009219)
(0.004344 0.0007187 0.009219)
(0.004406 0.0007187 0.009219)
(0.004469 0.0007188 0.009219)
(0.004531 0.0007187 0.009219)
(0.004594 0.0007187 0.009219)
(0.004656 0.0007187 0.009219)
(0.004719 0.0007187 0.009219)
(0.004781 0.0007187 0.009219)
(0.004844 0.0007187 0.009219)
(0.004906 0.0007187 0.009219)
(0.004969 0.0007187 0.009219)
(0.004031 0.0007813 0.009219)
(0.004094 0.0007813 0.009219)
(0.004156 0.0007812 0.009219)
(0.004219 0.0007813 0.009219)
(0.004281 0.0007812 0.009219)
(0.004344 0.0007812 0.009219)
(0.004406 0.0007812 0.009219)
(0.004469 0.0007813 0.009219)
(0.004531 0.0007812 0.009219)
(0.004594 0.0007813 0.009219)
(0.004656 0.0007812 0.009219)
(0.004719 0.0007813 0.009219)
(0.004781 0.0007813 0.009219)
(0.004844 0.0007812 0.009219)
(0.004906 0.0007813 0.009219)
(0.004969 0.0007813 0.009219)
(0.004031 0.0008437 0.009219)
(0.004094 0.0008437 0.009219)
(0.004156 0.0008437 0.009219)
(0.004219 0.0008437 0.009219)
(0.004281 0.0008437 0.009219)
(0.004344 0.0008438 0.009219)
(0.004406 0.0008437 0.009219)
(0.004469 0.0008437 0.009219)
(0.004531 0.0008437 0.009219)
(0.004594 0.0008438 0.009219)
(0.004656 0.0008438 0.009219)
(0.004719 0.0008437 0.009219)
(0.004781 0.0008437 0.009219)
(0.004844 0.0008438 0.009219)
(0.004906 0.0008438 0.009219)
(0.004969 0.0008437 0.009219)
(0.004031 0.0009063 0.009219)
(0.004094 0.0009063 0.009219)
(0.004156 0.0009063 0.009219)
(0.004219 0.0009063 0.009219)
(0.004281 0.0009063 0.009219)
(0.004344 0.0009063 0.009219)
(0.004406 0.0009062 0.009219)
(0.004469 0.0009063 0.009219)
(0.004531 0.0009063 0.009219)
(0.004594 0.0009063 0.009219)
(0.004656 0.0009063 0.009219)
(0.004719 0.0009063 0.009219)
(0.004781 0.0009063 0.009219)
(0.004844 0.0009063 0.009219)
(0.004906 0.0009063 0.009219)
(0.004969 0.0009063 0.009219)
(0.004031 0.0009687 0.009219)
(0.004094 0.0009687 0.009219)
(0.004156 0.0009687 0.009219)
(0.004219 0.0009687 0.009219)
(0.004281 0.0009687 0.009219)
(0.004344 0.0009687 0.009219)
(0.004406 0.0009687 0.009219)
(0.004469 0.0009687 0.009219)
(0.004531 0.0009687 0.009219)
(0.004594 0.0009687 0.009219)
(0.004656 0.0009687 0.009219)
(0.004719 0.0009687 0.009219)
(0.004781 0.0009687 0.009219)
(0.004844 0.0009687 0.009219)
(0.004906 0.0009687 0.009219)
(0.004969 0.0009687 0.009219)
(0.004031 0.001031 0.009219)
(0.004094 0.001031 0.009219)
(0.004156 0.001031 0.009219)
(0.004219 0.001031 0.009219)
(0.004281 0.001031 0.009219)
(0.004344 0.001031 0.009219)
(0.004406 0.001031 0.009219)
(0.004469 0.001031 0.009219)
(0.004531 0.001031 0.009219)
(0.004594 0.001031 0.009219)
(0.004656 0.001031 0.009219)
(0.004719 0.001031 0.009219)
(0.004781 0.001031 0.009219)
(0.004844 0.001031 0.009219)
(0.004906 0.001031 0.009219)
(0.004969 0.001031 0.009219)
(0.004031 0.001094 0.009219)
(0.004094 0.001094 0.009219)
(0.004156 0.001094 0.009219)
(0.004219 0.001094 0.009219)
(0.004281 0.001094 0.009219)
(0.004344 0.001094 0.009219)
(0.004406 0.001094 0.009219)
(0.004469 0.001094 0.009219)
(0.004531 0.001094 0.009219)
(0.004594 0.001094 0.009219)
(0.004656 0.001094 0.009219)
(0.004719 0.001094 0.009219)
(0.004781 0.001094 0.009219)
(0.004844 0.001094 0.009219)
(0.004906 0.001094 0.009219)
(0.004969 0.001094 0.009219)
(0.004031 0.001156 0.009219)
(0.004094 0.001156 0.009219)
(0.004156 0.001156 0.009219)
(0.004219 0.001156 0.009219)
(0.004281 0.001156 0.009219)
(0.004344 0.001156 0.009219)
(0.004406 0.001156 0.009219)
(0.004469 0.001156 0.009219)
(0.004531 0.001156 0.009219)
(0.004594 0.001156 0.009219)
(0.004656 0.001156 0.009219)
(0.004719 0.001156 0.009219)
(0.004781 0.001156 0.009219)
(0.004844 0.001156 0.009219)
(0.004906 0.001156 0.009219)
(0.004969 0.001156 0.009219)
(0.004031 0.001219 0.009219)
(0.004094 0.001219 0.009219)
(0.004156 0.001219 0.009219)
(0.004219 0.001219 0.009219)
(0.004281 0.001219 0.009219)
(0.004344 0.001219 0.009219)
(0.004406 0.001219 0.009219)
(0.004469 0.001219 0.009219)
(0.004531 0.001219 0.009219)
(0.004594 0.001219 0.009219)
(0.004656 0.001219 0.009219)
(0.004719 0.001219 0.009219)
(0.004781 0.001219 0.009219)
(0.004844 0.001219 0.009219)
(0.004906 0.001219 0.009219)
(0.004969 0.001219 0.009219)
(0.004031 0.0005312 0.009281)
(0.004094 0.0005312 0.009281)
(0.004156 0.0005313 0.009281)
(0.004219 0.0005312 0.009281)
(0.004281 0.0005313 0.009281)
(0.004344 0.0005313 0.009281)
(0.004406 0.0005312 0.009281)
(0.004469 0.0005312 0.009281)
(0.004531 0.0005312 0.009281)
(0.004594 0.0005312 0.009281)
(0.004656 0.0005312 0.009281)
(0.004719 0.0005312 0.009281)
(0.004781 0.0005312 0.009281)
(0.004844 0.0005313 0.009281)
(0.004906 0.0005312 0.009281)
(0.004969 0.0005312 0.009281)
(0.004031 0.0005937 0.009281)
(0.004094 0.0005937 0.009281)
(0.004156 0.0005937 0.009281)
(0.004219 0.0005937 0.009281)
(0.004281 0.0005937 0.009281)
(0.004344 0.0005937 0.009281)
(0.004406 0.0005937 0.009281)
(0.004469 0.0005937 0.009281)
(0.004531 0.0005937 0.009281)
(0.004594 0.0005937 0.009281)
(0.004656 0.0005937 0.009281)
(0.004719 0.0005937 0.009281)
(0.004781 0.0005937 0.009281)
(0.004844 0.0005937 0.009281)
(0.004906 0.0005937 0.009281)
(0.004969 0.0005937 0.009281)
(0.004031 0.0006562 0.009281)
(0.004094 0.0006563 0.009281)
(0.004156 0.0006563 0.009281)
(0.004219 0.0006563 0.009281)
(0.004281 0.0006563 0.009281)
(0.004344 0.0006562 0.009281)
(0.004406 0.0006562 0.009281)
(0.004469 0.0006563 0.009281)
(0.004531 0.0006563 0.009281)
(0.004594 0.0006562 0.009281)
(0.004656 0.0006563 0.009281)
(0.004719 0.0006563 0.009281)
(0.004781 0.0006563 0.009281)
(0.004844 0.0006562 0.009281)
(0.004906 0.0006563 0.009281)
(0.004969 0.0006563 0.009281)
(0.004031 0.0007187 0.009281)
(0.004094 0.0007187 0.009281)
(0.004156 0.0007187 0.009281)
(0.004219 0.0007187 0.009281)
(0.004281 0.0007187 0.009281)
(0.004344 0.0007187 0.009281)
(0.004406 0.0007188 0.009281)
(0.004469 0.0007187 0.009281)
(0.004531 0.0007187 0.009281)
(0.004594 0.0007187 0.009281)
(0.004656 0.0007187 0.009281)
(0.004719 0.0007187 0.009281)
(0.004781 0.0007187 0.009281)
(0.004844 0.0007187 0.009281)
(0.004906 0.0007187 0.009281)
(0.004969 0.0007187 0.009281)
(0.004031 0.0007813 0.009281)
(0.004094 0.0007813 0.009281)
(0.004156 0.0007812 0.009281)
(0.004219 0.0007813 0.009281)
(0.004281 0.0007812 0.009281)
(0.004344 0.0007813 0.009281)
(0.004406 0.0007813 0.009281)
(0.004469 0.0007813 0.009281)
(0.004531 0.0007813 0.009281)
(0.004594 0.0007813 0.009281)
(0.004656 0.0007813 0.009281)
(0.004719 0.0007813 0.009281)
(0.004781 0.0007813 0.009281)
(0.004844 0.0007813 0.009281)
(0.004906 0.0007813 0.009281)
(0.004969 0.0007813 0.009281)
(0.004031 0.0008437 0.009281)
(0.004094 0.0008437 0.009281)
(0.004156 0.0008437 0.009281)
(0.004219 0.0008437 0.009281)
(0.004281 0.0008437 0.009281)
(0.004344 0.0008438 0.009281)
(0.004406 0.0008437 0.009281)
(0.004469 0.0008437 0.009281)
(0.004531 0.0008437 0.009281)
(0.004594 0.0008438 0.009281)
(0.004656 0.0008438 0.009281)
(0.004719 0.0008437 0.009281)
(0.004781 0.0008437 0.009281)
(0.004844 0.0008438 0.009281)
(0.004906 0.0008438 0.009281)
(0.004969 0.0008437 0.009281)
(0.004031 0.0009063 0.009281)
(0.004094 0.0009063 0.009281)
(0.004156 0.0009063 0.009281)
(0.004219 0.0009063 0.009281)
(0.004281 0.0009063 0.009281)
(0.004344 0.0009063 0.009281)
(0.004406 0.0009062 0.009281)
(0.004469 0.0009063 0.009281)
(0.004531 0.0009063 0.009281)
(0.004594 0.0009063 0.009281)
(0.004656 0.0009063 0.009281)
(0.004719 0.0009063 0.009281)
(0.004781 0.0009063 0.009281)
(0.004844 0.0009063 0.009281)
(0.004906 0.0009063 0.009281)
(0.004969 0.0009063 0.009281)
(0.004031 0.0009687 0.009281)
(0.004094 0.0009687 0.009281)
(0.004156 0.0009687 0.009281)
(0.004219 0.0009687 0.009281)
(0.004281 0.0009687 0.009281)
(0.004344 0.0009687 0.009281)
(0.004406 0.0009687 0.009281)
(0.004469 0.0009687 0.009281)
(0.004531 0.0009687 0.009281)
(0.004594 0.0009687 0.009281)
(0.004656 0.0009687 0.009281)
(0.004719 0.0009687 0.009281)
(0.004781 0.0009687 0.009281)
(0.004844 0.0009687 0.009281)
(0.004906 0.0009687 0.009281)
(0.004969 0.0009687 0.009281)
(0.004031 0.001031 0.009281)
(0.004094 0.001031 0.009281)
(0.004156 0.001031 0.009281)
(0.004219 0.001031 0.009281)
(0.004281 0.001031 0.009281)
(0.004344 0.001031 0.009281)
(0.004406 0.001031 0.009281)
(0.004469 0.001031 0.009281)
(0.004531 0.001031 0.009281)
(0.004594 0.001031 0.009281)
(0.004656 0.001031 0.009281)
(0.004719 0.001031 0.009281)
(0.004781 0.001031 0.009281)
(0.004844 0.001031 0.009281)
(0.004906 0.001031 0.009281)
(0.004969 0.001031 0.009281)
(0.004031 0.001094 0.009281)
(0.004094 0.001094 0.009281)
(0.004156 0.001094 0.009281)
(0.004219 0.001094 0.009281)
(0.004281 0.001094 0.009281)
(0.004344 0.001094 0.009281)
(0.004406 0.001094 0.009281)
(0.004469 0.001094 0.009281)
(0.004531 0.001094 0.009281)
(0.004594 0.001094 0.009281)
(0.004656 0.001094 0.009281)
(0.004719 0.001094 0.009281)
(0.004781 0.001094 0.009281)
(0.004844 0.001094 0.009281)
(0.004906 0.001094 0.009281)
(0.004969 0.001094 0.009281)
(0.004031 0.001156 0.009281)
(0.004094 0.001156 0.009281)
(0.004156 0.001156 0.009281)
(0.004219 0.001156 0.009281)
(0.004281 0.001156 0.009281)
(0.004344 0.001156 0.009281)
(0.004406 0.001156 0.009281)
(0.004469 0.001156 0.009281)
(0.004531 0.001156 0.009281)
(0.004594 0.001156 0.009281)
(0.004656 0.001156 0.009281)
(0.004719 0.001156 0.009281)
(0.004781 0.001156 0.009281)
(0.004844 0.001156 0.009281)
(0.004906 0.001156 0.009281)
(0.004969 0.001156 0.009281)
(0.004031 0.001219 0.009281)
(0.004094 0.001219 0.009281)
(0.004156 0.001219 0.009281)
(0.004219 0.001219 0.009281)
(0.004281 0.001219 0.009281)
(0.004344 0.001219 0.009281)
(0.004406 0.001219 0.009281)
(0.004469 0.001219 0.009281)
(0.004531 0.001219 0.009281)
(0.004594 0.001219 0.009281)
(0.004656 0.001219 0.009281)
(0.004719 0.001219 0.009281)
(0.004781 0.001219 0.009281)
(0.004844 0.001219 0.009281)
(0.004906 0.001219 0.009281)
(0.004969 0.001219 0.009281)
(0.004031 0.0005312 0.009344)
(0.004094 0.0005312 0.009344)
(0.004156 0.0005313 0.009344)
(0.004219 0.0005312 0.009344)
(0.004281 0.0005313 0.009344)
(0.004344 0.0005313 0.009344)
(0.004406 0.0005312 0.009344)
(0.004469 0.0005312 0.009344)
(0.004531 0.0005312 0.009344)
(0.004594 0.0005312 0.009344)
(0.004656 0.0005312 0.009344)
(0.004719 0.0005313 0.009344)
(0.004781 0.0005312 0.009344)
(0.004844 0.0005313 0.009344)
(0.004906 0.0005312 0.009344)
(0.004969 0.0005312 0.009344)
(0.004031 0.0005938 0.009344)
(0.004094 0.0005937 0.009344)
(0.004156 0.0005937 0.009344)
(0.004219 0.0005938 0.009344)
(0.004281 0.0005938 0.009344)
(0.004344 0.0005937 0.009344)
(0.004406 0.0005937 0.009344)
(0.004469 0.0005937 0.009344)
(0.004531 0.0005937 0.009344)
(0.004594 0.0005937 0.009344)
(0.004656 0.0005937 0.009344)
(0.004719 0.0005937 0.009344)
(0.004781 0.0005937 0.009344)
(0.004844 0.0005937 0.009344)
(0.004906 0.0005937 0.009344)
(0.004969 0.0005937 0.009344)
(0.004031 0.0006563 0.009344)
(0.004094 0.0006563 0.009344)
(0.004156 0.0006563 0.009344)
(0.004219 0.0006563 0.009344)
(0.004281 0.0006563 0.009344)
(0.004344 0.0006563 0.009344)
(0.004406 0.0006562 0.009344)
(0.004469 0.0006563 0.009344)
(0.004531 0.0006563 0.009344)
(0.004594 0.0006562 0.009344)
(0.004656 0.0006563 0.009344)
(0.004719 0.0006563 0.009344)
(0.004781 0.0006563 0.009344)
(0.004844 0.0006563 0.009344)
(0.004906 0.0006563 0.009344)
(0.004969 0.0006563 0.009344)
(0.004031 0.0007188 0.009344)
(0.004094 0.0007188 0.009344)
(0.004156 0.0007188 0.009344)
(0.004219 0.0007188 0.009344)
(0.004281 0.0007188 0.009344)
(0.004344 0.0007187 0.009344)
(0.004406 0.0007188 0.009344)
(0.004469 0.0007188 0.009344)
(0.004531 0.0007187 0.009344)
(0.004594 0.0007188 0.009344)
(0.004656 0.0007187 0.009344)
(0.004719 0.0007187 0.009344)
(0.004781 0.0007187 0.009344)
(0.004844 0.0007188 0.009344)
(0.004906 0.0007187 0.009344)
(0.004969 0.0007188 0.009344)
(0.004031 0.0007813 0.009344)
(0.004094 0.0007813 0.009344)
(0.004156 0.0007812 0.009344)
(0.004219 0.0007813 0.009344)
(0.004281 0.0007812 0.009344)
(0.004344 0.0007812 0.009344)
(0.004406 0.0007813 0.009344)
(0.004469 0.0007813 0.009344)
(0.004531 0.0007812 0.009344)
(0.004594 0.0007813 0.009344)
(0.004656 0.0007812 0.009344)
(0.004719 0.0007813 0.009344)
(0.004781 0.0007813 0.009344)
(0.004844 0.0007812 0.009344)
(0.004906 0.0007813 0.009344)
(0.004969 0.0007813 0.009344)
(0.004031 0.0008438 0.009344)
(0.004094 0.0008438 0.009344)
(0.004156 0.0008437 0.009344)
(0.004219 0.0008437 0.009344)
(0.004281 0.0008437 0.009344)
(0.004344 0.0008438 0.009344)
(0.004406 0.0008437 0.009344)
(0.004469 0.0008438 0.009344)
(0.004531 0.0008437 0.009344)
(0.004594 0.0008437 0.009344)
(0.004656 0.0008438 0.009344)
(0.004719 0.0008437 0.009344)
(0.004781 0.0008437 0.009344)
(0.004844 0.0008437 0.009344)
(0.004906 0.0008438 0.009344)
(0.004969 0.0008437 0.009344)
(0.004031 0.0009063 0.009344)
(0.004094 0.0009063 0.009344)
(0.004156 0.0009063 0.009344)
(0.004219 0.0009063 0.009344)
(0.004281 0.0009063 0.009344)
(0.004344 0.0009063 0.009344)
(0.004406 0.0009062 0.009344)
(0.004469 0.0009063 0.009344)
(0.004531 0.0009063 0.009344)
(0.004594 0.0009063 0.009344)
(0.004656 0.0009063 0.009344)
(0.004719 0.0009063 0.009344)
(0.004781 0.0009063 0.009344)
(0.004844 0.0009063 0.009344)
(0.004906 0.0009063 0.009344)
(0.004969 0.0009063 0.009344)
(0.004031 0.0009687 0.009344)
(0.004094 0.0009687 0.009344)
(0.004156 0.0009687 0.009344)
(0.004219 0.0009687 0.009344)
(0.004281 0.0009687 0.009344)
(0.004344 0.0009687 0.009344)
(0.004406 0.0009687 0.009344)
(0.004469 0.0009687 0.009344)
(0.004531 0.0009687 0.009344)
(0.004594 0.0009687 0.009344)
(0.004656 0.0009687 0.009344)
(0.004719 0.0009687 0.009344)
(0.004781 0.0009687 0.009344)
(0.004844 0.0009687 0.009344)
(0.004906 0.0009687 0.009344)
(0.004969 0.0009687 0.009344)
(0.004031 0.001031 0.009344)
(0.004094 0.001031 0.009344)
(0.004156 0.001031 0.009344)
(0.004219 0.001031 0.009344)
(0.004281 0.001031 0.009344)
(0.004344 0.001031 0.009344)
(0.004406 0.001031 0.009344)
(0.004469 0.001031 0.009344)
(0.004531 0.001031 0.009344)
(0.004594 0.001031 0.009344)
(0.004656 0.001031 0.009344)
(0.004719 0.001031 0.009344)
(0.004781 0.001031 0.009344)
(0.004844 0.001031 0.009344)
(0.004906 0.001031 0.009344)
(0.004969 0.001031 0.009344)
(0.004031 0.001094 0.009344)
(0.004094 0.001094 0.009344)
(0.004156 0.001094 0.009344)
(0.004219 0.001094 0.009344)
(0.004281 0.001094 0.009344)
(0.004344 0.001094 0.009344)
(0.004406 0.001094 0.009344)
(0.004469 0.001094 0.009344)
(0.004531 0.001094 0.009344)
(0.004594 0.001094 0.009344)
(0.004656 0.001094 0.009344)
(0.004719 0.001094 0.009344)
(0.004781 0.001094 0.009344)
(0.004844 0.001094 0.009344)
(0.004906 0.001094 0.009344)
(0.004969 0.001094 0.009344)
(0.004031 0.001156 0.009344)
(0.004094 0.001156 0.009344)
(0.004156 0.001156 0.009344)
(0.004219 0.001156 0.009344)
(0.004281 0.001156 0.009344)
(0.004344 0.001156 0.009344)
(0.004406 0.001156 0.009344)
(0.004469 0.001156 0.009344)
(0.004531 0.001156 0.009344)
(0.004594 0.001156 0.009344)
(0.004656 0.001156 0.009344)
(0.004719 0.001156 0.009344)
(0.004781 0.001156 0.009344)
(0.004844 0.001156 0.009344)
(0.004906 0.001156 0.009344)
(0.004969 0.001156 0.009344)
(0.004031 0.001219 0.009344)
(0.004094 0.001219 0.009344)
(0.004156 0.001219 0.009344)
(0.004219 0.001219 0.009344)
(0.004281 0.001219 0.009344)
(0.004344 0.001219 0.009344)
(0.004406 0.001219 0.009344)
(0.004469 0.001219 0.009344)
(0.004531 0.001219 0.009344)
(0.004594 0.001219 0.009344)
(0.004656 0.001219 0.009344)
(0.004719 0.001219 0.009344)
(0.004781 0.001219 0.009344)
(0.004844 0.001219 0.009344)
(0.004906 0.001219 0.009344)
(0.004969 0.001219 0.009344)
(0.004031 0.0005312 0.009406)
(0.004094 0.0005313 0.009406)
(0.004156 0.0005312 0.009406)
(0.004219 0.0005312 0.009406)
(0.004281 0.0005312 0.009406)
(0.004344 0.0005313 0.009406)
(0.004406 0.0005312 0.009406)
(0.004469 0.0005312 0.009406)
(0.004531 0.0005312 0.009406)
(0.004594 0.0005312 0.009406)
(0.004656 0.0005312 0.009406)
(0.004719 0.0005313 0.009406)
(0.004781 0.0005312 0.009406)
(0.004844 0.0005313 0.009406)
(0.004906 0.0005312 0.009406)
(0.004969 0.0005313 0.009406)
(0.004031 0.0005937 0.009406)
(0.004094 0.0005937 0.009406)
(0.004156 0.0005937 0.009406)
(0.004219 0.0005938 0.009406)
(0.004281 0.0005938 0.009406)
(0.004344 0.0005937 0.009406)
(0.004406 0.0005937 0.009406)
(0.004469 0.0005937 0.009406)
(0.004531 0.0005937 0.009406)
(0.004594 0.0005937 0.009406)
(0.004656 0.0005937 0.009406)
(0.004719 0.0005937 0.009406)
(0.004781 0.0005937 0.009406)
(0.004844 0.0005937 0.009406)
(0.004906 0.0005937 0.009406)
(0.004969 0.0005937 0.009406)
(0.004031 0.0006562 0.009406)
(0.004094 0.0006563 0.009406)
(0.004156 0.0006563 0.009406)
(0.004219 0.0006563 0.009406)
(0.004281 0.0006563 0.009406)
(0.004344 0.0006563 0.009406)
(0.004406 0.0006562 0.009406)
(0.004469 0.0006563 0.009406)
(0.004531 0.0006563 0.009406)
(0.004594 0.0006562 0.009406)
(0.004656 0.0006563 0.009406)
(0.004719 0.0006563 0.009406)
(0.004781 0.0006563 0.009406)
(0.004844 0.0006563 0.009406)
(0.004906 0.0006563 0.009406)
(0.004969 0.0006563 0.009406)
(0.004031 0.0007188 0.009406)
(0.004094 0.0007188 0.009406)
(0.004156 0.0007188 0.009406)
(0.004219 0.0007188 0.009406)
(0.004281 0.0007188 0.009406)
(0.004344 0.0007187 0.009406)
(0.004406 0.0007187 0.009406)
(0.004469 0.0007188 0.009406)
(0.004531 0.0007187 0.009406)
(0.004594 0.0007188 0.009406)
(0.004656 0.0007187 0.009406)
(0.004719 0.0007187 0.009406)
(0.004781 0.0007187 0.009406)
(0.004844 0.0007188 0.009406)
(0.004906 0.0007187 0.009406)
(0.004969 0.0007188 0.009406)
(0.004031 0.0007813 0.009406)
(0.004094 0.0007813 0.009406)
(0.004156 0.0007812 0.009406)
(0.004219 0.0007813 0.009406)
(0.004281 0.0007812 0.009406)
(0.004344 0.0007812 0.009406)
(0.004406 0.0007812 0.009406)
(0.004469 0.0007813 0.009406)
(0.004531 0.0007812 0.009406)
(0.004594 0.0007813 0.009406)
(0.004656 0.0007812 0.009406)
(0.004719 0.0007813 0.009406)
(0.004781 0.0007813 0.009406)
(0.004844 0.0007812 0.009406)
(0.004906 0.0007813 0.009406)
(0.004969 0.0007813 0.009406)
(0.004031 0.0008437 0.009406)
(0.004094 0.0008438 0.009406)
(0.004156 0.0008437 0.009406)
(0.004219 0.0008437 0.009406)
(0.004281 0.0008437 0.009406)
(0.004344 0.0008438 0.009406)
(0.004406 0.0008437 0.009406)
(0.004469 0.0008438 0.009406)
(0.004531 0.0008437 0.009406)
(0.004594 0.0008437 0.009406)
(0.004656 0.0008438 0.009406)
(0.004719 0.0008437 0.009406)
(0.004781 0.0008437 0.009406)
(0.004844 0.0008437 0.009406)
(0.004906 0.0008438 0.009406)
(0.004969 0.0008437 0.009406)
(0.004031 0.0009063 0.009406)
(0.004094 0.0009063 0.009406)
(0.004156 0.0009063 0.009406)
(0.004219 0.0009063 0.009406)
(0.004281 0.0009063 0.009406)
(0.004344 0.0009063 0.009406)
(0.004406 0.0009062 0.009406)
(0.004469 0.0009063 0.009406)
(0.004531 0.0009063 0.009406)
(0.004594 0.0009063 0.009406)
(0.004656 0.0009063 0.009406)
(0.004719 0.0009063 0.009406)
(0.004781 0.0009063 0.009406)
(0.004844 0.0009063 0.009406)
(0.004906 0.0009063 0.009406)
(0.004969 0.0009063 0.009406)
(0.004031 0.0009687 0.009406)
(0.004094 0.0009687 0.009406)
(0.004156 0.0009687 0.009406)
(0.004219 0.0009687 0.009406)
(0.004281 0.0009687 0.009406)
(0.004344 0.0009687 0.009406)
(0.004406 0.0009687 0.009406)
(0.004469 0.0009687 0.009406)
(0.004531 0.0009687 0.009406)
(0.004594 0.0009687 0.009406)
(0.004656 0.0009687 0.009406)
(0.004719 0.0009687 0.009406)
(0.004781 0.0009687 0.009406)
(0.004844 0.0009687 0.009406)
(0.004906 0.0009687 0.009406)
(0.004969 0.0009687 0.009406)
(0.004031 0.001031 0.009406)
(0.004094 0.001031 0.009406)
(0.004156 0.001031 0.009406)
(0.004219 0.001031 0.009406)
(0.004281 0.001031 0.009406)
(0.004344 0.001031 0.009406)
(0.004406 0.001031 0.009406)
(0.004469 0.001031 0.009406)
(0.004531 0.001031 0.009406)
(0.004594 0.001031 0.009406)
(0.004656 0.001031 0.009406)
(0.004719 0.001031 0.009406)
(0.004781 0.001031 0.009406)
(0.004844 0.001031 0.009406)
(0.004906 0.001031 0.009406)
(0.004969 0.001031 0.009406)
(0.004031 0.001094 0.009406)
(0.004094 0.001094 0.009406)
(0.004156 0.001094 0.009406)
(0.004219 0.001094 0.009406)
(0.004281 0.001094 0.009406)
(0.004344 0.001094 0.009406)
(0.004406 0.001094 0.009406)
(0.004469 0.001094 0.009406)
(0.004531 0.001094 0.009406)
(0.004594 0.001094 0.009406)
(0.004656 0.001094 0.009406)
(0.004719 0.001094 0.009406)
(0.004781 0.001094 0.009406)
(0.004844 0.001094 0.009406)
(0.004906 0.001094 0.009406)
(0.004969 0.001094 0.009406)
(0.004031 0.001156 0.009406)
(0.004094 0.001156 0.009406)
(0.004156 0.001156 0.009406)
(0.004219 0.001156 0.009406)
(0.004281 0.001156 0.009406)
(0.004344 0.001156 0.009406)
(0.004406 0.001156 0.009406)
(0.004469 0.001156 0.009406)
(0.004531 0.001156 0.009406)
(0.004594 0.001156 0.009406)
(0.004656 0.001156 0.009406)
(0.004719 0.001156 0.009406)
(0.004781 0.001156 0.009406)
(0.004844 0.001156 0.009406)
(0.004906 0.001156 0.009406)
(0.004969 0.001156 0.009406)
(0.004031 0.001219 0.009406)
(0.004094 0.001219 0.009406)
(0.004156 0.001219 0.009406)
(0.004219 0.001219 0.009406)
(0.004281 0.001219 0.009406)
(0.004344 0.001219 0.009406)
(0.004406 0.001219 0.009406)
(0.004469 0.001219 0.009406)
(0.004531 0.001219 0.009406)
(0.004594 0.001219 0.009406)
(0.004656 0.001219 0.009406)
(0.004719 0.001219 0.009406)
(0.004781 0.001219 0.009406)
(0.004844 0.001219 0.009406)
(0.004906 0.001219 0.009406)
(0.004969 0.001219 0.009406)
(0.004031 0.0005313 0.009469)
(0.004094 0.0005313 0.009469)
(0.004156 0.0005313 0.009469)
(0.004219 0.0005313 0.009469)
(0.004281 0.0005313 0.009469)
(0.004344 0.0005312 0.009469)
(0.004406 0.0005312 0.009469)
(0.004469 0.0005312 0.009469)
(0.004531 0.0005312 0.009469)
(0.004594 0.0005312 0.009469)
(0.004656 0.0005313 0.009469)
(0.004719 0.0005313 0.009469)
(0.004781 0.0005312 0.009469)
(0.004844 0.0005312 0.009469)
(0.004906 0.0005312 0.009469)
(0.004969 0.0005312 0.009469)
(0.004031 0.0005938 0.009469)
(0.004094 0.0005937 0.009469)
(0.004156 0.0005937 0.009469)
(0.004219 0.0005938 0.009469)
(0.004281 0.0005938 0.009469)
(0.004344 0.0005937 0.009469)
(0.004406 0.0005937 0.009469)
(0.004469 0.0005937 0.009469)
(0.004531 0.0005937 0.009469)
(0.004594 0.0005937 0.009469)
(0.004656 0.0005937 0.009469)
(0.004719 0.0005937 0.009469)
(0.004781 0.0005937 0.009469)
(0.004844 0.0005937 0.009469)
(0.004906 0.0005937 0.009469)
(0.004969 0.0005937 0.009469)
(0.004031 0.0006563 0.009469)
(0.004094 0.0006563 0.009469)
(0.004156 0.0006563 0.009469)
(0.004219 0.0006563 0.009469)
(0.004281 0.0006563 0.009469)
(0.004344 0.0006562 0.009469)
(0.004406 0.0006562 0.009469)
(0.004469 0.0006563 0.009469)
(0.004531 0.0006563 0.009469)
(0.004594 0.0006562 0.009469)
(0.004656 0.0006563 0.009469)
(0.004719 0.0006563 0.009469)
(0.004781 0.0006563 0.009469)
(0.004844 0.0006562 0.009469)
(0.004906 0.0006563 0.009469)
(0.004969 0.0006563 0.009469)
(0.004031 0.0007188 0.009469)
(0.004094 0.0007188 0.009469)
(0.004156 0.0007188 0.009469)
(0.004219 0.0007188 0.009469)
(0.004281 0.0007188 0.009469)
(0.004344 0.0007187 0.009469)
(0.004406 0.0007187 0.009469)
(0.004469 0.0007188 0.009469)
(0.004531 0.0007187 0.009469)
(0.004594 0.0007188 0.009469)
(0.004656 0.0007187 0.009469)
(0.004719 0.0007187 0.009469)
(0.004781 0.0007187 0.009469)
(0.004844 0.0007188 0.009469)
(0.004906 0.0007187 0.009469)
(0.004969 0.0007188 0.009469)
(0.004031 0.0007813 0.009469)
(0.004094 0.0007813 0.009469)
(0.004156 0.0007812 0.009469)
(0.004219 0.0007813 0.009469)
(0.004281 0.0007812 0.009469)
(0.004344 0.0007813 0.009469)
(0.004406 0.0007813 0.009469)
(0.004469 0.0007813 0.009469)
(0.004531 0.0007812 0.009469)
(0.004594 0.0007813 0.009469)
(0.004656 0.0007812 0.009469)
(0.004719 0.0007813 0.009469)
(0.004781 0.0007813 0.009469)
(0.004844 0.0007813 0.009469)
(0.004906 0.0007813 0.009469)
(0.004969 0.0007813 0.009469)
(0.004031 0.0008438 0.009469)
(0.004094 0.0008438 0.009469)
(0.004156 0.0008437 0.009469)
(0.004219 0.0008437 0.009469)
(0.004281 0.0008437 0.009469)
(0.004344 0.0008438 0.009469)
(0.004406 0.0008437 0.009469)
(0.004469 0.0008438 0.009469)
(0.004531 0.0008437 0.009469)
(0.004594 0.0008437 0.009469)
(0.004656 0.0008438 0.009469)
(0.004719 0.0008437 0.009469)
(0.004781 0.0008437 0.009469)
(0.004844 0.0008437 0.009469)
(0.004906 0.0008438 0.009469)
(0.004969 0.0008437 0.009469)
(0.004031 0.0009063 0.009469)
(0.004094 0.0009063 0.009469)
(0.004156 0.0009063 0.009469)
(0.004219 0.0009063 0.009469)
(0.004281 0.0009063 0.009469)
(0.004344 0.0009063 0.009469)
(0.004406 0.0009062 0.009469)
(0.004469 0.0009063 0.009469)
(0.004531 0.0009063 0.009469)
(0.004594 0.0009063 0.009469)
(0.004656 0.0009063 0.009469)
(0.004719 0.0009063 0.009469)
(0.004781 0.0009063 0.009469)
(0.004844 0.0009063 0.009469)
(0.004906 0.0009063 0.009469)
(0.004969 0.0009063 0.009469)
(0.004031 0.0009687 0.009469)
(0.004094 0.0009687 0.009469)
(0.004156 0.0009687 0.009469)
(0.004219 0.0009687 0.009469)
(0.004281 0.0009687 0.009469)
(0.004344 0.0009687 0.009469)
(0.004406 0.0009687 0.009469)
(0.004469 0.0009687 0.009469)
(0.004531 0.0009687 0.009469)
(0.004594 0.0009687 0.009469)
(0.004656 0.0009687 0.009469)
(0.004719 0.0009687 0.009469)
(0.004781 0.0009687 0.009469)
(0.004844 0.0009687 0.009469)
(0.004906 0.0009687 0.009469)
(0.004969 0.0009687 0.009469)
(0.004031 0.001031 0.009469)
(0.004094 0.001031 0.009469)
(0.004156 0.001031 0.009469)
(0.004219 0.001031 0.009469)
(0.004281 0.001031 0.009469)
(0.004344 0.001031 0.009469)
(0.004406 0.001031 0.009469)
(0.004469 0.001031 0.009469)
(0.004531 0.001031 0.009469)
(0.004594 0.001031 0.009469)
(0.004656 0.001031 0.009469)
(0.004719 0.001031 0.009469)
(0.004781 0.001031 0.009469)
(0.004844 0.001031 0.009469)
(0.004906 0.001031 0.009469)
(0.004969 0.001031 0.009469)
(0.004031 0.001094 0.009469)
(0.004094 0.001094 0.009469)
(0.004156 0.001094 0.009469)
(0.004219 0.001094 0.009469)
(0.004281 0.001094 0.009469)
(0.004344 0.001094 0.009469)
(0.004406 0.001094 0.009469)
(0.004469 0.001094 0.009469)
(0.004531 0.001094 0.009469)
(0.004594 0.001094 0.009469)
(0.004656 0.001094 0.009469)
(0.004719 0.001094 0.009469)
(0.004781 0.001094 0.009469)
(0.004844 0.001094 0.009469)
(0.004906 0.001094 0.009469)
(0.004969 0.001094 0.009469)
(0.004031 0.001156 0.009469)
(0.004094 0.001156 0.009469)
(0.004156 0.001156 0.009469)
(0.004219 0.001156 0.009469)
(0.004281 0.001156 0.009469)
(0.004344 0.001156 0.009469)
(0.004406 0.001156 0.009469)
(0.004469 0.001156 0.009469)
(0.004531 0.001156 0.009469)
(0.004594 0.001156 0.009469)
(0.004656 0.001156 0.009469)
(0.004719 0.001156 0.009469)
(0.004781 0.001156 0.009469)
(0.004844 0.001156 0.009469)
(0.004906 0.001156 0.009469)
(0.004969 0.001156 0.009469)
(0.004031 0.001219 0.009469)
(0.004094 0.001219 0.009469)
(0.004156 0.001219 0.009469)
(0.004219 0.001219 0.009469)
(0.004281 0.001219 0.009469)
(0.004344 0.001219 0.009469)
(0.004406 0.001219 0.009469)
(0.004469 0.001219 0.009469)
(0.004531 0.001219 0.009469)
(0.004594 0.001219 0.009469)
(0.004656 0.001219 0.009469)
(0.004719 0.001219 0.009469)
(0.004781 0.001219 0.009469)
(0.004844 0.001219 0.009469)
(0.004906 0.001219 0.009469)
(0.004969 0.001219 0.009469)
(0.004031 0.0005312 0.009531)
(0.004094 0.0005312 0.009531)
(0.004156 0.0005313 0.009531)
(0.004219 0.0005312 0.009531)
(0.004281 0.0005313 0.009531)
(0.004344 0.0005313 0.009531)
(0.004406 0.0005312 0.009531)
(0.004469 0.0005312 0.009531)
(0.004531 0.0005312 0.009531)
(0.004594 0.0005312 0.009531)
(0.004656 0.0005312 0.009531)
(0.004719 0.0005313 0.009531)
(0.004781 0.0005312 0.009531)
(0.004844 0.0005313 0.009531)
(0.004906 0.0005312 0.009531)
(0.004969 0.0005312 0.009531)
(0.004031 0.0005937 0.009531)
(0.004094 0.0005937 0.009531)
(0.004156 0.0005937 0.009531)
(0.004219 0.0005937 0.009531)
(0.004281 0.0005937 0.009531)
(0.004344 0.0005937 0.009531)
(0.004406 0.0005937 0.009531)
(0.004469 0.0005937 0.009531)
(0.004531 0.0005937 0.009531)
(0.004594 0.0005937 0.009531)
(0.004656 0.0005937 0.009531)
(0.004719 0.0005937 0.009531)
(0.004781 0.0005937 0.009531)
(0.004844 0.0005937 0.009531)
(0.004906 0.0005937 0.009531)
(0.004969 0.0005937 0.009531)
(0.004031 0.0006563 0.009531)
(0.004094 0.0006563 0.009531)
(0.004156 0.0006563 0.009531)
(0.004219 0.0006563 0.009531)
(0.004281 0.0006563 0.009531)
(0.004344 0.0006563 0.009531)
(0.004406 0.0006562 0.009531)
(0.004469 0.0006563 0.009531)
(0.004531 0.0006563 0.009531)
(0.004594 0.0006562 0.009531)
(0.004656 0.0006563 0.009531)
(0.004719 0.0006563 0.009531)
(0.004781 0.0006563 0.009531)
(0.004844 0.0006563 0.009531)
(0.004906 0.0006563 0.009531)
(0.004969 0.0006563 0.009531)
(0.004031 0.0007187 0.009531)
(0.004094 0.0007188 0.009531)
(0.004156 0.0007187 0.009531)
(0.004219 0.0007187 0.009531)
(0.004281 0.0007187 0.009531)
(0.004344 0.0007187 0.009531)
(0.004406 0.0007187 0.009531)
(0.004469 0.0007188 0.009531)
(0.004531 0.0007187 0.009531)
(0.004594 0.0007187 0.009531)
(0.004656 0.0007187 0.009531)
(0.004719 0.0007187 0.009531)
(0.004781 0.0007187 0.009531)
(0.004844 0.0007187 0.009531)
(0.004906 0.0007187 0.009531)
(0.004969 0.0007187 0.009531)
(0.004031 0.0007813 0.009531)
(0.004094 0.0007813 0.009531)
(0.004156 0.0007812 0.009531)
(0.004219 0.0007813 0.009531)
(0.004281 0.0007812 0.009531)
(0.004344 0.0007812 0.009531)
(0.004406 0.0007812 0.009531)
(0.004469 0.0007813 0.009531)
(0.004531 0.0007812 0.009531)
(0.004594 0.0007813 0.009531)
(0.004656 0.0007812 0.009531)
(0.004719 0.0007813 0.009531)
(0.004781 0.0007813 0.009531)
(0.004844 0.0007812 0.009531)
(0.004906 0.0007813 0.009531)
(0.004969 0.0007813 0.009531)
(0.004031 0.0008437 0.009531)
(0.004094 0.0008437 0.009531)
(0.004156 0.0008437 0.009531)
(0.004219 0.0008437 0.009531)
(0.004281 0.0008437 0.009531)
(0.004344 0.0008438 0.009531)
(0.004406 0.0008437 0.009531)
(0.004469 0.0008437 0.009531)
(0.004531 0.0008437 0.009531)
(0.004594 0.0008438 0.009531)
(0.004656 0.0008438 0.009531)
(0.004719 0.0008437 0.009531)
(0.004781 0.0008437 0.009531)
(0.004844 0.0008438 0.009531)
(0.004906 0.0008438 0.009531)
(0.004969 0.0008437 0.009531)
(0.004031 0.0009063 0.009531)
(0.004094 0.0009063 0.009531)
(0.004156 0.0009063 0.009531)
(0.004219 0.0009063 0.009531)
(0.004281 0.0009063 0.009531)
(0.004344 0.0009063 0.009531)
(0.004406 0.0009063 0.009531)
(0.004469 0.0009063 0.009531)
(0.004531 0.0009063 0.009531)
(0.004594 0.0009063 0.009531)
(0.004656 0.0009063 0.009531)
(0.004719 0.0009063 0.009531)
(0.004781 0.0009063 0.009531)
(0.004844 0.0009063 0.009531)
(0.004906 0.0009063 0.009531)
(0.004969 0.0009063 0.009531)
(0.004031 0.0009687 0.009531)
(0.004094 0.0009687 0.009531)
(0.004156 0.0009687 0.009531)
(0.004219 0.0009687 0.009531)
(0.004281 0.0009687 0.009531)
(0.004344 0.0009687 0.009531)
(0.004406 0.0009687 0.009531)
(0.004469 0.0009687 0.009531)
(0.004531 0.0009687 0.009531)
(0.004594 0.0009687 0.009531)
(0.004656 0.0009687 0.009531)
(0.004719 0.0009687 0.009531)
(0.004781 0.0009687 0.009531)
(0.004844 0.0009687 0.009531)
(0.004906 0.0009687 0.009531)
(0.004969 0.0009687 0.009531)
(0.004031 0.001031 0.009531)
(0.004094 0.001031 0.009531)
(0.004156 0.001031 0.009531)
(0.004219 0.001031 0.009531)
(0.004281 0.001031 0.009531)
(0.004344 0.001031 0.009531)
(0.004406 0.001031 0.009531)
(0.004469 0.001031 0.009531)
(0.004531 0.001031 0.009531)
(0.004594 0.001031 0.009531)
(0.004656 0.001031 0.009531)
(0.004719 0.001031 0.009531)
(0.004781 0.001031 0.009531)
(0.004844 0.001031 0.009531)
(0.004906 0.001031 0.009531)
(0.004969 0.001031 0.009531)
(0.004031 0.001094 0.009531)
(0.004094 0.001094 0.009531)
(0.004156 0.001094 0.009531)
(0.004219 0.001094 0.009531)
(0.004281 0.001094 0.009531)
(0.004344 0.001094 0.009531)
(0.004406 0.001094 0.009531)
(0.004469 0.001094 0.009531)
(0.004531 0.001094 0.009531)
(0.004594 0.001094 0.009531)
(0.004656 0.001094 0.009531)
(0.004719 0.001094 0.009531)
(0.004781 0.001094 0.009531)
(0.004844 0.001094 0.009531)
(0.004906 0.001094 0.009531)
(0.004969 0.001094 0.009531)
(0.004031 0.001156 0.009531)
(0.004094 0.001156 0.009531)
(0.004156 0.001156 0.009531)
(0.004219 0.001156 0.009531)
(0.004281 0.001156 0.009531)
(0.004344 0.001156 0.009531)
(0.004406 0.001156 0.009531)
(0.004469 0.001156 0.009531)
(0.004531 0.001156 0.009531)
(0.004594 0.001156 0.009531)
(0.004656 0.001156 0.009531)
(0.004719 0.001156 0.009531)
(0.004781 0.001156 0.009531)
(0.004844 0.001156 0.009531)
(0.004906 0.001156 0.009531)
(0.004969 0.001156 0.009531)
(0.004031 0.001219 0.009531)
(0.004094 0.001219 0.009531)
(0.004156 0.001219 0.009531)
(0.004219 0.001219 0.009531)
(0.004281 0.001219 0.009531)
(0.004344 0.001219 0.009531)
(0.004406 0.001219 0.009531)
(0.004469 0.001219 0.009531)
(0.004531 0.001219 0.009531)
(0.004594 0.001219 0.009531)
(0.004656 0.001219 0.009531)
(0.004719 0.001219 0.009531)
(0.004781 0.001219 0.009531)
(0.004844 0.001219 0.009531)
(0.004906 0.001219 0.009531)
(0.004969 0.001219 0.009531)
(0.004031 0.0005312 0.009594)
(0.004094 0.0005313 0.009594)
(0.004156 0.0005313 0.009594)
(0.004219 0.0005313 0.009594)
(0.004281 0.0005313 0.009594)
(0.004344 0.0005312 0.009594)
(0.004406 0.0005312 0.009594)
(0.004469 0.0005312 0.009594)
(0.004531 0.0005312 0.009594)
(0.004594 0.0005312 0.009594)
(0.004656 0.0005313 0.009594)
(0.004719 0.0005313 0.009594)
(0.004781 0.0005312 0.009594)
(0.004844 0.0005312 0.009594)
(0.004906 0.0005312 0.009594)
(0.004969 0.0005312 0.009594)
(0.004031 0.0005937 0.009594)
(0.004094 0.0005937 0.009594)
(0.004156 0.0005937 0.009594)
(0.004219 0.0005937 0.009594)
(0.004281 0.0005937 0.009594)
(0.004344 0.0005937 0.009594)
(0.004406 0.0005937 0.009594)
(0.004469 0.0005937 0.009594)
(0.004531 0.0005937 0.009594)
(0.004594 0.0005937 0.009594)
(0.004656 0.0005937 0.009594)
(0.004719 0.0005937 0.009594)
(0.004781 0.0005937 0.009594)
(0.004844 0.0005937 0.009594)
(0.004906 0.0005937 0.009594)
(0.004969 0.0005937 0.009594)
(0.004031 0.0006562 0.009594)
(0.004094 0.0006563 0.009594)
(0.004156 0.0006563 0.009594)
(0.004219 0.0006563 0.009594)
(0.004281 0.0006563 0.009594)
(0.004344 0.0006562 0.009594)
(0.004406 0.0006562 0.009594)
(0.004469 0.0006563 0.009594)
(0.004531 0.0006563 0.009594)
(0.004594 0.0006562 0.009594)
(0.004656 0.0006563 0.009594)
(0.004719 0.0006563 0.009594)
(0.004781 0.0006563 0.009594)
(0.004844 0.0006562 0.009594)
(0.004906 0.0006563 0.009594)
(0.004969 0.0006562 0.009594)
(0.004031 0.0007187 0.009594)
(0.004094 0.0007187 0.009594)
(0.004156 0.0007187 0.009594)
(0.004219 0.0007187 0.009594)
(0.004281 0.0007187 0.009594)
(0.004344 0.0007187 0.009594)
(0.004406 0.0007187 0.009594)
(0.004469 0.0007187 0.009594)
(0.004531 0.0007187 0.009594)
(0.004594 0.0007187 0.009594)
(0.004656 0.0007187 0.009594)
(0.004719 0.0007187 0.009594)
(0.004781 0.0007187 0.009594)
(0.004844 0.0007187 0.009594)
(0.004906 0.0007187 0.009594)
(0.004969 0.0007187 0.009594)
(0.004031 0.0007813 0.009594)
(0.004094 0.0007813 0.009594)
(0.004156 0.0007812 0.009594)
(0.004219 0.0007813 0.009594)
(0.004281 0.0007812 0.009594)
(0.004344 0.0007813 0.009594)
(0.004406 0.0007812 0.009594)
(0.004469 0.0007813 0.009594)
(0.004531 0.0007813 0.009594)
(0.004594 0.0007813 0.009594)
(0.004656 0.0007813 0.009594)
(0.004719 0.0007813 0.009594)
(0.004781 0.0007813 0.009594)
(0.004844 0.0007813 0.009594)
(0.004906 0.0007813 0.009594)
(0.004969 0.0007813 0.009594)
(0.004031 0.0008437 0.009594)
(0.004094 0.0008437 0.009594)
(0.004156 0.0008437 0.009594)
(0.004219 0.0008437 0.009594)
(0.004281 0.0008437 0.009594)
(0.004344 0.0008438 0.009594)
(0.004406 0.0008437 0.009594)
(0.004469 0.0008437 0.009594)
(0.004531 0.0008437 0.009594)
(0.004594 0.0008438 0.009594)
(0.004656 0.0008438 0.009594)
(0.004719 0.0008437 0.009594)
(0.004781 0.0008437 0.009594)
(0.004844 0.0008438 0.009594)
(0.004906 0.0008438 0.009594)
(0.004969 0.0008437 0.009594)
(0.004031 0.0009063 0.009594)
(0.004094 0.0009063 0.009594)
(0.004156 0.0009063 0.009594)
(0.004219 0.0009063 0.009594)
(0.004281 0.0009063 0.009594)
(0.004344 0.0009063 0.009594)
(0.004406 0.0009063 0.009594)
(0.004469 0.0009063 0.009594)
(0.004531 0.0009063 0.009594)
(0.004594 0.0009063 0.009594)
(0.004656 0.0009063 0.009594)
(0.004719 0.0009063 0.009594)
(0.004781 0.0009063 0.009594)
(0.004844 0.0009063 0.009594)
(0.004906 0.0009063 0.009594)
(0.004969 0.0009063 0.009594)
(0.004031 0.0009687 0.009594)
(0.004094 0.0009687 0.009594)
(0.004156 0.0009687 0.009594)
(0.004219 0.0009687 0.009594)
(0.004281 0.0009687 0.009594)
(0.004344 0.0009687 0.009594)
(0.004406 0.0009687 0.009594)
(0.004469 0.0009687 0.009594)
(0.004531 0.0009687 0.009594)
(0.004594 0.0009687 0.009594)
(0.004656 0.0009687 0.009594)
(0.004719 0.0009687 0.009594)
(0.004781 0.0009687 0.009594)
(0.004844 0.0009687 0.009594)
(0.004906 0.0009687 0.009594)
(0.004969 0.0009687 0.009594)
(0.004031 0.001031 0.009594)
(0.004094 0.001031 0.009594)
(0.004156 0.001031 0.009594)
(0.004219 0.001031 0.009594)
(0.004281 0.001031 0.009594)
(0.004344 0.001031 0.009594)
(0.004406 0.001031 0.009594)
(0.004469 0.001031 0.009594)
(0.004531 0.001031 0.009594)
(0.004594 0.001031 0.009594)
(0.004656 0.001031 0.009594)
(0.004719 0.001031 0.009594)
(0.004781 0.001031 0.009594)
(0.004844 0.001031 0.009594)
(0.004906 0.001031 0.009594)
(0.004969 0.001031 0.009594)
(0.004031 0.001094 0.009594)
(0.004094 0.001094 0.009594)
(0.004156 0.001094 0.009594)
(0.004219 0.001094 0.009594)
(0.004281 0.001094 0.009594)
(0.004344 0.001094 0.009594)
(0.004406 0.001094 0.009594)
(0.004469 0.001094 0.009594)
(0.004531 0.001094 0.009594)
(0.004594 0.001094 0.009594)
(0.004656 0.001094 0.009594)
(0.004719 0.001094 0.009594)
(0.004781 0.001094 0.009594)
(0.004844 0.001094 0.009594)
(0.004906 0.001094 0.009594)
(0.004969 0.001094 0.009594)
(0.004031 0.001156 0.009594)
(0.004094 0.001156 0.009594)
(0.004156 0.001156 0.009594)
(0.004219 0.001156 0.009594)
(0.004281 0.001156 0.009594)
(0.004344 0.001156 0.009594)
(0.004406 0.001156 0.009594)
(0.004469 0.001156 0.009594)
(0.004531 0.001156 0.009594)
(0.004594 0.001156 0.009594)
(0.004656 0.001156 0.009594)
(0.004719 0.001156 0.009594)
(0.004781 0.001156 0.009594)
(0.004844 0.001156 0.009594)
(0.004906 0.001156 0.009594)
(0.004969 0.001156 0.009594)
(0.004031 0.001219 0.009594)
(0.004094 0.001219 0.009594)
(0.004156 0.001219 0.009594)
(0.004219 0.001219 0.009594)
(0.004281 0.001219 0.009594)
(0.004344 0.001219 0.009594)
(0.004406 0.001219 0.009594)
(0.004469 0.001219 0.009594)
(0.004531 0.001219 0.009594)
(0.004594 0.001219 0.009594)
(0.004656 0.001219 0.009594)
(0.004719 0.001219 0.009594)
(0.004781 0.001219 0.009594)
(0.004844 0.001219 0.009594)
(0.004906 0.001219 0.009594)
(0.004969 0.001219 0.009594)
(0.004031 0.0005313 0.009656)
(0.004094 0.0005312 0.009656)
(0.004156 0.0005313 0.009656)
(0.004219 0.0005312 0.009656)
(0.004281 0.0005313 0.009656)
(0.004344 0.0005313 0.009656)
(0.004406 0.0005313 0.009656)
(0.004469 0.0005312 0.009656)
(0.004531 0.0005312 0.009656)
(0.004594 0.0005312 0.009656)
(0.004656 0.0005312 0.009656)
(0.004719 0.0005312 0.009656)
(0.004781 0.0005312 0.009656)
(0.004844 0.0005313 0.009656)
(0.004906 0.0005312 0.009656)
(0.004969 0.0005312 0.009656)
(0.004031 0.0005937 0.009656)
(0.004094 0.0005937 0.009656)
(0.004156 0.0005937 0.009656)
(0.004219 0.0005938 0.009656)
(0.004281 0.0005938 0.009656)
(0.004344 0.0005937 0.009656)
(0.004406 0.0005937 0.009656)
(0.004469 0.0005937 0.009656)
(0.004531 0.0005937 0.009656)
(0.004594 0.0005937 0.009656)
(0.004656 0.0005937 0.009656)
(0.004719 0.0005937 0.009656)
(0.004781 0.0005937 0.009656)
(0.004844 0.0005937 0.009656)
(0.004906 0.0005937 0.009656)
(0.004969 0.0005937 0.009656)
(0.004031 0.0006563 0.009656)
(0.004094 0.0006563 0.009656)
(0.004156 0.0006563 0.009656)
(0.004219 0.0006563 0.009656)
(0.004281 0.0006563 0.009656)
(0.004344 0.0006562 0.009656)
(0.004406 0.0006562 0.009656)
(0.004469 0.0006563 0.009656)
(0.004531 0.0006563 0.009656)
(0.004594 0.0006562 0.009656)
(0.004656 0.0006563 0.009656)
(0.004719 0.0006563 0.009656)
(0.004781 0.0006563 0.009656)
(0.004844 0.0006562 0.009656)
(0.004906 0.0006563 0.009656)
(0.004969 0.0006563 0.009656)
(0.004031 0.0007188 0.009656)
(0.004094 0.0007188 0.009656)
(0.004156 0.0007188 0.009656)
(0.004219 0.0007188 0.009656)
(0.004281 0.0007188 0.009656)
(0.004344 0.0007187 0.009656)
(0.004406 0.0007188 0.009656)
(0.004469 0.0007188 0.009656)
(0.004531 0.0007187 0.009656)
(0.004594 0.0007188 0.009656)
(0.004656 0.0007187 0.009656)
(0.004719 0.0007187 0.009656)
(0.004781 0.0007187 0.009656)
(0.004844 0.0007188 0.009656)
(0.004906 0.0007187 0.009656)
(0.004969 0.0007188 0.009656)
(0.004031 0.0007813 0.009656)
(0.004094 0.0007813 0.009656)
(0.004156 0.0007812 0.009656)
(0.004219 0.0007813 0.009656)
(0.004281 0.0007812 0.009656)
(0.004344 0.0007813 0.009656)
(0.004406 0.0007812 0.009656)
(0.004469 0.0007813 0.009656)
(0.004531 0.0007812 0.009656)
(0.004594 0.0007813 0.009656)
(0.004656 0.0007812 0.009656)
(0.004719 0.0007813 0.009656)
(0.004781 0.0007813 0.009656)
(0.004844 0.0007813 0.009656)
(0.004906 0.0007813 0.009656)
(0.004969 0.0007813 0.009656)
(0.004031 0.0008437 0.009656)
(0.004094 0.0008438 0.009656)
(0.004156 0.0008437 0.009656)
(0.004219 0.0008437 0.009656)
(0.004281 0.0008437 0.009656)
(0.004344 0.0008438 0.009656)
(0.004406 0.0008437 0.009656)
(0.004469 0.0008438 0.009656)
(0.004531 0.0008437 0.009656)
(0.004594 0.0008437 0.009656)
(0.004656 0.0008438 0.009656)
(0.004719 0.0008437 0.009656)
(0.004781 0.0008437 0.009656)
(0.004844 0.0008437 0.009656)
(0.004906 0.0008438 0.009656)
(0.004969 0.0008437 0.009656)
(0.004031 0.0009063 0.009656)
(0.004094 0.0009063 0.009656)
(0.004156 0.0009063 0.009656)
(0.004219 0.0009063 0.009656)
(0.004281 0.0009063 0.009656)
(0.004344 0.0009063 0.009656)
(0.004406 0.0009063 0.009656)
(0.004469 0.0009063 0.009656)
(0.004531 0.0009063 0.009656)
(0.004594 0.0009063 0.009656)
(0.004656 0.0009063 0.009656)
(0.004719 0.0009063 0.009656)
(0.004781 0.0009063 0.009656)
(0.004844 0.0009063 0.009656)
(0.004906 0.0009063 0.009656)
(0.004969 0.0009063 0.009656)
(0.004031 0.0009687 0.009656)
(0.004094 0.0009687 0.009656)
(0.004156 0.0009687 0.009656)
(0.004219 0.0009687 0.009656)
(0.004281 0.0009687 0.009656)
(0.004344 0.0009687 0.009656)
(0.004406 0.0009687 0.009656)
(0.004469 0.0009687 0.009656)
(0.004531 0.0009687 0.009656)
(0.004594 0.0009687 0.009656)
(0.004656 0.0009687 0.009656)
(0.004719 0.0009687 0.009656)
(0.004781 0.0009687 0.009656)
(0.004844 0.0009687 0.009656)
(0.004906 0.0009687 0.009656)
(0.004969 0.0009687 0.009656)
(0.004031 0.001031 0.009656)
(0.004094 0.001031 0.009656)
(0.004156 0.001031 0.009656)
(0.004219 0.001031 0.009656)
(0.004281 0.001031 0.009656)
(0.004344 0.001031 0.009656)
(0.004406 0.001031 0.009656)
(0.004469 0.001031 0.009656)
(0.004531 0.001031 0.009656)
(0.004594 0.001031 0.009656)
(0.004656 0.001031 0.009656)
(0.004719 0.001031 0.009656)
(0.004781 0.001031 0.009656)
(0.004844 0.001031 0.009656)
(0.004906 0.001031 0.009656)
(0.004969 0.001031 0.009656)
(0.004031 0.001094 0.009656)
(0.004094 0.001094 0.009656)
(0.004156 0.001094 0.009656)
(0.004219 0.001094 0.009656)
(0.004281 0.001094 0.009656)
(0.004344 0.001094 0.009656)
(0.004406 0.001094 0.009656)
(0.004469 0.001094 0.009656)
(0.004531 0.001094 0.009656)
(0.004594 0.001094 0.009656)
(0.004656 0.001094 0.009656)
(0.004719 0.001094 0.009656)
(0.004781 0.001094 0.009656)
(0.004844 0.001094 0.009656)
(0.004906 0.001094 0.009656)
(0.004969 0.001094 0.009656)
(0.004031 0.001156 0.009656)
(0.004094 0.001156 0.009656)
(0.004156 0.001156 0.009656)
(0.004219 0.001156 0.009656)
(0.004281 0.001156 0.009656)
(0.004344 0.001156 0.009656)
(0.004406 0.001156 0.009656)
(0.004469 0.001156 0.009656)
(0.004531 0.001156 0.009656)
(0.004594 0.001156 0.009656)
(0.004656 0.001156 0.009656)
(0.004719 0.001156 0.009656)
(0.004781 0.001156 0.009656)
(0.004844 0.001156 0.009656)
(0.004906 0.001156 0.009656)
(0.004969 0.001156 0.009656)
(0.004031 0.001219 0.009656)
(0.004094 0.001219 0.009656)
(0.004156 0.001219 0.009656)
(0.004219 0.001219 0.009656)
(0.004281 0.001219 0.009656)
(0.004344 0.001219 0.009656)
(0.004406 0.001219 0.009656)
(0.004469 0.001219 0.009656)
(0.004531 0.001219 0.009656)
(0.004594 0.001219 0.009656)
(0.004656 0.001219 0.009656)
(0.004719 0.001219 0.009656)
(0.004781 0.001219 0.009656)
(0.004844 0.001219 0.009656)
(0.004906 0.001219 0.009656)
(0.004969 0.001219 0.009656)
(0.004031 0.0005312 0.009719)
(0.004094 0.0005312 0.009719)
(0.004156 0.0005313 0.009719)
(0.004219 0.0005312 0.009719)
(0.004281 0.0005313 0.009719)
(0.004344 0.0005313 0.009719)
(0.004406 0.0005312 0.009719)
(0.004469 0.0005312 0.009719)
(0.004531 0.0005312 0.009719)
(0.004594 0.0005312 0.009719)
(0.004656 0.0005312 0.009719)
(0.004719 0.0005313 0.009719)
(0.004781 0.0005312 0.009719)
(0.004844 0.0005313 0.009719)
(0.004906 0.0005312 0.009719)
(0.004969 0.0005312 0.009719)
(0.004031 0.0005937 0.009719)
(0.004094 0.0005937 0.009719)
(0.004156 0.0005937 0.009719)
(0.004219 0.0005937 0.009719)
(0.004281 0.0005937 0.009719)
(0.004344 0.0005937 0.009719)
(0.004406 0.0005937 0.009719)
(0.004469 0.0005937 0.009719)
(0.004531 0.0005937 0.009719)
(0.004594 0.0005937 0.009719)
(0.004656 0.0005937 0.009719)
(0.004719 0.0005937 0.009719)
(0.004781 0.0005937 0.009719)
(0.004844 0.0005937 0.009719)
(0.004906 0.0005937 0.009719)
(0.004969 0.0005937 0.009719)
(0.004031 0.0006563 0.009719)
(0.004094 0.0006563 0.009719)
(0.004156 0.0006563 0.009719)
(0.004219 0.0006563 0.009719)
(0.004281 0.0006563 0.009719)
(0.004344 0.0006563 0.009719)
(0.004406 0.0006562 0.009719)
(0.004469 0.0006563 0.009719)
(0.004531 0.0006563 0.009719)
(0.004594 0.0006562 0.009719)
(0.004656 0.0006563 0.009719)
(0.004719 0.0006563 0.009719)
(0.004781 0.0006563 0.009719)
(0.004844 0.0006563 0.009719)
(0.004906 0.0006563 0.009719)
(0.004969 0.0006563 0.009719)
(0.004031 0.0007187 0.009719)
(0.004094 0.0007188 0.009719)
(0.004156 0.0007187 0.009719)
(0.004219 0.0007187 0.009719)
(0.004281 0.0007187 0.009719)
(0.004344 0.0007187 0.009719)
(0.004406 0.0007188 0.009719)
(0.004469 0.0007188 0.009719)
(0.004531 0.0007187 0.009719)
(0.004594 0.0007187 0.009719)
(0.004656 0.0007187 0.009719)
(0.004719 0.0007187 0.009719)
(0.004781 0.0007187 0.009719)
(0.004844 0.0007187 0.009719)
(0.004906 0.0007187 0.009719)
(0.004969 0.0007187 0.009719)
(0.004031 0.0007813 0.009719)
(0.004094 0.0007813 0.009719)
(0.004156 0.0007812 0.009719)
(0.004219 0.0007813 0.009719)
(0.004281 0.0007812 0.009719)
(0.004344 0.0007812 0.009719)
(0.004406 0.0007812 0.009719)
(0.004469 0.0007813 0.009719)
(0.004531 0.0007812 0.009719)
(0.004594 0.0007813 0.009719)
(0.004656 0.0007812 0.009719)
(0.004719 0.0007813 0.009719)
(0.004781 0.0007813 0.009719)
(0.004844 0.0007812 0.009719)
(0.004906 0.0007813 0.009719)
(0.004969 0.0007813 0.009719)
(0.004031 0.0008437 0.009719)
(0.004094 0.0008437 0.009719)
(0.004156 0.0008437 0.009719)
(0.004219 0.0008437 0.009719)
(0.004281 0.0008437 0.009719)
(0.004344 0.0008438 0.009719)
(0.004406 0.0008437 0.009719)
(0.004469 0.0008437 0.009719)
(0.004531 0.0008437 0.009719)
(0.004594 0.0008438 0.009719)
(0.004656 0.0008438 0.009719)
(0.004719 0.0008437 0.009719)
(0.004781 0.0008437 0.009719)
(0.004844 0.0008438 0.009719)
(0.004906 0.0008438 0.009719)
(0.004969 0.0008437 0.009719)
(0.004031 0.0009063 0.009719)
(0.004094 0.0009063 0.009719)
(0.004156 0.0009063 0.009719)
(0.004219 0.0009063 0.009719)
(0.004281 0.0009063 0.009719)
(0.004344 0.0009063 0.009719)
(0.004406 0.0009063 0.009719)
(0.004469 0.0009063 0.009719)
(0.004531 0.0009063 0.009719)
(0.004594 0.0009063 0.009719)
(0.004656 0.0009063 0.009719)
(0.004719 0.0009063 0.009719)
(0.004781 0.0009063 0.009719)
(0.004844 0.0009063 0.009719)
(0.004906 0.0009063 0.009719)
(0.004969 0.0009063 0.009719)
(0.004031 0.0009687 0.009719)
(0.004094 0.0009687 0.009719)
(0.004156 0.0009687 0.009719)
(0.004219 0.0009687 0.009719)
(0.004281 0.0009687 0.009719)
(0.004344 0.0009687 0.009719)
(0.004406 0.0009687 0.009719)
(0.004469 0.0009687 0.009719)
(0.004531 0.0009687 0.009719)
(0.004594 0.0009687 0.009719)
(0.004656 0.0009687 0.009719)
(0.004719 0.0009687 0.009719)
(0.004781 0.0009687 0.009719)
(0.004844 0.0009687 0.009719)
(0.004906 0.0009687 0.009719)
(0.004969 0.0009687 0.009719)
(0.004031 0.001031 0.009719)
(0.004094 0.001031 0.009719)
(0.004156 0.001031 0.009719)
(0.004219 0.001031 0.009719)
(0.004281 0.001031 0.009719)
(0.004344 0.001031 0.009719)
(0.004406 0.001031 0.009719)
(0.004469 0.001031 0.009719)
(0.004531 0.001031 0.009719)
(0.004594 0.001031 0.009719)
(0.004656 0.001031 0.009719)
(0.004719 0.001031 0.009719)
(0.004781 0.001031 0.009719)
(0.004844 0.001031 0.009719)
(0.004906 0.001031 0.009719)
(0.004969 0.001031 0.009719)
(0.004031 0.001094 0.009719)
(0.004094 0.001094 0.009719)
(0.004156 0.001094 0.009719)
(0.004219 0.001094 0.009719)
(0.004281 0.001094 0.009719)
(0.004344 0.001094 0.009719)
(0.004406 0.001094 0.009719)
(0.004469 0.001094 0.009719)
(0.004531 0.001094 0.009719)
(0.004594 0.001094 0.009719)
(0.004656 0.001094 0.009719)
(0.004719 0.001094 0.009719)
(0.004781 0.001094 0.009719)
(0.004844 0.001094 0.009719)
(0.004906 0.001094 0.009719)
(0.004969 0.001094 0.009719)
(0.004031 0.001156 0.009719)
(0.004094 0.001156 0.009719)
(0.004156 0.001156 0.009719)
(0.004219 0.001156 0.009719)
(0.004281 0.001156 0.009719)
(0.004344 0.001156 0.009719)
(0.004406 0.001156 0.009719)
(0.004469 0.001156 0.009719)
(0.004531 0.001156 0.009719)
(0.004594 0.001156 0.009719)
(0.004656 0.001156 0.009719)
(0.004719 0.001156 0.009719)
(0.004781 0.001156 0.009719)
(0.004844 0.001156 0.009719)
(0.004906 0.001156 0.009719)
(0.004969 0.001156 0.009719)
(0.004031 0.001219 0.009719)
(0.004094 0.001219 0.009719)
(0.004156 0.001219 0.009719)
(0.004219 0.001219 0.009719)
(0.004281 0.001219 0.009719)
(0.004344 0.001219 0.009719)
(0.004406 0.001219 0.009719)
(0.004469 0.001219 0.009719)
(0.004531 0.001219 0.009719)
(0.004594 0.001219 0.009719)
(0.004656 0.001219 0.009719)
(0.004719 0.001219 0.009719)
(0.004781 0.001219 0.009719)
(0.004844 0.001219 0.009719)
(0.004906 0.001219 0.009719)
(0.004969 0.001219 0.009719)
(0.004031 0.0005312 0.009781)
(0.004094 0.0005312 0.009781)
(0.004156 0.0005313 0.009781)
(0.004219 0.0005312 0.009781)
(0.004281 0.0005313 0.009781)
(0.004344 0.0005313 0.009781)
(0.004406 0.0005312 0.009781)
(0.004469 0.0005312 0.009781)
(0.004531 0.0005312 0.009781)
(0.004594 0.0005312 0.009781)
(0.004656 0.0005312 0.009781)
(0.004719 0.0005313 0.009781)
(0.004781 0.0005312 0.009781)
(0.004844 0.0005313 0.009781)
(0.004906 0.0005312 0.009781)
(0.004969 0.0005312 0.009781)
(0.004031 0.0005938 0.009781)
(0.004094 0.0005937 0.009781)
(0.004156 0.0005937 0.009781)
(0.004219 0.0005938 0.009781)
(0.004281 0.0005938 0.009781)
(0.004344 0.0005937 0.009781)
(0.004406 0.0005937 0.009781)
(0.004469 0.0005937 0.009781)
(0.004531 0.0005937 0.009781)
(0.004594 0.0005937 0.009781)
(0.004656 0.0005937 0.009781)
(0.004719 0.0005937 0.009781)
(0.004781 0.0005937 0.009781)
(0.004844 0.0005937 0.009781)
(0.004906 0.0005937 0.009781)
(0.004969 0.0005937 0.009781)
(0.004031 0.0006563 0.009781)
(0.004094 0.0006563 0.009781)
(0.004156 0.0006563 0.009781)
(0.004219 0.0006563 0.009781)
(0.004281 0.0006563 0.009781)
(0.004344 0.0006563 0.009781)
(0.004406 0.0006562 0.009781)
(0.004469 0.0006563 0.009781)
(0.004531 0.0006563 0.009781)
(0.004594 0.0006562 0.009781)
(0.004656 0.0006563 0.009781)
(0.004719 0.0006563 0.009781)
(0.004781 0.0006563 0.009781)
(0.004844 0.0006563 0.009781)
(0.004906 0.0006563 0.009781)
(0.004969 0.0006563 0.009781)
(0.004031 0.0007188 0.009781)
(0.004094 0.0007188 0.009781)
(0.004156 0.0007188 0.009781)
(0.004219 0.0007188 0.009781)
(0.004281 0.0007188 0.009781)
(0.004344 0.0007187 0.009781)
(0.004406 0.0007187 0.009781)
(0.004469 0.0007188 0.009781)
(0.004531 0.0007187 0.009781)
(0.004594 0.0007188 0.009781)
(0.004656 0.0007187 0.009781)
(0.004719 0.0007187 0.009781)
(0.004781 0.0007187 0.009781)
(0.004844 0.0007188 0.009781)
(0.004906 0.0007187 0.009781)
(0.004969 0.0007188 0.009781)
(0.004031 0.0007813 0.009781)
(0.004094 0.0007813 0.009781)
(0.004156 0.0007812 0.009781)
(0.004219 0.0007813 0.009781)
(0.004281 0.0007812 0.009781)
(0.004344 0.0007812 0.009781)
(0.004406 0.0007812 0.009781)
(0.004469 0.0007813 0.009781)
(0.004531 0.0007812 0.009781)
(0.004594 0.0007813 0.009781)
(0.004656 0.0007812 0.009781)
(0.004719 0.0007813 0.009781)
(0.004781 0.0007813 0.009781)
(0.004844 0.0007812 0.009781)
(0.004906 0.0007813 0.009781)
(0.004969 0.0007813 0.009781)
(0.004031 0.0008438 0.009781)
(0.004094 0.0008438 0.009781)
(0.004156 0.0008437 0.009781)
(0.004219 0.0008437 0.009781)
(0.004281 0.0008437 0.009781)
(0.004344 0.0008438 0.009781)
(0.004406 0.0008437 0.009781)
(0.004469 0.0008438 0.009781)
(0.004531 0.0008437 0.009781)
(0.004594 0.0008437 0.009781)
(0.004656 0.0008438 0.009781)
(0.004719 0.0008437 0.009781)
(0.004781 0.0008437 0.009781)
(0.004844 0.0008437 0.009781)
(0.004906 0.0008438 0.009781)
(0.004969 0.0008437 0.009781)
(0.004031 0.0009063 0.009781)
(0.004094 0.0009063 0.009781)
(0.004156 0.0009063 0.009781)
(0.004219 0.0009063 0.009781)
(0.004281 0.0009063 0.009781)
(0.004344 0.0009063 0.009781)
(0.004406 0.0009062 0.009781)
(0.004469 0.0009063 0.009781)
(0.004531 0.0009063 0.009781)
(0.004594 0.0009063 0.009781)
(0.004656 0.0009063 0.009781)
(0.004719 0.0009063 0.009781)
(0.004781 0.0009063 0.009781)
(0.004844 0.0009063 0.009781)
(0.004906 0.0009063 0.009781)
(0.004969 0.0009063 0.009781)
(0.004031 0.0009687 0.009781)
(0.004094 0.0009687 0.009781)
(0.004156 0.0009687 0.009781)
(0.004219 0.0009687 0.009781)
(0.004281 0.0009687 0.009781)
(0.004344 0.0009687 0.009781)
(0.004406 0.0009687 0.009781)
(0.004469 0.0009687 0.009781)
(0.004531 0.0009687 0.009781)
(0.004594 0.0009687 0.009781)
(0.004656 0.0009687 0.009781)
(0.004719 0.0009687 0.009781)
(0.004781 0.0009687 0.009781)
(0.004844 0.0009687 0.009781)
(0.004906 0.0009687 0.009781)
(0.004969 0.0009687 0.009781)
(0.004031 0.001031 0.009781)
(0.004094 0.001031 0.009781)
(0.004156 0.001031 0.009781)
(0.004219 0.001031 0.009781)
(0.004281 0.001031 0.009781)
(0.004344 0.001031 0.009781)
(0.004406 0.001031 0.009781)
(0.004469 0.001031 0.009781)
(0.004531 0.001031 0.009781)
(0.004594 0.001031 0.009781)
(0.004656 0.001031 0.009781)
(0.004719 0.001031 0.009781)
(0.004781 0.001031 0.009781)
(0.004844 0.001031 0.009781)
(0.004906 0.001031 0.009781)
(0.004969 0.001031 0.009781)
(0.004031 0.001094 0.009781)
(0.004094 0.001094 0.009781)
(0.004156 0.001094 0.009781)
(0.004219 0.001094 0.009781)
(0.004281 0.001094 0.009781)
(0.004344 0.001094 0.009781)
(0.004406 0.001094 0.009781)
(0.004469 0.001094 0.009781)
(0.004531 0.001094 0.009781)
(0.004594 0.001094 0.009781)
(0.004656 0.001094 0.009781)
(0.004719 0.001094 0.009781)
(0.004781 0.001094 0.009781)
(0.004844 0.001094 0.009781)
(0.004906 0.001094 0.009781)
(0.004969 0.001094 0.009781)
(0.004031 0.001156 0.009781)
(0.004094 0.001156 0.009781)
(0.004156 0.001156 0.009781)
(0.004219 0.001156 0.009781)
(0.004281 0.001156 0.009781)
(0.004344 0.001156 0.009781)
(0.004406 0.001156 0.009781)
(0.004469 0.001156 0.009781)
(0.004531 0.001156 0.009781)
(0.004594 0.001156 0.009781)
(0.004656 0.001156 0.009781)
(0.004719 0.001156 0.009781)
(0.004781 0.001156 0.009781)
(0.004844 0.001156 0.009781)
(0.004906 0.001156 0.009781)
(0.004969 0.001156 0.009781)
(0.004031 0.001219 0.009781)
(0.004094 0.001219 0.009781)
(0.004156 0.001219 0.009781)
(0.004219 0.001219 0.009781)
(0.004281 0.001219 0.009781)
(0.004344 0.001219 0.009781)
(0.004406 0.001219 0.009781)
(0.004469 0.001219 0.009781)
(0.004531 0.001219 0.009781)
(0.004594 0.001219 0.009781)
(0.004656 0.001219 0.009781)
(0.004719 0.001219 0.009781)
(0.004781 0.001219 0.009781)
(0.004844 0.001219 0.009781)
(0.004906 0.001219 0.009781)
(0.004969 0.001219 0.009781)
(0.004031 0.0005312 0.009844)
(0.004094 0.0005313 0.009844)
(0.004156 0.0005313 0.009844)
(0.004219 0.0005313 0.009844)
(0.004281 0.0005313 0.009844)
(0.004344 0.0005312 0.009844)
(0.004406 0.0005312 0.009844)
(0.004469 0.0005312 0.009844)
(0.004531 0.0005312 0.009844)
(0.004594 0.0005312 0.009844)
(0.004656 0.0005313 0.009844)
(0.004719 0.0005313 0.009844)
(0.004781 0.0005312 0.009844)
(0.004844 0.0005312 0.009844)
(0.004906 0.0005312 0.009844)
(0.004969 0.0005312 0.009844)
(0.004031 0.0005937 0.009844)
(0.004094 0.0005937 0.009844)
(0.004156 0.0005937 0.009844)
(0.004219 0.0005937 0.009844)
(0.004281 0.0005937 0.009844)
(0.004344 0.0005937 0.009844)
(0.004406 0.0005937 0.009844)
(0.004469 0.0005937 0.009844)
(0.004531 0.0005937 0.009844)
(0.004594 0.0005937 0.009844)
(0.004656 0.0005937 0.009844)
(0.004719 0.0005937 0.009844)
(0.004781 0.0005937 0.009844)
(0.004844 0.0005937 0.009844)
(0.004906 0.0005937 0.009844)
(0.004969 0.0005937 0.009844)
(0.004031 0.0006562 0.009844)
(0.004094 0.0006563 0.009844)
(0.004156 0.0006563 0.009844)
(0.004219 0.0006563 0.009844)
(0.004281 0.0006563 0.009844)
(0.004344 0.0006562 0.009844)
(0.004406 0.0006562 0.009844)
(0.004469 0.0006563 0.009844)
(0.004531 0.0006563 0.009844)
(0.004594 0.0006562 0.009844)
(0.004656 0.0006563 0.009844)
(0.004719 0.0006563 0.009844)
(0.004781 0.0006563 0.009844)
(0.004844 0.0006562 0.009844)
(0.004906 0.0006563 0.009844)
(0.004969 0.0006562 0.009844)
(0.004031 0.0007187 0.009844)
(0.004094 0.0007187 0.009844)
(0.004156 0.0007187 0.009844)
(0.004219 0.0007187 0.009844)
(0.004281 0.0007187 0.009844)
(0.004344 0.0007187 0.009844)
(0.004406 0.0007187 0.009844)
(0.004469 0.0007187 0.009844)
(0.004531 0.0007187 0.009844)
(0.004594 0.0007187 0.009844)
(0.004656 0.0007187 0.009844)
(0.004719 0.0007187 0.009844)
(0.004781 0.0007187 0.009844)
(0.004844 0.0007187 0.009844)
(0.004906 0.0007187 0.009844)
(0.004969 0.0007187 0.009844)
(0.004031 0.0007813 0.009844)
(0.004094 0.0007813 0.009844)
(0.004156 0.0007812 0.009844)
(0.004219 0.0007813 0.009844)
(0.004281 0.0007812 0.009844)
(0.004344 0.0007813 0.009844)
(0.004406 0.0007813 0.009844)
(0.004469 0.0007813 0.009844)
(0.004531 0.0007813 0.009844)
(0.004594 0.0007813 0.009844)
(0.004656 0.0007813 0.009844)
(0.004719 0.0007813 0.009844)
(0.004781 0.0007813 0.009844)
(0.004844 0.0007813 0.009844)
(0.004906 0.0007813 0.009844)
(0.004969 0.0007813 0.009844)
(0.004031 0.0008437 0.009844)
(0.004094 0.0008437 0.009844)
(0.004156 0.0008437 0.009844)
(0.004219 0.0008437 0.009844)
(0.004281 0.0008437 0.009844)
(0.004344 0.0008438 0.009844)
(0.004406 0.0008437 0.009844)
(0.004469 0.0008437 0.009844)
(0.004531 0.0008437 0.009844)
(0.004594 0.0008438 0.009844)
(0.004656 0.0008438 0.009844)
(0.004719 0.0008437 0.009844)
(0.004781 0.0008437 0.009844)
(0.004844 0.0008438 0.009844)
(0.004906 0.0008438 0.009844)
(0.004969 0.0008437 0.009844)
(0.004031 0.0009063 0.009844)
(0.004094 0.0009063 0.009844)
(0.004156 0.0009063 0.009844)
(0.004219 0.0009063 0.009844)
(0.004281 0.0009063 0.009844)
(0.004344 0.0009063 0.009844)
(0.004406 0.0009062 0.009844)
(0.004469 0.0009063 0.009844)
(0.004531 0.0009063 0.009844)
(0.004594 0.0009063 0.009844)
(0.004656 0.0009063 0.009844)
(0.004719 0.0009063 0.009844)
(0.004781 0.0009063 0.009844)
(0.004844 0.0009063 0.009844)
(0.004906 0.0009063 0.009844)
(0.004969 0.0009063 0.009844)
(0.004031 0.0009687 0.009844)
(0.004094 0.0009687 0.009844)
(0.004156 0.0009687 0.009844)
(0.004219 0.0009687 0.009844)
(0.004281 0.0009687 0.009844)
(0.004344 0.0009687 0.009844)
(0.004406 0.0009687 0.009844)
(0.004469 0.0009687 0.009844)
(0.004531 0.0009687 0.009844)
(0.004594 0.0009687 0.009844)
(0.004656 0.0009687 0.009844)
(0.004719 0.0009687 0.009844)
(0.004781 0.0009687 0.009844)
(0.004844 0.0009687 0.009844)
(0.004906 0.0009687 0.009844)
(0.004969 0.0009687 0.009844)
(0.004031 0.001031 0.009844)
(0.004094 0.001031 0.009844)
(0.004156 0.001031 0.009844)
(0.004219 0.001031 0.009844)
(0.004281 0.001031 0.009844)
(0.004344 0.001031 0.009844)
(0.004406 0.001031 0.009844)
(0.004469 0.001031 0.009844)
(0.004531 0.001031 0.009844)
(0.004594 0.001031 0.009844)
(0.004656 0.001031 0.009844)
(0.004719 0.001031 0.009844)
(0.004781 0.001031 0.009844)
(0.004844 0.001031 0.009844)
(0.004906 0.001031 0.009844)
(0.004969 0.001031 0.009844)
(0.004031 0.001094 0.009844)
(0.004094 0.001094 0.009844)
(0.004156 0.001094 0.009844)
(0.004219 0.001094 0.009844)
(0.004281 0.001094 0.009844)
(0.004344 0.001094 0.009844)
(0.004406 0.001094 0.009844)
(0.004469 0.001094 0.009844)
(0.004531 0.001094 0.009844)
(0.004594 0.001094 0.009844)
(0.004656 0.001094 0.009844)
(0.004719 0.001094 0.009844)
(0.004781 0.001094 0.009844)
(0.004844 0.001094 0.009844)
(0.004906 0.001094 0.009844)
(0.004969 0.001094 0.009844)
(0.004031 0.001156 0.009844)
(0.004094 0.001156 0.009844)
(0.004156 0.001156 0.009844)
(0.004219 0.001156 0.009844)
(0.004281 0.001156 0.009844)
(0.004344 0.001156 0.009844)
(0.004406 0.001156 0.009844)
(0.004469 0.001156 0.009844)
(0.004531 0.001156 0.009844)
(0.004594 0.001156 0.009844)
(0.004656 0.001156 0.009844)
(0.004719 0.001156 0.009844)
(0.004781 0.001156 0.009844)
(0.004844 0.001156 0.009844)
(0.004906 0.001156 0.009844)
(0.004969 0.001156 0.009844)
(0.004031 0.001219 0.009844)
(0.004094 0.001219 0.009844)
(0.004156 0.001219 0.009844)
(0.004219 0.001219 0.009844)
(0.004281 0.001219 0.009844)
(0.004344 0.001219 0.009844)
(0.004406 0.001219 0.009844)
(0.004469 0.001219 0.009844)
(0.004531 0.001219 0.009844)
(0.004594 0.001219 0.009844)
(0.004656 0.001219 0.009844)
(0.004719 0.001219 0.009844)
(0.004781 0.001219 0.009844)
(0.004844 0.001219 0.009844)
(0.004906 0.001219 0.009844)
(0.004969 0.001219 0.009844)
(0.004031 0.0005313 0.009906)
(0.004094 0.0005312 0.009906)
(0.004156 0.0005313 0.009906)
(0.004219 0.0005312 0.009906)
(0.004281 0.0005313 0.009906)
(0.004344 0.0005313 0.009906)
(0.004406 0.0005312 0.009906)
(0.004469 0.0005312 0.009906)
(0.004531 0.0005312 0.009906)
(0.004594 0.0005312 0.009906)
(0.004656 0.0005312 0.009906)
(0.004719 0.0005312 0.009906)
(0.004781 0.0005312 0.009906)
(0.004844 0.0005313 0.009906)
(0.004906 0.0005312 0.009906)
(0.004969 0.0005312 0.009906)
(0.004031 0.0005937 0.009906)
(0.004094 0.0005937 0.009906)
(0.004156 0.0005937 0.009906)
(0.004219 0.0005937 0.009906)
(0.004281 0.0005937 0.009906)
(0.004344 0.0005937 0.009906)
(0.004406 0.0005937 0.009906)
(0.004469 0.0005937 0.009906)
(0.004531 0.0005937 0.009906)
(0.004594 0.0005937 0.009906)
(0.004656 0.0005937 0.009906)
(0.004719 0.0005937 0.009906)
(0.004781 0.0005937 0.009906)
(0.004844 0.0005937 0.009906)
(0.004906 0.0005937 0.009906)
(0.004969 0.0005937 0.009906)
(0.004031 0.0006563 0.009906)
(0.004094 0.0006563 0.009906)
(0.004156 0.0006563 0.009906)
(0.004219 0.0006563 0.009906)
(0.004281 0.0006563 0.009906)
(0.004344 0.0006562 0.009906)
(0.004406 0.0006562 0.009906)
(0.004469 0.0006563 0.009906)
(0.004531 0.0006563 0.009906)
(0.004594 0.0006562 0.009906)
(0.004656 0.0006563 0.009906)
(0.004719 0.0006563 0.009906)
(0.004781 0.0006563 0.009906)
(0.004844 0.0006562 0.009906)
(0.004906 0.0006563 0.009906)
(0.004969 0.0006563 0.009906)
(0.004031 0.0007187 0.009906)
(0.004094 0.0007188 0.009906)
(0.004156 0.0007187 0.009906)
(0.004219 0.0007187 0.009906)
(0.004281 0.0007187 0.009906)
(0.004344 0.0007187 0.009906)
(0.004406 0.0007188 0.009906)
(0.004469 0.0007188 0.009906)
(0.004531 0.0007187 0.009906)
(0.004594 0.0007187 0.009906)
(0.004656 0.0007187 0.009906)
(0.004719 0.0007187 0.009906)
(0.004781 0.0007187 0.009906)
(0.004844 0.0007187 0.009906)
(0.004906 0.0007187 0.009906)
(0.004969 0.0007187 0.009906)
(0.004031 0.0007813 0.009906)
(0.004094 0.0007813 0.009906)
(0.004156 0.0007812 0.009906)
(0.004219 0.0007813 0.009906)
(0.004281 0.0007812 0.009906)
(0.004344 0.0007813 0.009906)
(0.004406 0.0007812 0.009906)
(0.004469 0.0007813 0.009906)
(0.004531 0.0007812 0.009906)
(0.004594 0.0007813 0.009906)
(0.004656 0.0007812 0.009906)
(0.004719 0.0007813 0.009906)
(0.004781 0.0007813 0.009906)
(0.004844 0.0007813 0.009906)
(0.004906 0.0007813 0.009906)
(0.004969 0.0007813 0.009906)
(0.004031 0.0008437 0.009906)
(0.004094 0.0008437 0.009906)
(0.004156 0.0008437 0.009906)
(0.004219 0.0008437 0.009906)
(0.004281 0.0008437 0.009906)
(0.004344 0.0008438 0.009906)
(0.004406 0.0008437 0.009906)
(0.004469 0.0008437 0.009906)
(0.004531 0.0008437 0.009906)
(0.004594 0.0008438 0.009906)
(0.004656 0.0008438 0.009906)
(0.004719 0.0008437 0.009906)
(0.004781 0.0008437 0.009906)
(0.004844 0.0008438 0.009906)
(0.004906 0.0008438 0.009906)
(0.004969 0.0008437 0.009906)
(0.004031 0.0009063 0.009906)
(0.004094 0.0009063 0.009906)
(0.004156 0.0009063 0.009906)
(0.004219 0.0009063 0.009906)
(0.004281 0.0009063 0.009906)
(0.004344 0.0009063 0.009906)
(0.004406 0.0009063 0.009906)
(0.004469 0.0009063 0.009906)
(0.004531 0.0009063 0.009906)
(0.004594 0.0009063 0.009906)
(0.004656 0.0009063 0.009906)
(0.004719 0.0009063 0.009906)
(0.004781 0.0009063 0.009906)
(0.004844 0.0009063 0.009906)
(0.004906 0.0009063 0.009906)
(0.004969 0.0009063 0.009906)
(0.004031 0.0009687 0.009906)
(0.004094 0.0009687 0.009906)
(0.004156 0.0009687 0.009906)
(0.004219 0.0009687 0.009906)
(0.004281 0.0009687 0.009906)
(0.004344 0.0009687 0.009906)
(0.004406 0.0009687 0.009906)
(0.004469 0.0009687 0.009906)
(0.004531 0.0009687 0.009906)
(0.004594 0.0009687 0.009906)
(0.004656 0.0009687 0.009906)
(0.004719 0.0009687 0.009906)
(0.004781 0.0009687 0.009906)
(0.004844 0.0009687 0.009906)
(0.004906 0.0009687 0.009906)
(0.004969 0.0009687 0.009906)
(0.004031 0.001031 0.009906)
(0.004094 0.001031 0.009906)
(0.004156 0.001031 0.009906)
(0.004219 0.001031 0.009906)
(0.004281 0.001031 0.009906)
(0.004344 0.001031 0.009906)
(0.004406 0.001031 0.009906)
(0.004469 0.001031 0.009906)
(0.004531 0.001031 0.009906)
(0.004594 0.001031 0.009906)
(0.004656 0.001031 0.009906)
(0.004719 0.001031 0.009906)
(0.004781 0.001031 0.009906)
(0.004844 0.001031 0.009906)
(0.004906 0.001031 0.009906)
(0.004969 0.001031 0.009906)
(0.004031 0.001094 0.009906)
(0.004094 0.001094 0.009906)
(0.004156 0.001094 0.009906)
(0.004219 0.001094 0.009906)
(0.004281 0.001094 0.009906)
(0.004344 0.001094 0.009906)
(0.004406 0.001094 0.009906)
(0.004469 0.001094 0.009906)
(0.004531 0.001094 0.009906)
(0.004594 0.001094 0.009906)
(0.004656 0.001094 0.009906)
(0.004719 0.001094 0.009906)
(0.004781 0.001094 0.009906)
(0.004844 0.001094 0.009906)
(0.004906 0.001094 0.009906)
(0.004969 0.001094 0.009906)
(0.004031 0.001156 0.009906)
(0.004094 0.001156 0.009906)
(0.004156 0.001156 0.009906)
(0.004219 0.001156 0.009906)
(0.004281 0.001156 0.009906)
(0.004344 0.001156 0.009906)
(0.004406 0.001156 0.009906)
(0.004469 0.001156 0.009906)
(0.004531 0.001156 0.009906)
(0.004594 0.001156 0.009906)
(0.004656 0.001156 0.009906)
(0.004719 0.001156 0.009906)
(0.004781 0.001156 0.009906)
(0.004844 0.001156 0.009906)
(0.004906 0.001156 0.009906)
(0.004969 0.001156 0.009906)
(0.004031 0.001219 0.009906)
(0.004094 0.001219 0.009906)
(0.004156 0.001219 0.009906)
(0.004219 0.001219 0.009906)
(0.004281 0.001219 0.009906)
(0.004344 0.001219 0.009906)
(0.004406 0.001219 0.009906)
(0.004469 0.001219 0.009906)
(0.004531 0.001219 0.009906)
(0.004594 0.001219 0.009906)
(0.004656 0.001219 0.009906)
(0.004719 0.001219 0.009906)
(0.004781 0.001219 0.009906)
(0.004844 0.001219 0.009906)
(0.004906 0.001219 0.009906)
(0.004969 0.001219 0.009906)
(0.004031 0.0005312 0.009969)
(0.004094 0.0005312 0.009969)
(0.004156 0.0005313 0.009969)
(0.004219 0.0005312 0.009969)
(0.004281 0.0005313 0.009969)
(0.004344 0.0005313 0.009969)
(0.004406 0.0005312 0.009969)
(0.004469 0.0005312 0.009969)
(0.004531 0.0005312 0.009969)
(0.004594 0.0005312 0.009969)
(0.004656 0.0005312 0.009969)
(0.004719 0.0005313 0.009969)
(0.004781 0.0005312 0.009969)
(0.004844 0.0005313 0.009969)
(0.004906 0.0005312 0.009969)
(0.004969 0.0005312 0.009969)
(0.004031 0.0005938 0.009969)
(0.004094 0.0005937 0.009969)
(0.004156 0.0005937 0.009969)
(0.004219 0.0005938 0.009969)
(0.004281 0.0005938 0.009969)
(0.004344 0.0005937 0.009969)
(0.004406 0.0005937 0.009969)
(0.004469 0.0005937 0.009969)
(0.004531 0.0005937 0.009969)
(0.004594 0.0005937 0.009969)
(0.004656 0.0005937 0.009969)
(0.004719 0.0005937 0.009969)
(0.004781 0.0005937 0.009969)
(0.004844 0.0005937 0.009969)
(0.004906 0.0005937 0.009969)
(0.004969 0.0005937 0.009969)
(0.004031 0.0006563 0.009969)
(0.004094 0.0006563 0.009969)
(0.004156 0.0006563 0.009969)
(0.004219 0.0006563 0.009969)
(0.004281 0.0006563 0.009969)
(0.004344 0.0006562 0.009969)
(0.004406 0.0006562 0.009969)
(0.004469 0.0006563 0.009969)
(0.004531 0.0006563 0.009969)
(0.004594 0.0006562 0.009969)
(0.004656 0.0006563 0.009969)
(0.004719 0.0006563 0.009969)
(0.004781 0.0006563 0.009969)
(0.004844 0.0006562 0.009969)
(0.004906 0.0006563 0.009969)
(0.004969 0.0006562 0.009969)
(0.004031 0.0007188 0.009969)
(0.004094 0.0007188 0.009969)
(0.004156 0.0007188 0.009969)
(0.004219 0.0007188 0.009969)
(0.004281 0.0007188 0.009969)
(0.004344 0.0007187 0.009969)
(0.004406 0.0007187 0.009969)
(0.004469 0.0007188 0.009969)
(0.004531 0.0007187 0.009969)
(0.004594 0.0007188 0.009969)
(0.004656 0.0007187 0.009969)
(0.004719 0.0007187 0.009969)
(0.004781 0.0007187 0.009969)
(0.004844 0.0007188 0.009969)
(0.004906 0.0007187 0.009969)
(0.004969 0.0007188 0.009969)
(0.004031 0.0007812 0.009969)
(0.004094 0.0007813 0.009969)
(0.004156 0.0007812 0.009969)
(0.004219 0.0007813 0.009969)
(0.004281 0.0007812 0.009969)
(0.004344 0.0007813 0.009969)
(0.004406 0.0007812 0.009969)
(0.004469 0.0007813 0.009969)
(0.004531 0.0007813 0.009969)
(0.004594 0.0007813 0.009969)
(0.004656 0.0007813 0.009969)
(0.004719 0.0007813 0.009969)
(0.004781 0.0007813 0.009969)
(0.004844 0.0007813 0.009969)
(0.004906 0.0007813 0.009969)
(0.004969 0.0007813 0.009969)
(0.004031 0.0008438 0.009969)
(0.004094 0.0008438 0.009969)
(0.004156 0.0008437 0.009969)
(0.004219 0.0008437 0.009969)
(0.004281 0.0008437 0.009969)
(0.004344 0.0008438 0.009969)
(0.004406 0.0008437 0.009969)
(0.004469 0.0008438 0.009969)
(0.004531 0.0008437 0.009969)
(0.004594 0.0008437 0.009969)
(0.004656 0.0008438 0.009969)
(0.004719 0.0008437 0.009969)
(0.004781 0.0008437 0.009969)
(0.004844 0.0008437 0.009969)
(0.004906 0.0008438 0.009969)
(0.004969 0.0008437 0.009969)
(0.004031 0.0009063 0.009969)
(0.004094 0.0009063 0.009969)
(0.004156 0.0009063 0.009969)
(0.004219 0.0009063 0.009969)
(0.004281 0.0009063 0.009969)
(0.004344 0.0009063 0.009969)
(0.004406 0.0009063 0.009969)
(0.004469 0.0009063 0.009969)
(0.004531 0.0009063 0.009969)
(0.004594 0.0009063 0.009969)
(0.004656 0.0009063 0.009969)
(0.004719 0.0009063 0.009969)
(0.004781 0.0009063 0.009969)
(0.004844 0.0009063 0.009969)
(0.004906 0.0009063 0.009969)
(0.004969 0.0009063 0.009969)
(0.004031 0.0009687 0.009969)
(0.004094 0.0009687 0.009969)
(0.004156 0.0009687 0.009969)
(0.004219 0.0009687 0.009969)
(0.004281 0.0009687 0.009969)
(0.004344 0.0009687 0.009969)
(0.004406 0.0009687 0.009969)
(0.004469 0.0009687 0.009969)
(0.004531 0.0009687 0.009969)
(0.004594 0.0009687 0.009969)
(0.004656 0.0009687 0.009969)
(0.004719 0.0009687 0.009969)
(0.004781 0.0009687 0.009969)
(0.004844 0.0009687 0.009969)
(0.004906 0.0009687 0.009969)
(0.004969 0.0009687 0.009969)
(0.004031 0.001031 0.009969)
(0.004094 0.001031 0.009969)
(0.004156 0.001031 0.009969)
(0.004219 0.001031 0.009969)
(0.004281 0.001031 0.009969)
(0.004344 0.001031 0.009969)
(0.004406 0.001031 0.009969)
(0.004469 0.001031 0.009969)
(0.004531 0.001031 0.009969)
(0.004594 0.001031 0.009969)
(0.004656 0.001031 0.009969)
(0.004719 0.001031 0.009969)
(0.004781 0.001031 0.009969)
(0.004844 0.001031 0.009969)
(0.004906 0.001031 0.009969)
(0.004969 0.001031 0.009969)
(0.004031 0.001094 0.009969)
(0.004094 0.001094 0.009969)
(0.004156 0.001094 0.009969)
(0.004219 0.001094 0.009969)
(0.004281 0.001094 0.009969)
(0.004344 0.001094 0.009969)
(0.004406 0.001094 0.009969)
(0.004469 0.001094 0.009969)
(0.004531 0.001094 0.009969)
(0.004594 0.001094 0.009969)
(0.004656 0.001094 0.009969)
(0.004719 0.001094 0.009969)
(0.004781 0.001094 0.009969)
(0.004844 0.001094 0.009969)
(0.004906 0.001094 0.009969)
(0.004969 0.001094 0.009969)
(0.004031 0.001156 0.009969)
(0.004094 0.001156 0.009969)
(0.004156 0.001156 0.009969)
(0.004219 0.001156 0.009969)
(0.004281 0.001156 0.009969)
(0.004344 0.001156 0.009969)
(0.004406 0.001156 0.009969)
(0.004469 0.001156 0.009969)
(0.004531 0.001156 0.009969)
(0.004594 0.001156 0.009969)
(0.004656 0.001156 0.009969)
(0.004719 0.001156 0.009969)
(0.004781 0.001156 0.009969)
(0.004844 0.001156 0.009969)
(0.004906 0.001156 0.009969)
(0.004969 0.001156 0.009969)
(0.004031 0.001219 0.009969)
(0.004094 0.001219 0.009969)
(0.004156 0.001219 0.009969)
(0.004219 0.001219 0.009969)
(0.004281 0.001219 0.009969)
(0.004344 0.001219 0.009969)
(0.004406 0.001219 0.009969)
(0.004469 0.001219 0.009969)
(0.004531 0.001219 0.009969)
(0.004594 0.001219 0.009969)
(0.004656 0.001219 0.009969)
(0.004719 0.001219 0.009969)
(0.004781 0.001219 0.009969)
(0.004844 0.001219 0.009969)
(0.004906 0.001219 0.009969)
(0.004969 0.001219 0.009969)
(0.004031 3.125e-05 0.01003)
(0.004094 3.125e-05 0.01003)
(0.004156 3.125e-05 0.01003)
(0.004219 3.125e-05 0.01003)
(0.004281 3.125e-05 0.01003)
(0.004344 3.125e-05 0.01003)
(0.004406 3.125e-05 0.01003)
(0.004469 3.125e-05 0.01003)
(0.004531 3.125e-05 0.01003)
(0.004594 3.125e-05 0.01003)
(0.004656 3.125e-05 0.01003)
(0.004719 3.125e-05 0.01003)
(0.004781 3.125e-05 0.01003)
(0.004844 3.125e-05 0.01003)
(0.004906 3.125e-05 0.01003)
(0.004969 3.125e-05 0.01003)
(0.004031 9.375e-05 0.01003)
(0.004094 9.375e-05 0.01003)
(0.004156 9.375e-05 0.01003)
(0.004219 9.375e-05 0.01003)
(0.004281 9.375e-05 0.01003)
(0.004344 9.375e-05 0.01003)
(0.004406 9.375e-05 0.01003)
(0.004469 9.375e-05 0.01003)
(0.004531 9.375e-05 0.01003)
(0.004594 9.375e-05 0.01003)
(0.004656 9.375e-05 0.01003)
(0.004719 9.375e-05 0.01003)
(0.004781 9.375e-05 0.01003)
(0.004844 9.375e-05 0.01003)
(0.004906 9.375e-05 0.01003)
(0.004969 9.375e-05 0.01003)
(0.004031 0.0001562 0.01003)
(0.004094 0.0001562 0.01003)
(0.004156 0.0001562 0.01003)
(0.004219 0.0001562 0.01003)
(0.004281 0.0001562 0.01003)
(0.004344 0.0001562 0.01003)
(0.004406 0.0001562 0.01003)
(0.004469 0.0001563 0.01003)
(0.004531 0.0001562 0.01003)
(0.004594 0.0001563 0.01003)
(0.004656 0.0001563 0.01003)
(0.004719 0.0001562 0.01003)
(0.004781 0.0001562 0.01003)
(0.004844 0.0001562 0.01003)
(0.004906 0.0001563 0.01003)
(0.004969 0.0001562 0.01003)
(0.004031 0.0002188 0.01003)
(0.004094 0.0002188 0.01003)
(0.004156 0.0002188 0.01003)
(0.004219 0.0002188 0.01003)
(0.004281 0.0002188 0.01003)
(0.004344 0.0002188 0.01003)
(0.004406 0.0002188 0.01003)
(0.004469 0.0002188 0.01003)
(0.004531 0.0002188 0.01003)
(0.004594 0.0002188 0.01003)
(0.004656 0.0002188 0.01003)
(0.004719 0.0002188 0.01003)
(0.004781 0.0002188 0.01003)
(0.004844 0.0002188 0.01003)
(0.004906 0.0002188 0.01003)
(0.004969 0.0002187 0.01003)
(0.004031 0.0002812 0.01003)
(0.004094 0.0002812 0.01003)
(0.004156 0.0002812 0.01003)
(0.004219 0.0002812 0.01003)
(0.004281 0.0002812 0.01003)
(0.004344 0.0002812 0.01003)
(0.004406 0.0002812 0.01003)
(0.004469 0.0002812 0.01003)
(0.004531 0.0002812 0.01003)
(0.004594 0.0002813 0.01003)
(0.004656 0.0002813 0.01003)
(0.004719 0.0002812 0.01003)
(0.004781 0.0002812 0.01003)
(0.004844 0.0002813 0.01003)
(0.004906 0.0002812 0.01003)
(0.004969 0.0002812 0.01003)
(0.004031 0.0003437 0.01003)
(0.004094 0.0003437 0.01003)
(0.004156 0.0003438 0.01003)
(0.004219 0.0003437 0.01003)
(0.004281 0.0003437 0.01003)
(0.004344 0.0003437 0.01003)
(0.004406 0.0003437 0.01003)
(0.004469 0.0003438 0.01003)
(0.004531 0.0003437 0.01003)
(0.004594 0.0003438 0.01003)
(0.004656 0.0003438 0.01003)
(0.004719 0.0003437 0.01003)
(0.004781 0.0003438 0.01003)
(0.004844 0.0003438 0.01003)
(0.004906 0.0003438 0.01003)
(0.004969 0.0003437 0.01003)
(0.004031 0.0004062 0.01003)
(0.004094 0.0004062 0.01003)
(0.004156 0.0004062 0.01003)
(0.004219 0.0004062 0.01003)
(0.004281 0.0004062 0.01003)
(0.004344 0.0004062 0.01003)
(0.004406 0.0004063 0.01003)
(0.004469 0.0004063 0.01003)
(0.004531 0.0004062 0.01003)
(0.004594 0.0004063 0.01003)
(0.004656 0.0004062 0.01003)
(0.004719 0.0004062 0.01003)
(0.004781 0.0004062 0.01003)
(0.004844 0.0004063 0.01003)
(0.004906 0.0004062 0.01003)
(0.004969 0.0004062 0.01003)
(0.004031 0.0004688 0.01003)
(0.004094 0.0004687 0.01003)
(0.004156 0.0004687 0.01003)
(0.004219 0.0004687 0.01003)
(0.004281 0.0004687 0.01003)
(0.004344 0.0004687 0.01003)
(0.004406 0.0004687 0.01003)
(0.004469 0.0004688 0.01003)
(0.004531 0.0004687 0.01003)
(0.004594 0.0004688 0.01003)
(0.004656 0.0004688 0.01003)
(0.004719 0.0004688 0.01003)
(0.004781 0.0004687 0.01003)
(0.004844 0.0004688 0.01003)
(0.004906 0.0004687 0.01003)
(0.004969 0.0004687 0.01003)
(0.004031 3.125e-05 0.01009)
(0.004094 3.125e-05 0.01009)
(0.004156 3.125e-05 0.01009)
(0.004219 3.125e-05 0.01009)
(0.004281 3.125e-05 0.01009)
(0.004344 3.125e-05 0.01009)
(0.004406 3.125e-05 0.01009)
(0.004469 3.125e-05 0.01009)
(0.004531 3.125e-05 0.01009)
(0.004594 3.125e-05 0.01009)
(0.004656 3.125e-05 0.01009)
(0.004719 3.125e-05 0.01009)
(0.004781 3.125e-05 0.01009)
(0.004844 3.125e-05 0.01009)
(0.004906 3.125e-05 0.01009)
(0.004969 3.125e-05 0.01009)
(0.004031 9.375e-05 0.01009)
(0.004094 9.375e-05 0.01009)
(0.004156 9.375e-05 0.01009)
(0.004219 9.375e-05 0.01009)
(0.004281 9.375e-05 0.01009)
(0.004344 9.375e-05 0.01009)
(0.004406 9.375e-05 0.01009)
(0.004469 9.375e-05 0.01009)
(0.004531 9.375e-05 0.01009)
(0.004594 9.375e-05 0.01009)
(0.004656 9.375e-05 0.01009)
(0.004719 9.375e-05 0.01009)
(0.004781 9.375e-05 0.01009)
(0.004844 9.375e-05 0.01009)
(0.004906 9.375e-05 0.01009)
(0.004969 9.375e-05 0.01009)
(0.004031 0.0001563 0.01009)
(0.004094 0.0001562 0.01009)
(0.004156 0.0001563 0.01009)
(0.004219 0.0001562 0.01009)
(0.004281 0.0001563 0.01009)
(0.004344 0.0001563 0.01009)
(0.004406 0.0001563 0.01009)
(0.004469 0.0001562 0.01009)
(0.004531 0.0001562 0.01009)
(0.004594 0.0001562 0.01009)
(0.004656 0.0001562 0.01009)
(0.004719 0.0001563 0.01009)
(0.004781 0.0001562 0.01009)
(0.004844 0.0001563 0.01009)
(0.004906 0.0001562 0.01009)
(0.004969 0.0001563 0.01009)
(0.004031 0.0002187 0.01009)
(0.004094 0.0002188 0.01009)
(0.004156 0.0002188 0.01009)
(0.004219 0.0002188 0.01009)
(0.004281 0.0002188 0.01009)
(0.004344 0.0002188 0.01009)
(0.004406 0.0002188 0.01009)
(0.004469 0.0002188 0.01009)
(0.004531 0.0002188 0.01009)
(0.004594 0.0002188 0.01009)
(0.004656 0.0002188 0.01009)
(0.004719 0.0002188 0.01009)
(0.004781 0.0002188 0.01009)
(0.004844 0.0002188 0.01009)
(0.004906 0.0002188 0.01009)
(0.004969 0.0002188 0.01009)
(0.004031 0.0002812 0.01009)
(0.004094 0.0002813 0.01009)
(0.004156 0.0002813 0.01009)
(0.004219 0.0002813 0.01009)
(0.004281 0.0002813 0.01009)
(0.004344 0.0002813 0.01009)
(0.004406 0.0002812 0.01009)
(0.004469 0.0002813 0.01009)
(0.004531 0.0002813 0.01009)
(0.004594 0.0002812 0.01009)
(0.004656 0.0002813 0.01009)
(0.004719 0.0002813 0.01009)
(0.004781 0.0002813 0.01009)
(0.004844 0.0002812 0.01009)
(0.004906 0.0002813 0.01009)
(0.004969 0.0002813 0.01009)
(0.004031 0.0003437 0.01009)
(0.004094 0.0003437 0.01009)
(0.004156 0.0003438 0.01009)
(0.004219 0.0003437 0.01009)
(0.004281 0.0003438 0.01009)
(0.004344 0.0003437 0.01009)
(0.004406 0.0003437 0.01009)
(0.004469 0.0003438 0.01009)
(0.004531 0.0003437 0.01009)
(0.004594 0.0003437 0.01009)
(0.004656 0.0003438 0.01009)
(0.004719 0.0003438 0.01009)
(0.004781 0.0003438 0.01009)
(0.004844 0.0003437 0.01009)
(0.004906 0.0003438 0.01009)
(0.004969 0.0003438 0.01009)
(0.004031 0.0004062 0.01009)
(0.004094 0.0004062 0.01009)
(0.004156 0.0004063 0.01009)
(0.004219 0.0004062 0.01009)
(0.004281 0.0004062 0.01009)
(0.004344 0.0004062 0.01009)
(0.004406 0.0004063 0.01009)
(0.004469 0.0004063 0.01009)
(0.004531 0.0004063 0.01009)
(0.004594 0.0004063 0.01009)
(0.004656 0.0004063 0.01009)
(0.004719 0.0004062 0.01009)
(0.004781 0.0004063 0.01009)
(0.004844 0.0004063 0.01009)
(0.004906 0.0004063 0.01009)
(0.004969 0.0004062 0.01009)
(0.004031 0.0004687 0.01009)
(0.004094 0.0004688 0.01009)
(0.004156 0.0004688 0.01009)
(0.004219 0.0004688 0.01009)
(0.004281 0.0004687 0.01009)
(0.004344 0.0004688 0.01009)
(0.004406 0.0004688 0.01009)
(0.004469 0.0004687 0.01009)
(0.004531 0.0004688 0.01009)
(0.004594 0.0004687 0.01009)
(0.004656 0.0004688 0.01009)
(0.004719 0.0004688 0.01009)
(0.004781 0.0004688 0.01009)
(0.004844 0.0004687 0.01009)
(0.004906 0.0004688 0.01009)
(0.004969 0.0004687 0.01009)
(0.004031 3.125e-05 0.01016)
(0.004094 3.125e-05 0.01016)
(0.004156 3.125e-05 0.01016)
(0.004219 3.125e-05 0.01016)
(0.004281 3.125e-05 0.01016)
(0.004344 3.125e-05 0.01016)
(0.004406 3.125e-05 0.01016)
(0.004469 3.125e-05 0.01016)
(0.004531 3.125e-05 0.01016)
(0.004594 3.125e-05 0.01016)
(0.004656 3.125e-05 0.01016)
(0.004719 3.125e-05 0.01016)
(0.004781 3.125e-05 0.01016)
(0.004844 3.125e-05 0.01016)
(0.004906 3.125e-05 0.01016)
(0.004969 3.125e-05 0.01016)
(0.004031 9.375e-05 0.01016)
(0.004094 9.375e-05 0.01016)
(0.004156 9.375e-05 0.01016)
(0.004219 9.375e-05 0.01016)
(0.004281 9.375e-05 0.01016)
(0.004344 9.375e-05 0.01016)
(0.004406 9.375e-05 0.01016)
(0.004469 9.375e-05 0.01016)
(0.004531 9.375e-05 0.01016)
(0.004594 9.375e-05 0.01016)
(0.004656 9.375e-05 0.01016)
(0.004719 9.375e-05 0.01016)
(0.004781 9.375e-05 0.01016)
(0.004844 9.375e-05 0.01016)
(0.004906 9.375e-05 0.01016)
(0.004969 9.375e-05 0.01016)
(0.004031 0.0001563 0.01016)
(0.004094 0.0001563 0.01016)
(0.004156 0.0001563 0.01016)
(0.004219 0.0001563 0.01016)
(0.004281 0.0001563 0.01016)
(0.004344 0.0001563 0.01016)
(0.004406 0.0001563 0.01016)
(0.004469 0.0001562 0.01016)
(0.004531 0.0001562 0.01016)
(0.004594 0.0001562 0.01016)
(0.004656 0.0001562 0.01016)
(0.004719 0.0001563 0.01016)
(0.004781 0.0001562 0.01016)
(0.004844 0.0001563 0.01016)
(0.004906 0.0001562 0.01016)
(0.004969 0.0001563 0.01016)
(0.004031 0.0002188 0.01016)
(0.004094 0.0002188 0.01016)
(0.004156 0.0002188 0.01016)
(0.004219 0.0002188 0.01016)
(0.004281 0.0002188 0.01016)
(0.004344 0.0002188 0.01016)
(0.004406 0.0002188 0.01016)
(0.004469 0.0002188 0.01016)
(0.004531 0.0002188 0.01016)
(0.004594 0.0002188 0.01016)
(0.004656 0.0002188 0.01016)
(0.004719 0.0002188 0.01016)
(0.004781 0.0002188 0.01016)
(0.004844 0.0002188 0.01016)
(0.004906 0.0002188 0.01016)
(0.004969 0.0002188 0.01016)
(0.004031 0.0002813 0.01016)
(0.004094 0.0002812 0.01016)
(0.004156 0.0002813 0.01016)
(0.004219 0.0002812 0.01016)
(0.004281 0.0002812 0.01016)
(0.004344 0.0002812 0.01016)
(0.004406 0.0002812 0.01016)
(0.004469 0.0002812 0.01016)
(0.004531 0.0002812 0.01016)
(0.004594 0.0002812 0.01016)
(0.004656 0.0002812 0.01016)
(0.004719 0.0002812 0.01016)
(0.004781 0.0002813 0.01016)
(0.004844 0.0002812 0.01016)
(0.004906 0.0002813 0.01016)
(0.004969 0.0002813 0.01016)
(0.004031 0.0003438 0.01016)
(0.004094 0.0003437 0.01016)
(0.004156 0.0003438 0.01016)
(0.004219 0.0003437 0.01016)
(0.004281 0.0003438 0.01016)
(0.004344 0.0003437 0.01016)
(0.004406 0.0003437 0.01016)
(0.004469 0.0003437 0.01016)
(0.004531 0.0003438 0.01016)
(0.004594 0.0003438 0.01016)
(0.004656 0.0003437 0.01016)
(0.004719 0.0003438 0.01016)
(0.004781 0.0003438 0.01016)
(0.004844 0.0003438 0.01016)
(0.004906 0.0003438 0.01016)
(0.004969 0.0003438 0.01016)
(0.004031 0.0004062 0.01016)
(0.004094 0.0004062 0.01016)
(0.004156 0.0004063 0.01016)
(0.004219 0.0004062 0.01016)
(0.004281 0.0004063 0.01016)
(0.004344 0.0004062 0.01016)
(0.004406 0.0004063 0.01016)
(0.004469 0.0004063 0.01016)
(0.004531 0.0004063 0.01016)
(0.004594 0.0004063 0.01016)
(0.004656 0.0004062 0.01016)
(0.004719 0.0004063 0.01016)
(0.004781 0.0004063 0.01016)
(0.004844 0.0004063 0.01016)
(0.004906 0.0004063 0.01016)
(0.004969 0.0004063 0.01016)
(0.004031 0.0004687 0.01016)
(0.004094 0.0004688 0.01016)
(0.004156 0.0004688 0.01016)
(0.004219 0.0004687 0.01016)
(0.004281 0.0004688 0.01016)
(0.004344 0.0004688 0.01016)
(0.004406 0.0004688 0.01016)
(0.004469 0.0004687 0.01016)
(0.004531 0.0004687 0.01016)
(0.004594 0.0004688 0.01016)
(0.004656 0.0004687 0.01016)
(0.004719 0.0004688 0.01016)
(0.004781 0.0004688 0.01016)
(0.004844 0.0004688 0.01016)
(0.004906 0.0004688 0.01016)
(0.004969 0.0004687 0.01016)
(0.004031 3.125e-05 0.01022)
(0.004094 3.125e-05 0.01022)
(0.004156 3.125e-05 0.01022)
(0.004219 3.125e-05 0.01022)
(0.004281 3.125e-05 0.01022)
(0.004344 3.125e-05 0.01022)
(0.004406 3.125e-05 0.01022)
(0.004469 3.125e-05 0.01022)
(0.004531 3.125e-05 0.01022)
(0.004594 3.125e-05 0.01022)
(0.004656 3.125e-05 0.01022)
(0.004719 3.125e-05 0.01022)
(0.004781 3.125e-05 0.01022)
(0.004844 3.125e-05 0.01022)
(0.004906 3.125e-05 0.01022)
(0.004969 3.125e-05 0.01022)
(0.004031 9.375e-05 0.01022)
(0.004094 9.375e-05 0.01022)
(0.004156 9.375e-05 0.01022)
(0.004219 9.375e-05 0.01022)
(0.004281 9.375e-05 0.01022)
(0.004344 9.375e-05 0.01022)
(0.004406 9.375e-05 0.01022)
(0.004469 9.375e-05 0.01022)
(0.004531 9.375e-05 0.01022)
(0.004594 9.375e-05 0.01022)
(0.004656 9.375e-05 0.01022)
(0.004719 9.375e-05 0.01022)
(0.004781 9.375e-05 0.01022)
(0.004844 9.375e-05 0.01022)
(0.004906 9.375e-05 0.01022)
(0.004969 9.375e-05 0.01022)
(0.004031 0.0001562 0.01022)
(0.004094 0.0001562 0.01022)
(0.004156 0.0001562 0.01022)
(0.004219 0.0001562 0.01022)
(0.004281 0.0001562 0.01022)
(0.004344 0.0001562 0.01022)
(0.004406 0.0001563 0.01022)
(0.004469 0.0001563 0.01022)
(0.004531 0.0001562 0.01022)
(0.004594 0.0001563 0.01022)
(0.004656 0.0001563 0.01022)
(0.004719 0.0001562 0.01022)
(0.004781 0.0001562 0.01022)
(0.004844 0.0001562 0.01022)
(0.004906 0.0001563 0.01022)
(0.004969 0.0001562 0.01022)
(0.004031 0.0002188 0.01022)
(0.004094 0.0002188 0.01022)
(0.004156 0.0002188 0.01022)
(0.004219 0.0002188 0.01022)
(0.004281 0.0002188 0.01022)
(0.004344 0.0002188 0.01022)
(0.004406 0.0002188 0.01022)
(0.004469 0.0002188 0.01022)
(0.004531 0.0002188 0.01022)
(0.004594 0.0002188 0.01022)
(0.004656 0.0002188 0.01022)
(0.004719 0.0002188 0.01022)
(0.004781 0.0002188 0.01022)
(0.004844 0.0002188 0.01022)
(0.004906 0.0002188 0.01022)
(0.004969 0.0002188 0.01022)
(0.004031 0.0002812 0.01022)
(0.004094 0.0002812 0.01022)
(0.004156 0.0002812 0.01022)
(0.004219 0.0002812 0.01022)
(0.004281 0.0002812 0.01022)
(0.004344 0.0002812 0.01022)
(0.004406 0.0002812 0.01022)
(0.004469 0.0002812 0.01022)
(0.004531 0.0002812 0.01022)
(0.004594 0.0002813 0.01022)
(0.004656 0.0002813 0.01022)
(0.004719 0.0002812 0.01022)
(0.004781 0.0002812 0.01022)
(0.004844 0.0002813 0.01022)
(0.004906 0.0002812 0.01022)
(0.004969 0.0002812 0.01022)
(0.004031 0.0003437 0.01022)
(0.004094 0.0003437 0.01022)
(0.004156 0.0003438 0.01022)
(0.004219 0.0003437 0.01022)
(0.004281 0.0003437 0.01022)
(0.004344 0.0003437 0.01022)
(0.004406 0.0003437 0.01022)
(0.004469 0.0003438 0.01022)
(0.004531 0.0003437 0.01022)
(0.004594 0.0003438 0.01022)
(0.004656 0.0003438 0.01022)
(0.004719 0.0003437 0.01022)
(0.004781 0.0003438 0.01022)
(0.004844 0.0003438 0.01022)
(0.004906 0.0003438 0.01022)
(0.004969 0.0003437 0.01022)
(0.004031 0.0004062 0.01022)
(0.004094 0.0004062 0.01022)
(0.004156 0.0004062 0.01022)
(0.004219 0.0004062 0.01022)
(0.004281 0.0004062 0.01022)
(0.004344 0.0004062 0.01022)
(0.004406 0.0004063 0.01022)
(0.004469 0.0004063 0.01022)
(0.004531 0.0004062 0.01022)
(0.004594 0.0004063 0.01022)
(0.004656 0.0004062 0.01022)
(0.004719 0.0004062 0.01022)
(0.004781 0.0004062 0.01022)
(0.004844 0.0004063 0.01022)
(0.004906 0.0004062 0.01022)
(0.004969 0.0004062 0.01022)
(0.004031 0.0004688 0.01022)
(0.004094 0.0004687 0.01022)
(0.004156 0.0004687 0.01022)
(0.004219 0.0004687 0.01022)
(0.004281 0.0004687 0.01022)
(0.004344 0.0004687 0.01022)
(0.004406 0.0004688 0.01022)
(0.004469 0.0004688 0.01022)
(0.004531 0.0004687 0.01022)
(0.004594 0.0004688 0.01022)
(0.004656 0.0004688 0.01022)
(0.004719 0.0004688 0.01022)
(0.004781 0.0004687 0.01022)
(0.004844 0.0004688 0.01022)
(0.004906 0.0004687 0.01022)
(0.004969 0.0004687 0.01022)
(0.004031 3.125e-05 0.01028)
(0.004094 3.125e-05 0.01028)
(0.004156 3.125e-05 0.01028)
(0.004219 3.125e-05 0.01028)
(0.004281 3.125e-05 0.01028)
(0.004344 3.125e-05 0.01028)
(0.004406 3.125e-05 0.01028)
(0.004469 3.125e-05 0.01028)
(0.004531 3.125e-05 0.01028)
(0.004594 3.125e-05 0.01028)
(0.004656 3.125e-05 0.01028)
(0.004719 3.125e-05 0.01028)
(0.004781 3.125e-05 0.01028)
(0.004844 3.125e-05 0.01028)
(0.004906 3.125e-05 0.01028)
(0.004969 3.125e-05 0.01028)
(0.004031 9.375e-05 0.01028)
(0.004094 9.375e-05 0.01028)
(0.004156 9.375e-05 0.01028)
(0.004219 9.375e-05 0.01028)
(0.004281 9.375e-05 0.01028)
(0.004344 9.375e-05 0.01028)
(0.004406 9.375e-05 0.01028)
(0.004469 9.375e-05 0.01028)
(0.004531 9.375e-05 0.01028)
(0.004594 9.375e-05 0.01028)
(0.004656 9.375e-05 0.01028)
(0.004719 9.375e-05 0.01028)
(0.004781 9.375e-05 0.01028)
(0.004844 9.375e-05 0.01028)
(0.004906 9.375e-05 0.01028)
(0.004969 9.375e-05 0.01028)
(0.004031 0.0001563 0.01028)
(0.004094 0.0001562 0.01028)
(0.004156 0.0001563 0.01028)
(0.004219 0.0001562 0.01028)
(0.004281 0.0001563 0.01028)
(0.004344 0.0001563 0.01028)
(0.004406 0.0001563 0.01028)
(0.004469 0.0001562 0.01028)
(0.004531 0.0001562 0.01028)
(0.004594 0.0001563 0.01028)
(0.004656 0.0001563 0.01028)
(0.004719 0.0001563 0.01028)
(0.004781 0.0001562 0.01028)
(0.004844 0.0001563 0.01028)
(0.004906 0.0001563 0.01028)
(0.004969 0.0001563 0.01028)
(0.004031 0.0002188 0.01028)
(0.004094 0.0002188 0.01028)
(0.004156 0.0002188 0.01028)
(0.004219 0.0002188 0.01028)
(0.004281 0.0002188 0.01028)
(0.004344 0.0002188 0.01028)
(0.004406 0.0002188 0.01028)
(0.004469 0.0002187 0.01028)
(0.004531 0.0002188 0.01028)
(0.004594 0.0002188 0.01028)
(0.004656 0.0002187 0.01028)
(0.004719 0.0002188 0.01028)
(0.004781 0.0002188 0.01028)
(0.004844 0.0002188 0.01028)
(0.004906 0.0002188 0.01028)
(0.004969 0.0002188 0.01028)
(0.004031 0.0002813 0.01028)
(0.004094 0.0002813 0.01028)
(0.004156 0.0002813 0.01028)
(0.004219 0.0002813 0.01028)
(0.004281 0.0002813 0.01028)
(0.004344 0.0002813 0.01028)
(0.004406 0.0002812 0.01028)
(0.004469 0.0002812 0.01028)
(0.004531 0.0002813 0.01028)
(0.004594 0.0002812 0.01028)
(0.004656 0.0002812 0.01028)
(0.004719 0.0002813 0.01028)
(0.004781 0.0002813 0.01028)
(0.004844 0.0002812 0.01028)
(0.004906 0.0002813 0.01028)
(0.004969 0.0002813 0.01028)
(0.004031 0.0003438 0.01028)
(0.004094 0.0003437 0.01028)
(0.004156 0.0003438 0.01028)
(0.004219 0.0003437 0.01028)
(0.004281 0.0003438 0.01028)
(0.004344 0.0003437 0.01028)
(0.004406 0.0003437 0.01028)
(0.004469 0.0003437 0.01028)
(0.004531 0.0003438 0.01028)
(0.004594 0.0003437 0.01028)
(0.004656 0.0003437 0.01028)
(0.004719 0.0003438 0.01028)
(0.004781 0.0003438 0.01028)
(0.004844 0.0003437 0.01028)
(0.004906 0.0003438 0.01028)
(0.004969 0.0003438 0.01028)
(0.004031 0.0004062 0.01028)
(0.004094 0.0004062 0.01028)
(0.004156 0.0004063 0.01028)
(0.004219 0.0004062 0.01028)
(0.004281 0.0004062 0.01028)
(0.004344 0.0004062 0.01028)
(0.004406 0.0004063 0.01028)
(0.004469 0.0004062 0.01028)
(0.004531 0.0004063 0.01028)
(0.004594 0.0004063 0.01028)
(0.004656 0.0004062 0.01028)
(0.004719 0.0004062 0.01028)
(0.004781 0.0004063 0.01028)
(0.004844 0.0004063 0.01028)
(0.004906 0.0004063 0.01028)
(0.004969 0.0004062 0.01028)
(0.004031 0.0004687 0.01028)
(0.004094 0.0004688 0.01028)
(0.004156 0.0004688 0.01028)
(0.004219 0.0004688 0.01028)
(0.004281 0.0004687 0.01028)
(0.004344 0.0004688 0.01028)
(0.004406 0.0004687 0.01028)
(0.004469 0.0004687 0.01028)
(0.004531 0.0004688 0.01028)
(0.004594 0.0004687 0.01028)
(0.004656 0.0004688 0.01028)
(0.004719 0.0004688 0.01028)
(0.004781 0.0004688 0.01028)
(0.004844 0.0004687 0.01028)
(0.004906 0.0004688 0.01028)
(0.004969 0.0004687 0.01028)
(0.004031 3.125e-05 0.01034)
(0.004094 3.125e-05 0.01034)
(0.004156 3.125e-05 0.01034)
(0.004219 3.125e-05 0.01034)
(0.004281 3.125e-05 0.01034)
(0.004344 3.125e-05 0.01034)
(0.004406 3.125e-05 0.01034)
(0.004469 3.125e-05 0.01034)
(0.004531 3.125e-05 0.01034)
(0.004594 3.125e-05 0.01034)
(0.004656 3.125e-05 0.01034)
(0.004719 3.125e-05 0.01034)
(0.004781 3.125e-05 0.01034)
(0.004844 3.125e-05 0.01034)
(0.004906 3.125e-05 0.01034)
(0.004969 3.125e-05 0.01034)
(0.004031 9.375e-05 0.01034)
(0.004094 9.375e-05 0.01034)
(0.004156 9.375e-05 0.01034)
(0.004219 9.375e-05 0.01034)
(0.004281 9.375e-05 0.01034)
(0.004344 9.375e-05 0.01034)
(0.004406 9.375e-05 0.01034)
(0.004469 9.375e-05 0.01034)
(0.004531 9.375e-05 0.01034)
(0.004594 9.375e-05 0.01034)
(0.004656 9.375e-05 0.01034)
(0.004719 9.375e-05 0.01034)
(0.004781 9.375e-05 0.01034)
(0.004844 9.375e-05 0.01034)
(0.004906 9.375e-05 0.01034)
(0.004969 9.375e-05 0.01034)
(0.004031 0.0001562 0.01034)
(0.004094 0.0001562 0.01034)
(0.004156 0.0001562 0.01034)
(0.004219 0.0001562 0.01034)
(0.004281 0.0001562 0.01034)
(0.004344 0.0001562 0.01034)
(0.004406 0.0001563 0.01034)
(0.004469 0.0001563 0.01034)
(0.004531 0.0001562 0.01034)
(0.004594 0.0001563 0.01034)
(0.004656 0.0001563 0.01034)
(0.004719 0.0001562 0.01034)
(0.004781 0.0001562 0.01034)
(0.004844 0.0001562 0.01034)
(0.004906 0.0001563 0.01034)
(0.004969 0.0001562 0.01034)
(0.004031 0.0002188 0.01034)
(0.004094 0.0002188 0.01034)
(0.004156 0.0002188 0.01034)
(0.004219 0.0002188 0.01034)
(0.004281 0.0002188 0.01034)
(0.004344 0.0002188 0.01034)
(0.004406 0.0002188 0.01034)
(0.004469 0.0002188 0.01034)
(0.004531 0.0002188 0.01034)
(0.004594 0.0002188 0.01034)
(0.004656 0.0002188 0.01034)
(0.004719 0.0002188 0.01034)
(0.004781 0.0002188 0.01034)
(0.004844 0.0002188 0.01034)
(0.004906 0.0002188 0.01034)
(0.004969 0.0002188 0.01034)
(0.004031 0.0002812 0.01034)
(0.004094 0.0002812 0.01034)
(0.004156 0.0002812 0.01034)
(0.004219 0.0002812 0.01034)
(0.004281 0.0002812 0.01034)
(0.004344 0.0002812 0.01034)
(0.004406 0.0002812 0.01034)
(0.004469 0.0002812 0.01034)
(0.004531 0.0002812 0.01034)
(0.004594 0.0002813 0.01034)
(0.004656 0.0002813 0.01034)
(0.004719 0.0002812 0.01034)
(0.004781 0.0002812 0.01034)
(0.004844 0.0002813 0.01034)
(0.004906 0.0002812 0.01034)
(0.004969 0.0002812 0.01034)
(0.004031 0.0003437 0.01034)
(0.004094 0.0003437 0.01034)
(0.004156 0.0003438 0.01034)
(0.004219 0.0003437 0.01034)
(0.004281 0.0003437 0.01034)
(0.004344 0.0003437 0.01034)
(0.004406 0.0003437 0.01034)
(0.004469 0.0003438 0.01034)
(0.004531 0.0003437 0.01034)
(0.004594 0.0003438 0.01034)
(0.004656 0.0003438 0.01034)
(0.004719 0.0003437 0.01034)
(0.004781 0.0003438 0.01034)
(0.004844 0.0003438 0.01034)
(0.004906 0.0003438 0.01034)
(0.004969 0.0003437 0.01034)
(0.004031 0.0004062 0.01034)
(0.004094 0.0004062 0.01034)
(0.004156 0.0004062 0.01034)
(0.004219 0.0004062 0.01034)
(0.004281 0.0004062 0.01034)
(0.004344 0.0004062 0.01034)
(0.004406 0.0004063 0.01034)
(0.004469 0.0004063 0.01034)
(0.004531 0.0004062 0.01034)
(0.004594 0.0004063 0.01034)
(0.004656 0.0004062 0.01034)
(0.004719 0.0004062 0.01034)
(0.004781 0.0004062 0.01034)
(0.004844 0.0004063 0.01034)
(0.004906 0.0004062 0.01034)
(0.004969 0.0004062 0.01034)
(0.004031 0.0004688 0.01034)
(0.004094 0.0004687 0.01034)
(0.004156 0.0004687 0.01034)
(0.004219 0.0004687 0.01034)
(0.004281 0.0004687 0.01034)
(0.004344 0.0004687 0.01034)
(0.004406 0.0004687 0.01034)
(0.004469 0.0004688 0.01034)
(0.004531 0.0004687 0.01034)
(0.004594 0.0004688 0.01034)
(0.004656 0.0004688 0.01034)
(0.004719 0.0004688 0.01034)
(0.004781 0.0004687 0.01034)
(0.004844 0.0004688 0.01034)
(0.004906 0.0004687 0.01034)
(0.004969 0.0004687 0.01034)
(0.004031 3.125e-05 0.01041)
(0.004094 3.125e-05 0.01041)
(0.004156 3.125e-05 0.01041)
(0.004219 3.125e-05 0.01041)
(0.004281 3.125e-05 0.01041)
(0.004344 3.125e-05 0.01041)
(0.004406 3.125e-05 0.01041)
(0.004469 3.125e-05 0.01041)
(0.004531 3.125e-05 0.01041)
(0.004594 3.125e-05 0.01041)
(0.004656 3.125e-05 0.01041)
(0.004719 3.125e-05 0.01041)
(0.004781 3.125e-05 0.01041)
(0.004844 3.125e-05 0.01041)
(0.004906 3.125e-05 0.01041)
(0.004969 3.125e-05 0.01041)
(0.004031 9.375e-05 0.01041)
(0.004094 9.375e-05 0.01041)
(0.004156 9.375e-05 0.01041)
(0.004219 9.375e-05 0.01041)
(0.004281 9.375e-05 0.01041)
(0.004344 9.375e-05 0.01041)
(0.004406 9.375e-05 0.01041)
(0.004469 9.375e-05 0.01041)
(0.004531 9.375e-05 0.01041)
(0.004594 9.375e-05 0.01041)
(0.004656 9.375e-05 0.01041)
(0.004719 9.375e-05 0.01041)
(0.004781 9.375e-05 0.01041)
(0.004844 9.375e-05 0.01041)
(0.004906 9.375e-05 0.01041)
(0.004969 9.375e-05 0.01041)
(0.004031 0.0001563 0.01041)
(0.004094 0.0001562 0.01041)
(0.004156 0.0001562 0.01041)
(0.004219 0.0001562 0.01041)
(0.004281 0.0001562 0.01041)
(0.004344 0.0001562 0.01041)
(0.004406 0.0001563 0.01041)
(0.004469 0.0001563 0.01041)
(0.004531 0.0001562 0.01041)
(0.004594 0.0001563 0.01041)
(0.004656 0.0001563 0.01041)
(0.004719 0.0001562 0.01041)
(0.004781 0.0001562 0.01041)
(0.004844 0.0001562 0.01041)
(0.004906 0.0001563 0.01041)
(0.004969 0.0001562 0.01041)
(0.004031 0.0002188 0.01041)
(0.004094 0.0002188 0.01041)
(0.004156 0.0002188 0.01041)
(0.004219 0.0002188 0.01041)
(0.004281 0.0002188 0.01041)
(0.004344 0.0002188 0.01041)
(0.004406 0.0002188 0.01041)
(0.004469 0.0002188 0.01041)
(0.004531 0.0002188 0.01041)
(0.004594 0.0002188 0.01041)
(0.004656 0.0002188 0.01041)
(0.004719 0.0002188 0.01041)
(0.004781 0.0002188 0.01041)
(0.004844 0.0002188 0.01041)
(0.004906 0.0002188 0.01041)
(0.004969 0.0002188 0.01041)
(0.004031 0.0002813 0.01041)
(0.004094 0.0002812 0.01041)
(0.004156 0.0002812 0.01041)
(0.004219 0.0002812 0.01041)
(0.004281 0.0002812 0.01041)
(0.004344 0.0002812 0.01041)
(0.004406 0.0002812 0.01041)
(0.004469 0.0002812 0.01041)
(0.004531 0.0002812 0.01041)
(0.004594 0.0002813 0.01041)
(0.004656 0.0002813 0.01041)
(0.004719 0.0002812 0.01041)
(0.004781 0.0002812 0.01041)
(0.004844 0.0002813 0.01041)
(0.004906 0.0002812 0.01041)
(0.004969 0.0002812 0.01041)
(0.004031 0.0003438 0.01041)
(0.004094 0.0003438 0.01041)
(0.004156 0.0003437 0.01041)
(0.004219 0.0003438 0.01041)
(0.004281 0.0003438 0.01041)
(0.004344 0.0003438 0.01041)
(0.004406 0.0003437 0.01041)
(0.004469 0.0003437 0.01041)
(0.004531 0.0003438 0.01041)
(0.004594 0.0003438 0.01041)
(0.004656 0.0003437 0.01041)
(0.004719 0.0003438 0.01041)
(0.004781 0.0003437 0.01041)
(0.004844 0.0003438 0.01041)
(0.004906 0.0003437 0.01041)
(0.004969 0.0003437 0.01041)
(0.004031 0.0004063 0.01041)
(0.004094 0.0004062 0.01041)
(0.004156 0.0004062 0.01041)
(0.004219 0.0004062 0.01041)
(0.004281 0.0004063 0.01041)
(0.004344 0.0004062 0.01041)
(0.004406 0.0004063 0.01041)
(0.004469 0.0004063 0.01041)
(0.004531 0.0004063 0.01041)
(0.004594 0.0004063 0.01041)
(0.004656 0.0004062 0.01041)
(0.004719 0.0004063 0.01041)
(0.004781 0.0004062 0.01041)
(0.004844 0.0004063 0.01041)
(0.004906 0.0004062 0.01041)
(0.004969 0.0004062 0.01041)
(0.004031 0.0004688 0.01041)
(0.004094 0.0004687 0.01041)
(0.004156 0.0004687 0.01041)
(0.004219 0.0004687 0.01041)
(0.004281 0.0004687 0.01041)
(0.004344 0.0004687 0.01041)
(0.004406 0.0004687 0.01041)
(0.004469 0.0004688 0.01041)
(0.004531 0.0004687 0.01041)
(0.004594 0.0004688 0.01041)
(0.004656 0.0004687 0.01041)
(0.004719 0.0004687 0.01041)
(0.004781 0.0004687 0.01041)
(0.004844 0.0004688 0.01041)
(0.004906 0.0004687 0.01041)
(0.004969 0.0004687 0.01041)
(0.004031 3.125e-05 0.01047)
(0.004094 3.125e-05 0.01047)
(0.004156 3.125e-05 0.01047)
(0.004219 3.125e-05 0.01047)
(0.004281 3.125e-05 0.01047)
(0.004344 3.125e-05 0.01047)
(0.004406 3.125e-05 0.01047)
(0.004469 3.125e-05 0.01047)
(0.004531 3.125e-05 0.01047)
(0.004594 3.125e-05 0.01047)
(0.004656 3.125e-05 0.01047)
(0.004719 3.125e-05 0.01047)
(0.004781 3.125e-05 0.01047)
(0.004844 3.125e-05 0.01047)
(0.004906 3.125e-05 0.01047)
(0.004969 3.125e-05 0.01047)
(0.004031 9.375e-05 0.01047)
(0.004094 9.375e-05 0.01047)
(0.004156 9.375e-05 0.01047)
(0.004219 9.375e-05 0.01047)
(0.004281 9.375e-05 0.01047)
(0.004344 9.375e-05 0.01047)
(0.004406 9.375e-05 0.01047)
(0.004469 9.375e-05 0.01047)
(0.004531 9.375e-05 0.01047)
(0.004594 9.375e-05 0.01047)
(0.004656 9.375e-05 0.01047)
(0.004719 9.375e-05 0.01047)
(0.004781 9.375e-05 0.01047)
(0.004844 9.375e-05 0.01047)
(0.004906 9.375e-05 0.01047)
(0.004969 9.375e-05 0.01047)
(0.004031 0.0001563 0.01047)
(0.004094 0.0001562 0.01047)
(0.004156 0.0001562 0.01047)
(0.004219 0.0001562 0.01047)
(0.004281 0.0001562 0.01047)
(0.004344 0.0001562 0.01047)
(0.004406 0.0001563 0.01047)
(0.004469 0.0001563 0.01047)
(0.004531 0.0001562 0.01047)
(0.004594 0.0001563 0.01047)
(0.004656 0.0001563 0.01047)
(0.004719 0.0001562 0.01047)
(0.004781 0.0001562 0.01047)
(0.004844 0.0001562 0.01047)
(0.004906 0.0001563 0.01047)
(0.004969 0.0001562 0.01047)
(0.004031 0.0002188 0.01047)
(0.004094 0.0002188 0.01047)
(0.004156 0.0002188 0.01047)
(0.004219 0.0002188 0.01047)
(0.004281 0.0002188 0.01047)
(0.004344 0.0002188 0.01047)
(0.004406 0.0002188 0.01047)
(0.004469 0.0002188 0.01047)
(0.004531 0.0002188 0.01047)
(0.004594 0.0002188 0.01047)
(0.004656 0.0002188 0.01047)
(0.004719 0.0002188 0.01047)
(0.004781 0.0002188 0.01047)
(0.004844 0.0002188 0.01047)
(0.004906 0.0002188 0.01047)
(0.004969 0.0002188 0.01047)
(0.004031 0.0002812 0.01047)
(0.004094 0.0002812 0.01047)
(0.004156 0.0002812 0.01047)
(0.004219 0.0002812 0.01047)
(0.004281 0.0002812 0.01047)
(0.004344 0.0002812 0.01047)
(0.004406 0.0002812 0.01047)
(0.004469 0.0002812 0.01047)
(0.004531 0.0002812 0.01047)
(0.004594 0.0002813 0.01047)
(0.004656 0.0002813 0.01047)
(0.004719 0.0002812 0.01047)
(0.004781 0.0002812 0.01047)
(0.004844 0.0002813 0.01047)
(0.004906 0.0002812 0.01047)
(0.004969 0.0002812 0.01047)
(0.004031 0.0003437 0.01047)
(0.004094 0.0003437 0.01047)
(0.004156 0.0003438 0.01047)
(0.004219 0.0003437 0.01047)
(0.004281 0.0003438 0.01047)
(0.004344 0.0003437 0.01047)
(0.004406 0.0003437 0.01047)
(0.004469 0.0003438 0.01047)
(0.004531 0.0003437 0.01047)
(0.004594 0.0003437 0.01047)
(0.004656 0.0003438 0.01047)
(0.004719 0.0003438 0.01047)
(0.004781 0.0003438 0.01047)
(0.004844 0.0003437 0.01047)
(0.004906 0.0003438 0.01047)
(0.004969 0.0003438 0.01047)
(0.004031 0.0004062 0.01047)
(0.004094 0.0004062 0.01047)
(0.004156 0.0004062 0.01047)
(0.004219 0.0004062 0.01047)
(0.004281 0.0004062 0.01047)
(0.004344 0.0004062 0.01047)
(0.004406 0.0004063 0.01047)
(0.004469 0.0004063 0.01047)
(0.004531 0.0004063 0.01047)
(0.004594 0.0004063 0.01047)
(0.004656 0.0004063 0.01047)
(0.004719 0.0004062 0.01047)
(0.004781 0.0004062 0.01047)
(0.004844 0.0004063 0.01047)
(0.004906 0.0004062 0.01047)
(0.004969 0.0004062 0.01047)
(0.004031 0.0004687 0.01047)
(0.004094 0.0004687 0.01047)
(0.004156 0.0004687 0.01047)
(0.004219 0.0004687 0.01047)
(0.004281 0.0004687 0.01047)
(0.004344 0.0004687 0.01047)
(0.004406 0.0004687 0.01047)
(0.004469 0.0004688 0.01047)
(0.004531 0.0004687 0.01047)
(0.004594 0.0004687 0.01047)
(0.004656 0.0004687 0.01047)
(0.004719 0.0004688 0.01047)
(0.004781 0.0004687 0.01047)
(0.004844 0.0004687 0.01047)
(0.004906 0.0004687 0.01047)
(0.004969 0.0004687 0.01047)
(0.004031 3.125e-05 0.01053)
(0.004094 3.125e-05 0.01053)
(0.004156 3.125e-05 0.01053)
(0.004219 3.125e-05 0.01053)
(0.004281 3.125e-05 0.01053)
(0.004344 3.125e-05 0.01053)
(0.004406 3.125e-05 0.01053)
(0.004469 3.125e-05 0.01053)
(0.004531 3.125e-05 0.01053)
(0.004594 3.125e-05 0.01053)
(0.004656 3.125e-05 0.01053)
(0.004719 3.125e-05 0.01053)
(0.004781 3.125e-05 0.01053)
(0.004844 3.125e-05 0.01053)
(0.004906 3.125e-05 0.01053)
(0.004969 3.125e-05 0.01053)
(0.004031 9.375e-05 0.01053)
(0.004094 9.375e-05 0.01053)
(0.004156 9.375e-05 0.01053)
(0.004219 9.375e-05 0.01053)
(0.004281 9.375e-05 0.01053)
(0.004344 9.375e-05 0.01053)
(0.004406 9.375e-05 0.01053)
(0.004469 9.375e-05 0.01053)
(0.004531 9.375e-05 0.01053)
(0.004594 9.375e-05 0.01053)
(0.004656 9.375e-05 0.01053)
(0.004719 9.375e-05 0.01053)
(0.004781 9.375e-05 0.01053)
(0.004844 9.375e-05 0.01053)
(0.004906 9.375e-05 0.01053)
(0.004969 9.375e-05 0.01053)
(0.004031 0.0001563 0.01053)
(0.004094 0.0001562 0.01053)
(0.004156 0.0001562 0.01053)
(0.004219 0.0001562 0.01053)
(0.004281 0.0001562 0.01053)
(0.004344 0.0001562 0.01053)
(0.004406 0.0001563 0.01053)
(0.004469 0.0001563 0.01053)
(0.004531 0.0001562 0.01053)
(0.004594 0.0001563 0.01053)
(0.004656 0.0001563 0.01053)
(0.004719 0.0001562 0.01053)
(0.004781 0.0001562 0.01053)
(0.004844 0.0001562 0.01053)
(0.004906 0.0001563 0.01053)
(0.004969 0.0001562 0.01053)
(0.004031 0.0002188 0.01053)
(0.004094 0.0002188 0.01053)
(0.004156 0.0002188 0.01053)
(0.004219 0.0002188 0.01053)
(0.004281 0.0002188 0.01053)
(0.004344 0.0002188 0.01053)
(0.004406 0.0002188 0.01053)
(0.004469 0.0002188 0.01053)
(0.004531 0.0002188 0.01053)
(0.004594 0.0002188 0.01053)
(0.004656 0.0002188 0.01053)
(0.004719 0.0002188 0.01053)
(0.004781 0.0002188 0.01053)
(0.004844 0.0002188 0.01053)
(0.004906 0.0002188 0.01053)
(0.004969 0.0002188 0.01053)
(0.004031 0.0002813 0.01053)
(0.004094 0.0002812 0.01053)
(0.004156 0.0002812 0.01053)
(0.004219 0.0002812 0.01053)
(0.004281 0.0002812 0.01053)
(0.004344 0.0002812 0.01053)
(0.004406 0.0002812 0.01053)
(0.004469 0.0002812 0.01053)
(0.004531 0.0002812 0.01053)
(0.004594 0.0002813 0.01053)
(0.004656 0.0002813 0.01053)
(0.004719 0.0002812 0.01053)
(0.004781 0.0002812 0.01053)
(0.004844 0.0002813 0.01053)
(0.004906 0.0002812 0.01053)
(0.004969 0.0002812 0.01053)
(0.004031 0.0003438 0.01053)
(0.004094 0.0003437 0.01053)
(0.004156 0.0003438 0.01053)
(0.004219 0.0003437 0.01053)
(0.004281 0.0003438 0.01053)
(0.004344 0.0003437 0.01053)
(0.004406 0.0003437 0.01053)
(0.004469 0.0003438 0.01053)
(0.004531 0.0003437 0.01053)
(0.004594 0.0003437 0.01053)
(0.004656 0.0003438 0.01053)
(0.004719 0.0003438 0.01053)
(0.004781 0.0003438 0.01053)
(0.004844 0.0003437 0.01053)
(0.004906 0.0003438 0.01053)
(0.004969 0.0003438 0.01053)
(0.004031 0.0004062 0.01053)
(0.004094 0.0004062 0.01053)
(0.004156 0.0004063 0.01053)
(0.004219 0.0004062 0.01053)
(0.004281 0.0004062 0.01053)
(0.004344 0.0004062 0.01053)
(0.004406 0.0004063 0.01053)
(0.004469 0.0004063 0.01053)
(0.004531 0.0004063 0.01053)
(0.004594 0.0004063 0.01053)
(0.004656 0.0004063 0.01053)
(0.004719 0.0004062 0.01053)
(0.004781 0.0004063 0.01053)
(0.004844 0.0004063 0.01053)
(0.004906 0.0004063 0.01053)
(0.004969 0.0004062 0.01053)
(0.004031 0.0004687 0.01053)
(0.004094 0.0004688 0.01053)
(0.004156 0.0004688 0.01053)
(0.004219 0.0004688 0.01053)
(0.004281 0.0004687 0.01053)
(0.004344 0.0004688 0.01053)
(0.004406 0.0004687 0.01053)
(0.004469 0.0004687 0.01053)
(0.004531 0.0004688 0.01053)
(0.004594 0.0004687 0.01053)
(0.004656 0.0004688 0.01053)
(0.004719 0.0004688 0.01053)
(0.004781 0.0004688 0.01053)
(0.004844 0.0004687 0.01053)
(0.004906 0.0004688 0.01053)
(0.004969 0.0004687 0.01053)
(0.004031 3.125e-05 0.01059)
(0.004094 3.125e-05 0.01059)
(0.004156 3.125e-05 0.01059)
(0.004219 3.125e-05 0.01059)
(0.004281 3.125e-05 0.01059)
(0.004344 3.125e-05 0.01059)
(0.004406 3.125e-05 0.01059)
(0.004469 3.125e-05 0.01059)
(0.004531 3.125e-05 0.01059)
(0.004594 3.125e-05 0.01059)
(0.004656 3.125e-05 0.01059)
(0.004719 3.125e-05 0.01059)
(0.004781 3.125e-05 0.01059)
(0.004844 3.125e-05 0.01059)
(0.004906 3.125e-05 0.01059)
(0.004969 3.125e-05 0.01059)
(0.004031 9.375e-05 0.01059)
(0.004094 9.375e-05 0.01059)
(0.004156 9.375e-05 0.01059)
(0.004219 9.375e-05 0.01059)
(0.004281 9.375e-05 0.01059)
(0.004344 9.375e-05 0.01059)
(0.004406 9.375e-05 0.01059)
(0.004469 9.375e-05 0.01059)
(0.004531 9.375e-05 0.01059)
(0.004594 9.375e-05 0.01059)
(0.004656 9.375e-05 0.01059)
(0.004719 9.375e-05 0.01059)
(0.004781 9.375e-05 0.01059)
(0.004844 9.375e-05 0.01059)
(0.004906 9.375e-05 0.01059)
(0.004969 9.375e-05 0.01059)
(0.004031 0.0001563 0.01059)
(0.004094 0.0001563 0.01059)
(0.004156 0.0001563 0.01059)
(0.004219 0.0001563 0.01059)
(0.004281 0.0001563 0.01059)
(0.004344 0.0001563 0.01059)
(0.004406 0.0001563 0.01059)
(0.004469 0.0001562 0.01059)
(0.004531 0.0001562 0.01059)
(0.004594 0.0001562 0.01059)
(0.004656 0.0001562 0.01059)
(0.004719 0.0001563 0.01059)
(0.004781 0.0001562 0.01059)
(0.004844 0.0001563 0.01059)
(0.004906 0.0001562 0.01059)
(0.004969 0.0001563 0.01059)
(0.004031 0.0002188 0.01059)
(0.004094 0.0002188 0.01059)
(0.004156 0.0002188 0.01059)
(0.004219 0.0002188 0.01059)
(0.004281 0.0002188 0.01059)
(0.004344 0.0002188 0.01059)
(0.004406 0.0002188 0.01059)
(0.004469 0.0002188 0.01059)
(0.004531 0.0002188 0.01059)
(0.004594 0.0002188 0.01059)
(0.004656 0.0002188 0.01059)
(0.004719 0.0002188 0.01059)
(0.004781 0.0002188 0.01059)
(0.004844 0.0002188 0.01059)
(0.004906 0.0002188 0.01059)
(0.004969 0.0002188 0.01059)
(0.004031 0.0002813 0.01059)
(0.004094 0.0002812 0.01059)
(0.004156 0.0002813 0.01059)
(0.004219 0.0002812 0.01059)
(0.004281 0.0002812 0.01059)
(0.004344 0.0002812 0.01059)
(0.004406 0.0002812 0.01059)
(0.004469 0.0002812 0.01059)
(0.004531 0.0002812 0.01059)
(0.004594 0.0002812 0.01059)
(0.004656 0.0002812 0.01059)
(0.004719 0.0002812 0.01059)
(0.004781 0.0002813 0.01059)
(0.004844 0.0002812 0.01059)
(0.004906 0.0002813 0.01059)
(0.004969 0.0002813 0.01059)
(0.004031 0.0003438 0.01059)
(0.004094 0.0003437 0.01059)
(0.004156 0.0003438 0.01059)
(0.004219 0.0003437 0.01059)
(0.004281 0.0003438 0.01059)
(0.004344 0.0003437 0.01059)
(0.004406 0.0003437 0.01059)
(0.004469 0.0003438 0.01059)
(0.004531 0.0003437 0.01059)
(0.004594 0.0003438 0.01059)
(0.004656 0.0003438 0.01059)
(0.004719 0.0003438 0.01059)
(0.004781 0.0003438 0.01059)
(0.004844 0.0003438 0.01059)
(0.004906 0.0003438 0.01059)
(0.004969 0.0003438 0.01059)
(0.004031 0.0004063 0.01059)
(0.004094 0.0004062 0.01059)
(0.004156 0.0004062 0.01059)
(0.004219 0.0004062 0.01059)
(0.004281 0.0004062 0.01059)
(0.004344 0.0004062 0.01059)
(0.004406 0.0004063 0.01059)
(0.004469 0.0004063 0.01059)
(0.004531 0.0004062 0.01059)
(0.004594 0.0004063 0.01059)
(0.004656 0.0004062 0.01059)
(0.004719 0.0004062 0.01059)
(0.004781 0.0004062 0.01059)
(0.004844 0.0004063 0.01059)
(0.004906 0.0004062 0.01059)
(0.004969 0.0004062 0.01059)
(0.004031 0.0004687 0.01059)
(0.004094 0.0004687 0.01059)
(0.004156 0.0004687 0.01059)
(0.004219 0.0004687 0.01059)
(0.004281 0.0004687 0.01059)
(0.004344 0.0004687 0.01059)
(0.004406 0.0004688 0.01059)
(0.004469 0.0004688 0.01059)
(0.004531 0.0004687 0.01059)
(0.004594 0.0004687 0.01059)
(0.004656 0.0004687 0.01059)
(0.004719 0.0004688 0.01059)
(0.004781 0.0004687 0.01059)
(0.004844 0.0004687 0.01059)
(0.004906 0.0004687 0.01059)
(0.004969 0.0004687 0.01059)
(0.004031 3.125e-05 0.01066)
(0.004094 3.125e-05 0.01066)
(0.004156 3.125e-05 0.01066)
(0.004219 3.125e-05 0.01066)
(0.004281 3.125e-05 0.01066)
(0.004344 3.125e-05 0.01066)
(0.004406 3.125e-05 0.01066)
(0.004469 3.125e-05 0.01066)
(0.004531 3.125e-05 0.01066)
(0.004594 3.125e-05 0.01066)
(0.004656 3.125e-05 0.01066)
(0.004719 3.125e-05 0.01066)
(0.004781 3.125e-05 0.01066)
(0.004844 3.125e-05 0.01066)
(0.004906 3.125e-05 0.01066)
(0.004969 3.125e-05 0.01066)
(0.004031 9.375e-05 0.01066)
(0.004094 9.375e-05 0.01066)
(0.004156 9.375e-05 0.01066)
(0.004219 9.375e-05 0.01066)
(0.004281 9.375e-05 0.01066)
(0.004344 9.375e-05 0.01066)
(0.004406 9.375e-05 0.01066)
(0.004469 9.375e-05 0.01066)
(0.004531 9.375e-05 0.01066)
(0.004594 9.375e-05 0.01066)
(0.004656 9.375e-05 0.01066)
(0.004719 9.375e-05 0.01066)
(0.004781 9.375e-05 0.01066)
(0.004844 9.375e-05 0.01066)
(0.004906 9.375e-05 0.01066)
(0.004969 9.375e-05 0.01066)
(0.004031 0.0001563 0.01066)
(0.004094 0.0001562 0.01066)
(0.004156 0.0001563 0.01066)
(0.004219 0.0001562 0.01066)
(0.004281 0.0001563 0.01066)
(0.004344 0.0001563 0.01066)
(0.004406 0.0001563 0.01066)
(0.004469 0.0001562 0.01066)
(0.004531 0.0001562 0.01066)
(0.004594 0.0001562 0.01066)
(0.004656 0.0001562 0.01066)
(0.004719 0.0001563 0.01066)
(0.004781 0.0001562 0.01066)
(0.004844 0.0001563 0.01066)
(0.004906 0.0001562 0.01066)
(0.004969 0.0001563 0.01066)
(0.004031 0.0002187 0.01066)
(0.004094 0.0002188 0.01066)
(0.004156 0.0002188 0.01066)
(0.004219 0.0002188 0.01066)
(0.004281 0.0002188 0.01066)
(0.004344 0.0002188 0.01066)
(0.004406 0.0002188 0.01066)
(0.004469 0.0002188 0.01066)
(0.004531 0.0002188 0.01066)
(0.004594 0.0002188 0.01066)
(0.004656 0.0002188 0.01066)
(0.004719 0.0002188 0.01066)
(0.004781 0.0002188 0.01066)
(0.004844 0.0002188 0.01066)
(0.004906 0.0002188 0.01066)
(0.004969 0.0002188 0.01066)
(0.004031 0.0002812 0.01066)
(0.004094 0.0002813 0.01066)
(0.004156 0.0002813 0.01066)
(0.004219 0.0002813 0.01066)
(0.004281 0.0002813 0.01066)
(0.004344 0.0002813 0.01066)
(0.004406 0.0002812 0.01066)
(0.004469 0.0002813 0.01066)
(0.004531 0.0002813 0.01066)
(0.004594 0.0002812 0.01066)
(0.004656 0.0002813 0.01066)
(0.004719 0.0002813 0.01066)
(0.004781 0.0002813 0.01066)
(0.004844 0.0002812 0.01066)
(0.004906 0.0002813 0.01066)
(0.004969 0.0002813 0.01066)
(0.004031 0.0003438 0.01066)
(0.004094 0.0003438 0.01066)
(0.004156 0.0003437 0.01066)
(0.004219 0.0003438 0.01066)
(0.004281 0.0003438 0.01066)
(0.004344 0.0003438 0.01066)
(0.004406 0.0003437 0.01066)
(0.004469 0.0003438 0.01066)
(0.004531 0.0003438 0.01066)
(0.004594 0.0003438 0.01066)
(0.004656 0.0003438 0.01066)
(0.004719 0.0003438 0.01066)
(0.004781 0.0003437 0.01066)
(0.004844 0.0003438 0.01066)
(0.004906 0.0003437 0.01066)
(0.004969 0.0003437 0.01066)
(0.004031 0.0004063 0.01066)
(0.004094 0.0004062 0.01066)
(0.004156 0.0004062 0.01066)
(0.004219 0.0004062 0.01066)
(0.004281 0.0004063 0.01066)
(0.004344 0.0004062 0.01066)
(0.004406 0.0004063 0.01066)
(0.004469 0.0004063 0.01066)
(0.004531 0.0004063 0.01066)
(0.004594 0.0004063 0.01066)
(0.004656 0.0004062 0.01066)
(0.004719 0.0004063 0.01066)
(0.004781 0.0004062 0.01066)
(0.004844 0.0004063 0.01066)
(0.004906 0.0004062 0.01066)
(0.004969 0.0004062 0.01066)
(0.004031 0.0004688 0.01066)
(0.004094 0.0004687 0.01066)
(0.004156 0.0004687 0.01066)
(0.004219 0.0004687 0.01066)
(0.004281 0.0004687 0.01066)
(0.004344 0.0004687 0.01066)
(0.004406 0.0004688 0.01066)
(0.004469 0.0004687 0.01066)
(0.004531 0.0004687 0.01066)
(0.004594 0.0004688 0.01066)
(0.004656 0.0004687 0.01066)
(0.004719 0.0004687 0.01066)
(0.004781 0.0004687 0.01066)
(0.004844 0.0004688 0.01066)
(0.004906 0.0004687 0.01066)
(0.004969 0.0004687 0.01066)
(0.004031 3.125e-05 0.01072)
(0.004094 3.125e-05 0.01072)
(0.004156 3.125e-05 0.01072)
(0.004219 3.125e-05 0.01072)
(0.004281 3.125e-05 0.01072)
(0.004344 3.125e-05 0.01072)
(0.004406 3.125e-05 0.01072)
(0.004469 3.125e-05 0.01072)
(0.004531 3.125e-05 0.01072)
(0.004594 3.125e-05 0.01072)
(0.004656 3.125e-05 0.01072)
(0.004719 3.125e-05 0.01072)
(0.004781 3.125e-05 0.01072)
(0.004844 3.125e-05 0.01072)
(0.004906 3.125e-05 0.01072)
(0.004969 3.125e-05 0.01072)
(0.004031 9.375e-05 0.01072)
(0.004094 9.375e-05 0.01072)
(0.004156 9.375e-05 0.01072)
(0.004219 9.375e-05 0.01072)
(0.004281 9.375e-05 0.01072)
(0.004344 9.375e-05 0.01072)
(0.004406 9.375e-05 0.01072)
(0.004469 9.375e-05 0.01072)
(0.004531 9.375e-05 0.01072)
(0.004594 9.375e-05 0.01072)
(0.004656 9.375e-05 0.01072)
(0.004719 9.375e-05 0.01072)
(0.004781 9.375e-05 0.01072)
(0.004844 9.375e-05 0.01072)
(0.004906 9.375e-05 0.01072)
(0.004969 9.375e-05 0.01072)
(0.004031 0.0001563 0.01072)
(0.004094 0.0001563 0.01072)
(0.004156 0.0001563 0.01072)
(0.004219 0.0001563 0.01072)
(0.004281 0.0001563 0.01072)
(0.004344 0.0001563 0.01072)
(0.004406 0.0001563 0.01072)
(0.004469 0.0001563 0.01072)
(0.004531 0.0001563 0.01072)
(0.004594 0.0001563 0.01072)
(0.004656 0.0001563 0.01072)
(0.004719 0.0001563 0.01072)
(0.004781 0.0001563 0.01072)
(0.004844 0.0001563 0.01072)
(0.004906 0.0001563 0.01072)
(0.004969 0.0001563 0.01072)
(0.004031 0.0002187 0.01072)
(0.004094 0.0002188 0.01072)
(0.004156 0.0002188 0.01072)
(0.004219 0.0002188 0.01072)
(0.004281 0.0002188 0.01072)
(0.004344 0.0002188 0.01072)
(0.004406 0.0002188 0.01072)
(0.004469 0.0002188 0.01072)
(0.004531 0.0002188 0.01072)
(0.004594 0.0002188 0.01072)
(0.004656 0.0002188 0.01072)
(0.004719 0.0002188 0.01072)
(0.004781 0.0002188 0.01072)
(0.004844 0.0002188 0.01072)
(0.004906 0.0002188 0.01072)
(0.004969 0.0002188 0.01072)
(0.004031 0.0002812 0.01072)
(0.004094 0.0002812 0.01072)
(0.004156 0.0002812 0.01072)
(0.004219 0.0002812 0.01072)
(0.004281 0.0002812 0.01072)
(0.004344 0.0002812 0.01072)
(0.004406 0.0002812 0.01072)
(0.004469 0.0002812 0.01072)
(0.004531 0.0002812 0.01072)
(0.004594 0.0002813 0.01072)
(0.004656 0.0002812 0.01072)
(0.004719 0.0002812 0.01072)
(0.004781 0.0002812 0.01072)
(0.004844 0.0002812 0.01072)
(0.004906 0.0002812 0.01072)
(0.004969 0.0002812 0.01072)
(0.004031 0.0003437 0.01072)
(0.004094 0.0003437 0.01072)
(0.004156 0.0003437 0.01072)
(0.004219 0.0003437 0.01072)
(0.004281 0.0003437 0.01072)
(0.004344 0.0003438 0.01072)
(0.004406 0.0003437 0.01072)
(0.004469 0.0003437 0.01072)
(0.004531 0.0003438 0.01072)
(0.004594 0.0003437 0.01072)
(0.004656 0.0003437 0.01072)
(0.004719 0.0003437 0.01072)
(0.004781 0.0003437 0.01072)
(0.004844 0.0003437 0.01072)
(0.004906 0.0003438 0.01072)
(0.004969 0.0003437 0.01072)
(0.004031 0.0004062 0.01072)
(0.004094 0.0004062 0.01072)
(0.004156 0.0004062 0.01072)
(0.004219 0.0004062 0.01072)
(0.004281 0.0004062 0.01072)
(0.004344 0.0004062 0.01072)
(0.004406 0.0004063 0.01072)
(0.004469 0.0004062 0.01072)
(0.004531 0.0004062 0.01072)
(0.004594 0.0004062 0.01072)
(0.004656 0.0004062 0.01072)
(0.004719 0.0004062 0.01072)
(0.004781 0.0004062 0.01072)
(0.004844 0.0004062 0.01072)
(0.004906 0.0004062 0.01072)
(0.004969 0.0004062 0.01072)
(0.004031 0.0004687 0.01072)
(0.004094 0.0004687 0.01072)
(0.004156 0.0004688 0.01072)
(0.004219 0.0004687 0.01072)
(0.004281 0.0004687 0.01072)
(0.004344 0.0004687 0.01072)
(0.004406 0.0004687 0.01072)
(0.004469 0.0004687 0.01072)
(0.004531 0.0004687 0.01072)
(0.004594 0.0004687 0.01072)
(0.004656 0.0004687 0.01072)
(0.004719 0.0004687 0.01072)
(0.004781 0.0004687 0.01072)
(0.004844 0.0004687 0.01072)
(0.004906 0.0004688 0.01072)
(0.004969 0.0004688 0.01072)
(0.004031 3.125e-05 0.01078)
(0.004094 3.125e-05 0.01078)
(0.004156 3.125e-05 0.01078)
(0.004219 3.125e-05 0.01078)
(0.004281 3.125e-05 0.01078)
(0.004344 3.125e-05 0.01078)
(0.004406 3.125e-05 0.01078)
(0.004469 3.125e-05 0.01078)
(0.004531 3.125e-05 0.01078)
(0.004594 3.125e-05 0.01078)
(0.004656 3.125e-05 0.01078)
(0.004719 3.125e-05 0.01078)
(0.004781 3.125e-05 0.01078)
(0.004844 3.125e-05 0.01078)
(0.004906 3.125e-05 0.01078)
(0.004969 3.125e-05 0.01078)
(0.004031 9.375e-05 0.01078)
(0.004094 9.375e-05 0.01078)
(0.004156 9.375e-05 0.01078)
(0.004219 9.375e-05 0.01078)
(0.004281 9.375e-05 0.01078)
(0.004344 9.375e-05 0.01078)
(0.004406 9.375e-05 0.01078)
(0.004469 9.375e-05 0.01078)
(0.004531 9.375e-05 0.01078)
(0.004594 9.375e-05 0.01078)
(0.004656 9.375e-05 0.01078)
(0.004719 9.375e-05 0.01078)
(0.004781 9.375e-05 0.01078)
(0.004844 9.375e-05 0.01078)
(0.004906 9.375e-05 0.01078)
(0.004969 9.375e-05 0.01078)
(0.004031 0.0001563 0.01078)
(0.004094 0.0001562 0.01078)
(0.004156 0.0001563 0.01078)
(0.004219 0.0001562 0.01078)
(0.004281 0.0001563 0.01078)
(0.004344 0.0001563 0.01078)
(0.004406 0.0001563 0.01078)
(0.004469 0.0001562 0.01078)
(0.004531 0.0001562 0.01078)
(0.004594 0.0001562 0.01078)
(0.004656 0.0001562 0.01078)
(0.004719 0.0001563 0.01078)
(0.004781 0.0001562 0.01078)
(0.004844 0.0001563 0.01078)
(0.004906 0.0001562 0.01078)
(0.004969 0.0001563 0.01078)
(0.004031 0.0002188 0.01078)
(0.004094 0.0002188 0.01078)
(0.004156 0.0002188 0.01078)
(0.004219 0.0002188 0.01078)
(0.004281 0.0002188 0.01078)
(0.004344 0.0002188 0.01078)
(0.004406 0.0002188 0.01078)
(0.004469 0.0002188 0.01078)
(0.004531 0.0002188 0.01078)
(0.004594 0.0002188 0.01078)
(0.004656 0.0002188 0.01078)
(0.004719 0.0002188 0.01078)
(0.004781 0.0002188 0.01078)
(0.004844 0.0002188 0.01078)
(0.004906 0.0002188 0.01078)
(0.004969 0.0002188 0.01078)
(0.004031 0.0002813 0.01078)
(0.004094 0.0002813 0.01078)
(0.004156 0.0002813 0.01078)
(0.004219 0.0002813 0.01078)
(0.004281 0.0002813 0.01078)
(0.004344 0.0002813 0.01078)
(0.004406 0.0002812 0.01078)
(0.004469 0.0002813 0.01078)
(0.004531 0.0002813 0.01078)
(0.004594 0.0002812 0.01078)
(0.004656 0.0002813 0.01078)
(0.004719 0.0002813 0.01078)
(0.004781 0.0002813 0.01078)
(0.004844 0.0002812 0.01078)
(0.004906 0.0002813 0.01078)
(0.004969 0.0002813 0.01078)
(0.004031 0.0003438 0.01078)
(0.004094 0.0003437 0.01078)
(0.004156 0.0003438 0.01078)
(0.004219 0.0003437 0.01078)
(0.004281 0.0003438 0.01078)
(0.004344 0.0003437 0.01078)
(0.004406 0.0003437 0.01078)
(0.004469 0.0003438 0.01078)
(0.004531 0.0003437 0.01078)
(0.004594 0.0003437 0.01078)
(0.004656 0.0003438 0.01078)
(0.004719 0.0003438 0.01078)
(0.004781 0.0003438 0.01078)
(0.004844 0.0003437 0.01078)
(0.004906 0.0003438 0.01078)
(0.004969 0.0003438 0.01078)
(0.004031 0.0004062 0.01078)
(0.004094 0.0004062 0.01078)
(0.004156 0.0004063 0.01078)
(0.004219 0.0004062 0.01078)
(0.004281 0.0004062 0.01078)
(0.004344 0.0004062 0.01078)
(0.004406 0.0004062 0.01078)
(0.004469 0.0004063 0.01078)
(0.004531 0.0004063 0.01078)
(0.004594 0.0004063 0.01078)
(0.004656 0.0004063 0.01078)
(0.004719 0.0004062 0.01078)
(0.004781 0.0004063 0.01078)
(0.004844 0.0004063 0.01078)
(0.004906 0.0004063 0.01078)
(0.004969 0.0004062 0.01078)
(0.004031 0.0004687 0.01078)
(0.004094 0.0004688 0.01078)
(0.004156 0.0004688 0.01078)
(0.004219 0.0004688 0.01078)
(0.004281 0.0004687 0.01078)
(0.004344 0.0004688 0.01078)
(0.004406 0.0004687 0.01078)
(0.004469 0.0004687 0.01078)
(0.004531 0.0004688 0.01078)
(0.004594 0.0004687 0.01078)
(0.004656 0.0004688 0.01078)
(0.004719 0.0004688 0.01078)
(0.004781 0.0004688 0.01078)
(0.004844 0.0004687 0.01078)
(0.004906 0.0004688 0.01078)
(0.004969 0.0004687 0.01078)
(0.004031 3.125e-05 0.01084)
(0.004094 3.125e-05 0.01084)
(0.004156 3.125e-05 0.01084)
(0.004219 3.125e-05 0.01084)
(0.004281 3.125e-05 0.01084)
(0.004344 3.125e-05 0.01084)
(0.004406 3.125e-05 0.01084)
(0.004469 3.125e-05 0.01084)
(0.004531 3.125e-05 0.01084)
(0.004594 3.125e-05 0.01084)
(0.004656 3.125e-05 0.01084)
(0.004719 3.125e-05 0.01084)
(0.004781 3.125e-05 0.01084)
(0.004844 3.125e-05 0.01084)
(0.004906 3.125e-05 0.01084)
(0.004969 3.125e-05 0.01084)
(0.004031 9.375e-05 0.01084)
(0.004094 9.375e-05 0.01084)
(0.004156 9.375e-05 0.01084)
(0.004219 9.375e-05 0.01084)
(0.004281 9.375e-05 0.01084)
(0.004344 9.375e-05 0.01084)
(0.004406 9.375e-05 0.01084)
(0.004469 9.375e-05 0.01084)
(0.004531 9.375e-05 0.01084)
(0.004594 9.375e-05 0.01084)
(0.004656 9.375e-05 0.01084)
(0.004719 9.375e-05 0.01084)
(0.004781 9.375e-05 0.01084)
(0.004844 9.375e-05 0.01084)
(0.004906 9.375e-05 0.01084)
(0.004969 9.375e-05 0.01084)
(0.004031 0.0001562 0.01084)
(0.004094 0.0001562 0.01084)
(0.004156 0.0001562 0.01084)
(0.004219 0.0001562 0.01084)
(0.004281 0.0001562 0.01084)
(0.004344 0.0001562 0.01084)
(0.004406 0.0001563 0.01084)
(0.004469 0.0001563 0.01084)
(0.004531 0.0001562 0.01084)
(0.004594 0.0001563 0.01084)
(0.004656 0.0001563 0.01084)
(0.004719 0.0001562 0.01084)
(0.004781 0.0001562 0.01084)
(0.004844 0.0001562 0.01084)
(0.004906 0.0001563 0.01084)
(0.004969 0.0001562 0.01084)
(0.004031 0.0002188 0.01084)
(0.004094 0.0002188 0.01084)
(0.004156 0.0002188 0.01084)
(0.004219 0.0002188 0.01084)
(0.004281 0.0002188 0.01084)
(0.004344 0.0002188 0.01084)
(0.004406 0.0002188 0.01084)
(0.004469 0.0002188 0.01084)
(0.004531 0.0002188 0.01084)
(0.004594 0.0002188 0.01084)
(0.004656 0.0002188 0.01084)
(0.004719 0.0002188 0.01084)
(0.004781 0.0002188 0.01084)
(0.004844 0.0002188 0.01084)
(0.004906 0.0002188 0.01084)
(0.004969 0.0002188 0.01084)
(0.004031 0.0002813 0.01084)
(0.004094 0.0002812 0.01084)
(0.004156 0.0002812 0.01084)
(0.004219 0.0002812 0.01084)
(0.004281 0.0002812 0.01084)
(0.004344 0.0002812 0.01084)
(0.004406 0.0002812 0.01084)
(0.004469 0.0002812 0.01084)
(0.004531 0.0002812 0.01084)
(0.004594 0.0002813 0.01084)
(0.004656 0.0002812 0.01084)
(0.004719 0.0002812 0.01084)
(0.004781 0.0002812 0.01084)
(0.004844 0.0002813 0.01084)
(0.004906 0.0002812 0.01084)
(0.004969 0.0002812 0.01084)
(0.004031 0.0003438 0.01084)
(0.004094 0.0003437 0.01084)
(0.004156 0.0003438 0.01084)
(0.004219 0.0003437 0.01084)
(0.004281 0.0003438 0.01084)
(0.004344 0.0003437 0.01084)
(0.004406 0.0003437 0.01084)
(0.004469 0.0003438 0.01084)
(0.004531 0.0003437 0.01084)
(0.004594 0.0003438 0.01084)
(0.004656 0.0003438 0.01084)
(0.004719 0.0003438 0.01084)
(0.004781 0.0003438 0.01084)
(0.004844 0.0003438 0.01084)
(0.004906 0.0003438 0.01084)
(0.004969 0.0003438 0.01084)
(0.004031 0.0004063 0.01084)
(0.004094 0.0004062 0.01084)
(0.004156 0.0004062 0.01084)
(0.004219 0.0004062 0.01084)
(0.004281 0.0004062 0.01084)
(0.004344 0.0004062 0.01084)
(0.004406 0.0004062 0.01084)
(0.004469 0.0004063 0.01084)
(0.004531 0.0004062 0.01084)
(0.004594 0.0004063 0.01084)
(0.004656 0.0004062 0.01084)
(0.004719 0.0004062 0.01084)
(0.004781 0.0004062 0.01084)
(0.004844 0.0004063 0.01084)
(0.004906 0.0004062 0.01084)
(0.004969 0.0004062 0.01084)
(0.004031 0.0004687 0.01084)
(0.004094 0.0004687 0.01084)
(0.004156 0.0004687 0.01084)
(0.004219 0.0004687 0.01084)
(0.004281 0.0004687 0.01084)
(0.004344 0.0004687 0.01084)
(0.004406 0.0004687 0.01084)
(0.004469 0.0004688 0.01084)
(0.004531 0.0004687 0.01084)
(0.004594 0.0004688 0.01084)
(0.004656 0.0004687 0.01084)
(0.004719 0.0004688 0.01084)
(0.004781 0.0004687 0.01084)
(0.004844 0.0004688 0.01084)
(0.004906 0.0004687 0.01084)
(0.004969 0.0004687 0.01084)
(0.004031 3.125e-05 0.01091)
(0.004094 3.125e-05 0.01091)
(0.004156 3.125e-05 0.01091)
(0.004219 3.125e-05 0.01091)
(0.004281 3.125e-05 0.01091)
(0.004344 3.125e-05 0.01091)
(0.004406 3.125e-05 0.01091)
(0.004469 3.125e-05 0.01091)
(0.004531 3.125e-05 0.01091)
(0.004594 3.125e-05 0.01091)
(0.004656 3.125e-05 0.01091)
(0.004719 3.125e-05 0.01091)
(0.004781 3.125e-05 0.01091)
(0.004844 3.125e-05 0.01091)
(0.004906 3.125e-05 0.01091)
(0.004969 3.125e-05 0.01091)
(0.004031 9.375e-05 0.01091)
(0.004094 9.375e-05 0.01091)
(0.004156 9.375e-05 0.01091)
(0.004219 9.375e-05 0.01091)
(0.004281 9.375e-05 0.01091)
(0.004344 9.375e-05 0.01091)
(0.004406 9.375e-05 0.01091)
(0.004469 9.375e-05 0.01091)
(0.004531 9.375e-05 0.01091)
(0.004594 9.375e-05 0.01091)
(0.004656 9.375e-05 0.01091)
(0.004719 9.375e-05 0.01091)
(0.004781 9.375e-05 0.01091)
(0.004844 9.375e-05 0.01091)
(0.004906 9.375e-05 0.01091)
(0.004969 9.375e-05 0.01091)
(0.004031 0.0001563 0.01091)
(0.004094 0.0001563 0.01091)
(0.004156 0.0001563 0.01091)
(0.004219 0.0001563 0.01091)
(0.004281 0.0001563 0.01091)
(0.004344 0.0001563 0.01091)
(0.004406 0.0001563 0.01091)
(0.004469 0.0001562 0.01091)
(0.004531 0.0001562 0.01091)
(0.004594 0.0001563 0.01091)
(0.004656 0.0001563 0.01091)
(0.004719 0.0001563 0.01091)
(0.004781 0.0001562 0.01091)
(0.004844 0.0001563 0.01091)
(0.004906 0.0001563 0.01091)
(0.004969 0.0001562 0.01091)
(0.004031 0.0002188 0.01091)
(0.004094 0.0002188 0.01091)
(0.004156 0.0002188 0.01091)
(0.004219 0.0002188 0.01091)
(0.004281 0.0002187 0.01091)
(0.004344 0.0002188 0.01091)
(0.004406 0.0002188 0.01091)
(0.004469 0.0002187 0.01091)
(0.004531 0.0002187 0.01091)
(0.004594 0.0002187 0.01091)
(0.004656 0.0002187 0.01091)
(0.004719 0.0002188 0.01091)
(0.004781 0.0002187 0.01091)
(0.004844 0.0002188 0.01091)
(0.004906 0.0002187 0.01091)
(0.004969 0.0002187 0.01091)
(0.004031 0.0002813 0.01091)
(0.004094 0.0002813 0.01091)
(0.004156 0.0002812 0.01091)
(0.004219 0.0002813 0.01091)
(0.004281 0.0002813 0.01091)
(0.004344 0.0002813 0.01091)
(0.004406 0.0002813 0.01091)
(0.004469 0.0002813 0.01091)
(0.004531 0.0002813 0.01091)
(0.004594 0.0002813 0.01091)
(0.004656 0.0002812 0.01091)
(0.004719 0.0002813 0.01091)
(0.004781 0.0002812 0.01091)
(0.004844 0.0002813 0.01091)
(0.004906 0.0002812 0.01091)
(0.004969 0.0002812 0.01091)
(0.004031 0.0003438 0.01091)
(0.004094 0.0003438 0.01091)
(0.004156 0.0003437 0.01091)
(0.004219 0.0003438 0.01091)
(0.004281 0.0003438 0.01091)
(0.004344 0.0003438 0.01091)
(0.004406 0.0003437 0.01091)
(0.004469 0.0003438 0.01091)
(0.004531 0.0003438 0.01091)
(0.004594 0.0003438 0.01091)
(0.004656 0.0003438 0.01091)
(0.004719 0.0003438 0.01091)
(0.004781 0.0003437 0.01091)
(0.004844 0.0003438 0.01091)
(0.004906 0.0003437 0.01091)
(0.004969 0.0003437 0.01091)
(0.004031 0.0004063 0.01091)
(0.004094 0.0004062 0.01091)
(0.004156 0.0004062 0.01091)
(0.004219 0.0004062 0.01091)
(0.004281 0.0004063 0.01091)
(0.004344 0.0004062 0.01091)
(0.004406 0.0004063 0.01091)
(0.004469 0.0004063 0.01091)
(0.004531 0.0004063 0.01091)
(0.004594 0.0004063 0.01091)
(0.004656 0.0004062 0.01091)
(0.004719 0.0004063 0.01091)
(0.004781 0.0004062 0.01091)
(0.004844 0.0004063 0.01091)
(0.004906 0.0004062 0.01091)
(0.004969 0.0004062 0.01091)
(0.004031 0.0004688 0.01091)
(0.004094 0.0004687 0.01091)
(0.004156 0.0004687 0.01091)
(0.004219 0.0004687 0.01091)
(0.004281 0.0004687 0.01091)
(0.004344 0.0004687 0.01091)
(0.004406 0.0004687 0.01091)
(0.004469 0.0004687 0.01091)
(0.004531 0.0004687 0.01091)
(0.004594 0.0004688 0.01091)
(0.004656 0.0004687 0.01091)
(0.004719 0.0004687 0.01091)
(0.004781 0.0004687 0.01091)
(0.004844 0.0004688 0.01091)
(0.004906 0.0004687 0.01091)
(0.004969 0.0004687 0.01091)
(0.004031 3.125e-05 0.01097)
(0.004094 3.125e-05 0.01097)
(0.004156 3.125e-05 0.01097)
(0.004219 3.125e-05 0.01097)
(0.004281 3.125e-05 0.01097)
(0.004344 3.125e-05 0.01097)
(0.004406 3.125e-05 0.01097)
(0.004469 3.125e-05 0.01097)
(0.004531 3.125e-05 0.01097)
(0.004594 3.125e-05 0.01097)
(0.004656 3.125e-05 0.01097)
(0.004719 3.125e-05 0.01097)
(0.004781 3.125e-05 0.01097)
(0.004844 3.125e-05 0.01097)
(0.004906 3.125e-05 0.01097)
(0.004969 3.125e-05 0.01097)
(0.004031 9.375e-05 0.01097)
(0.004094 9.375e-05 0.01097)
(0.004156 9.375e-05 0.01097)
(0.004219 9.375e-05 0.01097)
(0.004281 9.375e-05 0.01097)
(0.004344 9.375e-05 0.01097)
(0.004406 9.375e-05 0.01097)
(0.004469 9.375e-05 0.01097)
(0.004531 9.375e-05 0.01097)
(0.004594 9.375e-05 0.01097)
(0.004656 9.375e-05 0.01097)
(0.004719 9.375e-05 0.01097)
(0.004781 9.375e-05 0.01097)
(0.004844 9.375e-05 0.01097)
(0.004906 9.375e-05 0.01097)
(0.004969 9.375e-05 0.01097)
(0.004031 0.0001562 0.01097)
(0.004094 0.0001562 0.01097)
(0.004156 0.0001562 0.01097)
(0.004219 0.0001562 0.01097)
(0.004281 0.0001562 0.01097)
(0.004344 0.0001562 0.01097)
(0.004406 0.0001563 0.01097)
(0.004469 0.0001563 0.01097)
(0.004531 0.0001562 0.01097)
(0.004594 0.0001563 0.01097)
(0.004656 0.0001563 0.01097)
(0.004719 0.0001562 0.01097)
(0.004781 0.0001562 0.01097)
(0.004844 0.0001562 0.01097)
(0.004906 0.0001563 0.01097)
(0.004969 0.0001562 0.01097)
(0.004031 0.0002188 0.01097)
(0.004094 0.0002188 0.01097)
(0.004156 0.0002188 0.01097)
(0.004219 0.0002188 0.01097)
(0.004281 0.0002188 0.01097)
(0.004344 0.0002188 0.01097)
(0.004406 0.0002188 0.01097)
(0.004469 0.0002188 0.01097)
(0.004531 0.0002188 0.01097)
(0.004594 0.0002188 0.01097)
(0.004656 0.0002188 0.01097)
(0.004719 0.0002188 0.01097)
(0.004781 0.0002188 0.01097)
(0.004844 0.0002188 0.01097)
(0.004906 0.0002188 0.01097)
(0.004969 0.0002188 0.01097)
(0.004031 0.0002813 0.01097)
(0.004094 0.0002812 0.01097)
(0.004156 0.0002812 0.01097)
(0.004219 0.0002812 0.01097)
(0.004281 0.0002812 0.01097)
(0.004344 0.0002812 0.01097)
(0.004406 0.0002812 0.01097)
(0.004469 0.0002812 0.01097)
(0.004531 0.0002812 0.01097)
(0.004594 0.0002813 0.01097)
(0.004656 0.0002812 0.01097)
(0.004719 0.0002812 0.01097)
(0.004781 0.0002812 0.01097)
(0.004844 0.0002813 0.01097)
(0.004906 0.0002812 0.01097)
(0.004969 0.0002812 0.01097)
(0.004031 0.0003438 0.01097)
(0.004094 0.0003437 0.01097)
(0.004156 0.0003438 0.01097)
(0.004219 0.0003437 0.01097)
(0.004281 0.0003438 0.01097)
(0.004344 0.0003437 0.01097)
(0.004406 0.0003437 0.01097)
(0.004469 0.0003438 0.01097)
(0.004531 0.0003437 0.01097)
(0.004594 0.0003438 0.01097)
(0.004656 0.0003438 0.01097)
(0.004719 0.0003438 0.01097)
(0.004781 0.0003438 0.01097)
(0.004844 0.0003438 0.01097)
(0.004906 0.0003438 0.01097)
(0.004969 0.0003438 0.01097)
(0.004031 0.0004063 0.01097)
(0.004094 0.0004062 0.01097)
(0.004156 0.0004062 0.01097)
(0.004219 0.0004062 0.01097)
(0.004281 0.0004062 0.01097)
(0.004344 0.0004062 0.01097)
(0.004406 0.0004063 0.01097)
(0.004469 0.0004063 0.01097)
(0.004531 0.0004062 0.01097)
(0.004594 0.0004063 0.01097)
(0.004656 0.0004062 0.01097)
(0.004719 0.0004062 0.01097)
(0.004781 0.0004062 0.01097)
(0.004844 0.0004063 0.01097)
(0.004906 0.0004062 0.01097)
(0.004969 0.0004062 0.01097)
(0.004031 0.0004687 0.01097)
(0.004094 0.0004687 0.01097)
(0.004156 0.0004687 0.01097)
(0.004219 0.0004687 0.01097)
(0.004281 0.0004687 0.01097)
(0.004344 0.0004687 0.01097)
(0.004406 0.0004688 0.01097)
(0.004469 0.0004688 0.01097)
(0.004531 0.0004687 0.01097)
(0.004594 0.0004688 0.01097)
(0.004656 0.0004687 0.01097)
(0.004719 0.0004688 0.01097)
(0.004781 0.0004687 0.01097)
(0.004844 0.0004688 0.01097)
(0.004906 0.0004687 0.01097)
(0.004969 0.0004687 0.01097)
)
;

boundaryField
{
    inlet
    {
        type            calculated;
        value           nonuniform List<vector> 
128
(
(0.004031 3.125e-05 0.011)
(0.004031 9.375e-05 0.011)
(0.004031 0.0001563 0.011)
(0.004031 0.0002188 0.011)
(0.004031 0.0002812 0.011)
(0.004031 0.0003438 0.011)
(0.004031 0.0004062 0.011)
(0.004031 0.0004687 0.011)
(0.004094 3.125e-05 0.011)
(0.004094 9.375e-05 0.011)
(0.004094 0.0001563 0.011)
(0.004094 0.0002188 0.011)
(0.004094 0.0002812 0.011)
(0.004094 0.0003438 0.011)
(0.004094 0.0004062 0.011)
(0.004094 0.0004687 0.011)
(0.004156 3.125e-05 0.011)
(0.004156 9.375e-05 0.011)
(0.004156 0.0001563 0.011)
(0.004156 0.0002188 0.011)
(0.004156 0.0002812 0.011)
(0.004156 0.0003438 0.011)
(0.004156 0.0004062 0.011)
(0.004156 0.0004687 0.011)
(0.004219 3.125e-05 0.011)
(0.004219 9.375e-05 0.011)
(0.004219 0.0001563 0.011)
(0.004219 0.0002188 0.011)
(0.004219 0.0002812 0.011)
(0.004219 0.0003438 0.011)
(0.004219 0.0004062 0.011)
(0.004219 0.0004687 0.011)
(0.004281 3.125e-05 0.011)
(0.004281 9.375e-05 0.011)
(0.004281 0.0001563 0.011)
(0.004281 0.0002188 0.011)
(0.004281 0.0002812 0.011)
(0.004281 0.0003438 0.011)
(0.004281 0.0004062 0.011)
(0.004281 0.0004687 0.011)
(0.004344 3.125e-05 0.011)
(0.004344 9.375e-05 0.011)
(0.004344 0.0001563 0.011)
(0.004344 0.0002188 0.011)
(0.004344 0.0002812 0.011)
(0.004344 0.0003438 0.011)
(0.004344 0.0004062 0.011)
(0.004344 0.0004687 0.011)
(0.004406 3.125e-05 0.011)
(0.004406 9.375e-05 0.011)
(0.004406 0.0001563 0.011)
(0.004406 0.0002188 0.011)
(0.004406 0.0002812 0.011)
(0.004406 0.0003437 0.011)
(0.004406 0.0004063 0.011)
(0.004406 0.0004687 0.011)
(0.004469 3.125e-05 0.011)
(0.004469 9.375e-05 0.011)
(0.004469 0.0001563 0.011)
(0.004469 0.0002188 0.011)
(0.004469 0.0002812 0.011)
(0.004469 0.0003438 0.011)
(0.004469 0.0004062 0.011)
(0.004469 0.0004687 0.011)
(0.004531 3.125e-05 0.011)
(0.004531 9.375e-05 0.011)
(0.004531 0.0001563 0.011)
(0.004531 0.0002188 0.011)
(0.004531 0.0002812 0.011)
(0.004531 0.0003438 0.011)
(0.004531 0.0004062 0.011)
(0.004531 0.0004687 0.011)
(0.004594 3.125e-05 0.011)
(0.004594 9.375e-05 0.011)
(0.004594 0.0001563 0.011)
(0.004594 0.0002188 0.011)
(0.004594 0.0002812 0.011)
(0.004594 0.0003438 0.011)
(0.004594 0.0004062 0.011)
(0.004594 0.0004687 0.011)
(0.004656 3.125e-05 0.011)
(0.004656 9.375e-05 0.011)
(0.004656 0.0001563 0.011)
(0.004656 0.0002188 0.011)
(0.004656 0.0002812 0.011)
(0.004656 0.0003438 0.011)
(0.004656 0.0004062 0.011)
(0.004656 0.0004687 0.011)
(0.004719 3.125e-05 0.011)
(0.004719 9.375e-05 0.011)
(0.004719 0.0001563 0.011)
(0.004719 0.0002188 0.011)
(0.004719 0.0002812 0.011)
(0.004719 0.0003438 0.011)
(0.004719 0.0004062 0.011)
(0.004719 0.0004687 0.011)
(0.004781 3.125e-05 0.011)
(0.004781 9.375e-05 0.011)
(0.004781 0.0001563 0.011)
(0.004781 0.0002188 0.011)
(0.004781 0.0002812 0.011)
(0.004781 0.0003438 0.011)
(0.004781 0.0004062 0.011)
(0.004781 0.0004687 0.011)
(0.004844 3.125e-05 0.011)
(0.004844 9.375e-05 0.011)
(0.004844 0.0001563 0.011)
(0.004844 0.0002188 0.011)
(0.004844 0.0002812 0.011)
(0.004844 0.0003438 0.011)
(0.004844 0.0004062 0.011)
(0.004844 0.0004687 0.011)
(0.004906 3.125e-05 0.011)
(0.004906 9.375e-05 0.011)
(0.004906 0.0001563 0.011)
(0.004906 0.0002188 0.011)
(0.004906 0.0002812 0.011)
(0.004906 0.0003438 0.011)
(0.004906 0.0004062 0.011)
(0.004906 0.0004687 0.011)
(0.004969 3.125e-05 0.011)
(0.004969 9.375e-05 0.011)
(0.004969 0.0001563 0.011)
(0.004969 0.0002188 0.011)
(0.004969 0.0002812 0.011)
(0.004969 0.0003438 0.011)
(0.004969 0.0004062 0.011)
(0.004969 0.0004687 0.011)
)
;
    }
    outlet
    {
        type            calculated;
        value           nonuniform List<vector> 0();
    }
    force
    {
        type            calculated;
        value           nonuniform List<vector> 0();
    }
    wall
    {
        type            calculated;
        value           nonuniform List<vector> 
1056
(
(0.002531 3.125e-05 0.01)
(0.002531 9.375e-05 0.01)
(0.002531 0.0001563 0.01)
(0.002531 0.0002188 0.01)
(0.002531 0.0002812 0.01)
(0.002531 0.0003438 0.01)
(0.002531 0.0004062 0.01)
(0.002531 0.0004687 0.01)
(0.002594 3.125e-05 0.01)
(0.002594 9.375e-05 0.01)
(0.002594 0.0001563 0.01)
(0.002594 0.0002188 0.01)
(0.002594 0.0002812 0.01)
(0.002594 0.0003438 0.01)
(0.002594 0.0004062 0.01)
(0.002594 0.0004687 0.01)
(0.002656 3.125e-05 0.01)
(0.002656 9.375e-05 0.01)
(0.002656 0.0001563 0.01)
(0.002656 0.0002188 0.01)
(0.002656 0.0002813 0.01)
(0.002656 0.0003438 0.01)
(0.002656 0.0004063 0.01)
(0.002656 0.0004688 0.01)
(0.002719 3.125e-05 0.01)
(0.002719 9.375e-05 0.01)
(0.002719 0.0001563 0.01)
(0.002719 0.0002188 0.01)
(0.002719 0.0002812 0.01)
(0.002719 0.0003438 0.01)
(0.002719 0.0004062 0.01)
(0.002719 0.0004687 0.01)
(0.002781 3.125e-05 0.01)
(0.002781 9.375e-05 0.01)
(0.002781 0.0001563 0.01)
(0.002781 0.0002188 0.01)
(0.002781 0.0002812 0.01)
(0.002781 0.0003438 0.01)
(0.002781 0.0004062 0.01)
(0.002781 0.0004687 0.01)
(0.002844 3.125e-05 0.01)
(0.002844 9.375e-05 0.01)
(0.002844 0.0001563 0.01)
(0.002844 0.0002188 0.01)
(0.002844 0.0002812 0.01)
(0.002844 0.0003438 0.01)
(0.002844 0.0004062 0.01)
(0.002844 0.0004687 0.01)
(0.002906 3.125e-05 0.01)
(0.002906 9.375e-05 0.01)
(0.002906 0.0001563 0.01)
(0.002906 0.0002188 0.01)
(0.002906 0.0002812 0.01)
(0.002906 0.0003438 0.01)
(0.002906 0.0004062 0.01)
(0.002906 0.0004687 0.01)
(0.002969 3.125e-05 0.01)
(0.002969 9.375e-05 0.01)
(0.002969 0.0001563 0.01)
(0.002969 0.0002188 0.01)
(0.002969 0.0002812 0.01)
(0.002969 0.0003438 0.01)
(0.002969 0.0004062 0.01)
(0.002969 0.0004687 0.01)
(0.003031 3.125e-05 0.01)
(0.003031 9.375e-05 0.01)
(0.003031 0.0001563 0.01)
(0.003031 0.0002188 0.01)
(0.003031 0.0002812 0.01)
(0.003031 0.0003438 0.01)
(0.003031 0.0004062 0.01)
(0.003031 0.0004687 0.01)
(0.003094 3.125e-05 0.01)
(0.003094 9.375e-05 0.01)
(0.003094 0.0001563 0.01)
(0.003094 0.0002188 0.01)
(0.003094 0.0002812 0.01)
(0.003094 0.0003438 0.01)
(0.003094 0.0004062 0.01)
(0.003094 0.0004687 0.01)
(0.003156 3.125e-05 0.01)
(0.003156 9.375e-05 0.01)
(0.003156 0.0001563 0.01)
(0.003156 0.0002188 0.01)
(0.003156 0.0002813 0.01)
(0.003156 0.0003438 0.01)
(0.003156 0.0004063 0.01)
(0.003156 0.0004688 0.01)
(0.003219 3.125e-05 0.01)
(0.003219 9.375e-05 0.01)
(0.003219 0.0001563 0.01)
(0.003219 0.0002188 0.01)
(0.003219 0.0002812 0.01)
(0.003219 0.0003438 0.01)
(0.003219 0.0004062 0.01)
(0.003219 0.0004687 0.01)
(0.003281 3.125e-05 0.01)
(0.003281 9.375e-05 0.01)
(0.003281 0.0001563 0.01)
(0.003281 0.0002188 0.01)
(0.003281 0.0002812 0.01)
(0.003281 0.0003438 0.01)
(0.003281 0.0004062 0.01)
(0.003281 0.0004687 0.01)
(0.003344 3.125e-05 0.01)
(0.003344 9.375e-05 0.01)
(0.003344 0.0001563 0.01)
(0.003344 0.0002188 0.01)
(0.003344 0.0002812 0.01)
(0.003344 0.0003438 0.01)
(0.003344 0.0004062 0.01)
(0.003344 0.0004687 0.01)
(0.003406 3.125e-05 0.01)
(0.003406 9.375e-05 0.01)
(0.003406 0.0001563 0.01)
(0.003406 0.0002188 0.01)
(0.003406 0.0002812 0.01)
(0.003406 0.0003438 0.01)
(0.003406 0.0004062 0.01)
(0.003406 0.0004687 0.01)
(0.003469 3.125e-05 0.01)
(0.003469 9.375e-05 0.01)
(0.003469 0.0001563 0.01)
(0.003469 0.0002188 0.01)
(0.003469 0.0002812 0.01)
(0.003469 0.0003438 0.01)
(0.003469 0.0004062 0.01)
(0.003469 0.0004687 0.01)
(0.003531 3.125e-05 0.01)
(0.003531 9.375e-05 0.01)
(0.003531 0.0001563 0.01)
(0.003531 0.0002188 0.01)
(0.003531 0.0002812 0.01)
(0.003531 0.0003438 0.01)
(0.003531 0.0004062 0.01)
(0.003531 0.0004687 0.01)
(0.003594 3.125e-05 0.01)
(0.003594 9.375e-05 0.01)
(0.003594 0.0001563 0.01)
(0.003594 0.0002188 0.01)
(0.003594 0.0002812 0.01)
(0.003594 0.0003438 0.01)
(0.003594 0.0004062 0.01)
(0.003594 0.0004687 0.01)
(0.003656 3.125e-05 0.01)
(0.003656 9.375e-05 0.01)
(0.003656 0.0001562 0.01)
(0.003656 0.0002187 0.01)
(0.003656 0.0002812 0.01)
(0.003656 0.0003438 0.01)
(0.003656 0.0004062 0.01)
(0.003656 0.0004687 0.01)
(0.003719 3.125e-05 0.01)
(0.003719 9.375e-05 0.01)
(0.003719 0.0001563 0.01)
(0.003719 0.0002188 0.01)
(0.003719 0.0002812 0.01)
(0.003719 0.0003438 0.01)
(0.003719 0.0004062 0.01)
(0.003719 0.0004687 0.01)
(0.003781 3.125e-05 0.01)
(0.003781 9.375e-05 0.01)
(0.003781 0.0001563 0.01)
(0.003781 0.0002188 0.01)
(0.003781 0.0002812 0.01)
(0.003781 0.0003438 0.01)
(0.003781 0.0004062 0.01)
(0.003781 0.0004687 0.01)
(0.003844 3.125e-05 0.01)
(0.003844 9.375e-05 0.01)
(0.003844 0.0001563 0.01)
(0.003844 0.0002188 0.01)
(0.003844 0.0002812 0.01)
(0.003844 0.0003438 0.01)
(0.003844 0.0004062 0.01)
(0.003844 0.0004687 0.01)
(0.003906 3.125e-05 0.01)
(0.003906 9.375e-05 0.01)
(0.003906 0.0001563 0.01)
(0.003906 0.0002188 0.01)
(0.003906 0.0002812 0.01)
(0.003906 0.0003438 0.01)
(0.003906 0.0004062 0.01)
(0.003906 0.0004687 0.01)
(0.003969 3.125e-05 0.01)
(0.003969 9.375e-05 0.01)
(0.003969 0.0001563 0.01)
(0.003969 0.0002188 0.01)
(0.003969 0.0002812 0.01)
(0.003969 0.0003438 0.01)
(0.003969 0.0004062 0.01)
(0.003969 0.0004687 0.01)
(0.002531 0.0005313 0.01)
(0.002531 0.0005937 0.01)
(0.002531 0.0006562 0.01)
(0.002531 0.0007187 0.01)
(0.002531 0.0007813 0.01)
(0.002531 0.0008437 0.01)
(0.002531 0.0009062 0.01)
(0.002531 0.0009687 0.01)
(0.002531 0.001031 0.01)
(0.002531 0.001094 0.01)
(0.002531 0.001156 0.01)
(0.002531 0.001219 0.01)
(0.002594 0.0005313 0.01)
(0.002594 0.0005937 0.01)
(0.002594 0.0006562 0.01)
(0.002594 0.0007187 0.01)
(0.002594 0.0007813 0.01)
(0.002594 0.0008437 0.01)
(0.002594 0.0009062 0.01)
(0.002594 0.0009687 0.01)
(0.002594 0.001031 0.01)
(0.002594 0.001094 0.01)
(0.002594 0.001156 0.01)
(0.002594 0.001219 0.01)
(0.002656 0.0005313 0.01)
(0.002656 0.0005937 0.01)
(0.002656 0.0006563 0.01)
(0.002656 0.0007188 0.01)
(0.002656 0.0007812 0.01)
(0.002656 0.0008438 0.01)
(0.002656 0.0009063 0.01)
(0.002656 0.0009688 0.01)
(0.002656 0.001031 0.01)
(0.002656 0.001094 0.01)
(0.002656 0.001156 0.01)
(0.002656 0.001219 0.01)
(0.002719 0.0005313 0.01)
(0.002719 0.0005937 0.01)
(0.002719 0.0006562 0.01)
(0.002719 0.0007187 0.01)
(0.002719 0.0007813 0.01)
(0.002719 0.0008437 0.01)
(0.002719 0.0009062 0.01)
(0.002719 0.0009687 0.01)
(0.002719 0.001031 0.01)
(0.002719 0.001094 0.01)
(0.002719 0.001156 0.01)
(0.002719 0.001219 0.01)
(0.002781 0.0005313 0.01)
(0.002781 0.0005937 0.01)
(0.002781 0.0006562 0.01)
(0.002781 0.0007187 0.01)
(0.002781 0.0007813 0.01)
(0.002781 0.0008437 0.01)
(0.002781 0.0009062 0.01)
(0.002781 0.0009687 0.01)
(0.002781 0.001031 0.01)
(0.002781 0.001094 0.01)
(0.002781 0.001156 0.01)
(0.002781 0.001219 0.01)
(0.002844 0.0005313 0.01)
(0.002844 0.0005937 0.01)
(0.002844 0.0006562 0.01)
(0.002844 0.0007187 0.01)
(0.002844 0.0007813 0.01)
(0.002844 0.0008437 0.01)
(0.002844 0.0009062 0.01)
(0.002844 0.0009687 0.01)
(0.002844 0.001031 0.01)
(0.002844 0.001094 0.01)
(0.002844 0.001156 0.01)
(0.002844 0.001219 0.01)
(0.002906 0.0005313 0.01)
(0.002906 0.0005937 0.01)
(0.002906 0.0006562 0.01)
(0.002906 0.0007187 0.01)
(0.002906 0.0007813 0.01)
(0.002906 0.0008437 0.01)
(0.002906 0.0009062 0.01)
(0.002906 0.0009687 0.01)
(0.002906 0.001031 0.01)
(0.002906 0.001094 0.01)
(0.002906 0.001156 0.01)
(0.002906 0.001219 0.01)
(0.002969 0.0005313 0.01)
(0.002969 0.0005937 0.01)
(0.002969 0.0006562 0.01)
(0.002969 0.0007187 0.01)
(0.002969 0.0007813 0.01)
(0.002969 0.0008437 0.01)
(0.002969 0.0009062 0.01)
(0.002969 0.0009687 0.01)
(0.002969 0.001031 0.01)
(0.002969 0.001094 0.01)
(0.002969 0.001156 0.01)
(0.002969 0.001219 0.01)
(0.003031 0.0005313 0.01)
(0.003031 0.0005937 0.01)
(0.003031 0.0006562 0.01)
(0.003031 0.0007187 0.01)
(0.003031 0.0007813 0.01)
(0.003031 0.0008437 0.01)
(0.003031 0.0009062 0.01)
(0.003031 0.0009687 0.01)
(0.003031 0.001031 0.01)
(0.003031 0.001094 0.01)
(0.003031 0.001156 0.01)
(0.003031 0.001219 0.01)
(0.003094 0.0005313 0.01)
(0.003094 0.0005937 0.01)
(0.003094 0.0006562 0.01)
(0.003094 0.0007187 0.01)
(0.003094 0.0007813 0.01)
(0.003094 0.0008437 0.01)
(0.003094 0.0009062 0.01)
(0.003094 0.0009687 0.01)
(0.003094 0.001031 0.01)
(0.003094 0.001094 0.01)
(0.003094 0.001156 0.01)
(0.003094 0.001219 0.01)
(0.003156 0.0005313 0.01)
(0.003156 0.0005937 0.01)
(0.003156 0.0006563 0.01)
(0.003156 0.0007188 0.01)
(0.003156 0.0007812 0.01)
(0.003156 0.0008438 0.01)
(0.003156 0.0009063 0.01)
(0.003156 0.0009688 0.01)
(0.003156 0.001031 0.01)
(0.003156 0.001094 0.01)
(0.003156 0.001156 0.01)
(0.003156 0.001219 0.01)
(0.003219 0.0005313 0.01)
(0.003219 0.0005937 0.01)
(0.003219 0.0006562 0.01)
(0.003219 0.0007187 0.01)
(0.003219 0.0007813 0.01)
(0.003219 0.0008437 0.01)
(0.003219 0.0009062 0.01)
(0.003219 0.0009687 0.01)
(0.003219 0.001031 0.01)
(0.003219 0.001094 0.01)
(0.003219 0.001156 0.01)
(0.003219 0.001219 0.01)
(0.003281 0.0005313 0.01)
(0.003281 0.0005937 0.01)
(0.003281 0.0006562 0.01)
(0.003281 0.0007187 0.01)
(0.003281 0.0007813 0.01)
(0.003281 0.0008437 0.01)
(0.003281 0.0009062 0.01)
(0.003281 0.0009687 0.01)
(0.003281 0.001031 0.01)
(0.003281 0.001094 0.01)
(0.003281 0.001156 0.01)
(0.003281 0.001219 0.01)
(0.003344 0.0005313 0.01)
(0.003344 0.0005937 0.01)
(0.003344 0.0006562 0.01)
(0.003344 0.0007187 0.01)
(0.003344 0.0007813 0.01)
(0.003344 0.0008437 0.01)
(0.003344 0.0009062 0.01)
(0.003344 0.0009687 0.01)
(0.003344 0.001031 0.01)
(0.003344 0.001094 0.01)
(0.003344 0.001156 0.01)
(0.003344 0.001219 0.01)
(0.003406 0.0005313 0.01)
(0.003406 0.0005937 0.01)
(0.003406 0.0006562 0.01)
(0.003406 0.0007187 0.01)
(0.003406 0.0007813 0.01)
(0.003406 0.0008437 0.01)
(0.003406 0.0009062 0.01)
(0.003406 0.0009687 0.01)
(0.003406 0.001031 0.01)
(0.003406 0.001094 0.01)
(0.003406 0.001156 0.01)
(0.003406 0.001219 0.01)
(0.003469 0.0005313 0.01)
(0.003469 0.0005937 0.01)
(0.003469 0.0006562 0.01)
(0.003469 0.0007187 0.01)
(0.003469 0.0007813 0.01)
(0.003469 0.0008437 0.01)
(0.003469 0.0009062 0.01)
(0.003469 0.0009687 0.01)
(0.003469 0.001031 0.01)
(0.003469 0.001094 0.01)
(0.003469 0.001156 0.01)
(0.003469 0.001219 0.01)
(0.003531 0.0005313 0.01)
(0.003531 0.0005937 0.01)
(0.003531 0.0006562 0.01)
(0.003531 0.0007187 0.01)
(0.003531 0.0007813 0.01)
(0.003531 0.0008437 0.01)
(0.003531 0.0009062 0.01)
(0.003531 0.0009687 0.01)
(0.003531 0.001031 0.01)
(0.003531 0.001094 0.01)
(0.003531 0.001156 0.01)
(0.003531 0.001219 0.01)
(0.003594 0.0005313 0.01)
(0.003594 0.0005937 0.01)
(0.003594 0.0006562 0.01)
(0.003594 0.0007187 0.01)
(0.003594 0.0007813 0.01)
(0.003594 0.0008437 0.01)
(0.003594 0.0009062 0.01)
(0.003594 0.0009687 0.01)
(0.003594 0.001031 0.01)
(0.003594 0.001094 0.01)
(0.003594 0.001156 0.01)
(0.003594 0.001219 0.01)
(0.003656 0.0005313 0.01)
(0.003656 0.0005937 0.01)
(0.003656 0.0006563 0.01)
(0.003656 0.0007187 0.01)
(0.003656 0.0007813 0.01)
(0.003656 0.0008437 0.01)
(0.003656 0.0009063 0.01)
(0.003656 0.0009687 0.01)
(0.003656 0.001031 0.01)
(0.003656 0.001094 0.01)
(0.003656 0.001156 0.01)
(0.003656 0.001219 0.01)
(0.003719 0.0005313 0.01)
(0.003719 0.0005937 0.01)
(0.003719 0.0006562 0.01)
(0.003719 0.0007187 0.01)
(0.003719 0.0007813 0.01)
(0.003719 0.0008437 0.01)
(0.003719 0.0009062 0.01)
(0.003719 0.0009687 0.01)
(0.003719 0.001031 0.01)
(0.003719 0.001094 0.01)
(0.003719 0.001156 0.01)
(0.003719 0.001219 0.01)
(0.003781 0.0005313 0.01)
(0.003781 0.0005937 0.01)
(0.003781 0.0006562 0.01)
(0.003781 0.0007187 0.01)
(0.003781 0.0007813 0.01)
(0.003781 0.0008437 0.01)
(0.003781 0.0009062 0.01)
(0.003781 0.0009687 0.01)
(0.003781 0.001031 0.01)
(0.003781 0.001094 0.01)
(0.003781 0.001156 0.01)
(0.003781 0.001219 0.01)
(0.003844 0.0005313 0.01)
(0.003844 0.0005937 0.01)
(0.003844 0.0006562 0.01)
(0.003844 0.0007187 0.01)
(0.003844 0.0007813 0.01)
(0.003844 0.0008437 0.01)
(0.003844 0.0009062 0.01)
(0.003844 0.0009687 0.01)
(0.003844 0.001031 0.01)
(0.003844 0.001094 0.01)
(0.003844 0.001156 0.01)
(0.003844 0.001219 0.01)
(0.003906 0.0005313 0.01)
(0.003906 0.0005937 0.01)
(0.003906 0.0006562 0.01)
(0.003906 0.0007187 0.01)
(0.003906 0.0007813 0.01)
(0.003906 0.0008437 0.01)
(0.003906 0.0009062 0.01)
(0.003906 0.0009687 0.01)
(0.003906 0.001031 0.01)
(0.003906 0.001094 0.01)
(0.003906 0.001156 0.01)
(0.003906 0.001219 0.01)
(0.003969 0.0005313 0.01)
(0.003969 0.0005937 0.01)
(0.003969 0.0006562 0.01)
(0.003969 0.0007187 0.01)
(0.003969 0.0007813 0.01)
(0.003969 0.0008437 0.01)
(0.003969 0.0009062 0.01)
(0.003969 0.0009687 0.01)
(0.003969 0.001031 0.01)
(0.003969 0.001094 0.01)
(0.003969 0.001156 0.01)
(0.003969 0.001219 0.01)
(0.004031 0.0005313 0.01)
(0.004031 0.0005937 0.01)
(0.004031 0.0006562 0.01)
(0.004031 0.0007187 0.01)
(0.004031 0.0007813 0.01)
(0.004031 0.0008437 0.01)
(0.004031 0.0009062 0.01)
(0.004031 0.0009687 0.01)
(0.004031 0.001031 0.01)
(0.004031 0.001094 0.01)
(0.004031 0.001156 0.01)
(0.004031 0.001219 0.01)
(0.004094 0.0005313 0.01)
(0.004094 0.0005937 0.01)
(0.004094 0.0006562 0.01)
(0.004094 0.0007187 0.01)
(0.004094 0.0007813 0.01)
(0.004094 0.0008437 0.01)
(0.004094 0.0009062 0.01)
(0.004094 0.0009687 0.01)
(0.004094 0.001031 0.01)
(0.004094 0.001094 0.01)
(0.004094 0.001156 0.01)
(0.004094 0.001219 0.01)
(0.004156 0.0005313 0.01)
(0.004156 0.0005937 0.01)
(0.004156 0.0006562 0.01)
(0.004156 0.0007187 0.01)
(0.004156 0.0007813 0.01)
(0.004156 0.0008437 0.01)
(0.004156 0.0009062 0.01)
(0.004156 0.0009687 0.01)
(0.004156 0.001031 0.01)
(0.004156 0.001094 0.01)
(0.004156 0.001156 0.01)
(0.004156 0.001219 0.01)
(0.004219 0.0005313 0.01)
(0.004219 0.0005937 0.01)
(0.004219 0.0006562 0.01)
(0.004219 0.0007187 0.01)
(0.004219 0.0007813 0.01)
(0.004219 0.0008437 0.01)
(0.004219 0.0009062 0.01)
(0.004219 0.0009687 0.01)
(0.004219 0.001031 0.01)
(0.004219 0.001094 0.01)
(0.004219 0.001156 0.01)
(0.004219 0.001219 0.01)
(0.004281 0.0005313 0.01)
(0.004281 0.0005937 0.01)
(0.004281 0.0006562 0.01)
(0.004281 0.0007187 0.01)
(0.004281 0.0007813 0.01)
(0.004281 0.0008437 0.01)
(0.004281 0.0009062 0.01)
(0.004281 0.0009687 0.01)
(0.004281 0.001031 0.01)
(0.004281 0.001094 0.01)
(0.004281 0.001156 0.01)
(0.004281 0.001219 0.01)
(0.004344 0.0005313 0.01)
(0.004344 0.0005937 0.01)
(0.004344 0.0006562 0.01)
(0.004344 0.0007187 0.01)
(0.004344 0.0007813 0.01)
(0.004344 0.0008437 0.01)
(0.004344 0.0009062 0.01)
(0.004344 0.0009687 0.01)
(0.004344 0.001031 0.01)
(0.004344 0.001094 0.01)
(0.004344 0.001156 0.01)
(0.004344 0.001219 0.01)
(0.004406 0.0005312 0.01)
(0.004406 0.0005937 0.01)
(0.004406 0.0006562 0.01)
(0.004406 0.0007188 0.01)
(0.004406 0.0007813 0.01)
(0.004406 0.0008437 0.01)
(0.004406 0.0009062 0.01)
(0.004406 0.0009687 0.01)
(0.004406 0.001031 0.01)
(0.004406 0.001094 0.01)
(0.004406 0.001156 0.01)
(0.004406 0.001219 0.01)
(0.004469 0.0005313 0.01)
(0.004469 0.0005937 0.01)
(0.004469 0.0006562 0.01)
(0.004469 0.0007187 0.01)
(0.004469 0.0007813 0.01)
(0.004469 0.0008437 0.01)
(0.004469 0.0009062 0.01)
(0.004469 0.0009687 0.01)
(0.004469 0.001031 0.01)
(0.004469 0.001094 0.01)
(0.004469 0.001156 0.01)
(0.004469 0.001219 0.01)
(0.004531 0.0005313 0.01)
(0.004531 0.0005937 0.01)
(0.004531 0.0006562 0.01)
(0.004531 0.0007187 0.01)
(0.004531 0.0007813 0.01)
(0.004531 0.0008437 0.01)
(0.004531 0.0009062 0.01)
(0.004531 0.0009687 0.01)
(0.004531 0.001031 0.01)
(0.004531 0.001094 0.01)
(0.004531 0.001156 0.01)
(0.004531 0.001219 0.01)
(0.004594 0.0005313 0.01)
(0.004594 0.0005937 0.01)
(0.004594 0.0006562 0.01)
(0.004594 0.0007187 0.01)
(0.004594 0.0007813 0.01)
(0.004594 0.0008437 0.01)
(0.004594 0.0009062 0.01)
(0.004594 0.0009687 0.01)
(0.004594 0.001031 0.01)
(0.004594 0.001094 0.01)
(0.004594 0.001156 0.01)
(0.004594 0.001219 0.01)
(0.004656 0.0005313 0.01)
(0.004656 0.0005937 0.01)
(0.004656 0.0006562 0.01)
(0.004656 0.0007187 0.01)
(0.004656 0.0007813 0.01)
(0.004656 0.0008437 0.01)
(0.004656 0.0009062 0.01)
(0.004656 0.0009687 0.01)
(0.004656 0.001031 0.01)
(0.004656 0.001094 0.01)
(0.004656 0.001156 0.01)
(0.004656 0.001219 0.01)
(0.004719 0.0005313 0.01)
(0.004719 0.0005937 0.01)
(0.004719 0.0006562 0.01)
(0.004719 0.0007187 0.01)
(0.004719 0.0007813 0.01)
(0.004719 0.0008437 0.01)
(0.004719 0.0009062 0.01)
(0.004719 0.0009687 0.01)
(0.004719 0.001031 0.01)
(0.004719 0.001094 0.01)
(0.004719 0.001156 0.01)
(0.004719 0.001219 0.01)
(0.004781 0.0005313 0.01)
(0.004781 0.0005937 0.01)
(0.004781 0.0006562 0.01)
(0.004781 0.0007187 0.01)
(0.004781 0.0007813 0.01)
(0.004781 0.0008437 0.01)
(0.004781 0.0009062 0.01)
(0.004781 0.0009687 0.01)
(0.004781 0.001031 0.01)
(0.004781 0.001094 0.01)
(0.004781 0.001156 0.01)
(0.004781 0.001219 0.01)
(0.004844 0.0005313 0.01)
(0.004844 0.0005937 0.01)
(0.004844 0.0006562 0.01)
(0.004844 0.0007187 0.01)
(0.004844 0.0007813 0.01)
(0.004844 0.0008437 0.01)
(0.004844 0.0009062 0.01)
(0.004844 0.0009687 0.01)
(0.004844 0.001031 0.01)
(0.004844 0.001094 0.01)
(0.004844 0.001156 0.01)
(0.004844 0.001219 0.01)
(0.004906 0.0005313 0.01)
(0.004906 0.0005937 0.01)
(0.004906 0.0006562 0.01)
(0.004906 0.0007187 0.01)
(0.004906 0.0007813 0.01)
(0.004906 0.0008437 0.01)
(0.004906 0.0009062 0.01)
(0.004906 0.0009687 0.01)
(0.004906 0.001031 0.01)
(0.004906 0.001094 0.01)
(0.004906 0.001156 0.01)
(0.004906 0.001219 0.01)
(0.004969 0.0005313 0.01)
(0.004969 0.0005937 0.01)
(0.004969 0.0006562 0.01)
(0.004969 0.0007187 0.01)
(0.004969 0.0007813 0.01)
(0.004969 0.0008437 0.01)
(0.004969 0.0009062 0.01)
(0.004969 0.0009687 0.01)
(0.004969 0.001031 0.01)
(0.004969 0.001094 0.01)
(0.004969 0.001156 0.01)
(0.004969 0.001219 0.01)
(0.004 3.125e-05 0.01003)
(0.004 9.375e-05 0.01003)
(0.004 0.0001563 0.01003)
(0.004 0.0002188 0.01003)
(0.004 0.0002812 0.01003)
(0.004 0.0003438 0.01003)
(0.004 0.0004062 0.01003)
(0.004 0.0004687 0.01003)
(0.004 3.125e-05 0.01009)
(0.004 9.375e-05 0.01009)
(0.004 0.0001563 0.01009)
(0.004 0.0002188 0.01009)
(0.004 0.0002812 0.01009)
(0.004 0.0003438 0.01009)
(0.004 0.0004062 0.01009)
(0.004 0.0004687 0.01009)
(0.004 3.125e-05 0.01016)
(0.004 9.375e-05 0.01016)
(0.004 0.0001563 0.01016)
(0.004 0.0002188 0.01016)
(0.004 0.0002812 0.01016)
(0.004 0.0003438 0.01016)
(0.004 0.0004062 0.01016)
(0.004 0.0004687 0.01016)
(0.004 3.125e-05 0.01022)
(0.004 9.375e-05 0.01022)
(0.004 0.0001563 0.01022)
(0.004 0.0002188 0.01022)
(0.004 0.0002812 0.01022)
(0.004 0.0003438 0.01022)
(0.004 0.0004062 0.01022)
(0.004 0.0004687 0.01022)
(0.004 3.125e-05 0.01028)
(0.004 9.375e-05 0.01028)
(0.004 0.0001563 0.01028)
(0.004 0.0002188 0.01028)
(0.004 0.0002812 0.01028)
(0.004 0.0003438 0.01028)
(0.004 0.0004062 0.01028)
(0.004 0.0004687 0.01028)
(0.004 3.125e-05 0.01034)
(0.004 9.375e-05 0.01034)
(0.004 0.0001563 0.01034)
(0.004 0.0002188 0.01034)
(0.004 0.0002812 0.01034)
(0.004 0.0003438 0.01034)
(0.004 0.0004062 0.01034)
(0.004 0.0004687 0.01034)
(0.004 3.125e-05 0.01041)
(0.004 9.375e-05 0.01041)
(0.004 0.0001563 0.01041)
(0.004 0.0002188 0.01041)
(0.004 0.0002812 0.01041)
(0.004 0.0003438 0.01041)
(0.004 0.0004062 0.01041)
(0.004 0.0004687 0.01041)
(0.004 3.125e-05 0.01047)
(0.004 9.375e-05 0.01047)
(0.004 0.0001563 0.01047)
(0.004 0.0002188 0.01047)
(0.004 0.0002812 0.01047)
(0.004 0.0003438 0.01047)
(0.004 0.0004062 0.01047)
(0.004 0.0004687 0.01047)
(0.004 3.125e-05 0.01053)
(0.004 9.375e-05 0.01053)
(0.004 0.0001563 0.01053)
(0.004 0.0002188 0.01053)
(0.004 0.0002812 0.01053)
(0.004 0.0003438 0.01053)
(0.004 0.0004062 0.01053)
(0.004 0.0004687 0.01053)
(0.004 3.125e-05 0.01059)
(0.004 9.375e-05 0.01059)
(0.004 0.0001563 0.01059)
(0.004 0.0002188 0.01059)
(0.004 0.0002812 0.01059)
(0.004 0.0003438 0.01059)
(0.004 0.0004062 0.01059)
(0.004 0.0004687 0.01059)
(0.004 3.125e-05 0.01066)
(0.004 9.375e-05 0.01066)
(0.004 0.0001563 0.01066)
(0.004 0.0002188 0.01066)
(0.004 0.0002812 0.01066)
(0.004 0.0003438 0.01066)
(0.004 0.0004062 0.01066)
(0.004 0.0004687 0.01066)
(0.004 3.125e-05 0.01072)
(0.004 9.375e-05 0.01072)
(0.004 0.0001563 0.01072)
(0.004 0.0002188 0.01072)
(0.004 0.0002813 0.01072)
(0.004 0.0003437 0.01072)
(0.004 0.0004062 0.01072)
(0.004 0.0004687 0.01072)
(0.004 3.125e-05 0.01078)
(0.004 9.375e-05 0.01078)
(0.004 0.0001563 0.01078)
(0.004 0.0002188 0.01078)
(0.004 0.0002812 0.01078)
(0.004 0.0003438 0.01078)
(0.004 0.0004062 0.01078)
(0.004 0.0004687 0.01078)
(0.004 3.125e-05 0.01084)
(0.004 9.375e-05 0.01084)
(0.004 0.0001563 0.01084)
(0.004 0.0002188 0.01084)
(0.004 0.0002812 0.01084)
(0.004 0.0003438 0.01084)
(0.004 0.0004062 0.01084)
(0.004 0.0004687 0.01084)
(0.004 3.125e-05 0.01091)
(0.004 9.375e-05 0.01091)
(0.004 0.0001563 0.01091)
(0.004 0.0002188 0.01091)
(0.004 0.0002812 0.01091)
(0.004 0.0003438 0.01091)
(0.004 0.0004062 0.01091)
(0.004 0.0004687 0.01091)
(0.004 3.125e-05 0.01097)
(0.004 9.375e-05 0.01097)
(0.004 0.0001563 0.01097)
(0.004 0.0002188 0.01097)
(0.004 0.0002812 0.01097)
(0.004 0.0003438 0.01097)
(0.004 0.0004062 0.01097)
(0.004 0.0004687 0.01097)
(0.004031 0.0005 0.01003)
(0.004031 0.0005 0.01009)
(0.004031 0.0005 0.01016)
(0.004031 0.0005 0.01022)
(0.004031 0.0005 0.01028)
(0.004031 0.0005 0.01034)
(0.004031 0.0005 0.01041)
(0.004031 0.0005 0.01047)
(0.004031 0.0005 0.01053)
(0.004031 0.0005 0.01059)
(0.004031 0.0005 0.01066)
(0.004031 0.0005 0.01072)
(0.004031 0.0005 0.01078)
(0.004031 0.0005 0.01084)
(0.004031 0.0005 0.01091)
(0.004031 0.0005 0.01097)
(0.004094 0.0005 0.01003)
(0.004094 0.0005 0.01009)
(0.004094 0.0005 0.01016)
(0.004094 0.0005 0.01022)
(0.004094 0.0005 0.01028)
(0.004094 0.0005 0.01034)
(0.004094 0.0005 0.01041)
(0.004094 0.0005 0.01047)
(0.004094 0.0005 0.01053)
(0.004094 0.0005 0.01059)
(0.004094 0.0005 0.01066)
(0.004094 0.0005 0.01072)
(0.004094 0.0005 0.01078)
(0.004094 0.0005 0.01084)
(0.004094 0.0005 0.01091)
(0.004094 0.0005 0.01097)
(0.004156 0.0005 0.01003)
(0.004156 0.0005 0.01009)
(0.004156 0.0005 0.01016)
(0.004156 0.0005 0.01022)
(0.004156 0.0005 0.01028)
(0.004156 0.0005 0.01034)
(0.004156 0.0005 0.01041)
(0.004156 0.0005 0.01047)
(0.004156 0.0005 0.01053)
(0.004156 0.0005 0.01059)
(0.004156 0.0005 0.01066)
(0.004156 0.0005 0.01072)
(0.004156 0.0005 0.01078)
(0.004156 0.0005 0.01084)
(0.004156 0.0005 0.01091)
(0.004156 0.0005 0.01097)
(0.004219 0.0005 0.01003)
(0.004219 0.0005 0.01009)
(0.004219 0.0005 0.01016)
(0.004219 0.0005 0.01022)
(0.004219 0.0005 0.01028)
(0.004219 0.0005 0.01034)
(0.004219 0.0005 0.01041)
(0.004219 0.0005 0.01047)
(0.004219 0.0005 0.01053)
(0.004219 0.0005 0.01059)
(0.004219 0.0005 0.01066)
(0.004219 0.0005 0.01072)
(0.004219 0.0005 0.01078)
(0.004219 0.0005 0.01084)
(0.004219 0.0005 0.01091)
(0.004219 0.0005 0.01097)
(0.004281 0.0005 0.01003)
(0.004281 0.0005 0.01009)
(0.004281 0.0005 0.01016)
(0.004281 0.0005 0.01022)
(0.004281 0.0005 0.01028)
(0.004281 0.0005 0.01034)
(0.004281 0.0005 0.01041)
(0.004281 0.0005 0.01047)
(0.004281 0.0005 0.01053)
(0.004281 0.0005 0.01059)
(0.004281 0.0005 0.01066)
(0.004281 0.0005 0.01072)
(0.004281 0.0005 0.01078)
(0.004281 0.0005 0.01084)
(0.004281 0.0005 0.01091)
(0.004281 0.0005 0.01097)
(0.004344 0.0005 0.01003)
(0.004344 0.0005 0.01009)
(0.004344 0.0005 0.01016)
(0.004344 0.0005 0.01022)
(0.004344 0.0005 0.01028)
(0.004344 0.0005 0.01034)
(0.004344 0.0005 0.01041)
(0.004344 0.0005 0.01047)
(0.004344 0.0005 0.01053)
(0.004344 0.0005 0.01059)
(0.004344 0.0005 0.01066)
(0.004344 0.0005 0.01072)
(0.004344 0.0005 0.01078)
(0.004344 0.0005 0.01084)
(0.004344 0.0005 0.01091)
(0.004344 0.0005 0.01097)
(0.004406 0.0005 0.01003)
(0.004406 0.0005 0.01009)
(0.004406 0.0005 0.01016)
(0.004406 0.0005 0.01022)
(0.004406 0.0005 0.01028)
(0.004406 0.0005 0.01034)
(0.004406 0.0005 0.01041)
(0.004406 0.0005 0.01047)
(0.004406 0.0005 0.01053)
(0.004406 0.0005 0.01059)
(0.004406 0.0005 0.01066)
(0.004406 0.0005 0.01072)
(0.004406 0.0005 0.01078)
(0.004406 0.0005 0.01084)
(0.004406 0.0005 0.01091)
(0.004406 0.0005 0.01097)
(0.004469 0.0005 0.01003)
(0.004469 0.0005 0.01009)
(0.004469 0.0005 0.01016)
(0.004469 0.0005 0.01022)
(0.004469 0.0005 0.01028)
(0.004469 0.0005 0.01034)
(0.004469 0.0005 0.01041)
(0.004469 0.0005 0.01047)
(0.004469 0.0005 0.01053)
(0.004469 0.0005 0.01059)
(0.004469 0.0005 0.01066)
(0.004469 0.0005 0.01072)
(0.004469 0.0005 0.01078)
(0.004469 0.0005 0.01084)
(0.004469 0.0005 0.01091)
(0.004469 0.0005 0.01097)
(0.004531 0.0005 0.01003)
(0.004531 0.0005 0.01009)
(0.004531 0.0005 0.01016)
(0.004531 0.0005 0.01022)
(0.004531 0.0005 0.01028)
(0.004531 0.0005 0.01034)
(0.004531 0.0005 0.01041)
(0.004531 0.0005 0.01047)
(0.004531 0.0005 0.01053)
(0.004531 0.0005 0.01059)
(0.004531 0.0005 0.01066)
(0.004531 0.0005 0.01072)
(0.004531 0.0005 0.01078)
(0.004531 0.0005 0.01084)
(0.004531 0.0005 0.01091)
(0.004531 0.0005 0.01097)
(0.004594 0.0005 0.01003)
(0.004594 0.0005 0.01009)
(0.004594 0.0005 0.01016)
(0.004594 0.0005 0.01022)
(0.004594 0.0005 0.01028)
(0.004594 0.0005 0.01034)
(0.004594 0.0005 0.01041)
(0.004594 0.0005 0.01047)
(0.004594 0.0005 0.01053)
(0.004594 0.0005 0.01059)
(0.004594 0.0005 0.01066)
(0.004594 0.0005 0.01072)
(0.004594 0.0005 0.01078)
(0.004594 0.0005 0.01084)
(0.004594 0.0005 0.01091)
(0.004594 0.0005 0.01097)
(0.004656 0.0005 0.01003)
(0.004656 0.0005 0.01009)
(0.004656 0.0005 0.01016)
(0.004656 0.0005 0.01022)
(0.004656 0.0005 0.01028)
(0.004656 0.0005 0.01034)
(0.004656 0.0005 0.01041)
(0.004656 0.0005 0.01047)
(0.004656 0.0005 0.01053)
(0.004656 0.0005 0.01059)
(0.004656 0.0005 0.01066)
(0.004656 0.0005 0.01072)
(0.004656 0.0005 0.01078)
(0.004656 0.0005 0.01084)
(0.004656 0.0005 0.01091)
(0.004656 0.0005 0.01097)
(0.004719 0.0005 0.01003)
(0.004719 0.0005 0.01009)
(0.004719 0.0005 0.01016)
(0.004719 0.0005 0.01022)
(0.004719 0.0005 0.01028)
(0.004719 0.0005 0.01034)
(0.004719 0.0005 0.01041)
(0.004719 0.0005 0.01047)
(0.004719 0.0005 0.01053)
(0.004719 0.0005 0.01059)
(0.004719 0.0005 0.01066)
(0.004719 0.0005 0.01072)
(0.004719 0.0005 0.01078)
(0.004719 0.0005 0.01084)
(0.004719 0.0005 0.01091)
(0.004719 0.0005 0.01097)
(0.004781 0.0005 0.01003)
(0.004781 0.0005 0.01009)
(0.004781 0.0005 0.01016)
(0.004781 0.0005 0.01022)
(0.004781 0.0005 0.01028)
(0.004781 0.0005 0.01034)
(0.004781 0.0005 0.01041)
(0.004781 0.0005 0.01047)
(0.004781 0.0005 0.01053)
(0.004781 0.0005 0.01059)
(0.004781 0.0005 0.01066)
(0.004781 0.0005 0.01072)
(0.004781 0.0005 0.01078)
(0.004781 0.0005 0.01084)
(0.004781 0.0005 0.01091)
(0.004781 0.0005 0.01097)
(0.004844 0.0005 0.01003)
(0.004844 0.0005 0.01009)
(0.004844 0.0005 0.01016)
(0.004844 0.0005 0.01022)
(0.004844 0.0005 0.01028)
(0.004844 0.0005 0.01034)
(0.004844 0.0005 0.01041)
(0.004844 0.0005 0.01047)
(0.004844 0.0005 0.01053)
(0.004844 0.0005 0.01059)
(0.004844 0.0005 0.01066)
(0.004844 0.0005 0.01072)
(0.004844 0.0005 0.01078)
(0.004844 0.0005 0.01084)
(0.004844 0.0005 0.01091)
(0.004844 0.0005 0.01097)
(0.004906 0.0005 0.01003)
(0.004906 0.0005 0.01009)
(0.004906 0.0005 0.01016)
(0.004906 0.0005 0.01022)
(0.004906 0.0005 0.01028)
(0.004906 0.0005 0.01034)
(0.004906 0.0005 0.01041)
(0.004906 0.0005 0.01047)
(0.004906 0.0005 0.01053)
(0.004906 0.0005 0.01059)
(0.004906 0.0005 0.01066)
(0.004906 0.0005 0.01072)
(0.004906 0.0005 0.01078)
(0.004906 0.0005 0.01084)
(0.004906 0.0005 0.01091)
(0.004906 0.0005 0.01097)
(0.004969 0.0005 0.01003)
(0.004969 0.0005 0.01009)
(0.004969 0.0005 0.01016)
(0.004969 0.0005 0.01022)
(0.004969 0.0005 0.01028)
(0.004969 0.0005 0.01034)
(0.004969 0.0005 0.01041)
(0.004969 0.0005 0.01047)
(0.004969 0.0005 0.01053)
(0.004969 0.0005 0.01059)
(0.004969 0.0005 0.01066)
(0.004969 0.0005 0.01072)
(0.004969 0.0005 0.01078)
(0.004969 0.0005 0.01084)
(0.004969 0.0005 0.01091)
(0.004969 0.0005 0.01097)
)
;
    }
    sym
    {
        type            symmetry;
    }
    procBoundary17to12
    {
        type            processor;
        value           uniform (0.002469 0.0006563 0.008031);
    }
    procBoundary17to13
    {
        type            processor;
        value           nonuniform List<vector> 
820
(
(0.003156 3.125e-05 0.007969)
(0.003219 3.125e-05 0.007969)
(0.003281 3.125e-05 0.007969)
(0.003344 3.125e-05 0.007969)
(0.003406 3.125e-05 0.007969)
(0.003469 3.125e-05 0.007969)
(0.003531 3.125e-05 0.007969)
(0.003594 3.125e-05 0.007969)
(0.003656 3.125e-05 0.007969)
(0.003719 3.125e-05 0.007969)
(0.003781 3.125e-05 0.007969)
(0.003844 3.125e-05 0.007969)
(0.003906 3.125e-05 0.007969)
(0.003969 3.125e-05 0.007969)
(0.003094 9.375e-05 0.007969)
(0.003156 9.375e-05 0.007969)
(0.003219 9.375e-05 0.007969)
(0.003281 9.375e-05 0.007969)
(0.003344 9.375e-05 0.007969)
(0.003406 9.375e-05 0.007969)
(0.003469 9.375e-05 0.007969)
(0.003531 9.375e-05 0.007969)
(0.003594 9.375e-05 0.007969)
(0.003656 9.375e-05 0.007969)
(0.003719 9.375e-05 0.007969)
(0.003781 9.375e-05 0.007969)
(0.003844 9.375e-05 0.007969)
(0.003906 9.375e-05 0.007969)
(0.003969 9.375e-05 0.007969)
(0.003031 0.0001563 0.007969)
(0.003094 0.0001562 0.007969)
(0.003156 0.0001562 0.007969)
(0.003219 0.0001562 0.007969)
(0.003281 0.0001562 0.007969)
(0.003344 0.0001563 0.007969)
(0.003406 0.0001563 0.007969)
(0.003469 0.0001563 0.007969)
(0.003531 0.0001563 0.007969)
(0.003594 0.0001562 0.007969)
(0.003656 0.0001562 0.007969)
(0.003719 0.0001562 0.007969)
(0.003781 0.0001562 0.007969)
(0.003844 0.0001562 0.007969)
(0.003906 0.0001562 0.007969)
(0.003969 0.0001562 0.007969)
(0.002969 0.0002188 0.007969)
(0.003031 0.0002188 0.007969)
(0.003094 0.0002188 0.007969)
(0.003156 0.0002188 0.007969)
(0.003219 0.0002187 0.007969)
(0.003281 0.0002187 0.007969)
(0.003344 0.0002188 0.007969)
(0.003406 0.0002188 0.007969)
(0.003469 0.0002187 0.007969)
(0.003531 0.0002187 0.007969)
(0.003594 0.0002188 0.007969)
(0.003656 0.0002188 0.007969)
(0.003719 0.0002188 0.007969)
(0.003781 0.0002187 0.007969)
(0.003844 0.0002187 0.007969)
(0.003906 0.0002188 0.007969)
(0.003969 0.0002187 0.007969)
(0.002906 0.0002812 0.007969)
(0.002969 0.0002812 0.007969)
(0.003031 0.0002812 0.007969)
(0.003094 0.0002813 0.007969)
(0.003156 0.0002813 0.007969)
(0.003219 0.0002812 0.007969)
(0.003281 0.0002812 0.007969)
(0.003344 0.0002812 0.007969)
(0.003406 0.0002812 0.007969)
(0.003469 0.0002812 0.007969)
(0.003531 0.0002812 0.007969)
(0.003594 0.0002812 0.007969)
(0.003656 0.0002812 0.007969)
(0.003719 0.0002812 0.007969)
(0.003781 0.0002812 0.007969)
(0.003844 0.0002812 0.007969)
(0.003906 0.0002813 0.007969)
(0.003969 0.0002812 0.007969)
(0.002844 0.0003438 0.007969)
(0.002906 0.0003438 0.007969)
(0.002969 0.0003438 0.007969)
(0.003031 0.0003438 0.007969)
(0.003094 0.0003438 0.007969)
(0.003156 0.0003437 0.007969)
(0.003219 0.0003438 0.007969)
(0.003281 0.0003438 0.007969)
(0.003344 0.0003438 0.007969)
(0.003406 0.0003438 0.007969)
(0.003469 0.0003438 0.007969)
(0.003531 0.0003438 0.007969)
(0.003594 0.0003437 0.007969)
(0.003656 0.0003437 0.007969)
(0.003719 0.0003437 0.007969)
(0.003781 0.0003437 0.007969)
(0.003844 0.0003438 0.007969)
(0.003906 0.0003438 0.007969)
(0.003969 0.0003438 0.007969)
(0.002781 0.0004062 0.007969)
(0.002844 0.0004063 0.007969)
(0.002906 0.0004063 0.007969)
(0.002969 0.0004062 0.007969)
(0.003031 0.0004062 0.007969)
(0.003094 0.0004062 0.007969)
(0.003156 0.0004063 0.007969)
(0.003219 0.0004062 0.007969)
(0.003281 0.0004062 0.007969)
(0.003344 0.0004062 0.007969)
(0.003406 0.0004063 0.007969)
(0.003469 0.0004062 0.007969)
(0.003531 0.0004062 0.007969)
(0.003594 0.0004062 0.007969)
(0.003656 0.0004062 0.007969)
(0.003719 0.0004062 0.007969)
(0.003781 0.0004062 0.007969)
(0.003844 0.0004063 0.007969)
(0.003906 0.0004062 0.007969)
(0.003969 0.0004062 0.007969)
(0.002719 0.0004687 0.007969)
(0.002781 0.0004688 0.007969)
(0.002844 0.0004688 0.007969)
(0.002906 0.0004688 0.007969)
(0.002969 0.0004687 0.007969)
(0.003031 0.0004688 0.007969)
(0.003094 0.0004687 0.007969)
(0.003156 0.0004687 0.007969)
(0.003219 0.0004687 0.007969)
(0.003281 0.0004687 0.007969)
(0.003344 0.0004687 0.007969)
(0.003406 0.0004687 0.007969)
(0.003469 0.0004687 0.007969)
(0.003531 0.0004687 0.007969)
(0.003594 0.0004687 0.007969)
(0.003656 0.0004687 0.007969)
(0.003719 0.0004687 0.007969)
(0.003781 0.0004687 0.007969)
(0.003844 0.0004688 0.007969)
(0.003906 0.0004687 0.007969)
(0.003969 0.0004687 0.007969)
(0.002531 3.125e-05 0.008031)
(0.002594 3.125e-05 0.008031)
(0.002656 3.125e-05 0.008031)
(0.002719 3.125e-05 0.008031)
(0.002781 3.125e-05 0.008031)
(0.002844 3.125e-05 0.008031)
(0.002906 3.125e-05 0.008031)
(0.002969 3.125e-05 0.008031)
(0.003031 3.125e-05 0.008031)
(0.003094 3.125e-05 0.008031)
(0.003094 3.125e-05 0.008031)
(0.003094 3.125e-05 0.008031)
(0.002531 9.375e-05 0.008031)
(0.002594 9.375e-05 0.008031)
(0.002656 9.375e-05 0.008031)
(0.002719 9.375e-05 0.008031)
(0.002781 9.375e-05 0.008031)
(0.002844 9.375e-05 0.008031)
(0.002906 9.375e-05 0.008031)
(0.002969 9.375e-05 0.008031)
(0.003031 9.375e-05 0.008031)
(0.003031 9.375e-05 0.008031)
(0.003031 9.375e-05 0.008031)
(0.002531 0.0001563 0.008031)
(0.002594 0.0001563 0.008031)
(0.002656 0.0001563 0.008031)
(0.002719 0.0001562 0.008031)
(0.002781 0.0001563 0.008031)
(0.002844 0.0001563 0.008031)
(0.002906 0.0001563 0.008031)
(0.002969 0.0001562 0.008031)
(0.002969 0.0001562 0.008031)
(0.002969 0.0001562 0.008031)
(0.002531 0.0002188 0.008031)
(0.002594 0.0002188 0.008031)
(0.002656 0.0002187 0.008031)
(0.002719 0.0002188 0.008031)
(0.002781 0.0002188 0.008031)
(0.002844 0.0002188 0.008031)
(0.002906 0.0002188 0.008031)
(0.002906 0.0002188 0.008031)
(0.002906 0.0002188 0.008031)
(0.002531 0.0002813 0.008031)
(0.002594 0.0002812 0.008031)
(0.002656 0.0002813 0.008031)
(0.002719 0.0002813 0.008031)
(0.002781 0.0002813 0.008031)
(0.002844 0.0002813 0.008031)
(0.002844 0.0002813 0.008031)
(0.002844 0.0002813 0.008031)
(0.002531 0.0003437 0.008031)
(0.002594 0.0003438 0.008031)
(0.002656 0.0003437 0.008031)
(0.002719 0.0003437 0.008031)
(0.002781 0.0003438 0.008031)
(0.002781 0.0003438 0.008031)
(0.002781 0.0003438 0.008031)
(0.002531 0.0004062 0.008031)
(0.002594 0.0004063 0.008031)
(0.002656 0.0004063 0.008031)
(0.002719 0.0004062 0.008031)
(0.002719 0.0004062 0.008031)
(0.002719 0.0004062 0.008031)
(0.002531 0.0004687 0.008031)
(0.002594 0.0004687 0.008031)
(0.002656 0.0004687 0.008031)
(0.002656 0.0004687 0.008031)
(0.002656 0.0004687 0.008031)
(0.002656 0.0005312 0.007969)
(0.002719 0.0005312 0.007969)
(0.002781 0.0005313 0.007969)
(0.002844 0.0005313 0.007969)
(0.002906 0.0005312 0.007969)
(0.002969 0.0005312 0.007969)
(0.003031 0.0005312 0.007969)
(0.003094 0.0005312 0.007969)
(0.003156 0.0005312 0.007969)
(0.003219 0.0005312 0.007969)
(0.003281 0.0005313 0.007969)
(0.003344 0.0005312 0.007969)
(0.003406 0.0005313 0.007969)
(0.003469 0.0005313 0.007969)
(0.003531 0.0005312 0.007969)
(0.003594 0.0005312 0.007969)
(0.003656 0.0005312 0.007969)
(0.003719 0.0005313 0.007969)
(0.003781 0.0005312 0.007969)
(0.003844 0.0005312 0.007969)
(0.003906 0.0005312 0.007969)
(0.003969 0.0005312 0.007969)
(0.002594 0.0005937 0.007969)
(0.002656 0.0005937 0.007969)
(0.002719 0.0005937 0.007969)
(0.002781 0.0005937 0.007969)
(0.002844 0.0005937 0.007969)
(0.002906 0.0005937 0.007969)
(0.002969 0.0005937 0.007969)
(0.003031 0.0005937 0.007969)
(0.003094 0.0005937 0.007969)
(0.003156 0.0005937 0.007969)
(0.003219 0.0005937 0.007969)
(0.003281 0.0005937 0.007969)
(0.003344 0.0005937 0.007969)
(0.003406 0.0005937 0.007969)
(0.003469 0.0005937 0.007969)
(0.003531 0.0005937 0.007969)
(0.003594 0.0005937 0.007969)
(0.003656 0.0005937 0.007969)
(0.003719 0.0005937 0.007969)
(0.003781 0.0005937 0.007969)
(0.003844 0.0005937 0.007969)
(0.003906 0.0005937 0.007969)
(0.003969 0.0005937 0.007969)
(0.002531 0.0006563 0.007969)
(0.002594 0.0006563 0.007969)
(0.002656 0.0006563 0.007969)
(0.002719 0.0006562 0.007969)
(0.002781 0.0006562 0.007969)
(0.002844 0.0006563 0.007969)
(0.002906 0.0006562 0.007969)
(0.002969 0.0006563 0.007969)
(0.003031 0.0006562 0.007969)
(0.003094 0.0006562 0.007969)
(0.003156 0.0006563 0.007969)
(0.003219 0.0006562 0.007969)
(0.003281 0.0006563 0.007969)
(0.003344 0.0006563 0.007969)
(0.003406 0.0006563 0.007969)
(0.003469 0.0006563 0.007969)
(0.003531 0.0006562 0.007969)
(0.003594 0.0006563 0.007969)
(0.003656 0.0006563 0.007969)
(0.003719 0.0006563 0.007969)
(0.003781 0.0006562 0.007969)
(0.003844 0.0006563 0.007969)
(0.003906 0.0006562 0.007969)
(0.003969 0.0006563 0.007969)
(0.002531 0.0007187 0.007969)
(0.002594 0.0007187 0.007969)
(0.002656 0.0007188 0.007969)
(0.002719 0.0007187 0.007969)
(0.002781 0.0007187 0.007969)
(0.002844 0.0007187 0.007969)
(0.002906 0.0007187 0.007969)
(0.002969 0.0007187 0.007969)
(0.003031 0.0007187 0.007969)
(0.003094 0.0007188 0.007969)
(0.003156 0.0007188 0.007969)
(0.003219 0.0007188 0.007969)
(0.003281 0.0007187 0.007969)
(0.003344 0.0007187 0.007969)
(0.003406 0.0007187 0.007969)
(0.003469 0.0007187 0.007969)
(0.003531 0.0007187 0.007969)
(0.003594 0.0007187 0.007969)
(0.003656 0.0007187 0.007969)
(0.003719 0.0007187 0.007969)
(0.003781 0.0007187 0.007969)
(0.003844 0.0007187 0.007969)
(0.003906 0.0007188 0.007969)
(0.003969 0.0007187 0.007969)
(0.002531 0.0007813 0.007969)
(0.002594 0.0007813 0.007969)
(0.002656 0.0007812 0.007969)
(0.002719 0.0007813 0.007969)
(0.002781 0.0007813 0.007969)
(0.002844 0.0007813 0.007969)
(0.002906 0.0007813 0.007969)
(0.002969 0.0007813 0.007969)
(0.003031 0.0007813 0.007969)
(0.003094 0.0007813 0.007969)
(0.003156 0.0007812 0.007969)
(0.003219 0.0007813 0.007969)
(0.003281 0.0007813 0.007969)
(0.003344 0.0007812 0.007969)
(0.003406 0.0007813 0.007969)
(0.003469 0.0007813 0.007969)
(0.003531 0.0007813 0.007969)
(0.003594 0.0007812 0.007969)
(0.003656 0.0007812 0.007969)
(0.003719 0.0007813 0.007969)
(0.003781 0.0007813 0.007969)
(0.003844 0.0007813 0.007969)
(0.003906 0.0007813 0.007969)
(0.003969 0.0007813 0.007969)
(0.002531 0.0008438 0.007969)
(0.002594 0.0008438 0.007969)
(0.002656 0.0008438 0.007969)
(0.002719 0.0008437 0.007969)
(0.002781 0.0008438 0.007969)
(0.002844 0.0008437 0.007969)
(0.002906 0.0008438 0.007969)
(0.002969 0.0008437 0.007969)
(0.003031 0.0008438 0.007969)
(0.003094 0.0008437 0.007969)
(0.003156 0.0008438 0.007969)
(0.003219 0.0008437 0.007969)
(0.003281 0.0008437 0.007969)
(0.003344 0.0008437 0.007969)
(0.003406 0.0008438 0.007969)
(0.003469 0.0008437 0.007969)
(0.003531 0.0008437 0.007969)
(0.003594 0.0008437 0.007969)
(0.003656 0.0008437 0.007969)
(0.003719 0.0008438 0.007969)
(0.003781 0.0008437 0.007969)
(0.003844 0.0008437 0.007969)
(0.003906 0.0008437 0.007969)
(0.003969 0.0008437 0.007969)
(0.002531 0.0009063 0.007969)
(0.002594 0.0009062 0.007969)
(0.002656 0.0009062 0.007969)
(0.002719 0.0009063 0.007969)
(0.002781 0.0009063 0.007969)
(0.002844 0.0009062 0.007969)
(0.002906 0.0009063 0.007969)
(0.002969 0.0009062 0.007969)
(0.003031 0.0009063 0.007969)
(0.003094 0.0009063 0.007969)
(0.003156 0.0009062 0.007969)
(0.003219 0.0009063 0.007969)
(0.003281 0.0009062 0.007969)
(0.003344 0.0009062 0.007969)
(0.003406 0.0009063 0.007969)
(0.003469 0.0009063 0.007969)
(0.003531 0.0009063 0.007969)
(0.003594 0.0009062 0.007969)
(0.003656 0.0009063 0.007969)
(0.003719 0.0009062 0.007969)
(0.003781 0.0009062 0.007969)
(0.003844 0.0009063 0.007969)
(0.003906 0.0009063 0.007969)
(0.003969 0.0009063 0.007969)
(0.002531 0.0009687 0.007969)
(0.002594 0.0009687 0.007969)
(0.002656 0.0009688 0.007969)
(0.002719 0.0009687 0.007969)
(0.002781 0.0009687 0.007969)
(0.002844 0.0009687 0.007969)
(0.002906 0.0009687 0.007969)
(0.002969 0.0009687 0.007969)
(0.003031 0.0009687 0.007969)
(0.003094 0.0009687 0.007969)
(0.003156 0.0009688 0.007969)
(0.003219 0.0009687 0.007969)
(0.003281 0.0009687 0.007969)
(0.003344 0.0009687 0.007969)
(0.003406 0.0009687 0.007969)
(0.003469 0.0009687 0.007969)
(0.003531 0.0009687 0.007969)
(0.003594 0.0009687 0.007969)
(0.003656 0.0009687 0.007969)
(0.003719 0.0009687 0.007969)
(0.003781 0.0009687 0.007969)
(0.003844 0.0009687 0.007969)
(0.003906 0.0009687 0.007969)
(0.003969 0.0009687 0.007969)
(0.002531 0.001031 0.007969)
(0.002594 0.001031 0.007969)
(0.002656 0.001031 0.007969)
(0.002719 0.001031 0.007969)
(0.002781 0.001031 0.007969)
(0.002844 0.001031 0.007969)
(0.002906 0.001031 0.007969)
(0.002969 0.001031 0.007969)
(0.003031 0.001031 0.007969)
(0.003094 0.001031 0.007969)
(0.003156 0.001031 0.007969)
(0.003219 0.001031 0.007969)
(0.003281 0.001031 0.007969)
(0.003344 0.001031 0.007969)
(0.003406 0.001031 0.007969)
(0.003469 0.001031 0.007969)
(0.003531 0.001031 0.007969)
(0.003594 0.001031 0.007969)
(0.003656 0.001031 0.007969)
(0.003719 0.001031 0.007969)
(0.003781 0.001031 0.007969)
(0.003844 0.001031 0.007969)
(0.003906 0.001031 0.007969)
(0.003969 0.001031 0.007969)
(0.002531 0.001094 0.007969)
(0.002594 0.001094 0.007969)
(0.002656 0.001094 0.007969)
(0.002719 0.001094 0.007969)
(0.002781 0.001094 0.007969)
(0.002844 0.001094 0.007969)
(0.002906 0.001094 0.007969)
(0.002969 0.001094 0.007969)
(0.003031 0.001094 0.007969)
(0.003094 0.001094 0.007969)
(0.003156 0.001094 0.007969)
(0.003219 0.001094 0.007969)
(0.003281 0.001094 0.007969)
(0.003344 0.001094 0.007969)
(0.003406 0.001094 0.007969)
(0.003469 0.001094 0.007969)
(0.003531 0.001094 0.007969)
(0.003594 0.001094 0.007969)
(0.003656 0.001094 0.007969)
(0.003719 0.001094 0.007969)
(0.003781 0.001094 0.007969)
(0.003844 0.001094 0.007969)
(0.003906 0.001094 0.007969)
(0.003969 0.001094 0.007969)
(0.002531 0.001156 0.007969)
(0.002594 0.001156 0.007969)
(0.002656 0.001156 0.007969)
(0.002719 0.001156 0.007969)
(0.002781 0.001156 0.007969)
(0.002844 0.001156 0.007969)
(0.002906 0.001156 0.007969)
(0.002969 0.001156 0.007969)
(0.003031 0.001156 0.007969)
(0.003094 0.001156 0.007969)
(0.003156 0.001156 0.007969)
(0.003219 0.001156 0.007969)
(0.003281 0.001156 0.007969)
(0.003344 0.001156 0.007969)
(0.003406 0.001156 0.007969)
(0.003469 0.001156 0.007969)
(0.003531 0.001156 0.007969)
(0.003594 0.001156 0.007969)
(0.003656 0.001156 0.007969)
(0.003719 0.001156 0.007969)
(0.003781 0.001156 0.007969)
(0.003844 0.001156 0.007969)
(0.003906 0.001156 0.007969)
(0.003969 0.001156 0.007969)
(0.002531 0.001219 0.007969)
(0.002594 0.001219 0.007969)
(0.002656 0.001219 0.007969)
(0.002719 0.001219 0.007969)
(0.002781 0.001219 0.007969)
(0.002844 0.001219 0.007969)
(0.002906 0.001219 0.007969)
(0.002969 0.001219 0.007969)
(0.003031 0.001219 0.007969)
(0.003094 0.001219 0.007969)
(0.003156 0.001219 0.007969)
(0.003219 0.001219 0.007969)
(0.003281 0.001219 0.007969)
(0.003344 0.001219 0.007969)
(0.003406 0.001219 0.007969)
(0.003469 0.001219 0.007969)
(0.003531 0.001219 0.007969)
(0.003594 0.001219 0.007969)
(0.003656 0.001219 0.007969)
(0.003719 0.001219 0.007969)
(0.003781 0.001219 0.007969)
(0.003844 0.001219 0.007969)
(0.003906 0.001219 0.007969)
(0.003969 0.001219 0.007969)
(0.002531 0.0005312 0.008031)
(0.002594 0.0005312 0.008031)
(0.002594 0.0005312 0.008031)
(0.002594 0.0005312 0.008031)
(0.002531 0.0005937 0.008031)
(0.002531 0.0005937 0.008031)
(0.002531 0.0005937 0.008031)
(0.004031 3.125e-05 0.007969)
(0.004094 3.125e-05 0.007969)
(0.004156 3.125e-05 0.007969)
(0.004219 3.125e-05 0.007969)
(0.004281 3.125e-05 0.007969)
(0.004344 3.125e-05 0.007969)
(0.004406 3.125e-05 0.007969)
(0.004469 3.125e-05 0.007969)
(0.004531 3.125e-05 0.007969)
(0.004594 3.125e-05 0.007969)
(0.004656 3.125e-05 0.007969)
(0.004719 3.125e-05 0.007969)
(0.004781 3.125e-05 0.007969)
(0.004844 3.125e-05 0.007969)
(0.004906 3.125e-05 0.007969)
(0.004969 3.125e-05 0.007969)
(0.004031 9.375e-05 0.007969)
(0.004094 9.375e-05 0.007969)
(0.004156 9.375e-05 0.007969)
(0.004219 9.375e-05 0.007969)
(0.004281 9.375e-05 0.007969)
(0.004344 9.375e-05 0.007969)
(0.004406 9.375e-05 0.007969)
(0.004469 9.375e-05 0.007969)
(0.004531 9.375e-05 0.007969)
(0.004594 9.375e-05 0.007969)
(0.004656 9.375e-05 0.007969)
(0.004719 9.375e-05 0.007969)
(0.004781 9.375e-05 0.007969)
(0.004844 9.375e-05 0.007969)
(0.004906 9.375e-05 0.007969)
(0.004969 9.375e-05 0.007969)
(0.004031 0.0001563 0.007969)
(0.004094 0.0001562 0.007969)
(0.004156 0.0001562 0.007969)
(0.004219 0.0001562 0.007969)
(0.004281 0.0001562 0.007969)
(0.004344 0.0001562 0.007969)
(0.004406 0.0001563 0.007969)
(0.004469 0.0001563 0.007969)
(0.004531 0.0001562 0.007969)
(0.004594 0.0001563 0.007969)
(0.004656 0.0001563 0.007969)
(0.004719 0.0001562 0.007969)
(0.004781 0.0001562 0.007969)
(0.004844 0.0001563 0.007969)
(0.004906 0.0001563 0.007969)
(0.004969 0.0001562 0.007969)
(0.004031 0.0002188 0.007969)
(0.004094 0.0002187 0.007969)
(0.004156 0.0002187 0.007969)
(0.004219 0.0002187 0.007969)
(0.004281 0.0002188 0.007969)
(0.004344 0.0002187 0.007969)
(0.004406 0.0002188 0.007969)
(0.004469 0.0002188 0.007969)
(0.004531 0.0002187 0.007969)
(0.004594 0.0002188 0.007969)
(0.004656 0.0002188 0.007969)
(0.004719 0.0002187 0.007969)
(0.004781 0.0002188 0.007969)
(0.004844 0.0002188 0.007969)
(0.004906 0.0002188 0.007969)
(0.004969 0.0002187 0.007969)
(0.004031 0.0002813 0.007969)
(0.004094 0.0002812 0.007969)
(0.004156 0.0002812 0.007969)
(0.004219 0.0002812 0.007969)
(0.004281 0.0002812 0.007969)
(0.004344 0.0002812 0.007969)
(0.004406 0.0002813 0.007969)
(0.004469 0.0002812 0.007969)
(0.004531 0.0002812 0.007969)
(0.004594 0.0002813 0.007969)
(0.004656 0.0002813 0.007969)
(0.004719 0.0002812 0.007969)
(0.004781 0.0002812 0.007969)
(0.004844 0.0002813 0.007969)
(0.004906 0.0002812 0.007969)
(0.004969 0.0002812 0.007969)
(0.004031 0.0003438 0.007969)
(0.004094 0.0003437 0.007969)
(0.004156 0.0003438 0.007969)
(0.004219 0.0003437 0.007969)
(0.004281 0.0003437 0.007969)
(0.004344 0.0003437 0.007969)
(0.004406 0.0003437 0.007969)
(0.004469 0.0003438 0.007969)
(0.004531 0.0003437 0.007969)
(0.004594 0.0003438 0.007969)
(0.004656 0.0003438 0.007969)
(0.004719 0.0003437 0.007969)
(0.004781 0.0003438 0.007969)
(0.004844 0.0003438 0.007969)
(0.004906 0.0003438 0.007969)
(0.004969 0.0003437 0.007969)
(0.004031 0.0004063 0.007969)
(0.004094 0.0004062 0.007969)
(0.004156 0.0004062 0.007969)
(0.004219 0.0004062 0.007969)
(0.004281 0.0004062 0.007969)
(0.004344 0.0004062 0.007969)
(0.004406 0.0004063 0.007969)
(0.004469 0.0004063 0.007969)
(0.004531 0.0004062 0.007969)
(0.004594 0.0004063 0.007969)
(0.004656 0.0004062 0.007969)
(0.004719 0.0004062 0.007969)
(0.004781 0.0004062 0.007969)
(0.004844 0.0004063 0.007969)
(0.004906 0.0004062 0.007969)
(0.004969 0.0004062 0.007969)
(0.004031 0.0004688 0.007969)
(0.004094 0.0004687 0.007969)
(0.004156 0.0004687 0.007969)
(0.004219 0.0004687 0.007969)
(0.004281 0.0004687 0.007969)
(0.004344 0.0004687 0.007969)
(0.004406 0.0004687 0.007969)
(0.004469 0.0004687 0.007969)
(0.004531 0.0004687 0.007969)
(0.004594 0.0004688 0.007969)
(0.004656 0.0004687 0.007969)
(0.004719 0.0004688 0.007969)
(0.004781 0.0004687 0.007969)
(0.004844 0.0004688 0.007969)
(0.004906 0.0004687 0.007969)
(0.004969 0.0004687 0.007969)
(0.004031 0.0005313 0.007969)
(0.004094 0.0005313 0.007969)
(0.004156 0.0005313 0.007969)
(0.004219 0.0005313 0.007969)
(0.004281 0.0005313 0.007969)
(0.004344 0.0005312 0.007969)
(0.004406 0.0005313 0.007969)
(0.004469 0.0005312 0.007969)
(0.004531 0.0005312 0.007969)
(0.004594 0.0005312 0.007969)
(0.004656 0.0005313 0.007969)
(0.004719 0.0005313 0.007969)
(0.004781 0.0005312 0.007969)
(0.004844 0.0005312 0.007969)
(0.004906 0.0005312 0.007969)
(0.004969 0.0005312 0.007969)
(0.004031 0.0005937 0.007969)
(0.004094 0.0005937 0.007969)
(0.004156 0.0005937 0.007969)
(0.004219 0.0005937 0.007969)
(0.004281 0.0005937 0.007969)
(0.004344 0.0005937 0.007969)
(0.004406 0.0005937 0.007969)
(0.004469 0.0005937 0.007969)
(0.004531 0.0005937 0.007969)
(0.004594 0.0005937 0.007969)
(0.004656 0.0005937 0.007969)
(0.004719 0.0005937 0.007969)
(0.004781 0.0005937 0.007969)
(0.004844 0.0005937 0.007969)
(0.004906 0.0005937 0.007969)
(0.004969 0.0005937 0.007969)
(0.004031 0.0006562 0.007969)
(0.004094 0.0006563 0.007969)
(0.004156 0.0006563 0.007969)
(0.004219 0.0006563 0.007969)
(0.004281 0.0006563 0.007969)
(0.004344 0.0006562 0.007969)
(0.004406 0.0006562 0.007969)
(0.004469 0.0006563 0.007969)
(0.004531 0.0006563 0.007969)
(0.004594 0.0006562 0.007969)
(0.004656 0.0006563 0.007969)
(0.004719 0.0006563 0.007969)
(0.004781 0.0006563 0.007969)
(0.004844 0.0006562 0.007969)
(0.004906 0.0006563 0.007969)
(0.004969 0.0006563 0.007969)
(0.004031 0.0007187 0.007969)
(0.004094 0.0007188 0.007969)
(0.004156 0.0007187 0.007969)
(0.004219 0.0007187 0.007969)
(0.004281 0.0007187 0.007969)
(0.004344 0.0007187 0.007969)
(0.004406 0.0007187 0.007969)
(0.004469 0.0007188 0.007969)
(0.004531 0.0007187 0.007969)
(0.004594 0.0007187 0.007969)
(0.004656 0.0007187 0.007969)
(0.004719 0.0007187 0.007969)
(0.004781 0.0007187 0.007969)
(0.004844 0.0007187 0.007969)
(0.004906 0.0007187 0.007969)
(0.004969 0.0007187 0.007969)
(0.004031 0.0007812 0.007969)
(0.004094 0.0007813 0.007969)
(0.004156 0.0007812 0.007969)
(0.004219 0.0007813 0.007969)
(0.004281 0.0007812 0.007969)
(0.004344 0.0007813 0.007969)
(0.004406 0.0007812 0.007969)
(0.004469 0.0007813 0.007969)
(0.004531 0.0007813 0.007969)
(0.004594 0.0007813 0.007969)
(0.004656 0.0007813 0.007969)
(0.004719 0.0007813 0.007969)
(0.004781 0.0007813 0.007969)
(0.004844 0.0007813 0.007969)
(0.004906 0.0007813 0.007969)
(0.004969 0.0007813 0.007969)
(0.004031 0.0008437 0.007969)
(0.004094 0.0008437 0.007969)
(0.004156 0.0008437 0.007969)
(0.004219 0.0008437 0.007969)
(0.004281 0.0008437 0.007969)
(0.004344 0.0008438 0.007969)
(0.004406 0.0008437 0.007969)
(0.004469 0.0008437 0.007969)
(0.004531 0.0008437 0.007969)
(0.004594 0.0008438 0.007969)
(0.004656 0.0008438 0.007969)
(0.004719 0.0008437 0.007969)
(0.004781 0.0008437 0.007969)
(0.004844 0.0008438 0.007969)
(0.004906 0.0008438 0.007969)
(0.004969 0.0008437 0.007969)
(0.004031 0.0009063 0.007969)
(0.004094 0.0009063 0.007969)
(0.004156 0.0009063 0.007969)
(0.004219 0.0009063 0.007969)
(0.004281 0.0009063 0.007969)
(0.004344 0.0009063 0.007969)
(0.004406 0.0009062 0.007969)
(0.004469 0.0009063 0.007969)
(0.004531 0.0009063 0.007969)
(0.004594 0.0009063 0.007969)
(0.004656 0.0009063 0.007969)
(0.004719 0.0009063 0.007969)
(0.004781 0.0009063 0.007969)
(0.004844 0.0009063 0.007969)
(0.004906 0.0009063 0.007969)
(0.004969 0.0009063 0.007969)
(0.004031 0.0009687 0.007969)
(0.004094 0.0009687 0.007969)
(0.004156 0.0009687 0.007969)
(0.004219 0.0009687 0.007969)
(0.004281 0.0009687 0.007969)
(0.004344 0.0009687 0.007969)
(0.004406 0.0009687 0.007969)
(0.004469 0.0009687 0.007969)
(0.004531 0.0009687 0.007969)
(0.004594 0.0009687 0.007969)
(0.004656 0.0009687 0.007969)
(0.004719 0.0009687 0.007969)
(0.004781 0.0009687 0.007969)
(0.004844 0.0009687 0.007969)
(0.004906 0.0009687 0.007969)
(0.004969 0.0009687 0.007969)
(0.004031 0.001031 0.007969)
(0.004094 0.001031 0.007969)
(0.004156 0.001031 0.007969)
(0.004219 0.001031 0.007969)
(0.004281 0.001031 0.007969)
(0.004344 0.001031 0.007969)
(0.004406 0.001031 0.007969)
(0.004469 0.001031 0.007969)
(0.004531 0.001031 0.007969)
(0.004594 0.001031 0.007969)
(0.004656 0.001031 0.007969)
(0.004719 0.001031 0.007969)
(0.004781 0.001031 0.007969)
(0.004844 0.001031 0.007969)
(0.004906 0.001031 0.007969)
(0.004969 0.001031 0.007969)
(0.004031 0.001094 0.007969)
(0.004094 0.001094 0.007969)
(0.004156 0.001094 0.007969)
(0.004219 0.001094 0.007969)
(0.004281 0.001094 0.007969)
(0.004344 0.001094 0.007969)
(0.004406 0.001094 0.007969)
(0.004469 0.001094 0.007969)
(0.004531 0.001094 0.007969)
(0.004594 0.001094 0.007969)
(0.004656 0.001094 0.007969)
(0.004719 0.001094 0.007969)
(0.004781 0.001094 0.007969)
(0.004844 0.001094 0.007969)
(0.004906 0.001094 0.007969)
(0.004969 0.001094 0.007969)
(0.004031 0.001156 0.007969)
(0.004094 0.001156 0.007969)
(0.004156 0.001156 0.007969)
(0.004219 0.001156 0.007969)
(0.004281 0.001156 0.007969)
(0.004344 0.001156 0.007969)
(0.004406 0.001156 0.007969)
(0.004469 0.001156 0.007969)
(0.004531 0.001156 0.007969)
(0.004594 0.001156 0.007969)
(0.004656 0.001156 0.007969)
(0.004719 0.001156 0.007969)
(0.004781 0.001156 0.007969)
(0.004844 0.001156 0.007969)
(0.004906 0.001156 0.007969)
(0.004969 0.001156 0.007969)
(0.004031 0.001219 0.007969)
(0.004094 0.001219 0.007969)
(0.004156 0.001219 0.007969)
(0.004219 0.001219 0.007969)
(0.004281 0.001219 0.007969)
(0.004344 0.001219 0.007969)
(0.004406 0.001219 0.007969)
(0.004469 0.001219 0.007969)
(0.004531 0.001219 0.007969)
(0.004594 0.001219 0.007969)
(0.004656 0.001219 0.007969)
(0.004719 0.001219 0.007969)
(0.004781 0.001219 0.007969)
(0.004844 0.001219 0.007969)
(0.004906 0.001219 0.007969)
(0.004969 0.001219 0.007969)
)
;
    }
    procBoundary17to16
    {
        type            processor;
        value           nonuniform List<vector> 
629
(
(0.002469 3.125e-05 0.008094)
(0.002469 9.375e-05 0.008094)
(0.002469 0.0001562 0.008094)
(0.002469 0.0002188 0.008094)
(0.002469 0.0002812 0.008094)
(0.002469 0.0003438 0.008094)
(0.002469 0.0004062 0.008094)
(0.002469 0.0004687 0.008094)
(0.002469 3.125e-05 0.008156)
(0.002469 9.375e-05 0.008156)
(0.002469 0.0001563 0.008156)
(0.002469 0.0002188 0.008156)
(0.002469 0.0002813 0.008156)
(0.002469 0.0003438 0.008156)
(0.002469 0.0004063 0.008156)
(0.002469 0.0004688 0.008156)
(0.002469 3.125e-05 0.008219)
(0.002469 9.375e-05 0.008219)
(0.002469 0.0001562 0.008219)
(0.002469 0.0002188 0.008219)
(0.002469 0.0002812 0.008219)
(0.002469 0.0003437 0.008219)
(0.002469 0.0004062 0.008219)
(0.002469 0.0004687 0.008219)
(0.002469 3.125e-05 0.008281)
(0.002469 9.375e-05 0.008281)
(0.002469 0.0001562 0.008281)
(0.002469 0.0002188 0.008281)
(0.002469 0.0002812 0.008281)
(0.002469 0.0003438 0.008281)
(0.002469 0.0004062 0.008281)
(0.002469 0.0004687 0.008281)
(0.002469 3.125e-05 0.008344)
(0.002469 9.375e-05 0.008344)
(0.002469 0.0001563 0.008344)
(0.002469 0.0002188 0.008344)
(0.002469 0.0002813 0.008344)
(0.002469 0.0003438 0.008344)
(0.002469 0.0004063 0.008344)
(0.002469 0.0004688 0.008344)
(0.002469 3.125e-05 0.008406)
(0.002469 9.375e-05 0.008406)
(0.002469 0.0001562 0.008406)
(0.002469 0.0002188 0.008406)
(0.002469 0.0002813 0.008406)
(0.002469 0.0003438 0.008406)
(0.002469 0.0004063 0.008406)
(0.002469 0.0004688 0.008406)
(0.002469 3.125e-05 0.008469)
(0.002469 9.375e-05 0.008469)
(0.002469 0.0001562 0.008469)
(0.002469 0.0002188 0.008469)
(0.002469 0.0002812 0.008469)
(0.002469 0.0003437 0.008469)
(0.002469 0.0004062 0.008469)
(0.002469 0.0004687 0.008469)
(0.002469 3.125e-05 0.008531)
(0.002469 9.375e-05 0.008531)
(0.002469 0.0001562 0.008531)
(0.002469 0.0002188 0.008531)
(0.002469 0.0002813 0.008531)
(0.002469 0.0003438 0.008531)
(0.002469 0.0004063 0.008531)
(0.002469 0.0004688 0.008531)
(0.002469 3.125e-05 0.008594)
(0.002469 9.375e-05 0.008594)
(0.002469 0.0001562 0.008594)
(0.002469 0.0002188 0.008594)
(0.002469 0.0002813 0.008594)
(0.002469 0.0003438 0.008594)
(0.002469 0.0004062 0.008594)
(0.002469 0.0004687 0.008594)
(0.002469 3.125e-05 0.008656)
(0.002469 9.375e-05 0.008656)
(0.002469 0.0001562 0.008656)
(0.002469 0.0002188 0.008656)
(0.002469 0.0002812 0.008656)
(0.002469 0.0003437 0.008656)
(0.002469 0.0004062 0.008656)
(0.002469 0.0004687 0.008656)
(0.002469 3.125e-05 0.008719)
(0.002469 9.375e-05 0.008719)
(0.002469 0.0001563 0.008719)
(0.002469 0.0002188 0.008719)
(0.002469 0.0002812 0.008719)
(0.002469 0.0003438 0.008719)
(0.002469 0.0004062 0.008719)
(0.002469 0.0004687 0.008719)
(0.002469 3.125e-05 0.008781)
(0.002469 9.375e-05 0.008781)
(0.002469 0.0001563 0.008781)
(0.002469 0.0002188 0.008781)
(0.002469 0.0002812 0.008781)
(0.002469 0.0003438 0.008781)
(0.002469 0.0004062 0.008781)
(0.002469 0.0004688 0.008781)
(0.002469 3.125e-05 0.008844)
(0.002469 9.375e-05 0.008844)
(0.002469 0.0001562 0.008844)
(0.002469 0.0002188 0.008844)
(0.002469 0.0002813 0.008844)
(0.002469 0.0003438 0.008844)
(0.002469 0.0004063 0.008844)
(0.002469 0.0004688 0.008844)
(0.002469 3.125e-05 0.008906)
(0.002469 9.375e-05 0.008906)
(0.002469 0.0001562 0.008906)
(0.002469 0.0002188 0.008906)
(0.002469 0.0002813 0.008906)
(0.002469 0.0003438 0.008906)
(0.002469 0.0004063 0.008906)
(0.002469 0.0004688 0.008906)
(0.002469 3.125e-05 0.008969)
(0.002469 9.375e-05 0.008969)
(0.002469 0.0001562 0.008969)
(0.002469 0.0002188 0.008969)
(0.002469 0.0002812 0.008969)
(0.002469 0.0003438 0.008969)
(0.002469 0.0004062 0.008969)
(0.002469 0.0004687 0.008969)
(0.002469 3.125e-05 0.009031)
(0.002469 9.375e-05 0.009031)
(0.002469 0.0001562 0.009031)
(0.002469 0.0002188 0.009031)
(0.002469 0.0002812 0.009031)
(0.002469 0.0003437 0.009031)
(0.002469 0.0004062 0.009031)
(0.002469 0.0004687 0.009031)
(0.002469 3.125e-05 0.009094)
(0.002469 9.375e-05 0.009094)
(0.002469 0.0001562 0.009094)
(0.002469 0.0002188 0.009094)
(0.002469 0.0002813 0.009094)
(0.002469 0.0003438 0.009094)
(0.002469 0.0004063 0.009094)
(0.002469 0.0004688 0.009094)
(0.002469 3.125e-05 0.009156)
(0.002469 9.375e-05 0.009156)
(0.002469 0.0001562 0.009156)
(0.002469 0.0002188 0.009156)
(0.002469 0.0002812 0.009156)
(0.002469 0.0003438 0.009156)
(0.002469 0.0004062 0.009156)
(0.002469 0.0004687 0.009156)
(0.002469 3.125e-05 0.009219)
(0.002469 9.375e-05 0.009219)
(0.002469 0.0001562 0.009219)
(0.002469 0.0002188 0.009219)
(0.002469 0.0002812 0.009219)
(0.002469 0.0003437 0.009219)
(0.002469 0.0004062 0.009219)
(0.002469 0.0004687 0.009219)
(0.002469 3.125e-05 0.009281)
(0.002469 9.375e-05 0.009281)
(0.002469 0.0001562 0.009281)
(0.002469 0.0002188 0.009281)
(0.002469 0.0002813 0.009281)
(0.002469 0.0003438 0.009281)
(0.002469 0.0004063 0.009281)
(0.002469 0.0004688 0.009281)
(0.002469 3.125e-05 0.009344)
(0.002469 9.375e-05 0.009344)
(0.002469 0.0001562 0.009344)
(0.002469 0.0002188 0.009344)
(0.002469 0.0002812 0.009344)
(0.002469 0.0003437 0.009344)
(0.002469 0.0004062 0.009344)
(0.002469 0.0004687 0.009344)
(0.002469 3.125e-05 0.009406)
(0.002469 9.375e-05 0.009406)
(0.002469 0.0001562 0.009406)
(0.002469 0.0002188 0.009406)
(0.002469 0.0002812 0.009406)
(0.002469 0.0003438 0.009406)
(0.002469 0.0004062 0.009406)
(0.002469 0.0004687 0.009406)
(0.002469 3.125e-05 0.009469)
(0.002469 9.375e-05 0.009469)
(0.002469 0.0001562 0.009469)
(0.002469 0.0002188 0.009469)
(0.002469 0.0002813 0.009469)
(0.002469 0.0003438 0.009469)
(0.002469 0.0004063 0.009469)
(0.002469 0.0004688 0.009469)
(0.002469 3.125e-05 0.009531)
(0.002469 9.375e-05 0.009531)
(0.002469 0.0001562 0.009531)
(0.002469 0.0002188 0.009531)
(0.002469 0.0002813 0.009531)
(0.002469 0.0003438 0.009531)
(0.002469 0.0004063 0.009531)
(0.002469 0.0004688 0.009531)
(0.002469 3.125e-05 0.009594)
(0.002469 9.375e-05 0.009594)
(0.002469 0.0001562 0.009594)
(0.002469 0.0002188 0.009594)
(0.002469 0.0002813 0.009594)
(0.002469 0.0003438 0.009594)
(0.002469 0.0004063 0.009594)
(0.002469 0.0004688 0.009594)
(0.002469 3.125e-05 0.009656)
(0.002469 9.375e-05 0.009656)
(0.002469 0.0001562 0.009656)
(0.002469 0.0002188 0.009656)
(0.002469 0.0002813 0.009656)
(0.002469 0.0003438 0.009656)
(0.002469 0.0004063 0.009656)
(0.002469 0.0004688 0.009656)
(0.002469 3.125e-05 0.009719)
(0.002469 9.375e-05 0.009719)
(0.002469 0.0001562 0.009719)
(0.002469 0.0002188 0.009719)
(0.002469 0.0002813 0.009719)
(0.002469 0.0003438 0.009719)
(0.002469 0.0004063 0.009719)
(0.002469 0.0004688 0.009719)
(0.002469 3.125e-05 0.009781)
(0.002469 9.375e-05 0.009781)
(0.002469 0.0001562 0.009781)
(0.002469 0.0002188 0.009781)
(0.002469 0.0002812 0.009781)
(0.002469 0.0003438 0.009781)
(0.002469 0.0004062 0.009781)
(0.002469 0.0004687 0.009781)
(0.002469 3.125e-05 0.009844)
(0.002469 9.375e-05 0.009844)
(0.002469 0.0001562 0.009844)
(0.002469 0.0002188 0.009844)
(0.002469 0.0002812 0.009844)
(0.002469 0.0003437 0.009844)
(0.002469 0.0004062 0.009844)
(0.002469 0.0004687 0.009844)
(0.002469 3.125e-05 0.009906)
(0.002469 9.375e-05 0.009906)
(0.002469 0.0001562 0.009906)
(0.002469 0.0002188 0.009906)
(0.002469 0.0002813 0.009906)
(0.002469 0.0003438 0.009906)
(0.002469 0.0004063 0.009906)
(0.002469 0.0004688 0.009906)
(0.002469 3.125e-05 0.009969)
(0.002469 9.375e-05 0.009969)
(0.002469 0.0001562 0.009969)
(0.002469 0.0002188 0.009969)
(0.002469 0.0002812 0.009969)
(0.002469 0.0003438 0.009969)
(0.002469 0.0004062 0.009969)
(0.002469 0.0004687 0.009969)
(0.002469 0.0007187 0.008031)
(0.002469 0.0007813 0.008031)
(0.002469 0.0008437 0.008031)
(0.002469 0.0009063 0.008031)
(0.002469 0.0009687 0.008031)
(0.002469 0.001031 0.008031)
(0.002469 0.001094 0.008031)
(0.002469 0.001156 0.008031)
(0.002469 0.001219 0.008031)
(0.002469 0.0005313 0.008094)
(0.002469 0.0005937 0.008094)
(0.002469 0.0006562 0.008094)
(0.002469 0.0007187 0.008094)
(0.002469 0.0007813 0.008094)
(0.002469 0.0008437 0.008094)
(0.002469 0.0009063 0.008094)
(0.002469 0.0009687 0.008094)
(0.002469 0.001031 0.008094)
(0.002469 0.001094 0.008094)
(0.002469 0.001156 0.008094)
(0.002469 0.001219 0.008094)
(0.002469 0.0005313 0.008156)
(0.002469 0.0005937 0.008156)
(0.002469 0.0006562 0.008156)
(0.002469 0.0007187 0.008156)
(0.002469 0.0007813 0.008156)
(0.002469 0.0008437 0.008156)
(0.002469 0.0009063 0.008156)
(0.002469 0.0009687 0.008156)
(0.002469 0.001031 0.008156)
(0.002469 0.001094 0.008156)
(0.002469 0.001156 0.008156)
(0.002469 0.001219 0.008156)
(0.002469 0.0005313 0.008219)
(0.002469 0.0005937 0.008219)
(0.002469 0.0006563 0.008219)
(0.002469 0.0007187 0.008219)
(0.002469 0.0007813 0.008219)
(0.002469 0.0008437 0.008219)
(0.002469 0.0009063 0.008219)
(0.002469 0.0009687 0.008219)
(0.002469 0.001031 0.008219)
(0.002469 0.001094 0.008219)
(0.002469 0.001156 0.008219)
(0.002469 0.001219 0.008219)
(0.002469 0.0005313 0.008281)
(0.002469 0.0005937 0.008281)
(0.002469 0.0006562 0.008281)
(0.002469 0.0007187 0.008281)
(0.002469 0.0007812 0.008281)
(0.002469 0.0008437 0.008281)
(0.002469 0.0009063 0.008281)
(0.002469 0.0009687 0.008281)
(0.002469 0.001031 0.008281)
(0.002469 0.001094 0.008281)
(0.002469 0.001156 0.008281)
(0.002469 0.001219 0.008281)
(0.002469 0.0005313 0.008344)
(0.002469 0.0005937 0.008344)
(0.002469 0.0006562 0.008344)
(0.002469 0.0007187 0.008344)
(0.002469 0.0007813 0.008344)
(0.002469 0.0008437 0.008344)
(0.002469 0.0009063 0.008344)
(0.002469 0.0009687 0.008344)
(0.002469 0.001031 0.008344)
(0.002469 0.001094 0.008344)
(0.002469 0.001156 0.008344)
(0.002469 0.001219 0.008344)
(0.002469 0.0005313 0.008406)
(0.002469 0.0005937 0.008406)
(0.002469 0.0006562 0.008406)
(0.002469 0.0007187 0.008406)
(0.002469 0.0007812 0.008406)
(0.002469 0.0008437 0.008406)
(0.002469 0.0009063 0.008406)
(0.002469 0.0009687 0.008406)
(0.002469 0.001031 0.008406)
(0.002469 0.001094 0.008406)
(0.002469 0.001156 0.008406)
(0.002469 0.001219 0.008406)
(0.002469 0.0005313 0.008469)
(0.002469 0.0005937 0.008469)
(0.002469 0.0006562 0.008469)
(0.002469 0.0007187 0.008469)
(0.002469 0.0007813 0.008469)
(0.002469 0.0008437 0.008469)
(0.002469 0.0009063 0.008469)
(0.002469 0.0009687 0.008469)
(0.002469 0.001031 0.008469)
(0.002469 0.001094 0.008469)
(0.002469 0.001156 0.008469)
(0.002469 0.001219 0.008469)
(0.002469 0.0005313 0.008531)
(0.002469 0.0005937 0.008531)
(0.002469 0.0006563 0.008531)
(0.002469 0.0007187 0.008531)
(0.002469 0.0007813 0.008531)
(0.002469 0.0008437 0.008531)
(0.002469 0.0009063 0.008531)
(0.002469 0.0009687 0.008531)
(0.002469 0.001031 0.008531)
(0.002469 0.001094 0.008531)
(0.002469 0.001156 0.008531)
(0.002469 0.001219 0.008531)
(0.002469 0.0005313 0.008594)
(0.002469 0.0005937 0.008594)
(0.002469 0.0006563 0.008594)
(0.002469 0.0007187 0.008594)
(0.002469 0.0007813 0.008594)
(0.002469 0.0008437 0.008594)
(0.002469 0.0009063 0.008594)
(0.002469 0.0009687 0.008594)
(0.002469 0.001031 0.008594)
(0.002469 0.001094 0.008594)
(0.002469 0.001156 0.008594)
(0.002469 0.001219 0.008594)
(0.002469 0.0005313 0.008656)
(0.002469 0.0005937 0.008656)
(0.002469 0.0006563 0.008656)
(0.002469 0.0007187 0.008656)
(0.002469 0.0007813 0.008656)
(0.002469 0.0008437 0.008656)
(0.002469 0.0009063 0.008656)
(0.002469 0.0009687 0.008656)
(0.002469 0.001031 0.008656)
(0.002469 0.001094 0.008656)
(0.002469 0.001156 0.008656)
(0.002469 0.001219 0.008656)
(0.002469 0.0005313 0.008719)
(0.002469 0.0005937 0.008719)
(0.002469 0.0006563 0.008719)
(0.002469 0.0007187 0.008719)
(0.002469 0.0007813 0.008719)
(0.002469 0.0008437 0.008719)
(0.002469 0.0009063 0.008719)
(0.002469 0.0009687 0.008719)
(0.002469 0.001031 0.008719)
(0.002469 0.001094 0.008719)
(0.002469 0.001156 0.008719)
(0.002469 0.001219 0.008719)
(0.002469 0.0005313 0.008781)
(0.002469 0.0005937 0.008781)
(0.002469 0.0006563 0.008781)
(0.002469 0.0007187 0.008781)
(0.002469 0.0007812 0.008781)
(0.002469 0.0008437 0.008781)
(0.002469 0.0009063 0.008781)
(0.002469 0.0009687 0.008781)
(0.002469 0.001031 0.008781)
(0.002469 0.001094 0.008781)
(0.002469 0.001156 0.008781)
(0.002469 0.001219 0.008781)
(0.002469 0.0005313 0.008844)
(0.002469 0.0005937 0.008844)
(0.002469 0.0006562 0.008844)
(0.002469 0.0007187 0.008844)
(0.002469 0.0007813 0.008844)
(0.002469 0.0008437 0.008844)
(0.002469 0.0009063 0.008844)
(0.002469 0.0009687 0.008844)
(0.002469 0.001031 0.008844)
(0.002469 0.001094 0.008844)
(0.002469 0.001156 0.008844)
(0.002469 0.001219 0.008844)
(0.002469 0.0005313 0.008906)
(0.002469 0.0005937 0.008906)
(0.002469 0.0006563 0.008906)
(0.002469 0.0007187 0.008906)
(0.002469 0.0007813 0.008906)
(0.002469 0.0008437 0.008906)
(0.002469 0.0009063 0.008906)
(0.002469 0.0009687 0.008906)
(0.002469 0.001031 0.008906)
(0.002469 0.001094 0.008906)
(0.002469 0.001156 0.008906)
(0.002469 0.001219 0.008906)
(0.002469 0.0005313 0.008969)
(0.002469 0.0005937 0.008969)
(0.002469 0.0006562 0.008969)
(0.002469 0.0007187 0.008969)
(0.002469 0.0007813 0.008969)
(0.002469 0.0008437 0.008969)
(0.002469 0.0009063 0.008969)
(0.002469 0.0009687 0.008969)
(0.002469 0.001031 0.008969)
(0.002469 0.001094 0.008969)
(0.002469 0.001156 0.008969)
(0.002469 0.001219 0.008969)
(0.002469 0.0005313 0.009031)
(0.002469 0.0005937 0.009031)
(0.002469 0.0006563 0.009031)
(0.002469 0.0007187 0.009031)
(0.002469 0.0007813 0.009031)
(0.002469 0.0008437 0.009031)
(0.002469 0.0009063 0.009031)
(0.002469 0.0009687 0.009031)
(0.002469 0.001031 0.009031)
(0.002469 0.001094 0.009031)
(0.002469 0.001156 0.009031)
(0.002469 0.001219 0.009031)
(0.002469 0.0005313 0.009094)
(0.002469 0.0005937 0.009094)
(0.002469 0.0006563 0.009094)
(0.002469 0.0007187 0.009094)
(0.002469 0.0007813 0.009094)
(0.002469 0.0008437 0.009094)
(0.002469 0.0009063 0.009094)
(0.002469 0.0009687 0.009094)
(0.002469 0.001031 0.009094)
(0.002469 0.001094 0.009094)
(0.002469 0.001156 0.009094)
(0.002469 0.001219 0.009094)
(0.002469 0.0005313 0.009156)
(0.002469 0.0005937 0.009156)
(0.002469 0.0006562 0.009156)
(0.002469 0.0007187 0.009156)
(0.002469 0.0007813 0.009156)
(0.002469 0.0008437 0.009156)
(0.002469 0.0009063 0.009156)
(0.002469 0.0009687 0.009156)
(0.002469 0.001031 0.009156)
(0.002469 0.001094 0.009156)
(0.002469 0.001156 0.009156)
(0.002469 0.001219 0.009156)
(0.002469 0.0005313 0.009219)
(0.002469 0.0005937 0.009219)
(0.002469 0.0006563 0.009219)
(0.002469 0.0007187 0.009219)
(0.002469 0.0007813 0.009219)
(0.002469 0.0008437 0.009219)
(0.002469 0.0009063 0.009219)
(0.002469 0.0009687 0.009219)
(0.002469 0.001031 0.009219)
(0.002469 0.001094 0.009219)
(0.002469 0.001156 0.009219)
(0.002469 0.001219 0.009219)
(0.002469 0.0005313 0.009281)
(0.002469 0.0005937 0.009281)
(0.002469 0.0006562 0.009281)
(0.002469 0.0007187 0.009281)
(0.002469 0.0007813 0.009281)
(0.002469 0.0008437 0.009281)
(0.002469 0.0009063 0.009281)
(0.002469 0.0009687 0.009281)
(0.002469 0.001031 0.009281)
(0.002469 0.001094 0.009281)
(0.002469 0.001156 0.009281)
(0.002469 0.001219 0.009281)
(0.002469 0.0005313 0.009344)
(0.002469 0.0005937 0.009344)
(0.002469 0.0006563 0.009344)
(0.002469 0.0007187 0.009344)
(0.002469 0.0007813 0.009344)
(0.002469 0.0008437 0.009344)
(0.002469 0.0009063 0.009344)
(0.002469 0.0009687 0.009344)
(0.002469 0.001031 0.009344)
(0.002469 0.001094 0.009344)
(0.002469 0.001156 0.009344)
(0.002469 0.001219 0.009344)
(0.002469 0.0005313 0.009406)
(0.002469 0.0005937 0.009406)
(0.002469 0.0006563 0.009406)
(0.002469 0.0007187 0.009406)
(0.002469 0.0007813 0.009406)
(0.002469 0.0008437 0.009406)
(0.002469 0.0009063 0.009406)
(0.002469 0.0009687 0.009406)
(0.002469 0.001031 0.009406)
(0.002469 0.001094 0.009406)
(0.002469 0.001156 0.009406)
(0.002469 0.001219 0.009406)
(0.002469 0.0005313 0.009469)
(0.002469 0.0005937 0.009469)
(0.002469 0.0006562 0.009469)
(0.002469 0.0007187 0.009469)
(0.002469 0.0007813 0.009469)
(0.002469 0.0008437 0.009469)
(0.002469 0.0009063 0.009469)
(0.002469 0.0009687 0.009469)
(0.002469 0.001031 0.009469)
(0.002469 0.001094 0.009469)
(0.002469 0.001156 0.009469)
(0.002469 0.001219 0.009469)
(0.002469 0.0005313 0.009531)
(0.002469 0.0005937 0.009531)
(0.002469 0.0006563 0.009531)
(0.002469 0.0007187 0.009531)
(0.002469 0.0007813 0.009531)
(0.002469 0.0008437 0.009531)
(0.002469 0.0009063 0.009531)
(0.002469 0.0009687 0.009531)
(0.002469 0.001031 0.009531)
(0.002469 0.001094 0.009531)
(0.002469 0.001156 0.009531)
(0.002469 0.001219 0.009531)
(0.002469 0.0005313 0.009594)
(0.002469 0.0005937 0.009594)
(0.002469 0.0006562 0.009594)
(0.002469 0.0007187 0.009594)
(0.002469 0.0007813 0.009594)
(0.002469 0.0008437 0.009594)
(0.002469 0.0009063 0.009594)
(0.002469 0.0009687 0.009594)
(0.002469 0.001031 0.009594)
(0.002469 0.001094 0.009594)
(0.002469 0.001156 0.009594)
(0.002469 0.001219 0.009594)
(0.002469 0.0005313 0.009656)
(0.002469 0.0005937 0.009656)
(0.002469 0.0006562 0.009656)
(0.002469 0.0007187 0.009656)
(0.002469 0.0007813 0.009656)
(0.002469 0.0008437 0.009656)
(0.002469 0.0009063 0.009656)
(0.002469 0.0009687 0.009656)
(0.002469 0.001031 0.009656)
(0.002469 0.001094 0.009656)
(0.002469 0.001156 0.009656)
(0.002469 0.001219 0.009656)
(0.002469 0.0005313 0.009719)
(0.002469 0.0005937 0.009719)
(0.002469 0.0006563 0.009719)
(0.002469 0.0007187 0.009719)
(0.002469 0.0007813 0.009719)
(0.002469 0.0008437 0.009719)
(0.002469 0.0009063 0.009719)
(0.002469 0.0009687 0.009719)
(0.002469 0.001031 0.009719)
(0.002469 0.001094 0.009719)
(0.002469 0.001156 0.009719)
(0.002469 0.001219 0.009719)
(0.002469 0.0005313 0.009781)
(0.002469 0.0005937 0.009781)
(0.002469 0.0006563 0.009781)
(0.002469 0.0007187 0.009781)
(0.002469 0.0007813 0.009781)
(0.002469 0.0008437 0.009781)
(0.002469 0.0009063 0.009781)
(0.002469 0.0009687 0.009781)
(0.002469 0.001031 0.009781)
(0.002469 0.001094 0.009781)
(0.002469 0.001156 0.009781)
(0.002469 0.001219 0.009781)
(0.002469 0.0005313 0.009844)
(0.002469 0.0005937 0.009844)
(0.002469 0.0006562 0.009844)
(0.002469 0.0007187 0.009844)
(0.002469 0.0007813 0.009844)
(0.002469 0.0008437 0.009844)
(0.002469 0.0009063 0.009844)
(0.002469 0.0009687 0.009844)
(0.002469 0.001031 0.009844)
(0.002469 0.001094 0.009844)
(0.002469 0.001156 0.009844)
(0.002469 0.001219 0.009844)
(0.002469 0.0005313 0.009906)
(0.002469 0.0005937 0.009906)
(0.002469 0.0006562 0.009906)
(0.002469 0.0007187 0.009906)
(0.002469 0.0007813 0.009906)
(0.002469 0.0008437 0.009906)
(0.002469 0.0009063 0.009906)
(0.002469 0.0009687 0.009906)
(0.002469 0.001031 0.009906)
(0.002469 0.001094 0.009906)
(0.002469 0.001156 0.009906)
(0.002469 0.001219 0.009906)
(0.002469 0.0005313 0.009969)
(0.002469 0.0005937 0.009969)
(0.002469 0.0006562 0.009969)
(0.002469 0.0007187 0.009969)
(0.002469 0.0007813 0.009969)
(0.002469 0.0008437 0.009969)
(0.002469 0.0009063 0.009969)
(0.002469 0.0009687 0.009969)
(0.002469 0.001031 0.009969)
(0.002469 0.001094 0.009969)
(0.002469 0.001156 0.009969)
(0.002469 0.001219 0.009969)
)
;
    }
    procBoundary17to19
    {
        type            processor;
        value           nonuniform List<vector> 
1280
(
(0.002531 0.001281 0.008031)
(0.002594 0.001281 0.008031)
(0.002656 0.001281 0.008031)
(0.002719 0.001281 0.008031)
(0.002781 0.001281 0.008031)
(0.002844 0.001281 0.008031)
(0.002906 0.001281 0.008031)
(0.002969 0.001281 0.008031)
(0.003031 0.001281 0.008031)
(0.003094 0.001281 0.008031)
(0.003156 0.001281 0.008031)
(0.003219 0.001281 0.008031)
(0.003281 0.001281 0.008031)
(0.003344 0.001281 0.008031)
(0.003406 0.001281 0.008031)
(0.003469 0.001281 0.008031)
(0.003531 0.001281 0.008031)
(0.003594 0.001281 0.008031)
(0.003656 0.001281 0.008031)
(0.003719 0.001281 0.008031)
(0.003781 0.001281 0.008031)
(0.003844 0.001281 0.008031)
(0.003906 0.001281 0.008031)
(0.003969 0.001281 0.008031)
(0.002531 0.001281 0.008094)
(0.002594 0.001281 0.008094)
(0.002656 0.001281 0.008094)
(0.002719 0.001281 0.008094)
(0.002781 0.001281 0.008094)
(0.002844 0.001281 0.008094)
(0.002906 0.001281 0.008094)
(0.002969 0.001281 0.008094)
(0.003031 0.001281 0.008094)
(0.003094 0.001281 0.008094)
(0.003156 0.001281 0.008094)
(0.003219 0.001281 0.008094)
(0.003281 0.001281 0.008094)
(0.003344 0.001281 0.008094)
(0.003406 0.001281 0.008094)
(0.003469 0.001281 0.008094)
(0.003531 0.001281 0.008094)
(0.003594 0.001281 0.008094)
(0.003656 0.001281 0.008094)
(0.003719 0.001281 0.008094)
(0.003781 0.001281 0.008094)
(0.003844 0.001281 0.008094)
(0.003906 0.001281 0.008094)
(0.003969 0.001281 0.008094)
(0.002531 0.001281 0.008156)
(0.002594 0.001281 0.008156)
(0.002656 0.001281 0.008156)
(0.002719 0.001281 0.008156)
(0.002781 0.001281 0.008156)
(0.002844 0.001281 0.008156)
(0.002906 0.001281 0.008156)
(0.002969 0.001281 0.008156)
(0.003031 0.001281 0.008156)
(0.003094 0.001281 0.008156)
(0.003156 0.001281 0.008156)
(0.003219 0.001281 0.008156)
(0.003281 0.001281 0.008156)
(0.003344 0.001281 0.008156)
(0.003406 0.001281 0.008156)
(0.003469 0.001281 0.008156)
(0.003531 0.001281 0.008156)
(0.003594 0.001281 0.008156)
(0.003656 0.001281 0.008156)
(0.003719 0.001281 0.008156)
(0.003781 0.001281 0.008156)
(0.003844 0.001281 0.008156)
(0.003906 0.001281 0.008156)
(0.003969 0.001281 0.008156)
(0.002531 0.001281 0.008219)
(0.002594 0.001281 0.008219)
(0.002656 0.001281 0.008219)
(0.002719 0.001281 0.008219)
(0.002781 0.001281 0.008219)
(0.002844 0.001281 0.008219)
(0.002906 0.001281 0.008219)
(0.002969 0.001281 0.008219)
(0.003031 0.001281 0.008219)
(0.003094 0.001281 0.008219)
(0.003156 0.001281 0.008219)
(0.003219 0.001281 0.008219)
(0.003281 0.001281 0.008219)
(0.003344 0.001281 0.008219)
(0.003406 0.001281 0.008219)
(0.003469 0.001281 0.008219)
(0.003531 0.001281 0.008219)
(0.003594 0.001281 0.008219)
(0.003656 0.001281 0.008219)
(0.003719 0.001281 0.008219)
(0.003781 0.001281 0.008219)
(0.003844 0.001281 0.008219)
(0.003906 0.001281 0.008219)
(0.003969 0.001281 0.008219)
(0.002531 0.001281 0.008281)
(0.002594 0.001281 0.008281)
(0.002656 0.001281 0.008281)
(0.002719 0.001281 0.008281)
(0.002781 0.001281 0.008281)
(0.002844 0.001281 0.008281)
(0.002906 0.001281 0.008281)
(0.002969 0.001281 0.008281)
(0.003031 0.001281 0.008281)
(0.003094 0.001281 0.008281)
(0.003156 0.001281 0.008281)
(0.003219 0.001281 0.008281)
(0.003281 0.001281 0.008281)
(0.003344 0.001281 0.008281)
(0.003406 0.001281 0.008281)
(0.003469 0.001281 0.008281)
(0.003531 0.001281 0.008281)
(0.003594 0.001281 0.008281)
(0.003656 0.001281 0.008281)
(0.003719 0.001281 0.008281)
(0.003781 0.001281 0.008281)
(0.003844 0.001281 0.008281)
(0.003906 0.001281 0.008281)
(0.003969 0.001281 0.008281)
(0.002531 0.001281 0.008344)
(0.002594 0.001281 0.008344)
(0.002656 0.001281 0.008344)
(0.002719 0.001281 0.008344)
(0.002781 0.001281 0.008344)
(0.002844 0.001281 0.008344)
(0.002906 0.001281 0.008344)
(0.002969 0.001281 0.008344)
(0.003031 0.001281 0.008344)
(0.003094 0.001281 0.008344)
(0.003156 0.001281 0.008344)
(0.003219 0.001281 0.008344)
(0.003281 0.001281 0.008344)
(0.003344 0.001281 0.008344)
(0.003406 0.001281 0.008344)
(0.003469 0.001281 0.008344)
(0.003531 0.001281 0.008344)
(0.003594 0.001281 0.008344)
(0.003656 0.001281 0.008344)
(0.003719 0.001281 0.008344)
(0.003781 0.001281 0.008344)
(0.003844 0.001281 0.008344)
(0.003906 0.001281 0.008344)
(0.003969 0.001281 0.008344)
(0.002531 0.001281 0.008406)
(0.002594 0.001281 0.008406)
(0.002656 0.001281 0.008406)
(0.002719 0.001281 0.008406)
(0.002781 0.001281 0.008406)
(0.002844 0.001281 0.008406)
(0.002906 0.001281 0.008406)
(0.002969 0.001281 0.008406)
(0.003031 0.001281 0.008406)
(0.003094 0.001281 0.008406)
(0.003156 0.001281 0.008406)
(0.003219 0.001281 0.008406)
(0.003281 0.001281 0.008406)
(0.003344 0.001281 0.008406)
(0.003406 0.001281 0.008406)
(0.003469 0.001281 0.008406)
(0.003531 0.001281 0.008406)
(0.003594 0.001281 0.008406)
(0.003656 0.001281 0.008406)
(0.003719 0.001281 0.008406)
(0.003781 0.001281 0.008406)
(0.003844 0.001281 0.008406)
(0.003906 0.001281 0.008406)
(0.003969 0.001281 0.008406)
(0.002531 0.001281 0.008469)
(0.002594 0.001281 0.008469)
(0.002656 0.001281 0.008469)
(0.002719 0.001281 0.008469)
(0.002781 0.001281 0.008469)
(0.002844 0.001281 0.008469)
(0.002906 0.001281 0.008469)
(0.002969 0.001281 0.008469)
(0.003031 0.001281 0.008469)
(0.003094 0.001281 0.008469)
(0.003156 0.001281 0.008469)
(0.003219 0.001281 0.008469)
(0.003281 0.001281 0.008469)
(0.003344 0.001281 0.008469)
(0.003406 0.001281 0.008469)
(0.003469 0.001281 0.008469)
(0.003531 0.001281 0.008469)
(0.003594 0.001281 0.008469)
(0.003656 0.001281 0.008469)
(0.003719 0.001281 0.008469)
(0.003781 0.001281 0.008469)
(0.003844 0.001281 0.008469)
(0.003906 0.001281 0.008469)
(0.003969 0.001281 0.008469)
(0.002531 0.001281 0.008531)
(0.002594 0.001281 0.008531)
(0.002656 0.001281 0.008531)
(0.002719 0.001281 0.008531)
(0.002781 0.001281 0.008531)
(0.002844 0.001281 0.008531)
(0.002906 0.001281 0.008531)
(0.002969 0.001281 0.008531)
(0.003031 0.001281 0.008531)
(0.003094 0.001281 0.008531)
(0.003156 0.001281 0.008531)
(0.003219 0.001281 0.008531)
(0.003281 0.001281 0.008531)
(0.003344 0.001281 0.008531)
(0.003406 0.001281 0.008531)
(0.003469 0.001281 0.008531)
(0.003531 0.001281 0.008531)
(0.003594 0.001281 0.008531)
(0.003656 0.001281 0.008531)
(0.003719 0.001281 0.008531)
(0.003781 0.001281 0.008531)
(0.003844 0.001281 0.008531)
(0.003906 0.001281 0.008531)
(0.003969 0.001281 0.008531)
(0.002531 0.001281 0.008594)
(0.002594 0.001281 0.008594)
(0.002656 0.001281 0.008594)
(0.002719 0.001281 0.008594)
(0.002781 0.001281 0.008594)
(0.002844 0.001281 0.008594)
(0.002906 0.001281 0.008594)
(0.002969 0.001281 0.008594)
(0.003031 0.001281 0.008594)
(0.003094 0.001281 0.008594)
(0.003156 0.001281 0.008594)
(0.003219 0.001281 0.008594)
(0.003281 0.001281 0.008594)
(0.003344 0.001281 0.008594)
(0.003406 0.001281 0.008594)
(0.003469 0.001281 0.008594)
(0.003531 0.001281 0.008594)
(0.003594 0.001281 0.008594)
(0.003656 0.001281 0.008594)
(0.003719 0.001281 0.008594)
(0.003781 0.001281 0.008594)
(0.003844 0.001281 0.008594)
(0.003906 0.001281 0.008594)
(0.003969 0.001281 0.008594)
(0.002531 0.001281 0.008656)
(0.002594 0.001281 0.008656)
(0.002656 0.001281 0.008656)
(0.002719 0.001281 0.008656)
(0.002781 0.001281 0.008656)
(0.002844 0.001281 0.008656)
(0.002906 0.001281 0.008656)
(0.002969 0.001281 0.008656)
(0.003031 0.001281 0.008656)
(0.003094 0.001281 0.008656)
(0.003156 0.001281 0.008656)
(0.003219 0.001281 0.008656)
(0.003281 0.001281 0.008656)
(0.003344 0.001281 0.008656)
(0.003406 0.001281 0.008656)
(0.003469 0.001281 0.008656)
(0.003531 0.001281 0.008656)
(0.003594 0.001281 0.008656)
(0.003656 0.001281 0.008656)
(0.003719 0.001281 0.008656)
(0.003781 0.001281 0.008656)
(0.003844 0.001281 0.008656)
(0.003906 0.001281 0.008656)
(0.003969 0.001281 0.008656)
(0.002531 0.001281 0.008719)
(0.002594 0.001281 0.008719)
(0.002656 0.001281 0.008719)
(0.002719 0.001281 0.008719)
(0.002781 0.001281 0.008719)
(0.002844 0.001281 0.008719)
(0.002906 0.001281 0.008719)
(0.002969 0.001281 0.008719)
(0.003031 0.001281 0.008719)
(0.003094 0.001281 0.008719)
(0.003156 0.001281 0.008719)
(0.003219 0.001281 0.008719)
(0.003281 0.001281 0.008719)
(0.003344 0.001281 0.008719)
(0.003406 0.001281 0.008719)
(0.003469 0.001281 0.008719)
(0.003531 0.001281 0.008719)
(0.003594 0.001281 0.008719)
(0.003656 0.001281 0.008719)
(0.003719 0.001281 0.008719)
(0.003781 0.001281 0.008719)
(0.003844 0.001281 0.008719)
(0.003906 0.001281 0.008719)
(0.003969 0.001281 0.008719)
(0.002531 0.001281 0.008781)
(0.002594 0.001281 0.008781)
(0.002656 0.001281 0.008781)
(0.002719 0.001281 0.008781)
(0.002781 0.001281 0.008781)
(0.002844 0.001281 0.008781)
(0.002906 0.001281 0.008781)
(0.002969 0.001281 0.008781)
(0.003031 0.001281 0.008781)
(0.003094 0.001281 0.008781)
(0.003156 0.001281 0.008781)
(0.003219 0.001281 0.008781)
(0.003281 0.001281 0.008781)
(0.003344 0.001281 0.008781)
(0.003406 0.001281 0.008781)
(0.003469 0.001281 0.008781)
(0.003531 0.001281 0.008781)
(0.003594 0.001281 0.008781)
(0.003656 0.001281 0.008781)
(0.003719 0.001281 0.008781)
(0.003781 0.001281 0.008781)
(0.003844 0.001281 0.008781)
(0.003906 0.001281 0.008781)
(0.003969 0.001281 0.008781)
(0.002531 0.001281 0.008844)
(0.002594 0.001281 0.008844)
(0.002656 0.001281 0.008844)
(0.002719 0.001281 0.008844)
(0.002781 0.001281 0.008844)
(0.002844 0.001281 0.008844)
(0.002906 0.001281 0.008844)
(0.002969 0.001281 0.008844)
(0.003031 0.001281 0.008844)
(0.003094 0.001281 0.008844)
(0.003156 0.001281 0.008844)
(0.003219 0.001281 0.008844)
(0.003281 0.001281 0.008844)
(0.003344 0.001281 0.008844)
(0.003406 0.001281 0.008844)
(0.003469 0.001281 0.008844)
(0.003531 0.001281 0.008844)
(0.003594 0.001281 0.008844)
(0.003656 0.001281 0.008844)
(0.003719 0.001281 0.008844)
(0.003781 0.001281 0.008844)
(0.003844 0.001281 0.008844)
(0.003906 0.001281 0.008844)
(0.003969 0.001281 0.008844)
(0.002531 0.001281 0.008906)
(0.002594 0.001281 0.008906)
(0.002656 0.001281 0.008906)
(0.002719 0.001281 0.008906)
(0.002781 0.001281 0.008906)
(0.002844 0.001281 0.008906)
(0.002906 0.001281 0.008906)
(0.002969 0.001281 0.008906)
(0.003031 0.001281 0.008906)
(0.003094 0.001281 0.008906)
(0.003156 0.001281 0.008906)
(0.003219 0.001281 0.008906)
(0.003281 0.001281 0.008906)
(0.003344 0.001281 0.008906)
(0.003406 0.001281 0.008906)
(0.003469 0.001281 0.008906)
(0.003531 0.001281 0.008906)
(0.003594 0.001281 0.008906)
(0.003656 0.001281 0.008906)
(0.003719 0.001281 0.008906)
(0.003781 0.001281 0.008906)
(0.003844 0.001281 0.008906)
(0.003906 0.001281 0.008906)
(0.003969 0.001281 0.008906)
(0.002531 0.001281 0.008969)
(0.002594 0.001281 0.008969)
(0.002656 0.001281 0.008969)
(0.002719 0.001281 0.008969)
(0.002781 0.001281 0.008969)
(0.002844 0.001281 0.008969)
(0.002906 0.001281 0.008969)
(0.002969 0.001281 0.008969)
(0.003031 0.001281 0.008969)
(0.003094 0.001281 0.008969)
(0.003156 0.001281 0.008969)
(0.003219 0.001281 0.008969)
(0.003281 0.001281 0.008969)
(0.003344 0.001281 0.008969)
(0.003406 0.001281 0.008969)
(0.003469 0.001281 0.008969)
(0.003531 0.001281 0.008969)
(0.003594 0.001281 0.008969)
(0.003656 0.001281 0.008969)
(0.003719 0.001281 0.008969)
(0.003781 0.001281 0.008969)
(0.003844 0.001281 0.008969)
(0.003906 0.001281 0.008969)
(0.003969 0.001281 0.008969)
(0.002531 0.001281 0.009031)
(0.002594 0.001281 0.009031)
(0.002656 0.001281 0.009031)
(0.002719 0.001281 0.009031)
(0.002781 0.001281 0.009031)
(0.002844 0.001281 0.009031)
(0.002906 0.001281 0.009031)
(0.002969 0.001281 0.009031)
(0.003031 0.001281 0.009031)
(0.003094 0.001281 0.009031)
(0.003156 0.001281 0.009031)
(0.003219 0.001281 0.009031)
(0.003281 0.001281 0.009031)
(0.003344 0.001281 0.009031)
(0.003406 0.001281 0.009031)
(0.003469 0.001281 0.009031)
(0.003531 0.001281 0.009031)
(0.003594 0.001281 0.009031)
(0.003656 0.001281 0.009031)
(0.003719 0.001281 0.009031)
(0.003781 0.001281 0.009031)
(0.003844 0.001281 0.009031)
(0.003906 0.001281 0.009031)
(0.003969 0.001281 0.009031)
(0.002531 0.001281 0.009094)
(0.002594 0.001281 0.009094)
(0.002656 0.001281 0.009094)
(0.002719 0.001281 0.009094)
(0.002781 0.001281 0.009094)
(0.002844 0.001281 0.009094)
(0.002906 0.001281 0.009094)
(0.002969 0.001281 0.009094)
(0.003031 0.001281 0.009094)
(0.003094 0.001281 0.009094)
(0.003156 0.001281 0.009094)
(0.003219 0.001281 0.009094)
(0.003281 0.001281 0.009094)
(0.003344 0.001281 0.009094)
(0.003406 0.001281 0.009094)
(0.003469 0.001281 0.009094)
(0.003531 0.001281 0.009094)
(0.003594 0.001281 0.009094)
(0.003656 0.001281 0.009094)
(0.003719 0.001281 0.009094)
(0.003781 0.001281 0.009094)
(0.003844 0.001281 0.009094)
(0.003906 0.001281 0.009094)
(0.003969 0.001281 0.009094)
(0.002531 0.001281 0.009156)
(0.002594 0.001281 0.009156)
(0.002656 0.001281 0.009156)
(0.002719 0.001281 0.009156)
(0.002781 0.001281 0.009156)
(0.002844 0.001281 0.009156)
(0.002906 0.001281 0.009156)
(0.002969 0.001281 0.009156)
(0.003031 0.001281 0.009156)
(0.003094 0.001281 0.009156)
(0.003156 0.001281 0.009156)
(0.003219 0.001281 0.009156)
(0.003281 0.001281 0.009156)
(0.003344 0.001281 0.009156)
(0.003406 0.001281 0.009156)
(0.003469 0.001281 0.009156)
(0.003531 0.001281 0.009156)
(0.003594 0.001281 0.009156)
(0.003656 0.001281 0.009156)
(0.003719 0.001281 0.009156)
(0.003781 0.001281 0.009156)
(0.003844 0.001281 0.009156)
(0.003906 0.001281 0.009156)
(0.003969 0.001281 0.009156)
(0.002531 0.001281 0.009219)
(0.002594 0.001281 0.009219)
(0.002656 0.001281 0.009219)
(0.002719 0.001281 0.009219)
(0.002781 0.001281 0.009219)
(0.002844 0.001281 0.009219)
(0.002906 0.001281 0.009219)
(0.002969 0.001281 0.009219)
(0.003031 0.001281 0.009219)
(0.003094 0.001281 0.009219)
(0.003156 0.001281 0.009219)
(0.003219 0.001281 0.009219)
(0.003281 0.001281 0.009219)
(0.003344 0.001281 0.009219)
(0.003406 0.001281 0.009219)
(0.003469 0.001281 0.009219)
(0.003531 0.001281 0.009219)
(0.003594 0.001281 0.009219)
(0.003656 0.001281 0.009219)
(0.003719 0.001281 0.009219)
(0.003781 0.001281 0.009219)
(0.003844 0.001281 0.009219)
(0.003906 0.001281 0.009219)
(0.003969 0.001281 0.009219)
(0.002531 0.001281 0.009281)
(0.002594 0.001281 0.009281)
(0.002656 0.001281 0.009281)
(0.002719 0.001281 0.009281)
(0.002781 0.001281 0.009281)
(0.002844 0.001281 0.009281)
(0.002906 0.001281 0.009281)
(0.002969 0.001281 0.009281)
(0.003031 0.001281 0.009281)
(0.003094 0.001281 0.009281)
(0.003156 0.001281 0.009281)
(0.003219 0.001281 0.009281)
(0.003281 0.001281 0.009281)
(0.003344 0.001281 0.009281)
(0.003406 0.001281 0.009281)
(0.003469 0.001281 0.009281)
(0.003531 0.001281 0.009281)
(0.003594 0.001281 0.009281)
(0.003656 0.001281 0.009281)
(0.003719 0.001281 0.009281)
(0.003781 0.001281 0.009281)
(0.003844 0.001281 0.009281)
(0.003906 0.001281 0.009281)
(0.003969 0.001281 0.009281)
(0.002531 0.001281 0.009344)
(0.002594 0.001281 0.009344)
(0.002656 0.001281 0.009344)
(0.002719 0.001281 0.009344)
(0.002781 0.001281 0.009344)
(0.002844 0.001281 0.009344)
(0.002906 0.001281 0.009344)
(0.002969 0.001281 0.009344)
(0.003031 0.001281 0.009344)
(0.003094 0.001281 0.009344)
(0.003156 0.001281 0.009344)
(0.003219 0.001281 0.009344)
(0.003281 0.001281 0.009344)
(0.003344 0.001281 0.009344)
(0.003406 0.001281 0.009344)
(0.003469 0.001281 0.009344)
(0.003531 0.001281 0.009344)
(0.003594 0.001281 0.009344)
(0.003656 0.001281 0.009344)
(0.003719 0.001281 0.009344)
(0.003781 0.001281 0.009344)
(0.003844 0.001281 0.009344)
(0.003906 0.001281 0.009344)
(0.003969 0.001281 0.009344)
(0.002531 0.001281 0.009406)
(0.002594 0.001281 0.009406)
(0.002656 0.001281 0.009406)
(0.002719 0.001281 0.009406)
(0.002781 0.001281 0.009406)
(0.002844 0.001281 0.009406)
(0.002906 0.001281 0.009406)
(0.002969 0.001281 0.009406)
(0.003031 0.001281 0.009406)
(0.003094 0.001281 0.009406)
(0.003156 0.001281 0.009406)
(0.003219 0.001281 0.009406)
(0.003281 0.001281 0.009406)
(0.003344 0.001281 0.009406)
(0.003406 0.001281 0.009406)
(0.003469 0.001281 0.009406)
(0.003531 0.001281 0.009406)
(0.003594 0.001281 0.009406)
(0.003656 0.001281 0.009406)
(0.003719 0.001281 0.009406)
(0.003781 0.001281 0.009406)
(0.003844 0.001281 0.009406)
(0.003906 0.001281 0.009406)
(0.003969 0.001281 0.009406)
(0.002531 0.001281 0.009469)
(0.002594 0.001281 0.009469)
(0.002656 0.001281 0.009469)
(0.002719 0.001281 0.009469)
(0.002781 0.001281 0.009469)
(0.002844 0.001281 0.009469)
(0.002906 0.001281 0.009469)
(0.002969 0.001281 0.009469)
(0.003031 0.001281 0.009469)
(0.003094 0.001281 0.009469)
(0.003156 0.001281 0.009469)
(0.003219 0.001281 0.009469)
(0.003281 0.001281 0.009469)
(0.003344 0.001281 0.009469)
(0.003406 0.001281 0.009469)
(0.003469 0.001281 0.009469)
(0.003531 0.001281 0.009469)
(0.003594 0.001281 0.009469)
(0.003656 0.001281 0.009469)
(0.003719 0.001281 0.009469)
(0.003781 0.001281 0.009469)
(0.003844 0.001281 0.009469)
(0.003906 0.001281 0.009469)
(0.003969 0.001281 0.009469)
(0.002531 0.001281 0.009531)
(0.002594 0.001281 0.009531)
(0.002656 0.001281 0.009531)
(0.002719 0.001281 0.009531)
(0.002781 0.001281 0.009531)
(0.002844 0.001281 0.009531)
(0.002906 0.001281 0.009531)
(0.002969 0.001281 0.009531)
(0.003031 0.001281 0.009531)
(0.003094 0.001281 0.009531)
(0.003156 0.001281 0.009531)
(0.003219 0.001281 0.009531)
(0.003281 0.001281 0.009531)
(0.003344 0.001281 0.009531)
(0.003406 0.001281 0.009531)
(0.003469 0.001281 0.009531)
(0.003531 0.001281 0.009531)
(0.003594 0.001281 0.009531)
(0.003656 0.001281 0.009531)
(0.003719 0.001281 0.009531)
(0.003781 0.001281 0.009531)
(0.003844 0.001281 0.009531)
(0.003906 0.001281 0.009531)
(0.003969 0.001281 0.009531)
(0.002531 0.001281 0.009594)
(0.002594 0.001281 0.009594)
(0.002656 0.001281 0.009594)
(0.002719 0.001281 0.009594)
(0.002781 0.001281 0.009594)
(0.002844 0.001281 0.009594)
(0.002906 0.001281 0.009594)
(0.002969 0.001281 0.009594)
(0.003031 0.001281 0.009594)
(0.003094 0.001281 0.009594)
(0.003156 0.001281 0.009594)
(0.003219 0.001281 0.009594)
(0.003281 0.001281 0.009594)
(0.003344 0.001281 0.009594)
(0.003406 0.001281 0.009594)
(0.003469 0.001281 0.009594)
(0.003531 0.001281 0.009594)
(0.003594 0.001281 0.009594)
(0.003656 0.001281 0.009594)
(0.003719 0.001281 0.009594)
(0.003781 0.001281 0.009594)
(0.003844 0.001281 0.009594)
(0.003906 0.001281 0.009594)
(0.003969 0.001281 0.009594)
(0.002531 0.001281 0.009656)
(0.002594 0.001281 0.009656)
(0.002656 0.001281 0.009656)
(0.002719 0.001281 0.009656)
(0.002781 0.001281 0.009656)
(0.002844 0.001281 0.009656)
(0.002906 0.001281 0.009656)
(0.002969 0.001281 0.009656)
(0.003031 0.001281 0.009656)
(0.003094 0.001281 0.009656)
(0.003156 0.001281 0.009656)
(0.003219 0.001281 0.009656)
(0.003281 0.001281 0.009656)
(0.003344 0.001281 0.009656)
(0.003406 0.001281 0.009656)
(0.003469 0.001281 0.009656)
(0.003531 0.001281 0.009656)
(0.003594 0.001281 0.009656)
(0.003656 0.001281 0.009656)
(0.003719 0.001281 0.009656)
(0.003781 0.001281 0.009656)
(0.003844 0.001281 0.009656)
(0.003906 0.001281 0.009656)
(0.003969 0.001281 0.009656)
(0.002531 0.001281 0.009719)
(0.002594 0.001281 0.009719)
(0.002656 0.001281 0.009719)
(0.002719 0.001281 0.009719)
(0.002781 0.001281 0.009719)
(0.002844 0.001281 0.009719)
(0.002906 0.001281 0.009719)
(0.002969 0.001281 0.009719)
(0.003031 0.001281 0.009719)
(0.003094 0.001281 0.009719)
(0.003156 0.001281 0.009719)
(0.003219 0.001281 0.009719)
(0.003281 0.001281 0.009719)
(0.003344 0.001281 0.009719)
(0.003406 0.001281 0.009719)
(0.003469 0.001281 0.009719)
(0.003531 0.001281 0.009719)
(0.003594 0.001281 0.009719)
(0.003656 0.001281 0.009719)
(0.003719 0.001281 0.009719)
(0.003781 0.001281 0.009719)
(0.003844 0.001281 0.009719)
(0.003906 0.001281 0.009719)
(0.003969 0.001281 0.009719)
(0.002531 0.001281 0.009781)
(0.002594 0.001281 0.009781)
(0.002656 0.001281 0.009781)
(0.002719 0.001281 0.009781)
(0.002781 0.001281 0.009781)
(0.002844 0.001281 0.009781)
(0.002906 0.001281 0.009781)
(0.002969 0.001281 0.009781)
(0.003031 0.001281 0.009781)
(0.003094 0.001281 0.009781)
(0.003156 0.001281 0.009781)
(0.003219 0.001281 0.009781)
(0.003281 0.001281 0.009781)
(0.003344 0.001281 0.009781)
(0.003406 0.001281 0.009781)
(0.003469 0.001281 0.009781)
(0.003531 0.001281 0.009781)
(0.003594 0.001281 0.009781)
(0.003656 0.001281 0.009781)
(0.003719 0.001281 0.009781)
(0.003781 0.001281 0.009781)
(0.003844 0.001281 0.009781)
(0.003906 0.001281 0.009781)
(0.003969 0.001281 0.009781)
(0.002531 0.001281 0.009844)
(0.002594 0.001281 0.009844)
(0.002656 0.001281 0.009844)
(0.002719 0.001281 0.009844)
(0.002781 0.001281 0.009844)
(0.002844 0.001281 0.009844)
(0.002906 0.001281 0.009844)
(0.002969 0.001281 0.009844)
(0.003031 0.001281 0.009844)
(0.003094 0.001281 0.009844)
(0.003156 0.001281 0.009844)
(0.003219 0.001281 0.009844)
(0.003281 0.001281 0.009844)
(0.003344 0.001281 0.009844)
(0.003406 0.001281 0.009844)
(0.003469 0.001281 0.009844)
(0.003531 0.001281 0.009844)
(0.003594 0.001281 0.009844)
(0.003656 0.001281 0.009844)
(0.003719 0.001281 0.009844)
(0.003781 0.001281 0.009844)
(0.003844 0.001281 0.009844)
(0.003906 0.001281 0.009844)
(0.003969 0.001281 0.009844)
(0.002531 0.001281 0.009906)
(0.002594 0.001281 0.009906)
(0.002656 0.001281 0.009906)
(0.002719 0.001281 0.009906)
(0.002781 0.001281 0.009906)
(0.002844 0.001281 0.009906)
(0.002906 0.001281 0.009906)
(0.002969 0.001281 0.009906)
(0.003031 0.001281 0.009906)
(0.003094 0.001281 0.009906)
(0.003156 0.001281 0.009906)
(0.003219 0.001281 0.009906)
(0.003281 0.001281 0.009906)
(0.003344 0.001281 0.009906)
(0.003406 0.001281 0.009906)
(0.003469 0.001281 0.009906)
(0.003531 0.001281 0.009906)
(0.003594 0.001281 0.009906)
(0.003656 0.001281 0.009906)
(0.003719 0.001281 0.009906)
(0.003781 0.001281 0.009906)
(0.003844 0.001281 0.009906)
(0.003906 0.001281 0.009906)
(0.003969 0.001281 0.009906)
(0.002531 0.001281 0.009969)
(0.002594 0.001281 0.009969)
(0.002656 0.001281 0.009969)
(0.002719 0.001281 0.009969)
(0.002781 0.001281 0.009969)
(0.002844 0.001281 0.009969)
(0.002906 0.001281 0.009969)
(0.002969 0.001281 0.009969)
(0.003031 0.001281 0.009969)
(0.003094 0.001281 0.009969)
(0.003156 0.001281 0.009969)
(0.003219 0.001281 0.009969)
(0.003281 0.001281 0.009969)
(0.003344 0.001281 0.009969)
(0.003406 0.001281 0.009969)
(0.003469 0.001281 0.009969)
(0.003531 0.001281 0.009969)
(0.003594 0.001281 0.009969)
(0.003656 0.001281 0.009969)
(0.003719 0.001281 0.009969)
(0.003781 0.001281 0.009969)
(0.003844 0.001281 0.009969)
(0.003906 0.001281 0.009969)
(0.003969 0.001281 0.009969)
(0.004031 0.001281 0.008031)
(0.004094 0.001281 0.008031)
(0.004156 0.001281 0.008031)
(0.004219 0.001281 0.008031)
(0.004281 0.001281 0.008031)
(0.004344 0.001281 0.008031)
(0.004406 0.001281 0.008031)
(0.004469 0.001281 0.008031)
(0.004531 0.001281 0.008031)
(0.004594 0.001281 0.008031)
(0.004656 0.001281 0.008031)
(0.004719 0.001281 0.008031)
(0.004781 0.001281 0.008031)
(0.004844 0.001281 0.008031)
(0.004906 0.001281 0.008031)
(0.004969 0.001281 0.008031)
(0.004031 0.001281 0.008094)
(0.004094 0.001281 0.008094)
(0.004156 0.001281 0.008094)
(0.004219 0.001281 0.008094)
(0.004281 0.001281 0.008094)
(0.004344 0.001281 0.008094)
(0.004406 0.001281 0.008094)
(0.004469 0.001281 0.008094)
(0.004531 0.001281 0.008094)
(0.004594 0.001281 0.008094)
(0.004656 0.001281 0.008094)
(0.004719 0.001281 0.008094)
(0.004781 0.001281 0.008094)
(0.004844 0.001281 0.008094)
(0.004906 0.001281 0.008094)
(0.004969 0.001281 0.008094)
(0.004031 0.001281 0.008156)
(0.004094 0.001281 0.008156)
(0.004156 0.001281 0.008156)
(0.004219 0.001281 0.008156)
(0.004281 0.001281 0.008156)
(0.004344 0.001281 0.008156)
(0.004406 0.001281 0.008156)
(0.004469 0.001281 0.008156)
(0.004531 0.001281 0.008156)
(0.004594 0.001281 0.008156)
(0.004656 0.001281 0.008156)
(0.004719 0.001281 0.008156)
(0.004781 0.001281 0.008156)
(0.004844 0.001281 0.008156)
(0.004906 0.001281 0.008156)
(0.004969 0.001281 0.008156)
(0.004031 0.001281 0.008219)
(0.004094 0.001281 0.008219)
(0.004156 0.001281 0.008219)
(0.004219 0.001281 0.008219)
(0.004281 0.001281 0.008219)
(0.004344 0.001281 0.008219)
(0.004406 0.001281 0.008219)
(0.004469 0.001281 0.008219)
(0.004531 0.001281 0.008219)
(0.004594 0.001281 0.008219)
(0.004656 0.001281 0.008219)
(0.004719 0.001281 0.008219)
(0.004781 0.001281 0.008219)
(0.004844 0.001281 0.008219)
(0.004906 0.001281 0.008219)
(0.004969 0.001281 0.008219)
(0.004031 0.001281 0.008281)
(0.004094 0.001281 0.008281)
(0.004156 0.001281 0.008281)
(0.004219 0.001281 0.008281)
(0.004281 0.001281 0.008281)
(0.004344 0.001281 0.008281)
(0.004406 0.001281 0.008281)
(0.004469 0.001281 0.008281)
(0.004531 0.001281 0.008281)
(0.004594 0.001281 0.008281)
(0.004656 0.001281 0.008281)
(0.004719 0.001281 0.008281)
(0.004781 0.001281 0.008281)
(0.004844 0.001281 0.008281)
(0.004906 0.001281 0.008281)
(0.004969 0.001281 0.008281)
(0.004031 0.001281 0.008344)
(0.004094 0.001281 0.008344)
(0.004156 0.001281 0.008344)
(0.004219 0.001281 0.008344)
(0.004281 0.001281 0.008344)
(0.004344 0.001281 0.008344)
(0.004406 0.001281 0.008344)
(0.004469 0.001281 0.008344)
(0.004531 0.001281 0.008344)
(0.004594 0.001281 0.008344)
(0.004656 0.001281 0.008344)
(0.004719 0.001281 0.008344)
(0.004781 0.001281 0.008344)
(0.004844 0.001281 0.008344)
(0.004906 0.001281 0.008344)
(0.004969 0.001281 0.008344)
(0.004031 0.001281 0.008406)
(0.004094 0.001281 0.008406)
(0.004156 0.001281 0.008406)
(0.004219 0.001281 0.008406)
(0.004281 0.001281 0.008406)
(0.004344 0.001281 0.008406)
(0.004406 0.001281 0.008406)
(0.004469 0.001281 0.008406)
(0.004531 0.001281 0.008406)
(0.004594 0.001281 0.008406)
(0.004656 0.001281 0.008406)
(0.004719 0.001281 0.008406)
(0.004781 0.001281 0.008406)
(0.004844 0.001281 0.008406)
(0.004906 0.001281 0.008406)
(0.004969 0.001281 0.008406)
(0.004031 0.001281 0.008469)
(0.004094 0.001281 0.008469)
(0.004156 0.001281 0.008469)
(0.004219 0.001281 0.008469)
(0.004281 0.001281 0.008469)
(0.004344 0.001281 0.008469)
(0.004406 0.001281 0.008469)
(0.004469 0.001281 0.008469)
(0.004531 0.001281 0.008469)
(0.004594 0.001281 0.008469)
(0.004656 0.001281 0.008469)
(0.004719 0.001281 0.008469)
(0.004781 0.001281 0.008469)
(0.004844 0.001281 0.008469)
(0.004906 0.001281 0.008469)
(0.004969 0.001281 0.008469)
(0.004031 0.001281 0.008531)
(0.004094 0.001281 0.008531)
(0.004156 0.001281 0.008531)
(0.004219 0.001281 0.008531)
(0.004281 0.001281 0.008531)
(0.004344 0.001281 0.008531)
(0.004406 0.001281 0.008531)
(0.004469 0.001281 0.008531)
(0.004531 0.001281 0.008531)
(0.004594 0.001281 0.008531)
(0.004656 0.001281 0.008531)
(0.004719 0.001281 0.008531)
(0.004781 0.001281 0.008531)
(0.004844 0.001281 0.008531)
(0.004906 0.001281 0.008531)
(0.004969 0.001281 0.008531)
(0.004031 0.001281 0.008594)
(0.004094 0.001281 0.008594)
(0.004156 0.001281 0.008594)
(0.004219 0.001281 0.008594)
(0.004281 0.001281 0.008594)
(0.004344 0.001281 0.008594)
(0.004406 0.001281 0.008594)
(0.004469 0.001281 0.008594)
(0.004531 0.001281 0.008594)
(0.004594 0.001281 0.008594)
(0.004656 0.001281 0.008594)
(0.004719 0.001281 0.008594)
(0.004781 0.001281 0.008594)
(0.004844 0.001281 0.008594)
(0.004906 0.001281 0.008594)
(0.004969 0.001281 0.008594)
(0.004031 0.001281 0.008656)
(0.004094 0.001281 0.008656)
(0.004156 0.001281 0.008656)
(0.004219 0.001281 0.008656)
(0.004281 0.001281 0.008656)
(0.004344 0.001281 0.008656)
(0.004406 0.001281 0.008656)
(0.004469 0.001281 0.008656)
(0.004531 0.001281 0.008656)
(0.004594 0.001281 0.008656)
(0.004656 0.001281 0.008656)
(0.004719 0.001281 0.008656)
(0.004781 0.001281 0.008656)
(0.004844 0.001281 0.008656)
(0.004906 0.001281 0.008656)
(0.004969 0.001281 0.008656)
(0.004031 0.001281 0.008719)
(0.004094 0.001281 0.008719)
(0.004156 0.001281 0.008719)
(0.004219 0.001281 0.008719)
(0.004281 0.001281 0.008719)
(0.004344 0.001281 0.008719)
(0.004406 0.001281 0.008719)
(0.004469 0.001281 0.008719)
(0.004531 0.001281 0.008719)
(0.004594 0.001281 0.008719)
(0.004656 0.001281 0.008719)
(0.004719 0.001281 0.008719)
(0.004781 0.001281 0.008719)
(0.004844 0.001281 0.008719)
(0.004906 0.001281 0.008719)
(0.004969 0.001281 0.008719)
(0.004031 0.001281 0.008781)
(0.004094 0.001281 0.008781)
(0.004156 0.001281 0.008781)
(0.004219 0.001281 0.008781)
(0.004281 0.001281 0.008781)
(0.004344 0.001281 0.008781)
(0.004406 0.001281 0.008781)
(0.004469 0.001281 0.008781)
(0.004531 0.001281 0.008781)
(0.004594 0.001281 0.008781)
(0.004656 0.001281 0.008781)
(0.004719 0.001281 0.008781)
(0.004781 0.001281 0.008781)
(0.004844 0.001281 0.008781)
(0.004906 0.001281 0.008781)
(0.004969 0.001281 0.008781)
(0.004031 0.001281 0.008844)
(0.004094 0.001281 0.008844)
(0.004156 0.001281 0.008844)
(0.004219 0.001281 0.008844)
(0.004281 0.001281 0.008844)
(0.004344 0.001281 0.008844)
(0.004406 0.001281 0.008844)
(0.004469 0.001281 0.008844)
(0.004531 0.001281 0.008844)
(0.004594 0.001281 0.008844)
(0.004656 0.001281 0.008844)
(0.004719 0.001281 0.008844)
(0.004781 0.001281 0.008844)
(0.004844 0.001281 0.008844)
(0.004906 0.001281 0.008844)
(0.004969 0.001281 0.008844)
(0.004031 0.001281 0.008906)
(0.004094 0.001281 0.008906)
(0.004156 0.001281 0.008906)
(0.004219 0.001281 0.008906)
(0.004281 0.001281 0.008906)
(0.004344 0.001281 0.008906)
(0.004406 0.001281 0.008906)
(0.004469 0.001281 0.008906)
(0.004531 0.001281 0.008906)
(0.004594 0.001281 0.008906)
(0.004656 0.001281 0.008906)
(0.004719 0.001281 0.008906)
(0.004781 0.001281 0.008906)
(0.004844 0.001281 0.008906)
(0.004906 0.001281 0.008906)
(0.004969 0.001281 0.008906)
(0.004031 0.001281 0.008969)
(0.004094 0.001281 0.008969)
(0.004156 0.001281 0.008969)
(0.004219 0.001281 0.008969)
(0.004281 0.001281 0.008969)
(0.004344 0.001281 0.008969)
(0.004406 0.001281 0.008969)
(0.004469 0.001281 0.008969)
(0.004531 0.001281 0.008969)
(0.004594 0.001281 0.008969)
(0.004656 0.001281 0.008969)
(0.004719 0.001281 0.008969)
(0.004781 0.001281 0.008969)
(0.004844 0.001281 0.008969)
(0.004906 0.001281 0.008969)
(0.004969 0.001281 0.008969)
(0.004031 0.001281 0.009031)
(0.004094 0.001281 0.009031)
(0.004156 0.001281 0.009031)
(0.004219 0.001281 0.009031)
(0.004281 0.001281 0.009031)
(0.004344 0.001281 0.009031)
(0.004406 0.001281 0.009031)
(0.004469 0.001281 0.009031)
(0.004531 0.001281 0.009031)
(0.004594 0.001281 0.009031)
(0.004656 0.001281 0.009031)
(0.004719 0.001281 0.009031)
(0.004781 0.001281 0.009031)
(0.004844 0.001281 0.009031)
(0.004906 0.001281 0.009031)
(0.004969 0.001281 0.009031)
(0.004031 0.001281 0.009094)
(0.004094 0.001281 0.009094)
(0.004156 0.001281 0.009094)
(0.004219 0.001281 0.009094)
(0.004281 0.001281 0.009094)
(0.004344 0.001281 0.009094)
(0.004406 0.001281 0.009094)
(0.004469 0.001281 0.009094)
(0.004531 0.001281 0.009094)
(0.004594 0.001281 0.009094)
(0.004656 0.001281 0.009094)
(0.004719 0.001281 0.009094)
(0.004781 0.001281 0.009094)
(0.004844 0.001281 0.009094)
(0.004906 0.001281 0.009094)
(0.004969 0.001281 0.009094)
(0.004031 0.001281 0.009156)
(0.004094 0.001281 0.009156)
(0.004156 0.001281 0.009156)
(0.004219 0.001281 0.009156)
(0.004281 0.001281 0.009156)
(0.004344 0.001281 0.009156)
(0.004406 0.001281 0.009156)
(0.004469 0.001281 0.009156)
(0.004531 0.001281 0.009156)
(0.004594 0.001281 0.009156)
(0.004656 0.001281 0.009156)
(0.004719 0.001281 0.009156)
(0.004781 0.001281 0.009156)
(0.004844 0.001281 0.009156)
(0.004906 0.001281 0.009156)
(0.004969 0.001281 0.009156)
(0.004031 0.001281 0.009219)
(0.004094 0.001281 0.009219)
(0.004156 0.001281 0.009219)
(0.004219 0.001281 0.009219)
(0.004281 0.001281 0.009219)
(0.004344 0.001281 0.009219)
(0.004406 0.001281 0.009219)
(0.004469 0.001281 0.009219)
(0.004531 0.001281 0.009219)
(0.004594 0.001281 0.009219)
(0.004656 0.001281 0.009219)
(0.004719 0.001281 0.009219)
(0.004781 0.001281 0.009219)
(0.004844 0.001281 0.009219)
(0.004906 0.001281 0.009219)
(0.004969 0.001281 0.009219)
(0.004031 0.001281 0.009281)
(0.004094 0.001281 0.009281)
(0.004156 0.001281 0.009281)
(0.004219 0.001281 0.009281)
(0.004281 0.001281 0.009281)
(0.004344 0.001281 0.009281)
(0.004406 0.001281 0.009281)
(0.004469 0.001281 0.009281)
(0.004531 0.001281 0.009281)
(0.004594 0.001281 0.009281)
(0.004656 0.001281 0.009281)
(0.004719 0.001281 0.009281)
(0.004781 0.001281 0.009281)
(0.004844 0.001281 0.009281)
(0.004906 0.001281 0.009281)
(0.004969 0.001281 0.009281)
(0.004031 0.001281 0.009344)
(0.004094 0.001281 0.009344)
(0.004156 0.001281 0.009344)
(0.004219 0.001281 0.009344)
(0.004281 0.001281 0.009344)
(0.004344 0.001281 0.009344)
(0.004406 0.001281 0.009344)
(0.004469 0.001281 0.009344)
(0.004531 0.001281 0.009344)
(0.004594 0.001281 0.009344)
(0.004656 0.001281 0.009344)
(0.004719 0.001281 0.009344)
(0.004781 0.001281 0.009344)
(0.004844 0.001281 0.009344)
(0.004906 0.001281 0.009344)
(0.004969 0.001281 0.009344)
(0.004031 0.001281 0.009406)
(0.004094 0.001281 0.009406)
(0.004156 0.001281 0.009406)
(0.004219 0.001281 0.009406)
(0.004281 0.001281 0.009406)
(0.004344 0.001281 0.009406)
(0.004406 0.001281 0.009406)
(0.004469 0.001281 0.009406)
(0.004531 0.001281 0.009406)
(0.004594 0.001281 0.009406)
(0.004656 0.001281 0.009406)
(0.004719 0.001281 0.009406)
(0.004781 0.001281 0.009406)
(0.004844 0.001281 0.009406)
(0.004906 0.001281 0.009406)
(0.004969 0.001281 0.009406)
(0.004031 0.001281 0.009469)
(0.004094 0.001281 0.009469)
(0.004156 0.001281 0.009469)
(0.004219 0.001281 0.009469)
(0.004281 0.001281 0.009469)
(0.004344 0.001281 0.009469)
(0.004406 0.001281 0.009469)
(0.004469 0.001281 0.009469)
(0.004531 0.001281 0.009469)
(0.004594 0.001281 0.009469)
(0.004656 0.001281 0.009469)
(0.004719 0.001281 0.009469)
(0.004781 0.001281 0.009469)
(0.004844 0.001281 0.009469)
(0.004906 0.001281 0.009469)
(0.004969 0.001281 0.009469)
(0.004031 0.001281 0.009531)
(0.004094 0.001281 0.009531)
(0.004156 0.001281 0.009531)
(0.004219 0.001281 0.009531)
(0.004281 0.001281 0.009531)
(0.004344 0.001281 0.009531)
(0.004406 0.001281 0.009531)
(0.004469 0.001281 0.009531)
(0.004531 0.001281 0.009531)
(0.004594 0.001281 0.009531)
(0.004656 0.001281 0.009531)
(0.004719 0.001281 0.009531)
(0.004781 0.001281 0.009531)
(0.004844 0.001281 0.009531)
(0.004906 0.001281 0.009531)
(0.004969 0.001281 0.009531)
(0.004031 0.001281 0.009594)
(0.004094 0.001281 0.009594)
(0.004156 0.001281 0.009594)
(0.004219 0.001281 0.009594)
(0.004281 0.001281 0.009594)
(0.004344 0.001281 0.009594)
(0.004406 0.001281 0.009594)
(0.004469 0.001281 0.009594)
(0.004531 0.001281 0.009594)
(0.004594 0.001281 0.009594)
(0.004656 0.001281 0.009594)
(0.004719 0.001281 0.009594)
(0.004781 0.001281 0.009594)
(0.004844 0.001281 0.009594)
(0.004906 0.001281 0.009594)
(0.004969 0.001281 0.009594)
(0.004031 0.001281 0.009656)
(0.004094 0.001281 0.009656)
(0.004156 0.001281 0.009656)
(0.004219 0.001281 0.009656)
(0.004281 0.001281 0.009656)
(0.004344 0.001281 0.009656)
(0.004406 0.001281 0.009656)
(0.004469 0.001281 0.009656)
(0.004531 0.001281 0.009656)
(0.004594 0.001281 0.009656)
(0.004656 0.001281 0.009656)
(0.004719 0.001281 0.009656)
(0.004781 0.001281 0.009656)
(0.004844 0.001281 0.009656)
(0.004906 0.001281 0.009656)
(0.004969 0.001281 0.009656)
(0.004031 0.001281 0.009719)
(0.004094 0.001281 0.009719)
(0.004156 0.001281 0.009719)
(0.004219 0.001281 0.009719)
(0.004281 0.001281 0.009719)
(0.004344 0.001281 0.009719)
(0.004406 0.001281 0.009719)
(0.004469 0.001281 0.009719)
(0.004531 0.001281 0.009719)
(0.004594 0.001281 0.009719)
(0.004656 0.001281 0.009719)
(0.004719 0.001281 0.009719)
(0.004781 0.001281 0.009719)
(0.004844 0.001281 0.009719)
(0.004906 0.001281 0.009719)
(0.004969 0.001281 0.009719)
(0.004031 0.001281 0.009781)
(0.004094 0.001281 0.009781)
(0.004156 0.001281 0.009781)
(0.004219 0.001281 0.009781)
(0.004281 0.001281 0.009781)
(0.004344 0.001281 0.009781)
(0.004406 0.001281 0.009781)
(0.004469 0.001281 0.009781)
(0.004531 0.001281 0.009781)
(0.004594 0.001281 0.009781)
(0.004656 0.001281 0.009781)
(0.004719 0.001281 0.009781)
(0.004781 0.001281 0.009781)
(0.004844 0.001281 0.009781)
(0.004906 0.001281 0.009781)
(0.004969 0.001281 0.009781)
(0.004031 0.001281 0.009844)
(0.004094 0.001281 0.009844)
(0.004156 0.001281 0.009844)
(0.004219 0.001281 0.009844)
(0.004281 0.001281 0.009844)
(0.004344 0.001281 0.009844)
(0.004406 0.001281 0.009844)
(0.004469 0.001281 0.009844)
(0.004531 0.001281 0.009844)
(0.004594 0.001281 0.009844)
(0.004656 0.001281 0.009844)
(0.004719 0.001281 0.009844)
(0.004781 0.001281 0.009844)
(0.004844 0.001281 0.009844)
(0.004906 0.001281 0.009844)
(0.004969 0.001281 0.009844)
(0.004031 0.001281 0.009906)
(0.004094 0.001281 0.009906)
(0.004156 0.001281 0.009906)
(0.004219 0.001281 0.009906)
(0.004281 0.001281 0.009906)
(0.004344 0.001281 0.009906)
(0.004406 0.001281 0.009906)
(0.004469 0.001281 0.009906)
(0.004531 0.001281 0.009906)
(0.004594 0.001281 0.009906)
(0.004656 0.001281 0.009906)
(0.004719 0.001281 0.009906)
(0.004781 0.001281 0.009906)
(0.004844 0.001281 0.009906)
(0.004906 0.001281 0.009906)
(0.004969 0.001281 0.009906)
(0.004031 0.001281 0.009969)
(0.004094 0.001281 0.009969)
(0.004156 0.001281 0.009969)
(0.004219 0.001281 0.009969)
(0.004281 0.001281 0.009969)
(0.004344 0.001281 0.009969)
(0.004406 0.001281 0.009969)
(0.004469 0.001281 0.009969)
(0.004531 0.001281 0.009969)
(0.004594 0.001281 0.009969)
(0.004656 0.001281 0.009969)
(0.004719 0.001281 0.009969)
(0.004781 0.001281 0.009969)
(0.004844 0.001281 0.009969)
(0.004906 0.001281 0.009969)
(0.004969 0.001281 0.009969)
)
;
    }
}


// ************************************************************************* //
