/*--------------------------------*- C++ -*----------------------------------*\
  =========                 |
  \\      /  F ield         | OpenFOAM: The Open Source CFD Toolbox
   \\    /   O peration     | Website:  https://openfoam.org
    \\  /    A nd           | Version:  11
     \\/     M anipulation  |
\*---------------------------------------------------------------------------*/
FoamFile
{
    format      ascii;
    class       volScalarField;
    location    "1";
    object      fsens;
}
// * * * * * * * * * * * * * * * * * * * * * * * * * * * * * * * * * * * * * //

dimensions      [0 2 -3 0 0 0 0];

internalField   nonuniform List<scalar> 
50625
(
902.1
3052
3596
3520
1035
3130
3603
3536
1160
3210
3618
3554
1277
3292
3642
3578
1385
3369
3662
3601
1485
3439
3678
3623
1577
3505
3695
3646
1658
3562
3711
3671
1728
3611
3728
3700
1789
3651
3753
3737
1841
3675
3764
3768
1891
3686
3755
3784
1937
3681
3736
3790
1980
3646
3702
3781
2022
3600
3657
3763
2065
3545
3601
3741
2094
3471
3501
3672
2126
3398
3391
3573
2158
3329
3280
3452
2191
3263
3169
3306
2230
3206
3067
3158
2269
3155
2963
2997
2303
3108
2834
2814
2371
3052
2731
2650
2431
3011
2624
2501
2448
2925
2621
2390
2487
2758
2710
2211
1040
3128
3627
3574
1164
3204
3636
3588
1279
3280
3654
3606
1386
3358
3681
3631
1483
3427
3703
3654
1572
3490
3720
3676
1652
3546
3738
3699
1721
3594
3754
3723
1778
3631
3769
3750
1827
3659
3787
3786
1867
3670
3790
3814
1905
3668
3772
3826
1943
3659
3741
3826
1979
3618
3696
3811
2019
3565
3640
3786
2065
3507
3572
3754
2099
3432
3459
3673
2139
3363
3339
3561
2184
3303
3223
3424
2234
3255
3117
3267
2296
3222
3026
3112
2368
3204
2936
2950
2442
3173
2832
2770
2540
3145
2734
2616
2589
3076
2743
2497
2643
2901
2944
2365
2648
2801
2832
2415
1180
3207
3657
3626
1294
3279
3667
3638
1398
3350
3685
3654
1495
3422
3713
3679
1580
3484
3736
3702
1658
3538
3753
3723
1727
3585
3770
3744
1784
3621
3785
3766
1830
3647
3799
3791
1868
3665
3813
3826
1896
3663
3806
3851
1924
3649
3779
3858
1953
3631
3739
3853
1985
3590
3683
3833
2023
3532
3618
3801
2073
3472
3540
3760
2112
3397
3415
3667
2163
3335
3286
3543
2223
3290
3170
3391
2293
3262
3071
3224
2385
3260
3001
3067
2493
3272
2932
2909
2610
3242
2837
2732
2665
3223
2801
2607
2757
3044
3064
2473
2759
2960
3025
2578
2743
3120
2692
2811
1320
3288
3683
3675
1423
3355
3694
3686
1517
3421
3713
3701
1603
3486
3743
3726
1677
3540
3766
3748
1743
3584
3782
3767
1801
3622
3798
3786
1846
3648
3811
3806
1880
3663
3823
3830
1907
3669
3835
3863
1924
3655
3819
3884
1941
3630
3783
3887
1962
3602
3734
3877
1988
3559
3668
3848
2024
3496
3593
3810
2078
3435
3504
3762
2124
3362
3367
3656
2187
3308
3231
3519
2265
3280
3115
3352
2360
3277
3028
3176
2485
3308
2985
3019
2636
3319
2932
2864
2721
3333
2840
2704
2844
3201
3088
2575
2857
3064
3183
2635
2848
3260
2858
2985
2810
3430
2620
2838
1461
3373
3710
3723
1553
3435
3721
3732
1635
3494
3741
3747
1710
3552
3772
3772
1772
3597
3795
3793
1826
3632
3810
3811
1872
3659
3824
3829
1906
3674
3836
3847
1928
3678
3846
3869
1946
3674
3856
3901
1951
3647
3831
3918
1957
3611
3787
3916
1969
3575
3729
3900
1989
3527
3654
3865
2024
3460
3569
3820
2082
3398
3471
3765
2136
3328
3321
3647
2215
3286
3179
3497
2316
3278
3066
3315
2443
3306
2997
3133
2605
3356
2980
2978
2780
3404
2915
2828
2875
3349
3043
2677
2947
3167
3325
2647
2942
3318
3038
3027
2908
3554
2755
3027
2836
3649
2858
2650
1599
3459
3734
3767
1680
3516
3746
3776
1751
3568
3767
3791
1815
3618
3799
3816
1866
3654
3822
3838
1908
3679
3836
3855
1943
3696
3849
3873
1966
3701
3858
3890
1978
3695
3866
3910
1986
3680
3874
3942
1980
3642
3844
3956
1977
3596
3791
3949
1981
3551
3725
3926
1996
3498
3642
3886
2030
3428
3549
3835
2094
3367
3441
3773
2159
3303
3279
3642
2258
3276
3132
3478
2391
3292
3026
3285
2558
3351
2983
3096
2770
3397
2960
2935
2871
3459
2977
2797
3014
3260
3394
2622
3009
3307
3251
2980
2967
3605
2898
3162
2897
3771
2934
2817
2780
3782
3088
2487
1736
3549
3764
3816
1807
3599
3777
3824
1868
3644
3798
3839
1921
3685
3830
3866
1961
3711
3851
3888
1993
3726
3861
3903
2017
3732
3870
3919
2030
3727
3875
3933
2033
3710
3878
3951
2033
3685
3881
3979
2017
3635
3841
3985
2004
3579
3778
3969
2000
3526
3702
3937
2008
3466
3608
3886
2040
3394
3505
3825
2108
3335
3387
3754
2184
3278
3215
3606
2307
3269
3065
3428
2479
3314
2971
3222
2701
3344
2935
3016
2882
3459
2903
2865
3018
3370
3287
2689
3064
3268
3424
2838
3010
3631
3022
3260
2942
3865
3005
2974
2836
3926
3205
2592
2661
3922
3202
2667
1871
3641
3799
3865
1933
3684
3812
3873
1985
3721
3832
3887
2030
3754
3863
3914
2061
3771
3878
3934
2083
3775
3881
3946
2098
3772
3884
3958
2103
3756
3882
3967
2097
3729
3879
3981
2091
3695
3876
4004
2065
3635
3826
4000
2044
3571
3753
3973
2031
3512
3667
3931
2033
3442
3565
3870
2063
3370
3454
3798
2133
3315
3329
3717
2221
3268
3150
3555
2373
3283
3006
3366
2596
3317
2920
3148
2820
3391
2867
2943
2973
3438
3081
2786
3042
3282
3523
2718
3017
3577
3167
3242
2955
3901
3016
3154
2861
4017
3260
2696
2708
4050
3324
2758
2510
3974
3418
2783
2004
3733
3835
3910
2058
3770
3847
3916
2103
3801
3865
3929
2141
3827
3895
3956
2163
3834
3906
3974
2177
3830
3903
3983
2185
3818
3899
3991
2183
3794
3890
3996
2171
3759
3880
4005
2159
3719
3872
4024
2125
3649
3813
4011
2095
3579
3731
3973
2075
3515
3637
3921
2070
3434
3528
3850
2096
3362
3413
3771
2168
3311
3284
3681
2267
3276
3105
3509
2452
3300
2968
3312
2714
3313
2857
3081
2888
3427
2877
2894
2988
3318
3381
2702
2976
3415
3388
3003
2942
3839
2963
3313
2869
4035
3225
2843
2743
4117
3376
2775
2569
4104
3520
2861
2376
3879
3609
2968
2134
3826
3869
3949
2182
3858
3880
3955
2220
3883
3898
3968
2253
3903
3926
3995
2269
3904
3934
4011
2276
3892
3925
4016
2277
3874
3916
4021
2270
3843
3902
4022
2253
3802
3887
4027
2237
3756
3874
4042
2195
3680
3806
4020
2157
3603
3715
3973
2128
3526
3615
3911
2116
3440
3502
3831
2135
3368
3383
3745
2206
3320
3254
3648
2315
3296
3079
3468
2536
3281
2929
3256
2730
3332
2793
3032
2911
3358
3079
2827
2917
3300
3480
2716
2888
3657
3105
3249
2859
3980
3102
3056
2772
4106
3370
2727
2629
4177
3542
2873
2453
4042
3702
3041
2283
3742
3624
3130
2261
3920
3901
3983
2303
3948
3912
3987
2337
3968
3929
4000
2367
3984
3957
4028
2378
3980
3961
4042
2379
3962
3948
4043
2376
3939
3935
4045
2364
3904
3916
4042
2344
3858
3898
4044
2326
3809
3882
4057
2276
3726
3806
4027
2230
3643
3709
3972
2193
3552
3604
3902
2172
3464
3488
3814
2183
3391
3370
3723
2250
3345
3244
3622
2364
3311
3073
3435
2579
3248
2892
3207
2794
3337
2827
3008
2821
3282
3288
2757
2828
3450
3301
2878
2796
3820
2937
3252
2764
4031
3234
2738
2668
4185
3477
2787
2524
4146
3686
3041
2368
3908
3716
3192
2243
3598
3687
3177
2379
4009
3928
4005
2417
4032
3938
4009
2447
4048
3955
4020
2475
4062
3983
4049
2482
4054
3984
4062
2479
4033
3967
4060
2473
4006
3950
4058
2458
3968
3929
4053
2436
3920
3907
4052
2417
3869
3891
4064
2360
3779
3809
4027
2306
3682
3708
3965
2260
3587
3600
3889
2229
3498
3483
3795
2230
3421
3365
3700
2288
3376
3247
3597
2394
3295
3061
3395
2527
3237
2860
3170
2733
3319
2884
2986
2739
3321
3259
2770
2746
3600
3037
3008
2714
3882
2969
3045
2673
4121
3291
2669
2580
4193
3600
2959
2455
4014
3741
3175
2338
3779
3785
3217
2246
3463
3725
3305
2493
4084
3966
4034
2528
4104
3977
4037
2556
4118
3993
4049
2584
4132
4023
4079
2589
4122
4023
4091
2583
4097
4002
4087
2574
4069
3983
4083
2558
4030
3960
4075
2534
3983
3937
4073
2516
3932
3921
4085
2453
3836
3836
4043
2392
3736
3732
3977
2337
3638
3621
3896
2296
3544
3503
3799
2284
3463
3387
3699
2327
3408
3270
3594
2398
3283
3063
3377
2512
3254
2867
3161
2642
3293
2920
2967
2663
3391
3126
2796
2669
3669
2872
2953
2632
3925
2989
2751
2597
4129
3429
2714
2524
4046
3691
3063
2433
3892
3785
3160
2344
3652
3826
3316
2276
3354
3733
3436
2603
4158
4012
4068
2635
4176
4023
4072
2661
4190
4040
4084
2690
4204
4072
4115
2693
4192
4071
4126
2686
4166
4048
4120
2676
4137
4028
4114
2660
4098
4003
4105
2637
4051
3981
4102
2620
4003
3968
4116
2552
3904
3880
4071
2484
3800
3774
4002
2422
3698
3662
3919
2369
3598
3542
3819
2343
3511
3425
3715
2361
3437
3304
3604
2369
3284
3081
3374
2446
3255
2890
3153
2576
3268
2915
2936
2596
3428
2963
2792
2597
3679
2825
2809
2566
3901
3125
2476
2553
3984
3536
2777
2507
3929
3694
3045
2443
3779
3820
3223
2374
3551
3850
3426
2319
3283
3716
3563
2705
4228
4054
4099
2735
4246
4067
4102
2761
4259
4086
4114
2791
4274
4119
4147
2795
4263
4118
4158
2787
4236
4094
4150
2778
4207
4073
4143
2763
4169
4049
4134
2741
4124
4029
4132
2728
4080
4019
4147
2657
3980
3932
4101
2583
3873
3824
4030
2513
3768
3711
3947
2450
3663
3591
3846
2407
3566
3472
3738
2397
3471
3341
3619
2346
3297
3105
3377
2394
3250
2902
3141
2515
3241
2889
2912
2530
3446
2800
2760
2536
3659
2838
2660
2523
3799
3191
2464
2537
3871
3481
2816
2520
3826
3703
3064
2477
3688
3832
3302
2417
3479
3849
3538
2364
3243
3675
3674
2801
4296
4095
4124
2831
4314
4109
4129
2858
4328
4130
4142
2891
4346
4167
4177
2896
4336
4166
4188
2889
4309
4143
4179
2882
4282
4123
4173
2869
4248
4101
4164
2851
4206
4084
4163
2843
4168
4081
4183
2770
4069
3995
4138
2693
3961
3889
4068
2616
3853
3777
3985
2542
3742
3656
3885
2483
3636
3535
3777
2444
3520
3395
3651
2336
3325
3145
3399
2329
3258
2928
3149
2444
3211
2853
2906
2460
3425
2710
2714
2479
3574
2837
2588
2498
3687
3126
2502
2548
3771
3447
2809
2559
3743
3689
3098
2528
3623
3824
3379
2463
3434
3822
3637
2403
3226
3613
3753
2892
4360
4129
4140
2923
4379
4145
4145
2952
4394
4168
4159
2989
4416
4209
4197
2997
4408
4210
4209
2991
4384
4188
4200
2987
4360
4169
4194
2979
4329
4151
4186
2966
4294
4139
4188
2964
4264
4144
4214
2892
4167
4063
4173
2812
4062
3962
4106
2730
3952
3854
4027
2647
3837
3735
3930
2572
3721
3614
3827
2502
3588
3465
3698
2341
3381
3206
3443
2255
3276
2968
3180
2351
3194
2836
2918
2383
3335
2708
2693
2432
3450
2799
2553
2493
3578
3069
2490
2582
3686
3399
2810
2620
3686
3660
3130
2594
3592
3801
3444
2516
3423
3784
3711
2445
3236
3547
3793
2966
4411
4148
4136
2998
4430
4166
4141
3029
4448
4190
4156
3072
4474
4235
4197
3083
4470
4240
4211
3080
4448
4219
4203
3081
4428
4204
4198
3077
4402
4189
4192
3070
4374
4184
4199
3077
4354
4200
4232
3007
4264
4128
4198
2927
4162
4034
4138
2841
4053
3931
4064
2750
3934
3816
3973
2661
3810
3697
3876
2564
3663
3546
3753
2362
3445
3278
3500
2166
3286
3008
3222
2227
3187
2851
2949
2314
3191
2706
2708
2402
3330
2719
2529
2505
3477
2995
2450
2631
3624
3343
2800
2685
3659
3626
3157
2651
3587
3772
3496
2550
3426
3737
3757
2461
3236
3477
3787
2509
2669
2657
2210
2519
2637
2523
2269
2505
2657
2374
2264
2491
2653
2277
2193
2479
2628
2212
2118
2649
2920
2596
2583
2632
2995
2422
2534
2594
3017
2339
2357
2543
2986
2378
2202
2486
2927
2404
2082
2724
3245
2526
2682
2689
3284
2604
2446
2628
3254
2669
2243
2545
3181
2679
2191
2451
3074
2650
2245
2766
3489
2775
2536
2705
3485
2883
2327
2609
3407
2889
2422
2490
3341
2828
2470
2376
3199
2819
2433
2753
3651
3013
2425
2647
3623
3031
2551
2516
3560
3014
2590
2381
3422
3006
2614
2266
3216
2978
2599
2643
3778
3096
2596
2510
3711
3174
2640
2370
3570
3181
2742
2250
3315
3171
2737
2152
3100
3041
2759
2497
3839
3300
2697
2358
3676
3376
2842
2231
3430
3303
2906
2138
3177
3225
2860
2070
2951
3096
2881
2348
3752
3500
2901
2224
3526
3427
3034
2129
3259
3357
2973
2066
2999
3237
3005
2023
2785
3064
3022
2235
3604
3516
3069
2145
3354
3483
3093
2080
3078
3357
3120
2041
2842
3178
3140
2018
2668
2961
3120
2180
3446
3576
3134
2114
3181
3490
3240
2069
2924
3294
3257
2047
2734
3056
3234
2047
2592
2810
3135
2169
3294
3597
3272
2120
3042
3446
3377
2089
2827
3180
3356
2091
2675
2903
3246
2146
2554
2652
3051
2191
3175
3583
3415
2147
2953
3357
3493
2134
2779
3041
3385
2186
2644
2749
3175
2313
2617
2496
2888
2227
3098
3529
3546
2189
2919
3242
3547
2212
2755
2900
3343
2346
2680
2595
3028
2434
2670
2494
2687
2274
3067
3458
3645
2257
2903
3131
3551
2372
2745
2759
3230
2416
2752
2519
2849
2579
2648
2635
2485
2324
3068
3374
3694
2369
2874
3009
3489
2420
2803
2620
3076
2586
2725
2612
2655
2451
2881
2452
2419
2376
3047
3277
3683
2444
2854
2861
3359
2567
2816
2567
2898
2481
2849
2564
2483
2405
2959
2522
2314
2440
3014
3175
3623
2414
2853
2739
3211
2528
2777
2559
2716
2416
2951
2458
2370
2399
2943
2659
2272
2417
2961
3062
3518
2523
2799
2645
3051
2437
2899
2459
2550
2401
2957
2586
2261
2408
2921
2698
2418
2475
2586
2185
2064
2481
2549
2204
2063
2493
2523
2257
2100
2482
2520
2331
2197
2417
2541
2324
2157
2438
2853
2408
1994
2423
2784
2409
1956
2450
2739
2419
1997
2486
2705
2427
2080
2483
2616
2344
2016
2362
2975
2600
2264
2299
2846
2581
2243
2270
2725
2568
2272
2250
2623
2527
2355
2208
2506
2436
2289
2273
3047
2748
2463
2195
2862
2686
2422
2149
2695
2631
2437
2109
2547
2564
2496
2048
2398
2455
2441
2172
2985
2892
2598
2099
2776
2767
2569
2043
2602
2669
2585
1984
2444
2598
2628
1897
2286
2476
2598
2083
2872
2945
2699
2032
2672
2811
2701
1976
2504
2698
2740
1900
2346
2607
2796
1785
2177
2462
2753
2024
2738
2963
2864
1990
2563
2806
2866
1929
2402
2657
2881
1850
2245
2531
2892
1736
2061
2343
2771
1995
2609
2887
2991
1979
2467
2709
2953
1936
2324
2528
2887
1931
2179
2362
2799
1869
2057
2126
2573
2011
2528
2756
3039
2028
2428
2578
2930
2076
2332
2368
2751
2090
2256
2235
2556
2109
2124
2052
2239
2083
2485
2600
2971
2187
2476
2425
2782
2161
2395
2328
2506
2417
2292
2224
2309
2621
2370
1984
2006
2258
2554
2442
2809
2237
2532
2445
2563
2510
2376
2373
2351
2577
2601
2082
2139
2680
2690
2296
1835
2366
2603
2468
2599
2521
2485
2510
2431
2500
2713
2213
2254
2556
2737
2427
2026
2614
2776
2574
2253
2561
2598
2564
2437
2443
2781
2276
2385
2478
2798
2484
2134
2514
2766
2622
2361
2468
2737
2696
2579
2448
2865
2338
2412
2414
2843
2492
2145
2460
2788
2638
2360
2442
2741
2723
2578
2324
2638
2739
2771
2404
2917
2528
2225
2418
2815
2637
2311
2436
2776
2717
2506
2376
2697
2780
2759
2246
2544
2695
2864
2403
2885
2681
2333
2426
2817
2710
2443
2403
2756
2783
2671
2340
2652
2761
2864
2268
2505
2610
2837
2418
2878
2730
2454
2436
2832
2793
2594
2395
2749
2800
2795
2378
2652
2717
2875
2408
2562
2570
2758
2421
2877
2786
2559
2430
2835
2830
2726
2404
2743
2770
2834
2461
2681
2671
2808
2622
2690
2590
2680
2627
1707
980.2
169.8
2664
1759
1037
235.1
2702
1810
1094
300.4
2744
1863
1152
365.7
2785
1917
1210
430.7
2827
1971
1268
495.9
2871
2027
1327
561
2918
2085
1386
626.1
2969
2146
1449
691.8
3030
2216
1516
760.1
3095
2292
1591
831.4
3152
2366
1664
901.1
3206
2440
1739
972.9
3253
2512
1816
1047
3298
2589
1901
1127
3344
2674
1997
1217
3358
2747
2097
1315
3342
2799
2185
1409
3302
2833
2267
1505
3239
2849
2340
1601
3163
2851
2407
1701
3070
2829
2460
1798
2942
2763
2476
1875
2803
2676
2464
1932
2648
2574
2427
1965
2527
2489
2402
2014
2341
2316
2265
1939
2698
1784
1053
236.2
2733
1833
1109
300.1
2769
1883
1164
364.1
2810
1935
1221
428.1
2850
1987
1277
491.7
2890
2039
1333
555
2932
2092
1389
617.6
2975
2146
1446
679.8
3024
2203
1504
742
3082
2269
1568
806.6
3144
2342
1639
874.3
3198
2412
1708
940.1
3248
2482
1780
1008
3292
2552
1855
1079
3335
2628
1939
1157
3380
2714
2036
1247
3390
2789
2139
1347
3368
2841
2231
1445
3320
2874
2317
1546
3248
2888
2393
1648
3164
2887
2464
1754
3064
2858
2515
1856
2925
2777
2523
1933
2773
2676
2498
1984
2634
2567
2447
2008
2516
2473
2403
2041
2309
2306
2253
1951
2771
1863
1131
308.2
2802
1910
1184
370.2
2836
1957
1238
432.2
2875
2007
1292
494.3
2913
2057
1346
555.9
2951
2106
1400
616.7
2989
2155
1453
676.5
3029
2205
1505
735.3
3074
2259
1560
793.9
3129
2321
1621
855
3189
2391
1688
919.4
3239
2457
1754
982
3286
2525
1824
1047
3327
2592
1897
1116
3369
2668
1981
1193
3412
2756
2080
1285
3419
2832
2187
1388
3390
2884
2283
1489
3334
2917
2373
1596
3254
2928
2453
1704
3161
2923
2525
1817
3056
2883
2573
1921
2905
2785
2567
1994
2754
2674
2527
2036
2625
2557
2458
2045
2479
2465
2394
2056
2268
2281
2227
1946
2843
1945
1212
384.8
2872
1989
1263
444.3
2903
2033
1314
503.9
2940
2081
1366
563.7
2976
2128
1418
622.9
3011
2174
1468
681
3046
2220
1518
737.7
3083
2266
1567
793
3124
2316
1618
848.1
3177
2375
1676
905.8
3233
2441
1741
967.5
3280
2504
1804
1027
3324
2570
1872
1091
3362
2635
1943
1158
3402
2711
2028
1235
3443
2799
2130
1329
3444
2876
2240
1435
3409
2928
2340
1542
3343
2959
2434
1654
3253
2966
2515
1768
3153
2953
2586
1883
3039
2899
2625
1987
2878
2784
2602
2052
2737
2663
2542
2078
2585
2546
2452
2066
2392
2434
2360
2048
2446
2196
2182
1916
2915
2028
1295
464.3
2941
2069
1343
520.9
2970
2110
1391
577.7
3005
2156
1441
635
3040
2201
1491
691.7
3072
2244
1539
747.1
3105
2287
1586
800.8
3138
2330
1632
853
3177
2376
1680
905
3228
2433
1735
960
3281
2497
1798
1020
3324
2557
1860
1078
3365
2620
1926
1140
3400
2685
1998
1207
3438
2760
2083
1286
3477
2850
2189
1382
3473
2928
2303
1493
3430
2979
2407
1605
3355
3007
2503
1723
3254
3007
2585
1841
3147
2984
2651
1958
3021
2913
2676
2057
2864
2783
2633
2108
2705
2652
2547
2113
2473
2516
2426
2072
2531
2342
2314
2022
2726
2083
2106
1863
2985
2111
1380
546.4
3009
2149
1425
600.2
3036
2188
1471
654.4
3071
2232
1519
709.4
3104
2276
1567
764.1
3136
2318
1613
817.4
3168
2359
1659
869
3199
2399
1703
918.8
3236
2444
1749
968.6
3286
2498
1802
1022
3336
2561
1865
1080
3377
2620
1926
1138
3415
2682
1993
1200
3447
2745
2065
1268
3483
2821
2152
1349
3519
2912
2261
1448
3509
2989
2379
1565
3457
3039
2487
1683
3371
3062
2584
1805
3257
3053
2662
1925
3136
3013
2718
2040
3010
2924
2725
2129
2843
2773
2652
2159
2601
2626
2533
2134
2558
2433
2388
2059
2867
2181
2242
1971
2694
2168
1977
1798
3060
2198
1471
633.7
3082
2234
1513
685.2
3108
2272
1557
737.2
3143
2315
1604
790.8
3177
2359
1651
844.4
3207
2400
1697
896.5
3237
2440
1742
946.8
3266
2479
1785
995.2
3300
2521
1830
1044
3348
2575
1883
1096
3393
2634
1944
1154
3428
2690
2005
1212
3460
2749
2072
1274
3486
2810
2144
1343
3516
2883
2232
1425
3545
2971
2342
1528
3521
3042
2460
1648
3455
3083
2565
1768
3352
3093
2656
1890
3217
3065
2722
2005
3087
3005
2759
2110
2968
2895
2738
2179
2737
2726
2629
2177
2552
2535
2474
2113
2838
2249
2298
1997
2849
2191
2090
1882
2415
2352
1793
1694
3135
2288
1564
724.6
3156
2321
1604
773.3
3180
2357
1645
823.1
3214
2400
1691
875.2
3247
2442
1738
927.6
3275
2482
1783
978.6
3303
2521
1827
1028
3328
2557
1869
1075
3360
2598
1913
1123
3405
2650
1966
1175
3443
2706
2027
1233
3471
2758
2087
1291
3495
2813
2153
1354
3512
2869
2224
1424
3534
2939
2313
1508
3553
3022
2422
1613
3515
3083
2537
1734
3433
3111
2636
1853
3310
3103
2715
1971
3159
3054
2762
2077
3040
2977
2776
2165
2901
2849
2724
2207
2590
2654
2570
2165
2739
2373
2386
2059
2935
2159
2165
1911
2556
2351
1901
1778
2225
2271
1755
1558
3207
2376
1656
816.3
3225
2406
1693
862
3247
2439
1732
909.3
3281
2481
1777
959.7
3312
2522
1823
1011
3338
2561
1867
1061
3363
2598
1911
1109
3386
2633
1952
1156
3414
2672
1996
1204
3457
2723
2049
1256
3489
2776
2110
1315
3509
2825
2170
1374
3525
2876
2236
1439
3534
2928
2307
1510
3547
2992
2395
1596
3556
3069
2503
1702
3503
3118
2611
1822
3404
3130
2699
1938
3259
3100
2761
2047
3110
3034
2789
2139
2997
2939
2776
2206
2777
2792
2686
2215
2613
2537
2494
2130
2935
2210
2279
1984
2713
2249
2000
1818
2281
2375
1763
1658
2294
1906
1796
1416
3274
2460
1748
908.3
3289
2487
1781
950.8
3310
2519
1818
995.5
3344
2560
1861
1044
3374
2600
1907
1095
3398
2637
1951
1144
3421
2674
1994
1192
3441
2707
2035
1238
3467
2745
2079
1286
3507
2796
2134
1340
3533
2847
2195
1400
3546
2892
2255
1461
3554
2939
2321
1527
3554
2985
2390
1600
3557
3043
2477
1687
3556
3112
2582
1795
3485
3145
2680
1912
3364
3136
2752
2020
3206
3085
2794
2116
3066
3002
2797
2189
2925
2884
2752
2228
2659
2710
2622
2199
2771
2377
2399
2070
2872
2146
2140
1892
2304
2323
1831
1712
2301
2065
1730
1529
2411
1864
1656
1286
3333
2538
1834
997.6
3346
2562
1864
1037
3366
2591
1898
1078
3400
2631
1940
1126
3428
2671
1985
1175
3449
2707
2028
1223
3470
2742
2071
1271
3488
2774
2112
1317
3512
2812
2157
1366
3551
2863
2213
1421
3571
2911
2274
1483
3576
2953
2335
1545
3576
2995
2399
1613
3568
3035
2467
1687
3562
3087
2551
1776
3551
3146
2652
1882
3463
3161
2737
1993
3320
3129
2791
2091
3164
3062
2812
2172
3020
2957
2787
2222
2822
2820
2709
2230
2602
2605
2541
2162
2832
2239
2288
1992
2545
2167
1998
1796
2253
2170
1719
1597
2424
1908
1665
1388
2495
1943
1509
1202
3380
2606
1912
1082
3391
2627
1938
1118
3409
2653
1970
1156
3442
2692
2011
1202
3470
2731
2055
1250
3489
2765
2097
1297
3507
2799
2139
1345
3523
2830
2180
1391
3545
2867
2226
1440
3583
2919
2283
1497
3597
2964
2345
1560
3596
3002
2405
1624
3589
3039
2468
1693
3572
3073
2533
1767
3558
3117
2613
1856
3537
3167
2707
1960
3428
3161
2776
2063
3271
3110
2811
2148
3113
3024
2809
2210
2952
2899
2757
2235
2700
2741
2644
2211
2574
2491
2445
2107
2676
2160
2166
1905
2239
2123
1860
1691
2370
1907
1624
1472
2526
1936
1559
1251
2582
1945
1572
1150
3429
2674
1990
1167
3438
2691
2012
1198
3454
2715
2040
1234
3488
2753
2080
1277
3515
2791
2123
1324
3531
2824
2164
1370
3548
2857
2206
1417
3562
2886
2246
1463
3583
2923
2292
1513
3621
2976
2352
1572
3631
3019
2413
1636
3625
3054
2473
1701
3612
3086
2534
1771
3588
3114
2597
1845
3566
3152
2673
1933
3537
3193
2761
2035
3409
3168
2815
2128
3244
3099
2832
2201
3072
2993
2806
2244
2886
2845
2725
2243
2624
2659
2581
2188
2530
2389
2356
2053
2393
2080
2053
1823
2274
1971
1741
1588
2463
1890
1568
1342
2569
1925
1562
1162
2734
2031
1578
1132
3481
2742
2067
1251
3487
2755
2085
1278
3501
2776
2110
1309
3535
2813
2147
1350
3560
2849
2188
1395
3575
2880
2228
1440
3591
2912
2269
1485
3603
2941
2309
1531
3623
2977
2355
1582
3662
3031
2416
1642
3670
3073
2478
1708
3660
3105
2537
1774
3642
3134
2598
1845
3612
3158
2657
1919
3584
3190
2730
2005
3545
3221
2811
2104
3401
3179
2850
2189
3224
3092
2850
2248
3031
2963
2801
2272
2825
2791
2693
2246
2567
2578
2522
2164
2444
2286
2272
2000
2191
1984
1945
1745
2337
1847
1633
1488
2469
1898
1506
1218
2676
1987
1574
1127
2909
2174
1645
1185
3526
2804
2140
1331
3530
2814
2153
1353
3543
2832
2173
1381
3576
2867
2208
1418
3601
2901
2247
1461
3614
2930
2285
1504
3628
2960
2325
1548
3639
2988
2364
1593
3659
3025
2411
1644
3700
3079
2473
1706
3705
3120
2535
1772
3693
3151
2594
1840
3672
3178
2653
1911
3637
3197
2710
1984
3604
3223
2779
2069
3556
3246
2853
2165
3397
3188
2880
2241
3206
3085
2862
2287
2995
2935
2792
2293
2770
2741
2661
2245
2509
2502
2467
2138
2364
2193
2196
1950
2169
1918
1844
1673
2344
1815
1564
1392
2537
1919
1473
1150
2811
2095
1604
1117
3099
2360
1767
1249
3566
2861
2207
1408
3568
2867
2215
1425
3579
2882
2232
1448
3613
2915
2264
1482
3636
2947
2301
1522
3648
2975
2336
1562
3661
3003
2374
1605
3671
3030
2412
1649
3692
3067
2459
1700
3735
3123
2522
1762
3741
3164
2585
1830
3728
3194
2644
1898
3705
3218
2701
1969
3668
3234
2756
2041
3631
3256
2822
2125
3578
3274
2892
2219
3409
3206
2909
2288
3205
3088
2878
2324
2976
2921
2791
2315
2729
2707
2641
2249
2453
2446
2426
2121
2280
2119
2133
1910
2172
1861
1761
1610
2378
1814
1523
1310
2625
1968
1498
1128
2961
2230
1670
1175
3280
2565
1923
1341
3592
2905
2263
1475
3592
2907
2266
1487
3603
2919
2279
1506
3636
2950
2308
1536
3659
2981
2342
1573
3669
3006
2375
1611
3681
3033
2411
1651
3692
3059
2448
1693
3713
3095
2494
1743
3759
3152
2557
1805
3767
3194
2620
1873
3756
3225
2679
1942
3733
3249
2735
2013
3697
3263
2788
2084
3660
3284
2852
2167
3607
3300
2920
2258
3436
3228
2932
2324
3222
3102
2894
2354
2979
2922
2796
2335
2712
2693
2633
2257
2419
2411
2402
2113
2222
2072
2087
1883
2160
1818
1705
1561
2419
1818
1490
1255
2719
2039
1526
1116
3102
2372
1765
1231
3427
2757
2090
1456
3598
2929
2301
1530
3596
2928
2301
1537
3605
2937
2310
1552
3640
2967
2337
1579
3662
2996
2368
1612
3672
3019
2399
1647
3683
3045
2432
1685
3693
3069
2467
1725
3717
3106
2512
1774
3767
3164
2575
1835
3779
3208
2638
1902
3771
3239
2696
1970
3751
3263
2752
2040
3717
3278
2803
2110
3684
3299
2865
2191
3636
3318
2934
2283
3468
3248
2948
2348
3249
3119
2907
2376
2999
2935
2805
2353
2718
2698
2636
2268
2421
2399
2395
2116
2183
2060
2064
1872
2142
1782
1681
1532
2459
1831
1461
1231
2811
2120
1570
1106
3224
2513
1877
1308
3526
2922
2257
1585
2204
2216
2195
1928
2077
2145
2160
1953
1984
2026
2072
1913
1962
1936
2020
1911
1956
1862
1983
1923
2149
2191
2166
1921
2155
2081
2112
1921
2201
1912
2003
1860
2176
1860
1922
1839
2099
1848
1845
1827
2330
2119
2128
1895
2455
1974
2040
1866
2337
1940
1894
1791
2165
2000
1762
1744
2006
1953
1717
1698
2602
2033
2052
1842
2455
2059
1910
1792
2187
2134
1735
1693
1973
2012
1710
1604
2019
1825
1736
1515
2556
2132
1921
1774
2250
2230
1762
1690
2090
2064
1737
1548
2091
1785
1778
1424
2144
1675
1638
1421
2335
2314
1772
1683
2143
2144
1786
1550
2137
1798
1817
1390
2236
1709
1628
1379
2269
1808
1391
1367
2188
2202
1780
1536
2236
1811
1862
1372
2305
1793
1611
1347
2392
1860
1473
1309
2396
1985
1527
1179
2285
1822
1854
1368
2385
1857
1626
1320
2462
1922
1513
1275
2491
2024
1590
1190
2606
2127
1704
1298
2398
1855
1639
1274
2489
1969
1521
1269
2562
2024
1611
1190
2698
2172
1686
1312
2846
2392
1908
1467
2478
1958
1518
1227
2610
2032
1616
1196
2770
2182
1684
1295
2931
2427
1888
1443
3055
2694
2213
1714
2587
1983
1576
1153
2810
2174
1666
1269
2993
2416
1854
1390
3129
2705
2164
1647
3161
2956
2549
2030
2775
2099
1605
1200
3035
2388
1811
1337
3198
2685
2101
1562
3245
2961
2478
1921
3136
3115
2853
2366
2985
2282
1719
1255
3247
2641
2027
1479
3334
2940
2389
1796
3242
3131
2771
2218
2995
3128
3051
2657
3198
2506
1888
1348
3416
2895
2280
1665
3376
3137
2670
2055
3139
3186
2989
2493
2791
3009
3107
2854
3389
2749
2102
1492
3511
3117
2547
1889
3322
3245
2910
2317
2967
3124
3100
2712
2543
2794
3022
2929
3528
2977
2335
1668
3514
3273
2794
2125
3185
3248
3071
2548
2743
2959
3087
2840
2294
2529
2821
2872
3597
3157
2553
1851
3445
3346
2984
2338
3010
3165
3136
2712
2510
2749
2975
2865
2130
2267
2575
2716
3595
3276
2738
2028
3319
3337
3102
2513
2807
3015
3105
2799
2306
2521
2791
2793
1976
2043
2314
2497
1958
1831
1971
1961
1949
1879
1995
2044
1978
1970
2076
2193
2105
2158
2292
2477
2072
2128
2254
2459
2039
1868
1795
1838
2003
1864
1827
1882
1972
1878
1909
1981
2006
1983
2081
2186
1893
1879
1980
2134
1851
1888
1719
1667
1864
1790
1746
1672
1937
1688
1730
1761
2054
1713
1780
1881
2030
1708
1624
1761
2004
1625
1677
1500
2062
1641
1577
1524
2139
1796
1416
1525
2290
1990
1677
1561
2313
2061
1772
1532
2170
1753
1421
1412
2217
1819
1465
1357
2324
2014
1627
1312
2524
2297
2009
1680
2572
2425
2215
1918
2325
1901
1484
1248
2363
2019
1626
1264
2546
2231
1932
1530
2803
2636
2368
2070
2879
2827
2644
2366
2506
2055
1690
1276
2623
2269
1861
1486
2842
2600
2286
1885
3094
3064
2854
2529
3107
3246
3171
2911
2753
2330
1907
1479
2888
2615
2218
1798
3055
2978
2737
2336
3200
3396
3350
3076
3061
3425
3575
3455
2980
2654
2232
1758
3066
2949
2636
2200
3094
3235
3162
2835
3061
3479
3687
3583
2763
3280
3677
3789
3106
2948
2605
2122
3070
3157
3018
2642
2919
3255
3419
3262
2703
3233
3689
3852
2321
2848
3401
3756
3076
3114
2930
2502
2908
3161
3242
3010
2609
3029
3400
3476
2302
2767
3341
3744
1917
2292
2861
3379
2918
3112
3129
2824
2651
2977
3247
3214
2288
2650
3119
3411
1949
2232
2784
3318
1842
1796
2224
2785
2681
2950
3141
3009
2350
2672
3033
3192
2014
2230
2673
3085
1929
1805
2176
2711
2272
1881
1726
2120
2404
2694
2988
3028
2126
2328
2699
2979
1923
1886
2209
2631
2296
1867
1734
2097
2611
2340
1960
1680
2186
2389
2723
2894
1911
2015
2324
2649
2197
1752
1820
2152
2579
2261
1841
1668
2866
2715
2438
2022
2009
2094
2407
2647
2100
1764
1971
2271
2418
2053
1646
1752
2818
2608
2278
1810
2980
2991
2837
2510
2038
1895
2111
2360
2270
1876
1725
1928
2628
2328
1958
1530
2943
2869
2644
2256
2955
3099
3104
2902
2192
1754
1856
2069
2443
2078
1692
1669
2761
2548
2246
1803
2930
2976
2886
2597
2840
3035
3173
3131
-3419
-3462
-3498
-3527
-3591
-3685
-3769
-3838
-3881
-3888
-3813
-3616
-3328
-3004
-2704
-2438
-2263
-2482
-2586
-2648
-2640
-2602
-2645
-2697
-2777
-2659
-2429
-2105
-1743
-1392
-1297
-1527
-1797
-1906
-1933
-1855
-1689
-1461
-1203
-959.3
-693.2
-411.9
-92.27
152.9
-442.6
-755
-1426
-1808
-2138
-2409
-2643
-2832
-2983
-3102
-3193
-3263
-3331
-3384
-3429
-3467
-3498
-3562
-3655
-3740
-3812
-3859
-3872
-3806
-3619
-3339
-3014
-2699
-2436
-2180
-2399
-2529
-2613
-2624
-2593
-2622
-2656
-2751
-2670
-2483
-2191
-1843
-1486
-1232
-1345
-1647
-1789
-1848
-1805
-1669
-1461
-1214
-967.8
-696.3
-405.4
-71.69
188.6
-375.6
-692.9
-1359
-1740
-2071
-2344
-2582
-2775
-2931
-3055
-3150
-3224
-3293
-3348
-3394
-3434
-3467
-3530
-3622
-3707
-3780
-3831
-3849
-3795
-3622
-3352
-3032
-2709
-2452
-2133
-2293
-2462
-2566
-2595
-2570
-2583
-2585
-2703
-2656
-2519
-2271
-1952
-1617
-1309
-1205
-1460
-1639
-1729
-1723
-1622
-1444
-1213
-969.2
-694.2
-395
-47.95
225.8
-308.3
-630.6
-1290
-1672
-2003
-2277
-2519
-2717
-2878
-3006
-3105
-3183
-3254
-3311
-3359
-3399
-3433
-3496
-3585
-3669
-3743
-3796
-3819
-3777
-3620
-3366
-3054
-2729
-2458
-2132
-2188
-2388
-2506
-2554
-2534
-2528
-2488
-2631
-2610
-2526
-2334
-2060
-1744
-1453
-1221
-1274
-1477
-1579
-1602
-1538
-1396
-1190
-952.4
-678.3
-375.1
-19.15
262.6
-240.8
-568.6
-1221
-1603
-1934
-2210
-2455
-2657
-2822
-2955
-3059
-3140
-3213
-3272
-3321
-3362
-3396
-3457
-3543
-3625
-3698
-3753
-3782
-3752
-3614
-3379
-3078
-2755
-2464
-2145
-2086
-2301
-2431
-2499
-2487
-2463
-2369
-2533
-2529
-2495
-2367
-2150
-1871
-1586
-1346
-1211
-1272
-1412
-1466
-1428
-1314
-1135
-909.6
-643.3
-343.7
12.8
297
-173.1
-506.5
-1152
-1532
-1863
-2139
-2388
-2595
-2765
-2903
-3012
-3097
-3173
-3234
-3285
-3327
-3362
-3419
-3501
-3579
-3650
-3705
-3736
-3719
-3600
-3387
-3104
-2791
-2487
-2194
-1964
-2173
-2329
-2420
-2425
-2394
-2256
-2405
-2410
-2412
-2346
-2201
-1980
-1723
-1491
-1309
-1248
-1239
-1283
-1285
-1207
-1056
-846.8
-592.6
-301.2
48.82
331.4
-105.1
-444.2
-1080
-1459
-1788
-2064
-2318
-2528
-2704
-2847
-2961
-3051
-3131
-3194
-3246
-3290
-3324
-3379
-3455
-3529
-3597
-3651
-3685
-3678
-3579
-3390
-3130
-2831
-2530
-2241
-1989
-2035
-2217
-2323
-2352
-2319
-2201
-2258
-2267
-2283
-2265
-2189
-2040
-1832
-1618
-1422
-1325
-1228
-1190
-1163
-1072
-934.6
-734
-495.1
-221.8
111.9
382.5
-37.3
-382
-1009
-1384
-1712
-1987
-2243
-2457
-2637
-2785
-2905
-3000
-3082
-3149
-3203
-3247
-3282
-3333
-3405
-3473
-3537
-3590
-3626
-3629
-3551
-3388
-3154
-2874
-2583
-2283
-2048
-1889
-2079
-2208
-2264
-2241
-2137
-2097
-2108
-2122
-2131
-2112
-2035
-1895
-1721
-1531
-1408
-1336
-1190
-1115
-1003
-809.9
-612.9
-380.7
-121.7
186.5
443.4
30.4
-319.8
-936.8
-1310
-1634
-1907
-2165
-2382
-2565
-2718
-2843
-2942
-3028
-3098
-3153
-3199
-3234
-3282
-3348
-3412
-3472
-3523
-3559
-3572
-3513
-3376
-3170
-2914
-2638
-2340
-2101
-1918
-1916
-2077
-2159
-2153
-2061
-1943
-1948
-1948
-1964
-1977
-1959
-1890
-1774
-1624
-1510
-1446
-1297
-1120
-974.1
-735.1
-510
-281.4
-32.62
253.7
490.9
97.75
-258.3
-866
-1235
-1556
-1826
-2086
-2304
-2490
-2646
-2775
-2879
-2968
-3041
-3098
-3145
-3180
-3226
-3287
-3346
-3401
-3449
-3484
-3504
-3462
-3351
-3174
-2945
-2688
-2401
-2157
-1969
-1845
-1930
-2036
-2053
-1983
-1808
-1799
-1785
-1794
-1818
-1836
-1823
-1771
-1680
-1595
-1552
-1407
-1173
-966
-681.2
-437.2
-200.5
35.45
308.7
517.3
165.6
-196.5
-795.7
-1162
-1478
-1745
-2003
-2221
-2409
-2568
-2700
-2808
-2902
-2977
-3037
-3084
-3120
-3164
-3220
-3273
-3324
-3368
-3401
-3426
-3398
-3311
-3163
-2965
-2733
-2462
-2223
-2032
-1900
-1813
-1908
-1945
-1904
-1747
-1671
-1654
-1649
-1668
-1697
-1718
-1715
-1685
-1652
-1635
-1448
-1232
-944.5
-626.1
-373
-142.4
89.11
343
522.6
233.5
-135.2
-728.9
-1092
-1404
-1667
-1923
-2140
-2328
-2488
-2622
-2733
-2830
-2908
-2970
-3019
-3056
-3098
-3150
-3198
-3244
-3284
-3313
-3338
-3320
-3249
-3125
-2953
-2747
-2497
-2267
-2077
-1935
-1843
-1778
-1840
-1818
-1702
-1594
-1576
-1564
-1577
-1609
-1646
-1674
-1690
-1712
-1677
-1397
-1203
-860.3
-565.6
-318.6
-100.1
131.9
370.4
551
299.7
-74.6
-663.8
-1024
-1331
-1589
-1842
-2057
-2243
-2403
-2539
-2652
-2751
-2832
-2896
-2947
-2984
-3024
-3072
-3116
-3157
-3192
-3218
-3244
-3233
-3178
-3076
-2931
-2750
-2524
-2307
-2119
-1972
-1867
-1798
-1744
-1750
-1678
-1573
-1531
-1511
-1513
-1539
-1581
-1627
-1683
-1725
-1579
-1370
-1069
-742
-480.8
-260.8
-41.56
179.5
424.6
616.4
367.4
-11.92
-598.1
-955
-1258
-1511
-1760
-1971
-2155
-2314
-2450
-2565
-2666
-2748
-2814
-2866
-2904
-2943
-2987
-3027
-3063
-3095
-3117
-3142
-3136
-3094
-3011
-2890
-2734
-2533
-2332
-2151
-2003
-1895
-1817
-1774
-1726
-1684
-1600
-1537
-1502
-1486
-1498
-1530
-1580
-1646
-1586
-1395
-1163
-855.2
-593
-380.2
-186.1
13.36
225.4
476.1
702.8
436.9
53.32
-531.9
-886.4
-1185
-1432
-1677
-1884
-2064
-2221
-2355
-2471
-2573
-2656
-2724
-2777
-2816
-2853
-2894
-2931
-2963
-2990
-3009
-3031
-3029
-2996
-2929
-2828
-2697
-2520
-2337
-2167
-2023
-1914
-1837
-1799
-1769
-1726
-1679
-1605
-1523
-1486
-1474
-1487
-1500
-1460
-1324
-1133
-876.8
-637
-444.3
-281.4
-123.1
49.49
249.9
519.6
750.3
510.6
122.2
-465.5
-819.1
-1114
-1356
-1596
-1797
-1972
-2125
-2257
-2371
-2473
-2557
-2625
-2678
-2718
-2754
-2793
-2826
-2854
-2877
-2893
-2912
-2912
-2885
-2831
-2747
-2636
-2482
-2319
-2162
-2025
-1919
-1841
-1803
-1806
-1784
-1749
-1715
-1626
-1524
-1430
-1351
-1267
-1158
-985.4
-772.3
-572.9
-406.3
-272.5
-164.9
-59.61
69.72
240.9
496.6
697.3
591.7
197.8
-396.5
-750.7
-1043
-1279
-1512
-1706
-1876
-2023
-2151
-2263
-2364
-2447
-2515
-2569
-2609
-2645
-2682
-2712
-2737
-2756
-2769
-2785
-2784
-2762
-2716
-2645
-2551
-2418
-2274
-2132
-2004
-1903
-1827
-1794
-1812
-1796
-1772
-1736
-1609
-1463
-1321
-1174
-1019
-848.8
-665.8
-492.9
-343.8
-230.5
-152.6
-96.19
-30.44
69.74
233.1
454.4
637.4
680
280.4
-328.2
-687.3
-979.8
-1213
-1440
-1628
-1789
-1930
-2051
-2157
-2255
-2335
-2400
-2452
-2491
-2526
-2560
-2588
-2611
-2628
-2637
-2651
-2650
-2630
-2590
-2529
-2448
-2332
-2203
-2074
-1956
-1860
-1788
-1757
-1774
-1774
-1736
-1689
-1523
-1349
-1171
-988.8
-802.7
-615.8
-440
-287.9
-172.6
-106.9
-66.93
-18.43
53.3
163.3
333.9
580.8
892.8
769.6
366.8
-256.3
-620.4
-913.6
-1144
-1365
-1545
-1699
-1831
-1945
-2045
-2138
-2214
-2275
-2325
-2362
-2395
-2427
-2453
-2473
-2487
-2495
-2506
-2504
-2486
-2452
-2400
-2330
-2228
-2114
-1997
-1887
-1796
-1725
-1693
-1713
-1737
-1702
-1632
-1431
-1238
-1039
-833.3
-630.2
-435.6
-268.8
-141.5
-80.39
-63.8
-13.49
71.81
176.1
349.1
615.5
982.9
1315
867
463.3
-174.8
-545.1
-839.9
-1069
-1284
-1456
-1603
-1727
-1833
-1926
-2014
-2084
-2142
-2188
-2222
-2253
-2282
-2305
-2322
-2334
-2340
-2349
-2347
-2331
-2301
-2255
-2195
-2106
-2004
-1897
-1794
-1707
-1636
-1604
-1631
-1675
-1646
-1547
-1331
-1131
-925.3
-713.1
-507.3
-320.9
-178.7
-105.9
-113.8
-102
-25.79
124.8
324.2
613.1
962.3
1342
1657
970.8
569.3
-84.17
-461.7
-759.6
-987.5
-1198
-1363
-1501
-1618
-1715
-1801
-1881
-1946
-1998
-2039
-2071
-2099
-2125
-2145
-2159
-2169
-2173
-2181
-2178
-2163
-2136
-2096
-2044
-1965
-1874
-1775
-1678
-1594
-1524
-1491
-1523
-1575
-1556
-1434
-1228
-1035
-838.5
-637
-445.6
-282.8
-183.1
-158.9
-148.5
-97.07
33.01
251
515.8
846.6
1223
1606
1907
1083
686.6
17.38
-368.8
-671.2
-899.2
-1104
-1263
-1393
-1501
-1590
-1666
-1739
-1797
-1843
-1879
-1906
-1930
-1953
-1970
-1982
-1990
-1993
-1999
-1995
-1982
-1958
-1923
-1877
-1808
-1725
-1634
-1543
-1460
-1389
-1350
-1380
-1418
-1411
-1293
-1114
-945.2
-776.8
-602.8
-443.4
-313
-223.3
-163.7
-91.42
12.7
183.2
411.4
696.7
1031
1413
1790
2066
1201
816.4
132.9
-262.8
-571.6
-801.4
-1002
-1155
-1277
-1376
-1456
-1523
-1588
-1637
-1676
-1706
-1728
-1748
-1767
-1780
-1789
-1795
-1797
-1802
-1799
-1787
-1767
-1737
-1697
-1637
-1563
-1480
-1394
-1313
-1238
-1190
-1198
-1205
-1198
-1115
-970.3
-837.7
-712.1
-583.9
-462.1
-352.6
-230.4
-104.4
23.24
171.5
363
578.2
851.5
1158
1523
1887
2142
1315
955
264
-140.7
-457.6
-692
-890.6
-1038
-1154
-1245
-1316
-1374
-1429
-1469
-1499
-1521
-1536
-1550
-1564
-1573
-1579
-1582
-1583
-1587
-1585
-1576
-1559
-1535
-1502
-1453
-1389
-1315
-1234
-1156
-1079
-1019
-997.1
-979.9
-958.7
-921.8
-798.2
-707.7
-624.2
-541.3
-454
-346.8
-182.6
3.314
171.1
330.9
538.4
741.5
1004
1291
1648
2011
2273
1419
1095
409.3
1.227
-321.9
-560.8
-757.5
-901.6
-1012
-1096
-1159
-1208
-1254
-1286
-1308
-1322
-1329
-1338
-1346
-1350
-1352
-1351
-1350
-1353
-1351
-1343
-1330
-1311
-1285
-1246
-1192
-1127
-1053
-977.4
-900.1
-834.2
-793.6
-761.2
-731
-709.3
-616.5
-563.2
-514.5
-468.2
-407.2
-299.4
-92.66
155.3
364.6
513.1
749.2
956.5
1209
1491
1855
2235
2518
1509
1233
568.9
164.7
-161.6
-404.7
-600
-741.5
-848.3
-926.9
-982.9
-1025
-1062
-1086
-1100
-1107
-1108
-1110
-1112
-1110
-1107
-1103
-1098
-1099
-1096
-1090
-1080
-1065
-1047
-1017
-973.4
-917.9
-852.4
-781.7
-706.6
-637.7
-583.6
-539.9
-484.1
-460.1
-416.4
-384.3
-371.5
-352.9
-309.1
-200.6
38.17
344.7
607.6
721.2
1008
1225
1470
1773
2171
2552
2825
1624
1408
782.1
389.2
61.22
-188
-384.4
-526.4
-632.1
-708.4
-760.8
-797.6
-829.1
-846.8
-855
-855.6
-850.6
-846.6
-842.9
-835.9
-827.3
-818.6
-810.6
-808.5
-804
-797.4
-789
-779.1
-766.4
-746.3
-714.1
-670.3
-615.6
-553.3
-485
-419.2
-362.8
-302.6
-221.4
-183
-175.8
-162.6
-173.3
-178.6
-148.8
-34.91
226.9
588.8
912.4
1037
1305
1537
1808
2158
2557
2930
3185
1611
1461
896.6
533.3
217.5
-27.92
-219.7
-358.1
-459.9
-531.4
-578.1
-608.5
-632.3
-642.8
-643.8
-637.2
-625
-613.5
-602.3
-588.3
-573.2
-558.7
-546
-539.3
-532
-524.8
-518.1
-512.4
-506.6
-496.4
-476.4
-445.7
-403.1
-349.9
-287.7
-222.7
-159.3
-73.78
36.72
85.65
92.46
80.46
46.29
20.05
39.59
151
422.8
839.8
1236
1386
1614
1866
2173
2549
2942
3283
3496
-3464
-3496
-3565
-3667
-3761
-3843
-3898
-3920
-3863
-3678
-3395
-3067
-2759
-2490
-2286
-2530
-2649
-2719
-2707
-2662
-2649
-2702
-2764
-2687
-2490
-2181
-1823
-1467
-1233
-1406
-1740
-1878
-1924
-1860
-1703
-1480
-1225
-984.7
-720.2
-439.6
-121.6
135.4
-385.3
-706.3
-1382
-1769
-2102
-2375
-2610
-2800
-2951
-3070
-3160
-3229
-3296
-3350
-3395
-3435
-3468
-3537
-3638
-3733
-3816
-3876
-3903
-3856
-3681
-3406
-3079
-2758
-2496
-2209
-2445
-2595
-2686
-2688
-2643
-2607
-2642
-2721
-2678
-2525
-2251
-1912
-1575
-1291
-1302
-1636
-1796
-1863
-1822
-1687
-1479
-1231
-987.3
-717.8
-429
-99.12
172.6
-319.7
-646
-1317
-1703
-2038
-2313
-2552
-2747
-2903
-3026
-3120
-3193
-3261
-3317
-3363
-3404
-3439
-3507
-3606
-3700
-3784
-3847
-3879
-3843
-3683
-3419
-3098
-2772
-2514
-2189
-2341
-2532
-2640
-2659
-2613
-2556
-2558
-2655
-2643
-2541
-2313
-2004
-1679
-1396
-1241
-1496
-1690
-1774
-1759
-1649
-1462
-1225
-980.4
-706.7
-410.3
-68.28
216.7
-253.5
-585.2
-1250
-1637
-1972
-2249
-2493
-2692
-2853
-2981
-3079
-3155
-3226
-3283
-3330
-3372
-3407
-3473
-3570
-3662
-3746
-3811
-3848
-3824
-3680
-3432
-3119
-2791
-2517
-2187
-2243
-2464
-2584
-2620
-2573
-2499
-2453
-2566
-2578
-2529
-2358
-2095
-1793
-1533
-1325
-1376
-1587
-1669
-1666
-1579
-1417
-1197
-954.1
-679.1
-377.6
-26.17
268.9
-187.2
-524.5
-1183
-1570
-1905
-2184
-2432
-2635
-2801
-2934
-3037
-3116
-3189
-3247
-3296
-3337
-3372
-3437
-3529
-3619
-3702
-3769
-3810
-3798
-3672
-3443
-3142
-2817
-2523
-2203
-2148
-2384
-2516
-2570
-2527
-2440
-2332
-2454
-2482
-2481
-2372
-2168
-1902
-1645
-1452
-1345
-1463
-1562
-1564
-1488
-1344
-1141
-903.2
-631
-329.5
25.9
326.3
-120.7
-463.7
-1114
-1500
-1836
-2115
-2367
-2576
-2747
-2885
-2994
-3078
-3153
-3214
-3264
-3306
-3341
-3402
-3490
-3575
-3655
-3721
-3764
-3762
-3656
-3448
-3166
-2849
-2544
-2252
-2029
-2263
-2421
-2498
-2469
-2380
-2201
-2324
-2353
-2386
-2339
-2204
-1994
-1764
-1579
-1466
-1383
-1455
-1443
-1373
-1246
-1060
-831.2
-565.5
-267.9
85.5
386.4
-54.26
-402.5
-1045
-1429
-1763
-2042
-2299
-2512
-2689
-2833
-2947
-3036
-3115
-3178
-3229
-3272
-3307
-3365
-3447
-3527
-3603
-3667
-3711
-3719
-3632
-3447
-3187
-2885
-2583
-2296
-2049
-2133
-2320
-2413
-2404
-2318
-2089
-2182
-2206
-2255
-2256
-2188
-2045
-1859
-1690
-1563
-1502
-1426
-1389
-1259
-1120
-945.3
-722.8
-466.6
-180
162.2
453.2
11.62
-341.5
-974.1
-1356
-1688
-1966
-2226
-2443
-2624
-2774
-2893
-2988
-3070
-3136
-3189
-3233
-3268
-3322
-3399
-3474
-3545
-3607
-3652
-3669
-3601
-3442
-3207
-2924
-2630
-2332
-2104
-1989
-2195
-2315
-2337
-2262
-2054
-2026
-2052
-2098
-2129
-2119
-2047
-1920
-1785
-1657
-1630
-1464
-1385
-1198
-1010
-815.8
-599.1
-349.8
-75.44
244
515.4
76.96
-280.5
-903.4
-1282
-1611
-1888
-2149
-2369
-2554
-2708
-2833
-2933
-3019
-3088
-3143
-3188
-3223
-3274
-3345
-3415
-3482
-3541
-3585
-3611
-3560
-3427
-3219
-2959
-2679
-2379
-2148
-1973
-2061
-2210
-2258
-2200
-2016
-1883
-1903
-1935
-1977
-2006
-1995
-1937
-1855
-1765
-1761
-1580
-1411
-1181
-920.1
-705.9
-483
-243
16.26
307.1
545.2
141.5
-220.4
-833.9
-1209
-1534
-1808
-2070
-2292
-2480
-2638
-2768
-2872
-2962
-3034
-3092
-3138
-3173
-3221
-3287
-3351
-3413
-3468
-3511
-3542
-3508
-3399
-3219
-2985
-2723
-2432
-2196
-2033
-1919
-2089
-2166
-2135
-1988
-1768
-1767
-1788
-1828
-1876
-1910
-1914
-1894
-1868
-1884
-1658
-1461
-1149
-851.8
-616.2
-394
-160
75.96
335
528.1
206.3
-160
-764.8
-1136
-1456
-1726
-1988
-2210
-2400
-2561
-2694
-2804
-2897
-2973
-3033
-3080
-3116
-3162
-3222
-3281
-3337
-3388
-3428
-3463
-3443
-3357
-3206
-3001
-2763
-2486
-2251
-2079
-1969
-1964
-2071
-2068
-1969
-1742
-1656
-1673
-1702
-1752
-1809
-1856
-1890
-1942
-1950
-1687
-1462
-1088
-787.8
-552.9
-331.2
-115.7
96.5
318.2
470
270.9
-100.3
-699.6
-1067
-1383
-1649
-1908
-2129
-2319
-2481
-2617
-2730
-2827
-2906
-2969
-3018
-3055
-3099
-3155
-3209
-3260
-3306
-3342
-3377
-3365
-3295
-3167
-2988
-2773
-2515
-2287
-2110
-1995
-1921
-1976
-1998
-1939
-1763
-1614
-1618
-1640
-1690
-1760
-1833
-1907
-2019
-1915
-1704
-1362
-1000
-724.9
-507.6
-295.8
-100.6
96.12
300
451.7
333.4
-41.47
-636.1
-999.7
-1311
-1571
-1827
-2045
-2234
-2397
-2534
-2649
-2750
-2831
-2896
-2948
-2986
-3028
-3081
-3130
-3176
-3217
-3249
-3284
-3278
-3224
-3118
-2964
-2774
-2536
-2318
-2141
-2017
-1947
-1880
-1948
-1923
-1810
-1631
-1583
-1601
-1644
-1717
-1807
-1937
-1989
-1795
-1562
-1196
-896.1
-662.2
-458.6
-271.6
-84.79
102.9
321
470.2
397.6
19.51
-572.2
-932.3
-1238
-1493
-1745
-1959
-2146
-2307
-2445
-2562
-2665
-2749
-2816
-2869
-2908
-2949
-2998
-3043
-3084
-3121
-3149
-3182
-3182
-3140
-3053
-2923
-2757
-2542
-2336
-2163
-2036
-1958
-1918
-1884
-1926
-1868
-1736
-1589
-1589
-1624
-1694
-1796
-1862
-1746
-1611
-1304
-1013
-780.3
-586.1
-416.1
-252.4
-76.05
125.2
337.5
492.1
464
83.35
-507.5
-864.7
-1166
-1415
-1662
-1871
-2054
-2214
-2351
-2468
-2573
-2658
-2727
-2781
-2821
-2861
-2907
-2948
-2985
-3018
-3042
-3073
-3076
-3044
-2973
-2864
-2721
-2529
-2339
-2172
-2046
-1970
-1938
-1908
-1921
-1922
-1835
-1725
-1630
-1575
-1605
-1627
-1614
-1509
-1285
-1040
-833.7
-662.3
-518.7
-391.8
-251
-74.44
124.7
342
483.9
535.5
151.3
-442.4
-798.3
-1095
-1339
-1580
-1783
-1962
-2117
-2252
-2368
-2473
-2559
-2629
-2684
-2725
-2764
-2807
-2845
-2879
-2907
-2928
-2956
-2960
-2935
-2877
-2785
-2663
-2493
-2320
-2163
-2040
-1963
-1926
-1937
-1909
-1948
-1877
-1769
-1671
-1585
-1512
-1432
-1314
-1149
-958
-782.9
-636.7
-524.7
-438.9
-358.6
-249.6
-79.19
104.4
315.2
515.6
615.7
226.9
-374.2
-730.3
-1024
-1261
-1496
-1692
-1864
-2014
-2145
-2259
-2364
-2449
-2519
-2575
-2617
-2657
-2698
-2733
-2763
-2788
-2805
-2830
-2834
-2813
-2764
-2686
-2582
-2433
-2277
-2132
-2014
-1938
-1903
-1933
-1908
-1929
-1862
-1731
-1602
-1468
-1334
-1190
-1035
-868.2
-706.5
-571
-471.8
-408.2
-368.8
-323.1
-225.4
-71.97
102.4
334.8
684.7
704.7
310.4
-306.2
-667.4
-961.1
-1196
-1424
-1613
-1777
-1920
-2044
-2152
-2253
-2336
-2404
-2458
-2500
-2539
-2578
-2611
-2639
-2661
-2676
-2697
-2701
-2683
-2640
-2573
-2483
-2351
-2210
-2076
-1963
-1889
-1853
-1878
-1868
-1864
-1794
-1630
-1474
-1309
-1140
-969.6
-799.3
-635.2
-493.6
-387.9
-323.9
-297.2
-276.6
-228.9
-118.4
34.26
254.3
619.8
985.9
796.5
398.7
-234.1
-600.8
-895.2
-1127
-1349
-1530
-1686
-1821
-1937
-2040
-2136
-2215
-2279
-2332
-2372
-2409
-2446
-2476
-2501
-2521
-2534
-2553
-2556
-2541
-2504
-2447
-2369
-2253
-2126
-2001
-1893
-1818
-1779
-1796
-1815
-1800
-1719
-1525
-1344
-1155
-961.2
-768.9
-588.3
-428.1
-307
-234.3
-215.2
-186.1
-140.4
-63.97
71.28
301.7
657.9
1045
1353
897.8
498.3
-151.5
-525.1
-821.6
-1052
-1268
-1441
-1589
-1716
-1825
-1920
-2011
-2085
-2145
-2194
-2232
-2267
-2301
-2329
-2352
-2369
-2380
-2396
-2399
-2386
-2355
-2305
-2238
-2136
-2021
-1905
-1801
-1726
-1682
-1695
-1739
-1721
-1622
-1410
-1213
-1008
-799.2
-595.9
-414.5
-271.2
-191.5
-182.3
-179.1
-114
-47.55
104.4
360.9
704.3
1063
1409
1693
1007
608.6
-58.65
-440.7
-740.9
-970.3
-1181
-1348
-1488
-1607
-1707
-1794
-1878
-1946
-2002
-2046
-2080
-2112
-2144
-2169
-2189
-2203
-2213
-2227
-2230
-2218
-2191
-2148
-2090
-2000
-1896
-1787
-1687
-1611
-1563
-1574
-1630
-1616
-1502
-1288
-1089
-879.3
-667
-465.3
-298.1
-194.8
-199
-246.4
-232.3
-132.3
27.9
300.9
641.7
992.6
1341
1676
1942
1126
731.3
46.23
-345.8
-651.5
-881.4
-1088
-1247
-1379
-1489
-1580
-1659
-1736
-1797
-1846
-1885
-1915
-1944
-1972
-1994
-2011
-2024
-2032
-2045
-2047
-2037
-2013
-1976
-1926
-1846
-1752
-1650
-1553
-1474
-1420
-1424
-1472
-1466
-1353
-1157
-972.6
-774.3
-575
-390.4
-254.2
-215.5
-259.5
-286.2
-228
-74.12
159.1
472.5
836.5
1190
1526
1844
2086
1250
867
166.2
-236.9
-550
-782.6
-984.8
-1138
-1263
-1364
-1446
-1516
-1584
-1637
-1679
-1712
-1737
-1761
-1786
-1804
-1818
-1829
-1836
-1848
-1850
-1842
-1822
-1791
-1747
-1679
-1594
-1499
-1405
-1323
-1259
-1243
-1261
-1253
-1171
-1004
-848.9
-680.7
-512.6
-360.9
-256.5
-235.7
-233.5
-203.4
-110.2
61.41
304
607.3
961.1
1305
1620
1926
2156
1369
1011
302.6
-110.8
-433.4
-671.7
-872.2
-1022
-1140
-1233
-1306
-1366
-1425
-1468
-1502
-1527
-1545
-1563
-1583
-1597
-1608
-1615
-1621
-1632
-1635
-1629
-1614
-1589
-1554
-1498
-1424
-1338
-1248
-1164
-1090
-1047
-1042
-1014
-975.3
-836.9
-711.2
-582.1
-450.1
-331
-244.7
-192.9
-135.5
-67.28
45.42
212.3
442.9
718.6
1060
1404
1718
2028
2268
1473
1154
453.5
36.18
-293.8
-537.9
-737.3
-883.6
-996.9
-1083
-1148
-1200
-1250
-1285
-1310
-1327
-1338
-1351
-1365
-1374
-1380
-1384
-1387
-1397
-1400
-1396
-1385
-1366
-1339
-1294
-1231
-1155
-1070
-985.8
-906.7
-851.4
-830.2
-787.1
-780.1
-663.1
-569
-476.2
-375.5
-279.5
-195
-98.64
5.59
96.97
236.5
401.7
623.8
885.5
1221
1573
1894
2212
2467
1560
1292
618.5
205.8
-128
-377.7
-576.6
-721.2
-831.1
-912.7
-971.5
-1016
-1058
-1085
-1103
-1112
-1116
-1122
-1130
-1133
-1135
-1135
-1135
-1143
-1145
-1143
-1135
-1122
-1102
-1068
-1017
-950.9
-873.3
-791.7
-710.1
-645.3
-609.8
-560.5
-559.4
-474
-414.4
-350.6
-282.7
-203.8
-107.3
40.5
190.3
288.3
471.1
647.9
863
1113
1450
1817
2159
2471
2718
1664
1460
834.5
435.9
100.6
-156.5
-357.6
-503.7
-613.4
-693.4
-749
-789.3
-824.7
-846
-857.7
-861.7
-860
-860.2
-861.6
-859.4
-855.6
-851.7
-848.3
-852.3
-853.1
-850.7
-845.3
-836.9
-824.5
-801.4
-762.7
-709.3
-642.5
-567.6
-489
-422
-374.6
-319.8
-300.9
-259
-228.1
-192.1
-149.9
-85
25.35
227.2
432
544.6
762.5
963.4
1159
1406
1761
2146
2478
2775
3008
1640
1508
953.9
589.8
268.1
14.08
-183.6
-327.3
-434.1
-510.3
-561.2
-595.7
-624
-638.5
-643.5
-640.6
-632.1
-625.2
-619.3
-610.3
-600.2
-590.8
-582.9
-582.3
-580.3
-577.3
-573.9
-570.3
-565.1
-553
-527.6
-488
-433.2
-365.9
-290
-218.4
-153.4
-74.97
-37.65
-32.64
-20.51
-16.85
1.621
56.42
179.9
433
702.2
847.7
1057
1291
1466
1703
2073
2451
2773
3049
3261
-3535
-3645
-3749
-3841
-3909
-3944
-3906
-3734
-3458
-3129
-2815
-2552
-2317
-2575
-2706
-2781
-2758
-2692
-2606
-2666
-2730
-2693
-2537
-2255
-1912
-1588
-1319
-1380
-1743
-1877
-1925
-1864
-1711
-1492
-1241
-1003
-742.5
-464.6
-148.6
121.3
-321.8
-651.4
-1333
-1723
-2060
-2335
-2573
-2764
-2916
-3034
-3123
-3191
-3258
-3312
-3358
-3399
-3434
-3508
-3617
-3720
-3814
-3886
-3926
-3898
-3737
-3469
-3143
-2819
-2566
-2255
-2490
-2657
-2750
-2738
-2667
-2551
-2591
-2672
-2666
-2554
-2306
-1984
-1665
-1393
-1356
-1689
-1831
-1884
-1835
-1694
-1485
-1238
-997.8
-733.3
-449.3
-123.4
161.6
-257.9
-592.9
-1269
-1660
-1998
-2276
-2518
-2714
-2870
-2993
-3086
-3157
-3226
-3281
-3328
-3370
-3406
-3478
-3584
-3687
-3781
-3856
-3902
-3884
-3738
-3482
-3161
-2833
-2576
-2246
-2396
-2602
-2710
-2711
-2634
-2493
-2494
-2592
-2614
-2550
-2349
-2061
-1760
-1532
-1385
-1614
-1774
-1822
-1782
-1657
-1462
-1222
-979.6
-711.6
-421.3
-84.52
214.2
-193.3
-533.9
-1204
-1596
-1935
-2214
-2461
-2661
-2823
-2951
-3049
-3123
-3194
-3250
-3298
-3340
-3376
-3446
-3549
-3650
-3743
-3820
-3870
-3864
-3735
-3494
-3182
-2852
-2578
-2249
-2307
-2542
-2661
-2676
-2595
-2435
-2379
-2492
-2535
-2520
-2374
-2133
-1858
-1647
-1489
-1575
-1729
-1749
-1706
-1592
-1412
-1183
-940.8
-670.8
-375.6
-29.45
280.4
-128.6
-474.8
-1138
-1530
-1870
-2151
-2402
-2607
-2774
-2907
-3009
-3087
-3160
-3217
-3266
-3308
-3343
-3410
-3509
-3607
-3699
-3777
-3830
-3837
-3726
-3504
-3205
-2878
-2585
-2267
-2219
-2471
-2601
-2635
-2554
-2383
-2254
-2375
-2429
-2458
-2372
-2187
-1950
-1745
-1637
-1532
-1681
-1678
-1620
-1507
-1337
-1119
-878
-608.7
-311.8
39.87
356.3
-63.83
-415.4
-1071
-1463
-1802
-2085
-2340
-2551
-2723
-2862
-2970
-3053
-3128
-3188
-3238
-3280
-3315
-3379
-3472
-3565
-3653
-3729
-3784
-3800
-3707
-3507
-3225
-2908
-2604
-2315
-2106
-2361
-2516
-2574
-2504
-2339
-2133
-2245
-2298
-2358
-2330
-2210
-2025
-1847
-1752
-1671
-1672
-1615
-1518
-1399
-1237
-1030
-793.7
-528.1
-233.3
117.8
433.7
0.5508
-355.7
-1003
-1393
-1731
-2014
-2274
-2489
-2667
-2812
-2926
-3015
-3093
-3156
-3207
-3250
-3285
-3345
-3432
-3519
-3603
-3677
-3731
-3756
-3680
-3503
-3243
-2940
-2638
-2355
-2115
-2244
-2429
-2505
-2455
-2306
-2020
-2105
-2155
-2231
-2249
-2193
-2070
-1931
-1843
-1800
-1695
-1626
-1433
-1278
-1111
-912.6
-681.5
-422.8
-137.1
203.3
506.3
64.03
-296.2
-934.3
-1321
-1658
-1940
-2202
-2422
-2605
-2756
-2875
-2970
-3052
-3117
-3170
-3214
-3249
-3305
-3387
-3468
-3547
-3618
-3672
-3705
-3648
-3494
-3259
-2974
-2681
-2388
-2166
-2110
-2328
-2427
-2410
-2278
-1981
-1959
-2010
-2085
-2137
-2138
-2082
-1997
-1938
-1939
-1755
-1653
-1375
-1171
-982.4
-778.1
-553.7
-304.4
-33.77
281.2
555.9
126.7
-236.8
-865.1
-1249
-1582
-1862
-2127
-2350
-2537
-2693
-2818
-2918
-3004
-3073
-3128
-3172
-3207
-3260
-3336
-3412
-3485
-3553
-3606
-3645
-3605
-3477
-3268
-3005
-2723
-2424
-2207
-2046
-2223
-2344
-2359
-2248
-1977
-1831
-1877
-1940
-2008
-2053
-2061
-2041
-2036
-2079
-1847
-1673
-1340
-1080
-862
-652.6
-432.1
-199
46.92
323.7
553.3
188.2
-178.2
-797.1
-1177
-1506
-1784
-2049
-2274
-2464
-2624
-2755
-2860
-2950
-3022
-3079
-3125
-3160
-3210
-3281
-3350
-3419
-3481
-3532
-3577
-3552
-3447
-3266
-3027
-2763
-2470
-2250
-2108
-2090
-2250
-2299
-2217
-1998
-1738
-1755
-1813
-1887
-1962
-2022
-2068
-2139
-2196
-1925
-1676
-1284
-993.9
-762.2
-549.7
-342.2
-130.6
78.65
308.8
483
249.9
-119.3
-729.4
-1105
-1429
-1703
-1968
-2192
-2385
-2548
-2683
-2793
-2888
-2963
-3024
-3071
-3107
-3154
-3219
-3283
-3346
-3404
-3451
-3498
-3486
-3404
-3251
-3040
-2797
-2517
-2292
-2144
-2043
-2163
-2235
-2191
-2039
-1760
-1660
-1718
-1785
-1873
-1968
-2065
-2212
-2198
-1985
-1604
-1210
-923.4
-689
-487.6
-298.3
-120.1
48.87
229.7
347.7
311.5
-61.02
-665.8
-1037
-1357
-1626
-1888
-2112
-2305
-2469
-2607
-2721
-2820
-2899
-2962
-3012
-3049
-3095
-3156
-3215
-3272
-3324
-3367
-3413
-3409
-3341
-3210
-3025
-2804
-2539
-2319
-2166
-2084
-2056
-2168
-2154
-2050
-1834
-1651
-1681
-1748
-1845
-1965
-2108
-2266
-2065
-1883
-1465
-1117
-862.3
-641.2
-463.6
-299.1
-152.5
-14.76
128.8
219.2
370.9
-3.689
-604
-971.1
-1285
-1548
-1808
-2028
-2220
-2385
-2525
-2642
-2744
-2826
-2892
-2944
-2983
-3028
-3084
-3139
-3190
-3238
-3276
-3322
-3323
-3271
-3161
-3000
-2802
-2556
-2341
-2184
-2098
-2042
-2108
-2134
-2067
-1927
-1724
-1658
-1725
-1825
-1966
-2143
-2134
-1999
-1664
-1303
-1026
-801.1
-611.1
-456.8
-321.3
-192.2
-84.32
54.4
206.2
432.2
56.04
-541.6
-904.7
-1213
-1471
-1725
-1942
-2132
-2296
-2436
-2555
-2660
-2745
-2814
-2868
-2908
-2951
-3005
-3055
-3102
-3144
-3179
-3222
-3228
-3188
-3097
-2959
-2785
-2558
-2353
-2195
-2100
-2071
-2029
-2123
-2086
-1990
-1850
-1715
-1698
-1810
-1932
-1967
-1929
-1715
-1402
-1143
-930.2
-748.1
-595.6
-470.2
-352.7
-249.5
-138
57.47
371.3
496.3
119
-478.1
-838
-1141
-1393
-1642
-1854
-2040
-2202
-2342
-2462
-2568
-2656
-2726
-2782
-2823
-2866
-2916
-2963
-3005
-3044
-3074
-3115
-3124
-3093
-3018
-2901
-2749
-2543
-2350
-2196
-2100
-2073
-2049
-2095
-2114
-2027
-1925
-1822
-1766
-1756
-1772
-1746
-1609
-1396
-1183
-997.3
-841.8
-712.4
-602.6
-505
-399.9
-299.8
-136.8
168.5
553.1
566.6
186.7
-413.8
-772.3
-1071
-1317
-1560
-1766
-1947
-2105
-2243
-2362
-2469
-2557
-2629
-2686
-2729
-2771
-2819
-2862
-2901
-2935
-2961
-2999
-3009
-2985
-2924
-2824
-2692
-2508
-2329
-2180
-2083
-2049
-2065
-2065
-2114
-2023
-1925
-1820
-1728
-1647
-1566
-1453
-1303
-1135
-972.5
-841.9
-745.4
-675.2
-612
-529.7
-443.5
-306.7
-74.67
312.8
694.1
646.9
262.8
-345.8
-704.5
-999.6
-1239
-1475
-1674
-1848
-2002
-2135
-2252
-2360
-2448
-2521
-2579
-2623
-2666
-2712
-2752
-2788
-2818
-2840
-2874
-2884
-2865
-2813
-2729
-2614
-2450
-2285
-2144
-2047
-2012
-2044
-2016
-2062
-1982
-1867
-1748
-1626
-1501
-1372
-1229
-1074
-921.7
-792.5
-704.3
-654.6
-626.1
-594.8
-528.6
-421.9
-222.2
61.33
480.1
860.2
737.8
348.3
-277.6
-641.8
-937.4
-1174
-1403
-1594
-1761
-1907
-2033
-2145
-2249
-2335
-2406
-2463
-2507
-2549
-2594
-2632
-2665
-2693
-2713
-2743
-2753
-2737
-2692
-2619
-2519
-2372
-2220
-2086
-1989
-1949
-1969
-1962
-1971
-1899
-1751
-1610
-1463
-1313
-1161
-1007
-855.7
-720.5
-620.3
-564.9
-547.9
-548.8
-525.3
-445.8
-299.9
-42.17
334.9
752
1105
832.9
439.2
-204.7
-575
-871.6
-1105
-1328
-1511
-1670
-1807
-1926
-2032
-2131
-2213
-2281
-2336
-2379
-2420
-2463
-2498
-2529
-2554
-2572
-2600
-2609
-2596
-2558
-2495
-2408
-2277
-2138
-2010
-1913
-1866
-1870
-1891
-1884
-1813
-1635
-1470
-1300
-1127
-955
-789.9
-640.8
-520.1
-444.3
-415.5
-423.9
-415.6
-376.6
-272.5
-33.84
337.5
732.1
1097
1427
939
542.4
-120.4
-498.7
-797.9
-1030
-1247
-1423
-1573
-1702
-1813
-1912
-2006
-2083
-2147
-2199
-2240
-2279
-2319
-2352
-2380
-2403
-2418
-2444
-2453
-2442
-2410
-2355
-2280
-2164
-2036
-1915
-1817
-1764
-1757
-1798
-1782
-1708
-1508
-1324
-1135
-942.7
-756.6
-585.7
-443.6
-345.4
-305.8
-300.1
-276.3
-228
-150.8
64.31
419.6
785.8
1118
1454
1755
1054
657.2
-25.01
-412.9
-716.7
-948.4
-1161
-1329
-1472
-1592
-1695
-1786
-1873
-1945
-2003
-2051
-2088
-2124
-2161
-2192
-2217
-2237
-2251
-2274
-2283
-2274
-2247
-2200
-2135
-2032
-1915
-1799
-1701
-1642
-1626
-1678
-1657
-1580
-1371
-1178
-978.2
-773.8
-579.8
-411.2
-288.4
-241.8
-251.6
-227.5
-171.9
-99.02
107.8
445.1
797.2
1116
1426
1744
2016
1179
784.9
83.29
-316.1
-626.2
-859.1
-1067
-1229
-1363
-1475
-1568
-1650
-1731
-1795
-1848
-1890
-1923
-1956
-1990
-2017
-2040
-2058
-2070
-2091
-2099
-2092
-2069
-2029
-1973
-1882
-1774
-1664
-1565
-1498
-1473
-1515
-1491
-1422
-1222
-1034
-837
-632.7
-443.3
-291.1
-213.7
-250.3
-295.3
-250.9
-156.4
30.5
351.1
701.9
1033
1333
1620
1920
2175
1309
925.7
207.6
-204.2
-522.8
-759.2
-963.8
-1119
-1246
-1349
-1434
-1506
-1578
-1635
-1680
-1717
-1745
-1774
-1803
-1827
-1847
-1862
-1874
-1893
-1901
-1896
-1877
-1844
-1796
-1717
-1620
-1515
-1416
-1340
-1297
-1308
-1267
-1229
-1052
-884.3
-705.8
-520
-351.8
-230.1
-211.3
-277.3
-305
-232.7
-78.9
169.3
506.2
850.1
1158
1442
1714
2015
2278
1430
1073
348.7
-74.32
-403.6
-646.9
-850.2
-1002
-1122
-1218
-1293
-1356
-1419
-1466
-1503
-1531
-1553
-1576
-1601
-1620
-1635
-1648
-1658
-1677
-1685
-1683
-1669
-1643
-1605
-1539
-1454
-1357
-1260
-1176
-1112
-1091
-1024
-1018
-868.6
-727.5
-573.4
-414.6
-271.3
-176.3
-185.5
-223.9
-220.1
-138.4
33.83
282.5
610.7
944.7
1242
1527
1803
2122
2410
1531
1216
503.8
76.97
-260.5
-510.7
-713.6
-862.5
-978.6
-1068
-1136
-1190
-1244
-1283
-1311
-1332
-1346
-1363
-1382
-1396
-1407
-1416
-1424
-1441
-1449
-1449
-1440
-1421
-1391
-1339
-1266
-1179
-1084
-996.4
-921.7
-881.4
-823
-810.7
-692.1
-569.6
-438.7
-302.4
-178.2
-101.2
-108.9
-115.3
-88.31
0.3492
180
421.9
748.3
1088
1382
1670
1950
2281
2590
1609
1350
671.8
251.5
-89.99
-346.7
-549.9
-697.9
-811.1
-895.9
-957.7
-1005
-1051
-1082
-1103
-1117
-1124
-1134
-1147
-1155
-1161
-1167
-1171
-1185
-1194
-1195
-1190
-1177
-1157
-1117
-1057
-980.8
-892.6
-803.5
-721.5
-664.5
-612.2
-596.6
-505.4
-404
-298
-180.7
-74.12
-3.382
21.75
44.5
95.25
198.4
373.2
610
935.7
1279
1578
1872
2164
2497
2812
1696
1507
887.1
485.1
143.4
-121.3
-327.6
-477.9
-591.8
-675.6
-734.7
-778.5
-818.2
-843.3
-858.7
-866.3
-868
-872.7
-879.3
-882
-883
-883.9
-885
-895.4
-901.6
-903.5
-901.1
-894.1
-881.6
-855
-809.3
-746.4
-668.7
-584
-500.5
-433.4
-378.1
-355.4
-297.2
-218.8
-135.9
-37.72
57.78
139.5
210.7
260.1
342.1
473.5
636.9
867.6
1187
1533
1844
2141
2425
2750
3064
1655
1541
1007
645.9
320.4
58.65
-144.8
-293.8
-405.8
-486.8
-542
-580.8
-613.8
-632.6
-641.7
-642.7
-638
-635.9
-635.3
-631.5
-626.5
-622
-619
-624.6
-628
-629.6
-629.5
-627.8
-623.3
-609
-578
-529.6
-463.7
-384.8
-300.6
-224.1
-153.9
-108.4
-76.45
-25.33
39.42
116.3
206.2
313.7
436
515
612
783.8
940.1
1162
1460
1798
2111
2392
2664
2981
3292
-3730
-3833
-3914
-3963
-3944
-3789
-3521
-3194
-2875
-2621
-2346
-2613
-2757
-2835
-2798
-2705
-2541
-2594
-2673
-2679
-2573
-2326
-2007
-1705
-1450
-1454
-1799
-1896
-1926
-1859
-1708
-1495
-1249
-1018
-764
-492.2
-179.7
102.5
-253.4
-591.5
-1278
-1674
-2014
-2292
-2532
-2724
-2877
-2995
-3083
-3149
-3217
-3271
-3317
-3359
-3396
-3474
-3589
-3701
-3805
-3889
-3944
-3935
-3792
-3533
-3209
-2883
-2636
-2312
-2531
-2716
-2810
-2781
-2677
-2478
-2508
-2604
-2637
-2571
-2358
-2063
-1774
-1563
-1473
-1794
-1880
-1900
-1833
-1687
-1480
-1238
-1005
-749.7
-474.2
-153.6
143.3
-191.5
-535.3
-1216
-1613
-1954
-2235
-2479
-2676
-2834
-2957
-3049
-3119
-3187
-3242
-3289
-3331
-3368
-3444
-3557
-3667
-3771
-3858
-3918
-3921
-3792
-3546
-3228
-2898
-2640
-2305
-2452
-2671
-2777
-2759
-2644
-2417
-2402
-2515
-2572
-2550
-2382
-2123
-1857
-1696
-1565
-1792
-1860
-1856
-1785
-1646
-1448
-1211
-977.3
-720.4
-440.3
-109.9
200.6
-129
-478.3
-1153
-1550
-1893
-2175
-2424
-2626
-2789
-2917
-3014
-3087
-3157
-3213
-3260
-3303
-3339
-3412
-3522
-3629
-3733
-3821
-3885
-3900
-3787
-3557
-3248
-2917
-2642
-2314
-2374
-2621
-2738
-2733
-2610
-2363
-2284
-2411
-2483
-2505
-2389
-2175
-1940
-1801
-1699
-1823
-1849
-1801
-1716
-1579
-1392
-1163
-928.9
-670.9
-386.7
-47.12
274.9
-66.37
-421.2
-1089
-1487
-1830
-2115
-2368
-2575
-2743
-2876
-2977
-3054
-3126
-3183
-3230
-3272
-3308
-3378
-3482
-3587
-3688
-3777
-3843
-3871
-3777
-3566
-3270
-2943
-2651
-2336
-2295
-2562
-2689
-2703
-2579
-2325
-2163
-2294
-2372
-2432
-2371
-2212
-2018
-1894
-1863
-1848
-1837
-1742
-1635
-1494
-1312
-1092
-857.9
-600.3
-314.3
31.01
359.4
-3.8
-363.6
-1025
-1421
-1765
-2051
-2309
-2521
-2695
-2834
-2941
-3023
-3098
-3157
-3206
-3247
-3282
-3348
-3447
-3546
-3643
-3730
-3797
-3833
-3756
-3566
-3288
-2970
-2668
-2382
-2191
-2467
-2617
-2656
-2544
-2300
-2055
-2171
-2245
-2332
-2323
-2224
-2081
-1982
-1992
-1893
-1857
-1674
-1536
-1385
-1208
-996.6
-766.3
-512.1
-229
115.2
440.5
58.09
-305.9
-958.6
-1354
-1696
-1983
-2245
-2462
-2642
-2787
-2900
-2988
-3066
-3128
-3178
-3221
-3255
-3318
-3410
-3504
-3596
-3679
-3745
-3788
-3727
-3559
-3302
-2999
-2697
-2419
-2185
-2366
-2546
-2604
-2513
-2296
-1959
-2038
-2113
-2215
-2251
-2212
-2126
-2063
-2113
-1959
-1905
-1620
-1432
-1260
-1080
-877.3
-653.2
-407.1
-134.5
197.2
505.7
118.8
-248.3
-891.8
-1284
-1624
-1910
-2176
-2397
-2582
-2733
-2853
-2947
-3029
-3093
-3145
-3188
-3223
-3281
-3368
-3455
-3541
-3622
-3686
-3736
-3693
-3548
-3315
-3030
-2737
-2452
-2235
-2254
-2469
-2548
-2493
-2304
-1936
-1900
-1983
-2087
-2158
-2175
-2153
-2142
-2234
-2058
-1938
-1567
-1330
-1132
-942.1
-742.8
-529
-297.4
-45
258.7
534.2
178.5
-190.7
-824.6
-1213
-1551
-1835
-2102
-2327
-2517
-2673
-2799
-2898
-2984
-3052
-3107
-3150
-3184
-3240
-3320
-3401
-3482
-3558
-3621
-3676
-3649
-3528
-3321
-3056
-2775
-2479
-2282
-2135
-2381
-2486
-2469
-2306
-1963
-1795
-1870
-1965
-2058
-2125
-2167
-2219
-2362
-2145
-1931
-1510
-1232
-1010
-808.7
-615.5
-416.7
-209.4
11.09
273.4
502.8
236.9
-133.9
-758.6
-1143
-1477
-1758
-2026
-2253
-2446
-2607
-2738
-2843
-2933
-3005
-3062
-3107
-3141
-3193
-3268
-3343
-3418
-3489
-3548
-3608
-3595
-3496
-3315
-3075
-2809
-2517
-2315
-2177
-2283
-2423
-2439
-2311
-2033
-1729
-1764
-1863
-1971
-2077
-2180
-2315
-2456
-2227
-1869
-1431
-1137
-900.8
-699.1
-518.6
-345.6
-171.7
5.819
218.7
390.7
295.6
-76.62
-692.7
-1072
-1401
-1678
-1946
-2173
-2368
-2533
-2669
-2780
-2874
-2950
-3009
-3057
-3092
-3141
-3210
-3279
-3348
-3413
-3469
-3530
-3529
-3451
-3298
-3084
-2838
-2556
-2348
-2231
-2178
-2359
-2399
-2321
-2126
-1811
-1692
-1789
-1898
-2029
-2179
-2398
-2378
-2203
-1742
-1341
-1057
-823.7
-631.8
-476.7
-337.1
-206.3
-77.76
63.97
187.2
354.4
-19.6
-630.7
-1006
-1330
-1602
-1868
-2094
-2289
-2456
-2595
-2710
-2809
-2888
-2952
-3001
-3038
-3086
-3151
-3215
-3278
-3338
-3388
-3447
-3452
-3389
-3257
-3066
-2841
-2573
-2365
-2246
-2170
-2288
-2350
-2307
-2167
-1931
-1701
-1767
-1890
-2041
-2248
-2406
-2288
-2007
-1570
-1247
-986.7
-779.8
-611.7
-492.7
-394.2
-313.7
-258.6
-106.4
90.39
411.2
36.59
-570.5
-941.8
-1259
-1526
-1788
-2011
-2205
-2373
-2514
-2632
-2735
-2818
-2885
-2937
-2975
-3022
-3083
-3142
-3200
-3255
-3300
-3358
-3368
-3319
-3207
-3040
-2836
-2583
-2378
-2251
-2200
-2199
-2319
-2296
-2205
-2047
-1838
-1755
-1886
-2062
-2232
-2208
-2091
-1738
-1410
-1149
-930.4
-755.4
-626.1
-546.2
-499.6
-479.4
-358.8
-85.69
281.1
470.5
95.54
-509.3
-876.5
-1188
-1449
-1706
-1925
-2118
-2284
-2427
-2547
-2653
-2739
-2809
-2863
-2903
-2949
-3007
-3062
-3115
-3164
-3205
-3260
-3275
-3237
-3144
-2999
-2817
-2581
-2381
-2249
-2203
-2167
-2284
-2283
-2222
-2112
-1974
-1869
-1855
-1942
-2043
-1998
-1768
-1501
-1264
-1061
-891.9
-760.1
-671.4
-631.6
-634.4
-537.6
-317.3
113
513.7
533.1
158.2
-446.7
-810.6
-1117
-1371
-1623
-1838
-2026
-2191
-2333
-2454
-2563
-2652
-2723
-2780
-2822
-2867
-2922
-2973
-3021
-3066
-3103
-3155
-3172
-3144
-3066
-2941
-2780
-2563
-2371
-2238
-2184
-2190
-2229
-2286
-2217
-2128
-2022
-1928
-1883
-1861
-1812
-1683
-1504
-1314
-1139
-994.3
-879.1
-793.3
-740
-746.7
-692.5
-499
-150.1
338.1
706.1
603
226.3
-382.9
-745.4
-1047
-1296
-1542
-1750
-1933
-2095
-2234
-2355
-2465
-2555
-2628
-2686
-2730
-2775
-2828
-2875
-2920
-2960
-2992
-3041
-3059
-3038
-2973
-2866
-2725
-2527
-2345
-2214
-2154
-2186
-2154
-2263
-2177
-2092
-1992
-1887
-1795
-1705
-1599
-1459
-1298
-1146
-1021
-933.8
-875.6
-835.9
-823.7
-818.5
-618.6
-374.3
52.33
512.2
884.8
684.3
303.8
-314.5
-677.4
-975.7
-1218
-1457
-1657
-1835
-1991
-2127
-2246
-2356
-2447
-2521
-2581
-2626
-2672
-2723
-2768
-2809
-2846
-2874
-2918
-2936
-2919
-2865
-2773
-2649
-2470
-2299
-2169
-2106
-2135
-2124
-2188
-2116
-2014
-1907
-1792
-1676
-1556
-1424
-1277
-1128
-1002
-916.8
-875.7
-858.6
-840.6
-843.2
-750.5
-516.7
-170
249.9
673.2
1053
778.1
392
-245.1
-614.1
-913.2
-1152
-1385
-1577
-1747
-1895
-2024
-2139
-2246
-2334
-2407
-2466
-2512
-2558
-2607
-2651
-2690
-2724
-2749
-2789
-2806
-2793
-2746
-2665
-2555
-2392
-2232
-2105
-2035
-2042
-2054
-2074
-2022
-1884
-1758
-1627
-1496
-1362
-1223
-1081
-949.7
-851.6
-800.9
-795.1
-807
-809.4
-786.6
-585.6
-312.5
76.22
487.3
911.6
1277
877.3
486.3
-170.5
-546.6
-847.1
-1083
-1309
-1494
-1655
-1795
-1917
-2025
-2128
-2213
-2284
-2341
-2386
-2430
-2478
-2519
-2555
-2587
-2610
-2647
-2663
-2653
-2613
-2543
-2447
-2300
-2151
-2025
-1947
-1936
-1971
-1959
-1928
-1757
-1611
-1461
-1311
-1163
-1017
-877.1
-758.2
-680.3
-654.5
-673.2
-705.8
-705.6
-645.4
-368.3
20.92
435.6
814.4
1213
1539
988.5
593.7
-83.86
-468.9
-772.8
-1008
-1228
-1406
-1559
-1691
-1804
-1905
-2003
-2083
-2150
-2205
-2247
-2290
-2335
-2374
-2407
-2436
-2457
-2491
-2507
-2499
-2466
-2406
-2321
-2189
-2050
-1927
-1844
-1822
-1862
-1821
-1814
-1621
-1456
-1289
-1122
-959.4
-806.8
-670.4
-564.8
-506.8
-502
-527.6
-534
-518.8
-329.8
59.92
472.7
817.1
1166
1528
1815
1109
712.9
14.49
-381.3
-690.5
-926.1
-1142
-1312
-1457
-1580
-1686
-1779
-1870
-1944
-2006
-2057
-2096
-2136
-2179
-2214
-2245
-2271
-2290
-2322
-2337
-2332
-2304
-2252
-2179
-2061
-1931
-1811
-1722
-1688
-1722
-1677
-1674
-1472
-1296
-1117
-936.1
-761.8
-605.1
-475.6
-389
-362.1
-349
-326.6
-296.8
-191.2
128.7
527.8
860.6
1167
1481
1801
2075
1240
845.1
126.4
-282
-598.4
-835.9
-1047
-1211
-1348
-1462
-1558
-1643
-1727
-1795
-1851
-1896
-1932
-1969
-2008
-2040
-2068
-2091
-2108
-2138
-2152
-2149
-2126
-2082
-2018
-1913
-1793
-1676
-1581
-1534
-1551
-1510
-1502
-1311
-1134
-951.8
-765.8
-587.6
-434.7
-321
-275.3
-265.9
-206.7
-168
-95.39
141.6
512.2
849.2
1138
1413
1695
1982
2274
1373
989.5
254.8
-167
-492.8
-734.5
-942.4
-1100
-1230
-1336
-1423
-1499
-1574
-1634
-1683
-1723
-1754
-1787
-1822
-1851
-1875
-1896
-1912
-1939
-1954
-1952
-1933
-1897
-1843
-1751
-1641
-1528
-1428
-1365
-1351
-1298
-1288
-1125
-960.4
-789.7
-613.6
-446.3
-309.3
-227.8
-226.8
-229.8
-155.5
-95.61
84.43
388
726.6
1030
1288
1548
1823
2139
2465
1492
1138
399.6
-33.41
-370.7
-620.1
-827.4
-981.9
-1106
-1204
-1282
-1348
-1415
-1465
-1506
-1538
-1561
-1589
-1619
-1643
-1664
-1682
-1695
-1722
-1736
-1738
-1724
-1696
-1653
-1576
-1479
-1372
-1270
-1192
-1140
-1083
-1053
-926.4
-778.2
-625.9
-465.6
-314.7
-196.3
-147.4
-181.6
-184.5
-101.1
-0.4222
229.1
535.1
853.8
1141
1389
1656
1950
2313
2677
1585
1277
557.1
121.6
-224
-481.2
-688.5
-840.9
-960.4
-1053
-1124
-1182
-1239
-1282
-1314
-1338
-1355
-1376
-1400
-1419
-1435
-1449
-1461
-1485
-1499
-1503
-1495
-1475
-1442
-1380
-1296
-1198
-1097
-1008
-935.1
-875.5
-824.1
-738.9
-601.6
-461.2
-311.9
-172.1
-69.96
-55.9
-107.5
-91.62
-11.04
118.2
373.8
690.1
1003
1287
1529
1798
2105
2507
2907
1647
1401
725.2
299.6
-49.06
-313.2
-521.4
-673.4
-790.5
-879.1
-944.3
-995.6
-1045
-1080
-1105
-1122
-1132
-1147
-1165
-1178
-1189
-1199
-1207
-1228
-1242
-1248
-1245
-1232
-1210
-1164
-1094
-1007
-909.7
-815.9
-732.4
-664.1
-601.9
-547.5
-421.3
-293.3
-155
-23.67
63.62
54.69
13.66
42.59
116.8
272.1
541.7
872.4
1185
1465
1706
1981
2307
2743
3173
1711
1540
935.6
534.4
188.1
-83.69
-295.2
-450.3
-568.8
-657
-720.1
-767.9
-812.1
-841.2
-860.5
-871.6
-876.6
-885.7
-897.5
-905
-910.8
-916.3
-921.7
-938.6
-950.3
-956.4
-956.7
-950.9
-937.8
-906.7
-853.4
-781.1
-694.1
-602.4
-513.9
-439
-372
-336.8
-227.2
-113.3
14.69
137.1
212.3
210
192
242.8
321.6
488.6
764.9
1105
1419
1694
1939
2219
2550
3016
3476
1649
1555
1050
698.4
372.7
104.9
-104
-258.5
-376
-462.2
-522.2
-565.7
-603.7
-627.1
-640.5
-645.5
-644.5
-647
-651.8
-653.1
-653
-653.4
-654.9
-666.9
-675.9
-681.9
-685.1
-685.3
-681.3
-664.4
-627.4
-570.7
-495.2
-407.5
-315.9
-231.9
-148.6
-110.7
-27.53
69.56
188.1
302.3
384.7
412.5
410.5
500.1
587.6
756.1
1032
1376
1683
1942
2176
2444
2776
3277
3776
-3913
-3977
-3979
-3842
-3585
-3261
-2937
-2692
-2371
-2637
-2803
-2888
-2838
-2710
-2468
-2491
-2595
-2642
-2590
-2385
-2098
-1827
-1638
-1584
-1892
-1928
-1927
-1847
-1696
-1491
-1253
-1030
-787.7
-526.1
-219.9
69.65
-181.6
-528.3
-1219
-1620
-1965
-2245
-2487
-2681
-2835
-2953
-3040
-3106
-3174
-3228
-3274
-3317
-3355
-3436
-3558
-3677
-3791
-3887
-3956
-3969
-3844
-3597
-3276
-2947
-2701
-2361
-2569
-2772
-2870
-2826
-2683
-2404
-2399
-2519
-2590
-2573
-2401
-2141
-1892
-1763
-1644
-1926
-1930
-1907
-1818
-1668
-1468
-1235
-1013
-772.5
-509.7
-196.9
106.7
-122.3
-474.7
-1160
-1562
-1907
-2190
-2437
-2636
-2794
-2917
-3008
-3077
-3146
-3200
-3247
-3290
-3327
-3406
-3525
-3642
-3756
-3855
-3928
-3954
-3843
-3609
-3295
-2963
-2702
-2361
-2504
-2739
-2848
-2813
-2655
-2347
-2292
-2428
-2517
-2538
-2408
-2185
-1965
-1884
-1752
-1970
-1925
-1869
-1768
-1620
-1428
-1203
-982
-741.7
-476
-154.2
163.3
-62.27
-420.1
-1099
-1501
-1848
-2133
-2384
-2588
-2752
-2880
-2976
-3048
-3118
-3173
-3220
-3262
-3299
-3375
-3489
-3604
-3716
-3817
-3894
-3931
-3838
-3620
-3316
-2984
-2707
-2376
-2438
-2700
-2819
-2798
-2631
-2303
-2178
-2325
-2425
-2483
-2401
-2223
-2039
-1991
-1894
-2031
-1918
-1817
-1699
-1550
-1367
-1150
-931.3
-691.5
-422.8
-91.99
236.6
-1.96
-365.2
-1038
-1440
-1788
-2075
-2331
-2539
-2708
-2841
-2941
-3018
-3089
-3145
-3192
-3233
-3268
-3341
-3450
-3561
-3671
-3771
-3851
-3900
-3826
-3627
-3337
-3010
-2718
-2402
-2369
-2654
-2783
-2782
-2615
-2283
-2068
-2213
-2315
-2406
-2374
-2249
-2110
-2092
-2054
-2087
-1899
-1754
-1615
-1462
-1285
-1078
-861.1
-622.8
-353.1
-16.49
317.3
58.17
-309.8
-975.5
-1377
-1725
-2014
-2274
-2488
-2663
-2802
-2909
-2990
-3064
-3122
-3170
-3211
-3246
-3314
-3417
-3522
-3628
-3725
-3804
-3861
-3803
-3625
-3353
-3036
-2735
-2448
-2280
-2579
-2726
-2750
-2598
-2284
-1984
-2101
-2199
-2312
-2327
-2259
-2173
-2192
-2199
-2158
-1872
-1674
-1512
-1353
-1182
-985
-773.6
-540.4
-274.7
60.76
389.6
117.4
-254.2
-911.9
-1312
-1659
-1948
-2213
-2432
-2612
-2758
-2871
-2958
-3036
-3097
-3146
-3188
-3222
-3286
-3383
-3482
-3582
-3676
-3753
-3816
-3773
-3616
-3365
-3062
-2761
-2487
-2256
-2495
-2668
-2716
-2589
-2315
-1908
-1976
-2083
-2212
-2270
-2258
-2230
-2296
-2319
-2212
-1837
-1586
-1396
-1227
-1058
-873.3
-671.6
-449.2
-195.2
128.4
440
175.3
-198.6
-847.6
-1245
-1590
-1879
-2146
-2370
-2556
-2708
-2827
-2920
-3001
-3065
-3116
-3159
-3192
-3252
-3343
-3436
-3530
-3620
-3695
-3764
-3737
-3603
-3375
-3090
-2799
-2523
-2310
-2401
-2610
-2679
-2592
-2354
-1924
-1854
-1975
-2108
-2201
-2247
-2282
-2402
-2397
-2233
-1780
-1488
-1273
-1092
-924.7
-752.3
-566.2
-362.1
-129.5
169
450.5
232.1
-142.9
-782.7
-1177
-1518
-1806
-2076
-2302
-2493
-2650
-2776
-2875
-2961
-3028
-3081
-3124
-3157
-3214
-3299
-3385
-3473
-3558
-3631
-3704
-3692
-3580
-3377
-3113
-2834
-2547
-2361
-2297
-2544
-2636
-2593
-2384
-1983
-1785
-1884
-2014
-2136
-2235
-2337
-2529
-2396
-2184
-1692
-1383
-1151
-962.2
-798.5
-643.2
-479.8
-302.8
-100.4
164.1
408.5
287.6
-87.92
-718.9
-1109
-1446
-1731
-2002
-2231
-2425
-2587
-2719
-2823
-2913
-2984
-3040
-3084
-3118
-3171
-3250
-3330
-3412
-3491
-3560
-3637
-3637
-3547
-3369
-3128
-2862
-2573
-2391
-2247
-2480
-2591
-2588
-2421
-2107
-1740
-1793
-1939
-2087
-2236
-2414
-2630
-2430
-2050
-1583
-1275
-1040
-853.3
-703.5
-573.4
-442
-298.8
-132.5
91.38
295.5
343.6
-32.06
-654.9
-1040
-1372
-1653
-1924
-2153
-2350
-2516
-2653
-2763
-2858
-2932
-2992
-3038
-3072
-3123
-3196
-3270
-3345
-3418
-3482
-3559
-3571
-3501
-3350
-3134
-2887
-2606
-2421
-2317
-2402
-2543
-2568
-2461
-2235
-1897
-1754
-1885
-2047
-2233
-2503
-2506
-2334
-1863
-1474
-1184
-961.9
-790.1
-663.9
-568.9
-476.8
-377.3
-265
-63.88
152
400.4
24.14
-594.4
-975.2
-1303
-1579
-1847
-2075
-2272
-2441
-2581
-2696
-2795
-2875
-2938
-2987
-3023
-3073
-3142
-3210
-3280
-3347
-3405
-3480
-3496
-3440
-3308
-3114
-2887
-2618
-2429
-2346
-2303
-2490
-2523
-2459
-2294
-2056
-1819
-1887
-2074
-2310
-2456
-2381
-2068
-1665
-1359
-1112
-918.2
-781.6
-694.6
-650.7
-627.8
-579.7
-418
-102.3
222.9
455.4
79.8
-535.4
-911.8
-1234
-1504
-1768
-1993
-2190
-2359
-2502
-2621
-2725
-2808
-2874
-2926
-2965
-3013
-3078
-3142
-3206
-3268
-3321
-3393
-3414
-3370
-3258
-3086
-2878
-2622
-2433
-2348
-2287
-2438
-2487
-2451
-2339
-2171
-1983
-1893
-2047
-2200
-2259
-2114
-1785
-1500
-1254
-1054
-902.3
-812.3
-785.1
-832.2
-827.5
-690.5
-368.9
79.1
453
513.4
138.7
-475.1
-847.5
-1164
-1428
-1687
-1909
-2103
-2272
-2416
-2538
-2645
-2732
-2801
-2856
-2896
-2944
-3006
-3066
-3125
-3181
-3229
-3298
-3322
-3289
-3195
-3044
-2856
-2615
-2427
-2331
-2315
-2372
-2460
-2427
-2349
-2227
-2098
-2019
-2033
-2064
-1997
-1802
-1575
-1357
-1169
-1020
-921.7
-890
-953.1
-999.2
-882.8
-592.3
-136.6
305.7
678
575.5
201.9
-412.9
-782.1
-1093
-1351
-1605
-1822
-2013
-2180
-2324
-2447
-2557
-2646
-2719
-2776
-2818
-2866
-2925
-2981
-3035
-3086
-3130
-3194
-3221
-3197
-3118
-2987
-2818
-2593
-2410
-2307
-2311
-2277
-2433
-2389
-2322
-2222
-2112
-2015
-1950
-1877
-1762
-1596
-1414
-1248
-1113
-1020
-975.2
-1009
-1113
-1003
-818.2
-364.7
70.63
526.6
896
646.1
271.2
-348.9
-717
-1023
-1275
-1524
-1735
-1921
-2084
-2226
-2349
-2460
-2552
-2626
-2685
-2729
-2777
-2834
-2887
-2937
-2984
-3022
-3083
-3110
-3092
-3026
-2912
-2763
-2554
-2377
-2273
-2275
-2279
-2376
-2332
-2257
-2164
-2059
-1953
-1854
-1741
-1603
-1442
-1285
-1161
-1077
-1038
-1039
-1132
-1142
-1005
-620.2
-154.2
270.5
710.3
1077
729.5
350.9
-279.4
-648.4
-951.5
-1197
-1439
-1642
-1822
-1981
-2119
-2241
-2353
-2445
-2522
-2583
-2629
-2677
-2733
-2783
-2830
-2873
-2907
-2962
-2988
-2975
-2919
-2820
-2687
-2495
-2325
-2217
-2202
-2238
-2279
-2261
-2160
-2063
-1959
-1849
-1736
-1610
-1466
-1313
-1179
-1089
-1048
-1049
-1083
-1160
-994.1
-823.6
-377
30.1
441
855.6
1208
827.4
442.9
-208
-583.9
-888.2
-1131
-1366
-1562
-1734
-1885
-2017
-2134
-2243
-2334
-2409
-2470
-2517
-2566
-2620
-2669
-2714
-2754
-2785
-2836
-2861
-2850
-2801
-2713
-2594
-2417
-2254
-2143
-2110
-2156
-2136
-2157
-2018
-1904
-1789
-1674
-1557
-1431
-1296
-1162
-1055
-1000
-996.9
-1025
-1073
-1093
-872.1
-581
-162.1
228.7
641.6
1048
1374
931.6
541.5
-130.8
-514.7
-821.1
-1062
-1291
-1479
-1642
-1785
-1910
-2020
-2126
-2214
-2287
-2347
-2393
-2441
-2494
-2540
-2582
-2619
-2647
-2695
-2719
-2712
-2670
-2593
-2487
-2325
-2169
-2055
-2007
-2051
-1989
-2043
-1884
-1751
-1623
-1496
-1371
-1243
-1113
-992.1
-905.6
-876.6
-900.7
-949.2
-1002
-950.9
-693.2
-287.5
137.4
528.4
913.5
1291
1551
1048
653.4
-41.03
-435
-745.5
-985.5
-1209
-1390
-1545
-1680
-1797
-1901
-2001
-2085
-2154
-2211
-2256
-2302
-2353
-2396
-2435
-2469
-2496
-2540
-2563
-2559
-2524
-2457
-2363
-2215
-2067
-1950
-1892
-1920
-1896
-1908
-1743
-1591
-1449
-1310
-1175
-1043
-917.1
-807.9
-739.1
-730.1
-774.4
-832.2
-870
-718.9
-345.5
126.2
500.7
856.7
1192
1528
1711
1175
777
60.76
-345.1
-661.7
-902.6
-1122
-1295
-1443
-1570
-1678
-1774
-1869
-1946
-2011
-2064
-2106
-2150
-2197
-2238
-2274
-2305
-2329
-2370
-2393
-2391
-2362
-2304
-2222
-2088
-1948
-1830
-1760
-1766
-1764
-1753
-1591
-1424
-1271
-1120
-975.5
-839.6
-717.3
-619.6
-566.7
-572.6
-604.6
-637.7
-620.1
-323.4
146.9
538.3
861.4
1172
1463
1756
1836
1309
912.9
176.4
-242.8
-567.4
-810.8
-1026
-1193
-1333
-1451
-1550
-1638
-1726
-1797
-1856
-1904
-1942
-1983
-2027
-2065
-2097
-2126
-2148
-2186
-2207
-2207
-2183
-2134
-2062
-1943
-1811
-1692
-1609
-1591
-1591
-1562
-1421
-1250
-1093
-937.4
-787.3
-650.4
-534.3
-448.5
-410.6
-385.7
-361.5
-351.3
-215.9
155.3
558.5
879.1
1151
1416
1691
1941
1921
1443
1059
308.6
-124.3
-459
-707.3
-920
-1081
-1214
-1324
-1414
-1493
-1573
-1636
-1688
-1731
-1764
-1801
-1842
-1875
-1905
-1931
-1951
-1987
-2007
-2009
-1990
-1949
-1888
-1782
-1660
-1542
-1448
-1402
-1379
-1320
-1222
-1059
-910.2
-760.8
-616.8
-487.5
-381.4
-309.2
-267.7
-199.1
-146.3
-87.57
142.5
495.1
824.4
1102
1342
1585
1875
2120
2022
1556
1206
456.3
12.96
-333.4
-590.3
-802.7
-961
-1088
-1191
-1272
-1342
-1412
-1467
-1511
-1546
-1572
-1604
-1639
-1668
-1694
-1716
-1734
-1768
-1788
-1793
-1780
-1748
-1699
-1610
-1500
-1387
-1285
-1213
-1155
-1056
-1008
-856.9
-720
-581.9
-447
-327
-232.2
-184.4
-143.4
-54.87
13.95
129.1
390.3
703.1
998.8
1261
1497
1748
2076
2326
2162
1636
1337
614.4
171.2
-182.9
-447.9
-660.9
-817.7
-941.4
-1038
-1112
-1174
-1236
-1282
-1318
-1345
-1366
-1391
-1420
-1444
-1464
-1483
-1498
-1529
-1549
-1556
-1549
-1527
-1490
-1418
-1323
-1216
-1111
-1022
-946
-831.2
-798.1
-663.9
-533
-398.2
-264.8
-148.1
-67.69
-43.47
9.037
107.1
161.1
317.4
596.5
900.4
1179
1433
1665
1920
2280
2525
2301
1677
1447
779.7
351.4
-3.739
-275.7
-489.7
-646.7
-768.6
-861.6
-930.8
-986.1
-1041
-1079
-1108
-1129
-1142
-1161
-1184
-1202
-1217
-1232
-1244
-1272
-1291
-1300
-1299
-1286
-1260
-1206
-1127
-1031
-928.1
-831.5
-741.2
-635.8
-587
-472.8
-344.7
-211.4
-77.61
37.3
97.63
104.9
169.5
243.5
301.8
511.8
802.6
1107
1376
1621
1855
2124
2523
2757
2464
1712
1562
981.1
585.2
236.5
-41.94
-259.4
-419.8
-543.7
-636.9
-704.6
-756.9
-806.1
-839.6
-863.1
-878
-886.4
-899.9
-916.7
-928.9
-939.3
-949.2
-958.4
-981.7
-998.7
-1009
-1012
-1006
-992.1
-955.9
-895.2
-815.2
-721.4
-625.3
-529.7
-433.1
-367.1
-273.6
-150.1
-18.15
116.3
224.7
261.3
273.9
338.1
406.1
495.7
739.1
1041
1345
1608
1846
2087
2381
2814
3031
2660
1625
1553
1085
748.8
426.5
154.5
-59.81
-220
-343.5
-435.5
-500.9
-549.7
-593.2
-621.5
-639.6
-648.8
-651.7
-658.9
-669
-675.2
-679.9
-684.9
-690.6
-708.8
-723.2
-733.5
-739.7
-741.6
-738
-718.3
-676.1
-612.8
-530.4
-437.2
-338
-234.9
-144.8
-72.3
41.36
167.8
300.3
398.9
427.5
470
551.1
620.3
734.6
1000
1315
1614
1859
2077
2314
2627
3099
3316
2876
-4012
-3894
-3648
-3327
-2996
-2751
-2399
-2648
-2854
-2951
-2890
-2717
-2398
-2370
-2510
-2597
-2600
-2441
-2191
-1953
-1835
-1737
-2003
-1973
-1931
-1832
-1681
-1485
-1259
-1048
-821.8
-575.3
-279.7
9.669
-106.7
-462.1
-1158
-1564
-1912
-2195
-2440
-2636
-2791
-2909
-2996
-3061
-3129
-3183
-3230
-3273
-3312
-3396
-3523
-3649
-3772
-3881
-3964
-4000
-3895
-3660
-3343
-3008
-2753
-2392
-2598
-2836
-2944
-2887
-2697
-2338
-2279
-2433
-2539
-2572
-2442
-2221
-2015
-1961
-1847
-2054
-1979
-1909
-1798
-1646
-1457
-1240
-1034
-811.9
-566.1
-264.6
39.13
-49.92
-411
-1100
-1507
-1857
-2143
-2392
-2592
-2752
-2875
-2966
-3034
-3102
-3157
-3203
-3246
-3284
-3365
-3489
-3613
-3736
-3846
-3935
-3983
-3893
-3672
-3362
-3026
-2757
-2401
-2548
-2814
-2933
-2885
-2680
-2291
-2177
-2343
-2463
-2528
-2436
-2252
-2083
-2081
-1949
-2101
-1969
-1867
-1743
-1593
-1415
-1208
-1006
-787.3
-539.7
-228.9
88.74
7.62
-358.7
-1042
-1449
-1799
-2088
-2342
-2547
-2711
-2840
-2935
-3006
-3076
-3131
-3177
-3219
-3255
-3333
-3453
-3574
-3695
-3807
-3898
-3959
-3886
-3682
-3383
-3049
-2765
-2423
-2495
-2789
-2917
-2884
-2670
-2265
-2075
-2245
-2373
-2468
-2419
-2280
-2154
-2196
-2064
-2142
-1946
-1810
-1671
-1523
-1356
-1160
-962.8
-745.6
-495.2
-174.2
154.5
65.7
-305.8
-982.8
-1390
-1742
-2032
-2290
-2500
-2670
-2803
-2903
-2978
-3048
-3104
-3150
-3191
-3225
-3299
-3413
-3530
-3648
-3760
-3853
-3926
-3872
-3689
-3405
-3076
-2781
-2456
-2438
-2756
-2895
-2885
-2675
-2273
-1987
-2140
-2269
-2391
-2388
-2301
-2225
-2308
-2186
-2162
-1903
-1736
-1584
-1436
-1279
-1097
-904.1
-689.3
-437.3
-108.8
224.7
123.6
-252.3
-922.5
-1329
-1681
-1973
-2236
-2451
-2627
-2767
-2873
-2953
-3026
-3084
-3131
-3171
-3205
-3274
-3382
-3493
-3606
-3714
-3807
-3886
-3848
-3685
-3419
-3102
-2800
-2502
-2370
-2699
-2852
-2869
-2680
-2310
-1930
-2034
-2167
-2308
-2348
-2314
-2295
-2416
-2304
-2164
-1843
-1644
-1480
-1333
-1186
-1018
-833.3
-624
-374.6
-44.7
284.5
180.6
-198.4
-861.3
-1267
-1617
-1910
-2177
-2398
-2580
-2726
-2839
-2925
-3002
-3061
-3110
-3151
-3184
-3249
-3351
-3455
-3563
-3667
-3757
-3841
-3817
-3674
-3428
-3126
-2825
-2552
-2319
-2627
-2805
-2850
-2694
-2375
-1895
-1919
-2072
-2228
-2309
-2330
-2373
-2525
-2402
-2126
-1765
-1536
-1361
-1215
-1079
-927.9
-755.1
-556.5
-316.2
6.287
320.9
236.2
-144.5
-799.2
-1202
-1551
-1843
-2113
-2338
-2526
-2678
-2798
-2890
-2970
-3033
-3084
-3125
-3157
-3219
-3314
-3412
-3513
-3613
-3700
-3789
-3780
-3658
-3436
-3152
-2862
-2594
-2374
-2545
-2763
-2831
-2718
-2432
-1943
-1831
-1989
-2150
-2268
-2349
-2462
-2619
-2457
-2040
-1664
-1416
-1233
-1090
-967
-834.6
-679.6
-497.9
-274.3
30.17
319.8
290.5
-90.33
-736.4
-1136
-1481
-1773
-2045
-2273
-2465
-2624
-2750
-2848
-2933
-2999
-3052
-3094
-3126
-3184
-3272
-3364
-3459
-3553
-3637
-3729
-3734
-3634
-3436
-3172
-2894
-2616
-2424
-2462
-2718
-2805
-2741
-2490
-2048
-1807
-1917
-2086
-2239
-2379
-2580
-2629
-2403
-1899
-1543
-1293
-1110
-974.6
-866.9
-757.6
-625.3
-465.5
-262.8
19.25
281.1
343.7
-36.66
-674.6
-1070
-1412
-1700
-1973
-2204
-2400
-2563
-2695
-2799
-2889
-2959
-3014
-3057
-3090
-3144
-3227
-3312
-3400
-3489
-3568
-3663
-3679
-3599
-3426
-3184
-2919
-2634
-2467
-2371
-2669
-2770
-2755
-2556
-2220
-1828
-1849
-2042
-2232
-2432
-2702
-2569
-2215
-1742
-1417
-1179
-1007
-888.5
-804.1
-723.1
-617.2
-479.6
-298.3
-36.55
203.8
397.7
18.32
-612.1
-1002
-1340
-1624
-1897
-2128
-2327
-2495
-2632
-2743
-2837
-2911
-2970
-3015
-3048
-3100
-3177
-3255
-3337
-3419
-3492
-3587
-3613
-3552
-3404
-3187
-2940
-2659
-2494
-2381
-2618
-2729
-2748
-2616
-2363
-2023
-1837
-2010
-2232
-2512
-2562
-2432
-1964
-1598
-1313
-1098
-949.6
-857.5
-803.6
-755.6
-682.8
-569.7
-380.7
-87.97
171.2
453.1
74.34
-552.7
-939.1
-1271
-1551
-1822
-2052
-2251
-2421
-2563
-2678
-2778
-2857
-2920
-2969
-3004
-3055
-3128
-3201
-3277
-3353
-3420
-3510
-3540
-3492
-3362
-3165
-2936
-2667
-2505
-2432
-2541
-2676
-2703
-2618
-2432
-2197
-1984
-2020
-2256
-2395
-2393
-2106
-1751
-1462
-1230
-1058
-949.6
-905.2
-905.3
-932.9
-861.7
-652.6
-354.3
36.01
339.1
507.2
130.2
-494.6
-876.8
-1203
-1477
-1744
-1972
-2171
-2342
-2486
-2606
-2710
-2794
-2860
-2912
-2950
-3000
-3069
-3138
-3208
-3278
-3340
-3426
-3460
-3423
-3311
-3136
-2924
-2666
-2499
-2446
-2447
-2633
-2656
-2606
-2471
-2297
-2137
-2089
-2166
-2226
-2094
-1836
-1575
-1348
-1166
-1044
-993.2
-1024
-1146
-1108
-943.2
-585.1
-148.6
261.5
595.1
565
189.8
-434.7
-813.2
-1134
-1402
-1665
-1889
-2086
-2257
-2402
-2525
-2633
-2721
-2791
-2846
-2886
-2935
-3001
-3066
-3131
-3195
-3251
-3334
-3370
-3343
-3248
-3093
-2900
-2654
-2483
-2436
-2381
-2590
-2605
-2568
-2468
-2332
-2201
-2113
-2078
-2000
-1849
-1647
-1441
-1261
-1131
-1067
-1090
-1255
-1287
-1183
-781.6
-340
68.47
493.1
815.4
627.6
254.2
-372.4
-748.1
-1064
-1326
-1583
-1803
-1996
-2166
-2312
-2436
-2547
-2638
-2711
-2769
-2811
-2861
-2924
-2985
-3045
-3104
-3155
-3233
-3271
-3252
-3172
-3035
-2860
-2627
-2458
-2402
-2408
-2527
-2550
-2507
-2423
-2308
-2189
-2079
-1980
-1856
-1696
-1515
-1345
-1209
-1132
-1129
-1252
-1407
-1354
-1033
-559.2
-132.7
271.5
691.3
978.6
699.7
325.2
-307.8
-682.9
-994.9
-1251
-1503
-1716
-1905
-2071
-2215
-2340
-2453
-2546
-2622
-2682
-2727
-2776
-2838
-2895
-2951
-3005
-3051
-3124
-3161
-3149
-3081
-2961
-2803
-2585
-2417
-2351
-2385
-2431
-2490
-2421
-2339
-2236
-2124
-2010
-1891
-1749
-1586
-1420
-1279
-1186
-1159
-1212
-1400
-1362
-1282
-806.9
-364.5
54.46
456.5
831.4
1070
785.9
407.8
-236.9
-613.4
-922.4
-1173
-1418
-1624
-1807
-1968
-2109
-2233
-2347
-2442
-2520
-2583
-2630
-2681
-2741
-2796
-2848
-2898
-2939
-3006
-3042
-3033
-2975
-2869
-2726
-2523
-2358
-2281
-2319
-2301
-2407
-2311
-2222
-2124
-2020
-1911
-1790
-1649
-1493
-1345
-1232
-1177
-1186
-1286
-1417
-1301
-1069
-585.2
-179.1
214.1
591.8
915.5
1099
888.5
504.1
-162.8
-547.2
-858
-1106
-1344
-1543
-1718
-1872
-2007
-2127
-2239
-2332
-2410
-2473
-2521
-2573
-2632
-2686
-2736
-2783
-2820
-2883
-2917
-2910
-2859
-2763
-2633
-2443
-2281
-2195
-2220
-2195
-2278
-2163
-2053
-1947
-1844
-1740
-1628
-1500
-1364
-1244
-1166
-1148
-1184
-1292
-1325
-1156
-818.4
-384.5
-9.191
367.8
730.9
1023
1156
998.1
607.4
-82.57
-476.1
-789.8
-1036
-1269
-1459
-1626
-1773
-1900
-2014
-2123
-2213
-2289
-2351
-2399
-2450
-2508
-2560
-2607
-2651
-2685
-2744
-2776
-2772
-2728
-2644
-2527
-2349
-2191
-2096
-2096
-2110
-2135
-2026
-1894
-1778
-1670
-1565
-1456
-1338
-1217
-1117
-1067
-1079
-1137
-1246
-1196
-985.3
-567.3
-141.3
241.3
600.3
922.5
1140
1198
1120
723.8
10.45
-394.2
-712.8
-958.8
-1187
-1370
-1529
-1668
-1788
-1894
-1999
-2085
-2158
-2217
-2264
-2314
-2369
-2418
-2463
-2503
-2535
-2590
-2621
-2620
-2582
-2508
-2403
-2239
-2085
-1981
-1956
-1991
-1971
-1888
-1732
-1604
-1489
-1379
-1271
-1159
-1050
-968.7
-943.2
-982.3
-1059
-1168
-1001
-717.3
-217.2
194.6
542.1
862.1
1116
1245
1392
1250
851
115.5
-301.9
-627.4
-874.9
-1099
-1276
-1427
-1557
-1669
-1768
-1866
-1947
-2015
-2072
-2116
-2163
-2216
-2261
-2303
-2340
-2369
-2420
-2450
-2451
-2420
-2356
-2262
-2112
-1963
-1854
-1812
-1842
-1787
-1735
-1561
-1425
-1302
-1187
-1077
-969.6
-871.8
-806.6
-801.3
-859.6
-944.8
-998.8
-736.5
-292.6
186.5
546.3
837.4
1110
1292
1341
1721
1387
989
234.3
-196.9
-530.9
-781.6
-1002
-1173
-1317
-1438
-1541
-1632
-1723
-1798
-1861
-1912
-1953
-1997
-2046
-2089
-2127
-2161
-2187
-2235
-2263
-2267
-2241
-2186
-2104
-1968
-1825
-1710
-1647
-1658
-1574
-1552
-1379
-1241
-1115
-998.2
-888.5
-785.9
-697.6
-643.4
-646.3
-681.9
-731.1
-679
-334.9
153.1
549.9
855.5
1087
1327
1439
1415
2098
1517
1135
369.3
-75.14
-419.6
-675.8
-893.8
-1059
-1196
-1310
-1404
-1486
-1570
-1637
-1693
-1739
-1776
-1816
-1862
-1901
-1935
-1966
-1990
-2035
-2062
-2067
-2047
-2000
-1930
-1809
-1675
-1556
-1473
-1451
-1343
-1325
-1175
-1044
-925.4
-814.9
-712.2
-617.4
-536.1
-485.3
-470.2
-448.9
-429
-268.4
92.98
493.2
834
1098
1313
1545
1602
1717
2405
1619
1276
518.3
65.31
-290.6
-555.9
-774.1
-937
-1069
-1175
-1261
-1334
-1409
-1468
-1516
-1554
-1584
-1620
-1660
-1694
-1724
-1751
-1773
-1815
-1841
-1849
-1835
-1799
-1741
-1638
-1517
-1398
-1302
-1238
-1132
-1080
-960.1
-835.6
-726.4
-623.9
-527.6
-438.1
-359.4
-307.9
-249.8
-176.8
-122.8
59.38
402.5
749.1
1063
1316
1541
1779
1798
1940
2605
1679
1395
674.5
225.6
-136.5
-410.2
-629.3
-791.2
-919.9
-1021
-1100
-1165
-1232
-1283
-1323
-1354
-1377
-1407
-1441
-1469
-1495
-1518
-1537
-1575
-1601
-1611
-1604
-1578
-1534
-1450
-1343
-1230
-1124
-1035
-933.5
-838.8
-754.8
-633.4
-525.6
-421.1
-321.4
-230
-154
-92.71
-2.864
61.94
125.1
342.7
670.2
989.9
1285
1528
1759
1994
1970
2160
2828
1693
1484
833.7
406.3
46.1
-233.9
-454.2
-616.8
-744.2
-842.4
-916.2
-976.1
-1036
-1079
-1112
-1136
-1153
-1177
-1205
-1227
-1247
-1266
-1282
-1316
-1341
-1353
-1353
-1338
-1308
-1244
-1154
-1051
-943.8
-842
-732.5
-604.9
-550.8
-433.9
-323
-211.4
-103.6
-7.409
60.27
129.3
211.8
263.7
368.4
620.3
925.3
1229
1511
1744
1984
2223
2159
2410
3082
1695
1571
1022
636.5
288
3.597
-219.7
-386.1
-515.9
-614.9
-687.8
-745.3
-799.9
-838.3
-866.3
-885.3
-897.4
-915.3
-937.2
-954.2
-969
-983.1
-996
-1026
-1048
-1062
-1066
-1060
-1044
-1001
-932.3
-845.2
-746.3
-644.3
-533.2
-403.5
-338.5
-233.7
-117.7
3.041
121.8
217.5
280.1
363.8
440.2
505.9
633.2
898.7
1192
1484
1758
1986
2245
2497
2382
2702
3380
1585
1534
1112
796.2
481.6
206.9
-12.17
-178.3
-308.2
-406.8
-478.2
-533
-582.6
-616.3
-639.4
-653.1
-660.1
-672.2
-687.6
-698.8
-708.2
-717.5
-727.1
-751.6
-771.2
-785.5
-794.4
-797.3
-793.3
-769.9
-722
-652.9
-565.2
-466.6
-354.7
-225.4
-134.4
-44.19
72.11
197.3
321.9
414.7
506
618.8
680.9
741.5
903.3
1182
1469
1744
1997
2214
2498
2777
2618
3029
3712
-3729
-3416
-3080
-2819
-2440
-2634
-2891
-3008
-2951
-2742
-2360
-2229
-2401
-2521
-2587
-2491
-2294
-2095
-2039
-1881
-2096
-1990
-1906
-1792
-1649
-1474
-1271
-1079
-874.8
-648.5
-366.9
-84.59
-27.02
-391.7
-1092
-1505
-1857
-2144
-2391
-2589
-2745
-2864
-2951
-3016
-3083
-3137
-3184
-3227
-3266
-3351
-3481
-3613
-3744
-3866
-3965
-4030
-3954
-3741
-3432
-3094
-2823
-2443
-2600
-2885
-3012
-2959
-2732
-2312
-2145
-2327
-2463
-2552
-2482
-2315
-2161
-2169
-2030
-2130
-1986
-1877
-1752
-1611
-1448
-1257
-1074
-877.5
-652.6
-363.9
-66.45
27.51
-342.8
-1037
-1450
-1803
-2093
-2344
-2547
-2707
-2831
-2922
-2989
-3057
-3111
-3157
-3199
-3237
-3319
-3446
-3575
-3706
-3829
-3933
-4010
-3950
-3751
-3452
-3114
-2832
-2460
-2564
-2877
-3014
-2971
-2730
-2282
-2057
-2244
-2390
-2504
-2467
-2338
-2231
-2283
-2156
-2146
-1961
-1827
-1695
-1560
-1411
-1236
-1060
-866.7
-639.2
-338.9
-26.25
82.96
-292.4
-980.7
-1394
-1748
-2040
-2296
-2503
-2669
-2797
-2892
-2963
-3031
-3085
-3131
-3172
-3208
-3286
-3408
-3534
-3663
-3787
-3893
-3983
-3940
-3759
-3473
-3138
-2845
-2488
-2525
-2864
-3011
-2985
-2741
-2282
-1981
-2152
-2306
-2443
-2444
-2360
-2304
-2386
-2271
-2141
-1918
-1761
-1623
-1496
-1363
-1202
-1033
-840.9
-608.2
-294.5
31.07
139.3
-240.9
-923.6
-1337
-1693
-1987
-2247
-2458
-2629
-2762
-2862
-2936
-3005
-3060
-3104
-3144
-3177
-3252
-3368
-3489
-3615
-3737
-3846
-3947
-3923
-3763
-3494
-3168
-2866
-2528
-2484
-2844
-3002
-3002
-2770
-2329
-1919
-2047
-2212
-2372
-2413
-2379
-2379
-2476
-2364
-2109
-1852
-1679
-1538
-1420
-1303
-1158
-994.6
-803.2
-565.1
-239.6
92.73
195.7
-188.6
-865.3
-1278
-1635
-1931
-2196
-2412
-2589
-2729
-2835
-2914
-2986
-3042
-3087
-3126
-3158
-3228
-3338
-3453
-3574
-3693
-3799
-3906
-3896
-3757
-3506
-3193
-2889
-2582
-2439
-2802
-2972
-3001
-2797
-2404
-1894
-1945
-2129
-2303
-2382
-2398
-2459
-2556
-2420
-2051
-1768
-1582
-1442
-1334
-1233
-1105
-949.1
-759.6
-518.7
-186.1
144.9
251
-135.9
-806.1
-1218
-1574
-1871
-2140
-2362
-2545
-2691
-2803
-2889
-2964
-3022
-3069
-3109
-3140
-3206
-3309
-3418
-3532
-3647
-3750
-3860
-3863
-3742
-3512
-3216
-2917
-2645
-2401
-2734
-2936
-2994
-2830
-2478
-1937
-1864
-2064
-2248
-2363
-2433
-2570
-2579
-2388
-1958
-1666
-1472
-1337
-1241
-1158
-1048
-901.4
-717.1
-477.9
-145.9
174
305
-82.97
-746
-1155
-1510
-1807
-2079
-2306
-2494
-2647
-2766
-2857
-2936
-2998
-3046
-3086
-3116
-3178
-3275
-3377
-3485
-3594
-3694
-3807
-3824
-3723
-3516
-3238
-2952
-2687
-2452
-2667
-2906
-2988
-2869
-2548
-2019
-1834
-2007
-2198
-2350
-2480
-2688
-2550
-2267
-1834
-1547
-1354
-1227
-1146
-1081
-991.2
-858
-683.2
-451.7
-130
169.6
357.6
-29.5
-685.1
-1091
-1443
-1739
-2014
-2244
-2437
-2596
-2721
-2819
-2902
-2967
-3017
-3058
-3088
-3146
-3237
-3332
-3433
-3536
-3632
-3747
-3776
-3696
-3511
-3255
-2981
-2709
-2504
-2607
-2877
-2974
-2907
-2631
-2182
-1833
-1948
-2163
-2356
-2556
-2756
-2564
-2074
-1689
-1421
-1240
-1127
-1065
-1020
-950
-831.3
-667.3
-445.3
-138.5
138.1
409.3
23.65
-624.9
-1028
-1376
-1670
-1946
-2178
-2375
-2539
-2671
-2774
-2862
-2930
-2984
-3025
-3056
-3110
-3195
-3284
-3378
-3475
-3565
-3681
-3719
-3658
-3497
-3261
-3002
-2724
-2554
-2539
-2841
-2948
-2932
-2718
-2373
-1968
-1927
-2153
-2395
-2681
-2619
-2358
-1866
-1542
-1305
-1147
-1058
-1019
-995.4
-943.3
-834.7
-676.6
-458.7
-167.4
87.72
462.1
78.58
-563.6
-961.9
-1306
-1596
-1872
-2106
-2306
-2475
-2612
-2722
-2815
-2888
-2944
-2988
-3019
-3070
-3149
-3231
-3318
-3408
-3491
-3605
-3652
-3608
-3470
-3259
-3016
-2738
-2594
-2460
-2797
-2905
-2931
-2787
-2522
-2204
-2004
-2131
-2408
-2513
-2469
-2051
-1694
-1423
-1225
-1098
-1042
-1032
-1029
-991.3
-877
-693.5
-441.1
-141.5
112.2
516.8
135.2
-504.9
-899.7
-1239
-1525
-1799
-2032
-2233
-2405
-2547
-2662
-2761
-2839
-2900
-2947
-2980
-3031
-3106
-3183
-3264
-3347
-3423
-3533
-3581
-3547
-3426
-3233
-3007
-2739
-2601
-2503
-2740
-2847
-2879
-2783
-2582
-2353
-2173
-2172
-2307
-2343
-2115
-1823
-1550
-1332
-1185
-1111
-1108
-1158
-1207
-1117
-880.5
-593.1
-266.6
41.02
298.4
570.8
192
-447.1
-838.1
-1172
-1453
-1723
-1954
-2156
-2329
-2474
-2594
-2698
-2780
-2845
-2895
-2931
-2982
-3053
-3126
-3201
-3277
-3347
-3452
-3502
-3478
-3374
-3200
-2990
-2733
-2594
-2540
-2672
-2793
-2822
-2759
-2607
-2425
-2272
-2205
-2189
-2081
-1885
-1653
-1433
-1263
-1171
-1164
-1254
-1407
-1351
-1142
-760.9
-375.3
-32.13
262.4
503.4
629
253
-387.1
-775
-1104
-1379
-1646
-1873
-2073
-2247
-2394
-2517
-2625
-2712
-2781
-2834
-2873
-2922
-2991
-3059
-3129
-3199
-3263
-3363
-3414
-3399
-3309
-3154
-2960
-2715
-2570
-2546
-2586
-2741
-2753
-2707
-2588
-2437
-2294
-2174
-2068
-1921
-1733
-1532
-1352
-1226
-1193
-1272
-1492
-1499
-1376
-927.6
-529.7
-155.9
174.5
454.2
662.2
692.6
319.3
-324.2
-710
-1035
-1304
-1566
-1789
-1987
-2159
-2307
-2432
-2543
-2634
-2706
-2763
-2804
-2853
-2919
-2984
-3048
-3113
-3171
-3265
-3317
-3308
-3231
-3093
-2916
-2681
-2530
-2518
-2480
-2683
-2670
-2628
-2529
-2399
-2265
-2132
-1990
-1821
-1635
-1454
-1305
-1223
-1253
-1448
-1610
-1589
-1174
-718.4
-341.4
31.87
330.1
585.1
803.9
766.5
392.7
-258.6
-644.5
-965.9
-1230
-1486
-1704
-1897
-2067
-2213
-2339
-2453
-2546
-2621
-2680
-2724
-2774
-2838
-2899
-2960
-3019
-3071
-3159
-3209
-3205
-3140
-3016
-2854
-2631
-2479
-2466
-2441
-2612
-2578
-2523
-2434
-2320
-2198
-2067
-1919
-1748
-1568
-1406
-1289
-1251
-1346
-1597
-1581
-1462
-958.8
-535.4
-164.9
177.7
435.9
651.3
956.9
855.6
478.4
-185.8
-573.9
-892.8
-1152
-1402
-1612
-1800
-1965
-2110
-2236
-2351
-2446
-2524
-2586
-2633
-2684
-2747
-2805
-2862
-2917
-2963
-3045
-3092
-3090
-3033
-2923
-2775
-2563
-2411
-2381
-2402
-2504
-2465
-2392
-2307
-2207
-2101
-1984
-1845
-1683
-1519
-1379
-1291
-1284
-1428
-1593
-1546
-1240
-764.9
-370
-18.39
284
491.7
687.3
1153
962.1
578.9
-108.8
-505.7
-827.1
-1084
-1328
-1531
-1711
-1870
-2008
-2130
-2244
-2339
-2418
-2481
-2530
-2582
-2644
-2702
-2756
-2808
-2851
-2926
-2970
-2969
-2918
-2817
-2679
-2478
-2324
-2275
-2314
-2341
-2325
-2218
-2122
-2025
-1930
-1829
-1709
-1570
-1434
-1328
-1274
-1293
-1448
-1501
-1404
-1023
-582.2
-214
113.5
383
565.7
831
1363
1076
686.2
-25.46
-432.3
-757.5
-1013
-1252
-1448
-1620
-1771
-1903
-2019
-2131
-2223
-2300
-2363
-2412
-2465
-2525
-2581
-2632
-2681
-2720
-2790
-2831
-2832
-2787
-2696
-2570
-2379
-2224
-2158
-2190
-2165
-2192
-2056
-1949
-1852
-1761
-1668
-1561
-1440
-1325
-1245
-1223
-1266
-1429
-1386
-1257
-802.3
-380.4
-22.29
290.3
518.4
669.2
1040
1600
1201
805.7
70.6
-348.2
-679
-935.2
-1169
-1359
-1523
-1667
-1791
-1901
-2008
-2097
-2172
-2233
-2281
-2332
-2391
-2443
-2492
-2537
-2573
-2638
-2677
-2680
-2641
-2560
-2444
-2265
-2110
-2027
-2050
-1983
-2043
-1892
-1773
-1672
-1583
-1495
-1397
-1290
-1194
-1139
-1148
-1221
-1390
-1221
-1022
-527.5
-100.6
231.7
502.2
665.8
774.1
1314
1893
1331
934.1
178.2
-253.5
-591.8
-850.2
-1081
-1264
-1421
-1556
-1672
-1776
-1877
-1961
-2032
-2090
-2135
-2185
-2240
-2290
-2335
-2376
-2409
-2470
-2507
-2512
-2479
-2407
-2302
-2135
-1982
-1889
-1892
-1852
-1870
-1721
-1592
-1488
-1398
-1313
-1222
-1125
-1045
-1014
-1052
-1157
-1276
-1053
-690.4
-180.4
224.4
508.1
720.6
807.5
978.8
1636
2209
1463
1071
299
-146.1
-493.1
-755.2
-982.7
-1160
-1310
-1437
-1544
-1639
-1735
-1813
-1878
-1932
-1975
-2021
-2074
-2120
-2162
-2200
-2229
-2286
-2321
-2327
-2299
-2237
-2143
-1990
-1840
-1734
-1705
-1680
-1666
-1533
-1402
-1300
-1212
-1131
-1046
-958.6
-890.1
-871.6
-918.8
-1012
-1035
-780.1
-299.5
164.5
521.7
760.7
915.7
961.5
1308
1987
2514
1583
1211
434.8
-21.72
-378.7
-646.7
-872.2
-1044
-1188
-1307
-1406
-1493
-1581
-1652
-1711
-1760
-1799
-1842
-1892
-1934
-1972
-2007
-2034
-2086
-2119
-2126
-2104
-2050
-1969
-1830
-1686
-1570
-1506
-1470
-1405
-1317
-1193
-1100
-1023
-950.6
-875.3
-796.5
-733
-713.6
-742.6
-788.6
-718.8
-420.2
58.02
465.2
779.8
992.7
1138
1152
1655
2312
2747
1664
1339
581.6
120.7
-246.2
-523.3
-749.3
-919.2
-1058
-1170
-1261
-1339
-1419
-1482
-1534
-1575
-1608
-1647
-1691
-1729
-1763
-1794
-1818
-1866
-1898
-1907
-1891
-1848
-1780
-1660
-1527
-1407
-1317
-1246
-1118
-1086
-970.3
-886.7
-818.5
-755.1
-687.2
-613.4
-550.2
-525.6
-521.4
-517
-392.3
-70.31
361.5
744.4
1038
1249
1388
1354
1918
2538
2924
1695
1437
731.5
281.3
-88.92
-373.8
-600.8
-770.1
-905.8
-1013
-1098
-1169
-1240
-1295
-1340
-1375
-1401
-1434
-1473
-1505
-1534
-1560
-1581
-1626
-1656
-1668
-1659
-1628
-1575
-1475
-1355
-1237
-1131
-1037
-888.9
-854.9
-757
-674.9
-606.2
-540
-469.8
-395.6
-333.9
-299.8
-268.6
-240.8
-88.63
248.9
653
1017
1287
1487
1602
1517
2178
2790
3143
1676
1499
879.3
459.7
96.34
-193
-420.9
-591.1
-726
-831.1
-911.1
-976.7
-1042
-1090
-1127
-1156
-1176
-1203
-1236
-1262
-1286
-1308
-1326
-1366
-1395
-1410
-1408
-1389
-1352
-1274
-1172
-1061
-951.3
-840.1
-702.9
-624.5
-549
-463.7
-387.3
-310.6
-231
-152.4
-93.62
-43.39
8.009
61.98
216.9
560.9
935.6
1284
1533
1725
1816
1738
2464
3073
3391
1644
1551
1048
682.2
338.5
48.46
-181.2
-355.1
-492.7
-599
-678.6
-742.3
-802.8
-846.5
-879.4
-902.6
-918.3
-940.5
-967.2
-988.5
-1007
-1025
-1040
-1075
-1102
-1118
-1122
-1114
-1093
-1040
-960.8
-866.2
-762.7
-652.2
-518.7
-395
-340.2
-252.6
-164.1
-70.34
25.83
110.8
182.2
252
314.4
374
530.6
869.8
1222
1559
1793
1985
2061
2026
2797
3404
3673
1515
1483
1117
832.8
532.5
257.6
34.31
-138.7
-276.4
-382.8
-461.6
-523.4
-579.4
-619
-647.6
-666
-677.2
-694.1
-714.7
-730.5
-744.2
-757.3
-770
-800
-824.1
-841.3
-851.3
-853.4
-846.7
-816.4
-760.8
-685.1
-592.3
-486.1
-356.8
-215
-143
-62.35
36.29
146.9
261.9
358.6
443.7
506.5
558.4
629.3
838.3
1161
1489
1807
2023
2228
2319
2356
3182
3770
3965
-3167
-2891
-2508
-2626
-2925
-3059
-3015
-2780
-2364
-2105
-2288
-2428
-2548
-2518
-2383
-2235
-2241
-2052
-2175
-1986
-1857
-1728
-1594
-1447
-1276
-1111
-936.4
-735.6
-472.1
-204.4
56.54
-317.8
-1024
-1442
-1799
-2090
-2340
-2540
-2698
-2819
-2906
-2971
-3039
-3093
-3139
-3182
-3220
-3306
-3438
-3574
-3712
-3843
-3957
-4050
-4005
-3817
-3523
-3185
-2900
-2519
-2607
-2932
-3077
-3038
-2787
-2334
-2037
-2221
-2376
-2514
-2506
-2400
-2304
-2365
-2198
-2168
-1960
-1816
-1685
-1561
-1432
-1279
-1128
-960.5
-760
-486.2
-200.8
108.7
-271
-970.7
-1389
-1747
-2041
-2295
-2499
-2661
-2786
-2877
-2945
-3013
-3066
-3111
-3153
-3190
-3272
-3401
-3533
-3670
-3803
-3921
-4027
-3998
-3826
-3543
-3207
-2914
-2542
-2585
-2937
-3092
-3065
-2806
-2331
-1976
-2144
-2311
-2469
-2490
-2420
-2376
-2447
-2302
-2143
-1914
-1758
-1630
-1521
-1413
-1279
-1137
-972.1
-765.5
-475.3
-170.8
161.9
-222.3
-916.1
-1335
-1694
-1990
-2248
-2457
-2624
-2753
-2848
-2919
-2987
-3040
-3085
-3125
-3160
-3238
-3362
-3491
-3625
-3759
-3879
-3996
-3985
-3832
-3563
-3234
-2934
-2577
-2560
-2937
-3102
-3095
-2842
-2372
-1920
-2048
-2238
-2417
-2470
-2443
-2454
-2508
-2369
-2094
-1850
-1688
-1567
-1475
-1389
-1273
-1136
-969.2
-751.8
-441.7
-120.2
216.6
-172.2
-860.6
-1280
-1640
-1939
-2201
-2414
-2586
-2720
-2819
-2893
-2962
-3015
-3059
-3097
-3129
-3203
-3320
-3444
-3575
-3707
-3828
-3956
-3964
-3833
-3583
-3265
-2961
-2625
-2533
-2929
-3105
-3127
-2895
-2455
-1909
-1945
-2163
-2358
-2447
-2469
-2543
-2554
-2377
-2014
-1765
-1605
-1496
-1425
-1360
-1260
-1126
-954.4
-723.7
-394.4
-61.42
271.6
-120.8
-804.1
-1223
-1584
-1885
-2152
-2370
-2548
-2688
-2794
-2873
-2944
-2999
-3043
-3080
-3111
-3180
-3291
-3409
-3535
-3662
-3781
-3914
-3935
-3823
-3593
-3290
-2988
-2686
-2505
-2896
-3086
-3137
-2939
-2535
-1962
-1877
-2108
-2311
-2431
-2503
-2657
-2514
-2298
-1914
-1670
-1517
-1424
-1373
-1328
-1244
-1112
-933.2
-689.5
-344.5
-7.919
325.5
-68.88
-746.7
-1165
-1526
-1828
-2099
-2322
-2506
-2653
-2765
-2850
-2924
-2982
-3027
-3065
-3095
-3160
-3265
-3376
-3496
-3618
-3733
-3868
-3900
-3807
-3596
-3310
-3017
-2753
-2500
-2837
-3062
-3140
-2981
-2606
-2031
-1860
-2071
-2281
-2434
-2564
-2756
-2569
-2152
-1798
-1565
-1424
-1351
-1322
-1297
-1227
-1096
-911.3
-657.5
-304.3
25.54
378.1
-16.49
-688.3
-1105
-1465
-1767
-2041
-2269
-2459
-2612
-2731
-2821
-2900
-2959
-3006
-3044
-3073
-3134
-3233
-3337
-3450
-3567
-3678
-3815
-3859
-3784
-3596
-3330
-3050
-2791
-2547
-2787
-3043
-3143
-3032
-2695
-2172
-1872
-2027
-2258
-2448
-2645
-2751
-2486
-1981
-1666
-1454
-1331
-1279
-1273
-1268
-1210
-1081
-892.6
-634.9
-284.6
28.81
429.5
36.68
-628.9
-1043
-1401
-1702
-1979
-2211
-2406
-2565
-2690
-2787
-2869
-2932
-2981
-3019
-3048
-3105
-3197
-3295
-3401
-3512
-3617
-3756
-3810
-3753
-3587
-3342
-3075
-2813
-2601
-2745
-3024
-3137
-3079
-2797
-2370
-1958
-2003
-2253
-2489
-2755
-2632
-2256
-1805
-1531
-1350
-1252
-1225
-1239
-1249
-1200
-1071
-880.1
-623.1
-283.7
9.258
480.2
89.84
-570
-980.7
-1336
-1636
-1914
-2148
-2347
-2512
-2643
-2746
-2833
-2899
-2951
-2990
-3019
-3073
-3159
-3250
-3349
-3453
-3552
-3689
-3752
-3712
-3568
-3344
-3093
-2826
-2655
-2697
-2998
-3115
-3106
-2888
-2543
-2155
-2001
-2267
-2564
-2611
-2447
-1981
-1640
-1412
-1270
-1206
-1206
-1238
-1254
-1203
-1065
-867.9
-614.8
-292.9
-20.74
532.4
145.3
-509.5
-916.4
-1268
-1565
-1844
-2080
-2282
-2452
-2589
-2699
-2790
-2861
-2916
-2957
-2986
-3037
-3117
-3201
-3292
-3389
-3480
-3615
-3683
-3659
-3537
-3335
-3102
-2835
-2704
-2637
-2957
-3070
-3103
-2954
-2686
-2395
-2224
-2254
-2433
-2427
-2105
-1783
-1515
-1332
-1235
-1212
-1246
-1296
-1295
-1201
-1031
-808.4
-551.9
-244.8
20.82
587.2
203
-451
-855
-1202
-1496
-1773
-2009
-2213
-2386
-2528
-2643
-2741
-2817
-2876
-2921
-2953
-3003
-3080
-3159
-3244
-3334
-3418
-3547
-3615
-3599
-3491
-3306
-3087
-2824
-2714
-2568
-2907
-2998
-3040
-2935
-2723
-2493
-2324
-2285
-2267
-2114
-1880
-1633
-1426
-1294
-1258
-1303
-1417
-1469
-1342
-1119
-850.2
-595.5
-354.2
-76.02
178.4
641.8
261.6
-392.9
-793.8
-1137
-1425
-1700
-1934
-2138
-2314
-2460
-2580
-2683
-2764
-2827
-2876
-2910
-2959
-3033
-3107
-3187
-3270
-3347
-3470
-3539
-3531
-3437
-3269
-3064
-2811
-2701
-2614
-2853
-2933
-2970
-2896
-2727
-2532
-2363
-2236
-2117
-1945
-1733
-1525
-1361
-1282
-1320
-1478
-1630
-1588
-1328
-944.9
-624.7
-356.6
-122.2
131.6
384.2
701.1
324.6
-332.3
-730.8
-1070
-1353
-1624
-1856
-2059
-2235
-2384
-2508
-2615
-2701
-2768
-2820
-2857
-2906
-2976
-3047
-3121
-3197
-3268
-3384
-3453
-3451
-3370
-3219
-3029
-2786
-2674
-2638
-2787
-2866
-2885
-2830
-2692
-2523
-2360
-2201
-2034
-1840
-1637
-1455
-1329
-1305
-1435
-1690
-1714
-1532
-1075
-721.7
-427
-182
42.23
325.9
605
766.1
393.2
-268.4
-665.6
-1001
-1279
-1546
-1774
-1975
-2151
-2301
-2427
-2538
-2628
-2699
-2754
-2793
-2843
-2910
-2977
-3046
-3116
-3181
-3290
-3357
-3361
-3291
-3155
-2979
-2747
-2629
-2631
-2704
-2790
-2785
-2737
-2622
-2476
-2324
-2159
-1976
-1775
-1579
-1417
-1328
-1361
-1612
-1765
-1749
-1301
-885.2
-537.6
-278.6
-55.54
162.9
503.3
831.6
842.2
469.4
-201.4
-599.5
-931.9
-1206
-1468
-1691
-1888
-2062
-2211
-2339
-2452
-2545
-2620
-2678
-2720
-2770
-2835
-2899
-2963
-3028
-3085
-3188
-3252
-3259
-3199
-3075
-2913
-2690
-2565
-2583
-2591
-2709
-2669
-2619
-2520
-2396
-2261
-2106
-1926
-1731
-1548
-1408
-1357
-1458
-1751
-1766
-1597
-1099
-715.1
-395
-170.7
26.37
270.9
676
1060
934.2
558.4
-126.4
-527.6
-858.3
-1128
-1384
-1601
-1793
-1963
-2111
-2239
-2355
-2450
-2528
-2590
-2635
-2686
-2751
-2812
-2872
-2931
-2983
-3077
-3137
-3144
-3091
-2979
-2829
-2615
-2482
-2501
-2452
-2602
-2533
-2476
-2392
-2289
-2177
-2042
-1878
-1699
-1535
-1419
-1395
-1543
-1738
-1728
-1383
-936.5
-571.9
-290.7
-95.73
93.5
397.3
873.2
1277
1044
662.8
-46.27
-457
-791
-1059
-1310
-1520
-1706
-1869
-2012
-2137
-2252
-2348
-2427
-2490
-2538
-2591
-2655
-2715
-2773
-2829
-2877
-2964
-3019
-3026
-2976
-2872
-2729
-2522
-2384
-2389
-2338
-2459
-2366
-2286
-2201
-2112
-2020
-1909
-1772
-1622
-1490
-1406
-1408
-1573
-1655
-1603
-1193
-778.9
-439.1
-188.4
-20.89
175.6
569.5
1085
1459
1160
773.2
40.26
-381.3
-719.8
-987.4
-1234
-1436
-1615
-1771
-1907
-2028
-2141
-2235
-2314
-2377
-2426
-2479
-2542
-2600
-2655
-2707
-2751
-2832
-2884
-2890
-2846
-2750
-2617
-2417
-2274
-2254
-2244
-2312
-2210
-2110
-2023
-1943
-1864
-1770
-1652
-1524
-1417
-1361
-1386
-1570
-1556
-1480
-1007
-609.2
-282.2
-60.58
80.76
307.4
783.3
1317
1674
1285
894
138.9
-294.9
-639.9
-908.7
-1151
-1347
-1519
-1668
-1797
-1911
-2021
-2112
-2189
-2251
-2299
-2351
-2413
-2468
-2520
-2568
-2608
-2684
-2731
-2739
-2699
-2612
-2488
-2297
-2150
-2104
-2128
-2137
-2048
-1932
-1843
-1768
-1698
-1616
-1514
-1404
-1320
-1293
-1347
-1552
-1427
-1276
-780.1
-397.9
-78.88
94.46
220.7
503.6
1039
1582
1934
1411
1021
248
-198.4
-551
-822.7
-1062
-1252
-1417
-1558
-1679
-1787
-1892
-1979
-2051
-2111
-2157
-2208
-2267
-2319
-2367
-2412
-2448
-2518
-2563
-2571
-2536
-2457
-2343
-2163
-2013
-1949
-1966
-1927
-1881
-1749
-1657
-1586
-1524
-1452
-1361
-1267
-1205
-1205
-1301
-1475
-1298
-1003
-524.6
-131.4
145.6
266.7
378.2
765.6
1355
1861
2201
1535
1153
369.2
-89.09
-450.3
-726
-962.4
-1147
-1305
-1438
-1551
-1651
-1750
-1832
-1900
-1956
-1999
-2048
-2104
-2153
-2198
-2239
-2271
-2335
-2377
-2385
-2356
-2286
-2182
-2013
-1862
-1776
-1771
-1698
-1688
-1553
-1466
-1402
-1348
-1285
-1204
-1121
-1073
-1089
-1199
-1286
-1091
-707.7
-229.2
136.1
364.6
446.4
564
1108
1696
2137
2423
1638
1283
503.3
36.77
-333.2
-615
-849.6
-1030
-1181
-1307
-1412
-1504
-1596
-1671
-1734
-1785
-1826
-1872
-1924
-1970
-2011
-2049
-2077
-2137
-2175
-2184
-2159
-2098
-2006
-1851
-1701
-1596
-1559
-1437
-1448
-1333
-1256
-1207
-1167
-1116
-1046
-970.6
-925.1
-939.1
-1026
-1022
-818
-398
49.93
383.8
592.1
670.7
872.8
1447
1998
2378
2603
1691
1391
644.4
179.3
-198
-488.4
-723.6
-902.2
-1049
-1168
-1265
-1349
-1433
-1501
-1556
-1601
-1636
-1678
-1726
-1767
-1804
-1838
-1864
-1918
-1954
-1964
-1945
-1895
-1817
-1680
-1538
-1422
-1344
-1225
-1180
-1099
-1029
-991.5
-963.5
-924.4
-863.3
-792.7
-746.6
-753.6
-804.3
-748.7
-532.7
-104
331.2
652.3
859.1
929.3
1144
1715
2232
2586
2796
1689
1463
783.9
337.6
-38.69
-335.3
-571.3
-749.6
-893.7
-1009
-1100
-1176
-1253
-1313
-1361
-1400
-1429
-1465
-1508
-1544
-1576
-1605
-1628
-1678
-1712
-1724
-1712
-1674
-1612
-1496
-1366
-1246
-1140
-1021
-916.7
-875.6
-808.5
-773.2
-745.7
-706.8
-647.4
-579.3
-534.8
-534.9
-564
-493
-256.3
196.5
623.5
924.3
1112
1150
1391
1981
2488
2824
3013
1636
1493
915.5
510.3
147.2
-151
-387
-566.3
-709.8
-822.6
-909.5
-981.3
-1052
-1105
-1147
-1179
-1202
-1233
-1270
-1301
-1328
-1352
-1372
-1418
-1450
-1465
-1461
-1436
-1391
-1299
-1186
-1070
-955.2
-828.3
-667.6
-649.6
-590.5
-550.4
-514.1
-467.1
-404.5
-338.3
-299.3
-289.5
-304.3
-221
40.14
497.4
912.2
1191
1364
1369
1658
2274
2764
3086
3245
1574
1507
1060
720.8
386.6
93
-142.8
-325.1
-471.2
-585.6
-672.5
-742.9
-809.2
-858.3
-896.1
-923.5
-942.8
-969.1
-1000
-1026
-1048
-1068
-1086
-1126
-1156
-1173
-1177
-1165
-1137
-1073
-983.9
-883.4
-775.2
-649.7
-490.6
-419.6
-375.2
-322.6
-268.9
-205.5
-135
-72.54
-31.74
-10.26
-8.156
81.45
359
798.5
1205
1467
1632
1608
1971
2615
3084
3382
3497
1439
1409
1104
856.6
576.3
304.8
78.74
-101.3
-247.2
-361.9
-448.5
-517.5
-580
-625.4
-659.3
-682.4
-697.6
-719.1
-744.7
-764.8
-782.4
-798.9
-814.1
-849
-876.9
-896.2
-906.3
-906.4
-895.9
-857.6
-794.3
-713.1
-616.1
-499.8
-353.7
-227.4
-180.5
-119
-39.81
45.78
124.2
180.9
225.3
255.6
276
380.8
662.2
1068
1456
1703
1875
1858
2335
2996
3429
3673
3727
-2592
-2633
-2965
-3113
-3090
-2845
-2420
-2010
-2169
-2330
-2494
-2524
-2450
-2359
-2428
-2226
-2233
-1967
-1796
-1653
-1528
-1410
-1276
-1144
-1001
-828.4
-584.9
-335.8
141.8
-242.3
-953.5
-1378
-1740
-2035
-2288
-2491
-2651
-2773
-2862
-2928
-2996
-3050
-3096
-3138
-3176
-3262
-3395
-3532
-3675
-3814
-3939
-4059
-4044
-3884
-3608
-3274
-2980
-2610
-2628
-2986
-3145
-3129
-2874
-2419
-1962
-2106
-2287
-2466
-2514
-2467
-2431
-2528
-2352
-2174
-1914
-1743
-1609
-1506
-1415
-1305
-1189
-1054
-878.6
-619.8
-348.8
191.2
-197.7
-902.3
-1327
-1689
-1987
-2244
-2451
-2615
-2741
-2833
-2901
-2969
-3022
-3067
-3108
-3144
-3226
-3355
-3489
-3631
-3772
-3900
-4033
-4035
-3892
-3628
-3299
-3000
-2640
-2620
-3003
-3174
-3173
-2917
-2454
-1912
-2026
-2235
-2431
-2502
-2489
-2509
-2566
-2403
-2105
-1846
-1680
-1563
-1486
-1423
-1336
-1229
-1094
-907
-624.8
-329.1
242.1
-151
-849.6
-1274
-1638
-1938
-2199
-2409
-2578
-2708
-2804
-2875
-2943
-2996
-3040
-3079
-3113
-3190
-3314
-3445
-3583
-3724
-3855
-3999
-4019
-3895
-3648
-3328
-3026
-2680
-2608
-3015
-3198
-3219
-2976
-2521
-1938
-1940
-2183
-2392
-2493
-2521
-2605
-2571
-2379
-2011
-1765
-1611
-1517
-1470
-1434
-1366
-1262
-1118
-911.6
-601
-281.8
295
-102.2
-795.8
-1220
-1586
-1888
-2153
-2368
-2541
-2676
-2776
-2850
-2918
-2971
-3013
-3050
-3081
-3153
-3271
-3396
-3531
-3670
-3801
-3954
-3993
-3893
-3665
-3360
-3058
-2735
-2596
-3017
-3211
-3262
-3046
-2606
-1994
-1877
-2132
-2351
-2483
-2562
-2717
-2538
-2257
-1896
-1671
-1538
-1473
-1456
-1447
-1394
-1286
-1127
-895.4
-555.7
-218.5
348.5
-51.7
-740.9
-1166
-1532
-1837
-2106
-2326
-2505
-2646
-2752
-2831
-2901
-2955
-2998
-3034
-3063
-3131
-3243
-3362
-3491
-3626
-3753
-3911
-3962
-3880
-3672
-3383
-3088
-2803
-2578
-2991
-3201
-3281
-3100
-2683
-2076
-1874
-2102
-2327
-2484
-2616
-2790
-2561
-2097
-1782
-1580
-1473
-1438
-1451
-1464
-1421
-1304
-1124
-865.4
-499.8
-153.4
401.2
-0.479
-685.2
-1110
-1476
-1782
-2055
-2281
-2466
-2613
-2726
-2810
-2884
-2940
-2984
-3020
-3048
-3112
-3218
-3331
-3454
-3583
-3707
-3866
-3927
-3861
-3673
-3401
-3117
-2864
-2602
-2947
-3188
-3291
-3150
-2767
-2205
-1899
-2077
-2320
-2508
-2702
-2724
-2423
-1939
-1664
-1492
-1415
-1412
-1454
-1486
-1447
-1315
-1113
-829.5
-446.9
-103.7
452.8
51.52
-628.3
-1051
-1417
-1724
-2001
-2230
-2421
-2575
-2694
-2784
-2861
-2920
-2966
-3002
-3029
-3089
-3188
-3294
-3410
-3534
-3653
-3813
-3884
-3836
-3669
-3416
-3146
-2897
-2648
-2915
-3180
-3300
-3207
-2871
-2385
-1965
-2056
-2321
-2548
-2791
-2627
-2192
-1778
-1545
-1410
-1366
-1394
-1459
-1504
-1464
-1317
-1094
-795
-409.9
-82.42
503.4
104.6
-570.1
-991.1
-1355
-1662
-1942
-2175
-2371
-2531
-2656
-2752
-2833
-2895
-2943
-2979
-3006
-3062
-3154
-3254
-3363
-3480
-3594
-3754
-3833
-3802
-3656
-3424
-3168
-2917
-2704
-2887
-3168
-3298
-3254
-2975
-2568
-2145
-2072
-2348
-2642
-2644
-2417
-1945
-1627
-1441
-1351
-1341
-1394
-1474
-1522
-1474
-1309
-1070
-764.1
-389.3
-84.2
553.6
158.2
-512.2
-930.7
-1293
-1599
-1879
-2116
-2316
-2481
-2613
-2715
-2801
-2866
-2916
-2954
-2980
-3033
-3119
-3212
-3314
-3424
-3531
-3689
-3775
-3759
-3633
-3422
-3181
-2929
-2759
-2854
-3147
-3275
-3276
-3058
-2717
-2365
-2202
-2299
-2473
-2449
-2079
-1747
-1503
-1369
-1329
-1358
-1431
-1507
-1537
-1464
-1279
-1031
-729.5
-374.4
-91.89
606.1
214.6
-452.2
-867.6
-1227
-1531
-1812
-2051
-2255
-2425
-2563
-2672
-2762
-2832
-2884
-2924
-2951
-3000
-3081
-3167
-3261
-3363
-3461
-3615
-3705
-3703
-3598
-3408
-3185
-2934
-2809
-2809
-3109
-3227
-3265
-3111
-2837
-2555
-2380
-2366
-2343
-2141
-1870
-1614
-1428
-1344
-1359
-1434
-1538
-1560
-1496
-1383
-1184
-934.7
-643.2
-309.8
-41.54
661.8
274.1
-393.3
-806.6
-1162
-1463
-1744
-1983
-2189
-2363
-2507
-2622
-2718
-2793
-2850
-2893
-2923
-2972
-3049
-3130
-3219
-3314
-3406
-3552
-3641
-3644
-3551
-3376
-3166
-2917
-2826
-2751
-3057
-3144
-3189
-3072
-2845
-2604
-2412
-2282
-2151
-1953
-1725
-1524
-1396
-1374
-1469
-1652
-1692
-1575
-1380
-1162
-959.4
-738.8
-472.4
-163.2
85.15
717.9
335
-334.4
-745.5
-1098
-1394
-1673
-1911
-2118
-2295
-2443
-2563
-2665
-2745
-2807
-2853
-2885
-2934
-3008
-3085
-3168
-3256
-3340
-3480
-3568
-3577
-3495
-3335
-3137
-2891
-2816
-2670
-3006
-3062
-3105
-3017
-2827
-2615
-2421
-2241
-2055
-1843
-1633
-1466
-1388
-1439
-1665
-1809
-1764
-1496
-1189
-919.3
-700.8
-520.3
-276.3
23.12
256.3
779
400.8
-272.6
-682.2
-1031
-1324
-1600
-1836
-2043
-2221
-2371
-2496
-2602
-2687
-2753
-2803
-2838
-2886
-2957
-3030
-3107
-3189
-3266
-3399
-3485
-3498
-3428
-3281
-3097
-2859
-2784
-2689
-2946
-2980
-3007
-2937
-2779
-2590
-2403
-2205
-1995
-1775
-1577
-1439
-1414
-1561
-1845
-1871
-1658
-1256
-990.2
-756.2
-526.3
-340.8
-87.08
224.2
458.4
846.2
472.3
-207.1
-616.3
-962.4
-1251
-1524
-1757
-1962
-2140
-2292
-2420
-2530
-2619
-2689
-2743
-2780
-2829
-2897
-2966
-3038
-3114
-3184
-3309
-3392
-3409
-3348
-3215
-3042
-2812
-2730
-2696
-2878
-2890
-2894
-2834
-2701
-2537
-2364
-2169
-1954
-1736
-1549
-1437
-1466
-1729
-1883
-1872
-1435
-1079
-835.1
-639.9
-415.3
-198.2
99.79
429.4
681.2
925
551.8
-138
-549.1
-893.5
-1178
-1447
-1676
-1878
-2055
-2206
-2336
-2450
-2542
-2615
-2672
-2713
-2762
-2828
-2894
-2961
-3031
-3094
-3211
-3290
-3308
-3255
-3133
-2972
-2750
-2663
-2670
-2786
-2789
-2764
-2709
-2598
-2460
-2308
-2127
-1922
-1714
-1543
-1462
-1560
-1867
-1902
-1716
-1252
-925.1
-722.1
-569.1
-339.4
-69.09
289.7
629.6
911.4
1020
644.5
-60.25
-475.4
-819.2
-1100
-1364
-1587
-1785
-1959
-2110
-2241
-2358
-2453
-2530
-2591
-2634
-2685
-2751
-2813
-2876
-2940
-2996
-3104
-3178
-3195
-3147
-3034
-2883
-2669
-2573
-2602
-2659
-2665
-2615
-2562
-2473
-2364
-2240
-2083
-1897
-1708
-1557
-1502
-1654
-1859
-1877
-1528
-1113
-813.4
-651.2
-510.8
-265.3
72.93
479.2
826.6
1118
1132
752.4
23.44
-402
-749.8
-1030
-1289
-1506
-1698
-1867
-2013
-2141
-2258
-2355
-2434
-2497
-2544
-2597
-2663
-2725
-2786
-2846
-2897
-2998
-3065
-3080
-3033
-2926
-2780
-2570
-2461
-2492
-2487
-2518
-2430
-2364
-2284
-2198
-2100
-1974
-1818
-1662
-1543
-1515
-1690
-1788
-1773
-1360
-980
-709.8
-582.4
-424.2
-163.7
236.6
659.9
1009
1294
1249
865.2
113.3
-323.4
-676.6
-957.6
-1212
-1423
-1608
-1770
-1911
-2035
-2151
-2247
-2326
-2389
-2437
-2491
-2556
-2616
-2674
-2730
-2777
-2871
-2933
-2946
-2903
-2802
-2663
-2458
-2336
-2356
-2302
-2373
-2255
-2180
-2107
-2038
-1961
-1856
-1723
-1591
-1497
-1492
-1690
-1703
-1677
-1201
-841.9
-594.7
-488.2
-313.1
-16.82
443.5
856.5
1215
1499
1371
985.7
214.1
-234.7
-594.7
-877.8
-1129
-1334
-1513
-1668
-1802
-1921
-2034
-2127
-2205
-2268
-2315
-2369
-2432
-2490
-2544
-2597
-2639
-2726
-2783
-2796
-2756
-2663
-2531
-2332
-2198
-2206
-2120
-2205
-2077
-1995
-1928
-1872
-1811
-1723
-1609
-1497
-1428
-1446
-1670
-1578
-1509
-1009
-670.7
-448.2
-364.1
-176.8
195.7
687.2
1083
1446
1722
1490
1109
323.9
-136.3
-504
-790.4
-1039
-1239
-1411
-1559
-1686
-1798
-1906
-1996
-2070
-2131
-2178
-2230
-2291
-2346
-2397
-2445
-2483
-2563
-2616
-2628
-2592
-2507
-2384
-2192
-2052
-2036
-1979
-2020
-1895
-1805
-1745
-1700
-1652
-1577
-1478
-1385
-1339
-1385
-1616
-1479
-1276
-803.5
-467.7
-265.3
-207.8
-0.5541
451.3
961.3
1346
1687
1933
1601
1232
444.1
-25.66
-401.2
-691.9
-938.5
-1133
-1298
-1439
-1558
-1663
-1766
-1851
-1921
-1979
-2023
-2074
-2132
-2184
-2231
-2275
-2309
-2382
-2431
-2443
-2411
-2333
-2220
-2038
-1892
-1842
-1803
-1808
-1696
-1606
-1556
-1525
-1491
-1428
-1340
-1260
-1228
-1296
-1476
-1318
-1029
-575.1
-236.2
-62.16
-13.27
242.2
761.4
1257
1613
1914
2101
1682
1347
574.2
100.7
-281.8
-578.2
-823.3
-1014
-1173
-1307
-1418
-1516
-1612
-1691
-1757
-1811
-1852
-1900
-1956
-2004
-2048
-2088
-2118
-2186
-2230
-2241
-2213
-2144
-2041
-1871
-1722
-1640
-1594
-1536
-1465
-1384
-1349
-1338
-1320
-1271
-1194
-1120
-1091
-1156
-1250
-1086
-772.8
-328.7
-2.811
165.3
229.4
562.3
1090
1513
1844
2101
2265
1702
1432
706.2
241.5
-144.6
-448.5
-694.1
-882.8
-1038
-1166
-1270
-1359
-1449
-1520
-1579
-1627
-1664
-1708
-1760
-1804
-1844
-1880
-1907
-1968
-2009
-2020
-1997
-1939
-1850
-1697
-1550
-1444
-1363
-1230
-1215
-1142
-1121
-1125
-1123
-1086
-1018
-949.1
-917.9
-968.5
-1003
-837.2
-518.9
-71.12
259.1
437.1
495.1
861.1
1357
1729
2054
2308
2491
1665
1473
831.4
395
15.34
-292.5
-538.3
-726.8
-880.2
-1004
-1101
-1185
-1267
-1331
-1384
-1425
-1457
-1496
-1543
-1582
-1617
-1648
-1672
-1728
-1766
-1779
-1764
-1718
-1645
-1513
-1375
-1256
-1150
-985.7
-964.9
-912
-895.2
-903.5
-904.6
-872.2
-808.5
-742.3
-711.7
-753.8
-759.7
-600.2
-253.6
209.4
541.2
707.9
732.5
1140
1627
1968
2287
2532
2724
1582
1469
943
558.3
199.6
-105.9
-350.2
-539.4
-692.4
-813.8
-908.1
-986.5
-1063
-1121
-1168
-1203
-1229
-1264
-1304
-1338
-1368
-1395
-1416
-1467
-1503
-1519
-1512
-1481
-1426
-1319
-1197
-1079
-956.6
-801.9
-712.2
-686.4
-668.1
-670.6
-665.4
-630.8
-569.7
-507.9
-481.3
-514.9
-504.5
-348.4
25.7
496.9
822.5
975.3
967.2
1426
1912
2236
2542
2774
2968
1497
1447
1060
752.4
432.7
138.4
-102.7
-293.8
-449
-572.1
-666.7
-744
-816.5
-871
-913.6
-945
-967.6
-997.7
-1033
-1062
-1088
-1111
-1130
-1175
-1208
-1226
-1228
-1211
-1177
-1100
-1002
-897.8
-781
-632.6
-474.2
-460.5
-438.5
-423
-400.7
-359.8
-301.4
-246.4
-220.2
-245.9
-225.5
-75.1
317.9
790.6
1107
1252
1218
1747
2237
2549
2834
3044
3230
1367
1324
1077
868.8
613.2
349.3
122.1
-64.57
-218.6
-341.9
-436.5
-512.8
-581.8
-633
-672.2
-699.7
-718.6
-744.4
-774.6
-798.8
-820
-839.3
-856.5
-896.3
-927.8
-948.8
-958.4
-955.8
-940.8
-893.5
-823.2
-737.9
-635.6
-503.7
-345.7
-262.2
-232.2
-185
-133.8
-88.85
-41.87
1.269
28.42
14.64
57.42
204.4
586.1
1043
1346
1505
1477
2110
2592
2876
3123
3293
3463
-2644
-3003
-3167
-3176
-2946
-2535
-1983
-2037
-2237
-2432
-2514
-2500
-2470
-2587
-2396
-2250
-1929
-1726
-1572
-1458
-1368
-1273
-1174
-1063
-918.9
-695.5
-466.6
228
-165.9
-881.9
-1312
-1679
-1979
-2236
-2442
-2605
-2729
-2819
-2886
-2955
-3009
-3055
-3097
-3133
-3217
-3350
-3488
-3633
-3779
-3914
-4059
-4075
-3946
-3692
-3368
-3067
-2713
-2652
-3037
-3214
-3234
-2998
-2562
-1982
-1983
-2209
-2415
-2512
-2521
-2545
-2640
-2458
-2144
-1851
-1663
-1532
-1451
-1398
-1333
-1252
-1149
-997.7
-753.3
-497.5
274.5
-123.8
-832.9
-1263
-1631
-1933
-2193
-2402
-2568
-2696
-2790
-2859
-2928
-2981
-3025
-3064
-3099
-3179
-3307
-3442
-3586
-3733
-3871
-4028
-4062
-3951
-3711
-3395
-3093
-2749
-2657
-3067
-3257
-3294
-3063
-2616
-2001
-1925
-2176
-2395
-2511
-2552
-2639
-2624
-2418
-2031
-1765
-1598
-1500
-1458
-1441
-1402
-1329
-1221
-1050
-774.2
-486.9
322.9
-79.18
-782.1
-1212
-1581
-1885
-2148
-2361
-2532
-2664
-2761
-2833
-2901
-2954
-2996
-3034
-3066
-3142
-3264
-3395
-3536
-3682
-3822
-3990
-4042
-3952
-3730
-3425
-3124
-2795
-2659
-3090
-3291
-3352
-3137
-2684
-2045
-1887
-2144
-2374
-2514
-2598
-2751
-2574
-2269
-1907
-1675
-1540
-1480
-1479
-1495
-1474
-1398
-1272
-1072
-757.2
-438.1
373.9
-31.76
-730.1
-1160
-1530
-1837
-2104
-2321
-2496
-2632
-2733
-2807
-2875
-2927
-2968
-3004
-3032
-3103
-3219
-3344
-3481
-3625
-3763
-3941
-4011
-3944
-3744
-3456
-3160
-2857
-2661
-3097
-3312
-3404
-3221
-2779
-2146
-1883
-2110
-2350
-2518
-2654
-2807
-2559
-2085
-1780
-1586
-1490
-1473
-1512
-1556
-1544
-1455
-1301
-1061
-706.6
-362.3
426.1
17.71
-676.9
-1108
-1479
-1788
-2059
-2281
-2461
-2603
-2710
-2789
-2859
-2912
-2954
-2988
-3015
-3081
-3191
-3310
-3441
-3580
-3715
-3896
-3978
-3928
-3748
-3477
-3191
-2927
-2660
-3076
-3313
-3429
-3283
-2871
-2291
-1906
-2084
-2345
-2537
-2731
-2708
-2398
-1925
-1667
-1514
-1460
-1486
-1560
-1625
-1614
-1500
-1307
-1025
-634
-275.5
477.7
68.27
-622.8
-1053
-1425
-1736
-2011
-2238
-2424
-2573
-2685
-2770
-2843
-2898
-2941
-2976
-3001
-3063
-3168
-3281
-3405
-3539
-3670
-3851
-3941
-3906
-3744
-3491
-3218
-2975
-2701
-3053
-3311
-3445
-3337
-2965
-2449
-2003
-2084
-2361
-2583
-2807
-2625
-2167
-1775
-1567
-1461
-1451
-1516
-1621
-1698
-1675
-1526
-1291
-969.3
-555.3
-200
528.6
120
-567.3
-997
-1368
-1680
-1959
-2190
-2382
-2537
-2656
-2746
-2822
-2880
-2924
-2958
-2983
-3041
-3139
-3245
-3363
-3492
-3618
-3799
-3897
-3878
-3736
-3501
-3242
-3002
-2748
-3039
-3310
-3456
-3392
-3069
-2615
-2165
-2110
-2391
-2673
-2646
-2399
-1935
-1638
-1483
-1429
-1461
-1556
-1678
-1757
-1713
-1526
-1253
-906
-489.8
-154.9
578.8
173.2
-510.3
-938.5
-1309
-1621
-1903
-2138
-2335
-2495
-2621
-2717
-2797
-2857
-2903
-2938
-2962
-3016
-3107
-3207
-3318
-3440
-3560
-3740
-3845
-3841
-3719
-3504
-3260
-3021
-2802
-3024
-3303
-3453
-3431
-3161
-2764
-2368
-2205
-2380
-2524
-2471
-2079
-1748
-1527
-1431
-1434
-1502
-1610
-1728
-1793
-1720
-1496
-1197
-842.7
-442.8
-137.3
629.3
227.5
-453
-879.4
-1249
-1561
-1844
-2082
-2284
-2449
-2581
-2683
-2767
-2831
-2879
-2914
-2938
-2989
-3075
-3168
-3272
-3386
-3499
-3676
-3786
-3796
-3693
-3497
-3269
-3031
-2854
-3002
-3284
-3427
-3442
-3226
-2885
-2555
-2376
-2384
-2372
-2141
-1855
-1610
-1459
-1428
-1493
-1598
-1698
-1758
-1782
-1678
-1428
-1120
-775.8
-404.5
-128
682.7
285.3
-393.2
-817.5
-1184
-1495
-1780
-2021
-2226
-2398
-2536
-2644
-2733
-2800
-2851
-2888
-2912
-2960
-3039
-3125
-3221
-3327
-3432
-3603
-3716
-3737
-3653
-3477
-3267
-3033
-2902
-2970
-3246
-3375
-3420
-3260
-2974
-2682
-2467
-2338
-2187
-1965
-1724
-1534
-1444
-1482
-1625
-1759
-1735
-1658
-1644
-1547
-1290
-990
-670.1
-332.3
-78.33
740
347.1
-333.7
-756.8
-1121
-1430
-1714
-1956
-2165
-2340
-2484
-2598
-2693
-2766
-2822
-2863
-2889
-2937
-3013
-3095
-3186
-3285
-3382
-3546
-3656
-3681
-3605
-3442
-3244
-3012
-2923
-2926
-3191
-3284
-3331
-3200
-2954
-2695
-2471
-2275
-2074
-1849
-1640
-1500
-1481
-1608
-1843
-1829
-1773
-1600
-1417
-1337
-1089
-803.7
-515.1
-210.6
20.42
798.3
410.8
-273.4
-695.4
-1057
-1363
-1646
-1888
-2098
-2276
-2424
-2544
-2645
-2723
-2783
-2828
-2857
-2904
-2978
-3055
-3140
-3233
-3323
-3479
-3587
-3615
-3549
-3398
-3211
-2981
-2922
-2863
-3131
-3191
-3234
-3129
-2917
-2683
-2462
-2238
-2009
-1780
-1590
-1491
-1545
-1801
-1931
-1897
-1605
-1422
-1248
-1113
-889.8
-604.7
-347.3
-67.11
154.1
862
479.8
-209.7
-631.3
-991.2
-1294
-1575
-1816
-2026
-2206
-2358
-2482
-2588
-2671
-2735
-2783
-2815
-2862
-2933
-3006
-3086
-3172
-3254
-3403
-3508
-3539
-3481
-3342
-3165
-2937
-2889
-2782
-3075
-3093
-3126
-3038
-2856
-2647
-2436
-2206
-1966
-1738
-1565
-1511
-1665
-1958
-2009
-1751
-1413
-1267
-1113
-959.6
-719.9
-421.4
-177.3
94.51
324.8
931.9
554.8
-142
-564.3
-922.6
-1222
-1501
-1739
-1949
-2130
-2283
-2412
-2522
-2609
-2677
-2729
-2763
-2811
-2879
-2948
-3023
-3102
-3178
-3318
-3419
-3451
-3401
-3273
-3106
-2881
-2841
-2711
-3004
-2986
-3002
-2928
-2774
-2591
-2397
-2174
-1937
-1715
-1560
-1550
-1811
-1980
-1994
-1551
-1260
-1147
-1015
-854.5
-568.7
-252.3
-2.664
274.8
524.6
1014
638.1
-70.21
-495.5
-853.3
-1150
-1426
-1661
-1868
-2048
-2202
-2333
-2446
-2537
-2610
-2664
-2702
-2750
-2817
-2883
-2952
-3025
-3093
-3225
-3320
-3352
-3308
-3189
-3031
-2812
-2768
-2687
-2914
-2871
-2864
-2800
-2672
-2518
-2347
-2142
-1917
-1708
-1574
-1612
-1953
-2019
-1846
-1391
-1134
-1065
-943.4
-775.3
-420.9
-91.52
177.1
464.9
733.4
1112
734.7
10.77
-419.5
-777.8
-1072
-1344
-1574
-1778
-1957
-2111
-2243
-2360
-2455
-2531
-2589
-2631
-2680
-2746
-2809
-2874
-2941
-3001
-3123
-3211
-3241
-3199
-3088
-2937
-2724
-2666
-2631
-2802
-2737
-2709
-2654
-2554
-2434
-2293
-2114
-1909
-1718
-1605
-1700
-1985
-2016
-1680
-1277
-1057
-1035
-870.7
-682.4
-266.5
62.16
347.1
649.4
913.8
1225
845.6
98.35
-342.7
-705.9
-1001
-1269
-1494
-1692
-1866
-2017
-2148
-2266
-2362
-2441
-2503
-2547
-2600
-2666
-2729
-2792
-2856
-2911
-3024
-3104
-3129
-3087
-2978
-2831
-2619
-2547
-2545
-2652
-2575
-2514
-2454
-2372
-2281
-2172
-2025
-1854
-1694
-1612
-1742
-1933
-1931
-1528
-1169
-992.5
-987.5
-777.8
-546.5
-110.8
205.1
496.8
806.9
1066
1340
959.7
191.6
-260.7
-630
-926.2
-1191
-1410
-1603
-1771
-1917
-2045
-2162
-2258
-2338
-2401
-2447
-2501
-2566
-2628
-2688
-2747
-2797
-2903
-2977
-2999
-2957
-2853
-2711
-2502
-2415
-2431
-2484
-2413
-2329
-2268
-2201
-2134
-2049
-1926
-1779
-1643
-1586
-1747
-1858
-1861
-1389
-1057
-904.7
-892.4
-695
-390.5
57.87
371.4
666.5
978.8
1243
1456
1078
294.3
-169.3
-545.7
-844.6
-1107
-1321
-1508
-1670
-1810
-1933
-2048
-2143
-2221
-2284
-2331
-2384
-2449
-2508
-2565
-2620
-2665
-2763
-2831
-2850
-2811
-2713
-2575
-2370
-2267
-2288
-2289
-2242
-2141
-2080
-2028
-1980
-1915
-1811
-1683
-1569
-1534
-1719
-1749
-1738
-1221
-911.2
-783.5
-758.2
-573.5
-185.3
258.7
570.6
868.2
1171
1436
1564
1195
404
-69.14
-452.7
-755.3
-1016
-1225
-1406
-1561
-1694
-1812
-1923
-2015
-2091
-2152
-2198
-2251
-2313
-2369
-2423
-2473
-2514
-2604
-2666
-2684
-2647
-2555
-2424
-2224
-2105
-2111
-2068
-2064
-1947
-1888
-1849
-1820
-1771
-1683
-1571
-1476
-1459
-1663
-1583
-1543
-1036
-742.1
-631.5
-590.8
-391.5
72.82
477.9
797.2
1088
1372
1622
1657
1307
521.7
42.57
-347.6
-654.4
-913
-1118
-1293
-1441
-1567
-1678
-1784
-1872
-1944
-2003
-2048
-2099
-2159
-2212
-2262
-2308
-2343
-2426
-2482
-2498
-2465
-2380
-2257
-2063
-1931
-1913
-1826
-1857
-1739
-1687
-1666
-1656
-1624
-1548
-1449
-1366
-1360
-1553
-1425
-1310
-839.6
-554.4
-448.1
-387.5
-145.4
354.8
724.8
1033
1295
1565
1782
1711
1403
645.4
168.4
-226
-537.9
-795
-996.5
-1166
-1308
-1426
-1530
-1631
-1713
-1782
-1837
-1880
-1929
-1987
-2037
-2083
-2125
-2157
-2231
-2282
-2296
-2265
-2188
-2075
-1891
-1748
-1699
-1569
-1601
-1502
-1464
-1465
-1479
-1465
-1403
-1314
-1235
-1225
-1367
-1228
-1067
-634.4
-342.2
-230.5
-141.9
166.4
653.9
969.9
1250
1488
1748
1959
1695
1458
764.9
305.6
-87.45
-404.9
-662.1
-862.4
-1028
-1165
-1276
-1372
-1467
-1542
-1605
-1655
-1694
-1740
-1794
-1841
-1883
-1920
-1948
-2016
-2062
-2075
-2048
-1981
-1880
-1712
-1567
-1478
-1352
-1315
-1248
-1218
-1237
-1270
-1274
-1225
-1146
-1070
-1051
-1144
-998.9
-830.6
-408.7
-100
32.4
122.5
480.3
923
1195
1458
1699
1978
2217
1624
1467
872.2
451.5
71.74
-246.4
-502.7
-702.8
-866.8
-999.4
-1105
-1195
-1283
-1352
-1409
-1453
-1487
-1529
-1578
-1620
-1657
-1690
-1715
-1776
-1818
-1832
-1813
-1759
-1674
-1526
-1385
-1270
-1141
-1029
-1005
-980.8
-1008
-1048
-1058
-1015
-941
-866.5
-843.9
-910.6
-777.9
-588.8
-154.2
172.6
310.3
368.7
778.4
1195
1438
1687
1927
2219
2484
1515
1429
960.2
602
251.8
-58.74
-311.4
-511.5
-674.9
-805.8
-908.4
-993.9
-1076
-1140
-1190
-1229
-1258
-1295
-1340
-1377
-1409
-1438
-1460
-1515
-1555
-1571
-1561
-1522
-1457
-1335
-1205
-1084
-946.6
-766.2
-758.9
-746
-771.8
-807.2
-815.2
-775.3
-705.5
-634.2
-612.8
-660.4
-545.5
-331.1
120.6
455.8
589.5
613.1
1079
1471
1697
1936
2176
2477
2761
1421
1374
1047
775.6
475
183.6
-61.86
-261.9
-426.7
-559.1
-662.1
-746.9
-825.8
-885.8
-933.2
-968.5
-994.1
-1028
-1067
-1100
-1128
-1153
-1173
-1223
-1259
-1278
-1277
-1255
-1212
-1122
-1016
-907.8
-776.5
-602.4
-509.5
-512.3
-524.1
-539.5
-538.9
-501.6
-436.9
-370.5
-350.8
-385.1
-293.7
-55.19
407.6
745.7
876.3
878.5
1401
1773
1994
2223
2463
2772
3062
1283
1230
1036
867.9
641.2
389.5
163.4
-29.03
-191.2
-323.2
-426.1
-510.1
-585.6
-642.7
-687.1
-718.9
-741.3
-771.1
-805.7
-833.6
-857.9
-879.6
-898.2
-942.8
-977.7
-1000
-1008
-1002
-981.5
-923.8
-846.8
-757.5
-644.8
-489.6
-347.8
-308.6
-282
-252.1
-247.8
-226.8
-176.2
-117.9
-95.2
-107.1
-29.2
215.6
665.5
997.7
1143
1155
1748
2096
2305
2514
2745
3052
3353
-3216
-3268
-3072
-2668
-2077
-1944
-2170
-2382
-2507
-2545
-2570
-2702
-2517
-2223
-1880
-1657
-1496
-1390
-1325
-1265
-1197
-1116
-996.6
-792.6
-584.6
312.9
-90.57
-810.1
-1246
-1619
-1923
-2184
-2393
-2559
-2687
-2779
-2848
-2919
-2973
-3019
-3059
-3094
-3177
-3308
-3445
-3591
-3742
-3883
-4051
-4098
-4000
-3772
-3461
-3157
-2820
-2676
-3080
-3278
-3343
-3144
-2715
-2095
-1918
-2157
-2381
-2517
-2575
-2654
-2702
-2486
-2082
-1782
-1587
-1463
-1403
-1383
-1359
-1311
-1235
-1105
-874.9
-634.7
356.1
-51.22
-763.4
-1199
-1572
-1878
-2141
-2354
-2523
-2654
-2750
-2820
-2890
-2943
-2987
-3025
-3058
-3136
-3262
-3396
-3541
-3692
-3836
-4015
-4080
-4002
-3790
-3490
-3188
-2861
-2694
-3120
-3332
-3417
-3227
-2785
-2143
-1907
-2140
-2376
-2530
-2621
-2772
-2602
-2321
-1938
-1685
-1528
-1451
-1442
-1465
-1468
-1426
-1340
-1184
-913.1
-633.9
401.8
-8.786
-714.9
-1150
-1523
-1832
-2098
-2314
-2487
-2622
-2720
-2793
-2862
-2915
-2957
-2993
-3023
-3097
-3217
-3346
-3488
-3637
-3783
-3973
-4055
-3999
-3806
-3519
-3223
-2913
-2710
-3150
-3376
-3486
-3317
-2875
-2242
-1913
-2115
-2370
-2547
-2683
-2827
-2586
-2116
-1806
-1598
-1489
-1464
-1505
-1565
-1585
-1533
-1420
-1221
-901.7
-582.7
451
37.1
-664.6
-1100
-1474
-1785
-2055
-2274
-2451
-2589
-2692
-2767
-2836
-2887
-2928
-2961
-2988
-3056
-3170
-3293
-3429
-3576
-3720
-3918
-4019
-3985
-3816
-3549
-3262
-2983
-2716
-3157
-3404
-3545
-3412
-2991
-2404
-1934
-2079
-2363
-2566
-2760
-2723
-2402
-1937
-1682
-1527
-1472
-1501
-1587
-1676
-1698
-1619
-1463
-1211
-840.9
-489.7
501.8
85.51
-613.1
-1049
-1425
-1738
-2012
-2236
-2418
-2562
-2670
-2749
-2820
-2872
-2913
-2946
-2970
-3034
-3141
-3259
-3389
-3531
-3672
-3872
-3982
-3965
-3816
-3566
-3293
-3044
-2753
-3149
-3416
-3575
-3478
-3092
-2563
-2074
-2091
-2378
-2605
-2819
-2630
-2168
-1789
-1588
-1490
-1489
-1567
-1690
-1795
-1804
-1681
-1468
-1158
-743.7
-375
552.3
135.3
-560.6
-996.7
-1373
-1689
-1966
-2195
-2383
-2533
-2646
-2732
-2805
-2859
-2901
-2934
-2957
-3016
-3118
-3230
-3355
-3492
-3627
-3827
-3945
-3941
-3808
-3576
-3315
-3078
-2791
-3148
-3423
-3593
-3528
-3180
-2696
-2217
-2137
-2417
-2693
-2653
-2393
-1947
-1664
-1525
-1489
-1540
-1655
-1802
-1908
-1884
-1704
-1430
-1070
-630.9
-268.8
602.6
186.8
-506.5
-942.2
-1319
-1636
-1917
-2150
-2343
-2499
-2619
-2709
-2785
-2842
-2885
-2917
-2939
-2995
-3091
-3195
-3314
-3445
-3575
-3775
-3899
-3910
-3796
-3581
-3335
-3102
-2839
-3147
-3427
-3603
-3574
-3269
-2831
-2405
-2224
-2417
-2564
-2482
-2091
-1771
-1568
-1497
-1525
-1616
-1746
-1896
-1986
-1916
-1676
-1353
-965.9
-531.2
-198.8
652.6
240.2
-450.4
-885.3
-1262
-1580
-1863
-2101
-2299
-2460
-2586
-2682
-2762
-2821
-2865
-2898
-2920
-2971
-3061
-3159
-3270
-3395
-3519
-3716
-3847
-3871
-3775
-3579
-3348
-3119
-2888
-3142
-3422
-3596
-3600
-3341
-2951
-2584
-2393
-2403
-2405
-2162
-1874
-1642
-1518
-1522
-1618
-1735
-1835
-1946
-2009
-1888
-1601
-1250
-863.3
-457.9
-166.7
703.6
295.3
-393.6
-827.5
-1203
-1521
-1807
-2048
-2250
-2417
-2549
-2651
-2734
-2797
-2843
-2877
-2898
-2946
-3030
-3122
-3226
-3343
-3460
-3653
-3787
-3823
-3745
-3567
-3352
-3127
-2935
-3128
-3401
-3565
-3595
-3380
-3032
-2694
-2462
-2342
-2186
-1960
-1729
-1566
-1524
-1620
-1808
-1880
-1851
-1896
-1949
-1792
-1481
-1129
-765.6
-403.1
-151.3
758.4
354.7
-333.8
-766.5
-1141
-1459
-1747
-1990
-2197
-2369
-2508
-2616
-2703
-2769
-2818
-2853
-2875
-2920
-2997
-3082
-3178
-3287
-3395
-3582
-3717
-3762
-3700
-3542
-3345
-3126
-2978
-3103
-3362
-3506
-3561
-3393
-3090
-2779
-2523
-2310
-2095
-1861
-1658
-1550
-1593
-1813
-1964
-1929
-1821
-1730
-1789
-1614
-1303
-973.6
-650.2
-335.1
-113.9
817.7
418.9
-273.3
-705.8
-1079
-1396
-1684
-1929
-2139
-2316
-2460
-2574
-2668
-2740
-2793
-2832
-2856
-2901
-2976
-3057
-3148
-3250
-3351
-3530
-3661
-3709
-3653
-3505
-3318
-3103
-2996
-3069
-3304
-3410
-3460
-3315
-3047
-2765
-2510
-2265
-2024
-1794
-1623
-1577
-1731
-2005
-2030
-1870
-1677
-1651
-1626
-1406
-1096
-795.2
-516.7
-245.4
-47.21
878.6
485.7
-211.4
-643.9
-1016
-1330
-1618
-1863
-2076
-2256
-2405
-2525
-2625
-2702
-2760
-2802
-2829
-2873
-2945
-3022
-3108
-3204
-3298
-3469
-3596
-3645
-3597
-3459
-3282
-3070
-2997
-3018
-3239
-3310
-3354
-3230
-2993
-2737
-2489
-2233
-1980
-1755
-1610
-1629
-1912
-2043
-2010
-1660
-1552
-1548
-1464
-1208
-899.5
-627.3
-389
-145.8
51.29
945.1
558.1
-145.6
-578.8
-949.8
-1262
-1549
-1794
-2007
-2190
-2343
-2468
-2573
-2654
-2717
-2763
-2792
-2837
-2906
-2979
-3059
-3148
-3235
-3398
-3521
-3571
-3530
-3401
-3234
-3023
-2979
-2956
-3168
-3202
-3237
-3130
-2923
-2693
-2458
-2204
-1949
-1732
-1618
-1722
-2071
-2142
-1844
-1507
-1458
-1451
-1341
-1040
-729.7
-479.2
-260.9
-24.28
194.8
1018
636.5
-75.37
-510.4
-881
-1192
-1477
-1721
-1934
-2118
-2274
-2403
-2512
-2598
-2664
-2714
-2746
-2791
-2858
-2927
-3002
-3085
-3164
-3319
-3437
-3487
-3450
-3330
-3171
-2962
-2938
-2871
-3088
-3085
-3107
-3016
-2837
-2635
-2419
-2176
-1928
-1721
-1641
-1840
-2125
-2150
-1661
-1383
-1390
-1365
-1246
-889.4
-580.4
-342
-123.4
125.4
377.7
1102
723.6
-0.5099
-439.5
-810.8
-1120
-1403
-1644
-1856
-2041
-2197
-2329
-2442
-2532
-2603
-2655
-2691
-2736
-2802
-2868
-2938
-3014
-3085
-3231
-3342
-3390
-3357
-3244
-3092
-2884
-2865
-2767
-3000
-2956
-2965
-2887
-2738
-2566
-2374
-2150
-1914
-1722
-1675
-1967
-2036
-2026
-1504
-1287
-1356
-1287
-1160
-743.4
-440.9
-206.3
24.88
295.3
577.4
1203
823.8
83.93
-360.9
-733.9
-1042
-1323
-1560
-1770
-1953
-2111
-2245
-2362
-2456
-2530
-2587
-2626
-2673
-2737
-2801
-2866
-2936
-2999
-3134
-3237
-3281
-3249
-3142
-2995
-2787
-2770
-2642
-2887
-2811
-2807
-2745
-2629
-2493
-2332
-2131
-1914
-1737
-1724
-2042
-2061
-1856
-1398
-1247
-1374
-1210
-1046
-592.1
-310.3
-76.16
166.6
463.5
754.2
1315
936.7
175.2
-280.5
-659.3
-968.8
-1247
-1480
-1686
-1865
-2020
-2153
-2272
-2369
-2447
-2507
-2550
-2601
-2666
-2729
-2793
-2860
-2917
-3043
-3137
-3174
-3139
-3031
-2885
-2676
-2649
-2528
-2738
-2638
-2607
-2548
-2457
-2355
-2226
-2059
-1873
-1726
-1755
-2043
-1999
-1699
-1300
-1224
-1340
-1160
-881.4
-446.6
-191.1
44.02
294.2
612.3
906.5
1427
1051
271.6
-195.1
-580.4
-892.2
-1168
-1397
-1597
-1772
-1923
-2054
-2173
-2270
-2349
-2412
-2457
-2509
-2574
-2636
-2697
-2759
-2811
-2929
-3015
-3047
-3010
-2905
-2761
-2552
-2507
-2426
-2581
-2469
-2418
-2363
-2295
-2220
-2117
-1974
-1811
-1688
-1759
-1998
-1944
-1564
-1208
-1171
-1232
-1060
-708.9
-315.1
-65.93
178.6
441
776.5
1077
1535
1165
375.4
-101.1
-493.4
-808.5
-1082
-1307
-1503
-1672
-1818
-1945
-2062
-2159
-2238
-2300
-2346
-2399
-2463
-2523
-2581
-2638
-2685
-2794
-2873
-2901
-2865
-2763
-2622
-2414
-2346
-2304
-2408
-2290
-2224
-2175
-2128
-2077
-1996
-1872
-1728
-1626
-1735
-1909
-1862
-1409
-1088
-1075
-1086
-927.9
-523.6
-157.2
89.2
340.1
620.3
962.3
1259
1628
1273
483.8
0.4827
-398.1
-717
-989.5
-1210
-1400
-1564
-1703
-1826
-1940
-2034
-2111
-2173
-2218
-2271
-2334
-2391
-2445
-2498
-2540
-2640
-2712
-2736
-2701
-2604
-2468
-2262
-2175
-2155
-2210
-2100
-2023
-1983
-1956
-1928
-1865
-1756
-1628
-1545
-1681
-1777
-1725
-1226
-942.7
-951.7
-914.5
-753.7
-297.3
37.3
274.9
528.1
820
1159
1429
1700
1371
597.4
112.5
-290.7
-613.6
-884.7
-1101
-1286
-1443
-1576
-1693
-1803
-1893
-1968
-2028
-2073
-2124
-2185
-2239
-2290
-2337
-2374
-2466
-2531
-2552
-2518
-2427
-2297
-2097
-1992
-1972
-1973
-1888
-1810
-1785
-1782
-1776
-1730
-1634
-1518
-1443
-1584
-1573
-1524
-1034
-790.1
-810.5
-704.5
-517.5
-35.21
256.3
484.5
730.4
1016
1348
1581
1724
1446
712.5
236.4
-167.5
-494.2
-763.8
-977.5
-1158
-1309
-1435
-1545
-1651
-1737
-1808
-1865
-1908
-1958
-2017
-2069
-2116
-2159
-2192
-2274
-2332
-2349
-2316
-2232
-2110
-1917
-1794
-1749
-1685
-1642
-1569
-1562
-1588
-1609
-1582
-1499
-1392
-1314
-1427
-1323
-1281
-840.6
-630.5
-613.3
-458.7
-214.5
236.3
483.5
689.1
932.8
1214
1542
1756
1673
1471
816.9
368
-28.87
-358.6
-627.5
-840.1
-1017
-1163
-1283
-1386
-1486
-1566
-1632
-1684
-1724
-1772
-1828
-1877
-1920
-1959
-1988
-2062
-2113
-2128
-2098
-2022
-1912
-1731
-1593
-1512
-1367
-1371
-1305
-1314
-1362
-1405
-1397
-1329
-1230
-1147
-1223
-1087
-1038
-634.3
-417
-349.5
-197.7
100.2
488.6
701.4
895
1147
1443
1793
2051
1574
1447
904.1
503.9
127.7
-198.6
-465
-677
-852.1
-994.7
-1109
-1206
-1300
-1374
-1435
-1482
-1518
-1562
-1614
-1658
-1697
-1732
-1756
-1824
-1870
-1884
-1861
-1799
-1703
-1541
-1399
-1292
-1115
-1095
-1054
-1072
-1132
-1185
-1185
-1124
-1028
-940.9
-993.8
-864.8
-799.7
-403.6
-157.9
-60.78
69.21
401.1
741.8
933.7
1121
1382
1692
2058
2356
1445
1378
967.2
638.8
300.9
-11.66
-271.6
-482.4
-656.6
-797.4
-908.6
-1002
-1090
-1159
-1214
-1257
-1288
-1328
-1376
-1415
-1450
-1480
-1502
-1563
-1605
-1622
-1608
-1561
-1486
-1349
-1216
-1090
-923.7
-819.1
-807.3
-828.3
-887.2
-939
-941.5
-885.5
-793.5
-705.2
-744.5
-636.5
-550.2
-148.7
126.8
237.4
346.2
704.1
997.7
1179
1369
1640
1965
2334
2661
1343
1296
1024
789
510.9
226.1
-21.87
-230
-404.3
-546.1
-657.7
-750.1
-835.7
-901.5
-953.8
-993
-1022
-1059
-1102
-1137
-1168
-1194
-1215
-1269
-1309
-1329
-1325
-1296
-1244
-1140
-1028
-912.1
-755.4
-574.5
-558.3
-581.4
-620.4
-657.9
-661.4
-610.4
-521.3
-435.5
-468.6
-392.1
-281.3
127.9
426
543.3
638.9
1023
1275
1457
1657
1942
2287
2670
2983
1190
1142
987.7
855.6
659
423.2
200.9
4.151
-165.2
-305.7
-416.7
-508.2
-590.4
-653.5
-703.1
-739.1
-764.9
-798.5
-837.3
-868.7
-895.7
-919.3
-939
-988
-1026
-1050
-1056
-1046
-1019
-950.3
-867.1
-772.3
-641.3
-469.8
-370.7
-351.8
-326.9
-338.1
-364.9
-333.2
-254.2
-172.3
-194.8
-134.7
-2.346
393.9
699.2
830.8
933.5
1353
1571
1755
1960
2249
2607
3005
3259
-3224
-2829
-2236
-1916
-2115
-2344
-2503
-2582
-2649
-2749
-2563
-2179
-1840
-1605
-1438
-1335
-1283
-1249
-1205
-1146
-1047
-861.2
-672.5
395.3
-16.85
-738.5
-1180
-1557
-1867
-2132
-2345
-2515
-2646
-2742
-2813
-2885
-2940
-2986
-3026
-3059
-3138
-3266
-3402
-3548
-3701
-3848
-4036
-4112
-4048
-3848
-3554
-3249
-2927
-2681
-3098
-3341
-3463
-3319
-2905
-2295
-1920
-2110
-2357
-2526
-2624
-2752
-2645
-2422
-2016
-1727
-1531
-1411
-1364
-1366
-1372
-1349
-1295
-1183
-966.3
-742
435.1
19.61
-694.4
-1135
-1512
-1823
-2091
-2307
-2480
-2613
-2711
-2784
-2855
-2908
-2952
-2989
-3020
-3095
-3218
-3350
-3493
-3646
-3796
-3995
-4090
-4046
-3864
-3583
-3283
-2973
-2712
-3146
-3407
-3551
-3421
-3001
-2396
-1927
-2094
-2367
-2553
-2685
-2828
-2638
-2196
-1866
-1629
-1482
-1420
-1431
-1482
-1518
-1499
-1430
-1286
-1023
-754.1
477.9
59.69
-648.1
-1088
-1466
-1779
-2049
-2268
-2444
-2581
-2682
-2756
-2826
-2879
-2920
-2955
-2982
-3053
-3170
-3297
-3437
-3588
-3738
-3947
-4059
-4037
-3876
-3611
-3321
-3031
-2733
-3178
-3460
-3630
-3525
-3116
-2535
-2017
-2083
-2377
-2584
-2761
-2740
-2460
-2003
-1735
-1554
-1466
-1465
-1532
-1622
-1672
-1638
-1534
-1339
-1019
-702.4
525
103.9
-599.6
-1040
-1418
-1734
-2006
-2228
-2408
-2548
-2652
-2729
-2798
-2849
-2889
-2921
-2945
-3009
-3120
-3240
-3375
-3523
-3670
-3886
-4015
-4016
-3880
-3637
-3361
-3096
-2776
-3192
-3498
-3695
-3626
-3244
-2700
-2162
-2097
-2384
-2618
-2822
-2651
-2211
-1836
-1626
-1509
-1486
-1543
-1656
-1773
-1819
-1747
-1588
-1328
-949.1
-593.8
574.3
151.2
-549.9
-990.5
-1371
-1689
-1965
-2191
-2376
-2521
-2630
-2711
-2782
-2834
-2874
-2905
-2926
-2986
-3090
-3204
-3333
-3477
-3620
-3837
-3975
-3992
-3875
-3649
-3388
-3139
-2818
-3208
-3520
-3729
-3689
-3337
-2828
-2320
-2140
-2414
-2691
-2659
-2422
-1991
-1709
-1562
-1514
-1552
-1656
-1800
-1927
-1948
-1816
-1586
-1258
-828.6
-453.4
623.8
200.2
-499
-940.1
-1321
-1641
-1921
-2152
-2342
-2493
-2608
-2694
-2767
-2821
-2862
-2893
-2913
-2969
-3067
-3176
-3299
-3437
-3576
-3792
-3936
-3965
-3864
-3653
-3405
-3167
-2858
-3224
-3534
-3747
-3731
-3410
-2941
-2490
-2274
-2425
-2577
-2505
-2129
-1822
-1622
-1549
-1575
-1661
-1786
-1941
-2059
-2030
-1822
-1519
-1135
-683.7
-320.7
673.5
251.3
-446.2
-887.3
-1269
-1591
-1874
-2109
-2304
-2461
-2582
-2673
-2748
-2804
-2846
-2877
-2896
-2948
-3040
-3142
-3259
-3391
-3524
-3739
-3889
-3931
-3847
-3654
-3420
-3188
-2902
-3235
-3542
-3754
-3763
-3476
-3045
-2644
-2425
-2425
-2435
-2202
-1922
-1699
-1582
-1593
-1691
-1805
-1900
-2032
-2128
-2035
-1757
-1400
-992.1
-555.2
-233.9
723.4
304.8
-391.1
-831.9
-1214
-1537
-1823
-2062
-2262
-2424
-2551
-2647
-2726
-2785
-2827
-2858
-2877
-2925
-3011
-3106
-3217
-3342
-3469
-3681
-3835
-3889
-3822
-3647
-3428
-3203
-2945
-3237
-3536
-3741
-3772
-3519
-3122
-2746
-2493
-2376
-2225
-2002
-1780
-1630
-1606
-1719
-1910
-1944
-1928
-2031
-2112
-1959
-1632
-1253
-856.1
-464.6
-197.7
775.2
360.8
-334.6
-775.2
-1157
-1481
-1770
-2012
-2216
-2384
-2516
-2618
-2701
-2762
-2807
-2838
-2857
-2901
-2982
-3071
-3174
-3292
-3411
-3619
-3776
-3840
-3788
-3630
-3427
-3209
-2984
-3229
-3513
-3703
-3751
-3531
-3166
-2807
-2526
-2312
-2102
-1879
-1697
-1619
-1707
-1983
-2066
-1963
-1825
-1925
-2015
-1812
-1467
-1096
-738.1
-405.2
-186.1
831.7
421.9
-274.6
-715
-1097
-1421
-1712
-1957
-2166
-2339
-2478
-2586
-2672
-2737
-2784
-2817
-2835
-2876
-2950
-3032
-3128
-3237
-3348
-3548
-3704
-3776
-3739
-3599
-3415
-3205
-3019
-3209
-3471
-3639
-3704
-3523
-3196
-2860
-2568
-2305
-2056
-1829
-1674
-1668
-1905
-2120
-2151
-1896
-1774
-1808
-1854
-1602
-1263
-928.1
-626.6
-352.5
-165.3
893.1
488.3
-213.1
-654.3
-1036
-1360
-1652
-1899
-2112
-2290
-2434
-2549
-2641
-2711
-2763
-2799
-2820
-2862
-2933
-3012
-3103
-3206
-3310
-3502
-3654
-3726
-3693
-3561
-3385
-3181
-3031
-3181
-3412
-3540
-3594
-3429
-3133
-2826
-2544
-2270
-2013
-1796
-1681
-1768
-2102
-2234
-1979
-1686
-1707
-1774
-1693
-1378
-1054
-764.5
-523
-296.3
-121.5
956.5
558.1
-149.4
-591.7
-973.2
-1296
-1589
-1837
-2052
-2234
-2384
-2504
-2602
-2678
-2734
-2774
-2797
-2838
-2908
-2982
-3068
-3165
-3262
-3447
-3594
-3666
-3638
-3514
-3347
-3146
-3028
-3138
-3344
-3436
-3480
-3331
-3065
-2785
-2515
-2241
-1983
-1778
-1706
-1911
-2178
-2209
-1764
-1566
-1681
-1735
-1520
-1168
-873.6
-632.9
-438.4
-231.2
-37.21
1026
633.6
-81.36
-525.5
-907.3
-1230
-1522
-1771
-1988
-2173
-2326
-2452
-2555
-2635
-2696
-2739
-2765
-2806
-2873
-2944
-3024
-3115
-3204
-3382
-3524
-3595
-3572
-3455
-3297
-3098
-3011
-3080
-3268
-3325
-3358
-3224
-2986
-2733
-2480
-2213
-1960
-1770
-1752
-2066
-2219
-2052
-1604
-1498
-1661
-1677
-1350
-989.2
-729.6
-528.3
-352.1
-131.7
107.6
1100
715.3
-8.588
-455.5
-838.1
-1160
-1452
-1700
-1918
-2105
-2262
-2391
-2499
-2584
-2648
-2695
-2724
-2766
-2830
-2898
-2973
-3058
-3139
-3308
-3444
-3513
-3493
-3384
-3232
-3036
-2977
-3008
-3179
-3202
-3224
-3106
-2897
-2672
-2440
-2187
-1941
-1770
-1823
-2184
-2307
-1871
-1476
-1472
-1623
-1608
-1187
-840.6
-612.4
-433.4
-246.4
12.5
307.7
1187
805.8
69.44
-382.3
-766.8
-1089
-1379
-1627
-1844
-2031
-2190
-2323
-2435
-2524
-2592
-2643
-2675
-2717
-2780
-2845
-2915
-2993
-3067
-3225
-3354
-3420
-3401
-3297
-3152
-2958
-2921
-2919
-3077
-3068
-3080
-2978
-2801
-2607
-2398
-2163
-1929
-1779
-1913
-2204
-2261
-1689
-1377
-1482
-1563
-1521
-1027
-712.4
-509
-333.1
-115.6
192.7
532.6
1289
909
157.2
-301.1
-688.5
-1011
-1300
-1545
-1761
-1948
-2109
-2244
-2360
-2453
-2526
-2581
-2616
-2661
-2723
-2784
-2850
-2922
-2987
-3135
-3254
-3314
-3295
-3194
-3053
-2860
-2839
-2804
-2954
-2918
-2924
-2842
-2700
-2543
-2363
-2149
-1928
-1794
-1987
-2080
-2113
-1551
-1332
-1539
-1526
-1384
-874.1
-600.8
-417.2
-229.1
23.7
378.3
728.8
1399
1023
251.9
-217.2
-610.9
-935.2
-1223
-1465
-1677
-1862
-2021
-2157
-2276
-2373
-2449
-2508
-2548
-2596
-2660
-2722
-2786
-2854
-2915
-3053
-3162
-3214
-3188
-3084
-2941
-2742
-2723
-2655
-2809
-2738
-2724
-2650
-2539
-2417
-2271
-2087
-1893
-1792
-2025
-2004
-1932
-1422
-1308
-1557
-1506
-1198
-735.9
-499.9
-330.5
-121.5
161.2
547.8
885.6
1505
1135
350.7
-128.4
-529
-856.4
-1143
-1382
-1590
-1771
-1927
-2061
-2181
-2279
-2358
-2419
-2462
-2511
-2576
-2637
-2698
-2762
-2817
-2946
-3046
-3091
-3062
-2958
-2814
-2610
-2582
-2489
-2659
-2558
-2530
-2468
-2384
-2292
-2171
-2010
-1835
-1764
-2012
-1985
-1781
-1321
-1296
-1491
-1418
-1019
-611.8
-405.6
-235.1
4.682
320.9
729
1036
1602
1244
454.7
-32.09
-439.2
-770.3
-1056
-1291
-1496
-1673
-1824
-1955
-2075
-2172
-2251
-2313
-2357
-2408
-2472
-2531
-2590
-2649
-2698
-2818
-2910
-2949
-2917
-2814
-2672
-2463
-2427
-2305
-2489
-2368
-2331
-2281
-2224
-2159
-2059
-1915
-1756
-1713
-1960
-1941
-1628
-1210
-1247
-1356
-1288
-827.1
-480.1
-289.7
-107.8
162.5
512.3
919.9
1172
1679
1341
560.5
70.47
-341.5
-676.4
-961.2
-1193
-1393
-1565
-1711
-1838
-1955
-2051
-2129
-2191
-2235
-2286
-2349
-2406
-2461
-2515
-2559
-2669
-2753
-2786
-2753
-2653
-2513
-2304
-2255
-2130
-2291
-2167
-2124
-2090
-2059
-2018
-1937
-1807
-1662
-1648
-1878
-1857
-1449
-1077
-1160
-1187
-1112
-614.9
-320.1
-144.2
55.76
351.9
722.5
1102
1278
1727
1423
668.5
182
-232.1
-570.3
-854.1
-1083
-1278
-1444
-1585
-1707
-1821
-1914
-1990
-2050
-2094
-2145
-2206
-2260
-2312
-2361
-2399
-2500
-2575
-2603
-2570
-2474
-2338
-2133
-2060
-1958
-2064
-1950
-1907
-1893
-1892
-1876
-1811
-1693
-1559
-1568
-1726
-1699
-1249
-935.3
-1060
-988.1
-863.8
-377.6
-132.2
29.44
251.3
561.3
922.9
1257
1393
1722
1475
773.1
302.6
-108.1
-448.5
-730.4
-956.6
-1148
-1308
-1442
-1559
-1669
-1759
-1832
-1891
-1934
-1984
-2044
-2096
-2145
-2189
-2222
-2313
-2378
-2401
-2368
-2277
-2147
-1946
-1846
-1755
-1797
-1700
-1662
-1674
-1706
-1718
-1673
-1568
-1438
-1437
-1498
-1464
-1039
-802.1
-906.3
-786.9
-553.8
-134.5
67.26
221.5
455.1
776.4
1124
1423
1535
1638
1469
860.4
426.5
29.18
-310.8
-591
-816
-1004
-1160
-1288
-1398
-1504
-1588
-1657
-1712
-1753
-1802
-1860
-1909
-1954
-1995
-2023
-2105
-2162
-2179
-2147
-2064
-1943
-1753
-1631
-1534
-1488
-1423
-1390
-1423
-1483
-1520
-1495
-1404
-1278
-1253
-1255
-1205
-828.9
-632.7
-663.8
-515.2
-235.6
98.15
265.3
421.5
669.8
1008
1357
1658
1714
1513
1415
925.8
550
181.1
-150.6
-426.2
-649.9
-836.2
-988.9
-1112
-1217
-1317
-1396
-1460
-1510
-1547
-1593
-1648
-1694
-1735
-1770
-1795
-1868
-1919
-1936
-1909
-1837
-1731
-1557
-1421
-1303
-1175
-1154
-1129
-1176
-1253
-1302
-1286
-1203
-1076
-1033
-1017
-960.2
-608.3
-409
-376.1
-223.6
71.2
330
474.2
642.3
909.9
1267
1611
1914
1837
1371
1319
963.5
666.7
344.8
33.52
-232.1
-452.9
-637.5
-788.3
-908.3
-1009
-1104
-1178
-1238
-1284
-1317
-1360
-1410
-1452
-1488
-1520
-1542
-1608
-1655
-1672
-1654
-1599
-1512
-1361
-1224
-1093
-893.2
-880.4
-871.7
-923.9
-1002
-1055
-1044
-965.4
-838.7
-784.4
-767.1
-705.7
-367.4
-141.4
-67.85
86.19
376.3
564.6
696.7
885.5
1177
1555
1884
2159
1930
1261
1216
991.5
791.6
538.3
263.8
15.74
-199.1
-382
-532.9
-653
-753
-845.2
-916.7
-974.1
-1017
-1049
-1089
-1136
-1174
-1207
-1235
-1256
-1315
-1358
-1378
-1371
-1334
-1273
-1154
-1037
-907.4
-721.6
-607
-615.2
-658.8
-720.4
-769
-762.2
-687.1
-560.8
-503.9
-496.1
-431.1
-101
156.8
251.4
408.8
688.3
819.1
951.4
1169
1490
1887
2216
2404
2021
1086
1057
931.8
831.2
665
448.6
232.8
33.93
-141.3
-289.2
-408
-506.7
-595.4
-664.2
-718.9
-759.1
-788.2
-825.7
-868.5
-903.2
-933
-958.4
-978.9
-1033
-1074
-1099
-1103
-1087
-1052
-971.2
-880.9
-774.5
-613.1
-451.1
-401.5
-381.3
-379.5
-440.8
-464.4
-404.4
-284.5
-225.8
-211.6
-134.9
168.2
445.3
553.9
724.2
998.1
1087
1229
1474
1814
2214
2537
2608
2291
-2494
-1948
-2046
-2321
-2519
-2644
-2748
-2764
-2520
-2120
-1799
-1569
-1406
-1308
-1268
-1251
-1223
-1174
-1083
-903.5
-724.2
477.8
56.74
-666.7
-1114
-1496
-1811
-2081
-2299
-2474
-2610
-2710
-2785
-2858
-2915
-2961
-3000
-3032
-3108
-3231
-3362
-3505
-3658
-3808
-4012
-4119
-4093
-3930
-3662
-3363
-3052
-2716
-3062
-3372
-3556
-3494
-3135
-2587
-2029
-2059
-2352
-2558
-2698
-2837
-2649
-2311
-1953
-1688
-1505
-1395
-1358
-1372
-1395
-1384
-1335
-1228
-1018
-804.2
513.7
90.05
-625.3
-1071
-1453
-1769
-2041
-2261
-2438
-2576
-2678
-2755
-2827
-2882
-2926
-2962
-2991
-3062
-3180
-3307
-3447
-3600
-3751
-3966
-4090
-4085
-3941
-3689
-3400
-3100
-2762
-3117
-3448
-3655
-3611
-3253
-2708
-2135
-2084
-2378
-2597
-2764
-2808
-2540
-2093
-1811
-1604
-1477
-1430
-1453
-1513
-1561
-1549
-1483
-1341
-1085
-824.5
553.4
127.5
-581.4
-1026
-1408
-1727
-2000
-2223
-2403
-2543
-2648
-2726
-2797
-2851
-2892
-2926
-2951
-3017
-3129
-3251
-3387
-3537
-3688
-3911
-4052
-4068
-3947
-3713
-3438
-3154
-2809
-3157
-3509
-3740
-3722
-3377
-2842
-2272
-2123
-2394
-2639
-2838
-2671
-2292
-1918
-1699
-1556
-1495
-1510
-1583
-1676
-1733
-1699
-1595
-1400
-1084
-773.6
598.2
169.8
-535
-979.4
-1363
-1683
-1958
-2184
-2367
-2511
-2618
-2698
-2768
-2820
-2859
-2890
-2912
-2972
-3076
-3191
-3322
-3468
-3615
-3843
-3999
-4038
-3943
-3732
-3474
-3205
-2857
-3189
-3554
-3807
-3823
-3504
-2992
-2460
-2178
-2412
-2701
-2707
-2469
-2057
-1779
-1624
-1554
-1559
-1625
-1730
-1839
-1886
-1809
-1644
-1382
-1006
-655.2
645.8
215.7
-487.2
-932.3
-1317
-1640
-1919
-2148
-2336
-2484
-2596
-2680
-2751
-2803
-2843
-2873
-2892
-2947
-3045
-3154
-3279
-3420
-3562
-3791
-3955
-4009
-3931
-3738
-3496
-3241
-2902
-3222
-3583
-3842
-3879
-3586
-3108
-2635
-2367
-2413
-2583
-2533
-2186
-1890
-1692
-1609
-1615
-1676
-1766
-1879
-1992
-2009
-1865
-1626
-1294
-869.9
-500.2
694
263.7
-438
-883.8
-1270
-1595
-1877
-2111
-2303
-2457
-2575
-2663
-2736
-2791
-2831
-2860
-2878
-2930
-3022
-3126
-3245
-3380
-3518
-3745
-3914
-3978
-3915
-3737
-3508
-3265
-2941
-3251
-3602
-3857
-3908
-3636
-3188
-2754
-2490
-2460
-2458
-2246
-1986
-1776
-1662
-1665
-1751
-1849
-1908
-1990
-2098
-2062
-1839
-1528
-1145
-705.3
-354.7
743.1
314.2
-386.5
-832.8
-1220
-1546
-1832
-2070
-2267
-2426
-2549
-2642
-2718
-2774
-2815
-2844
-2861
-2909
-2995
-3092
-3205
-3334
-3466
-3691
-3864
-3940
-3893
-3731
-3518
-3285
-2979
-3270
-3610
-3859
-3923
-3673
-3251
-2840
-2556
-2419
-2272
-2060
-1853
-1717
-1697
-1805
-1985
-2000
-1933
-2004
-2123
-2021
-1732
-1374
-976.2
-563.2
-265.3
792.8
367.6
-332.4
-779
-1167
-1495
-1784
-2025
-2227
-2391
-2520
-2618
-2697
-2755
-2797
-2826
-2843
-2886
-2966
-3057
-3163
-3285
-3411
-3632
-3809
-3894
-3862
-3718
-3521
-3297
-3014
-3277
-3603
-3839
-3914
-3687
-3290
-2893
-2584
-2360
-2154
-1943
-1778
-1719
-1817
-2090
-2144
-2019
-1845
-1944
-2064
-1896
-1566
-1196
-824.3
-470.9
-235.7
845.4
424.4
-276.3
-723.3
-1112
-1442
-1733
-1977
-2184
-2353
-2488
-2591
-2673
-2734
-2778
-2808
-2824
-2864
-2938
-3022
-3121
-3237
-3355
-3571
-3747
-3841
-3823
-3695
-3514
-3300
-3044
-3273
-3578
-3795
-3877
-3674
-3301
-2920
-2598
-2326
-2087
-1880
-1755
-1785
-2064
-2245
-2213
-1927
-1782
-1888
-1945
-1715
-1371
-1023
-705.7
-420.7
-233.1
903.5
486.9
-216.2
-663.8
-1053
-1384
-1678
-1926
-2137
-2312
-2452
-2561
-2647
-2711
-2756
-2787
-2803
-2840
-2908
-2985
-3076
-3183
-3292
-3500
-3674
-3774
-3768
-3658
-3494
-3293
-3069
-3257
-3534
-3727
-3818
-3645
-3307
-2950
-2627
-2332
-2073
-1869
-1781
-1921
-2249
-2377
-2015
-1772
-1782
-1871
-1772
-1488
-1161
-863.7
-615.3
-389.1
-222.5
967
555.4
-153.7
-603.2
-993
-1325
-1620
-1871
-2086
-2266
-2412
-2527
-2619
-2688
-2739
-2773
-2792
-2829
-2895
-2969
-3055
-3157
-3259
-3459
-3629
-3727
-3723
-3618
-3461
-3266
-3073
-3236
-3476
-3629
-3702
-3538
-3228
-2900
-2596
-2305
-2049
-1865
-1834
-2097
-2285
-2206
-1803
-1669
-1804
-1879
-1586
-1262
-969.6
-734.5
-549.7
-357.5
-180.4
1033
627.9
-88.3
-539.9
-930.7
-1263
-1559
-1812
-2030
-2214
-2366
-2487
-2584
-2659
-2714
-2751
-2772
-2809
-2873
-2943
-3025
-3120
-3216
-3409
-3573
-3670
-3669
-3568
-3419
-3229
-3064
-3200
-3410
-3527
-3585
-3431
-3148
-2848
-2562
-2280
-2031
-1869
-1912
-2252
-2387
-1999
-1651
-1660
-1794
-1794
-1384
-1062
-826.2
-651.2
-502.8
-303.3
-79.85
1105
706.3
-18.06
-472.5
-864.8
-1197
-1495
-1749
-1969
-2157
-2313
-2439
-2542
-2621
-2680
-2721
-2744
-2782
-2843
-2910
-2987
-3076
-3164
-3349
-3508
-3602
-3603
-3508
-3366
-3180
-3042
-3150
-3333
-3416
-3461
-3318
-3061
-2790
-2523
-2254
-2016
-1882
-2025
-2299
-2329
-1815
-1549
-1704
-1790
-1636
-1195
-908.5
-730.6
-593.4
-440.1
-194.3
97.8
1181
790.8
57.27
-400.8
-795
-1129
-1426
-1681
-1903
-2093
-2253
-2384
-2491
-2574
-2638
-2683
-2709
-2746
-2806
-2869
-2941
-3024
-3105
-3281
-3433
-3523
-3525
-3435
-3299
-3117
-3005
-3084
-3243
-3295
-3328
-3197
-2969
-2727
-2481
-2227
-2002
-1903
-2154
-2262
-2180
-1659
-1496
-1752
-1821
-1463
-1035
-799.2
-664.1
-532.7
-337.8
-23.1
335
1270
884.5
138.5
-325.2
-722.6
-1057
-1355
-1609
-1832
-2023
-2186
-2320
-2432
-2520
-2587
-2636
-2665
-2704
-2762
-2822
-2889
-2965
-3038
-3204
-3348
-3433
-3434
-3347
-3216
-3037
-2950
-3002
-3140
-3162
-3186
-3071
-2873
-2661
-2440
-2203
-1991
-1937
-2241
-2353
-1996
-1532
-1500
-1783
-1799
-1291
-904.8
-720.9
-604.5
-448.1
-191.1
191.5
578.6
1373
990.2
229.5
-241.3
-642.6
-978.6
-1277
-1530
-1752
-1945
-2109
-2247
-2363
-2456
-2528
-2580
-2613
-2653
-2711
-2768
-2831
-2901
-2965
-3120
-3253
-3331
-3328
-3242
-3114
-2938
-2872
-2898
-3018
-3017
-3036
-2941
-2778
-2601
-2406
-2187
-1987
-1970
-2254
-2333
-1827
-1452
-1573
-1756
-1696
-1123
-802.4
-662.3
-541.8
-341
-24.57
400.6
751.1
1480
1104
327.2
-153.8
-562
-901.1
-1199
-1450
-1670
-1862
-2026
-2165
-2285
-2381
-2457
-2515
-2552
-2597
-2656
-2715
-2777
-2844
-2903
-3049
-3171
-3238
-3227
-3134
-3002
-2819
-2769
-2770
-2872
-2840
-2842
-2759
-2628
-2485
-2320
-2128
-1953
-1988
-2205
-2202
-1657
-1386
-1637
-1686
-1506
-973.6
-716
-604.9
-465.1
-215.5
142.1
574.5
848.3
1580
1215
428.2
-61.67
-476.7
-819.7
-1117
-1366
-1584
-1772
-1934
-2073
-2194
-2293
-2372
-2432
-2473
-2520
-2580
-2638
-2698
-2761
-2814
-2951
-3063
-3121
-3104
-3008
-2873
-2686
-2647
-2624
-2716
-2660
-2651
-2581
-2480
-2366
-2225
-2051
-1895
-1977
-2096
-2077
-1524
-1350
-1661
-1677
-1301
-844.2
-644
-542
-368
-65.81
322.9
730.1
902.4
1665
1318
532.1
36.78
-384.1
-731
-1029
-1276
-1490
-1675
-1834
-1970
-2092
-2191
-2271
-2333
-2376
-2424
-2484
-2541
-2598
-2656
-2704
-2832
-2934
-2984
-2962
-2864
-2728
-2536
-2504
-2453
-2542
-2467
-2452
-2398
-2325
-2238
-2116
-1956
-1816
-1941
-1953
-1935
-1397
-1329
-1598
-1578
-1098
-718.2
-565.7
-449.9
-230.9
117
517.1
861.1
936.2
1724
1404
634.8
140
-284
-634.4
-931.8
-1176
-1387
-1568
-1722
-1855
-1976
-2074
-2154
-2216
-2259
-2308
-2369
-2424
-2478
-2531
-2573
-2691
-2784
-2826
-2800
-2702
-2566
-2369
-2334
-2251
-2350
-2261
-2243
-2209
-2165
-2102
-1996
-1848
-1723
-1889
-1789
-1753
-1255
-1282
-1454
-1421
-884.7
-582.4
-460
-319
-50.55
328.1
707.6
952.2
894.5
1749
1470
736.6
250.6
-172.8
-525.6
-822
-1064
-1271
-1447
-1596
-1725
-1843
-1939
-2018
-2080
-2124
-2173
-2233
-2286
-2336
-2384
-2421
-2528
-2611
-2646
-2616
-2520
-2385
-2186
-2133
-2021
-2136
-2038
-2024
-2016
-2004
-1965
-1874
-1735
-1624
-1785
-1683
-1540
-1112
-1211
-1252
-1175
-654.5
-427.5
-319.2
-147.8
163.5
544.1
858.5
1009
864.9
1717
1499
830.2
367.2
-48.65
-401.5
-695.7
-934.9
-1138
-1309
-1453
-1577
-1692
-1786
-1863
-1924
-1968
-2018
-2077
-2129
-2176
-2220
-2251
-2347
-2420
-2447
-2414
-2320
-2188
-1987
-1914
-1757
-1874
-1781
-1778
-1801
-1826
-1815
-1743
-1612
-1498
-1601
-1484
-1314
-964.6
-1093
-1053
-854.2
-425.4
-255.6
-151.4
49.35
382.9
755.4
1021
1092
951.1
1604
1465
899.8
482.2
86.29
-262.5
-553.5
-791.1
-991.3
-1158
-1296
-1415
-1526
-1616
-1689
-1747
-1790
-1839
-1898
-1948
-1993
-2033
-2060
-2146
-2208
-2228
-2194
-2104
-1978
-1783
-1683
-1520
-1574
-1497
-1499
-1549
-1607
-1623
-1571
-1451
-1329
-1373
-1237
-1087
-797.4
-907.6
-814.2
-527.5
-193.3
-75.77
30.69
261.8
614.5
983.1
1224
1225
1324
1457
1383
943.3
592
232
-103.2
-387.1
-622.3
-820.2
-983.7
-1117
-1230
-1337
-1422
-1491
-1545
-1585
-1633
-1689
-1736
-1778
-1813
-1837
-1914
-1969
-1985
-1955
-1875
-1761
-1578
-1452
-1306
-1276
-1222
-1230
-1299
-1376
-1407
-1365
-1250
-1118
-1128
-999.2
-860.9
-611.2
-653.1
-515.4
-204.7
36.66
111.9
231.7
500.9
879.7
1234
1454
1366
1725
1307
1265
956.3
689.4
384.3
76.41
-193.6
-423.8
-618.7
-779.8
-909.5
-1019
-1121
-1202
-1267
-1317
-1354
-1399
-1452
-1496
-1534
-1566
-1587
-1656
-1706
-1723
-1700
-1635
-1539
-1377
-1243
-1094
-967.2
-948.6
-962.4
-1038
-1122
-1160
-1125
-1013
-874.4
-865.8
-751.9
-620.2
-381.3
-347.2
-187.8
112.2
262.6
310.4
456
767.4
1171
1525
1668
1492
2185
1170
1145
956.8
788.1
559.2
296.9
50.44
-169.9
-360.8
-520.7
-649.7
-758.2
-857.5
-935.6
-998.7
-1047
-1082
-1126
-1176
-1217
-1252
-1281
-1302
-1364
-1410
-1429
-1417
-1372
-1300
-1168
-1043
-892.5
-688.1
-667.7
-691.1
-754.9
-831.2
-873.8
-843.2
-732.4
-592.8
-579.5
-487.9
-355.8
-103.5
-17.1
158.4
425.4
498
537.6
720.8
1077
1498
1837
1878
1806
2708
1008
973.9
874.7
800.6
662.6
466.6
259.3
59.89
-120
-274.8
-401.2
-507.5
-602.8
-678
-738.5
-783.5
-816.8
-858.3
-905.2
-943.2
-975.8
-1003
-1024
-1081
-1125
-1150
-1151
-1127
-1084
-988.5
-888.6
-758.4
-566.2
-446.1
-430.5
-422.7
-472.4
-550.9
-544.4
-446.7
-313.5
-291.4
-206.6
-73.51
189.2
298.4
493.9
720.8
734.5
782.3
1003
1391
1811
2133
2094
2312
3278
-2038
-2316
-2542
-2708
-2849
-2757
-2470
-2070
-1772
-1554
-1401
-1312
-1282
-1278
-1259
-1209
-1110
-925.5
-745
559.8
129.7
-595
-1047
-1435
-1756
-2030
-2254
-2434
-2575
-2681
-2761
-2837
-2896
-2943
-2982
-3012
-3085
-3203
-3329
-3467
-3617
-3766
-3983
-4115
-4124
-3998
-3761
-3476
-3162
-2823
-3031
-3397
-3624
-3648
-3366
-2872
-2285
-2092
-2355
-2597
-2775
-2901
-2648
-2222
-1908
-1672
-1508
-1413
-1387
-1408
-1435
-1421
-1363
-1246
-1036
-827.6
591.5
159.5
-556.7
-1007
-1394
-1716
-1992
-2217
-2399
-2542
-2649
-2730
-2804
-2861
-2906
-2942
-2969
-3037
-3149
-3271
-3406
-3555
-3704
-3930
-4078
-4108
-4003
-3783
-3512
-3210
-2867
-3095
-3479
-3730
-3775
-3496
-2999
-2431
-2134
-2387
-2646
-2861
-2703
-2413
-2017
-1782
-1611
-1511
-1482
-1510
-1566
-1605
-1580
-1503
-1357
-1106
-855
627.5
194
-515.6
-964.4
-1351
-1675
-1952
-2179
-2363
-2509
-2618
-2700
-2773
-2828
-2871
-2905
-2928
-2990
-3096
-3212
-3343
-3489
-3637
-3869
-4032
-4084
-4002
-3802
-3547
-3257
-2912
-3148
-3547
-3818
-3888
-3623
-3137
-2606
-2268
-2419
-2717
-2787
-2556
-2152
-1868
-1700
-1603
-1574
-1602
-1664
-1730
-1767
-1721
-1610
-1415
-1107
-805.7
669.5
234
-471.6
-920
-1308
-1633
-1912
-2141
-2328
-2476
-2587
-2670
-2742
-2796
-2836
-2867
-2886
-2942
-3041
-3150
-3274
-3415
-3559
-3795
-3972
-4044
-3988
-3813
-3577
-3304
-2965
-3192
-3595
-3883
-3982
-3742
-3279
-2790
-2465
-2414
-2604
-2578
-2265
-1968
-1768
-1672
-1657
-1696
-1754
-1815
-1871
-1898
-1815
-1647
-1386
-1022
-681.4
715
278.1
-425.8
-874.9
-1264
-1591
-1873
-2106
-2297
-2449
-2565
-2652
-2725
-2779
-2818
-2848
-2865
-2916
-3008
-3111
-3230
-3366
-3505
-3739
-3922
-4008
-3969
-3812
-3593
-3336
-3011
-3238
-3628
-3916
-4028
-3804
-3364
-2906
-2595
-2521
-2498
-2314
-2060
-1852
-1732
-1721
-1796
-1887
-1920
-1916
-1972
-1991
-1846
-1608
-1283
-874.8
-518.4
761.6
324.7
-378.5
-828.5
-1219
-1548
-1833
-2070
-2266
-2423
-2544
-2635
-2710
-2765
-2806
-2835
-2851
-2898
-2985
-3082
-3195
-3326
-3460
-3692
-3879
-3974
-3949
-3806
-3602
-3358
-3046
-3275
-3650
-3929
-4043
-3828
-3405
-2968
-2648
-2475
-2329
-2129
-1930
-1797
-1771
-1871
-2054
-2081
-1946
-1898
-2019
-2006
-1786
-1483
-1115
-699.1
-369
809.7
374.2
-328.6
-779.3
-1171
-1502
-1790
-2031
-2231
-2393
-2519
-2615
-2692
-2749
-2790
-2818
-2834
-2877
-2957
-3048
-3155
-3279
-3407
-3637
-3827
-3932
-3921
-3794
-3606
-3376
-3078
-3300
-3657
-3925
-4042
-3839
-3432
-3008
-2673
-2430
-2224
-2019
-1861
-1805
-1899
-2163
-2237
-2103
-1879
-1834
-2018
-1927
-1644
-1303
-932.5
-554.8
-286.2
859
427.2
-275.6
-727
-1120
-1453
-1744
-1988
-2192
-2360
-2491
-2591
-2671
-2730
-2772
-2800
-2815
-2854
-2929
-3013
-3113
-3231
-3352
-3577
-3769
-3882
-3885
-3775
-3603
-3385
-3104
-3311
-3647
-3899
-4017
-3827
-3438
-3027
-2680
-2397
-2159
-1960
-1846
-1883
-2158
-2348
-2297
-1985
-1795
-1825
-1956
-1771
-1452
-1110
-780.2
-472.9
-270.5
912.2
484.5
-220
-672.5
-1066
-1402
-1695
-1942
-2151
-2323
-2460
-2565
-2648
-2709
-2753
-2782
-2796
-2833
-2901
-2979
-3072
-3183
-3297
-3515
-3706
-3826
-3841
-3746
-3590
-3386
-3124
-3310
-3620
-3849
-3966
-3790
-3423
-3030
-2682
-2379
-2127
-1941
-1878
-2044
-2387
-2463
-2076
-1815
-1771
-1858
-1827
-1569
-1246
-940
-676.9
-441.4
-278.9
971.7
548
-159.9
-613.8
-1009
-1347
-1643
-1894
-2107
-2284
-2427
-2537
-2623
-2687
-2733
-2763
-2777
-2809
-2872
-2943
-3028
-3130
-3235
-3445
-3632
-3755
-3780
-3701
-3562
-3373
-3139
-3298
-3574
-3778
-3896
-3742
-3407
-3040
-2702
-2392
-2134
-1962
-1955
-2243
-2451
-2280
-1892
-1746
-1844
-1873
-1641
-1337
-1047
-806.8
-617.9
-431
-269.4
1037
618.3
-96.54
-553.1
-950.2
-1289
-1588
-1841
-2059
-2241
-2390
-2507
-2599
-2668
-2718
-2751
-2768
-2801
-2861
-2929
-3010
-3107
-3206
-3409
-3591
-3711
-3736
-3659
-3526
-3344
-3133
-3283
-3518
-3684
-3780
-3628
-3316
-2980
-2666
-2369
-2125
-1983
-2062
-2398
-2471
-2040
-1729
-1753
-1876
-1828
-1431
-1120
-889.4
-723
-588.7
-410
-209.3
1106
693
-29.66
-489.3
-888.3
-1229
-1529
-1785
-2006
-2193
-2347
-2470
-2567
-2641
-2695
-2732
-2751
-2784
-2842
-2907
-2984
-3075
-3167
-3363
-3540
-3657
-3683
-3609
-3481
-3306
-3115
-3252
-3454
-3587
-3663
-3514
-3227
-2920
-2628
-2347
-2117
-2014
-2220
-2378
-2328
-1849
-1639
-1850
-1918
-1640
-1217
-950.6
-798.4
-688.5
-564.3
-343.7
-70.77
1179
773.9
42.58
-420.8
-822.4
-1164
-1466
-1725
-1948
-2139
-2298
-2426
-2528
-2607
-2665
-2706
-2727
-2760
-2816
-2877
-2950
-3035
-3120
-3308
-3478
-3592
-3618
-3547
-3425
-3255
-3086
-3208
-3380
-3481
-3540
-3398
-3135
-2856
-2586
-2322
-2110
-2060
-2358
-2450
-2136
-1693
-1620
-1917
-1913
-1426
-1040
-847
-759.5
-665.1
-500.5
-201.9
148.8
1258
860.9
120.3
-347.4
-752.1
-1096
-1400
-1659
-1885
-2079
-2242
-2375
-2482
-2565
-2628
-2671
-2696
-2729
-2783
-2841
-2909
-2988
-3066
-3245
-3408
-3517
-3541
-3473
-3356
-3191
-3043
-3149
-3293
-3365
-3410
-3277
-3040
-2790
-2542
-2295
-2103
-2116
-2436
-2462
-1951
-1582
-1688
-1891
-1792
-1236
-913.6
-797.7
-738.9
-615.3
-375.2
7.373
401.4
1349
957.3
204.5
-269.4
-678.3
-1025
-1330
-1590
-1817
-2014
-2179
-2317
-2428
-2515
-2582
-2629
-2657
-2691
-2744
-2799
-2862
-2935
-3005
-3174
-3328
-3430
-3452
-3384
-3271
-3110
-2985
-3075
-3192
-3239
-3274
-3153
-2945
-2724
-2499
-2269
-2096
-2188
-2400
-2377
-1793
-1525
-1802
-1869
-1604
-1078
-837.3
-776.2
-703.8
-517.8
-195.2
241.9
600.2
1452
1065
298.5
-182.9
-596.7
-945.6
-1252
-1512
-1741
-1939
-2108
-2249
-2365
-2457
-2528
-2580
-2611
-2647
-2699
-2752
-2810
-2876
-2938
-3096
-3239
-3332
-3348
-3279
-3167
-3010
-2905
-2980
-3076
-3103
-3132
-3030
-2853
-2664
-2462
-2249
-2095
-2261
-2253
-2227
-1663
-1540
-1914
-1918
-1401
-958.9
-797.6
-757.3
-640.8
-383.7
-4.127
426.4
663.4
1555
1179
399
-92.12
-513.1
-865.9
-1173
-1433
-1661
-1858
-2028
-2171
-2291
-2388
-2464
-2521
-2557
-2597
-2652
-2707
-2765
-2829
-2885
-3035
-3167
-3248
-3252
-3173
-3055
-2893
-2804
-2863
-2936
-2936
-2951
-2860
-2713
-2555
-2379
-2190
-2071
-2288
-2201
-2025
-1544
-1590
-1911
-1830
-1207
-868.3
-768.5
-718.5
-545.1
-229.3
165.2
532.8
638.4
1648
1288
501.8
3.184
-424.6
-781.8
-1090
-1349
-1575
-1771
-1939
-2083
-2206
-2305
-2385
-2444
-2484
-2528
-2584
-2638
-2694
-2754
-2806
-2947
-3068
-3139
-3134
-3049
-2926
-2759
-2687
-2725
-2783
-2761
-2766
-2689
-2571
-2440
-2284
-2112
-2026
-2261
-2177
-1856
-1462
-1665
-1757
-1624
-1037
-796.6
-738.6
-655.7
-420.1
-57.63
316.9
575.5
537
1722
1384
605.2
103.6
-329.2
-690.5
-999.4
-1257
-1481
-1674
-1840
-1983
-2107
-2208
-2289
-2351
-2393
-2438
-2495
-2549
-2603
-2658
-2704
-2836
-2948
-3008
-2996
-2906
-2781
-2609
-2550
-2565
-2611
-2571
-2570
-2510
-2421
-2314
-2175
-2015
-1960
-2189
-2121
-1691
-1405
-1700
-1729
-1383
-893.2
-732.9
-688.8
-551
-253.2
130.8
446
567.8
418.2
1763
1460
704.6
207.3
-226.9
-591.1
-900.1
-1156
-1377
-1567
-1730
-1870
-1993
-2094
-2176
-2239
-2282
-2329
-2387
-2439
-2490
-2541
-2581
-2704
-2804
-2856
-2837
-2744
-2616
-2440
-2391
-2379
-2418
-2364
-2362
-2324
-2265
-2180
-2054
-1904
-1875
-2081
-2006
-1517
-1352
-1656
-1652
-1148
-758.7
-658.2
-598.9
-396
-45.33
330
552.7
497.2
442.9
1766
1511
800
316.6
-114.2
-479.7
-787.9
-1042
-1260
-1446
-1604
-1741
-1863
-1963
-2044
-2107
-2152
-2200
-2257
-2308
-2356
-2402
-2437
-2548
-2638
-2680
-2655
-2562
-2433
-2252
-2203
-2163
-2200
-2139
-2145
-2135
-2108
-2046
-1932
-1788
-1781
-1891
-1820
-1354
-1315
-1523
-1473
-902.9
-618.1
-556
-460.2
-196
183.9
505.2
590.6
498
839.3
1709
1520
882.4
428.4
9.565
-353.8
-659.2
-910.7
-1125
-1307
-1460
-1593
-1714
-1812
-1892
-1955
-2000
-2050
-2108
-2158
-2204
-2246
-2275
-2375
-2452
-2484
-2454
-2360
-2232
-2046
-1985
-1901
-1941
-1880
-1899
-1926
-1937
-1901
-1803
-1661
-1646
-1632
-1584
-1186
-1241
-1299
-1195
-653.8
-463.6
-421.7
-285.3
21.79
401
680.2
670.1
690.6
1353
1569
1459
934.5
534
141.2
-214.2
-514.8
-764.2
-975.9
-1154
-1301
-1429
-1547
-1642
-1720
-1781
-1825
-1876
-1935
-1985
-2029
-2068
-2093
-2182
-2248
-2270
-2235
-2142
-2016
-1826
-1738
-1599
-1653
-1587
-1617
-1676
-1723
-1714
-1635
-1498
-1453
-1372
-1327
-1006
-1107
-1018
-844.5
-396.7
-294.2
-265.1
-90.44
257.6
633.1
893.5
822.9
1091
1814
1405
1352
956.4
629.1
279.5
-57.04
-347.8
-593.5
-802.2
-976.3
-1119
-1242
-1356
-1447
-1521
-1579
-1622
-1672
-1729
-1777
-1818
-1854
-1876
-1955
-2013
-2030
-1996
-1911
-1793
-1607
-1497
-1299
-1353
-1301
-1342
-1424
-1494
-1501
-1433
-1294
-1220
-1122
-1082
-813.3
-889.3
-771.3
-478.9
-151.8
-121.8
-92.22
129.1
523.4
916.8
1109
995.5
1526
2230
1240
1213
945.3
706.5
418.8
116.4
-156.4
-394.5
-598.9
-769.7
-909
-1027
-1137
-1224
-1294
-1349
-1389
-1437
-1493
-1538
-1577
-1609
-1629
-1701
-1752
-1768
-1741
-1670
-1567
-1397
-1270
-1079
-1046
-1020
-1064
-1158
-1239
-1256
-1195
-1055
-960.4
-867.5
-829.6
-595.3
-614.6
-462.9
-134.1
77.12
52.04
101
375.9
809.5
1200
1309
1208
2012
2636
1065
1079
919.8
779
573.6
325.2
82.06
-142.2
-339.8
-507.8
-645.3
-762.1
-868.4
-953
-1022
-1075
-1114
-1161
-1215
-1258
-1295
-1325
-1345
-1410
-1458
-1476
-1460
-1407
-1327
-1185
-1055
-877.5
-746.7
-738.6
-778.8
-864.8
-947.3
-972.2
-915.5
-775.9
-671.8
-597.9
-558.8
-357.5
-295.4
-109.9
196.5
299.4
245.7
331.3
663.6
1126
1507
1537
1649
2539
3087
971.8
882.6
817
765.2
653
477.9
280.6
82.43
-100.6
-261.4
-394.6
-508
-609.6
-690.8
-757
-806.9
-844.4
-890
-940.6
-981.8
-1017
-1045
-1067
-1128
-1174
-1198
-1195
-1165
-1113
-1005
-892
-728.6
-529
-480.5
-478.6
-509.2
-597.9
-655.5
-619.7
-494.8
-391.5
-322.3
-266.3
-89.84
29.31
232.3
491.3
502.6
447
573
948.2
1416
1782
1778
2162
3075
3483
-2563
-2773
-2962
-2757
-2400
-2032
-1761
-1559
-1418
-1342
-1324
-1331
-1313
-1246
-1117
-903.9
-704.1
639.3
200.8
-524.3
-981.2
-1374
-1701
-1981
-2209
-2396
-2543
-2654
-2740
-2819
-2881
-2930
-2969
-2998
-3067
-3180
-3300
-3433
-3578
-3723
-3947
-4099
-4140
-4051
-3845
-3577
-3254
-2937
-3020
-3424
-3677
-3782
-3587
-3155
-2626
-2211
-2357
-2639
-2875
-2865
-2575
-2148
-1880
-1675
-1534
-1460
-1449
-1474
-1492
-1456
-1361
-1214
-993.7
-794
666.3
226.7
-489.5
-943.8
-1336
-1663
-1943
-2173
-2361
-2509
-2622
-2708
-2786
-2845
-2891
-2927
-2953
-3017
-3123
-3239
-3368
-3511
-3656
-3887
-4055
-4116
-4048
-3861
-3610
-3301
-2982
-3094
-3513
-3789
-3915
-3725
-3293
-2785
-2383
-2408
-2709
-2849
-2670
-2279
-1968
-1774
-1643
-1577
-1574
-1610
-1640
-1638
-1573
-1465
-1312
-1076
-843.7
698.3
257.9
-451.5
-904
-1295
-1624
-1905
-2136
-2326
-2476
-2591
-2677
-2753
-2810
-2854
-2888
-2910
-2968
-3068
-3177
-3301
-3441
-3584
-3820
-4001
-4082
-4038
-3873
-3640
-3347
-3029
-3156
-3585
-3879
-4027
-3848
-3422
-2933
-2558
-2472
-2623
-2644
-2375
-2066
-1849
-1728
-1683
-1700
-1752
-1796
-1777
-1745
-1674
-1560
-1377
-1090
-806.6
737.2
295.3
-410
-861.9
-1253
-1584
-1866
-2099
-2290
-2443
-2559
-2646
-2721
-2776
-2817
-2847
-2866
-2918
-3010
-3112
-3229
-3364
-3502
-3739
-3931
-4033
-4013
-3874
-3664
-3391
-3083
-3210
-3635
-3940
-4111
-3953
-3542
-3073
-2720
-2596
-2560
-2404
-2148
-1930
-1792
-1756
-1815
-1917
-1983
-1907
-1814
-1812
-1746
-1595
-1350
-1007
-684.7
780.2
337.2
-366.7
-819.1
-1212
-1544
-1829
-2065
-2260
-2416
-2537
-2627
-2702
-2757
-2798
-2827
-2843
-2890
-2976
-3071
-3183
-3312
-3445
-3681
-3878
-3990
-3987
-3866
-3674
-3420
-3127
-3266
-3672
-3971
-4146
-3993
-3592
-3139
-2782
-2567
-2417
-2220
-2013
-1864
-1813
-1889
-2081
-2172
-2017
-1819
-1797
-1881
-1770
-1549
-1242
-857.3
-519.7
824.8
382
-321.5
-774.9
-1169
-1503
-1791
-2030
-2230
-2390
-2515
-2610
-2687
-2743
-2784
-2813
-2828
-2871
-2951
-3041
-3147
-3271
-3399
-3632
-3831
-3952
-3962
-3854
-3678
-3440
-3158
-3311
-3694
-3980
-4149
-3993
-3599
-3158
-2796
-2529
-2315
-2107
-1939
-1864
-1932
-2182
-2331
-2238
-1979
-1757
-1848
-1905
-1698
-1411
-1066
-678.2
-372.1
871.5
430.3
-273.4
-727.6
-1123
-1459
-1749
-1992
-2196
-2361
-2491
-2589
-2668
-2726
-2767
-2796
-2809
-2849
-2922
-3006
-3106
-3224
-3346
-3575
-3777
-3906
-3928
-3836
-3676
-3455
-3182
-3341
-3700
-3972
-4134
-3978
-3593
-3164
-2797
-2498
-2252
-2047
-1921
-1937
-2182
-2429
-2411
-2089
-1823
-1733
-1908
-1818
-1542
-1221
-881.2
-540.4
-302
920.1
482.5
-221.8
-677
-1074
-1412
-1705
-1951
-2159
-2328
-2463
-2566
-2647
-2706
-2749
-2777
-2790
-2826
-2893
-2971
-3064
-3175
-3291
-3515
-3717
-3852
-3887
-3811
-3667
-3461
-3200
-3356
-3688
-3941
-4095
-3943
-3571
-3157
-2791
-2475
-2217
-2026
-1953
-2097
-2462
-2569
-2200
-1878
-1774
-1773
-1871
-1648
-1339
-1028
-740
-477.5
-304.1
973.7
539.7
-166.8
-623.6
-1022
-1363
-1658
-1908
-2119
-2293
-2433
-2541
-2624
-2686
-2730
-2759
-2771
-2804
-2866
-2937
-3023
-3128
-3236
-3453
-3653
-3793
-3838
-3776
-3648
-3458
-3210
-3358
-3658
-3888
-4033
-3886
-3533
-3140
-2782
-2463
-2206
-2037
-2033
-2333
-2546
-2397
-1974
-1767
-1820
-1873
-1726
-1435
-1134
-872.8
-662.3
-468.9
-321.4
1034
603.8
-106.9
-565.8
-966.6
-1310
-1608
-1861
-2077
-2256
-2401
-2514
-2600
-2664
-2710
-2739
-2752
-2781
-2837
-2901
-2980
-3076
-3175
-3382
-3578
-3720
-3773
-3724
-3613
-3440
-3213
-3350
-3611
-3815
-3954
-3822
-3497
-3134
-2793
-2479
-2225
-2081
-2166
-2503
-2601
-2162
-1820
-1773
-1920
-1872
-1514
-1202
-956.2
-775.3
-637.7
-474.3
-301.7
1102
675.4
-43.04
-505.4
-908.7
-1254
-1555
-1811
-2031
-2216
-2367
-2486
-2577
-2647
-2697
-2729
-2744
-2773
-2828
-2889
-2964
-3056
-3149
-3350
-3541
-3679
-3731
-3682
-3574
-3409
-3198
-3339
-3559
-3729
-3840
-3702
-3397
-3065
-2751
-2456
-2224
-2127
-2358
-2470
-2405
-1932
-1704
-1891
-1933
-1721
-1279
-1002
-842.5
-738
-634.9
-446.7
-205.5
1172
751.8
25.04
-441.2
-847.3
-1195
-1498
-1757
-1981
-2170
-2327
-2452
-2549
-2623
-2677
-2712
-2730
-2759
-2811
-2870
-2941
-3027
-3114
-3309
-3494
-3628
-3679
-3631
-3527
-3369
-3171
-3315
-3498
-3638
-3726
-3585
-3301
-2998
-2708
-2433
-2222
-2192
-2508
-2581
-2178
-1757
-1688
-2005
-1986
-1471
-1069
-877.3
-807
-740.8
-612.2
-347.1
-16.8
1248
834.6
98.93
-371.7
-781.3
-1131
-1437
-1699
-1926
-2120
-2281
-2411
-2513
-2591
-2649
-2689
-2708
-2738
-2788
-2843
-2910
-2990
-3071
-3258
-3437
-3567
-3616
-3569
-3469
-3318
-3133
-3276
-3427
-3539
-3607
-3467
-3205
-2929
-2663
-2406
-2220
-2273
-2561
-2547
-1984
-1641
-1794
-1964
-1822
-1238
-923
-834.9
-815.5
-729.2
-522.7
-160.7
229.8
1328
923.5
178.7
-296.9
-710.4
-1063
-1372
-1636
-1866
-2063
-2228
-2363
-2470
-2553
-2615
-2658
-2680
-2710
-2758
-2811
-2873
-2947
-3021
-3200
-3371
-3496
-3542
-3495
-3398
-3253
-3083
-3223
-3343
-3431
-3483
-3347
-3109
-2861
-2616
-2378
-2223
-2399
-2487
-2403
-1813
-1597
-1935
-2003
-1566
-1057
-854.9
-844.3
-818.7
-662.7
-359
71.88
435.7
1419
1022
265.6
-216.6
-635.2
-991.7
-1302
-1568
-1800
-2000
-2169
-2309
-2420
-2507
-2573
-2620
-2646
-2676
-2723
-2773
-2831
-2899
-2965
-3135
-3296
-3414
-3455
-3407
-3312
-3173
-3018
-3155
-3248
-3313
-3353
-3226
-3014
-2793
-2569
-2350
-2235
-2497
-2489
-2213
-1680
-1633
-2015
-1968
-1333
-941.1
-846.1
-861.5
-778.3
-531.4
-154.6
266.9
487.8
1522
1132
362.2
-127.7
-552.1
-912.3
-1225
-1493
-1727
-1929
-2102
-2246
-2362
-2454
-2524
-2575
-2604
-2636
-2683
-2730
-2784
-2846
-2903
-3062
-3213
-3320
-3353
-3301
-3207
-3072
-2935
-3069
-3139
-3187
-3222
-3109
-2925
-2731
-2527
-2323
-2249
-2516
-2487
-2023
-1609
-1785
-1955
-1794
-1153
-882.6
-860
-851.4
-688.2
-369.1
15.07
332.8
374.8
1623
1246
465
-33.93
-465.7
-830.5
-1146
-1414
-1648
-1851
-2025
-2172
-2293
-2390
-2466
-2522
-2556
-2594
-2644
-2693
-2746
-2806
-2860
-3011
-3151
-3245
-3264
-3200
-3096
-2956
-2834
-2964
-3009
-3035
-3055
-2953
-2795
-2627
-2443
-2260
-2235
-2463
-2386
-1841
-1571
-1913
-1992
-1554
-1017
-857.8
-863.6
-798.7
-560.7
-211.9
113
286
138.2
1709
1352
569.4
64.25
-374.2
-743.8
-1061
-1329
-1563
-1765
-1939
-2088
-2212
-2312
-2392
-2451
-2489
-2530
-2582
-2632
-2684
-2740
-2789
-2932
-3062
-3144
-3152
-3079
-2969
-2825
-2718
-2836
-2861
-2867
-2878
-2789
-2658
-2514
-2347
-2181
-2214
-2357
-2270
-1695
-1583
-1965
-1961
-1304
-909.7
-843.2
-844.6
-709.6
-412.7
-69.37
150.7
120.8
48.04
1771
1442
672.1
166.4
-276.1
-649.8
-968.5
-1236
-1469
-1670
-1843
-1990
-2116
-2219
-2301
-2363
-2404
-2447
-2500
-2550
-2600
-2652
-2696
-2831
-2950
-3021
-3019
-2939
-2824
-2676
-2583
-2683
-2693
-2681
-2687
-2616
-2512
-2389
-2236
-2086
-2176
-2197
-2121
-1565
-1641
-1856
-1764
-1096
-831.1
-824.2
-787.6
-574.4
-241.1
52.18
111.9
38.22
293.4
1796
1508
768.2
270.4
-171.7
-547.7
-867
-1134
-1364
-1563
-1733
-1879
-2006
-2109
-2192
-2256
-2299
-2344
-2398
-2447
-2495
-2543
-2581
-2706
-2814
-2874
-2864
-2778
-2660
-2506
-2427
-2502
-2501
-2476
-2482
-2434
-2359
-2256
-2113
-1976
-2116
-1990
-1925
-1443
-1686
-1692
-1504
-915.5
-764.4
-778.2
-677.3
-389.9
-46.61
159
62.58
166.9
813.4
1779
1545
857.4
378.2
-57.78
-433.9
-752.3
-1017
-1246
-1441
-1608
-1752
-1878
-1981
-2064
-2129
-2173
-2220
-2275
-2323
-2368
-2412
-2444
-2558
-2654
-2704
-2685
-2596
-2475
-2317
-2244
-2289
-2282
-2251
-2266
-2250
-2206
-2123
-1989
-1862
-2012
-1843
-1706
-1360
-1675
-1658
-1222
-757
-688.3
-686.9
-510.9
-166.2
156
196.8
132.4
607.1
1368
1698
1535
928.8
485.1
64.96
-306.7
-621.7
-884.3
-1109
-1301
-1463
-1604
-1729
-1832
-1915
-1980
-2026
-2076
-2132
-2180
-2224
-2264
-2290
-2393
-2476
-2513
-2487
-2394
-2271
-2105
-2030
-2033
-2024
-1991
-2024
-2047
-2042
-1983
-1860
-1735
-1829
-1644
-1487
-1293
-1581
-1512
-936.2
-598.2
-585.9
-552.2
-310.8
56.92
326.4
297.1
429.9
1140
1752
1535
1450
963.5
580.5
192.4
-167.4
-475.9
-735.6
-957.6
-1145
-1302
-1438
-1562
-1662
-1744
-1808
-1855
-1906
-1965
-2014
-2057
-2095
-2117
-2209
-2279
-2304
-2269
-2175
-2051
-1878
-1791
-1741
-1728
-1692
-1740
-1800
-1833
-1802
-1696
-1564
-1589
-1389
-1275
-1206
-1370
-1220
-620.7
-421.2
-456.5
-389.8
-88.75
317.9
532.5
504.3
845.9
1605
2027
1353
1320
963.9
660.4
322.2
-13.4
-309.2
-563.7
-781.9
-965.5
-1118
-1249
-1369
-1466
-1545
-1607
-1653
-1704
-1762
-1810
-1852
-1886
-1906
-1989
-2049
-2067
-2032
-1942
-1824
-1647
-1544
-1427
-1426
-1396
-1459
-1548
-1606
-1594
-1496
-1353
-1328
-1139
-1066
-1048
-1046
-835.9
-320.9
-246.5
-313.7
-202.7
163.8
593.6
739.1
709.4
1290
1996
2278
1165
1162
929.1
717.1
447.4
152.5
-121.1
-365.5
-577.7
-757.1
-905
-1032
-1148
-1240
-1317
-1376
-1419
-1470
-1527
-1574
-1613
-1645
-1664
-1739
-1792
-1808
-1777
-1699
-1592
-1420
-1293
-1106
-1123
-1103
-1175
-1281
-1354
-1353
-1264
-1111
-1053
-884.3
-847.8
-832.8
-698.3
-427.8
-50.86
-85.06
-156.9
13.62
443.4
883.9
964.4
1076
1756
2356
2437
1004
1010
878.5
763
580.9
347.9
110
-116.1
-318.8
-493.5
-638.5
-762.7
-875.3
-966
-1040
-1098
-1141
-1192
-1248
-1293
-1332
-1363
-1383
-1451
-1500
-1518
-1497
-1438
-1351
-1200
-1064
-851.5
-812.9
-811.2
-879.8
-984.7
-1066
-1074
-990.1
-836
-763.2
-619.6
-610
-558.5
-374.2
-30.47
182.2
77.99
31.81
270.2
751.8
1188
1221
1509
2224
2699
2491
927
824.1
758.6
725.1
636.4
482.6
296.7
101.6
-82.97
-248
-386.9
-506.4
-613.4
-700.2
-771.6
-826.2
-867.8
-917.3
-971.4
-1015
-1053
-1083
-1105
-1169
-1217
-1240
-1234
-1197
-1138
-1018
-889.3
-690.3
-541.1
-529.9
-560.4
-633.3
-730.7
-765.9
-705.3
-567.8
-488.7
-347.5
-359.1
-267.4
-35.39
293.5
363.9
228.6
227.4
516.3
1026
1437
1473
1980
2703
2955
2436
-2969
-2748
-2317
-2015
-1777
-1596
-1473
-1416
-1417
-1440
-1436
-1327
-1112
-821.4
-590.6
716
269.6
-454.9
-916.1
-1314
-1647
-1932
-2166
-2359
-2513
-2632
-2723
-2807
-2872
-2923
-2963
-2991
-3056
-3163
-3276
-3402
-3540
-3678
-3905
-4074
-4143
-4089
-3917
-3672
-3342
-3059
-3007
-3438
-3705
-3885
-3787
-3433
-2965
-2532
-2380
-2674
-2860
-2778
-2439
-2101
-1878
-1708
-1597
-1554
-1573
-1613
-1619
-1514
-1313
-1086
-849.3
-683.2
738
291.4
-424.1
-882.1
-1278
-1611
-1896
-2132
-2325
-2480
-2599
-2691
-2772
-2834
-2882
-2919
-2943
-3003
-3104
-3212
-3333
-3469
-3606
-3839
-4021
-4109
-4077
-3926
-3699
-3387
-3104
-3091
-3535
-3822
-4022
-3928
-3569
-3107
-2705
-2560
-2636
-2713
-2505
-2191
-1952
-1798
-1709
-1689
-1737
-1816
-1792
-1670
-1487
-1305
-1155
-971.6
-794.6
765.6
319
-389.4
-845.2
-1241
-1574
-1859
-2096
-2291
-2447
-2567
-2659
-2738
-2798
-2843
-2877
-2898
-2952
-3045
-3147
-3263
-3395
-3530
-3765
-3958
-4065
-4056
-3928
-3723
-3430
-3151
-3163
-3612
-3912
-4131
-4044
-3685
-3228
-2847
-2674
-2631
-2503
-2261
-2033
-1868
-1791
-1807
-1901
-2042
-1986
-1765
-1602
-1483
-1396
-1271
-1033
-785.8
800.9
353.3
-350.9
-805.7
-1201
-1536
-1822
-2059
-2255
-2413
-2534
-2627
-2704
-2761
-2804
-2834
-2851
-2899
-2984
-3078
-3188
-3314
-3443
-3678
-3879
-4004
-4020
-3917
-3738
-3470
-3203
-3226
-3664
-3970
-4206
-4132
-3779
-3327
-2940
-2684
-2523
-2329
-2115
-1944
-1855
-1882
-2048
-2243
-2164
-1976
-1700
-1579
-1570
-1481
-1275
-969.6
-676.9
840.9
392.6
-310.3
-765.5
-1162
-1498
-1786
-2026
-2225
-2386
-2511
-2606
-2684
-2741
-2783
-2812
-2827
-2870
-2948
-3036
-3139
-3260
-3383
-3615
-3820
-3955
-3986
-3901
-3741
-3495
-3243
-3291
-3703
-4000
-4232
-4153
-3800
-3356
-2966
-2669
-2442
-2223
-2034
-1922
-1934
-2126
-2381
-2393
-2156
-1823
-1633
-1706
-1655
-1460
-1183
-830
-517.9
883
435.2
-267.6
-723.6
-1121
-1460
-1750
-1993
-2196
-2361
-2490
-2589
-2667
-2726
-2768
-2796
-2810
-2849
-2922
-3004
-3102
-3217
-3336
-3564
-3771
-3913
-3954
-3883
-3739
-3512
-3269
-3344
-3727
-4009
-4226
-4133
-3778
-3343
-2955
-2635
-2377
-2156
-2003
-1972
-2147
-2457
-2531
-2260
-1906
-1736
-1705
-1806
-1599
-1332
-1015
-658.5
-378
927.8
481.7
-221.6
-678.5
-1077
-1418
-1710
-1956
-2162
-2331
-2465
-2567
-2647
-2707
-2750
-2778
-2790
-2825
-2892
-2968
-3059
-3168
-3281
-3505
-3713
-3862
-3915
-3859
-3731
-3524
-3285
-3379
-3732
-3999
-4202
-4099
-3745
-3322
-2939
-2608
-2338
-2128
-2022
-2108
-2468
-2649
-2377
-1999
-1790
-1768
-1858
-1730
-1450
-1150
-841.4
-535.9
-324.3
975.3
532.6
-171.7
-629.7
-1030
-1373
-1667
-1916
-2126
-2299
-2437
-2543
-2626
-2687
-2730
-2758
-2770
-2801
-2862
-2931
-3016
-3119
-3225
-3444
-3651
-3805
-3869
-3827
-3716
-3527
-3292
-3398
-3719
-3967
-4154
-4044
-3699
-3293
-2920
-2588
-2319
-2131
-2092
-2355
-2566
-2563
-2117
-1829
-1803
-1785
-1827
-1552
-1251
-969.6
-721.7
-496.6
-343.1
1029
589.2
-117.8
-577.7
-980.2
-1326
-1622
-1874
-2088
-2265
-2407
-2518
-2602
-2665
-2710
-2739
-2750
-2778
-2833
-2897
-2975
-3071
-3170
-3381
-3586
-3743
-3816
-3787
-3691
-3520
-3292
-3403
-3688
-3913
-4084
-3971
-3641
-3258
-2902
-2578
-2318
-2161
-2221
-2574
-2713
-2306
-1918
-1763
-1895
-1915
-1649
-1334
-1059
-841.1
-674.6
-509
-362.2
1090
653.2
-58.52
-521.1
-926.1
-1274
-1574
-1829
-2047
-2228
-2376
-2491
-2578
-2643
-2689
-2718
-2730
-2755
-2804
-2861
-2931
-3019
-3109
-3311
-3509
-3666
-3745
-3728
-3648
-3497
-3284
-3398
-3640
-3841
-3999
-3891
-3586
-3235
-2902
-2590
-2342
-2225
-2434
-2560
-2554
-2087
-1791
-1852
-1950
-1842
-1406
-1107
-912.2
-783.2
-679.3
-518.3
-318
1159
725.4
5.426
-461.2
-869.3
-1220
-1523
-1781
-2003
-2190
-2344
-2465
-2557
-2627
-2677
-2709
-2723
-2748
-2796
-2850
-2917
-3001
-3086
-3282
-3476
-3629
-3705
-3686
-3608
-3465
-3259
-3393
-3593
-3764
-3890
-3770
-3480
-3159
-2854
-2565
-2341
-2299
-2605
-2694
-2296
-1873
-1731
-2027
-2033
-1594
-1161
-936.8
-846
-784.4
-685.8
-464.8
-171.2
1231
802.8
74.16
-396.9
-808.5
-1162
-1468
-1730
-1955
-2147
-2306
-2433
-2530
-2604
-2658
-2694
-2710
-2735
-2781
-2832
-2896
-2974
-3054
-3244
-3432
-3581
-3655
-3636
-3559
-3423
-3222
-3374
-3537
-3681
-3781
-3651
-3378
-3086
-2805
-2537
-2341
-2395
-2654
-2648
-2085
-1720
-1811
-2042
-1929
-1319
-970.4
-865.6
-857.6
-803.4
-640.8
-315.8
65.27
1308
886.8
149.2
-326.9
-742.7
-1100
-1408
-1673
-1903
-2099
-2262
-2395
-2496
-2575
-2633
-2672
-2690
-2716
-2759
-2808
-2867
-2940
-3014
-3197
-3380
-3524
-3595
-3574
-3500
-3371
-3175
-3341
-3470
-3591
-3668
-3533
-3279
-3013
-2755
-2506
-2349
-2552
-2573
-2479
-1892
-1657
-1984
-2071
-1625
-1091
-877.5
-881.1
-891.4
-775.8
-507.3
-91.53
290.9
1389
976.9
230.5
-250.9
-671.4
-1032
-1344
-1612
-1845
-2044
-2213
-2350
-2456
-2539
-2601
-2643
-2664
-2690
-2732
-2778
-2833
-2901
-2968
-3143
-3319
-3457
-3523
-3501
-3428
-3307
-3116
-3294
-3392
-3492
-3550
-3414
-3181
-2941
-2703
-2474
-2372
-2657
-2672
-2253
-1743
-1692
-2055
-2012
-1343
-949.7
-877.1
-929.5
-887.7
-670.1
-310.5
109.1
342.5
1482
1077
319.8
-168.6
-595
-959.8
-1275
-1545
-1781
-1984
-2157
-2298
-2409
-2496
-2562
-2608
-2633
-2659
-2700
-2743
-2794
-2856
-2916
-3083
-3249
-3379
-3439
-3414
-3342
-3226
-3045
-3233
-3302
-3385
-3428
-3297
-3086
-2871
-2651
-2439
-2399
-2656
-2646
-2064
-1657
-1860
-1975
-1764
-1130
-898
-924.4
-953.7
-813.8
-504.5
-133.7
148.5
132.3
1585
1188
418.5
-77.7
-510.4
-879.9
-1198
-1471
-1710
-1916
-2093
-2239
-2355
-2447
-2517
-2566
-2594
-2623
-2663
-2704
-2751
-2807
-2859
-3015
-3170
-3289
-3341
-3310
-3236
-3127
-2958
-3156
-3202
-3271
-3307
-3185
-2997
-2805
-2601
-2406
-2440
-2568
-2545
-1905
-1662
-2025
-2077
-1485
-1004
-905.9
-962.9
-920.1
-687.6
-353.7
-88.15
-27.68
-220.7
1683
1302
523.6
18.73
-421.6
-796.2
-1118
-1392
-1632
-1840
-2019
-2169
-2290
-2388
-2464
-2519
-2552
-2586
-2630
-2673
-2721
-2775
-2824
-2974
-3119
-3225
-3261
-3214
-3128
-3014
-2855
-3062
-3084
-3136
-3158
-3044
-2877
-2704
-2514
-2343
-2472
-2406
-2355
-1746
-1727
-2044
-1997
-1271
-937.5
-933.5
-965
-833.5
-552.5
-275.8
-166.4
-302.1
-244.4
1764
1407
629.5
119.6
-327.3
-707
-1032
-1307
-1547
-1756
-1935
-2088
-2213
-2314
-2394
-2453
-2490
-2528
-2574
-2618
-2665
-2717
-2761
-2904
-3039
-3132
-3155
-3098
-3004
-2886
-2738
-2943
-2945
-2979
-2991
-2889
-2746
-2592
-2414
-2273
-2472
-2342
-2150
-1637
-1866
-1934
-1745
-1081
-899
-951
-928.1
-721.2
-444.6
-261.8
-364.4
-299
218.5
1817
1493
732.1
223.5
-226.7
-610.4
-937.2
-1213
-1453
-1661
-1840
-1993
-2120
-2225
-2307
-2369
-2410
-2450
-2498
-2543
-2588
-2637
-2676
-2811
-2936
-3018
-3029
-2962
-2861
-2739
-2604
-2798
-2782
-2800
-2806
-2721
-2604
-2467
-2300
-2194
-2416
-2316
-1948
-1582
-1946
-2003
-1445
-944.2
-885.4
-945.1
-847.2
-591.3
-360.3
-353.8
-378.7
58.22
868.6
1828
1551
825.7
328.1
-120.2
-505.7
-833.4
-1109
-1348
-1554
-1731
-1883
-2012
-2118
-2203
-2267
-2310
-2353
-2402
-2447
-2491
-2535
-2569
-2695
-2809
-2879
-2879
-2804
-2698
-2572
-2449
-2622
-2593
-2599
-2606
-2544
-2454
-2333
-2173
-2096
-2303
-2222
-1745
-1558
-1920
-1903
-1179
-843.4
-870.4
-895.6
-719
-443.3
-315.8
-359.7
-126.7
661.6
1342
1795
1578
910
434.9
-5.037
-389.5
-716.4
-990.9
-1228
-1431
-1606
-1757
-1886
-1992
-2078
-2143
-2189
-2234
-2285
-2330
-2371
-2411
-2439
-2555
-2657
-2714
-2705
-2624
-2514
-2382
-2269
-2413
-2376
-2375
-2394
-2364
-2303
-2199
-2042
-1981
-2117
-2055
-1571
-1597
-1760
-1671
-954.6
-760.1
-825.1
-790
-546.6
-275.2
-258.4
-157.9
400.8
1227
1525
1694
1552
972
537.3
116.7
-261.4
-584.2
-856.2
-1090
-1290
-1461
-1609
-1739
-1845
-1931
-1998
-2046
-2094
-2148
-2194
-2235
-2272
-2294
-2399
-2486
-2530
-2509
-2422
-2308
-2167
-2057
-2159
-2118
-2116
-2156
-2168
-2145
-2062
-1911
-1853
-1864
-1814
-1428
-1635
-1570
-1361
-744.3
-669.4
-738.5
-641.5
-347.4
-126.6
-73.56
244.2
967.3
1501
1543
1508
1445
990.8
623.4
240
-122.8
-437.6
-706
-936.5
-1133
-1298
-1442
-1571
-1676
-1762
-1829
-1878
-1930
-1987
-2035
-2076
-2112
-2131
-2225
-2299
-2327
-2295
-2202
-2084
-1932
-1821
-1863
-1818
-1812
-1871
-1926
-1942
-1886
-1748
-1669
-1589
-1543
-1299
-1565
-1460
-979.8
-525.9
-554.4
-619.7
-463.6
-126.5
77.9
216.3
715.1
1341
1648
1497
1306
1292
970.8
688.5
361.2
27.51
-272
-533.7
-759.6
-951.2
-1112
-1251
-1377
-1479
-1563
-1629
-1677
-1731
-1789
-1837
-1877
-1910
-1928
-2013
-2075
-2095
-2059
-1968
-1853
-1691
-1573
-1548
-1510
-1508
-1586
-1675
-1719
-1684
-1552
-1442
-1319
-1291
-1168
-1366
-1190
-586.8
-316.6
-431.8
-475
-242.6
155.7
343.1
572.3
1139
1595
1741
1433
1095
1116
913
725
472.1
185.3
-87.98
-337
-555.4
-741.7
-897.1
-1031
-1153
-1252
-1333
-1397
-1444
-1497
-1556
-1603
-1643
-1674
-1692
-1768
-1824
-1840
-1807
-1725
-1618
-1452
-1319
-1222
-1200
-1205
-1297
-1408
-1471
-1451
-1325
-1189
-1055
-1043
-1019
-1063
-792.6
-218.9
-142.1
-307
-300
21.21
477.5
631.7
962.7
1518
1837
1785
1486
981.5
945
838.8
745
584
366.4
134.7
-91.93
-297.9
-477.7
-628.8
-759.4
-877.6
-974
-1054
-1116
-1163
-1218
-1276
-1323
-1363
-1394
-1414
-1485
-1536
-1553
-1529
-1464
-1374
-1218
-1070
-894.8
-889.6
-901.5
-995.1
-1112
-1187
-1179
-1063
-916.9
-797.6
-782.1
-804.4
-676.6
-330.8
79.87
4.112
-159.4
-82.57
324.9
807.5
914.1
1349
1866
2062
1805
2175
950.9
816
701
685.9
616.4
482.6
308.8
117.8
-66.78
-234.5
-377.6
-501.9
-613.5
-705.2
-781.6
-840.7
-886.5
-939.8
-997.2
-1044
-1084
-1115
-1138
-1205
-1255
-1278
-1268
-1225
-1159
-1026
-877.2
-648.1
-593.7
-611.7
-672.2
-771.3
-865.9
-885.2
-799.3
-670.1
-553.6
-509.9
-574.6
-341.4
73.67
275.1
106.7
-14.72
128.2
579.7
1069
1165
1726
2197
2180
1958
2989
-2268
-2032
-1834
-1676
-1574
-1548
-1597
-1685
-1623
-1430
-1146
-821.3
-595.8
785.6
333.6
-388.2
-852.3
-1255
-1593
-1884
-2125
-2326
-2488
-2614
-2713
-2802
-2871
-2924
-2966
-2993
-3055
-3156
-3262
-3380
-3510
-3639
-3864
-4043
-4134
-4113
-3975
-3755
-3422
-3174
-2980
-3430
-3709
-3952
-3948
-3680
-3269
-2875
-2662
-2685
-2761
-2626
-2341
-2096
-1918
-1782
-1703
-1705
-1805
-1881
-1767
-1578
-1292
-1023
-774.5
-600.8
802.6
351.3
-361.4
-821.9
-1222
-1560
-1851
-2092
-2293
-2455
-2582
-2680
-2766
-2832
-2882
-2920
-2944
-3000
-3094
-3194
-3307
-3435
-3562
-3791
-3981
-4090
-4091
-3974
-3775
-3463
-3217
-3080
-3539
-3829
-4092
-4091
-3811
-3392
-3000
-2767
-2704
-2601
-2392
-2167
-1983
-1862
-1813
-1850
-2013
-2081
-1964
-1711
-1429
-1201
-1005
-872
-760.8
825.6
375.2
-330.4
-788.3
-1187
-1526
-1816
-2058
-2259
-2422
-2549
-2648
-2731
-2794
-2842
-2876
-2896
-2946
-3033
-3126
-3234
-3356
-3480
-3710
-3909
-4036
-4059
-3965
-3790
-3501
-3262
-3162
-3622
-3921
-4199
-4201
-3912
-3484
-3084
-2799
-2628
-2450
-2243
-2060
-1931
-1888
-1969
-2193
-2263
-2174
-1856
-1548
-1365
-1219
-1154
-988
-781.7
857.1
406.3
-295.1
-751.7
-1150
-1490
-1780
-2022
-2224
-2388
-2516
-2614
-2695
-2755
-2800
-2831
-2847
-2891
-2969
-3055
-3154
-3271
-3389
-3616
-3822
-3964
-4009
-3943
-3795
-3535
-3310
-3233
-3678
-3978
-4266
-4275
-3985
-3556
-3146
-2820
-2581
-2359
-2157
-2012
-1955
-2039
-2325
-2396
-2343
-1982
-1683
-1506
-1408
-1367
-1211
-948.9
-691.1
893.9
442.8
-257.5
-714.2
-1113
-1455
-1746
-1990
-2194
-2361
-2492
-2592
-2673
-2733
-2777
-2806
-2820
-2859
-2930
-3009
-3103
-3213
-3326
-3549
-3757
-3908
-3967
-3918
-3790
-3556
-3345
-3307
-3721
-4010
-4288
-4282
-3984
-3557
-3150
-2806
-2535
-2299
-2115
-2022
-2083
-2376
-2527
-2463
-2079
-1793
-1648
-1585
-1570
-1392
-1147
-829.1
-543.7
933.1
482.8
-217.6
-675.1
-1075
-1418
-1711
-1958
-2166
-2335
-2470
-2574
-2655
-2716
-2760
-2789
-2802
-2836
-2902
-2976
-3064
-3169
-3276
-3496
-3704
-3860
-3930
-3893
-3782
-3570
-3364
-3367
-3748
-4021
-4280
-4250
-3940
-3520
-3121
-2773
-2490
-2260
-2110
-2107
-2381
-2578
-2564
-2183
-1880
-1759
-1670
-1758
-1538
-1289
-1000
-671.8
-411.2
975.5
526.9
-174.2
-632.5
-1034
-1379
-1673
-1923
-2133
-2306
-2444
-2551
-2634
-2696
-2740
-2768
-2780
-2811
-2870
-2938
-3019
-3118
-3220
-3434
-3642
-3805
-3885
-3863
-3768
-3578
-3373
-3408
-3754
-4013
-4251
-4202
-3886
-3478
-3092
-2747
-2464
-2249
-2152
-2307
-2586
-2719
-2310
-1973
-1793
-1827
-1855
-1691
-1406
-1127
-844.7
-564
-366.8
1021
575.8
-126.3
-585.7
-988.9
-1336
-1632
-1884
-2097
-2274
-2416
-2527
-2611
-2674
-2719
-2747
-2758
-2785
-2839
-2900
-2975
-3067
-3162
-3371
-3577
-3744
-3833
-3825
-3748
-3579
-3373
-3432
-3741
-3981
-4198
-4133
-3820
-3431
-3063
-2727
-2453
-2265
-2254
-2567
-2757
-2499
-2095
-1828
-1854
-1828
-1817
-1512
-1223
-966.4
-745.6
-540.4
-391
1074
631.2
-73.93
-535.4
-940.7
-1290
-1589
-1843
-2059
-2240
-2386
-2500
-2587
-2651
-2697
-2726
-2737
-2761
-2809
-2864
-2933
-3018
-3107
-3308
-3511
-3679
-3776
-3780
-3718
-3569
-3363
-3441
-3709
-3929
-4124
-4047
-3745
-3381
-3036
-2716
-2456
-2304
-2434
-2622
-2703
-2273
-1914
-1797
-1959
-1950
-1608
-1295
-1049
-862.4
-719.6
-560.6
-399.4
1135
694.2
-15.87
-480.3
-888.3
-1241
-1542
-1799
-2019
-2204
-2355
-2473
-2561
-2628
-2675
-2704
-2715
-2736
-2778
-2827
-2888
-2965
-3046
-3236
-3433
-3600
-3701
-3715
-3668
-3542
-3344
-3439
-3662
-3859
-4035
-3954
-3673
-3342
-3024
-2721
-2477
-2386
-2641
-2748
-2485
-2071
-1810
-1955
-1929
-1785
-1343
-1081
-931.5
-833.4
-737.6
-558.3
-319.6
1205
766
47.5
-421.3
-832.8
-1188
-1492
-1753
-1977
-2167
-2323
-2448
-2541
-2612
-2663
-2695
-2709
-2730
-2770
-2816
-2875
-2948
-3024
-3210
-3402
-3565
-3663
-3674
-3627
-3509
-3310
-3439
-3620
-3792
-3934
-3833
-3562
-3260
-2970
-2690
-2471
-2474
-2712
-2753
-2259
-1868
-1801
-2093
-2042
-1494
-1107
-944.1
-901.1
-853
-733.2
-465.2
-118.2
1277
843.3
116.1
-357.5
-772.9
-1131
-1439
-1703
-1931
-2125
-2287
-2417
-2514
-2590
-2644
-2680
-2696
-2717
-2756
-2799
-2854
-2923
-2993
-3174
-3361
-3521
-3616
-3625
-3578
-3467
-3264
-3424
-3569
-3719
-3832
-3715
-3457
-3182
-2917
-2657
-2477
-2641
-2655
-2604
-2048
-1739
-1953
-2034
-1791
-1217
-950.7
-918.5
-938
-864.1
-649.1
-265
146
1355
927.3
191.5
-287.4
-707.4
-1069
-1380
-1648
-1880
-2078
-2245
-2380
-2482
-2561
-2620
-2659
-2677
-2698
-2735
-2776
-2827
-2891
-2956
-3130
-3312
-3466
-3558
-3565
-3519
-3416
-3208
-3396
-3507
-3638
-3725
-3598
-3355
-3106
-2861
-2620
-2498
-2752
-2778
-2370
-1870
-1728
-2076
-2082
-1451
-1021
-914.5
-971.6
-970.4
-800.3
-470
-31.61
284
1436
1018
273.6
-210.7
-635.9
-1002
-1317
-1588
-1823
-2026
-2197
-2337
-2443
-2527
-2589
-2631
-2652
-2674
-2709
-2748
-2794
-2854
-2912
-3080
-3255
-3403
-3490
-3494
-3449
-3353
-3143
-3354
-3434
-3549
-3614
-3481
-3257
-3032
-2805
-2579
-2528
-2740
-2760
-2179
-1749
-1872
-1981
-1821
-1188
-936.8
-968.1
-1031
-935.3
-651.1
-272.8
51.69
59.21
1530
1119
364.4
-127.1
-558.4
-929.5
-1248
-1522
-1761
-1967
-2143
-2287
-2398
-2486
-2552
-2598
-2622
-2645
-2679
-2715
-2758
-2812
-2863
-3023
-3189
-3329
-3410
-3409
-3363
-3275
-3066
-3299
-3352
-3452
-3500
-3366
-3162
-2959
-2748
-2545
-2613
-2642
-2649
-2001
-1716
-2020
-2089
-1491
-1032
-952.8
-1045
-1034
-818.1
-481.3
-212.9
-220.2
-507.5
1633
1230
464.6
-34.76
-472.9
-849.1
-1172
-1449
-1692
-1902
-2082
-2231
-2346
-2439
-2509
-2558
-2586
-2611
-2644
-2678
-2717
-2766
-2810
-2959
-3115
-3244
-3315
-3307
-3259
-3178
-2976
-3231
-3260
-3351
-3387
-3259
-3073
-2888
-2688
-2514
-2683
-2592
-2450
-1857
-1801
-2037
-1968
-1266
-970.7
-1008
-1077
-960
-678.7
-423.6
-440.8
-680.6
-595.5
1731
1344
571.3
63.74
-382.1
-763.6
-1090
-1370
-1615
-1827
-2010
-2164
-2285
-2384
-2460
-2514
-2547
-2578
-2615
-2652
-2692
-2740
-2781
-2926
-3073
-3189
-3243
-3219
-3157
-3071
-2872
-3148
-3156
-3234
-3257
-3133
-2962
-2788
-2594
-2458
-2669
-2599
-2215
-1743
-1961
-2053
-1727
-1109
-971
-1060
-1054
-849.7
-609.7
-571.8
-809.5
-653.1
6.143
1809
1448
678.5
166.7
-285.4
-672.1
-1002
-1284
-1530
-1743
-1928
-2084
-2210
-2313
-2393
-2452
-2490
-2524
-2564
-2602
-2642
-2687
-2724
-2864
-3002
-3106
-3145
-3108
-3037
-2949
-2755
-3036
-3025
-3090
-3102
-2987
-2836
-2674
-2485
-2391
-2581
-2546
-2018
-1696
-2056
-2118
-1428
-993.9
-990.3
-1082
-993.8
-770.8
-682.8
-868.7
-751.4
-114.3
858.8
1855
1532
781.1
272
-182.7
-573.1
-905.7
-1188
-1435
-1648
-1833
-1991
-2120
-2226
-2310
-2372
-2413
-2450
-2493
-2532
-2571
-2613
-2646
-2779
-2908
-2999
-3026
-2977
-2898
-2808
-2622
-2896
-2869
-2920
-2926
-2826
-2697
-2549
-2368
-2332
-2466
-2444
-1842
-1734
-2005
-1969
-1191
-932.4
-1019
-1070
-918.5
-769.2
-895.6
-812.2
-303.8
716.5
1353
1857
1585
873.2
377.2
-74.44
-466
-799.6
-1082
-1328
-1540
-1724
-1882
-2014
-2122
-2208
-2273
-2316
-2357
-2401
-2441
-2479
-2518
-2547
-2672
-2790
-2869
-2883
-2824
-2739
-2647
-2468
-2722
-2685
-2724
-2731
-2654
-2549
-2412
-2240
-2271
-2283
-2270
-1682
-1835
-1869
-1678
-992.2
-902.8
-1026
-1014
-853.7
-870.7
-850.2
-455
454.5
1263
1321
1812
1605
954.1
483.3
41.67
-347.9
-680.6
-962.3
-1206
-1417
-1599
-1756
-1888
-1998
-2086
-2153
-2199
-2242
-2289
-2329
-2366
-2401
-2424
-2539
-2645
-2711
-2713
-2646
-2555
-2458
-2286
-2515
-2471
-2505
-2524
-2478
-2400
-2274
-2104
-2179
-2012
-2043
-1578
-1898
-1926
-1347
-848.2
-875.2
-985.6
-916.4
-822.2
-817
-540.5
207.7
1071
1351
894.8
1695
1567
1009
582
162.1
-219.4
-547.4
-826.2
-1067
-1274
-1453
-1608
-1741
-1852
-1941
-2010
-2059
-2107
-2157
-2199
-2236
-2269
-2287
-2391
-2482
-2533
-2522
-2445
-2347
-2240
-2074
-2264
-2216
-2250
-2292
-2289
-2245
-2136
-1970
-2029
-1803
-1786
-1541
-1884
-1805
-1045
-722.4
-822.2
-896.8
-798.5
-734.9
-512.9
-2.983
853.6
1288
1053
654.3
1489
1443
1015
659.9
281.2
-82.15
-400.7
-675
-911.9
-1115
-1288
-1439
-1573
-1683
-1773
-1843
-1894
-1946
-2002
-2047
-2086
-2118
-2134
-2228
-2305
-2339
-2313
-2226
-2121
-1997
-1837
-1970
-1915
-1943
-2008
-2051
-2047
-1963
-1803
-1805
-1554
-1542
-1531
-1678
-1488
-730.2
-582.1
-738.4
-773.2
-640.7
-490
-134.1
565.2
1186
1196
831.1
779.9
1265
1271
976.6
711.6
393.9
63.7
-237.1
-503.3
-734.4
-932
-1100
-1246
-1377
-1485
-1573
-1643
-1695
-1749
-1807
-1854
-1893
-1924
-1939
-2024
-2090
-2113
-2080
-1992
-1884
-1742
-1589
-1653
-1601
-1631
-1719
-1801
-1828
-1764
-1604
-1548
-1297
-1336
-1479
-1403
-1039
-416.5
-448.7
-633.3
-603.3
-382.6
-121.8
330.1
1022
1293
1042
826
1425
1038
1078
898.3
729.9
491.2
212.7
-58.4
-309.5
-531.3
-722.2
-883.4
-1024
-1151
-1255
-1341
-1409
-1460
-1516
-1576
-1623
-1663
-1693
-1709
-1787
-1845
-1863
-1830
-1748
-1645
-1491
-1335
-1320
-1282
-1317
-1425
-1534
-1584
-1537
-1379
-1277
-1036
-1157
-1334
-1165
-558.5
-166.2
-341.8
-504.4
-379.6
-53.22
261.7
776.8
1314
1278
1013
1214
2269
965.7
893.6
803.6
727
583.2
379.5
154.8
-70.29
-277.1
-459.4
-614.4
-749.9
-872.8
-974.2
-1059
-1126
-1178
-1235
-1296
-1345
-1386
-1417
-1436
-1509
-1562
-1581
-1556
-1488
-1398
-1244
-1078
-982.9
-964.3
-1003
-1116
-1238
-1304
-1274
-1125
-1006
-777.2
-960.9
-1059
-758.1
-125
7.102
-241.3
-323.4
-100.6
322
628.7
1170
1468
1308
1138
2069
3077
987.6
818.5
654.5
651.9
595.8
478.7
316.1
130.3
-52.15
-220.1
-365.1
-492.3
-607.2
-703.1
-783.9
-847.5
-897.6
-954.8
-1015
-1065
-1106
-1139
-1163
-1232
-1285
-1309
-1297
-1251
-1180
-1038
-864.2
-675.8
-667.1
-702.5
-789.6
-905.5
-999
-1001
-887.5
-769
-569.6
-763.4
-711.4
-282.9
185
67.3
-176.9
-132.1
154.5
643.3
955.7
1440
1525
1378
1742
2967
3595
-1949
-1801
-1704
-1703
-1802
-1831
-1813
-1525
-1207
-894.9
-669.5
846.6
392.2
-324.4
-790
-1196
-1540
-1837
-2085
-2294
-2464
-2600
-2706
-2800
-2874
-2930
-2973
-3000
-3058
-3152
-3251
-3360
-3480
-3598
-3818
-4002
-4113
-4122
-4018
-3828
-3499
-3268
-2960
-3397
-3703
-3998
-4086
-3904
-3546
-3165
-2885
-2787
-2704
-2547
-2351
-2168
-2018
-1898
-1827
-1868
-1998
-2062
-1974
-1652
-1353
-1083
-841.2
-651.2
858.6
405.9
-301.7
-763.4
-1167
-1511
-1806
-2054
-2262
-2432
-2567
-2673
-2763
-2833
-2886
-2925
-2948
-3000
-3087
-3180
-3283
-3400
-3515
-3737
-3931
-4058
-4088
-4006
-3837
-3529
-3312
-3033
-3511
-3825
-4143
-4233
-4034
-3655
-3258
-2946
-2762
-2600
-2415
-2235
-2081
-1968
-1929
-2009
-2166
-2252
-2114
-1766
-1486
-1249
-1039
-814.3
-719.7
877.4
426.3
-274.4
-733.3
-1135
-1479
-1774
-2022
-2230
-2400
-2534
-2639
-2727
-2794
-2844
-2879
-2898
-2944
-3023
-3108
-3205
-3317
-3428
-3649
-3850
-3992
-4043
-3985
-3841
-3559
-3349
-3127
-3608
-3920
-4252
-4341
-4126
-3730
-3317
-2974
-2733
-2524
-2328
-2164
-2043
-1996
-2117
-2298
-2416
-2237
-1895
-1599
-1408
-1209
-1059
-956.9
-813
905.2
454.2
-242.5
-699.8
-1101
-1445
-1739
-1987
-2195
-2365
-2500
-2604
-2688
-2752
-2799
-2830
-2846
-2885
-2955
-3032
-3122
-3226
-3331
-3548
-3752
-3908
-3980
-3948
-3833
-3583
-3388
-3214
-3678
-3978
-4317
-4407
-4184
-3781
-3362
-2996
-2717
-2479
-2280
-2136
-2075
-2180
-2388
-2532
-2339
-2024
-1733
-1556
-1381
-1272
-1187
-970.7
-747.3
938.4
487.6
-208.2
-665.3
-1067
-1412
-1707
-1956
-2166
-2338
-2475
-2581
-2665
-2727
-2773
-2803
-2816
-2850
-2913
-2984
-3067
-3165
-3264
-3475
-3681
-3843
-3928
-3913
-3818
-3597
-3417
-3301
-3731
-4016
-4340
-4407
-4165
-3761
-3348
-2981
-2689
-2445
-2256
-2152
-2225
-2423
-2625
-2443
-2134
-1852
-1704
-1508
-1491
-1385
-1170
-885.1
-619.3
974.4
524.7
-171.4
-629.1
-1032
-1378
-1674
-1925
-2137
-2312
-2452
-2561
-2645
-2708
-2754
-2783
-2795
-2825
-2883
-2947
-3024
-3117
-3211
-3418
-3623
-3790
-3884
-3882
-3804
-3607
-3430
-3370
-3765
-4034
-4333
-4367
-4104
-3702
-3304
-2946
-2655
-2418
-2255
-2244
-2467
-2693
-2553
-2241
-1947
-1810
-1670
-1709
-1551
-1323
-1059
-747.9
-490
1014
566
-130.8
-589.2
-992.8
-1341
-1638
-1891
-2105
-2282
-2425
-2537
-2622
-2686
-2731
-2760
-2771
-2797
-2848
-2907
-2978
-3064
-3152
-3353
-3557
-3730
-3834
-3845
-3785
-3613
-3433
-3420
-3776
-4030
-4304
-4308
-4032
-3641
-3261
-2917
-2633
-2410
-2293
-2436
-2584
-2725
-2369
-2050
-1846
-1824
-1828
-1723
-1454
-1194
-924
-644.8
-437.3
1057
612.5
-85.47
-544.9
-949.9
-1300
-1598
-1853
-2069
-2250
-2396
-2510
-2596
-2661
-2708
-2736
-2746
-2769
-2814
-2867
-2931
-3011
-3093
-3287
-3489
-3665
-3777
-3802
-3760
-3613
-3427
-3451
-3764
-4002
-4250
-4228
-3947
-3576
-3220
-2894
-2622
-2420
-2400
-2581
-2799
-2546
-2182
-1901
-1884
-1816
-1842
-1564
-1297
-1051
-829.9
-614.3
-445.6
1109
666
-35.11
-496.6
-903.7
-1256
-1556
-1812
-2031
-2215
-2365
-2482
-2570
-2637
-2684
-2713
-2723
-2743
-2783
-2829
-2887
-2961
-3036
-3223
-3421
-3597
-3716
-3753
-3726
-3602
-3411
-3466
-3735
-3954
-4174
-4130
-3854
-3509
-3183
-2878
-2619
-2452
-2560
-2643
-2717
-2357
-2004
-1866
-1908
-1943
-1643
-1363
-1135
-951.6
-798.6
-619.4
-431.8
1169
727.1
21.09
-443.2
-853
-1208
-1510
-1769
-1991
-2178
-2332
-2453
-2542
-2610
-2659
-2688
-2699
-2716
-2750
-2790
-2841
-2907
-2974
-3150
-3341
-3515
-3638
-3683
-3672
-3572
-3384
-3469
-3689
-3887
-4080
-4022
-3762
-3452
-3158
-2874
-2628
-2526
-2668
-2806
-2538
-2167
-1893
-1985
-1938
-1768
-1390
-1161
-1026
-921.5
-804
-593.9
-321.4
1238
797.3
83.11
-385.7
-798.9
-1157
-1462
-1724
-1950
-2142
-2301
-2427
-2521
-2593
-2645
-2678
-2691
-2708
-2741
-2778
-2827
-2889
-2952
-3125
-3312
-3482
-3602
-3645
-3632
-3541
-3343
-3474
-3652
-3830
-3987
-3902
-3647
-3365
-3100
-2835
-2609
-2628
-2618
-2784
-2337
-1957
-1885
-1975
-1986
-1493
-1168
-1036
-997.9
-930.2
-776.1
-470.1
-93.14
1311
873.3
150.8
-322.9
-740.1
-1101
-1409
-1675
-1905
-2101
-2265
-2396
-2494
-2571
-2626
-2662
-2677
-2695
-2726
-2761
-2806
-2864
-2922
-3090
-3273
-3440
-3557
-3598
-3585
-3501
-3291
-3465
-3605
-3767
-3890
-3783
-3538
-3284
-3042
-2793
-2615
-2748
-2791
-2603
-2138
-1824
-1977
-2055
-1712
-1239
-1034
-1022
-1028
-918.9
-662.8
-252
145.7
1388
956.2
225.6
-253.4
-675.3
-1040
-1352
-1621
-1854
-2054
-2223
-2360
-2462
-2542
-2601
-2640
-2658
-2676
-2705
-2738
-2779
-2833
-2886
-3048
-3226
-3390
-3503
-3541
-3529
-3453
-3229
-3442
-3548
-3694
-3789
-3665
-3434
-3206
-2983
-2743
-2621
-2718
-2848
-2423
-1960
-1829
-1936
-1981
-1400
-1072
-1023
-1079
-1042
-827.1
-472.6
-67.45
131.8
1469
1046
307.7
-176.7
-603.9
-973.3
-1289
-1561
-1799
-2003
-2176
-2317
-2423
-2508
-2571
-2613
-2633
-2652
-2679
-2710
-2748
-2797
-2844
-3000
-3172
-3330
-3438
-3473
-3461
-3393
-3158
-3406
-3481
-3613
-3682
-3549
-3334
-3131
-2923
-2695
-2670
-2620
-2813
-2241
-1846
-1925
-2045
-1662
-1177
-1028
-1095
-1129
-980
-667.9
-333.6
-177.3
-405.2
1563
1146
398.9
-92.46
-525.9
-900.5
-1220
-1496
-1737
-1945
-2123
-2269
-2379
-2468
-2534
-2580
-2604
-2623
-2649
-2677
-2712
-2756
-2797
-2945
-3110
-3260
-3362
-3393
-3380
-3320
-3078
-3357
-3405
-3526
-3574
-3436
-3239
-3057
-2861
-2666
-2755
-2707
-2627
-2064
-1818
-1914
-2001
-1390
-1069
-1078
-1172
-1107
-849
-551.1
-468.2
-753.7
-861.2
1666
1257
499.5
0.4577
-439.7
-819.6
-1144
-1424
-1668
-1880
-2063
-2214
-2329
-2422
-2492
-2541
-2568
-2589
-2615
-2641
-2672
-2711
-2745
-2885
-3040
-3179
-3272
-3295
-3280
-3230
-2987
-3295
-3322
-3435
-3469
-3330
-3150
-2982
-2788
-2624
-2713
-2752
-2439
-1932
-1917
-1964
-1787
-1203
-1051
-1148
-1189
-1014
-751.2
-668.2
-971.6
-1007
-492.9
1764
1372
607.5
100.4
-347.5
-732.7
-1061
-1344
-1592
-1807
-1993
-2149
-2270
-2369
-2445
-2500
-2532
-2558
-2589
-2618
-2651
-2689
-2721
-2858
-3005
-3134
-3210
-3215
-3186
-3134
-2887
-3219
-3231
-3338
-3358
-3220
-3050
-2883
-2681
-2554
-2591
-2730
-2241
-1835
-1979
-2127
-1533
-1108
-1092
-1201
-1147
-929.5
-838.4
-1111
-1147
-538.6
506.1
1841
1476
715.8
204.9
-249
-639.2
-971.8
-1257
-1506
-1724
-1912
-2071
-2197
-2301
-2382
-2441
-2477
-2507
-2541
-2572
-2604
-2641
-2670
-2803
-2943
-3059
-3121
-3113
-3074
-3026
-2767
-3105
-3110
-3207
-3215
-3085
-2931
-2770
-2566
-2502
-2471
-2669
-2048
-1822
-1941
-2050
-1305
-1052
-1141
-1221
-1100
-977.2
-1211
-1239
-699
425
1209
1885
1559
818.7
311.4
-144.6
-538.2
-873.7
-1160
-1410
-1628
-1818
-1979
-2109
-2216
-2301
-2363
-2403
-2437
-2473
-2506
-2538
-2573
-2598
-2726
-2857
-2962
-3010
-2988
-2942
-2896
-2624
-2961
-2962
-3048
-3049
-2933
-2798
-2645
-2454
-2504
-2347
-2476
-1883
-1916
-2014
-1766
-1123
-1045
-1188
-1214
-1112
-1270
-1291
-821.9
238.4
1124
1246
1883
1610
910.4
417.2
-34.96
-429.1
-765.6
-1052
-1302
-1520
-1709
-1871
-2003
-2113
-2201
-2266
-2310
-2347
-2386
-2419
-2452
-2484
-2505
-2626
-2748
-2840
-2874
-2840
-2787
-2739
-2486
-2789
-2787
-2861
-2862
-2767
-2652
-2505
-2331
-2439
-2359
-2228
-1754
-1928
-2092
-1437
-999.3
-1060
-1206
-1195
-1290
-1310
-947.7
31.59
941.6
1238
604.6
1830
1627
989.7
523.1
81.87
-309.4
-644.9
-930.7
-1179
-1395
-1582
-1744
-1878
-1990
-2080
-2148
-2195
-2235
-2277
-2312
-2343
-2373
-2389
-2502
-2612
-2691
-2711
-2666
-2605
-2549
-2316
-2588
-2582
-2650
-2662
-2596
-2504
-2358
-2192
-2286
-2271
-1992
-1709
-1885
-2010
-1180
-921.3
-1059
-1173
-1207
-1302
-1120
-211.1
732.1
1166
698.6
150.9
1703
1583
1040
619.1
201
-181
-511.1
-793.6
-1039
-1251
-1435
-1595
-1731
-1845
-1937
-2008
-2057
-2103
-2149
-2187
-2220
-2248
-2260
-2362
-2459
-2521
-2525
-2468
-2397
-2327
-2111
-2346
-2333
-2401
-2437
-2414
-2351
-2210
-2044
-2062
-2076
-1792
-1802
-1826
-1734
-951.1
-851.6
-1020
-1101
-1182
-1070
-515.9
471.1
1073
853.2
230.6
464.9
1479
1447
1036
690.7
316.3
-45.43
-365
-642.1
-882.3
-1089
-1268
-1425
-1562
-1676
-1769
-1842
-1895
-1947
-2000
-2042
-2078
-2107
-2118
-2211
-2292
-2335
-2322
-2250
-2166
-2073
-1868
-2060
-2032
-2093
-2155
-2180
-2155
-2034
-1868
-1816
-1811
-1605
-1795
-1871
-1320
-719.5
-767
-950.8
-1005
-980.8
-663.3
145.2
891.6
1010
369.8
315
1244
1233
1258
982.8
730.8
421.1
95.53
-204.4
-471.9
-705.1
-906
-1078
-1230
-1365
-1477
-1570
-1643
-1697
-1752
-1809
-1854
-1892
-1921
-1932
-2017
-2087
-2118
-2093
-2016
-1923
-1807
-1593
-1743
-1710
-1772
-1861
-1929
-1937
-1834
-1663
-1564
-1536
-1448
-1665
-1654
-865.7
-496.2
-680.6
-842.2
-824.2
-616
-153
685.6
1074
650.5
247.9
1020
2080
1006
1048
886.2
732.8
505.6
235.6
-31.88
-282.2
-504.4
-697
-861.5
-1006
-1137
-1246
-1337
-1409
-1463
-1521
-1580
-1628
-1668
-1697
-1711
-1790
-1851
-1875
-1847
-1771
-1676
-1538
-1327
-1404
-1380
-1446
-1559
-1660
-1695
-1612
-1437
-1310
-1258
-1343
-1404
-1210
-439.5
-335
-600.4
-688.6
-537.3
-187
377.8
1057
983.2
418
717
1980
2714
946
864.9
775.9
710.7
579.6
388
170.9
-50.5
-255.1
-437
-593.4
-731.8
-857.6
-963
-1052
-1124
-1179
-1239
-1302
-1352
-1394
-1426
-1445
-1519
-1577
-1599
-1576
-1511
-1422
-1270
-1066
-1060
-1049
-1117
-1241
-1363
-1419
-1356
-1188
-1051
-977.3
-1191
-1140
-651.6
-99.8
-245.1
-510.1
-433.4
-145.7
267.2
853
1208
748.8
590.4
1664
2875
3044
1047
817.1
623.1
623.6
575.1
471.2
319
139.7
-38.06
-203.3
-347.3
-475.3
-591.7
-690.4
-774.9
-842.6
-897
-957.6
-1021
-1073
-1117
-1151
-1176
-1249
-1305
-1332
-1321
-1274
-1200
-1048
-840.4
-733.5
-737.9
-796.5
-907.5
-1041
-1129
-1104
-963.5
-818.1
-719
-993
-777.5
-143.9
73.34
-295.7
-377.1
-117.4
216.9
657.2
1169
1086
705.2
1328
2671
3361
3025
1664
1582
1090
766.1
467.7
226.2
37.01
-101.5
-203.5
-275.3
-321.5
-350.4
-370.8
-378.1
-375.8
-365.5
-349.5
-333.2
-316.4
-296.9
-276.6
-257.3
-240.7
-228.9
-217.9
-208.9
-202.5
-199.6
-199
-196.7
-188
-171
-143.1
-103.5
-53.32
4.112
69.11
173.7
308.2
370
400
369.8
319.2
281.1
297.7
413.5
694.2
1149
1600
1768
1932
2213
2538
2932
3332
3669
3873
1754
1736
1323
1046
771.3
536.2
348.7
208.1
102.9
27.77
-21.62
-52.72
-72.57
-79.77
-77.05
-65.77
-48.42
-29.01
-7.593
16.17
40.75
64.11
83.99
101.6
117.1
128.8
135.9
137.2
134.1
131.5
131.6
136.7
150.2
174.5
208
249.9
304.9
406.9
560.6
627.2
697.6
670.4
624.1
583.4
596.6
715.5
999.4
1477
1972
2165
2235
2550
2879
3289
3706
4061
4271
1773
1816
1496
1284
1050
834.5
656.5
519.2
414.6
338.5
287.6
255.2
236.3
229.5
232.9
245.5
264.5
287.5
313.9
342.2
371.1
398.5
421.2
444.7
464.4
478.2
485.3
484.2
476.8
470
462.4
456.9
457.5
467.9
486.1
512.7
556.9
648.7
818.7
893.3
1012
991.2
938.3
893.5
900.1
1009
1288
1780
2319
2550
2505
2856
3182
3601
4036
4412
4631
1832
1933
1710
1571
1388
1202
1038
906.1
803.1
725.8
672.2
636.7
617.2
609
611.4
623.5
642.4
667.8
698.7
730.7
762.9
793.3
817.6
847.3
871.2
887
893.9
890.2
878.5
869.4
855.3
840.1
828.1
823.5
823.9
830.1
856.2
925.5
1097
1233
1360
1370
1305
1259
1252
1343
1603
2093
2666
2947
2767
3170
3494
3918
4372
4766
4993
1904
2059
1936
1878
1760
1616
1475
1355
1259
1183
1128
1090
1070
1060
1061
1072
1090
1117
1152
1187
1222
1255
1279
1315
1342
1360
1365
1358
1341
1330
1311
1286
1262
1242
1224
1208
1212
1256
1417
1605
1735
1807
1731
1672
1657
1721
1942
2421
3015
3349
3097
3488
3813
4242
4711
5120
5351
1677
1615
1147
829
527.9
277.7
81.56
-63.52
-172
-249.6
-301.2
-335.2
-360.6
-372.6
-374.8
-368.7
-356.9
-345.5
-334
-319.8
-304.7
-290.6
-279
-272.9
-266.9
-262
-258.8
-257.9
-258.1
-254.6
-241.6
-216.9
-177.8
-123.9
-58.39
10.18
89.4
196.5
242
237
226.8
210.3
211.9
266.8
403.3
697.4
1023
1197
1372
1644
1798
2026
2397
2789
3121
3396
3607
1744
1747
1372
1111
838.8
596.9
402.1
254
141.2
58.91
2.974
-34.47
-60.26
-72.96
-75.44
-69.01
-56.44
-42.29
-26.43
-8.118
11.08
29.17
43.92
56.28
67.09
75
79.17
78.66
75.06
73.46
77.18
89.07
113
151.4
200.7
255.6
330.4
445
500.6
511.4
490.5
461.2
461.6
517.2
662.6
981.8
1347
1551
1679
2008
2159
2374
2745
3151
3494
3776
3988
1744
1807
1536
1350
1126
908.1
723.1
577.5
464.2
379.6
320.5
280.2
254
240.5
237.5
244.2
257.4
274.5
295
317.5
340.7
362.6
380
398.7
414.1
424.5
429
426.6
419.3
414
410.4
412.1
423.9
449.6
484.9
526.6
587
697.7
756.4
807
770.3
724.9
721.7
780.5
936.8
1275
1676
1913
1963
2353
2505
2696
3054
3472
3830
4118
4331
1783
1899
1734
1632
1470
1286
1117
977.2
864.9
778
714.6
669.2
640.9
624.3
618.8
623.7
635.5
654.2
678.8
704.5
730.7
755.5
774.4
800
820.2
833.2
838.2
833.9
823.3
816.8
807.8
800.9
801.4
814.2
833.5
857
898
989.6
1056
1149
1103
1044
1033
1097
1256
1605
2029
2294
2236
2696
2863
3029
3374
3804
4176
4466
4678
1832
1999
1939
1928
1842
1708
1565
1439
1334
1248
1182
1132
1101
1081
1072
1074
1083
1103
1131
1160
1188
1215
1234
1266
1291
1306
1311
1304
1290
1283
1271
1256
1247
1248
1252
1256
1275
1342
1427
1524
1499
1424
1399
1461
1626
1972
2407
2694
2569
3035
3238
3376
3702
4145
4531
4821
5024
1672
1629
1193
887.5
587.3
330.6
128.1
-23.37
-138.2
-221.7
-278.6
-317.9
-348.6
-365.5
-372.4
-370.6
-363
-356.7
-350.8
-341.9
-332.1
-323.1
-316.5
-316.4
-315.6
-315
-315
-316.3
-317.4
-312.6
-295.3
-263.1
-213.7
-147.8
-71.69
5.109
97.24
160.6
170.7
200.3
244.9
309.7
399.6
535.8
705.9
816.2
912.9
1132
1282
1479
1748
2085
2397
2686
2968
3293
3613
1712
1732
1403
1165
901.9
656.9
456.5
301.4
181.5
92.2
29.72
-14.07
-45.96
-64.36
-72.27
-70.88
-63.21
-54.48
-44.36
-31.64
-17.92
-5.136
4.419
11.24
17.21
21.08
22.16
19.65
15.26
14.46
21.69
40.11
73.84
124.4
185.3
250.2
338.8
393
419
431.7
467.3
528.8
625.7
784.7
989.9
1125
1210
1488
1643
1816
2061
2397
2718
3017
3311
3647
3980
1693
1766
1550
1398
1193
977.5
788.6
636.2
515.1
422.3
355.4
307.2
273.8
253.2
243.7
244.2
251.5
262.5
276.9
293.4
310.7
327.1
339
352.6
363.5
370.1
371.9
367.8
360.3
356.3
356.5
365.2
387.7
427.4
476.7
528.3
603.2
661.1
688.3
682.3
710.3
770.9
877.5
1066
1303
1457
1508
1847
2014
2159
2373
2703
3024
3327
3627
3970
4319
1708
1828
1724
1666
1535
1362
1192
1047
926.8
831
758.4
703.7
666.6
641.6
628
625.3
629.9
641.7
659.6
678.8
698.9
717.9
731.1
752.1
768.3
778
780.8
775.7
765.9
761.7
757.6
758.9
771.8
801.2
837.3
872.6
924.5
973.5
992.8
982.1
1002
1064
1187
1402
1659
1824
1819
2223
2414
2527
2711
3030
3349
3653
3956
4301
4665
1737
1896
1898
1939
1896
1785
1647
1519
1407
1312
1236
1175
1134
1103
1085
1077
1078
1090
1111
1132
1154
1175
1188
1217
1238
1250
1254
1247
1235
1233
1227
1223
1229
1250
1275
1295
1324
1364
1336
1341
1348
1412
1559
1793
2064
2227
2143
2617
2848
2930
3083
3382
3694
3997
4298
4640
5017
1643
1617
1224
937.4
643.6
383.6
176.2
18.7
-102.4
-192.2
-254.8
-299.7
-336.1
-358.1
-369.9
-372.7
-369.4
-368.1
-367.8
-364.2
-359.5
-355.6
-353.8
-359.8
-364.3
-368
-371.4
-374.9
-377
-371
-349.6
-310.8
-252.5
-177.2
-93.22
-2.18
92.79
137.8
186.4
268.7
375.1
489.4
597.4
660.4
673.1
810.7
903.9
1056
1314
1649
1951
2209
2443
2719
3068
3595
4123
1655
1686
1410
1204
957
714.5
511
350.4
223.8
127.5
58.32
7.849
-30.45
-54.86
-68.49
-72.34
-69.69
-66.5
-62.21
-55.11
-46.84
-39.29
-34.84
-33.73
-32.76
-33.06
-35.24
-39.95
-45.51
-45.97
-35.9
-12.04
29.74
89.86
158.5
234.9
322.1
367.4
398.7
475
579.5
706.6
840.6
925.6
949.8
1131
1226
1359
1598
1928
2238
2504
2747
3035
3403
3940
4490
1617
1690
1532
1422
1245
1040
851.4
694.8
567.3
467.1
392.3
336.1
295.2
267.5
251
245.2
246.4
251.1
259.2
269.5
281
291.8
298.3
306.5
312.6
315.4
314.2
308.2
299.9
296.3
299.4
313.8
345.1
396.1
455.4
519.7
598.5
602.7
638.7
711
823.7
970.4
1122
1226
1254
1473
1568
1680
1899
2229
2547
2813
3052
3341
3720
4261
4846
1616
1719
1673
1665
1574
1423
1260
1114
988.8
885.7
804.5
740.4
694.6
661
638.9
628.5
625.6
630.2
641.2
653.7
667.5
680.6
688
704.1
715.9
722.2
722.6
716.2
706.7
703.8
703.3
711.4
734.8
777.8
826.7
874.2
928.1
913.8
933.1
1005
1129
1287
1452
1564
1596
1854
1951
2036
2235
2563
2890
3151
3380
3667
4054
4594
5219
1621
1753
1808
1903
1912
1837
1714
1591
1477
1377
1292
1221
1169
1129
1100
1083
1074
1078
1091
1105
1121
1135
1142
1166
1184
1194
1195
1189
1178
1179
1179
1184
1203
1241
1282
1315
1350
1335
1268
1350
1486
1654
1828
1933
1983
2278
2379
2434
2610
2934
3266
3519
3733
4014
4402
4937
5605
1594
1584
1240
980
698.4
438.6
227.2
64.15
-63.38
-159.7
-228.7
-279.8
-322.3
-350
-367
-374.5
-375.6
-379.5
-384.7
-386.4
-386.7
-387.6
-390.4
-402.3
-412.1
-420.2
-427
-432.7
-436.1
-429.5
-405.1
-361.7
-297.5
-216.1
-122.2
-12.74
75.91
140.8
231.9
350.2
478.4
578.1
634.4
724.4
823.8
884.6
994.1
1258
1575
1870
2114
2336
2581
2914
3429
3665
3159
1582
1617
1397
1228
1006
771
567.1
402.3
269.7
166.4
90.1
32.42
-12.8
-43.65
-63.36
-72.71
-75.24
-77.69
-79.3
-77.78
-74.87
-72.42
-72.89
-77.55
-81.68
-86.28
-91.93
-99.22
-106.6
-107.9
-96.68
-69.77
-22.88
43.18
119.3
208
291.3
339.1
421.1
540.7
668.3
786
865.4
1010
1124
1170
1251
1508
1833
2135
2393
2629
2885
3223
3770
4034
3485
1534
1589
1487
1423
1283
1096
912.7
754.9
622.6
515.5
432.9
368.3
319.5
284.2
260.4
248.1
243
241.3
242.9
247.1
252.8
258.1
259.1
261.8
262.9
261.4
256.8
248.4
238.5
233.7
237.4
254.7
291.6
349.8
416.2
491.8
556.4
545
635.2
760.5
904
1035
1115
1336
1460
1493
1539
1790
2129
2443
2710
2944
3195
3522
4093
4398
3830
1508
1585
1588
1631
1589
1471
1321
1179
1053
943.7
854.5
781.1
726.3
683.7
653
634.5
624
621.2
625
630.7
638.1
645.3
646.8
657.6
664.7
667
664.4
656.2
645.7
642.1
642.7
654.4
684.6
737
794.9
853
901.2
880.1
887.5
1021
1173
1300
1454
1711
1845
1867
1877
2109
2464
2791
3064
3291
3529
3849
4432
4782
4208
1472
1588
1679
1823
1891
1864
1768
1658
1547
1444
1352
1270
1209
1158
1119
1093
1075
1070
1075
1082
1090
1098
1098
1118
1131
1137
1137
1129
1119
1121
1123
1133
1162
1212
1265
1307
1343
1313
1225
1290
1436
1564
1841
2125
2282
2296
2263
2463
2835
3177
3453
3669
3889
4207
4785
5185
4619
1534
1533
1242
1015
751.3
494.9
281.1
112.9
-21.28
-124.8
-200.7
-258.8
-308.1
-341.9
-364.6
-377.2
-383.1
-392.3
-403.2
-410.1
-415.4
-420.8
-427.9
-445.9
-460.8
-473.1
-483
-490.7
-495.2
-487.6
-460.5
-413.5
-345
-259.7
-155.7
-35.99
53.7
134.8
235.2
356.4
482.6
599.7
766.7
872.3
907.5
967.1
1150
1427
1713
1984
2248
2482
2800
3125
2948
3326
4031
1510
1530
1365
1240
1048
826.1
624.5
457.1
318.8
208.4
124.3
58.49
5.676
-32.2
-58.52
-73.77
-81.82
-90.19
-97.87
-102
-104.4
-106.9
-112.1
-122.6
-131.8
-140.7
-149.8
-159.6
-169
-171.3
-159.7
-130.9
-80.61
-10.64
73.08
169.7
250.3
291.5
385.7
501.6
635
842.3
1048
1138
1146
1193
1370
1660
1956
2237
2526
2786
3115
3480
3317
3599
4365
1439
1473
1420
1404
1307
1146
972.4
816.4
680.8
567
476.1
402.2
344.7
301.2
269.7
250.2
238.5
230
225
222.9
222.7
222.6
218.4
215.3
211.3
205.6
197.6
186.5
174.4
167.8
171.1
189.9
230.7
294
366.9
449.3
504.9
519.9
573.2
691.3
878.9
1128
1351
1439
1422
1444
1604
1928
2242
2531
2835
3102
3416
3809
3691
3874
4719
1377
1445
1481
1570
1582
1505
1376
1244
1118
1005
907.4
823.7
759
706.9
666.9
640.1
621.3
610.6
607
605.7
606.5
607.9
603.5
608.7
610.9
609.2
603.5
593
580.9
575.3
575.6
589.5
625.1
684.4
749.8
815.1
859.1
859.4
885.6
1004
1185
1431
1687
1780
1738
1726
1859
2221
2567
2866
3180
3446
3725
4140
4079
4159
5101
1302
1419
1526
1710
1838
1869
1808
1719
1617
1513
1414
1323
1250
1189
1139
1102
1074
1059
1057
1055
1056
1058
1052
1066
1075
1078
1075
1066
1055
1055
1058
1073
1109
1168
1229
1277
1306
1279
1255
1332
1495
1743
2046
2164
2096
2042
2135
2535
2925
3237
3556
3816
4054
4485
4483
4451
5506
1458
1448
1217
1032
794.7
547
333.3
160.1
18.9
-92.59
-176.6
-242.7
-299.1
-339.5
-368.4
-386.4
-397.2
-411.7
-428.3
-440.3
-450.4
-460
-470.8
-494.3
-513.9
-529.5
-541.4
-549.7
-553.7
-542.7
-511.2
-459.8
-387.1
-297
-181.7
-55.61
25.69
91.92
183.6
312.4
466.5
599.6
689.3
737.9
789.5
882.3
1088
1390
1715
2046
2288
2527
2669
2655
3534
4100
4268
1411
1410
1301
1224
1072
872.2
678.1
510.2
367.2
249.5
157.1
82.49
21.64
-23.76
-57.14
-78.65
-92.5
-107
-120.9
-130.7
-138.4
-145.7
-155.2
-171.4
-185.5
-198.2
-210
-221.5
-232
-233.9
-220.7
-189.3
-135.3
-61.13
29.97
128.6
202.5
246.4
335.3
499.5
726.2
893.3
937.3
990
1043
1141
1287
1598
1937
2300
2583
2841
3033
2901
3863
4435
4607
1310
1335
1318
1350
1303
1179
1023
873.7
737.5
618.5
519.6
436.1
369.6
317.4
277.7
250.9
232.2
216.6
204.6
196.1
189.9
184.5
175.1
166.1
157.1
147.3
136.2
122.8
109
101
104.5
125.4
170.5
239
319.5
406.1
464.6
510.9
593.7
752.8
994.1
1183
1187
1261
1315
1407
1541
1829
2184
2577
2893
3144
3376
3134
4208
4803
4967
1226
1287
1339
1467
1536
1511
1414
1299
1180
1066
961.9
868.4
793.9
731.9
682.5
646.8
619.6
600.5
589
580.3
574.4
569.8
559.4
558.6
555.5
549.7
540.8
528
514.1
506.1
505.9
522.2
563.2
629.2
701.8
772
819.3
846
908.1
1039
1267
1487
1477
1566
1625
1705
1883
2084
2467
2893
3236
3458
3714
3500
4563
5201
5353
1172
1217
1339
1547
1733
1831
1819
1763
1679
1580
1479
1378
1296
1223
1162
1116
1077
1053
1041
1031
1024
1020
1007
1015
1018
1017
1011
1000
988.7
986.4
988.9
1007
1050
1117
1184
1234
1257
1243
1250
1338
1552
1826
1824
1909
1978
2048
2269
2364
2783
3243
3612
3790
4058
3914
4922
5627
5759
1372
1342
1169
1029
824.3
590.9
380.2
203.3
55.49
-63.93
-156
-229.9
-293.4
-340.3
-375.2
-398.5
-413.9
-433.6
-455.6
-472.6
-487
-500.5
-514.4
-543.2
-566.9
-585.2
-598.4
-606.5
-609.2
-593.9
-558
-502.8
-426.5
-330
-202.3
-79.76
-14.73
47.24
149.8
288.6
387.8
448.4
494.6
529.7
566.4
671.9
894.8
1277
1679
1952
2163
2193
2671
3340
3748
3975
4025
1296
1282
1215
1183
1075
903.5
721.7
556.2
410.2
286.3
186.2
103.3
34.86
-17.83
-58.04
-85.58
-104.9
-125.3
-145.3
-160.7
-173.5
-185.2
-198.7
-220.4
-239.1
-255.1
-269.2
-282.1
-293.3
-294.2
-279.4
-245.6
-187.9
-107.8
-7.695
94.06
172.4
247.8
385.4
574.8
667.5
744.2
781.8
814.5
845.9
943
1086
1462
1897
2217
2458
2541
2952
3672
4075
4304
4373
1181
1197
1199
1266
1270
1187
1056
918.6
785.5
663.5
558.2
466.4
391.7
331.5
284
250.2
224.9
202.5
183.6
168.7
156.7
146.2
132
117.2
103.1
89.32
75.2
59.7
44.19
35.01
38.65
61.87
111.8
187.3
277.5
371.2
446
525
640.9
835.8
972.8
1039
1077
1099
1114
1214
1285
1653
2126
2496
2747
2879
3227
4044
4436
4651
4718
1140
1112
1183
1331
1450
1481
1424
1335
1228
1117
1010
908.8
825.8
755
696.7
652.9
617.7
590.6
571.3
555.4
542.7
532.2
516
509.1
500.6
490.4
478.2
462.9
447.1
436.4
435.8
454.9
502.2
576
657.3
734.5
793.7
847.6
934.9
1134
1310
1350
1406
1414
1410
1515
1508
1882
2397
2816
3057
3227
3504
4455
4834
5021
5071
1060
1025
1135
1355
1584
1746
1791
1777
1718
1632
1533
1428
1337
1256
1185
1129
1081
1047
1026
1008
993.7
982.3
962.6
964.5
962.2
956.3
947.3
934.2
921.3
915.6
917.7
940.1
990.8
1067
1140
1194
1224
1235
1289
1472
1685
1697
1782
1768
1741
1851
1750
2157
2713
3189
3407
3591
3772
4877
5265
5409
5431
1280
1235
1109
1010
840.8
626.6
422.1
243
89.41
-37.56
-137.5
-219.1
-289.4
-342.7
-383.3
-411.5
-431.2
-455.8
-483
-504.5
-523
-539.9
-556.5
-590.3
-618
-638.8
-652.8
-660.3
-661.4
-641.4
-601.6
-543.8
-464
-358.3
-221.6
-112.6
-47.44
37.44
145.4
206.6
229.6
271.3
300.8
302.4
361.8
462.4
795.2
1254
1576
1779
1801
2457
2917
3179
3428
3607
3794
1178
1164
1120
1124
1059
919.7
754.5
594.5
447.7
318.9
211.9
121.4
45.77
-13.84
-60.53
-93.73
-118.2
-144.1
-169.8
-190.4
-208
-223.7
-240.7
-267.7
-290.9
-310.3
-326.6
-340.7
-352.6
-352.5
-336.5
-300.9
-239.2
-151
-40.53
69.5
169.4
294.2
460.8
517.6
542.7
571
594.1
596.2
649
684.2
979.7
1446
1794
2043
2132
2753
3233
3485
3758
3966
4181
1121
1050
1073
1163
1210
1173
1071
949.6
823.1
700.8
590.9
492.4
410.5
342.9
288.1
247.9
216.6
187.9
162.6
141.7
124.2
108.9
90.31
69.73
50.61
32.83
15.6
-2.247
-19.78
-30.33
-26.79
-1.346
53.98
138.1
240.2
347.1
447.9
559.9
729.7
850.5
881.6
881.1
889.6
879.5
919.3
895.8
1176
1638
2026
2308
2460
3044
3587
3828
4107
4324
4550
1041
960.8
1017
1179
1336
1421
1408
1348
1259
1155
1048
942.6
852.9
774.6
708.3
657
614.7
580.4
553.8
530.9
511.9
495.8
474.2
461.1
447.1
432.5
416.6
398.5
380.1
366.4
365.1
387.4
441.7
524.7
617.8
710
795.2
880.8
1040
1215
1221
1225
1214
1186
1214
1123
1425
1879
2321
2612
2813
3339
3988
4227
4490
4701
4929
1138
890.1
931.5
1155
1410
1625
1727
1759
1732
1665
1573
1468
1372
1283
1204
1140
1083
1041
1012
985.8
964.1
946.3
920.3
915.8
907.7
897.1
884.4
868.6
853.5
843.8
845.6
872.6
932
1017
1100
1168
1221
1281
1412
1641
1607
1635
1587
1537
1555
1420
1742
2184
2697
3000
3209
3635
4422
4671
4903
5096
5324
1170
1130
1036
973.8
842
652.2
457.4
278.4
120.3
-13.69
-121.3
-210.4
-287.5
-346.9
-393.3
-426.2
-450
-479.1
-511.2
-537
-559.2
-579
-597.8
-636.4
-667.9
-691
-705.5
-711.7
-710.4
-684.6
-641.1
-580.8
-495.4
-378.7
-239.9
-138.3
-51.96
47.63
87.96
73.04
105.6
165.7
192.8
195.6
238.1
455.6
882.7
1227
1415
1443
2091
2405
2606
2826
3080
3423
3775
1110
1035
1016
1046
1021
919.2
775.1
624.2
479.1
346.9
234.1
136.8
54.48
-11.72
-64.64
-103.2
-132.4
-163.6
-194.8
-220.4
-242.3
-261.6
-281.7
-314
-341.6
-364.2
-382.6
-397.7
-410.1
-408.5
-391.4
-353.9
-286.9
-188.5
-66.75
58.32
190.3
351.2
429.9
408.4
419.6
477.3
499.7
485.2
467.9
679.1
1078
1431
1656
1761
2393
2708
2911
3159
3452
3846
4252
1020
921.5
937.7
1043
1126
1135
1066
965.4
849.5
730
617.9
514.3
426.4
352.1
290.7
244.5
207.6
173
141.5
115
92.26
72.59
49.91
23.62
-0.5978
-22.48
-42.94
-63.34
-83.17
-95.03
-91.7
-63.95
-2.384
92.5
210.1
339.4
470.1
631
784.1
772
755.6
799.2
810.2
761.7
694.7
912.6
1269
1627
1892
2083
2681
3046
3250
3518
3833
4263
4698
1096
855.4
849
1021
1201
1332
1363
1338
1272
1180
1077
970.1
875.8
791.3
718.2
660.3
611.5
570.3
536.8
507.3
482.1
460.8
434.1
414.8
395.2
375.8
355.9
334.3
312.8
295.6
293.5
319
380.8
474.8
584.8
703
818
957.2
1157
1135
1134
1157
1151
1063
983.8
1192
1506
1890
2198
2448
2974
3426
3638
3921
4251
4707
5150
1259
939.7
772.1
953.7
1224
1476
1628
1707
1718
1676
1598
1497
1400
1307
1221
1150
1086
1036
998.8
965.1
936.3
912.4
880.2
869.3
855
839.4
822.4
803
784.9
770.2
771.3
802.8
870.6
965.4
1065
1159
1245
1352
1550
1518
1570
1566
1543
1416
1331
1543
1822
2268
2644
2935
3264
3834
4060
4360
4705
5184
5615
1079
1028
959.4
925.9
829.4
666.8
484.8
308.3
147.3
7.446
-107.1
-203.1
-286.7
-352.2
-404.1
-441.7
-469.3
-502.9
-539.7
-569.4
-595.1
-617.3
-637.8
-681.2
-716.5
-741.6
-756.2
-760.8
-756.8
-724.7
-677.6
-613.7
-518.4
-388.2
-248.4
-144.5
-40
24.97
-24.66
-28.27
43.75
126.3
108.4
141.7
266.7
622.9
941.8
1111
1215
1678
1863
2051
2276
2594
2991
3429
3609
1020
919.4
911.9
959.3
969
903.6
783.2
644.3
503.4
369.9
252.7
149.7
61.42
-10.86
-69.63
-113.3
-147
-183.1
-219.7
-249.9
-276
-298.5
-321.3
-358.7
-390.9
-416.7
-437.1
-453.2
-466.2
-462.7
-444.6
-404.6
-330.1
-219.7
-84.45
61.8
227.9
373.1
339.6
298.1
375.6
454.6
417.3
407
515.1
825.7
1158
1363
1452
1977
2149
2348
2604
2967
3414
3881
3972
1044
844.4
803.1
923.8
1031
1079
1044
966.4
864.2
750.4
638.6
531.9
439.3
359.5
292.2
240.5
198.6
158.4
121
88.95
61.31
37.61
11.17
-20.89
-50.4
-76.62
-100.6
-123.9
-146.4
-159.5
-156.5
-126.2
-57.11
50.65
188.2
344.2
509.3
702.3
696.9
658.1
729.5
801.7
735.6
677.7
770.9
1032
1367
1601
1767
2259
2462
2681
2962
3364
3849
4302
4284
1172
884.6
734.3
862
1059
1225
1298
1307
1267
1191
1096
990.7
894.2
805.4
726.7
663.1
608.5
560.9
520.7
484.9
453.9
427.6
396
370.4
344.7
320.1
295.7
270
244.6
223.7
220.6
249.3
318.8
425.5
558.3
707.1
854.4
1042
1026
1061
1123
1193
1092
987.6
1064
1287
1619
1900
2170
2534
2811
3060
3371
3813
4334
4738
4593
1463
1105
741.9
786.8
1037
1314
1507
1630
1680
1667
1608
1516
1421
1326
1236
1159
1089
1032
987.2
946.3
910.6
880.9
842.7
824.9
804.1
782.8
760.8
737
714.8
694.7
694.9
730.3
805.4
911.2
1034
1160
1287
1424
1486
1529
1569
1638
1504
1357
1419
1632
1976
2352
2707
2892
3116
3447
3806
4305
4877
5203
4928
1017
918.4
877.7
866.6
802.6
668.9
502.8
331.4
169.8
25.59
-94.77
-197.1
-286.6
-357.9
-415.1
-457.1
-488.6
-526.6
-568
-601.7
-630.7
-655.4
-677.6
-725.8
-765
-792.2
-806.5
-808.5
-800.4
-759.9
-707.7
-635.8
-523.6
-376.6
-239.5
-128.7
-30.45
-59.19
-134.5
-87.35
30.32
89.55
94.19
168.3
409.5
702.9
840
1023
1287
1347
1501
1779
2152
2579
2914
2897
2755
1016
861.3
797.6
866.3
903.4
873
778.1
653.9
519.9
387.3
267.6
160.1
66.79
-10.93
-75.13
-123.6
-161.8
-203
-244.8
-279.7
-309.8
-335.5
-361
-403.9
-440.7
-469.9
-492.1
-508.6
-521.3
-514.2
-493.7
-448.7
-363.3
-239
-87.98
86.11
272.4
307.2
219
259.6
385.2
421.8
383
434.4
628.7
937.3
1107
1280
1548
1598
1772
2091
2510
2980
3307
3215
3198
1098
843.7
708.6
800.6
927.2
1008
1006
952.8
866.8
761.6
652.7
544.9
449.2
364.8
292.4
235.8
188.9
143
99.63
62.19
29.64
1.95
-28.37
-66.54
-101.6
-132.3
-159.8
-185.8
-210.7
-223.9
-220.1
-185.6
-106.6
17.35
179.7
363.2
568
667.8
601
631.4
769.2
778.6
681.3
686.5
863.6
1179
1372
1521
1798
1862
2080
2441
2907
3417
3696
3530
3655
1335
1012
672.2
722.6
920.2
1110
1217
1259
1246
1188
1105
1004
907.3
816
732.9
664.4
604.2
550.2
503.3
461.2
424.3
393.2
356.4
324
291.9
261.8
232.7
202.7
173.2
149.2
145.9
178.5
257.3
381
544.3
722.8
906.3
1055
1016
1051
1205
1190
1036
968.8
1161
1464
1678
1888
2070
2127
2422
2840
3370
3935
4133
3888
4142
1738
1341
882.4
673.9
862.3
1157
1377
1535
1621
1638
1602
1524
1434
1340
1248
1166
1089
1025
973.5
925.4
883
847.4
802.9
777.6
749.8
722.5
695.1
666.2
639.2
613.8
613.2
652.3
735.7
858.2
1014
1180
1325
1478
1489
1519
1692
1662
1470
1313
1553
1822
2092
2435
2674
2785
2760
3240
3863
4524
4653
4315
4721
948.7
845.5
794.1
803.6
767
661.3
512.3
348.1
187.5
40.23
-85.18
-193.4
-288.6
-365.7
-428.5
-475.4
-511.4
-554.1
-600.2
-638.1
-670.6
-697.7
-721.6
-774.2
-816.8
-845
-857.8
-855.9
-842.1
-790.6
-729.3
-640.5
-498.2
-336.1
-218.2
-115.5
-70.55
-184.7
-213.6
-121.1
4.981
23.62
83.99
206.7
461.2
588.5
808.8
985.8
951.7
1021
1277
1704
2141
2463
2396
2828
3824
1049
809.8
699.3
775.6
832.2
832.1
762.4
654.3
529
399.3
278.6
167.8
70.36
-12.33
-81.76
-135.1
-178
-224.6
-271.8
-311.6
-346.1
-375.2
-403.7
-452
-493.3
-525.4
-548.6
-564.7
-575.7
-562.4
-536.1
-480.4
-378
-239
-73.38
126.6
282.8
205.9
142.6
247.8
365.2
347.9
359.6
471
716.4
862.2
1088
1207
1150
1260
1558
2039
2512
2821
2740
3292
4348
1221
927.1
648.1
687.2
826.1
929.9
956.6
927.3
858.9
764.4
660.7
554.1
456.9
369.3
292.6
231.4
179.6
127.9
78.46
35.34
-2.476
-34.54
-69.19
-113.9
-154.9
-190.2
-221
-249.5
-276.1
-287.1
-279.8
-236.8
-143
0.172
185.9
396.2
600.2
574.6
522.8
650.5
764.8
702.1
649.2
747.8
981.2
1145
1350
1422
1347
1536
1887
2430
2949
3213
3117
3763
4856
1561
1184
754.8
644.2
789.5
994.7
1127
1198
1210
1174
1104
1012
917.8
826.1
740.3
667.8
602.6
542.3
488.6
440
396.9
360.3
317.8
277.6
238.3
202.1
167.6
132.8
99.19
73.72
72.04
111.4
203.3
348.7
543.4
752.3
962.5
925.5
955.1
1110
1227
1114
1004
1077
1283
1461
1634
1672
1781
1907
2250
2881
3486
3714
3580
4277
5287
2044
1617
1068
734.9
746.1
1011
1246
1429
1546
1594
1584
1524
1443
1354
1261
1177
1096
1025
965.5
910
860.5
818.5
766.8
732.6
696.5
661.9
627.9
592.7
560.2
530.2
529.7
573.5
667.6
812.1
1004
1197
1362
1362
1454
1624
1744
1603
1465
1474
1643
1824
2058
2320
2509
2605
2627
3347
4075
4330
4188
4738
5532
971.2
818.5
707.2
740.9
725.9
646.2
514.9
359
200.9
51.93
-77.49
-190.7
-290.8
-373.2
-441.2
-492.9
-533.2
-580.4
-631
-672.7
-708.6
-738.1
-763.7
-820.4
-865.9
-894.9
-906
-900
-880.2
-817
-743.3
-625.5
-444.2
-307.6
-224.8
-141.5
-184.5
-308.9
-288.6
-172.4
-81.24
-31.69
45.76
182.4
323.8
554.6
744.8
679
642.7
806
1215
1705
2075
2095
2651
3576
3762
1118
850.3
650.8
688.3
761.8
785.7
739.3
647.2
531.6
405.9
285.5
172.8
72.43
-14.35
-88.33
-146.1
-193.3
-244.7
-297
-341.5
-380.2
-412.6
-444.1
-497.7
-543.4
-578.2
-602.3
-617.7
-626.7
-605.9
-571.3
-499.1
-378.4
-231.3
-49.27
165.7
214.3
74.53
85.36
207.4
269.3
274.7
332.5
439.7
598.9
848.3
944.6
819
835.9
1054
1507
2050
2407
2468
3083
3966
3864
1392
1035
655.8
616.7
731.5
851.6
901.3
893.4
842
759.1
662.1
558.4
461.4
371.9
291.9
227
171.1
114.3
59.41
10.95
-31.96
-68.34
-107.3
-158.6
-205.6
-245.6
-280
-311
-338.9
-346.3
-333
-277.5
-167.2
-6.084
200.2
433.9
573
475.7
487.6
634.3
670.2
616
589.6
714.1
869.9
1124
1115
968.3
1058
1360
1858
2484
2819
2901
3513
4261
3829
1818
1389
884
613.7
684.5
887.7
1036
1129
1164
1148
1094
1012
922.7
832.6
745.6
670.6
601.6
536.2
476.5
421.8
372.7
330.8
282.5
234.4
187.5
144.6
104.4
64.42
26.74
1.449
3.827
53.09
160.7
329.8
549.9
775.4
937.4
882
946.2
1131
1141
1023
956.5
1027
1210
1409
1330
1415
1652
1699
2259
3014
3378
3469
3855
4367
3679
2332
1915
1288
897.5
677.3
881.3
1126
1320
1461
1537
1552
1513
1444
1362
1271
1186
1102
1026
960.5
898.3
841.9
793.6
735
691.6
646.5
603.8
562.3
520.2
482.1
449.3
451
502
610
780.9
1002
1217
1379
1350
1456
1677
1672
1528
1439
1379
1609
1760
1805
2120
2333
2132
2719
3580
3985
4070
4061
4201
4468
1015
795.5
640.4
678.9
680.3
624.2
510.9
364.7
210.6
61.43
-70.62
-187.6
-291.5
-378.5
-451.1
-507.1
-551.5
-603
-657.7
-703
-742
-773.8
-801.2
-861.9
-910.4
-940
-949
-938.5
-912.2
-836.4
-745.2
-584.5
-399.7
-320.1
-260.6
-217.2
-338.6
-427.3
-380.4
-263.3
-193.7
-79.53
-85.98
18.87
291.9
554.3
500.8
359.8
423.5
738.7
1267
1683
1795
2401
3052
3017
2613
1246
929
627.7
611.7
694
735.1
709.5
633.4
528.3
408.1
289.4
176.2
74.17
-15.69
-93.41
-155
-206.1
-261.9
-318.8
-367.6
-410.3
-445.9
-480.3
-539
-589.1
-626.4
-651
-665.1
-671.2
-641.4
-595.4
-502.9
-368.1
-215.7
-20.14
165.6
90.75
-48.69
4.963
105.2
129.6
180.1
172.4
295.9
605.5
736.7
578.2
485.9
648.3
988.6
1560
1987
2168
2756
3247
2953
3374
1606
1189
735.3
586
642.6
775.1
841.8
852.6
817.8
746.9
657.6
558.6
463.3
373.2
291
223.3
164
102.9
43.13
-10.21
-57.88
-98.33
-141.4
-199.2
-252.1
-296.8
-334.4
-367.5
-395.9
-397.9
-376.5
-306.9
-182
-5.364
222.8
464.6
464.3
359.3
436.2
537
507.7
473.4
447.2
626.4
894.4
857.5
663.5
782.3
954.1
1297
1947
2416
2634
3008
3285
3124
4169
2083
1631
1042
700.7
631.5
791
949.2
1056
1111
1113
1075
1004
922.3
835.3
748.6
672.1
600.5
531
466.3
406.2
351.6
304.6
251.1
195.2
140.6
91
44.98
0.1049
-40.75
-63.81
-55.34
5.381
129.5
322.4
564
820.4
853.1
822.3
937.2
1054
975.6
893.1
876
1014
1171
1038
1037
1376
1506
1678
2425
2956
3166
3265
3290
3851
4871
2566
2211
1540
1082
734.3
797.6
1020
1215
1371
1470
1509
1491
1436
1363
1276
1192
1107
1027
956.3
888.5
826
771.9
706.9
654.6
600.3
549.2
500.1
451.1
408.1
374.8
380.8
440.5
564.7
762.5
1012
1240
1307
1323
1487
1620
1512
1410
1366
1418
1468
1304
1652
2049
2106
2144
2965
3550
3722
3834
3928
4495
5476
1091
821.6
616.6
619.9
634.7
598.2
502
366
217.1
69.18
-63.95
-183.2
-289.8
-380.4
-457.2
-517.3
-565.7
-621.3
-679.9
-728.7
-770.8
-804.8
-833.9
-898.6
-949.9
-980.2
-986.9
-971.5
-938.1
-848.2
-730.4
-529.9
-387.7
-358.9
-313.9
-333.3
-493.5
-554.2
-493.8
-393.4
-297.6
-249.5
-307.7
0.1054
389.9
378.6
168.5
122.8
333.4
786.9
1288
1454
2059
2386
2165
2675
3735
1415
1035
637.3
571.5
628.3
682.6
675.1
614.1
520.1
406.4
290.9
179
76.64
-15.18
-95.84
-160.7
-215.5
-275.4
-336.7
-389.5
-436.2
-474.9
-512.2
-575.9
-630.2
-669.8
-694.5
-706.6
-708.2
-666.9
-603.7
-483.4
-333.4
-190.8
-0.2852
93.53
-80.57
-171.2
-113
-53.67
-27.2
-13.71
8.066
362.7
588.9
385
221.2
344.1
576.1
1018
1533
1786
2255
2425
2410
3436
4376
1839
1376
847.6
572.6
579.7
703.4
780.9
806.8
787.3
728.8
648.5
555.8
464
374.6
291.4
221.6
159.4
94.57
30.36
-27.53
-79.79
-124.2
-171.5
-235.5
-294.3
-343.4
-383.8
-418.1
-445.5
-439.8
-407.3
-322.2
-185.9
0.2664
241
432.8
339
251.8
335.8
364.1
315.5
308.3
417.6
705.6
688
426.8
522.7
770.3
857.2
1324
1909
2200
2384
2530
3090
4115
4868
2320
1885
1227
835.4
603.7
711
869.6
981.8
1052
1071
1048
991.6
918.1
835.9
750.9
674.1
600.8
528.2
459.1
394.2
334.4
282.6
223.7
160.1
97.92
41.73
-9.708
-58.81
-101.4
-119.9
-103.4
-30.23
109.6
320.5
586.2
817
744.9
733.8
867.5
880.4
780.1
763.9
859.1
1001
847.1
689.4
1090
1318
1217
1754
2428
2715
2959
3181
3718
4683
5256
2705
2469
1801
1285
881.7
753.7
920.6
1113
1277
1395
1457
1462
1422
1359
1278
1196
1111
1029
954.7
882
814
754.3
683.2
622
558.5
499
442.4
387.1
340.5
308.8
320.3
389.2
530.1
752.4
1024
1262
1168
1279
1451
1451
1318
1280
1311
1311
1129
1219
1749
1910
1652
2295
3037
3304
3529
3855
4376
5211
5474
1199
882.8
617.7
573.6
595.5
571.7
489.5
362.9
220.3
75.7
-56.19
-175.5
-283.3
-376.4
-456.6
-520.5
-572.9
-632.6
-695
-747.3
-792.5
-828.7
-859.8
-928.4
-983
-1015
-1020
-1001
-960.9
-853.9
-700.5
-485.2
-422.1
-412.5
-389.7
-480.7
-645.2
-684.3
-614.9
-525.4
-410.9
-534.9
-358
157.3
341.1
2.308
-93.98
85.14
362.6
872.6
1195
1550
1568
1525
2570
3705
3902
1595
1159
698.4
564.8
575.2
636.6
640.5
591.2
507.6
401.4
291
182.5
81.72
-10.56
-93.11
-160.8
-219
-282.9
-348.3
-405.2
-455.7
-497.6
-538.2
-607
-665.8
-708.2
-733.3
-743.3
-739.4
-682.8
-591.7
-433.5
-299.7
-185.1
-20.51
-26.54
-244.8
-303.5
-260.5
-238.1
-224.7
-218.4
65.97
476
328.7
-13.9
160.2
363.6
543.4
1058
1396
1581
1634
2235
3348
4144
4112
2055
1571
969.7
636.1
562.2
645.9
727.5
761.2
753.5
706.4
635.9
551.4
464.9
378
295.1
224
159.4
91.1
22.75
-39.48
-96.26
-144.8
-196.4
-266.9
-331.7
-385.5
-428.6
-463.5
-488.2
-471.7
-423.9
-323.3
-183.9
10.07
258.5
362.8
194.7
139.8
188
157.2
126.4
212.1
500.2
675
309.8
228.7
644.5
667.4
773.9
1334
1682
1904
2259
2969
3945
4351
4192
2493
2113
1421
973.2
648.8
672.5
802.4
913.5
991.9
1025
1017
974.8
911.4
835.8
754
678
603.9
528.6
455.8
386.4
321.6
265
200.7
129.2
59.34
-3.43
-59.88
-112.3
-154.8
-165.9
-138.8
-53.77
97.54
321.7
598.2
742.3
643
649.7
730.2
658.8
588.9
674.8
889.6
837.7
474.5
748.9
1174
1028
1162
1812
2203
2533
3009
3695
4355
4515
4119
2735
2649
2036
1493
1051
750.5
844.2
1025
1190
1320
1401
1426
1403
1352
1278
1200
1116
1033
955.3
878.5
805.4
740.5
663.2
593
520.4
452.8
389.5
328.9
280.6
252.8
270.7
347.9
503.9
743.8
1027
1180
1117
1222
1329
1224
1123
1180
1298
1089
822.7
1411
1731
1467
1725
2434
2849
3191
3778
4392
4714
4593
3805
1328
964.9
620.5
540.6
561.9
544.9
473.7
356.2
221.2
82.55
-45.34
-162.4
-269.4
-363.5
-446.1
-513.2
-569.7
-633.3
-699.2
-754.8
-803.4
-842.4
-876.4
-949.5
-1009
-1044
-1050
-1027
-981.1
-854.1
-662.2
-470.8
-458.6
-466.4
-482.1
-638.8
-788.6
-808.7
-723.1
-622.7
-570.3
-671.6
-268.8
237.3
50.22
-327.2
-112.7
161.7
458.4
926.2
1248
940.2
1083
2240
3414
3488
2987
1776
1297
780.4
568
535.7
596.9
606.1
565.6
491.8
394.5
291.6
188.9
91.81
0.8866
-82.27
-152
-213.7
-281.6
-350.9
-411.7
-466.4
-512
-556.9
-631.6
-695.9
-742.2
-768.5
-776
-764.7
-686.8
-554.5
-375.6
-288.4
-190.3
-72.45
-189.1
-405.8
-443.3
-413.1
-408.1
-395.9
-259.5
215
433.9
-69.28
-139.7
312.2
330.4
606.3
1106
1118
1140
1892
3105
3785
3343
2926
2234
1759
1100
727.1
565.4
602.5
682.6
717.2
717.6
681.1
621.6
547.3
468.2
385.8
304.7
233.3
166.3
94.39
22.16
-44.28
-105.8
-158.9
-216.1
-293.9
-365.3
-424.1
-469.8
-504.3
-523.9
-492.2
-424.1
-311.5
-173.1
28.05
270.7
249
40.79
9.123
10.33
-46.68
-26.87
202.1
594.8
462.7
-1.444
373
688.2
469.9
811.4
1274
1456
1908
2760
3734
3787
3201
3508
2584
2297
1607
1113
748.8
666.3
752.7
856.1
934.6
976.9
982.9
955.7
904.3
837.2
760.3
686.3
611.4
533.4
457
383.5
313.8
251.9
180.9
100.9
23.04
-46.2
-107
-161.5
-201.4
-202
-161.9
-66.44
94.96
333.9
624.3
644.3
532.8
540.5
538.8
430.1
434.9
673.3
922.6
535.3
368.8
1029
1014
759.1
1236
1745
2062
2710
3575
4115
3643
3101
4792
2663
2733
2225
1695
1214
854.9
814.4
962.3
1118
1249
1342
1387
1380
1343
1278
1205
1122
1038
958
877.6
799.7
729.2
644.7
564.7
483.2
408.1
339.1
274.4
226.3
204.3
229
314.8
487.5
747.7
1048
1096
1091
1150
1138
982.7
963.8
1177
1258
779.7
965.1
1689
1372
1241
1879
2411
2775
3529
4271
4209
3586
4053
5930
2002
2209
2185
2214
2173
2086
1980
1883
1800
1731
1678
1638
1618
1606
1606
1615
1631
1660
1699
1736
1772
1805
1827
1868
1899
1916
1919
1907
1883
1872
1848
1815
1779
1745
1709
1670
1649
1666
1801
2038
2152
2303
2228
2143
2114
2147
2324
2778
3380
3760
3529
3811
4147
4571
5051
5472
5701
2147
2408
2484
2604
2652
2639
2583
2523
2464
2409
2360
2320
2299
2286
2283
2290
2302
2330
2372
2410
2445
2476
2492
2538
2571
2587
2587
2568
2537
2529
2501
2463
2417
2369
2316
2254
2206
2192
2289
2559
2633
2877
2802
2675
2618
2616
2746
3165
3759
4177
3981
4131
4479
4886
5369
5793
6015
2358
2672
2846
3058
3203
3287
3296
3289
3268
3238
3203
3167
3147
3136
3134
3140
3150
3181
3227
3266
3301
3331
3342
3395
3430
3445
3440
3415
3374
3368
3335
3287
3228
3163
3088
2994
2908
2852
2891
3135
3180
3535
3495
3342
3264
3228
3333
3738
4316
4750
4526
4428
4763
5127
5629
6101
6370
2708
3076
3342
3640
3881
4084
4186
4271
4323
4344
4342
4313
4283
4265
4257
4256
4254
4275
4316
4346
4372
4390
4385
4444
4483
4499
4496
4470
4432
4447
4432
4397
4347
4286
4203
4079
3938
3803
3721
3838
3905
4223
4161
3976
3868
3803
3886
4271
4814
5221
5006
4701
5076
5345
5826
6333
6652
2685
3041
3331
3658
3948
4219
4569
4837
5051
5220
5357
5470
5505
5484
5455
5423
5382
5368
5380
5381
5378
5373
5344
5410
5460
5491
5508
5508
5502
5577
5614
5625
5607
5559
5465
5290
5057
4792
4543
4402
4207
4427
4466
4273
4151
4022
4098
4516
5013
5399
5202
4713
5184
5436
5858
6403
6784
1904
2119
2161
2244
2246
2180
2078
1978
1887
1809
1744
1690
1657
1633
1621
1620
1625
1645
1677
1707
1737
1764
1780
1819
1848
1864
1867
1857
1837
1833
1818
1798
1781
1771
1761
1746
1743
1779
1863
1955
1973
1883
1834
1888
2058
2395
2828
3125
2997
3372
3634
3750
4052
4502
4899
5183
5368
2021
2285
2427
2605
2704
2724
2679
2622
2560
2498
2439
2385
2350
2322
2305
2299
2299
2318
2352
2382
2411
2436
2447
2493
2525
2541
2542
2527
2503
2504
2489
2466
2442
2424
2401
2365
2338
2334
2402
2456
2551
2442
2366
2414
2588
2912
3318
3603
3452
3707
4052
4156
4416
4863
5266
5534
5689
2190
2503
2738
3007
3210
3337
3369
3377
3362
3331
3290
3244
3210
3182
3164
3156
3153
3173
3212
3243
3272
3295
3301
3354
3389
3405
3403
3382
3351
3357
3342
3315
3285
3258
3222
3165
3112
3075
3113
3003
3197
3074
2978
3011
3185
3475
3832
4079
3936
4173
4580
4654
4813
5217
5628
5916
6084
2466
2831
3148
3497
3801
4037
4177
4288
4360
4394
4398
4376
4344
4307
4284
4270
4255
4267
4300
4323
4342
4354
4344
4402
4440
4457
4457
4439
4412
4445
4454
4451
4443
4433
4405
4332
4240
4132
4046
3908
3914
3727
3597
3626
3793
4046
4320
4517
4324
4537
5069
5129
5189
5511
5915
6215
6394
2394
2747
3078
3447
3797
4111
4424
4716
4941
5118
5257
5359
5440
5459
5433
5399
5354
5336
5343
5339
5333
5323
5290
5352
5398
5429
5448
5457
5466
5563
5634
5691
5734
5763
5748
5647
5481
5253
4974
4588
4142
4058
3875
3923
4075
4223
4433
4612
4422
4585
5180
5322
5336
5585
5994
6326
6533
1782
1982
2084
2224
2279
2248
2159
2063
1970
1884
1808
1743
1698
1663
1638
1625
1620
1631
1655
1678
1701
1722
1732
1769
1795
1809
1812
1803
1788
1790
1784
1779
1780
1795
1811
1816
1826
1845
1723
1780
1769
1842
2007
2253
2532
2680
2543
3037
3320
3384
3507
3777
4078
4372
4662
4992
5373
1860
2111
2307
2542
2703
2771
2750
2705
2646
2580
2513
2447
2400
2359
2328
2309
2296
2305
2331
2354
2375
2395
2400
2445
2475
2491
2494
2482
2464
2475
2473
2468
2467
2479
2485
2473
2458
2437
2335
2335
2319
2407
2582
2838
3106
3221
3030
3488
3836
3913
4016
4245
4516
4786
5047
5345
5715
1967
2278
2558
2880
3148
3334
3403
3436
3436
3409
3366
3312
3268
3226
3192
3170
3153
3163
3193
3217
3238
3256
3256
3308
3342
3358
3358
3342
3319
3338
3340
3337
3337
3349
3353
3332
3302
3264
3164
2897
2897
2983
3138
3368
3597
3682
3482
4054
4440
4480
4518
4682
4914
5165
5426
5736
6132
2158
2531
2882
3274
3639
3936
4116
4264
4364
4417
4431
4413
4385
4347
4305
4277
4251
4253
4279
4294
4306
4313
4297
4353
4389
4405
4407
4394
4378
4426
4458
4488
4522
4566
4594
4574
4521
4426
4252
3776
3552
3593
3718
3921
4117
4162
3932
4570
4938
4979
4960
5052
5234
5476
5739
6059
6475
2039
2402
2760
3164
3570
3952
4262
4582
4823
5014
5160
5262
5330
5395
5401
5370
5322
5299
5301
5292
5282
5268
5230
5286
5326
5352
5371
5384
5403
5515
5614
5714
5816
5921
5989
5966
5866
5664
5335
4721
3889
3873
4012
4206
4339
4279
4177
4740
5045
5054
5044
5123
5305
5554
5843
6198
6645
1623
1803
1949
2142
2259
2279
2217
2135
2045
1956
1873
1798
1742
1695
1658
1634
1618
1619
1635
1650
1665
1680
1684
1717
1740
1753
1755
1748
1736
1744
1746
1752
1770
1807
1843
1863
1881
1850
1644
1726
1877
2062
2244
2342
2429
2767
2879
2900
3048
3360
3694
3938
4129
4395
4773
5294
6002
1652
1892
2122
2405
2632
2765
2784
2765
2719
2655
2584
2509
2451
2398
2354
2321
2295
2293
2311
2326
2340
2354
2353
2395
2424
2439
2443
2435
2423
2443
2453
2464
2485
2522
2553
2557
2545
2494
2294
2175
2337
2536
2720
2814
2963
3354
3494
3473
3591
3896
4234
4454
4598
4822
5167
5653
6393
1685
1996
2304
2667
2999
3259
3381
3457
3483
3471
3432
3374
3322
3270
3223
3186
3155
3153
3175
3190
3203
3215
3209
3260
3292
3307
3309
3297
3283
3312
3329
3348
3376
3423
3461
3465
3443
3381
3174
2768
2682
2862
3046
3162
3632
4067
4190
4079
4046
4288
4617
4843
4988
5222
5578
6047
6810
1770
2161
2540
2964
3383
3755
3982
4185
4329
4412
4444
4434
4407
4374
4330
4284
4245
4238
4255
4263
4268
4269
4247
4300
4332
4347
4349
4340
4333
4392
4443
4501
4573
4665
4740
4758
4723
4610
4357
3892
3467
3357
3521
3924
4409
4861
4927
4668
4472
4628
4955
5190
5325
5580
5958
6429
7186
1658
1975
2381
2813
3271
3723
4078
4421
4691
4901
5061
5168
5233
5291
5346
5339
5290
5262
5258
5244
5229
5210
5165
5214
5245
5265
5280
5294
5318
5436
5553
5687
5838
6008
6143
6184
6123
5920
5553
4985
4458
4282
4387
4678
5041
5375
5293
4948
4608
4652
5006
5279
5445
5734
6161
6682
7421
1425
1601
1768
2005
2187
2272
2251
2194
2116
2029
1942
1856
1790
1731
1683
1648
1620
1612
1619
1625
1633
1641
1639
1667
1687
1696
1698
1690
1681
1692
1699
1713
1744
1796
1846
1874
1889
1829
1699
1676
1777
1994
2284
2602
2792
2802
2716
2866
3255
3617
3893
4094
4292
4599
5156
5607
5064
1429
1640
1884
2203
2494
2702
2779
2802
2780
2727
2655
2573
2506
2442
2385
2339
2300
2287
2295
2301
2308
2315
2307
2346
2372
2386
2390
2385
2379
2404
2423
2446
2484
2540
2585
2594
2572
2487
2306
2184
2248
2461
2784
3167
3415
3433
3280
3347
3765
4161
4436
4607
4760
5029
5534
6030
5537
1412
1662
1988
2380
2770
3109
3304
3441
3509
3521
3492
3435
3376
3317
3259
3208
3162
3149
3160
3166
3172
3177
3163
3211
3240
3254
3256
3247
3239
3275
3302
3337
3388
3461
3520
3534
3498
3394
3158
2898
2851
3037
3374
3807
4081
4030
3722
3657
4030
4485
4800
5011
5195
5478
5936
6469
6072
1490
1709
2124
2580
3035
3468
3777
4061
4265
4389
4447
4450
4425
4393
4353
4302
4244
4226
4234
4234
4231
4226
4196
4246
4273
4283
4284
4278
4276
4340
4402
4481
4582
4709
4813
4846
4793
4625
4311
3933
3724
3794
4078
4574
4840
4681
4192
3967
4247
4784
5148
5396
5607
5921
6330
6878
6582
1710
1606
1921
2421
2956
3474
3879
4250
4554
4790
4968
5084
5147
5204
5253
5298
5264
5230
5219
5199
5177
5152
5099
5138
5159
5170
5178
5188
5213
5325
5450
5605
5790
6002
6177
6242
6162
5894
5462
4953
4581
4548
4774
5243
5420
5056
4342
4118
4300
4796
5252
5566
5835
6191
6588
7136
6928
1259
1385
1564
1829
2073
2229
2262
2241
2183
2103
2012
1917
1840
1769
1709
1661
1621
1602
1599
1597
1597
1599
1589
1613
1628
1635
1635
1628
1621
1631
1642
1663
1704
1768
1826
1856
1857
1788
1710
1724
1856
2113
2464
2614
2510
2398
2432
2873
3325
3653
3976
4230
4422
4850
4909
4755
5942
1247
1365
1614
1953
2302
2592
2742
2821
2834
2797
2728
2639
2561
2486
2416
2357
2303
2278
2276
2273
2271
2271
2256
2292
2315
2327
2332
2329
2327
2355
2380
2415
2466
2537
2589
2594
2548
2433
2268
2203
2304
2552
2982
3165
3006
2797
2833
3210
3775
4138
4469
4715
4860
5231
5344
5068
6418
1266
1309
1614
2033
2472
2895
3181
3397
3520
3565
3551
3495
3429
3361
3293
3231
3168
3140
3141
3137
3134
3132
3111
3156
3181
3193
3195
3189
3186
3223
3257
3306
3376
3469
3540
3550
3487
3337
3105
2943
2953
3159
3603
3700
3357
3315
3517
3870
3984
4446
4854
5186
5359
5659
5836
5280
6804
1761
1417
1622
2108
2593
3101
3525
3904
4179
4354
4444
4461
4438
4407
4363
4313
4245
4208
4206
4196
4185
4174
4137
4182
4203
4210
4210
4204
4207
4268
4338
4433
4558
4707
4825
4852
4760
4531
4229
3912
3750
3884
4365
4367
3985
4192
4359
4665
4504
4737
5227
5664
5873
6081
6290
5708
7127
2094
1798
1540
1925
2635
3273
3676
4087
4428
4693
4889
5012
5071
5128
5174
5210
5226
5190
5171
5143
5115
5083
5022
5051
5060
5060
5061
5066
5088
5187
5313
5481
5689
5922
6106
6154
6006
5637
5109
4599
4279
4375
4893
4765
4664
4904
5022
5199
5071
4782
5391
5951
6222
6327
6506
6062
7178
1123
1148
1323
1601
1895
2128
2229
2260
2235
2171
2083
1982
1895
1813
1741
1682
1629
1598
1586
1574
1565
1560
1543
1561
1571
1574
1572
1564
1557
1566
1577
1603
1653
1726
1787
1813
1799
1731
1670
1724
1939
2257
2241
2307
2387
2448
2707
2671
3139
3641
4043
4167
4414
4350
5296
6091
6196
1193
1103
1298
1646
2037
2408
2643
2796
2860
2854
2799
2709
2622
2537
2456
2385
2317
2278
2265
2251
2241
2233
2210
2241
2260
2270
2273
2271
2272
2299
2326
2368
2430
2509
2561
2556
2490
2356
2257
2269
2432
2808
2759
2769
2845
2882
3171
2981
3528
4086
4550
4634
4794
4792
5688
6609
6677
1516
1161
1207
1612
2097
2597
2980
3287
3483
3578
3595
3551
3483
3411
3335
3261
3186
3142
3131
3116
3103
3093
3063
3103
3124
3132
3133
3128
3127
3159
3195
3252
3336
3438
3509
3508
3420
3255
3104
3029
3123
3474
3241
3458
3521
3539
3825
3647
3846
4473
5074
5219
5265
5307
5968
7031
7075
2170
1773
1372
1563
2107
2688
3198
3667
4028
4271
4409
4456
4442
4418
4376
4323
4255
4202
4187
4167
4147
4128
4083
4122
4136
4137
4133
4126
4130
4182
4250
4355
4493
4650
4763
4770
4640
4421
4112
3848
3872
4257
3934
4343
4388
4320
4454
4298
4187
4861
5605
5850
5779
5783
6202
7452
7487
2558
2237
1834
1534
2218
2979
3430
3883
4264
4569
4796
4940
5002
5065
5114
5149
5156
5164
5134
5096
5058
5019
4947
4964
4960
4949
4941
4939
4957
5036
5156
5329
5547
5778
5940
5939
5712
5258
4714
4319
4273
4660
4459
4956
4928
4758
4753
4515
4255
5042
5910
6280
6167
6009
6166
7583
7680
1176
964.6
1070
1350
1674
1972
2144
2236
2253
2214
2139
2038
1944
1854
1772
1702
1639
1597
1574
1553
1536
1523
1498
1510
1514
1514
1509
1500
1492
1497
1509
1541
1601
1681
1745
1771
1757
1705
1735
1902
2183
2111
2226
2180
2124
2235
2065
2492
3086
3643
3849
3984
4040
5316
5737
5823
5804
1398
1052
1008
1323
1738
2169
2484
2713
2839
2876
2845
2764
2675
2584
2494
2412
2332
2281
2256
2233
2213
2197
2166
2191
2205
2212
2214
2212
2215
2239
2267
2316
2388
2473
2523
2514
2441
2369
2355
2441
2750
2599
2730
2634
2545
2680
2564
2903
3518
4184
4424
4452
4565
5763
6259
6267
6185
1892
1471
1073
1196
1698
2257
2716
3106
3381
3540
3601
3581
3519
3449
3368
3287
3201
3146
3121
3096
3073
3055
3017
3051
3066
3070
3068
3063
3064
3090
3126
3192
3287
3396
3463
3454
3356
3243
3136
3140
3445
3338
3502
3354
3232
3366
3248
3448
4003
4749
5096
5099
5167
6114
6717
6664
6608
2664
2279
1770
1363
1622
2295
2851
3364
3805
4125
4326
4416
4422
4412
4376
4323
4250
4197
4166
4138
4110
4083
4030
4062
4068
4063
4055
4047
4052
4092
4161
4274
4424
4582
4682
4671
4541
4304
3988
3901
4242
4133
4338
4139
3964
4000
3876
4017
4544
5316
5797
5825
5810
6400
7156
7054
6996
3112
2769
2306
1841
1608
2497
3153
3653
4074
4416
4681
4854
4927
5003
5059
5098
5105
5108
5100
5049
5002
4954
4873
4877
4860
4839
4823
4818
4835
4897
5016
5198
5424
5644
5773
5724
5441
4962
4485
4267
4542
4505
4723
4412
4243
4252
4054
4240
4866
5603
6231
6365
6310
6380
7301
7209
7176
1335
993.6
859.6
1100
1441
1782
2016
2169
2235
2230
2173
2079
1983
1888
1798
1719
1646
1595
1563
1532
1507
1487
1455
1461
1459
1454
1446
1435
1427
1427
1439
1478
1548
1636
1706
1744
1746
1771
1872
2135
2052
2102
2015
1947
1962
1849
2155
2574
3177
3534
3722
3914
4880
5154
5352
5518
5742
1705
1302
909.1
1018
1434
1898
2276
2578
2770
2857
2861
2798
2712
2620
2524
2433
2343
2282
2248
2214
2186
2163
2124
2143
2152
2155
2155
2153
2158
2176
2205
2261
2343
2432
2485
2483
2439
2433
2444
2717
2620
2687
2514
2437
2459
2377
2686
3103
3782
4222
4389
4502
5337
5687
5838
5966
6179
2346
1920
1386
1029
1300
1902
2411
2871
3221
3449
3564
3580
3533
3470
3390
3304
3210
3145
3110
3075
3043
3017
2972
3000
3009
3009
3005
2999
3002
3019
3056
3131
3237
3348
3415
3413
3348
3267
3185
3458
3359
3561
3296
3175
3162
3056
3369
3743
4402
4943
5170
5288
5605
6137
6283
6471
6788
3216
2847
2291
1776
1392
1853
2476
3041
3529
3925
4195
4338
4373
4384
4360
4312
4237
4178
4147
4107
4071
4038
3978
4002
4001
3990
3978
3970
3977
4006
4076
4200
4359
4511
4603
4594
4475
4195
3949
4202
4071
4258
3979
3852
3787
3675
4059
4393
5010
5672
6014
6141
6110
6470
6649
6902
7339
3626
3372
2861
2350
1846
1754
2616
3372
3863
4245
4546
4753
4842
4935
5003
5048
5055
5048
5050
5002
4946
4889
4800
4793
4764
4734
4712
4706
4726
4776
4900
5096
5327
5527
5625
5551
5249
4779
4369
4439
4242
4461
4128
4073
4030
3891
4327
4827
5317
6084
6605
6837
6817
6618
6729
7082
7656
1588
1206
817.7
879
1201
1563
1847
2058
2177
2213
2184
2105
2012
1916
1820
1735
1654
1594
1553
1514
1481
1454
1415
1414
1407
1397
1385
1371
1360
1355
1367
1411
1490
1585
1670
1731
1773
1846
2023
1987
2075
2030
1993
1842
1766
2002
2268
2777
3239
3567
3750
4201
4502
4833
5203
5712
6110
2099
1672
1155
856.2
1127
1609
2027
2391
2649
2795
2843
2809
2734
2647
2549
2452
2354
2283
2241
2198
2161
2131
2085
2098
2101
2100
2098
2094
2098
2109
2138
2200
2288
2380
2444
2464
2481
2481
2616
2557
2789
2597
2559
2400
2326
2603
2904
3464
4009
4355
4535
4615
4951
5336
5750
6308
6646
2841
2439
1844
1354
1046
1514
2071
2581
3003
3302
3481
3545
3523
3476
3402
3316
3216
3143
3101
3056
3016
2983
2930
2952
2955
2950
2942
2935
2938
2945
2982
3065
3178
3290
3366
3391
3360
3258
3349
3260
3614
3394
3270
3089
3027
3353
3609
4105
4746
5184
5401
5541
5402
5754
6297
7019
7318
3706
3454
2874
2322
1792
1515
2010
2659
3220
3671
4014
4222
4296
4337
4332
4293
4221
4158
4124
4078
4035
3995
3928
3946
3937
3920
3904
3895
3905
3921
3994
4127
4290
4435
4530
4549
4411
4091
4039
3922
4242
3982
3916
3780
3732
4120
4324
4763
5493
6058
6362
6485
6503
6080
6748
7658
8005
3888
3903
3479
2958
2430
1981
2041
2749
3591
4043
4384
4630
4742
4859
4945
5000
5012
4995
4982
4958
4894
4830
4733
4714
4675
4637
4611
4606
4631
4673
4807
5014
5245
5421
5502
5428
5107
4622
4324
4090
4301
4051
4085
4091
4062
4519
4721
5164
5902
6606
7125
7304
7372
6122
6938
8036
8513
1918
1503
1015
744.9
967.7
1349
1665
1921
2090
2169
2173
2115
2031
1937
1840
1750
1662
1594
1545
1499
1458
1424
1378
1370
1356
1340
1324
1306
1292
1280
1292
1341
1425
1528
1635
1726
1814
1912
2018
2087
2066
2150
1986
1817
1879
2115
2491
2974
3392
3630
3747
3777
4249
4833
5497
5735
5304
2525
2103
1519
1073
914.9
1338
1782
2177
2493
2697
2795
2797
2741
2664
2569
2470
2365
2287
2236
2185
2140
2103
2049
2056
2052
2047
2041
2035
2038
2040
2068
2132
2223
2318
2401
2467
2507
2528
2644
2817
2688
2754
2615
2439
2508
2800
3205
3780
4224
4438
4548
4492
4699
5393
6198
6398
5775
3256
2972
2348
1804
1283
1232
1738
2267
2748
3117
3362
3482
3493
3469
3407
3324
3223
3142
3093
3040
2992
2952
2891
2907
2903
2892
2881
2872
2875
2872
2911
2998
3112
3222
3319
3383
3345
3279
3401
3566
3507
3461
3293
3208
3292
3543
3851
4496
5038
5323
5465
5554
5080
5881
6893
7210
6529
3944
3960
3470
2890
2303
1789
1701
2208
2875
3402
3805
4080
4200
4278
4296
4272
4205
4139
4099
4054
4001
3956
3884
3894
3877
3855
3836
3827
3840
3848
3925
4064
4224
4359
4470
4514
4312
4018
4063
4158
4006
4072
4038
4084
4187
4322
4524
5250
5898
6307
6503
6640
5477
6354
7542
8023
7362
3795
4160
3999
3577
3021
2500
2343
2237
2982
3808
4210
4496
4635
4781
4888
4958
4976
4953
4928
4896
4852
4779
4674
4644
4595
4553
4527
4527
4562
4603
4750
4964
5183
5332
5411
5336
4965
4466
4232
4095
3984
4130
4324
4550
4791
4754
4812
5632
6342
7000
7350
7440
6023
6625
7956
8633
8068
2278
1854
1286
880.7
808.8
1156
1488
1769
1978
2100
2141
2109
2038
1951
1855
1761
1667
1591
1534
1480
1432
1391
1338
1322
1301
1279
1257
1234
1217
1197
1208
1259
1350
1467
1609
1744
1844
1966
2024
2053
2250
2210
2000
1793
2068
2300
2679
3124
3417
3552
3550
3644
4366
5164
5310
4897
5338
2896
2555
1911
1395
977.8
1123
1557
1956
2310
2570
2721
2765
2732
2671
2581
2482
2372
2285
2226
2167
2114
2070
2008
2007
1997
1986
1976
1967
1966
1959
1984
2048
2140
2244
2364
2470
2493
2585
2624
2782
2851
2874
2687
2486
2761
2947
3430
3929
4225
4355
4391
4130
4907
5839
6048
5603
5891
3487
3425
2868
2262
1696
1271
1458
1959
2472
2905
3215
3393
3443
3448
3402
3325
3223
3135
3077
3018
2962
2914
2846
2854
2842
2826
2811
2799
2801
2788
2826
2913
3025
3142
3278
3370
3293
3327
3286
3547
3575
3498
3442
3360
3426
3465
4043
4653
5088
5322
5403
4635
5457
6444
6802
6438
5993
3824
4218
3970
3468
2837
2263
1902
1892
2497
3112
3582
3920
4087
4204
4250
4241
4181
4111
4066
4015
3961
3907
3830
3832
3808
3781
3760
3752
3768
3767
3848
3986
4140
4275
4424
4468
4186
4033
3780
4056
4075
4186
4346
4404
4112
3950
4633
5410
6035
6394
6438
5150
6179
7093
7595
7320
6996
3417
4080
4292
4107
3613
2997
2556
2553
2463
3300
4009
4348
4517
4695
4827
4913
4940
4908
4870
4828
4790
4723
4608
4568
4513
4469
4446
4454
4502
4544
4700
4913
5114
5246
5342
5246
4796
4355
3918
3983
4055
4373
4840
5204
4994
5002
5398
5844
6546
7107
7068
5643
6713
7546
8213
8095
7893
2598
2223
1580
1123
798.1
993.6
1325
1614
1852
2013
2093
2092
2039
1965
1873
1779
1681
1598
1533
1470
1414
1366
1305
1279
1249
1219
1190
1161
1137
1111
1120
1173
1270
1409
1589
1747
1862
1902
2054
2179
2332
2187
2045
1966
2069
2295
2686
3027
3253
3347
3065
3856
4679
4981
4847
4991
5495
3122
2950
2328
1754
1265
1004
1333
1741
2116
2422
2626
2717
2715
2676
2598
2502
2391
2297
2229
2163
2102
2049
1979
1968
1949
1930
1913
1898
1892
1874
1895
1956
2048
2171
2333
2457
2496
2543
2813
2853
2990
2892
2784
2588
2568
2870
3383
3765
4047
4146
3548
4488
5294
5633
5478
5359
5148
3451
3694
3328
2762
2145
1618
1342
1683
2205
2679
3048
3286
3381
3422
3400
3336
3237
3144
3079
3013
2949
2893
2816
2813
2792
2769
2747
2731
2730
2707
2742
2824
2935
3068
3249
3325
3245
3314
3569
3547
3582
3578
3615
3445
3268
3566
3966
4510
5002
5119
4176
5211
5888
6292
6206
6205
6181
3397
4106
4250
3965
3387
2742
2278
1950
2164
2821
3352
3741
3963
4126
4206
4221
4175
4105
4055
3999
3941
3883
3798
3790
3756
3723
3699
3692
3711
3704
3786
3917
4064
4211
4396
4386
4069
4022
4091
4045
4179
4384
4602
4485
4263
4461
4551
5322
5998
6070
4967
6080
6571
7039
7048
7135
7194
2843
3699
4253
4429
4140
3552
3009
2631
2603
2855
3668
4181
4387
4607
4774
4888
4931
4894
4844
4793
4745
4694
4573
4519
4457
4413
4397
4417
4481
4529
4693
4894
5076
5202
5303
5123
4598
4229
3937
3976
4262
4773
5366
5549
5400
5359
4914
5730
6523
6522
5333
6647
7033
7553
7746
7883
8001
2821
2562
1906
1393
968
890.7
1175
1464
1719
1911
2028
2060
2029
1969
1885
1793
1694
1606
1534
1465
1401
1346
1277
1241
1201
1162
1125
1088
1059
1027
1036
1093
1200
1365
1577
1752
1881
1885
2030
2282
2281
2135
2026
1918
2060
2182
2439
2835
3046
2791
3275
4166
4596
4644
4657
4665
5148
3161
3225
2717
2139
1589
1148
1172
1544
1928
2262
2512
2651
2683
2669
2606
2517
2407
2309
2236
2162
2094
2034
1955
1934
1905
1877
1852
1829
1818
1791
1809
1867
1965
2115
2315
2436
2520
2498
2791
2925
2959
2852
2729
2532
2590
2651
3076
3583
3827
3491
3936
4773
5188
5182
5208
5363
5743
3184
3717
3643
3219
2596
2001
1578
1496
1970
2454
2867
3162
3300
3381
3385
3337
3246
3153
3083
3011
2941
2879
2793
2780
2748
2716
2687
2667
2663
2632
2665
2741
2855
3016
3229
3268
3295
3163
3575
3549
3582
3594
3547
3337
3310
3185
3719
4460
4786
4271
4723
5392
5819
5886
6053
6346
6749
2830
3714
4229
4279
3868
3215
2667
2244
1998
2534
3098
3557
3824
4035
4150
4191
4164
4098
4045
3987
3925
3866
3771
3755
3712
3672
3645
3638
3661
3653
3735
3857
4002
4171
4377
4257
4044
3829
4115
4083
4229
4449
4480
4266
4167
3860
4506
5387
5670
4955
5630
6103
6525
6739
6916
7261
7618
2224
3131
3931
4463
4490
4040
3467
2950
2735
2628
3270
3939
4237
4500
4708
4854
4921
4886
4828
4769
4714
4656
4554
4482
4414
4372
4365
4399
4482
4540
4708
4892
5057
5179
5253
4943
4414
4055
4012
4080
4480
5075
5438
5395
5014
4325
4783
5644
5971
5113
6030
6377
6826
7139
7444
7749
8027
2913
2830
2228
1671
1196
865.9
1038
1323
1587
1803
1951
2016
2007
1964
1888
1801
1702
1612
1536
1460
1390
1329
1253
1207
1157
1109
1063
1018
983.1
948.3
959.5
1021
1142
1336
1575
1744
1840
1935
2090
2244
2131
2021
1930
1884
1869
1808
2326
2756
2768
2727
3548
4162
4279
4375
4605
5151
5990
3027
3338
3031
2511
1911
1423
1125
1367
1758
2107
2391
2571
2635
2648
2602
2522
2416
2317
2240
2162
2087
2021
1935
1904
1864
1826
1792
1762
1745
1712
1728
1786
1895
2075
2295
2393
2482
2686
2778
2900
2812
2705
2550
2413
2399
2399
3021
3510
3464
3372
4184
4765
4831
5026
5392
5960
6516
2781
3506
3759
3572
3023
2371
1907
1545
1771
2264
2694
3029
3205
3322
3353
3323
3245
3154
3082
3007
2932
2864
2773
2748
2706
2665
2629
2603
2597
2562
2593
2665
2789
2985
3205
3211
3301
3457
3500
3479
3468
3451
3327
3176
3109
3075
3855
4397
4207
4186
4916
5407
5641
5904
6420
6979
6878
2237
3162
3945
4364
4227
3658
3067
2572
2180
2303
2903
3377
3674
3927
4076
4145
4139
4081
4030
3972
3907
3842
3750
3723
3670
3624
3594
3588
3615
3607
3690
3805
3958
4155
4334
4119
4025
3959
4056
4020
4177
4293
4233
4100
4031
3969
4744
5206
4812
5118
5733
6088
6332
6724
7169
7640
6747
1787
2477
3407
4216
4610
4419
3911
3353
2907
2706
2976
3662
4050
4365
4619
4802
4899
4871
4809
4746
4686
4627
4535
4453
4379
4341
4343
4392
4493
4560
4727
4893
5042
5156
5154
4717
4291
3831
4015
4156
4640
5113
5307
5046
4440
4075
4777
5305
4795
5297
5625
5982
6402
6902
7454
7594
6057
2861
2983
2510
1964
1433
1022
952
1201
1463
1691
1864
1960
1975
1950
1886
1805
1709
1618
1539
1459
1384
1317
1234
1178
1117
1060
1005
952.9
913.5
877.5
891.1
957.9
1095
1318
1569
1767
1679
1911
2091
2079
1937
1869
1830
1717
1524
1857
2451
2572
2200
2978
3688
3912
4174
4558
5131
5767
5397
2758
3268
3219
2838
2250
1698
1304
1258
1612
1959
2262
2480
2577
2616
2588
2520
2421
2324
2245
2164
2084
2012
1921
1878
1828
1781
1738
1700
1678
1640
1654
1711
1836
2048
2276
2404
2373
2736
2771
2743
2610
2506
2408
2261
1991
2537
3200
3297
2824
3710
4333
4589
4882
5396
5998
6167
5043
2329
3116
3646
3762
3387
2747
2212
1790
1649
2099
2529
2891
3103
3252
3310
3300
3236
3152
3081
3006
2927
2854
2758
2723
2670
2620
2577
2546
2537
2498
2526
2597
2739
2970
3169
3197
3194
3560
3416
3329
3296
3252
3202
3020
2562
3448
4071
4046
3754
4733
5131
5365
5746
6266
6785
6051
4902
1801
2556
3471
4194
4399
4027
3456
2889
2460
2181
2729
3202
3534
3813
3991
4087
4106
4061
4015
3960
3894
3826
3736
3694
3636
3584
3552
3548
3580
3572
3652
3765
3933
4158
4250
3995
3916
4138
3985
3915
4037
4105
4148
4001
3345
4273
4675
4587
4707
5448
5567
5825
6312
6913
7079
5623
6470
2091
1972
2776
3747
4458
4613
4270
3744
3198
2856
2708
3382
3802
4196
4505
4732
4867
4855
4793
4731
4669
4606
4512
4442
4359
4325
4337
4402
4518
4592
4750
4894
5030
5119
5001
4496
4169
3982
4000
4211
4689
5078
5188
4515
3470
4246
4730
4491
4810
5004
5126
5591
6234
6944
6702
5549
7809
2699
3002
2708
2224
1666
1232
952.3
1106
1358
1589
1779
1902
1939
1932
1880
1806
1714
1624
1543
1460
1379
1307
1218
1153
1082
1015
952.9
894.4
852.1
816.4
831.5
902.3
1057
1299
1572
1747
1721
1862
1989
1854
1732
1745
1768
1498
1422
2153
2335
1977
2468
3171
3543
3964
4510
4994
5104
4450
5034
2439
3054
3250
3065
2547
1956
1551
1248
1492
1838
2149
2395
2516
2578
2567
2511
2422
2328
2249
2166
2083
2006
1909
1857
1796
1740
1690
1646
1619
1577
1586
1643
1786
2028
2264
2413
2459
2631
2669
2514
2382
2355
2332
2072
2105
2931
3041
2514
3278
3918
4288
4737
5246
5597
5409
4214
6469
1924
2667
3357
3754
3625
3075
2515
2087
1723
1971
2408
2781
3010
3181
3258
3267
3220
3145
3078
3004
2924
2846
2747
2701
2639
2582
2534
2499
2488
2443
2463
2531
2696
2959
3136
3240
3215
3500
3290
3137
3084
3130
3125
2814
3073
3845
3779
3128
4564
4905
5055
5451
5917
6185
5159
5985
7803
1787
2057
2936
3824
4349
4258
3790
3230
2760
2333
2576
3095
3422
3705
3902
4022
4067
4037
3998
3949
3884
3814
3720
3674
3610
3555
3523
3523
3557
3547
3618
3725
3914
4150
4145
4013
3775
4139
3855
3770
3849
4043
4094
3780
3921
4321
4321
4323
5273
5113
5238
5798
6338
6366
5305
7575
8160
2516
2038
2234
3197
4088
4583
4494
4092
3552
3083
2691
3074
3562
4006
4367
4643
4822
4832
4777
4720
4660
4598
4509
4438
4354
4327
4353
4433
4561
4632
4767
4880
4998
5044
4808
4337
4044
4032
4014
4232
4649
5095
4905
3969
3860
4254
4338
4542
4679
4510
4879
5636
6330
6038
6534
8205
7897
2469
2898
2800
2432
1897
1418
1085
1063
1286
1503
1697
1840
1897
1908
1869
1804
1718
1628
1546
1461
1376
1298
1202
1126
1046
971.1
902.6
838.8
794.3
758.7
773.9
850.1
1025
1297
1573
1638
1710
1823
1794
1602
1562
1736
1666
1189
1730
2349
1828
1952
2698
3165
3549
4278
4661
4327
3533
5591
7006
2113
2747
3130
3170
2788
2212
1770
1410
1438
1765
2057
2313
2451
2534
2540
2497
2417
2328
2250
2167
2081
1999
1895
1832
1763
1700
1643
1592
1561
1511
1512
1571
1741
2011
2242
2335
2546
2563
2483
2254
2199
2356
2223
1698
2555
3021
2407
2828
3558
3945
4350
4951
5031
4553
4822
7087
7479
1656
2236
2961
3568
3719
3337
2810
2335
1933
1909
2330
2687
2921
3105
3201
3227
3197
3131
3069
2998
2917
2835
2730
2674
2604
2542
2490
2451
2434
2378
2384
2456
2656
2940
3100
3189
3428
3335
3082
2892
2927
3175
2981
2365
3561
3570
2921
4140
4662
4595
4949
5441
5392
4427
6762
8182
7023
2158
1777
2394
3337
4104
4332
4043
3543
3017
2571
2492
3029
3314
3591
3805
3949
4021
4007
3977
3934
3871
3799
3703
3650
3581
3527
3497
3498
3531
3508
3561
3671
3894
4124
4067
4027
4069
3963
3668
3562
3754
4158
3972
3209
4211
4004
3708
5166
4814
4684
5161
5659
5634
6115
8158
7918
6365
2870
2439
1932
2602
3588
4349
4555
4353
3877
3334
2856
2858
3336
3791
4201
4530
4762
4799
4756
4709
4654
4592
4506
4423
4353
4334
4373
4466
4595
4649
4747
4833
4938
4928
4610
4269
3928
4018
3941
4160
4686
5194
4493
3406
3981
4063
4434
4653
4143
4223
4999
5749
5622
7062
7907
6999
5695
478.2
822.9
1138
1551
527.3
873.5
1189
1599
570.2
915.3
1232
1632
608.7
949.6
1251
1636
636.1
961
1249
1618
659.2
966.9
1243
1592
690.9
978.7
1238
1561
728.1
984.2
1222
1512
745
972.1
1181
1444
739.9
940.2
1132
1376
725.4
919.1
1110
1393
763.3
990
1228
1564
868.3
1124
1367
1683
968.3
1225
1435
1623
1007
1214
1318
1639
900.2
1033
1316
1687
868.3
1189
1490
1833
1224
1520
1776
2087
1613
1879
2116
2424
1946
2196
2433
2729
2188
2428
2657
2943
2322
2551
2770
3040
2384
2608
2823
3096
2525
2755
2988
3266
2756
2995
3214
3494
3054
3283
3511
3778
3386
3622
3822
4088
3670
3877
4086
4319
467.4
813.4
1133
1539
517.4
869.5
1194
1600
571.2
927.7
1253
1657
630.7
983
1303
1700
686.1
1028
1340
1723
735.5
1063
1362
1723
782.5
1086
1362
1695
811.8
1078
1320
1614
797.8
1027
1229
1496
736.7
928.1
1111
1355
649.1
838
1015
1285
642.2
846.7
1027
1329
664.9
856
1155
1631
659.1
1018
1379
1793
790.9
1162
1468
1819
885.3
1198
1485
1819
1040
1337
1613
1949
1308
1572
1853
2178
1642
1905
2165
2489
1972
2218
2480
2790
2216
2458
2710
3018
2344
2594
2847
3169
2416
2680
2947
3305
2542
2826
3112
3496
2738
3030
3319
3714
2983
3280
3568
3968
3264
3562
3845
4242
3512
3801
4079
4465
463.9
812.1
1138
1538
518.4
875.1
1209
1615
582.5
948.3
1287
1697
657.7
1023
1363
1769
735
1093
1425
1819
801.3
1145
1458
1832
849.7
1165
1451
1796
858.7
1137
1384
1695
805.8
1038
1246
1519
682.6
869.9
1038
1279
493.4
658.8
820.9
1200
390
688.5
1025
1452
552
929.9
1265
1644
775.9
1143
1423
1788
956.7
1255
1538
1905
1055
1337
1640
2001
1207
1496
1795
2122
1442
1723
2007
2336
1740
2000
2274
2617
2039
2281
2566
2931
2283
2547
2862
3192
2452
2767
3105
3391
2601
2968
3306
3585
2777
3189
3545
3818
2990
3429
3798
4045
3234
3693
4066
4318
3507
3983
4376
4625
3756
4247
4642
4890
453.6
803.7
1132
1524
509.3
872.8
1213
1613
581.6
955.3
1301
1711
665.9
1043
1390
1800
750.8
1121
1461
1863
820.1
1174
1493
1880
859.5
1185
1478
1842
847.6
1133
1395
1726
769.2
1014
1236
1535
598.4
787.8
971.5
1246
363.4
597.5
895.4
1293
425.9
776
1088
1486
662.2
988.5
1300
1699
874.8
1202
1516
1919
1080
1388
1703
2090
1234
1525
1839
2214
1379
1665
1973
2260
1586
1882
2143
2391
1836
2101
2307
2482
2102
2320
2454
2523
2330
2485
2550
2495
2504
2609
2578
2570
2681
2752
2627
2797
2872
2907
2746
2969
3103
3089
2883
3113
3353
3303
3048
3285
3641
3570
3246
3461
3939
3813
3464
3622
425
775.4
1099
1481
479.5
843.3
1180
1574
550.7
925.1
1270
1676
634
1012
1359
1771
714.3
1086
1425
1831
774.2
1130
1448
1849
800.7
1128
1429
1811
775.8
1074
1345
1701
695
958.2
1194
1525
536
760.7
980.4
1285
407.3
709.9
1010
1382
596.6
938.5
1264
1660
830.8
1189
1528
1917
1065
1421
1744
2099
1273
1604
1877
2197
1418
1687
1908
2156
1480
1711
1873
1994
1600
1781
1848
2210
1697
1804
1927
2556
1770
1786
2320
2868
1788
2125
2666
3165
1934
2507
2993
3441
2222
2769
3202
3624
2396
2937
3326
3741
2597
3126
3521
3902
2836
3336
3693
4105
3081
3548
3943
4311
3330
3787
4143
4495
363.1
705.8
1019
1388
409.9
766.5
1093
1479
475.2
843.1
1179
1582
551
923.3
1261
1673
620.8
988.6
1320
1734
670.3
1023
1340
1748
684.1
1016
1314
1709
654.3
961.8
1236
1611
587.1
862.4
1109
1457
480
740.5
983.2
1316
464
750
1022
1371
652.6
941.1
1197
1546
900.7
1192
1427
1736
1110
1378
1572
1936
1246
1465
1653
2169
1270
1430
1894
2396
1231
1685
2139
2603
1409
1915
2351
2787
1677
2178
2583
3003
1984
2452
2873
3186
2325
2765
3095
3363
2653
3061
3287
3484
2934
3239
3416
3572
3107
3386
3533
3684
3328
3568
3696
3816
3575
3780
3884
3990
3841
4032
4101
4166
4154
4288
4306
4327
261.8
593
892.2
1250
298.1
644.6
958
1341
355.4
714
1040
1442
423.7
787.1
1118
1533
486.6
846.9
1171
1589
529.7
876.8
1189
1602
540
868.7
1163
1563
509.6
814.7
1089
1469
450.1
728.4
980.6
1334
374
643.5
896
1244
398.7
678.1
948.9
1308
582.2
861.5
1136
1504
799.8
1095
1376
1743
1009
1328
1620
1998
1204
1539
1859
2235
1387
1759
2085
2403
1608
1997
2265
2571
1825
2162
2422
2739
2072
2357
2629
2935
2310
2584
2854
3126
2571
2826
3049
3278
2815
3008
3173
3348
2997
3145
3265
3414
3162
3306
3427
3584
3366
3479
3607
3758
3577
3679
3794
3932
3816
3915
3986
4103
4065
4087
4152
4244
130.8
448.3
732.8
1085
155.2
490.6
792.8
1171
205
554.6
871.1
1272
268.6
626.5
948.6
1367
330.5
686.1
1005
1427
376
719.2
1028
1443
391
716.1
1009
1407
368.9
671.8
943.7
1321
322.1
600.4
853.3
1207
269.8
538.5
789.8
1137
304.7
570.5
823.9
1167
456.9
714.5
965
1301
673.8
925
1171
1502
912.3
1162
1404
1745
1147
1389
1650
1993
1355
1617
1889
2220
1570
1840
2101
2418
1766
2030
2293
2609
1987
2239
2511
2799
2213
2474
2709
2995
2443
2673
2899
3179
2618
2812
3013
3291
2761
2950
3172
3459
2974
3174
3425
3735
3186
3398
3662
3984
3392
3628
3901
4214
3625
3878
4126
4446
3824
4055
4320
4642
-12.82
291.7
562.4
914.5
-1.076
324.9
616.6
996.8
41.43
385.2
693.9
1099
105.3
458.8
776.4
1200
173.2
525.4
840.3
1266
230.1
570.4
876.4
1294
259.7
580.4
870.2
1268
252.9
550.6
819.5
1194
222.7
498
751
1104
193.3
457.7
708.4
1055
231.7
491.2
744.5
1090
349.1
604
860.3
1204
518.6
775.5
1037
1384
727.4
990.2
1258
1613
957.7
1222
1503
1851
1184
1460
1732
2059
1395
1658
1908
2218
1573
1834
2083
2398
1768
2020
2281
2591
1964
2229
2479
2785
2161
2422
2662
2979
2321
2566
2814
3132
2489
2752
3010
3332
2739
3034
3317
3672
2992
3297
3595
3995
3245
3567
3886
4318
3513
3850
4203
4653
3741
4080
4485
4945
-155.9
137
396.2
745.3
-158.4
159.9
442.3
823.4
-120.9
218.1
520.6
929.5
-53.26
297.5
611.2
1038
27.94
377.4
691.7
1120
105.3
442.5
747
1163
156.7
472.2
758.1
1151
169.1
458.7
723.6
1091
155
422
671.4
1020
141.1
397
644
987.2
177.5
430.7
681.7
1026
268.6
522.6
779.7
1126
406.2
668.6
935.6
1289
588.5
862.5
1139
1499
800.2
1080
1366
1719
1009
1295
1569
1902
1190
1462
1716
2027
1348
1616
1868
2184
1520
1783
2040
2353
1698
1966
2214
2535
1876
2145
2389
2731
2035
2294
2556
2925
2218
2503
2807
3179
2502
2840
3170
3462
2799
3178
3469
3678
3125
3515
3753
3790
3478
3852
3955
3820
3790
4114
4120
3791
-287
-5.27
243.2
584.4
-306.2
2.97
276.6
650.8
-275.1
57.08
353.3
758.6
-202
144.4
455.3
880.8
-102.3
244.3
557.2
983.4
1.496
335.1
638.1
1051
78.77
387.3
669.5
1055
109.5
388.8
647.8
1006
105.2
361.2
604.1
944.9
96.29
342
582.7
920.1
122.4
369.7
617.5
961.2
188.5
444.2
703.4
1055
302.4
575.3
851.8
1218
470.9
764
1058
1436
678.3
982.5
1287
1659
888
1193
1485
1824
1063
1348
1604
1902
1212
1482
1717
2011
1369
1620
1848
2154
1523
1766
1997
2328
1672
1939
2173
2439
1841
2110
2280
2399
2060
2306
2370
2282
2365
2534
2461
2427
2615
2666
2417
2773
2800
2709
2525
3172
2963
2709
2897
3588
3059
2735
3392
4016
-391
-121.9
115.2
442.4
-427
-129.2
134.9
498.7
-405.3
-79.87
211.1
611.6
-327
16.24
326.5
750.6
-208.9
136.8
451.7
878.2
-80
252
556.4
966.2
18.19
320.9
600.2
977.8
58.77
328.2
580.4
927.6
54.99
300.7
536.7
868.5
43.82
282.5
519
852.5
61.29
309.2
559.7
908
118.6
385.5
656.8
1027
235.5
531.4
831.5
1227
421.6
747
1070
1474
657.6
992.1
1316
1691
888
1200
1478
1775
1051
1308
1511
1732
1165
1377
1532
1778
1264
1438
1598
1803
1348
1517
1616
1722
1438
1565
1553
1833
1485
1500
1679
2302
1521
1602
2146
2684
1585
1981
2509
3020
1775
2401
2877
3387
2175
2789
3273
3739
2630
3277
3721
4148
3175
3765
4211
4569
-454.6
-197.6
26.64
333.1
-503
-217.4
34.03
378.9
-488
-173.1
109.9
497
-407.5
-71.13
235.8
651.9
-277.6
63.58
378
799.3
-134.1
193.6
497.5
901.6
-27.21
268.3
543.7
912.8
11.73
272.3
518.6
856.9
1.834
240.8
473.5
800.8
-11.25
227.5
466.8
804.6
10.15
268.7
532
895.2
83.39
371.8
666.5
1058
232.1
556.3
885
1301
457.9
804.8
1141
1535
714.7
1042
1336
1641
915.6
1172
1363
1560
992.3
1168
1274
1423
1008
1150
1201
1332
1008
1081
1113
1388
937.3
997
1257
1879
860.5
1198
1730
2322
1098
1683
2189
2692
1571
2135
2555
2915
2000
2492
2815
3134
2411
2842
3083
3373
2869
3179
3391
3559
3314
3570
3686
3691
3810
3965
3878
3620
-483.1
-234.9
-12.67
270.6
-540.6
-270.6
-30.46
289.4
-533.7
-233.4
39.57
406.7
-453.6
-129.3
170.7
571.2
-316.9
14.33
324.4
734.6
-165.6
152.7
452.2
846
-57.83
226.8
495.6
853.6
-27.42
222.2
462.3
791.9
-46.97
186.3
418.6
744.9
-58.72
184.6
433.2
780.8
-20.36
254.8
539.2
921.7
88.15
402.4
724.7
1139
282.3
628.2
974.4
1382
532.1
872.4
1182
1516
752.3
1022
1229
1439
836.4
1001
1085
1204
777.7
874.8
875.5
978.2
673.5
706.5
742.9
1225
520.2
671.3
1124
1728
574
1103
1649
2196
1031
1617
2065
2521
1569
2032
2372
2684
1989
2317
2555
2796
2292
2570
2743
2895
2631
2832
2844
2829
2959
2983
2836
2610
3219
3069
2712
3129
3312
2975
2982
3874
-449.4
-214
-14.67
219.8
-531.7
-284.1
-71.66
205.9
-548
-270.5
-16.73
320.5
-477.3
-171.4
114.9
493.6
-339.9
-24.08
276.1
669.1
-185.4
119
409.6
788.6
-81.01
189.4
449.1
793.6
-62.68
175
409
730.9
-91.79
138.2
373.3
702.6
-96.19
156.9
421
784.6
-27.92
270
581.3
986.6
130.4
471.1
817.6
1240
366.8
717.9
1051
1418
594.9
883.7
1117
1347
683.5
848
940.6
1048
568.4
620
621.3
733.8
326.5
367.3
487.1
1005
171.9
482.8
960.2
1585
435.3
1007
1520
2047
974.7
1513
1927
2313
1494
1873
2128
2390
1845
2051
2187
2289
2030
2142
2131
2130
2146
2158
2048
2215
2211
2090
2047
2832
2169
2040
2707
3386
2070
2740
3405
3944
2748
3535
4051
4417
-372.6
-188.1
-35.59
163.1
-474.4
-273.6
-105.5
121.2
-541
-301.1
-78.18
221.8
-489.3
-210.3
55.69
406.7
-359.1
-63.31
223.1
595.4
-205.8
82.44
362.5
725
-107.1
149.2
399.5
730.8
-100.9
127.6
357.6
674.5
-135.2
96.47
338.8
676.3
-123.2
146
430.9
815.1
-11.64
313.3
651.6
1078
202.5
564
919.9
1328
453.5
779.2
1058
1334
575.4
762.5
875.4
971
421.4
444.7
439.9
555.5
43.4
88.23
239.6
720
-117
275.2
774.9
1442
308
911.4
1426
1927
974.9
1439
1773
2056
1423
1672
1793
1933
1576
1657
1659
1727
1527
1499
1444
1686
1386
1334
1627
2355
1287
1618
2230
2878
1565
2238
2797
3266
2271
2895
3277
3528
3019
3487
3653
3769
3706
3921
3974
4018
-400.7
-225.7
-80.25
109.8
-436.5
-280.9
-145.8
42.2
-559.7
-358.5
-164.8
102.7
-525.7
-275.8
-31.43
291.4
-404.6
-130.3
140.8
492.5
-253.1
21.01
291.3
639.9
-154.2
92.85
337
658.9
-150
75.04
304.9
619.7
-178.5
59.38
311.6
659
-140.5
146.5
453
857.6
20.5
369.5
732.7
1174
284.6
652.3
1001
1374
509
779.7
970.2
1132
437.6
480.2
444.1
465.1
-90.45
-123.1
-25.42
321.6
-415.8
-88.23
393.6
1078
2.151
691.2
1275
1860
862.1
1377
1743
1978
1407
1600
1599
1529
1411
1274
1104
1149
987.3
862.6
871.4
1431
666
862.8
1447
2178
858.7
1522
2174
2730
1529
2218
2652
3019
2296
2747
2983
3154
2926
3112
3161
3238
3344
3354
3327
3429
3593
3610
3678
3914
-461.8
-284.2
-127.5
71.75
-473.8
-325.7
-192.4
-17.46
-577.6
-414.9
-252
-16.97
-590.2
-364.8
-138
163.8
-483.7
-224.3
36.64
376.7
-337.1
-67.08
201.2
544.7
-229.8
19.61
266.4
586
-210.5
20.34
256.2
573.1
-218.8
28.74
292.6
649.6
-153.1
148.8
473.5
893
40.98
404.5
778.3
1219
313.3
668.9
986.4
1300
451.1
643.1
734.3
776.4
131.4
59.15
3.887
89.57
-534.4
-411.6
-140.7
422.3
-532.1
114.9
753.5
1460
426.3
1075
1583
1961
1212
1534
1624
1523
1380
1239
928.9
757.9
830.2
496.7
438.8
985
232.4
469.5
1059
1834
529.6
1248
1886
2468
1319
1946
2384
2753
2023
2420
2634
2822
2547
2675
2724
2814
2786
2754
2770
2950
2843
2873
3057
3405
2900
3065
3395
3838
4054
4244
4440
4680
4438
4640
4832
5066
4810
4987
5172
5395
5164
5325
5496
5702
5492
5673
5822
5984
3856
4151
4432
4816
4241
4543
4833
5218
4594
4893
5193
5585
4928
5237
5539
5945
5266
5574
5885
6291
4092
4593
4992
5230
4471
4986
5385
5611
4824
5352
5773
6000
5182
5733
6178
6413
5547
6122
6598
6836
4266
4144
3719
3830
4663
4466
4011
4084
5022
4858
4327
4351
5458
5233
4681
4643
5889
5696
5068
4986
3579
4072
4428
4763
3847
4365
4739
5074
4121
4674
5065
5396
4386
5010
5422
5747
4696
5327
5763
6093
4456
4589
4602
4594
4793
4942
4955
4973
5151
5311
5331
5356
5542
5700
5731
5779
5961
6111
6136
6172
4361
4386
4457
4559
4710
4751
4832
4949
5049
5110
5191
5309
5418
5472
5540
5626
5809
5825
5869
5961
4127
4367
4642
4975
4488
4736
5022
5378
4829
5076
5365
5741
5180
5407
5698
6093
5517
5739
6029
6453
4093
4466
4907
5366
4505
4920
5397
5847
4895
5343
5841
6282
5293
5770
6288
6694
5692
6202
6719
7081
4230
4502
4378
3862
4705
4914
4671
4053
5130
5260
4904
4185
5536
5573
5110
4324
5925
5908
5297
4690
3245
3133
3853
4519
3471
3526
4334
5047
3678
3956
4874
5678
3942
4449
5506
6404
4211
4966
6199
7160
3750
4326
4733
4957
4249
4907
5264
5327
4866
5521
5740
5549
5508
6117
6128
5603
6141
6627
6329
5555
4287
4311
4025
3541
4656
4488
3995
3611
4929
4542
3921
4389
5049
4491
4221
5254
4960
4338
5126
6097
3323
2933
3792
4573
3266
3734
4561
5244
3713
4569
5309
5864
4552
5353
6012
6378
5378
6056
6614
6862
3563
4239
4640
4808
4338
4905
5109
5174
5041
5431
5549
5616
5624
5903
5961
5937
6074
6261
6160
6042
4230
4347
4405
4455
4705
4818
4803
4870
5082
5065
5034
5077
5229
5132
4965
5062
5099
4811
5146
6278
3829
3907
4034
4346
4035
4051
4148
4736
3960
4102
5110
5844
4120
5320
6162
6575
5379
6374
6863
7016
2935
3605
4319
4812
3748
4705
5200
5476
4911
5570
5800
5863
5873
6178
6139
6124
6493
6460
6362
6435
5827
5962
6084
6236
6121
6227
6317
6435
6505
6582
6655
6748
6782
6867
6921
6986
6961
7029
7077
7153
5594
5893
6193
6606
5903
6168
6473
6870
6269
6538
6843
7236
6561
6814
7109
7482
6715
6933
7219
7559
5911
6499
6999
7271
6240
6853
7384
7686
6645
7280
7819
8136
6965
7595
8176
8509
7114
7746
8322
8703
6339
6153
5483
5281
6792
6629
5925
5624
7263
7097
6401
6000
7657
7582
6887
6284
7930
7927
7260
6355
5053
5737
6195
6505
5391
6130
6619
6922
5656
6504
7034
7337
5913
6795
7385
7698
5910
6848
7493
7841
6413
6551
6558
6538
6914
7027
7003
6956
7330
7444
7415
7346
7732
7840
7809
7734
7898
8029
8038
7974
6198
6203
6187
6243
6603
6531
6476
6478
6967
6920
6875
6882
7332
7290
7256
7305
7507
7507
7526
7646
5852
6060
6352
6806
6185
6358
6639
7117
6650
6872
7201
7762
7092
7342
7722
8333
7345
7650
8066
8715
6117
6653
7178
7457
6548
7087
7581
7783
7229
7733
8172
8235
7813
8230
8524
8422
8164
8435
8564
8317
6321
6160
5491
5129
6728
6462
5711
5674
7188
6855
6020
6352
7626
7213
6427
7170
8061
7550
6776
7790
4551
5706
7088
7974
5051
6537
7996
8726
5819
7347
8676
9053
6611
7895
9012
8889
7372
7846
8590
8173
6752
6960
6382
5422
7152
7063
6232
5166
6908
6521
5580
6134
6709
6598
6734
7377
7725
7645
7752
8488
4702
5227
6046
7007
5381
6020
6897
7777
6415
7052
7875
8653
7362
8001
8738
9167
8147
8563
8965
8963
6004
6739
7166
7242
6636
7291
7523
7402
7441
7701
7537
7109
7824
7686
7113
6447
7739
7108
6275
6422
6372
6341
6110
5810
6486
6129
5625
5725
6077
5426
5819
7221
5475
6045
7360
8547
6070
7432
8614
9301
4654
5119
6300
7229
5084
6348
7310
7830
6602
7635
8175
8341
7935
8340
8311
8218
8544
8253
7729
7582
6546
7136
7266
7196
7518
7660
7452
7337
7841
7574
7406
7486
7478
7028
7100
7477
6815
6329
6553
7224
6860
6656
6571
6758
6851
6641
6748
7120
6321
6501
6923
7521
5845
6302
7065
7879
6589
7592
7301
8199
2001
2493
3016
3546
4548
4026
2043
2525
3029
3532
4577
4089
2060
2527
3009
3490
4565
4111
2046
2497
2962
3434
4520
4106
2009
2447
2903
3376
4456
4086
1964
2385
2825
3324
4320
4065
1909
2305
2729
3260
4188
4115
1833
2198
2625
3216
4156
4455
1745
2104
2579
3291
4319
4662
1695
2117
2734
3454
4634
5524
1788
2285
2801
3847
5420
5803
1969
2317
3205
4166
5513
5471
1953
2612
3436
4073
5389
5047
2099
2749
3308
3902
5067
4597
2149
2590
3105
3676
4790
4343
2069
2500
3042
3680
4612
4374
2196
2671
3233
3801
4727
4802
2440
2914
3489
4091
5096
5330
2771
3231
3793
4412
5513
5810
3076
3527
4048
4768
5879
6211
3292
3731
4268
5041
6157
6493
3392
3829
4402
5210
6295
6612
3460
3901
4497
5310
6353
6659
3635
4071
4667
5456
6443
6744
3860
4281
4861
5610
6535
6834
4133
4529
5069
5760
6614
6927
4420
4786
5262
5883
6693
7113
4646
4984
5396
5979
6768
7329
1978
2466
2975
3515
4538
4063
2042
2530
3032
3559
4632
4202
2094
2578
3074
3594
4693
4310
2128
2605
3098
3621
4722
4385
2137
2605
3096
3637
4703
4432
2119
2569
3051
3622
4615
4445
2064
2485
2961
3562
4481
4501
1955
2342
2819
3441
4287
4523
1809
2183
2692
3263
4422
5068
1671
2077
2545
3561
4954
5020
1611
2271
3052
3807
5046
4985
1939
2554
3169
3733
5051
4908
2163
2673
3170
3751
5073
4807
2244
2670
3161
3818
4902
4794
2190
2622
3178
3792
4827
4928
2174
2685
3211
3848
4918
5209
2323
2828
3330
4080
5087
5399
2566
3052
3664
4462
5354
5459
2866
3389
4032
4726
5486
5386
3168
3736
4361
4909
5492
5265
3446
4046
4610
4990
5459
5178
3663
4277
4772
5044
5421
5216
3853
4478
4933
5142
5456
5132
4070
4696
5130
5289
5535
5130
4302
4924
5346
5461
5642
5222
4558
5167
5571
5648
5777
5353
4820
5410
5796
5859
5967
5558
5036
5617
6020
6176
6333
5967
1970
2454
2959
3517
4548
4137
2058
2551
3065
3626
4716
4360
2144
2644
3168
3740
4859
4561
2216
2718
3254
3845
4968
4725
2259
2756
3304
3922
5017
4837
2257
2738
3289
3937
4960
4856
2198
2655
3203
3860
4758
4747
2062
2485
3009
3579
4355
4882
1850
2223
2673
3246
4667
4744
1570
1996
2664
3409
4779
4923
1728
2276
2861
3575
4999
5228
1916
2404
3002
3728
5205
5453
2058
2583
3157
3976
5312
5663
2217
2724
3336
4143
5378
5775
2311
2831
3438
4267
5352
5525
2395
2925
3528
4238
5082
4936
2529
3035
3534
4022
4601
5596
2781
3244
3606
3799
5113
5870
3038
3396
3562
3827
5566
6102
3280
3490
3436
4285
5826
6271
3462
3507
3481
4625
5985
6360
3584
3487
3730
4793
6042
6340
3716
3535
3860
4825
5993
6264
3892
3655
3952
4848
5967
6250
4096
3808
4047
4886
5936
6258
4331
3995
4135
4923
5888
6303
4589
4211
4214
4951
5853
6344
4854
4448
4277
4962
5801
6360
1952
2427
2939
3521
4554
4220
2059
2553
3089
3693
4796
4529
2169
2680
3243
3875
5016
4820
2265
2787
3378
4042
5192
5061
2326
2850
3464
4159
5290
5223
2333
2849
3476
4194
5270
5249
2275
2777
3401
4097
5059
4973
2135
2600
3175
3724
4641
5023
1886
2273
2731
3358
4904
5267
1566
2136
2783
3644
5225
5658
1785
2381
3105
4024
5559
5984
1978
2612
3355
4276
5724
6025
2203
2852
3554
4446
5666
5763
2422
3016
3664
4384
5339
5876
2557
3080
3579
4017
5467
6219
2606
3003
3270
4120
5885
6163
2586
2785
3385
4564
6052
5812
2604
2699
3747
4701
5971
5497
2541
3085
4077
4847
5894
5278
2608
3500
4306
5028
5756
5218
2992
3818
4481
5108
5746
5406
3311
4035
4626
5239
5891
5662
3495
4146
4758
5329
6034
5865
3611
4240
4866
5457
6193
6059
3753
4365
4988
5604
6323
6218
3903
4501
5111
5759
6436
6337
4054
4640
5236
5918
6554
6398
4188
4747
5328
6017
6593
6377
1904
2372
2901
3509
4546
4280
2022
2517
3083
3729
4848
4666
2144
2664
3271
3957
5121
5025
2250
2789
3434
4155
5330
5306
2317
2864
3535
4278
5441
5475
2326
2871
3554
4302
5435
5505
2274
2808
3480
4185
5272
5298
2143
2640
3261
3873
5032
5109
1915
2372
2940
3590
4941
5252
1658
2149
2797
3606
5082
5594
1853
2416
3077
3854
5389
6037
2128
2690
3290
4065
5792
6450
2366
2867
3322
4412
6087
6627
2510
2873
3560
4652
6221
6398
2495
2849
3824
4731
6154
5948
2320
3168
3977
4764
5902
5431
2663
3414
4138
4742
5579
5135
2915
3556
4195
4630
5350
4997
3159
3767
4221
4563
5170
4985
3415
3937
4219
4548
5122
5193
3662
4041
4235
4580
5225
5426
3851
4091
4297
4744
5351
5421
3961
4136
4432
4871
5387
5319
4068
4260
4581
4995
5421
5275
4214
4420
4730
5070
5398
5311
4380
4603
4885
5122
5344
5582
4570
4805
5035
5160
5262
5847
4763
4974
5116
5124
5135
6131
1805
2263
2809
3424
4466
4193
1927
2420
3014
3680
4816
4674
2055
2581
3225
3937
5121
5096
2166
2716
3401
4144
5338
5382
2232
2792
3499
4247
5431
5516
2240
2799
3508
4237
5411
5521
2187
2730
3416
4092
5266
5392
2061
2570
3207
3834
5120
5369
1869
2364
2997
3698
5143
5513
1731
2263
2963
3781
5298
5754
1823
2391
3132
3990
5525
5958
2031
2647
3392
4229
5714
6023
2274
2913
3610
4407
5789
5922
2522
3134
3781
4460
5805
5788
2731
3299
3855
4507
5749
5657
2904
3420
3894
4567
5543
5459
3086
3493
3983
4477
5350
5265
3180
3590
4020
4494
5338
5329
3314
3740
4048
4525
5290
5388
3479
3812
4075
4536
5231
5505
3610
3829
4045
4487
5154
6488
3650
3758
3984
4365
5978
7371
3669
3764
3992
4587
6613
7893
3770
3883
4077
4915
6864
8007
3891
3994
4135
5248
7115
8127
4023
4106
4183
5596
7375
8238
4180
4219
4296
5969
7648
8377
4321
4286
4656
6352
7962
8596
1664
2116
2676
3261
4344
4036
1788
2280
2893
3546
4722
4557
1918
2448
3115
3819
5036
5037
2030
2587
3293
4022
5240
5301
2093
2658
3377
4092
5304
5382
2099
2658
3366
4047
5269
5346
2040
2578
3252
3879
5131
5198
1917
2419
3046
3636
4984
5054
1751
2238
2851
3473
4896
5028
1663
2155
2767
3435
4891
5147
1746
2245
2849
3532
5008
5357
1946
2439
3011
3709
5205
5584
2186
2655
3202
3927
5438
5735
2415
2858
3419
4164
5611
5798
2593
3051
3609
4368
5651
5797
2759
3226
3766
4465
5603
5730
2930
3369
3852
4494
5544
5649
3091
3529
4023
4688
5695
5823
3273
3690
4164
4847
5716
6139
3437
3812
4263
4852
5987
6828
3541
3855
4250
5193
6685
7340
3556
3808
4601
5858
7279
7767
3603
3878
5181
6327
7613
7927
3783
4279
5491
6506
7611
7792
3946
4671
5806
6715
7653
7759
4099
5074
6131
6935
7724
7816
4246
5497
6476
7177
7821
7921
4646
5921
6876
7477
7993
8097
1496
1942
2504
3022
4207
4050
1619
2111
2733
3346
4617
4410
1754
2286
2963
3635
4919
4922
1869
2429
3142
3833
5106
5150
1932
2498
3214
3882
5157
5198
1939
2493
3188
3819
5133
5163
1880
2408
3065
3653
5029
5050
1763
2260
2874
3444
4917
4947
1622
2106
2706
3310
4845
4953
1550
2038
2635
3292
4857
5103
1587
2083
2687
3395
4974
5341
1722
2230
2838
3593
5186
5607
1928
2444
3063
3847
5427
5794
2169
2688
3314
4115
5600
5878
2405
2930
3540
4321
5674
5884
2630
3117
3709
4441
5632
5817
2792
3251
3808
4509
5576
5743
2982
3464
4033
4756
5776
5966
3189
3668
4229
4968
5888
6233
3390
3847
4400
5061
5983
6572
3556
3980
4489
5096
6341
7254
3660
4042
4675
5613
7015
7760
3818
4365
5210
6045
7367
7969
4110
4691
5450
6177
7370
7863
4351
4984
5659
6315
7418
7831
4591
5273
5865
6465
7526
7860
4940
5579
6099
6647
7659
7965
5304
5908
6389
6882
7829
8141
1319
1760
2310
2755
4102
4039
1443
1934
2553
3120
4545
4343
1582
2118
2795
3427
4816
4813
1703
2266
2978
3627
4993
5002
1772
2337
3045
3669
5052
5049
1785
2334
3017
3611
5061
5052
1732
2255
2899
3468
5000
5004
1630
2126
2735
3308
4920
4974
1519
2007
2605
3224
4889
5039
1470
1967
2570
3251
4939
5215
1513
2024
2639
3377
5061
5428
1634
2158
2786
3566
5229
5630
1823
2358
2998
3786
5431
5726
2051
2584
3222
4018
5526
5724
2276
2800
3412
4186
5492
5675
2471
2952
3542
4269
5416
5630
2600
3052
3616
4331
5376
5775
2786
3263
3855
4612
5733
6319
2991
3475
4072
4924
6011
6460
3200
3674
4328
5149
6032
6510
3388
3872
4546
5080
6066
6940
3536
4062
4648
5059
6706
7345
3789
4327
4706
5477
7141
7546
4167
4662
4800
5696
7211
7539
4500
4885
5003
5920
7353
7607
4806
5043
5231
6179
7551
7723
5079
5137
5504
6467
7710
7998
5299
5170
5818
6749
7886
8318
1141
1574
2095
2501
4037
4055
1265
1751
2355
2892
4489
4328
1410
1945
2615
3213
4726
4707
1541
2104
2809
3423
4913
4873
1623
2186
2885
3478
5002
4949
1649
2195
2866
3441
5047
5011
1607
2127
2759
3329
5005
5024
1520
2018
2622
3213
4949
5051
1433
1927
2527
3172
4951
5153
1403
1909
2521
3229
5026
5316
1453
1974
2601
3351
5108
5444
1563
2097
2737
3492
5265
5514
1736
2281
2923
3711
5371
5484
1946
2484
3113
3893
5312
5410
2151
2669
3265
4008
5210
5412
2312
2784
3352
4094
5235
5804
2405
2845
3419
4263
5424
6009
2570
3046
3733
4634
5581
5681
2757
3294
3994
4576
5092
6014
2975
3520
3992
3962
5549
6060
3195
3585
3605
4208
6004
6251
3330
3412
3774
4739
6508
6573
3418
3304
4160
5256
6845
6812
3510
3553
4415
5575
6994
7180
3494
3829
4734
5929
7357
7578
3410
4153
5108
6333
7688
7897
3676
4510
5523
6771
7913
8010
4030
4883
5941
7122
7972
7747
965.5
1376
1857
2272
3949
4044
1082
1554
2130
2664
4399
4316
1232
1759
2413
2993
4628
4589
1379
1938
2633
3224
4854
4764
1482
2044
2734
3312
4987
4899
1530
2074
2734
3307
5052
5021
1503
2019
2641
3222
5019
5076
1427
1923
2522
3136
4974
5130
1354
1849
2452
3119
4994
5235
1334
1843
2462
3180
5053
5348
1390
1917
2553
3276
5159
5369
1500
2048
2692
3472
5269
5331
1679
2243
2884
3705
5202
5227
1898
2450
3060
3793
5022
5167
2102
2607
3149
3868
5008
5618
2220
2650
3172
4040
5205
5733
2253
2673
3328
4087
4849
5940
2384
2890
3447
3634
5303
5939
2560
2967
3079
3898
5658
5649
2664
2721
3309
4142
5836
5583
2541
2785
3600
4495
6042
5750
2427
3176
3951
4947
6196
6268
2812
3487
4300
5356
6422
6723
3129
3808
4648
5712
6718
6947
3462
4196
5095
6082
6849
6681
3824
4599
5529
6286
6654
6170
4264
5069
5890
6202
6218
6529
4728
5484
6013
5862
5628
7332
801.7
1185
1630
2096
3811
3911
913.7
1371
1930
2500
4302
4281
1077
1602
2250
2850
4602
4553
1247
1812
2508
3114
4892
4782
1376
1945
2636
3232
5059
4971
1442
1988
2641
3233
5105
5104
1417
1929
2541
3143
5037
5146
1339
1831
2426
3062
4985
5193
1272
1767
2374
3059
5011
5290
1268
1784
2416
3129
5109
5367
1347
1896
2548
3295
5252
5319
1492
2074
2731
3571
5202
5206
1713
2299
2929
3656
4954
5018
1950
2477
3000
3633
4718
5185
2097
2504
2934
3662
4795
5307
2083
2411
2932
3567
4913
6115
2015
2365
2715
3821
5698
6000
2054
2249
3099
3990
5796
5511
1954
2533
3425
4232
5769
5312
2133
2939
3671
4427
5633
5370
2582
3256
3910
4670
5598
5859
2950
3540
4136
4841
5714
5969
3259
3750
4388
5055
5670
6055
3536
4050
4659
5073
5413
7155
3815
4337
4738
4755
6167
7962
4141
4541
4584
4626
7005
8435
4481
4568
4245
5406
7607
8559
4705
4396
4302
6133
7986
8479
661.4
1002
1419
1936
3583
3808
769.3
1204
1746
2346
4136
4112
946.5
1461
2100
2725
4533
4501
1139
1704
2398
3031
4908
4809
1293
1865
2555
3179
5115
5058
1372
1917
2565
3180
5146
5195
1344
1851
2455
3077
5047
5211
1261
1749
2341
2994
4981
5237
1203
1701
2311
3001
5005
5314
1227
1757
2401
3107
5189
5360
1351
1924
2585
3386
5243
5266
1547
2145
2798
3557
5041
5088
1792
2350
2907
3525
4717
4935
1964
2388
2804
3422
4582
5159
1946
2233
2666
3310
4692
5898
1778
2066
2380
3627
5542
5821
1621
1973
3013
3941
5796
5585
1624
2471
3300
4132
5658
5300
2124
2863
3563
4340
5329
5314
2551
3179
3781
4372
5324
5730
2886
3411
3906
4573
5387
5674
3107
3524
4005
4461
5492
7256
3264
3635
3951
4418
6746
7846
3451
3700
3696
5254
7304
7825
3581
3542
4249
5841
7498
7655
3572
3345
4968
6190
7448
7391
3405
4076
5525
6432
7289
7270
3417
4826
5953
6527
7104
7261
560.3
867.8
1268
1784
3574
3808
647.8
1058
1584
2199
3979
4032
833.7
1333
1957
2614
4460
4501
1044
1601
2286
2956
4899
4860
1218
1786
2468
3124
5138
5143
1306
1846
2483
3122
5157
5268
1274
1774
2369
3007
5037
5255
1189
1675
2264
2929
4959
5263
1149
1655
2274
2957
5046
5332
1217
1769
2425
3174
5261
5368
1398
1995
2660
3465
5189
5237
1638
2229
2840
3517
4902
5007
1844
2324
2782
3387
4581
5102
1852
2163
2546
3250
4348
5332
1636
1896
2258
3169
5149
5563
1381
1661
2613
3601
5661
5670
1422
2204
3101
4094
5691
5477
1904
2664
3447
4286
5335
5471
2374
3040
3661
4310
5339
5813
2728
3231
3749
4456
5269
6078
2897
3313
3758
4059
5936
7082
2987
3248
3353
4872
6761
7105
2991
2974
4141
5379
6849
6986
2871
3368
4622
5565
6749
7013
2795
3978
4961
5630
6701
7024
3472
4440
5179
5658
6631
7030
4130
4869
5325
5748
6641
7119
4714
5202
5472
5867
6774
7336
459.4
742
1133
1737
3593
3876
522.1
902.8
1410
2076
3858
4055
718.5
1197
1806
2518
4389
4543
944.5
1487
2158
2873
4864
4912
1136
1693
2362
3051
5120
5198
1235
1763
2385
3045
5128
5297
1202
1692
2277
2932
5005
5269
1124
1610
2202
2875
4951
5285
1116
1639
2274
2968
5146
5366
1242
1824
2493
3305
5291
5384
1485
2093
2743
3475
5072
5158
1732
2271
2787
3398
4688
4974
1797
2147
2505
3152
4411
4742
1567
1781
2201
2705
4751
5430
1214
1431
2272
3209
5464
5618
1122
1886
2824
3931
5804
5658
1701
2513
3355
4183
5311
5437
2210
2894
3491
4153
5274
5777
2550
2992
3492
4209
5081
6116
2643
2973
3384
3863
6000
6784
2596
2782
3396
4700
6461
6686
2383
2937
4086
5078
6503
6788
2544
3544
4421
5193
6425
6811
3119
3892
4554
5244
6380
6897
3573
4144
4691
5260
6362
6965
3965
4320
4769
5305
6424
7098
4283
4542
4917
5484
6687
7378
4557
4765
5186
5866
7173
7810
389.3
677.7
1076
1748
3598
3943
393.5
745.7
1241
1963
3749
4086
586.3
1043
1644
2415
4296
4575
830.6
1354
2012
2778
4793
4950
1042
1584
2237
2964
5065
5225
1154
1668
2275
2958
5070
5296
1127
1609
2185
2856
4955
5262
1066
1557
2156
2835
4983
5303
1103
1650
2303
3044
5241
5407
1298
1908
2588
3405
5273
5377
1591
2187
2783
3426
4892
5023
1772
2204
2587
3127
4428
4949
1588
1779
2125
2724
4136
5223
1102
1335
1894
2895
5101
5448
821.3
1564
2524
3617
5856
5766
1414
2290
3202
4132
5407
5408
2108
2777
3298
3825
4985
5532
2369
2715
3126
3846
4876
5976
2285
2552
2949
3785
5919
6597
2113
2276
3337
4491
6292
6554
1836
2895
3898
4816
6316
6655
2588
3430
4201
4979
6249
6729
3100
3699
4326
5008
6206
6864
3381
3830
4351
4994
6280
7020
3564
3893
4372
5031
6406
7124
3711
3978
4472
5235
6666
7318
3887
4184
4806
5711
7198
7919
4182
4604
5414
6519
8054
8436
334.7
633
1047
1762
3594
3965
280.9
610.1
1096
1849
3623
4058
439.6
874.9
1467
2281
4163
4565
691.9
1196
1842
2656
4687
4971
922.7
1451
2093
2864
4985
5244
1056
1559
2155
2869
4994
5283
1046
1522
2094
2782
4901
5242
1012
1510
2121
2819
5035
5320
1102
1673
2349
3153
5301
5478
1367
1999
2688
3465
5243
5395
1690
2254
2771
3341
4706
5001
1737
2034
2279
2786
4066
4375
1221
1318
1645
2383
4545
5237
619.9
1102
2038
3095
5526
5844
955.3
1876
2938
4067
5861
5776
1862
2697
3363
3887
4923
5238
2350
2648
2804
3338
4518
5440
2056
2110
2466
3335
5527
6280
1581
1785
2968
4149
6042
6392
1535
2553
3641
4583
6192
6557
2293
3211
4033
4831
6143
6671
2921
3553
4181
4849
6165
6911
3204
3645
4170
4910
6379
7236
3296
3631
4188
5003
6607
7359
3326
3650
4307
5201
6790
7263
3400
3847
4612
5606
7077
7592
3715
4311
5231
6354
7690
7768
4382
5145
6162
6989
7530
7293
307.5
611.8
1020
1727
3472
3810
206.5
518.9
981.9
1723
3442
3902
295.9
720.3
1321
2176
4083
4590
549.7
1049
1708
2582
4656
5072
799.5
1328
1978
2804
4956
5316
957.6
1459
2055
2804
4933
5277
971.8
1447
2021
2727
4865
5215
969.9
1478
2102
2839
5079
5363
1108
1701
2401
3233
5353
5583
1422
2063
2738
3482
5165
5374
1715
2219
2625
3115
4355
4684
1557
1707
1833
2223
3555
4610
774.2
869.4
1419
2422
4855
5515
437.6
1187
2302
3529
6015
6280
1252
2270
3277
4151
5476
5505
2187
2760
3039
3300
4238
4584
2129
2038
2054
2602
4815
5917
1317
1337
2337
3602
5708
6159
1061
2001
3214
4298
6090
6463
1847
2847
3834
4694
6110
6599
2606
3374
4053
4751
6116
6894
3016
3483
4044
4816
6430
7393
3076
3456
4103
5048
6830
7636
3040
3469
4225
5223
6894
7257
3090
3619
4461
5424
6741
6852
3339
3998
4857
5766
6827
6852
3944
4684
5493
6049
6836
8472
4462
5122
5521
6605
8688
9394
4999
5317
5685
6222
6936
7484
5380
5685
6036
6527
7161
7600
5698
5990
6335
6790
7348
7668
5983
6254
6579
7057
7457
7659
6236
6469
7005
7553
7862
7774
5377
5932
6310
6488
6623
6245
5781
6312
6634
6745
6814
6391
6160
6682
6949
6973
6971
6502
6531
7046
7249
7167
7078
6670
6886
7389
7530
7318
7127
6976
5154
4679
4448
5094
5886
6447
5485
4914
4687
5289
6030
6549
5833
5164
4927
5473
6125
6595
6208
5438
5192
5679
6227
6633
6603
5736
5521
5940
6419
6733
4386
4922
5472
6122
6635
6368
4642
5154
5652
6232
6658
6347
4905
5378
5802
6302
6618
6276
5192
5623
5990
6392
6601
6227
5498
5896
6230
6527
6650
6250
4999
5168
5236
5176
5140
6180
5288
5397
5396
5291
5220
6086
5596
5618
5541
5396
5302
5993
5935
5865
5718
5532
5423
5954
6297
6198
5991
5791
5674
6032
4575
4494
4854
6523
8053
8632
4953
4864
5018
6611
8031
8562
5347
5262
5204
6755
8040
8514
5743
5660
5578
6879
8022
8436
6120
6024
5955
6923
7939
8300
4924
6158
7059
7581
7998
8076
5113
6243
7085
7575
7917
7948
5512
6249
7067
7535
7829
7807
5873
6148
6951
7378
7689
7808
6175
6512
7067
7694
8238
8274
5443
5970
6394
6891
7792
8121
5913
6500
6734
6725
7633
7997
6349
6970
7151
6960
7433
7862
6771
7414
7507
7181
7185
7682
7181
7856
7823
7306
6902
7451
5600
5273
5875
6782
7966
8446
5953
5399
5818
6716
7943
8488
6266
5459
5782
6680
7925
8517
6547
5499
5808
6732
7993
8619
6796
5575
5972
7021
8318
8890
4299
5149
6250
7342
7961
7433
4602
5495
6614
7540
7870
7139
4971
5941
7059
7737
7696
6780
5409
6513
7572
7921
7490
6422
5924
7195
8130
8062
7270
6110
5244
5888
6043
5567
5776
7702
5822
6268
6034
5296
6052
7863
6431
6556
5920
4983
6346
8015
7037
6738
5731
4797
6694
8186
7587
6807
5494
5286
7079
8402
4857
4238
4881
6581
8101
8346
4922
4078
5424
6926
8154
8201
4848
4326
6004
7260
8181
8030
4704
5019
6620
7606
8186
7833
4521
5825
7273
7979
8167
7668
4116
5415
6271
6569
7056
7318
4826
5928
6523
6597
7039
7327
5553
6434
6710
6602
7033
7338
6299
6926
6859
6657
7071
7364
7017
7340
7000
6818
7242
7659
5227
5451
5658
6046
6974
7591
5644
5647
5818
6218
7142
7756
5990
5869
6009
6442
7432
8218
6340
6233
6366
6898
7935
8661
6718
6632
6819
7413
8335
8761
4874
5048
5533
6313
7680
8419
5188
5357
5900
6812
8157
8719
5600
5829
6452
7367
8433
8528
5938
6222
6864
7596
8148
7697
5992
6252
6825
7250
7778
8239
4679
5224
6167
7249
8339
8026
5152
5786
6680
7413
7793
7138
5379
6016
6699
6864
7476
8263
6125
6765
6999
7301
8202
8938
7117
7382
7380
7636
8510
9243
4913
5689
6437
6521
7501
8646
5406
5817
6236
6988
8470
9171
6265
6473
6826
7590
8896
9133
6736
6768
7113
7876
8906
9218
6959
6953
7340
8107
9146
9311
5176
5609
6397
7591
9241
8952
5687
6074
6927
8054
9009
8219
6001
6404
7293
8118
8539
7994
6359
6870
7669
8162
8229
7594
6792
7400
8009
8098
7945
7134
6453
6643
7377
7992
8294
8192
6614
6769
7704
8417
8709
8595
6896
7036
7794
8677
9032
8978
7104
7228
7874
8908
9337
9349
7219
7325
7893
9041
9560
9659
7212
7706
7777
7420
7108
7223
7489
7987
7992
7493
7285
7419
7867
8371
8258
7598
7608
7721
8123
8647
8453
8041
7871
7979
8197
8729
8498
8350
8099
8167
7013
6052
5880
6226
6652
6910
7423
6379
6246
6517
6883
7100
7843
6683
6684
6919
7252
7481
8227
6993
7028
7248
7549
7831
8463
7211
7193
7406
7690
8009
5823
6190
6502
6700
6740
6315
6167
6503
6789
6904
6889
6412
6576
6904
7191
7299
7238
6721
6892
7220
7516
7704
7671
7187
6984
7322
7638
7925
7956
7541
6674
6569
6344
6127
5980
6135
7077
6961
6723
6479
6294
6213
7497
7418
7248
7019
6820
6459
7865
7825
7719
7509
7292
6904
8036
8070
8055
7898
7696
7311
6475
6343
6266
6858
7776
8094
6809
6609
6498
6667
7507
7789
7235
7037
6937
7025
7239
7598
7630
7441
7358
7482
7758
8224
7928
7809
7790
7972
8349
8919
6426
6774
7420
8106
8620
8565
6608
6938
7652
8391
8875
8718
7056
7451
8302
9123
9533
9176
7520
7984
8950
9811
1.013e+04
9605
7935
8558
9641
1.05e+04
1.067e+04
9939
7570
8252
8083
7345
6659
7192
7901
8580
8269
7316
6451
6969
8616
9240
8714
7459
6290
6931
9176
9654
8908
7434
6188
7183
9508
9841
8853
7236
6344
7575
7016
5649
6260
7468
8741
9180
7196
5715
6655
8035
9223
9438
7456
5822
7307
8906
9961
9873
7448
6092
8074
9831
1.069e+04
1.021e+04
7224
6532
8802
1.059e+04
1.114e+04
1.028e+04
6581
7999
8714
8174
7053
5838
7419
8909
9276
8238
6833
5598
8451
9879
9676
8143
6563
5738
9416
1.06e+04
9729
7823
6203
6159
9963
1.065e+04
9216
7212
5739
6655
8005
6760
5258
5888
7555
8663
8304
6628
5030
6627
8147
9009
8089
6183
5928
7572
8890
9410
7581
5671
7041
8728
9901
1.001e+04
6765
6574
8250
9940
1.073e+04
1.022e+04
5204
6716
7965
8351
8183
7559
6161
7682
8682
8786
8376
7729
7397
8841
9591
9290
8626
7890
8687
9990
1.027e+04
9531
8580
7722
9777
1.067e+04
1.028e+04
9039
7858
7286
7708
7779
7314
7227
7661
8063
8394
8215
7670
7658
8022
8265
8890
8326
7670
7490
7614
8090
8904
7947
7182
7821
9151
9722
8217
7101
7657
9565
1.078e+04
1.113e+04
7018
6891
7080
7610
8234
8222
7085
6834
6943
7817
8399
8549
6548
6979
8457
9147
9336
9253
6733
8647
9810
1.002e+04
9845
9602
8313
1.007e+04
1.078e+04
1.064e+04
1.026e+04
9891
5959
7229
7818
7977
8384
8831
7157
8100
8255
8194
8552
9024
8441
8872
8685
8538
8848
9249
9278
9269
8901
8882
9307
9723
9448
9177
8974
9221
9632
9896
7670
7636
7522
7808
8737
9624
7936
7710
7634
8125
9225
1.004e+04
8190
8013
8191
8848
9963
1.017e+04
8150
8250
8638
9387
1.036e+04
9799
7800
8214
8904
9762
1.035e+04
8994
7122
7289
7804
8538
9432
8990
7416
7726
8337
9119
9535
8177
7779
8294
8956
9662
9287
7254
8033
8790
9455
9909
8733
8403
8100
9148
9820
9774
7993
9834
7250
7924
8230
8108
7319
8886
7758
8420
8449
7907
7863
1.046e+04
8327
8955
8786
7630
9387
1.143e+04
8919
9431
9020
7630
1.054e+04
1.168e+04
9428
9735
8964
8554
1.119e+04
1.143e+04
)
;

boundaryField
{
    inlet
    {
        type            calculated;
        value           nonuniform List<scalar> 0();
    }
    outlet
    {
        type            calculated;
        value           nonuniform List<scalar> 0();
    }
    wall
    {
        type            calculated;
        value           nonuniform List<scalar> 
1350
(
-1.557e-33
-2.018e-33
-2.077e-33
-1.535e-33
-1.304e-33
-1.553e-33
-1.694e-33
-1.449e-33
-7.61e-34
7.756e-36
5.432e-34
9.2e-34
1.633e-33
3.193e-33
6.295e-33
7.553e-33
4.415e-33
-1.33e-33
-5.905e-33
-1.093e-32
-2.07e-32
-2.634e-32
-3.385e-32
1.929e-33
2.625e-30
3.625e-30
-7.692e-31
-1.665e-33
-2.02e-33
-1.96e-33
-1.301e-33
-9.726e-34
-1.096e-33
-1.123e-33
-8.282e-34
-2.254e-34
2.611e-34
8.458e-34
1.287e-33
1.907e-33
2.99e-33
4.801e-33
4.458e-33
1.17e-33
-2.764e-33
-8.635e-33
-2.223e-32
-3.638e-32
-2.779e-32
2.934e-33
3.314e-30
6.377e-30
-9.226e-31
-2.929e-31
-1.799e-33
-2.066e-33
-1.906e-33
-1.15e-33
-7.673e-34
-8.311e-34
-8.137e-34
-5.137e-34
-2.3e-35
5.745e-34
9.98e-34
1.468e-33
2.043e-33
2.902e-33
4.084e-33
2.949e-33
-1.725e-34
-4.037e-33
-1.595e-32
-3.634e-32
-4.716e-32
-1.052e-32
1.552e-30
2.162e-29
-1.001e-30
-8.029e-33
-2.076e-31
-1.962e-33
-2.137e-33
-1.875e-33
-1.02e-33
-5.917e-34
-6.087e-34
-5.54e-34
-2.665e-34
1.312e-34
1.215e-33
1.353e-33
1.895e-33
2.483e-33
3.203e-33
3.894e-33
2.007e-33
-9.359e-34
-8.275e-33
-2.608e-32
-4.989e-32
-3.382e-32
2.855e-31
2.025e-29
-1.349e-30
-2.386e-32
2.481e-33
-1.349e-31
-2.076e-33
-2.157e-33
-1.79e-33
-8.526e-34
-4.463e-34
-3.794e-34
-2.961e-34
-5.868e-35
5.665e-34
2.262e-33
2.509e-33
3.283e-33
4.043e-33
4.789e-33
5.029e-33
1.725e-33
-1.787e-33
-1.471e-32
-3.74e-32
-5.028e-32
-4.224e-33
3.691e-30
6.267e-30
-4.253e-31
3.51e-33
2.564e-33
0
-2.22e-33
-2.117e-33
-1.649e-33
-6.655e-34
-3.342e-34
-1.632e-34
-8.342e-35
6.089e-35
1.432e-33
3.8e-33
3.587e-33
3.994e-33
4.612e-33
4.904e-33
4.112e-33
3.258e-34
-3.82e-33
-2.351e-32
-4.065e-32
-1.115e-32
1.109e-30
3.709e-29
-2.405e-30
4.646e-34
2.005e-35
0
-3.752e-31
-2.379e-33
-2.115e-33
-1.51e-33
-6.524e-34
-2.852e-34
-1.134e-34
-1.725e-35
2.191e-34
2.223e-33
4.821e-33
4.244e-33
3.18e-33
2.196e-33
1.582e-33
6.568e-34
-1.236e-34
-8.624e-33
-2.707e-32
-1.069e-32
4.538e-31
3.087e-29
-3.142e-30
-2.123e-32
0
-3.331e-33
-6.366e-32
-1.003e-30
-2.373e-33
-2.06e-33
-1.411e-33
-7.32e-34
-3.611e-34
-2.041e-34
-6.652e-35
2.096e-34
2.357e-33
4.723e-33
3.838e-33
2.589e-33
1.451e-33
3.227e-34
0
-1.54e-33
-1.225e-32
-1.182e-32
5.789e-32
9.572e-30
3.045e-30
-3.942e-31
4.823e-33
-3.588e-33
-6.517e-32
1.868e-30
8.042e-30
-2.383e-33
-2.04e-33
-1.606e-33
-8.709e-34
-5.097e-34
-3.859e-34
-2.341e-34
4.12e-35
2.066e-33
4.086e-33
2.986e-33
1.699e-33
6.516e-34
7.65e-36
-9.746e-34
-3.63e-33
-9.023e-33
1.233e-33
2.942e-30
4.293e-29
-7.961e-31
8.995e-33
-7.939e-33
-7.078e-32
9.203e-31
5.432e-30
6.967e-30
-2.579e-33
-2.36e-33
-2.099e-33
-1.2e-33
-8.126e-34
-7.364e-34
-6.055e-34
-2.452e-34
1.475e-33
3.149e-33
1.958e-33
7.93e-34
8.823e-35
-1.058e-33
-4.158e-33
-5.057e-33
-1.276e-33
2.61e-31
3.747e-29
-3.382e-31
1.013e-32
-2.08e-34
-8.162e-32
1.265e-32
4.581e-30
3.841e-30
5.266e-30
-3.172e-33
-3.039e-33
-2.867e-33
-1.749e-33
-1.303e-33
-1.335e-33
-1.289e-33
-8.961e-34
6.28e-34
2.036e-33
9.308e-34
5.213e-35
-1.041e-33
-3.21e-33
-7.733e-33
-4.156e-33
0
2.689e-30
2.763e-29
2.76e-32
9.679e-34
-1.775e-32
-2.186e-31
3.489e-30
3.169e-30
3.541e-30
2.795e-30
-4.748e-33
-4.552e-33
-4.225e-33
-2.978e-33
-2.482e-33
-2.437e-33
-2.595e-33
-2.313e-33
-6.435e-34
7.01e-34
-1.692e-34
-1.545e-33
-3.254e-33
-6.235e-33
-1.088e-32
-6.46e-33
1.73e-32
7.65e-30
1.239e-30
1.067e-32
-4.85e-33
-8.629e-32
2.78e-30
2.939e-30
2.986e-30
2.615e-30
7.079e-31
-6.241e-33
-6.091e-33
-5.542e-33
-4.258e-33
-3.711e-33
-3.701e-33
-4.027e-33
-4.039e-33
-2.388e-33
-4.981e-34
-1.748e-33
-3.696e-33
-5.927e-33
-9.317e-33
-1.268e-32
-7.196e-33
2.734e-31
1.187e-29
1.716e-31
2.328e-33
-2.27e-32
1.01e-30
2.514e-30
2.488e-30
2.366e-30
1.48e-30
-6.292e-32
-5.912e-33
-5.788e-33
-5.463e-33
-4.043e-33
-3.555e-33
-3.633e-33
-4.237e-33
-4.478e-33
-3.004e-33
-9.143e-34
-2.296e-33
-4.427e-33
-6.725e-33
-9.758e-33
-1.098e-32
-3.86e-33
3.855e-31
5.351e-30
5.202e-32
-1.495e-32
1.334e-31
1.519e-30
1.957e-30
2.186e-30
1.605e-30
5.715e-31
0
-5.308e-33
-5.228e-33
-5.178e-33
-3.669e-33
-3.25e-33
-3.424e-33
-4.214e-33
-4.642e-33
-3.362e-33
-1.109e-33
-2.479e-33
-4.614e-33
-6.761e-33
-9.239e-33
-9.053e-33
-2.079e-33
2.904e-31
1.847e-30
1.285e-32
1.291e-32
4.898e-31
1.246e-30
1.886e-30
1.706e-30
8.68e-31
7.674e-32
-4.305e-31
-5.325e-33
-5.242e-33
-5.482e-33
-3.682e-33
-3.264e-33
-3.606e-33
-4.561e-33
-5.198e-33
-4.095e-33
-1.439e-33
-2.767e-33
-4.908e-33
-6.894e-33
-8.867e-33
-7.904e-33
-2.016e-33
1.105e-31
4.192e-31
5.454e-32
1.628e-31
4.392e-31
1.28e-30
1.626e-30
1.133e-30
3.25e-31
1.578e-33
-1.44e-30
-5.482e-33
-5.665e-33
-6.208e-33
-3.846e-33
-3.399e-33
-4.011e-33
-5.149e-33
-6.006e-33
-5.075e-33
-1.824e-33
-3.024e-33
-5.109e-33
-6.869e-33
-8.329e-33
-7.078e-33
-2.949e-33
3.998e-32
1.105e-31
2.065e-31
1.405e-31
4.405e-31
1.149e-30
1.235e-30
6.29e-31
6.299e-32
-3.949e-32
-1.799e-30
-9.023e-33
-8.883e-33
-8.381e-33
-6.365e-33
-5.666e-33
-5.892e-33
-6.901e-33
-8.245e-33
-7.742e-33
-3.145e-33
-4.385e-33
-6.81e-33
-8.718e-33
-9.868e-33
-8.022e-33
-6.993e-33
5.167e-33
3.031e-32
1.458e-31
6.252e-32
3.177e-31
8.522e-31
8.176e-31
3e-31
2.354e-32
-6.651e-32
-1.474e-30
-2.593e-30
-1.251e-32
-2.403e-33
1.051e-32
2.934e-32
-1.406e-30
2.236e-33
2.114e-33
1.713e-33
-1.407e-33
-1.79e-30
1.716e-35
-2.26e-33
-1.565e-32
-4.989e-32
-2.8e-30
-7.343e-33
-3.294e-32
3.674e-31
2.034e-30
-4.235e-30
-9.547e-33
2.057e-30
2.701e-30
2.529e-30
-2.198e-30
2.606e-30
2.596e-30
2.55e-30
2.456e-30
2.444e-30
2.418e-30
2.429e-30
1.928e-30
1.165e-30
2.51e-30
2.203e-30
1.55e-30
6.842e-31
7.121e-32
1.976e-30
1.31e-30
4.587e-31
0
-2.152e-32
1.021e-30
3.746e-31
0
-4.863e-32
-4.233e-31
1.828e-31
0
-3.884e-32
-3.351e-31
-7.041e-32
-3.024e-31
-8.884e-33
-2.295e-31
1.161e-32
1.858e-29
-1.08e-30
-1.34e-31
-1.099e-32
1.559e-29
3.467e-29
-1.411e-30
-1.511e-32
6.715e-30
6.494e-29
0
-3.949e-31
1.153e-30
4.781e-29
-0
4.17e-30
-4.845e-31
1.241e-29
7.077e-30
1.443e-30
9.692e-30
1.515e-30
2.853e-29
-2.038e-32
8.415e-30
3.622e-30
6.307e-30
6.728e-32
5.638e-30
3.992e-30
1.028e-30
1.062e-31
2.819e-31
2.938e-31
1.55e-32
-0
-1.585e-32
-5.441e-32
-1.475e-31
-1.869e-31
-1.302e-31
1.7e-31
1.146e-30
2.372e-30
2.656e-30
8.269e-31
2.984e-30
3.364e-30
3.084e-30
1.914e-30
2.917e-31
2.567e-30
2.516e-30
2.024e-30
9.758e-31
7.714e-32
1.966e-30
1.231e-30
4.382e-31
1.864e-32
7.632e-35
3.967e-31
0
-4.763e-32
-2.157e-31
0
0
-2.586e-31
-8.215e-31
-1.497e-31
2.845e-30
-4.355e-31
-9.314e-31
2.735e-30
1.841e-29
1.771e-29
-4.794e-31
7.956e-30
5.05e-29
-0
-7.447e-32
1.493e-29
4.552e-29
-0
-6.274e-31
1.753e-30
2.542e-29
0
1.653e-30
9e-30
4.254e-31
0
4.93e-30
1.243e-29
3.103e-30
2.744e-32
4.983e-30
1.201e-29
3.727e-30
3.265e-31
0
1.002e-29
3.742e-30
3.531e-31
0
0
3.565e-30
4.931e-31
0
-2.816e-31
-1.159e-33
7.29e-31
0
-3.672e-31
-7.889e-31
-3.653e-33
0
-1.683e-31
-9.214e-31
-1.154e-30
-5.789e-33
-1.152e-31
-1.734e-31
-1.754e-31
1.979e-31
3.13e-33
6.792e-31
2.331e-29
-7.99e-29
-0
1.998e-33
-1.537e-28
-2.293e-28
2.877e-28
2.674e-29
2.243e-30
-0
2.651e-30
3.765e-30
4.131e-30
3.53e-30
-4.534e-30
-5.69e-30
-2.344e-31
-4.837e-32
5.703e-32
9.054e-31
3.986e-30
-4.435e-30
-1.274e-31
-1.056e-31
-2.401e-32
1.657e-34
7.927e-31
2.014e-30
-4.167e-29
-0
-6.263e-30
-7.882e-29
-3.373e-29
1.469e-29
4.226e-31
-0
5.482e-30
2.006e-28
3.379e-27
2.215e-27
8.524e-28
2.573e-29
-0
1.115e-30
3.707e-31
3.84e-31
3.231e-31
1.549e-31
9.531e-32
-2.857e-30
-1.571e-31
-4.655e-32
-9.305e-33
-5.634e-33
-7.952e-31
-9.615e-30
-1.561e-29
-1.345e-31
-1.799e-29
-8.631e-30
1.708e-30
-0
4.558e-29
1.421e-27
2.484e-27
5.201e-28
-1.904e-32
2.264e-28
2.078e-27
2.645e-27
1.604e-27
7.005e-28
2.455e-28
7.441e-29
-1.067e-29
-3.13e-29
-5.212e-30
-1.275e-29
-4.185e-31
-2.174e-31
5.33e-32
5.327e-32
-4.015e-31
-3.597e-30
1.668e-30
-1.461e-31
-9.486e-31
-7.74e-31
-2.225e-29
8.606e-30
3.563e-30
-0
-3.844e-29
6.32e-28
1.478e-27
1.653e-28
2.357e-29
-0
-6.659e-32
-6.576e-32
-3.874e-31
-5.397e-31
-0
-1.192e-30
-3.96e-30
-6.003e-30
-2.03e-30
-1.67e-31
1.104e-30
1.028e-30
1.489e-30
4.554e-30
1.053e-29
8.445e-30
3.171e-30
-0
2.572e-30
-2.993e-30
-6.474e-29
-3.611e-29
2.938e-28
5.228e-29
2.351e-30
-0
2.684e-30
1.443e-28
3.019e-27
4.193e-27
3.402e-27
1.858e-27
2.584e-28
-6.478e-31
3.524e-32
-0
-5.764e-30
1.229e-30
4.368e-30
3.626e-30
4.803e-30
9.277e-30
1.54e-29
5.558e-29
5.206e-29
6.558e-30
-2.628e-29
-3.65e-29
7.454e-30
1.122e-29
5.475e-31
-0
8.488e-30
1.908e-28
2.153e-27
2.012e-27
2.531e-30
1.042e-29
8.61e-31
-3.885e-30
-9.133e-30
-8.925e-30
-7.087e-30
-6.878e-29
-2.214e-30
4.249e-30
8.385e-30
5.2e-30
3.746e-30
3.698e-30
2.289e-30
2.198e-30
-1.042e-30
-6.406e-30
-7.513e-30
9.494e-31
1.308e-30
2.167e-32
3.367e-31
1.222e-29
1.284e-28
2.799e-28
-0
1.07e-30
-1.062e-31
-3.105e-32
4.314e-32
1.828e-31
3.166e-31
2.185e-31
6.639e-32
-1.009e-30
-2.293e-31
5.022e-30
1.659e-29
5.302e-30
1.726e-30
6.363e-31
-8.79e-32
-1.098e-30
-1.888e-30
-1.908e-30
-1.138e-30
7.451e-31
1.245e-31
5.742e-32
2.665e-31
1.047e-29
3.204e-30
5.012e-30
6.66e-30
6.468e-33
4.4e-31
6.112e-32
-9.685e-31
-1.284e-31
7.155e-31
5.853e-28
1.165e-27
5.656e-28
1.01e-30
2.174e-29
3.679e-29
4.956e-30
6.567e-31
-1.199e-31
-6.956e-31
-7.427e-31
-6.345e-31
-5.668e-31
-4.576e-31
-4.237e-33
2.205e-31
4.851e-33
2.053e-32
4.016e-30
1.32e-29
6.423e-30
1.877e-29
3.85e-29
-4.086e-29
9.722e-28
3.984e-27
2.727e-27
5.038e-28
1.645e-28
2.139e-30
-0
5.657e-31
7.249e-29
5.622e-29
3.433e-30
-5.081e-32
-5.74e-31
-4.882e-31
-2.52e-31
-3.146e-31
-5.926e-31
-1.145e-30
3.435e-30
5.161e-31
-0
-0
3.708e-31
-7.859e-29
2.972e-30
-1.692e-30
5.801e-28
5.845e-27
1.741e-28
6.497e-30
1.322e-31
-0
5.166e-30
-0
2.749e-27
-0
1.658e-28
5.884e-29
1.216e-30
-6.483e-31
-5.022e-31
-1.932e-31
-1.63e-31
-5.25e-31
-1.655e-30
1.454e-29
1.484e-30
-0
3.668e-30
3.028e-28
-1.665e-28
-0
-4.963e-28
8.364e-27
3.481e-28
6.354e-31
-0
8.808e-29
1.702e-26
4.027e-26
5.003e-26
5.96e-27
-0
5.178e-31
2.065e-28
4.203e-29
-1.029e-31
-9.024e-31
-2.794e-31
-1.181e-31
-3.021e-31
-1.358e-30
2.089e-29
3.853e-30
-0
4.762e-30
1.352e-27
-0
-1.008e-29
-2.182e-28
2.03e-27
9.281e-30
-0
7.182e-28
5.844e-26
1.742e-26
-0
-4.613e-29
-2.015e-28
-2.694e-28
-3.407e-28
-0
1.486e-28
4.009e-29
-4.678e-31
-9.556e-31
-2.449e-31
-1.646e-31
-5.729e-31
1.332e-30
6.36e-30
3.496e-33
9.148e-31
9.936e-28
-1.491e-28
-1.351e-29
4.746e-28
2.466e-28
-0
6.763e-29
2.713e-26
1.003e-26
-3.405e-30
-3.192e-28
-2.433e-28
-4.028e-29
-5.007e-30
-3.901e-31
-2.342e-31
3.189e-31
9.841e-29
3.883e-29
-9.414e-31
-1.154e-30
-3.081e-31
-2.398e-31
-8.159e-31
1.668e-29
7.588e-31
-0
4.662e-29
-1.805e-28
-0
-3.144e-28
3.349e-28
-0
3.007e-28
2.14e-26
-0
-2.376e-28
-2.179e-28
-1.725e-29
-0
1.515e-31
9.06e-31
1.133e-30
-2.959e-30
1.264e-32
6.559e-29
2.879e-29
-1.692e-30
-1.282e-30
-3.204e-31
-2.909e-31
1.588e-30
3.947e-30
9.322e-34
2.239e-30
8.759e-28
-0
-5.392e-28
4.023e-27
-0
2.842e-28
1.019e-26
-0
-3.706e-28
-1.023e-28
-0
8.353e-31
3.678e-30
2.186e-30
2.416e-31
-1.293e-31
-2.318e-30
-1.829e-31
4.122e-29
1.37e-29
-2.53e-30
-1.199e-30
-2.662e-31
-3.033e-31
6.382e-30
6.343e-31
-0
4.713e-29
-1.589e-28
-1.187e-29
5.01e-27
8.621e-30
3.958e-29
2.003e-26
-0
-4.296e-28
-4.65e-29
-0
5.001e-30
4.901e-30
4.426e-31
-1.126e-30
-4.21e-32
-0
1.021e-29
-1.708e-31
2.477e-29
2.546e-30
-3.179e-30
-9.354e-31
-1.79e-31
4.248e-32
1.399e-30
-0
9.65e-31
7.22e-28
-0
-6.552e-28
3.288e-28
-0
8.109e-27
-0
-4.071e-28
-3.435e-29
-0
6.245e-30
4.605e-30
-4.268e-31
-1.284e-30
-0
-3.841e-30
-1.606e-28
-0
-3.763e-31
1.46e-29
-7.024e-31
-3.051e-30
-6.656e-31
-1.168e-31
3.91e-31
2.009e-31
3.257e-33
1.179e-29
4.473e-29
-2.654e-30
9.14e-28
-0
8.355e-29
5.323e-27
-1.279e-28
-7.011e-29
-0
5.103e-30
3.618e-30
1.617e-31
-6.074e-31
-0
-9.648e-30
-5.308e-29
-0
4.226e-26
-5.478e-30
4.346e-32
7.943e-33
-0
-2.472e-34
-8.437e-29
6.11e-31
9.873e-32
-2.446e-30
-1.475e-30
-1.623e-29
-2.156e-30
-4.718e-30
-2.53e-31
4.662e-30
-4.226e-29
-1.203e-30
1.416e-30
1.906e-30
4.252e-30
-4.856e-28
8.274e-33
-1.58e-32
2.221e-29
3.492e-28
-3.979e-29
1.601e-31
1.42e-31
3.255e-31
1.07e-30
-3.574e-29
2.492e-31
2.111e-31
-0
-4.464e-31
2.169e-28
4.72e-28
2.901e-28
1.535e-28
1.027e-28
-3.56e-30
2.043e-32
2.64e-31
4.008e-31
3.38e-31
2.323e-27
2.414e-27
2.086e-27
1.568e-27
1.059e-27
-1.514e-27
-1.151e-29
-8.622e-30
2.102e-30
-5.25e-30
-1.977e-28
-5.333e-30
-7.042e-31
-0
-6.131e-32
-0
7.66e-32
2.057e-30
2.142e-29
2.052e-29
-8.47e-29
-3.902e-32
-1.648e-30
-8.699e-30
-7.849e-30
-0
-3.859e-30
-1.34e-29
-0
-1.049e-30
8.006e-28
-0
6.118e-27
6.036e-27
2.253e-28
-6.272e-28
1.269e-26
1.886e-28
-0
-0
4.942e-28
-0
1.115e-29
2.607e-26
2.887e-26
-1.719e-32
-3.662e-32
-7.278e-32
-1.673e-31
-8.494e-32
2.208e-29
7.702e-29
1.279e-28
1.27e-28
1.137e-28
9.078e-30
1.579e-29
1.883e-29
1.263e-29
3.333e-30
7.116e-30
5.483e-30
1.842e-31
-0
-0
8.453e-28
1.133e-27
1.062e-27
7.97e-28
5.523e-28
1.993e-30
1.781e-30
1.189e-31
6.993e-32
1.749e-30
-5.406e-31
-1.652e-30
-3.039e-30
-1.697e-30
-9.261e-32
5.742e-29
1.804e-29
-5.959e-31
-5.768e-31
-1.717e-31
2.23e-31
-2.576e-31
-0
1.116e-31
-9.484e-32
5.747e-28
1.949e-28
-0
8.263e-33
-0
-2.277e-29
-1.927e-29
-4.151e-30
1.2e-30
-0
-0
-8.842e-32
-2.346e-30
-1.782e-30
-0
-1.063e-29
-1.347e-29
-0
-4.976e-30
-1.578e-31
-0
-1.625e-30
-4.597e-29
-2.161e-29
-9.614e-32
3.114e-28
5.078e-28
1.641e-28
-1.231e-31
-0
1.013e-30
-0
-0
3.11e-29
5.601e-30
3.786e-27
5.643e-27
5.668e-27
-5.859e-32
-4.31e-31
-0
6.472e-27
2.813e-26
2.097e-26
3.475e-27
)
;
    }
    force
    {
        type            calculated;
        value           nonuniform List<scalar> 
1350
(
-0
1.004e-14
9.751e-15
6.449e-15
2.762e-15
3.671e-17
-0
1.134e-14
8.743e-14
5.987e-15
2.03e-14
4.725e-15
1.019e-15
-0
-0
6.146e-16
1.247e-15
6.596e-16
199.4
193.2
169.7
148.2
133.3
123.9
123.1
134.7
166.6
173.1
152.6
134.9
118.4
112.5
114.4
121.2
126.7
128.9
75.14
61.74
37.08
25.65
19.62
18.19
21.02
28.4
40.59
55.9
33.49
18.25
10.69
6.736
5.32
5.568
6.546
7.148
8.035
6.474
4.217
1.428
-0.2046
-0.6607
-0.1048
1.217
0.6058
1.808
3.172
-0.5793
-2.622
-3.968
-4.72
-3.43
-2.56
-2.653
-6.65
-10.01
-12.39
-12.87
-12.59
-12.57
-12.61
-12.73
-12.75
-12.72
-13.66
-14.39
-12.57
-12.39
-12.82
-13.39
-13.95
-14.35
-12.43
-14.57
-16.39
-14.9
-13.98
-13.72
-13.82
-14.25
-14.76
-15.2
-15.29
-15.99
-14.39
-12.53
-12.39
-12.87
-13.58
-14.3
-12.06
-13.32
-15.12
-13.66
-12.6
-12.16
-12.17
-12.61
-13.16
-13.74
-13.95
-13.66
-13.9
-11.62
-10.36
-10.43
-11.06
-11.9
-10.34
-11.02
-12.24
-13.29
-11.33
-10.32
-10.05
-10.39
-11.02
-11.7
-12.29
-12.39
-12.03
-12.01
-9.366
-8.247
-8.366
-9.034
-7.879
-8.292
-8.865
-9.901
-9.36
-8.212
-7.721
-7.874
-8.436
-9.12
-9.786
-10.3
-10.37
-9.871
-9.596
-7.209
-6.075
-6.027
-5.902
-5.962
-6.051
-6.363
-7.18
-6.614
-5.972
-5.885
-6.269
-6.891
-7.54
-8.097
-8.496
-8.488
-8.041
-7.713
-6.272
-4.846
-5.085
-5.059
-4.947
-4.855
-4.982
-5.632
-4.766
-4.264
-4.342
-4.816
-5.507
-6.204
-6.829
-7.275
-7.377
-7.138
-6.73
-6.411
-4.55
-4.594
-4.486
-4.255
-3.99
-3.951
-4.299
-3.466
-3.001
-3.067
-3.528
-4.188
-4.886
-5.524
-6.026
-6.306
-6.311
-6.085
-3.995
-4.176
-4.212
-4.072
-3.738
-3.123
-2.484
-3.059
-2.719
-2.217
-2.196
-2.529
-3.056
-3.656
-4.233
-4.724
-5.074
-5.231
-3.24
-3.603
-3.796
-3.846
-3.688
-2.966
-2.039
-1.537
-2.475
-2.474
-1.917
-1.709
-1.829
-2.169
-2.608
-3.059
-3.465
-3.783
-2.109
-2.544
-2.948
-3.232
-3.275
-2.974
-2.361
-1.614
-1.425
-2.027
-1.773
-1.725
-1.427
-1.385
-1.541
-1.81
-2.126
-2.431
-1.31
-1.637
-1.994
-2.334
-2.577
-2.626
-2.42
-1.921
-1.22
-1.178
-1.6
-1.317
-1.5
-1.355
-1.198
-1.195
-1.297
-1.459
-0.8019
-1.014
-1.271
-1.556
-1.828
-2.033
-2.107
-1.96
-1.537
-0.9545
-0.9313
-1.15
-1.087
-1.221
-1.363
-1.233
-1.086
-1.04
-0.5004
-0.6256
-0.7884
-0.9853
-1.202
-1.415
-1.589
-1.657
-1.545
-1.227
-0.7795
-0.7317
-0.7268
-0.8762
-1.068
-1.29
-1.341
-1.227
-0.3263
-0.3962
-0.4911
-0.6124
-0.7567
-0.9174
-1.08
-1.21
-1.258
-1.181
-0.9604
-0.6498
-0.5742
-0.5783
-0.5667
-0.8418
-1.416
-1.622
-0.225
-0.2635
-0.3171
-0.3878
-0.4754
-0.5801
-0.6979
-0.8145
-0.9058
-0.9418
-0.8931
-0.7553
-0.5757
-0.4594
-0.486
-0.517
-0.7761
-1.354
-0.1943
-0.1884
-0.2203
-0.2629
-0.3166
-0.3834
-0.4636
-0.5529
-0.6412
-0.7124
-0.7458
-0.7266
-0.6563
-0.555
-0.4781
-0.4667
-0.6118
-1.044
-0.1952
-0.1712
-0.1664
-0.1942
-0.2292
-0.2729
-0.3268
-0.3905
-0.4604
-0.5291
-0.5846
-0.6156
-0.6124
-0.5762
-0.5277
-0.4921
-0.5172
-0.6665
-0.1987
-0.1767
-0.1591
-0.1529
-0.1773
-0.2072
-0.2437
-0.2875
-0.3379
-0.3917
-0.4428
-0.4845
-0.5078
-0.5088
-0.4922
-0.468
-0.4571
-0.4903
-0.2032
-0.1837
-0.1675
-0.1533
-0.1436
-0.1652
-0.1905
-0.2204
-0.2549
-0.2926
-0.3307
-0.3657
-0.3912
-0.4039
-0.4038
-0.3925
-0.3772
-0.3717
-0.2073
-0.1901
-0.1753
-0.1619
-0.1485
-0.1343
-0.1516
-0.1718
-0.1947
-0.2194
-0.2446
-0.2684
-0.2865
-0.2974
-0.3004
-0.2945
-0.2815
-0.2668
-0.2075
-0.1924
-0.1791
-0.1668
-0.1543
-0.1407
-0.1266
-0.1319
-0.1477
-0.1645
-0.1815
-0.1977
-0.21
-0.2178
-0.221
-0.2181
-0.2094
-0.1969
-0.2047
-0.1916
-0.1799
-0.1689
-0.1574
-0.1449
-0.1316
-0.1194
-0.1136
-0.1265
-0.1396
-0.1523
-0.1625
-0.1698
-0.1742
-0.1747
-0.171
-0.164
-0.2023
-0.1911
-0.1808
-0.1709
-0.1605
-0.1489
-0.1365
-0.1249
-0.1147
-0.1054
-0.1118
-0.1228
-0.132
-0.1393
-0.145
-0.1484
-0.149
-0.1471
-0.2013
-0.1914
-0.1823
-0.1733
-0.1636
-0.1527
-0.1409
-0.1298
-0.1198
-0.1107
-0.1021
-0.09962
-0.1079
-0.1149
-0.1211
-0.126
-0.1294
-0.1314
-0.2023
-0.1931
-0.1843
-0.1756
-0.166
-0.1553
-0.1436
-0.1327
-0.1228
-0.1137
-0.1051
-0.09675
-0.08749
-0.09153
-0.09743
-0.1028
-0.1077
-0.112
-0.2025
-0.193
-0.1838
-0.1745
-0.1645
-0.1533
-0.1415
-0.1305
-0.1206
-0.1116
-0.1034
-0.09555
-0.08696
-0.0785
-0.07111
-0.07611
-0.08158
-0.08723
-0.196
-0.1857
-0.1758
-0.1658
-0.1552
-0.1439
-0.1324
-0.1221
-0.113
-0.1049
-0.09786
-0.09162
-0.08507
-0.07853
-0.07269
-0.06803
-0.06513
-0.07129
-0.1895
-0.1784
-0.1677
-0.1572
-0.1465
-0.1355
-0.1249
-0.1157
-0.1078
-0.1014
-0.09623
-0.09238
-0.08863
-0.08473
-0.08124
-0.07874
-0.07787
-0.07942
-0.1854
-0.1732
-0.1617
-0.1507
-0.14
-0.1294
-0.12
-0.1123
-0.1062
-0.1019
-0.09945
-0.09887
-0.09879
-0.09836
-0.09808
-0.09864
-0.1007
-0.1053
-0.1838
-0.1703
-0.1579
-0.1463
-0.1355
-0.1256
-0.1175
-0.1117
-0.1078
-0.1063
-0.1073
-0.1111
-0.116
-0.1201
-0.1241
-0.1287
-0.1345
-0.1424
-0.1845
-0.1696
-0.156
-0.1437
-0.1327
-0.1234
-0.1169
-0.1132
-0.1121
-0.1142
-0.1198
-0.1296
-0.141
-0.1512
-0.1605
-0.1697
-0.1792
-0.1898
-0.1859
-0.1693
-0.1543
-0.1411
-0.1299
-0.1215
-0.117
-0.1164
-0.1191
-0.1263
-0.1384
-0.1565
-0.1768
-0.1945
-0.2094
-0.2221
-0.2328
-0.2422
-0.1851
-0.1671
-0.151
-0.1374
-0.1268
-0.1202
-0.1189
-0.1227
-0.131
-0.1451
-0.1659
-0.1946
-0.2249
-0.2483
-0.2642
-0.2732
-0.2757
-0.2733
-0.1869
-0.1673
-0.1502
-0.1362
-0.1261
-0.1211
-0.1231
-0.1311
-0.1446
-0.1645
-0.1913
-0.2256
-0.2574
-0.2753
-0.2791
-0.271
-0.2541
-0.2321
-0.1921
-0.1706
-0.1518
-0.1366
-0.1261
-0.122
-0.1259
-0.1364
-0.152
-0.1728
-0.1982
-0.2272
-0.2479
-0.2495
-0.2346
-0.2088
-0.1784
-0.1484
-0.2019
-0.1776
-0.1559
-0.1382
-0.1259
-0.1207
-0.1243
-0.134
-0.1472
-0.1626
-0.1789
-0.1948
-0.1998
-0.1872
-0.1629
-0.1338
-0.106
-0.08269
-0.2184
-0.1898
-0.1633
-0.1412
-0.1248
-0.1164
-0.1167
-0.122
-0.1285
-0.1348
-0.14
-0.1436
-0.139
-0.1233
-0.1025
-0.08214
-0.06505
-0.05339
-0.2453
-0.2108
-0.1773
-0.1476
-0.1239
-0.1088
-0.1026
-0.1004
-0.09857
-0.09631
-0.09411
-0.09242
-0.08728
-0.07714
-0.06667
-0.059
-0.05716
-0.06535
-0.2888
-0.2477
-0.2033
-0.1604
-0.1236
-0.09756
-0.08217
-0.07211
-0.06442
-0.05915
-0.05688
-0.05728
-0.05733
-0.058
-0.0665
-0.07966
-0.0955
-0.1167
-0.3518
-0.3062
-0.2467
-0.1819
-0.1234
-0.08224
-0.05802
-0.04424
-0.0371
-0.03587
-0.04105
-0.05057
-0.06337
-0.08063
-0.105
-0.1341
-0.1629
-0.1815
-0.4286
-0.3908
-0.3163
-0.2169
-0.1239
-0.06472
-0.03785
-0.03095
-0.0326
-0.03759
-0.04933
-0.07019
-0.09829
-0.1302
-0.1566
-0.1441
-0.1379
-0.1525
-0.4897
-0.4899
-0.4234
-0.2798
-0.1291
-0.05469
-0.03673
-0.03466
-0.04042
-0.05613
-0.08305
-0.1161
-0.112
-0.0996
-0.1058
-0.1447
-0.2398
-0.3881
-0.4637
-0.5326
-0.6109
-0.43
-0.1553
-0.06228
-0.04807
-0.05045
-0.06923
-0.1003
-0.08437
-0.06932
-0.07216
-0.1118
-0.2387
-0.4052
-0.5098
-0.5179
-0.4012
-0.5675
-0.9874
-0.6453
-0.1562
-0.0666
-0.06447
-0.08404
-0.1006
-0.06108
-0.04671
-0.06207
-0.1474
-0.337
-0.4914
-0.5074
-0.3982
-0.2662
-0.3073
-0.4326
-0.9248
-0.7205
-0.1753
-0.08614
-0.1031
-0.1031
-0.05484
-0.03843
-0.05372
-0.1633
-0.3941
-0.5185
-0.4429
-0.278
-0.1528
-0.08826
-0.2513
-0.3617
-0.7411
-0.627
-0.2018
-0.1585
-0.1726
-0.05443
-0.03908
-0.04696
-0.1345
-0.3893
-0.5277
-0.3923
-0.2053
-0.09561
-0.06027
-0.05205
-0.2353
-0.3152
-0.5729
-0.4691
-0.2705
-0.3215
-0.1138
-0.03795
-0.04025
-0.08091
-0.2989
-0.534
-0.4043
-0.1781
-0.07129
-0.04944
-0.07811
-0.1243
-0.2392
-0.2782
-0.4543
-0.4208
-0.3763
-0.3437
-0.0748
-0.02588
-0.0525
-0.1512
-0.3722
-0.5251
-0.2343
-0.07893
-0.06434
-0.1047
-0.08448
-0.06042
-0.2573
-0.2799
-0.469
-0.4684
-0.5097
-0.2565
-0.04796
-0.03461
-0.07257
-0.1455
-0.3389
-0.3894
-0.1597
-0.1011
-0.06935
-0.04103
-0.04642
-0.1599
-0.2422
-0.2529
-0.4162
-0.4871
-0.7193
-0.2782
-0.07127
-0.0716
-0.05142
-0.1251
-0.3373
-0.3543
-0.1853
-0.04911
-0.01377
-0.04824
-0.1415
-0.1647
-0.2004
-0.1843
-0.2151
-0.3834
-0.6936
-0.3245
-0.1635
-0.1103
-0.09378
-0.1852
-0.3441
-0.2288
-0.04105
0.02566
-0.02071
-0.1018
-0.1026
-0.06136
-0.1992
-0.2159
-0.1476
-0.2422
-0.5018
-0.3833
-0.2825
-0.1755
-0.1996
-0.2943
-0.2659
-0.06726
0.05431
0.0262
-0.04114
-0.02887
-0.005786
-0.009678
-0.2622
-0.2433
-0.1346
-0.1659
-0.3695
-0.4219
-0.2567
-0.2079
-0.2794
-0.3159
-0.1352
0.02129
0.03936
-0.02137
0.01393
0.05159
0.06053
0.002876
-0.4535
-0.2831
-0.2019
-0.2593
-0.3666
-0.3342
-0.2662
-0.3043
-0.3965
-0.2866
-0.07998
-0.02334
-0.08724
-0.01196
0.05665
0.06959
0.05482
-0.03662
-0.5836
-0.3153
-0.2716
-0.3509
-0.3797
-0.321
-0.3276
-0.4573
-0.5122
-0.2907
-0.1702
-0.2574
-0.1225
-0.01277
0.03567
0.04004
0.01373
-0.1517
-0.3287
-0.2406
-0.2597
-0.3213
-0.2931
-0.2586
-0.3373
-0.5542
-0.5713
-0.4108
-0.4668
-0.2967
-0.1621
-0.07029
-0.02292
-0.01765
-0.1224
-0.3788
-0.1831
-0.1332
-0.1702
-0.1903
-0.1462
-0.1305
-0.2371
-0.4257
-0.5696
-0.639
-0.4198
-0.2787
-0.2144
-0.1444
-0.102
-0.1526
-0.3442
-0.2197
-0.06548
-0.07525
-0.127
-0.1312
-0.1007
-0.1374
-0.2791
-0.289
-0.3586
-0.3565
-0.3164
-0.323
-0.2818
-0.2067
-0.1992
-0.3416
-0.3616
-0.1615
-0.01622
-0.05688
-0.1201
-0.1305
-0.1516
-0.2924
-0.2676
-0.2888
-0.2857
-0.2558
-0.3047
-0.3611
-0.2695
-0.1835
-0.2536
-0.4484
-0.1854
-0.1977
0.02368
-0.02591
-0.09314
-0.1296
-0.2014
-0.2294
-0.212
-0.2041
-0.1585
-0.1789
-0.3101
-0.2994
-0.1281
-0.1275
-0.2697
-0.13
-0.09162
-0.3573
0.08322
0.04602
-0.009451
-0.05138
-0.177
-0.1118
-0.06618
-0.01894
0.003255
-0.06754
-0.2569
-0.1498
0.00588
-0.02662
-0.07349
0.02436
0.01827
-0.1279
0.1123
0.08224
0.02107
0.02139
0.01817
0.007529
0.05586
0.1136
0.1064
0.02604
-0.0888
0.01747
0.06461
0.03874
0.1001
0.1351
0.1439
0.07921
0.1204
0.07846
0.002947
-0.005537
0.0467
0.07417
0.1426
0.1811
0.1512
0.04874
0.008342
0.1269
0.08176
0.03123
0.1155
0.1693
0.1397
0.06492
0.1792
0.1436
0.07321
0.05856
0.07476
0.1232
0.1973
0.1934
0.1781
0.1117
0.07942
0.1524
0.09264
0.03384
0.07246
0.09366
0.02407
-0.005984
0.3059
0.2464
0.2055
0.2218
0.1781
0.2278
0.2786
0.2231
0.2348
0.1548
0.1718
0.1129
0.07786
0.05892
0.03808
-0.0312
-0.1063
-0.09627
0.707
0.5708
0.5695
0.4519
0.4245
0.5531
0.5463
0.4729
0.6617
0.3906
0.5805
0.2981
0.3336
0.2256
0.1943
0.1558
0.1402
0.1121
1.648
1.457
1.245
0.9393
0.9792
1.247
1.032
1.093
1.097
1.04
1.121
0.8798
1.209
0.7678
0.7281
0.7387
0.7454
0.7044
3.679
3.638
2.82
2.145
2.637
3.066
2.317
3.019
2.014
2.815
2.118
2.517
2.655
1.997
1.88
1.917
2.09
2.282
12.66
12.88
8.816
7.196
9.655
10.06
8.028
12.18
6.558
12.39
7.048
10.99
9.22
7.571
6.76
7.256
11.63
6.837
1.76e-15
5.894e-14
1.133e-15
-0
8.363e-14
3.884e-15
5.226e-15
9.594e-16
1.915e-15
-0
-0
-0
1.336e-14
6.377e-15
-0
1.175e-14
3.14e-15
1e-13
)
;
    }
    sym
    {
        type            symmetry;
    }
    procBoundary5to3
    {
        type            processor;
        value           nonuniform List<scalar> 
2829
(
764.7
2982
3569
3471
906.4
3060
3573
3489
1040
3141
3583
3506
1167
3225
3601
3528
1286
3304
3614
3548
1398
3379
3624
3567
1503
3451
3635
3587
1597
3517
3647
3609
1680
3575
3663
3634
1755
3627
3689
3667
1821
3664
3703
3697
1882
3688
3700
3713
1939
3680
3688
3719
1988
3655
3663
3712
2032
3617
3626
3699
2072
3568
3579
3679
2096
3498
3494
3619
2120
3425
3396
3533
2142
3351
3294
3425
2159
3274
3187
3292
2176
3199
3079
3153
2187
3124
2966
2998
2188
3048
2830
2821
2212
2994
2714
2660
2257
2915
2606
2505
2290
2859
2499
2373
2299
2760
2411
2217
2327
2659
2416
2104
2349
2571
2410
2023
2349
2501
2328
1990
2328
2461
2246
1982
2293
2439
2182
1980
2239
2427
2145
1984
2251
2435
2142
2009
2329
2462
2178
2060
2418
2496
2269
2174
2503
2526
2281
2161
2563
1639
916.1
111.9
2602
1692
974.8
178.8
2641
1745
1033
245.6
2683
1800
1093
312.3
2725
1855
1152
378.7
2767
1910
1211
445.6
2811
1968
1272
512.8
2858
2028
1335
580.7
2910
2092
1400
649.6
2970
2163
1471
721.1
3035
2242
1548
795.7
3092
2317
1624
869.1
3146
2392
1702
944.3
3192
2465
1781
1021
3234
2539
1864
1102
3276
2620
1958
1192
3291
2690
2053
1287
3278
2738
2136
1377
3243
2770
2211
1467
3186
2784
2277
1556
3117
2786
2338
1647
3029
2767
2387
1736
2913
2711
2405
1809
2792
2638
2402
1866
2646
2548
2377
1904
2517
2472
2365
1963
2331
2308
2242
1898
2213
2214
2189
1901
2135
2166
2181
1950
2020
2073
2113
1929
1936
2020
2086
1950
1881
1987
2073
1985
1865
1981
2086
2046
1894
2011
2140
2153
1969
2095
2257
2334
2146
2309
2523
2677
2149
2306
2522
2701
-3452
-3494
-3529
-3555
-3613
-3697
-3770
-3827
-3856
-3849
-3758
-3551
-3262
-2943
-2654
-2406
-2243
-2428
-2513
-2564
-2554
-2514
-2553
-2602
-2766
-2603
-2352
-2030
-1677
-1392
-1462
-1676
-1885
-1949
-1946
-1850
-1674
-1442
-1181
-933
-665
-382.4
-58.49
179.9
-491.3
-795.4
-1462
-1840
-2168
-2438
-2669
-2858
-3009
-3129
-3222
-3294
-3361
-3414
-3458
-3495
-3524
-3582
-3666
-3741
-3801
-3834
-3833
-3752
-3555
-3273
-2952
-2646
-2395
-2148
-2344
-2455
-2530
-2543
-2514
-2555
-2578
-2761
-2635
-2425
-2130
-1791
-1453
-1313
-1467
-1705
-1807
-1841
-1786
-1646
-1439
-1190
-941.7
-668.5
-375.6
-35.69
218
-422.7
-730.9
-1392
-1769
-2098
-2369
-2605
-2797
-2953
-3078
-3175
-3250
-3319
-3374
-3420
-3459
-3490
-3548
-3631
-3707
-3769
-3806
-3811
-3741
-3558
-3286
-2969
-2653
-2400
-2088
-2243
-2386
-2483
-2517
-2502
-2536
-2540
-2730
-2644
-2479
-2224
-1909
-1577
-1289
-1267
-1487
-1623
-1693
-1681
-1583
-1412
-1186
-942.8
-668.4
-367.9
-14.1
253
-353.8
-666.5
-1322
-1698
-2027
-2299
-2539
-2735
-2896
-3025
-3126
-3204
-3276
-3333
-3381
-3421
-3453
-3511
-3593
-3667
-3730
-3771
-3782
-3724
-3558
-3301
-2991
-2673
-2405
-2090
-2135
-2309
-2421
-2477
-2475
-2498
-2490
-2671
-2620
-2505
-2303
-2029
-1716
-1416
-1181
-1257
-1419
-1504
-1527
-1473
-1347
-1155
-924.9
-655.7
-354.1
6.733
280.6
-284.9
-602.6
-1251
-1627
-1955
-2228
-2472
-2672
-2837
-2970
-3075
-3157
-3231
-3290
-3339
-3380
-3414
-3470
-3549
-3622
-3686
-3729
-3746
-3701
-3553
-3315
-3017
-2699
-2411
-2101
-2024
-2218
-2343
-2421
-2434
-2444
-2430
-2583
-2560
-2493
-2350
-2132
-1855
-1564
-1302
-1144
-1170
-1277
-1351
-1329
-1241
-1087
-878.4
-624.7
-333.2
22.19
293.6
-215.8
-538.8
-1179
-1554
-1882
-2155
-2402
-2607
-2777
-2915
-3024
-3110
-3187
-3248
-3299
-3341
-3375
-3429
-3504
-3574
-3636
-3681
-3702
-3670
-3542
-3327
-3047
-2738
-2436
-2146
-1899
-2089
-2237
-2338
-2373
-2376
-2367
-2461
-2457
-2424
-2341
-2193
-1976
-1716
-1463
-1251
-1144
-1065
-1102
-1128
-1104
-996.4
-813.6
-579.6
-302.6
38.62
303.4
-146.3
-474.9
-1107
-1480
-1806
-2079
-2329
-2538
-2712
-2855
-2970
-3061
-3140
-3204
-3256
-3300
-3334
-3386
-3456
-3522
-3582
-3627
-3651
-3631
-3524
-3334
-3076
-2782
-2485
-2196
-1943
-1940
-2116
-2233
-2292
-2300
-2292
-2309
-2321
-2304
-2265
-2184
-2040
-1835
-1605
-1378
-1232
-1109
-1007
-969.5
-929.4
-848.5
-680.2
-469.2
-219.4
96.27
342
-76.59
-411.2
-1034
-1404
-1728
-2000
-2253
-2466
-2644
-2791
-2911
-3006
-3088
-3155
-3209
-3253
-3288
-3337
-3402
-3465
-3522
-3566
-3592
-3584
-3500
-3336
-3105
-2831
-2543
-2244
-2001
-1811
-1974
-2105
-2188
-2208
-2196
-2139
-2168
-2146
-2131
-2101
-2028
-1895
-1715
-1498
-1332
-1187
-1073
-932.8
-838.6
-737
-559.4
-350.1
-116.1
166.6
396.4
-6.641
-347.5
-960.7
-1328
-1649
-1919
-2175
-2389
-2571
-2722
-2846
-2946
-3032
-3101
-3157
-3202
-3237
-3283
-3344
-3402
-3455
-3499
-3526
-3528
-3464
-3327
-3125
-2876
-2605
-2312
-2067
-1880
-1801
-1953
-2060
-2097
-2084
-1976
-2004
-1969
-1956
-1952
-1931
-1868
-1753
-1582
-1424
-1279
-1151
-1009
-815.4
-671.9
-490.7
-260.1
-28.59
232.7
448.5
63.35
-284.3
-888.7
-1254
-1571
-1839
-2095
-2311
-2495
-2649
-2777
-2880
-2969
-3041
-3099
-3145
-3181
-3224
-3280
-3334
-3383
-3424
-3452
-3462
-3415
-3304
-3132
-2912
-2662
-2380
-2133
-1933
-1792
-1785
-1904
-1968
-1967
-1862
-1844
-1798
-1775
-1774
-1777
-1762
-1709
-1603
-1477
-1351
-1235
-1107
-883.8
-677.2
-455.3
-193.1
36.71
296
494.1
134.1
-221
-817.4
-1179
-1493
-1757
-2013
-2229
-2414
-2571
-2701
-2809
-2901
-2975
-3035
-3083
-3118
-3159
-3211
-3259
-3304
-3342
-3368
-3384
-3352
-3266
-3124
-2934
-2711
-2450
-2210
-2007
-1852
-1753
-1753
-1817
-1836
-1767
-1696
-1652
-1618
-1607
-1612
-1618
-1603
-1557
-1473
-1383
-1299
-1178
-913.8
-701.6
-419.2
-133.2
96.64
354.8
538.8
205.1
-158
-749.3
-1109
-1419
-1680
-1934
-2149
-2333
-2491
-2624
-2734
-2829
-2905
-2967
-3015
-3052
-3091
-3138
-3182
-3222
-3256
-3279
-3296
-3274
-3205
-3087
-2925
-2729
-2491
-2263
-2064
-1905
-1787
-1714
-1684
-1709
-1651
-1586
-1549
-1512
-1494
-1495
-1506
-1512
-1505
-1459
-1403
-1351
-1194
-921.1
-662.9
-343.7
-86.41
154.1
403.5
602
274.9
-95.56
-682.5
-1040
-1346
-1602
-1854
-2066
-2250
-2407
-2541
-2653
-2750
-2829
-2892
-2941
-2978
-3015
-3059
-3098
-3133
-3163
-3184
-3202
-3187
-3134
-3038
-2903
-2734
-2521
-2310
-2118
-1956
-1831
-1738
-1681
-1638
-1590
-1537
-1489
-1446
-1416
-1406
-1413
-1426
-1438
-1421
-1404
-1331
-1083
-860.3
-544.8
-249.4
-6.358
224.7
483.8
688.7
346
-31.16
-615.3
-970.3
-1273
-1524
-1772
-1982
-2163
-2319
-2453
-2566
-2665
-2745
-2809
-2860
-2897
-2932
-2972
-3007
-3038
-3064
-3082
-3099
-3090
-3049
-2972
-2861
-2718
-2532
-2341
-2159
-1999
-1870
-1768
-1699
-1650
-1599
-1543
-1479
-1425
-1384
-1359
-1351
-1354
-1364
-1363
-1326
-1159
-935
-658
-364.2
-127.5
88.03
302.1
555.8
758.9
418.6
35.48
-547.7
-901.1
-1200
-1447
-1690
-1895
-2073
-2228
-2360
-2473
-2573
-2654
-2719
-2770
-2807
-2841
-2878
-2909
-2936
-2958
-2972
-2988
-2982
-2950
-2889
-2797
-2678
-2518
-2348
-2181
-2028
-1900
-1794
-1722
-1672
-1633
-1583
-1522
-1461
-1403
-1355
-1322
-1303
-1294
-1254
-1124
-917.2
-679.4
-419.6
-197.8
-6.669
173.3
362.1
594.6
789
494.3
105.1
-480.3
-833.3
-1129
-1371
-1610
-1809
-1983
-2133
-2263
-2375
-2474
-2555
-2620
-2671
-2709
-2742
-2775
-2803
-2826
-2844
-2855
-2868
-2863
-2837
-2787
-2712
-2613
-2476
-2328
-2177
-2036
-1913
-1807
-1734
-1690
-1668
-1639
-1597
-1530
-1447
-1346
-1249
-1170
-1093
-972
-804.5
-588.1
-364
-171.1
-13.6
120.7
245
378.5
560.9
735.2
576.4
180.8
-410.9
-765
-1058
-1295
-1528
-1721
-1888
-2034
-2159
-2269
-2367
-2447
-2511
-2562
-2600
-2632
-2663
-2688
-2708
-2722
-2730
-2739
-2734
-2712
-2670
-2607
-2523
-2407
-2277
-2144
-2015
-1901
-1799
-1728
-1690
-1680
-1671
-1633
-1600
-1498
-1345
-1192
-1037
-875.3
-691.9
-495.3
-303
-136.9
-5.338
90.5
171.2
252
349.3
501.7
671.7
663.8
262.3
-342.3
-701.3
-994.8
-1230
-1457
-1643
-1804
-1942
-2061
-2164
-2259
-2335
-2397
-2445
-2482
-2512
-2541
-2564
-2581
-2593
-2598
-2604
-2599
-2578
-2541
-2487
-2415
-2314
-2200
-2081
-1964
-1859
-1765
-1696
-1664
-1660
-1668
-1629
-1584
-1430
-1245
-1066
-879.5
-685.2
-489
-300.5
-132.4
-4.871
73.24
129.6
209
302.7
422.6
623.3
866.8
751.2
346.6
-270.8
-634.5
-928.6
-1161
-1382
-1561
-1714
-1844
-1956
-2054
-2143
-2215
-2273
-2319
-2353
-2382
-2408
-2428
-2443
-2452
-2455
-2459
-2452
-2433
-2401
-2353
-2292
-2204
-2104
-1998
-1892
-1795
-1705
-1639
-1611
-1618
-1650
-1601
-1554
-1357
-1164
-968.3
-768.3
-561.8
-364.8
-186.6
-46.93
22.19
72.51
159.4
287.3
450.2
658.9
972.6
1280
844.4
439.6
-190.8
-560
-855.5
-1086
-1301
-1473
-1618
-1741
-1845
-1936
-2019
-2086
-2140
-2183
-2214
-2240
-2264
-2281
-2293
-2300
-2301
-2302
-2295
-2277
-2248
-2206
-2152
-2075
-1986
-1891
-1794
-1704
-1619
-1555
-1532
-1554
-1602
-1557
-1484
-1271
-1086
-896.3
-702.1
-504.5
-321.3
-162.5
-60.79
2.998
90.9
231.4
415.4
660.8
936.2
1299
1623
942.1
540.8
-102.6
-478.1
-776.1
-1005
-1215
-1380
-1518
-1632
-1728
-1811
-1888
-1949
-1997
-2035
-2063
-2086
-2107
-2121
-2130
-2135
-2134
-2134
-2126
-2109
-2082
-2045
-1997
-1929
-1850
-1763
-1674
-1590
-1509
-1447
-1427
-1459
-1507
-1471
-1374
-1178
-1013
-848.8
-680.9
-508.6
-349.7
-200.7
-68.94
56.11
181.3
377.2
605
883.7
1179
1547
1874
1046
651.8
-4.895
-387.6
-689.3
-917.6
-1123
-1281
-1410
-1516
-1603
-1677
-1747
-1801
-1843
-1876
-1899
-1919
-1936
-1947
-1954
-1956
-1955
-1953
-1945
-1928
-1904
-1870
-1828
-1768
-1696
-1617
-1535
-1456
-1378
-1315
-1292
-1323
-1345
-1319
-1230
-1061
-931.5
-803.9
-681.4
-551.6
-407.9
-237.8
-49.12
144.5
307.4
523.9
785.7
1059
1358
1705
2023
1156
774.2
105.6
-285.1
-592.1
-821.4
-1022
-1174
-1295
-1392
-1470
-1535
-1596
-1642
-1677
-1703
-1721
-1736
-1750
-1758
-1762
-1762
-1760
-1758
-1749
-1734
-1712
-1683
-1646
-1594
-1530
-1459
-1383
-1309
-1233
-1169
-1136
-1143
-1128
-1096
-1039
-900.4
-808.3
-727.1
-649.3
-563.3
-435.2
-244.2
5.076
270.5
472.4
658.7
931
1187
1473
1792
2091
1263
905.2
230.4
-167.5
-481.2
-713.8
-911.3
-1058
-1173
-1261
-1330
-1385
-1437
-1473
-1500
-1518
-1529
-1539
-1548
-1552
-1552
-1550
-1546
-1544
-1536
-1523
-1505
-1480
-1450
-1406
-1352
-1289
-1221
-1151
-1079
-1013
-967.8
-941.1
-897.5
-850.6
-814
-710.2
-645.7
-601.1
-562.3
-501.2
-387.3
-190.2
105.3
427.6
660
803.3
1097
1346
1619
1923
2226
1362
1039
368.9
-31.21
-349.6
-585.2
-779.9
-922.4
-1031
-1113
-1173
-1220
-1262
-1290
-1309
-1319
-1323
-1327
-1330
-1329
-1325
-1320
-1314
-1310
-1303
-1291
-1276
-1256
-1231
-1196
-1151
-1096
-1035
-971.9
-904.1
-838.1
-785.8
-736.6
-679
-600.9
-560.4
-502.4
-453.2
-433.5
-420.3
-382.5
-276.1
-72.37
260.4
636.1
901.3
993.4
1311
1554
1828
2159
2493
1451
1172
521.2
125.3
-195
-433.1
-625.3
-764.4
-868.2
-944
-997.3
-1036
-1070
-1090
-1101
-1104
-1102
-1099
-1096
-1090
-1081
-1072
-1063
-1057
-1049
-1038
-1025
-1010
-990.8
-964.7
-928.4
-883.3
-830.7
-774.1
-712.4
-650.1
-594.5
-533.6
-458.5
-352.1
-292.2
-253.7
-221.6
-215.1
-212.7
-187.6
-88.33
113.4
474.7
896.3
1203
1285
1575
1837
2144
2508
2842
1571
1348
729.1
343.4
22.24
-220.2
-412.1
-550.5
-652.5
-725.2
-774.3
-807.9
-835.4
-849.5
-854.3
-851.6
-843.3
-835
-826.3
-814.4
-800.8
-787.2
-774.4
-766.2
-756.5
-745.7
-734.1
-722.3
-709.2
-691.4
-665.1
-630.6
-588.5
-541.2
-488.9
-435.1
-382.4
-319.9
-219.4
-83
-6.067
40.91
63.84
66.37
63.39
88.34
189.7
387.1
750.6
1206
1557
1630
1926
2239
2574
2949
3265
1563
1401
834.7
475.5
166.2
-70.97
-256.8
-390.4
-487.1
-554
-596.6
-622.9
-642.3
-648.7
-646
-635.7
-619.9
-603.8
-587.5
-568.4
-548.2
-528.6
-510.9
-498.2
-485.7
-474.2
-464.1
-456.2
-449.5
-440.8
-425.7
-403.3
-373
-335.6
-291.8
-243.8
-191.2
-122.8
6.237
170.8
254.3
335.1
359.4
360.1
366.6
392.3
491.4
687.4
1051
1541
1942
2027
2420
2744
3055
3387
3648
1625
1529
1024
699.4
406.1
174
-7.716
-139.8
-235.5
-301.4
-342.4
-366.2
-381.4
-384.2
-377.7
-363.4
-343.4
-322.4
-300.4
-275.7
-250.3
-225.8
-204.2
-186.8
-170.9
-157.7
-148.1
-143.1
-141.6
-140.2
-135.2
-125.2
-108.3
-83.8
-52.26
-14.57
32.81
101.8
239.9
423.4
536.7
624
674.3
680
697.2
736.9
852.8
1061
1428
1942
2379
2461
2856
3151
3445
3763
4013
1734
1697
1260
974.4
701
474.9
296
163.1
65.61
-2.386
-45.24
-70
-83.97
-85.96
-78.38
-62.55
-40.7
-16.34
10.33
39.32
69.11
97.66
122.5
145.2
165
180.4
190.4
193.6
191.1
187.9
184.9
184.1
187.9
198.2
214.2
236.1
270.6
330.4
462.5
664.7
811
888.2
980.1
1025
1048
1102
1238
1459
1822
2347
2804
2879
3185
3474
3765
4092
4357
1768
1790
1434
1204
966.5
759.1
590.4
462
366.5
299.2
256.5
232.3
220.5
220.2
229.6
247.6
272
300.5
332.5
366.3
400.6
433.2
460.9
488.8
512.4
529.4
538.9
539.2
531.8
524
513.1
501.6
492.6
488.7
489.3
495.7
517.4
568.6
691
917.3
1113
1163
1297
1367
1403
1452
1593
1817
2166
2695
3182
3272
3497
3785
4071
4399
4674
1845
1924
1654
1488
1295
1113
958.1
836.2
743.4
676.4
632.9
607.6
596.9
596.7
606.5
625.4
650.8
682.3
719
756.8
794.6
830.2
859.4
892.6
919.7
938.1
946.7
943.6
930.8
919.6
901.6
879.7
857.4
837.9
820.7
807.2
810
845.1
947.4
1192
1439
1485
1642
1739
1793
1831
1964
2180
2507
3034
3553
3679
3825
4116
4394
4718
4997
1937
2070
1891
1797
1660
1515
1381
1272
1186
1122
1079
1053
1043
1044
1054
1073
1099
1133
1175
1216
1256
1294
1323
1361
1391
1410
1416
1409
1389
1375
1350
1317
1281
1245
1209
1173
1154
1169
1254
1505
1798
1904
2012
2133
2200
2243
2353
2553
2854
3370
3914
4095
4169
4467
4733
5044
5318
2055
2240
2156
2141
2071
1977
1875
1786
1713
1656
1616
1591
1584
1584
1595
1615
1640
1676
1722
1766
1807
1845
1871
1914
1946
1964
1966
1952
1925
1908
1877
1834
1785
1732
1675
1616
1572
1563
1627
1872
2216
2387
2409
2557
2629
2664
2763
2934
3213
3707
4269
4512
4533
4839
5089
5381
5639
2223
2463
2476
2547
2557
2529
2472
2416
2364
2320
2285
2261
2256
2257
2267
2286
2308
2346
2394
2438
2479
2514
2535
2581
2614
2629
2627
2605
2568
2552
2516
2464
2403
2333
2258
2175
2104
2068
2107
2332
2730
2973
2850
3020
3074
3085
3168
3297
3544
4009
4593
4915
4912
5229
5454
5708
5938
2467
2761
2874
3033
3133
3191
3191
3179
3159
3134
3108
3090
3089
3093
3106
3126
3149
3188
3242
3288
3329
3363
3378
3430
3464
3477
3469
3438
3389
3371
3325
3260
3179
3087
2985
2867
2755
2675
2671
2834
3241
3504
3409
3627
3680
3664
3724
3850
4083
4519
5106
5449
5097
5377
5608
5875
6135
2882
3234
3444
3689
3875
4062
4146
4214
4253
4267
4255
4231
4222
4223
4229
4241
4251
4281
4329
4366
4397
4421
4420
4478
4516
4530
4521
4487
4436
4433
4395
4333
4251
4148
4027
3871
3699
3540
3445
3498
3860
4157
4016
4262
4305
4242
4263
4360
4574
4994
5545
5942
5640
5496
5717
5980
6267
2906
3249
3491
3776
4022
4319
4678
4940
5150
5319
5468
5525
5515
5492
5466
5439
5404
5396
5412
5417
5419
5416
5390
5456
5506
5534
5544
5532
5507
5554
5556
5523
5454
5345
5193
4973
4700
4414
4177
4082
4245
4495
4359
4678
4712
4557
4532
4651
4862
5242
5763
6153
5929
5416
5661
5933
6257
507.3
853.6
1170
1591
556.8
906
1218
1634
597.1
939.9
1241
1644
620
949.4
1237
1614
619.6
926.3
1193
1550
613.1
901.4
1155
1486
625.7
896
1133
1442
659.3
897.7
1120
1407
687.3
907.3
1116
1384
718.3
927.8
1126
1382
763.9
966.7
1162
1435
829.8
1046
1272
1579
925
1167
1418
1786
1007
1277
1574
1944
1052
1338
1607
1931
996.2
1244
1447
1678
895.5
1109
1364
1739
1171
1474
1754
2082
1594
1883
2138
2446
1939
2218
2468
2763
2191
2456
2694
2971
2325
2573
2793
3043
2374
2607
2823
3059
2522
2767
2993
3237
2782
3027
3243
3485
3122
3355
3579
3803
3516
3722
3915
4145
3857
4018
4196
4373
4209
4367
4538
4703
4563
4732
4893
5051
4885
5042
5207
5349
5206
5352
5504
5626
5518
5655
5767
5900
5823
5933
6039
6108
6099
6178
6253
6290
6320
6414
6494
6547
6480
6587
6670
6718
6509
6639
6760
6842
2060
2557
3100
3623
4585
4042
2087
2564
3078
3561
4562
4042
2073
2522
3000
3454
4495
3997
2009
2433
2885
3329
4382
3932
1921
2328
2765
3198
4274
3869
1839
2231
2653
3095
4169
3813
1772
2148
2548
3036
3996
3815
1717
2072
2470
2984
3935
3972
1679
2030
2456
3072
4126
4566
1686
2067
2576
3401
4609
5107
1779
2254
2930
3829
4887
5167
2014
2588
3285
3952
4949
5735
2263
2824
3323
3770
5355
5741
2400
2782
2996
3899
5236
5174
2245
2369
3019
3638
4862
4489
1876
2378
2889
3509
4678
4429
2156
2595
3147
3794
4874
4736
2448
2876
3415
4056
5093
5019
2795
3206
3734
4331
5347
5273
3093
3492
3969
4554
5517
5462
3282
3658
4121
4681
5550
5562
3332
3689
4133
4678
5482
5546
3353
3706
4139
4677
5420
5515
3534
3889
4326
4854
5549
5651
3791
4139
4569
5071
5717
5814
4101
4434
4837
5297
5876
5952
4407
4722
5080
5463
5964
5977
4624
4914
5212
5960
6677
6617
4941
5211
5462
6449
7167
7105
5275
5520
5738
6630
7397
7400
5549
5762
5947
6718
7550
7656
5790
5966
6113
6721
7622
7877
6003
6135
6242
6641
7614
8053
6187
6273
6346
6500
7550
8170
6326
6365
6411
6400
7477
8258
6548
6565
6607
6632
7201
8120
6727
6728
6774
6876
6950
7972
6856
6866
6923
7088
7098
7782
)
;
    }
    procBoundary5to4
    {
        type            processor;
        value           nonuniform List<scalar> 
1401
(
763.5
2978
3593
3501
910.3
3055
3624
3559
1059
3136
3654
3616
1209
3221
3680
3667
1360
3309
3706
3717
1509
3400
3729
3762
1656
3495
3758
3811
1801
3592
3792
3862
1942
3689
3829
3908
2079
3787
3863
3948
2212
3885
3895
3982
2334
3978
3921
4005
2452
4059
3958
4034
2565
4135
4003
4069
2670
4206
4045
4099
2767
4274
4084
4125
2858
4338
4116
4139
2932
4389
4134
4134
2590
1656
922.8
104.5
2663
1733
997.1
172.3
2739
1816
1077
246.3
2815
1901
1161
325.3
2890
1987
1248
407.7
2963
2073
1336
492.7
3039
2163
1429
582.7
3117
2256
1525
676.5
3191
2346
1621
771.5
3261
2434
1716
867.2
3322
2516
1806
960.3
3372
2587
1889
1049
3424
2660
1971
1138
3478
2732
2053
1227
3526
2799
2131
1313
3568
2860
2203
1395
3597
2907
2263
1467
3604
2935
2307
1527
-3450
-3490
-3525
-3552
-3615
-3709
-3791
-3858
-3896
-3897
-3815
-3610
-3320
-3000
-2719
-2472
-2350
-2547
-2630
-2669
-2643
-2597
-2649
-2714
-2786
-2632
-2367
-2022
-1648
-1329
-1418
-1678
-1916
-1992
-1988
-1881
-1693
-1451
-1191
-951.7
-691.4
-418.8
-111.1
119.5
-509
-816.9
-1493
-1874
-2204
-2473
-2702
-2886
-3033
-3147
-3234
-3301
-3367
-3367
-3381
-3425
-3489
-3519
-3588
-3690
-3783
-3862
-3914
-3930
-3866
-3673
-3387
-3062
-2771
-2516
-2362
-2591
-2690
-2741
-2715
-2668
-2681
-2741
-2789
-2678
-2446
-2115
-1750
-1396
-1280
-1532
-1822
-1937
-1963
-1879
-1706
-1474
-1218
-980.7
-720.7
-446.7
-138.3
104.8
-450.2
-766.2
-1447
-1833
-2165
-2435
-2666
-2851
-2998
-3112
-3197
-3263
-3329
-3381
-3425
-3425
-3427
-3461
-3558
-3668
-3771
-3861
-3926
-3955
-3909
-3730
-3449
-3123
-2822
-2570
-2384
-2635
-2745
-2802
-2769
-2707
-2656
-2720
-2770
-2701
-2510
-2203
-1849
-1514
-1271
-1434
-1776
-1905
-1946
-1876
-1714
-1490
-1239
-1004
-745.7
-472.1
-163.2
93.55
-385
-709.1
-1395
-1785
-2121
-2393
-2626
-2812
-2959
-3073
-3157
-3222
-3288
-3341
-3386
-3427
-3461
-3461
-3501
-3618
-3753
-3854
-3931
-3975
-3949
-3785
-3512
-3186
-2878
-2629
-2405
-2672
-2791
-2853
-2810
-2726
-2602
-2661
-2725
-2702
-2562
-2291
-1958
-1649
-1388
-1438
-1787
-1896
-1932
-1867
-1715
-1500
-1253
-1023
-768.9
-498.6
-191.1
77.59
-314.5
-646.9
-1338
-1733
-2072
-2347
-2582
-2770
-2918
-3031
-3115
-3179
-3245
-3298
-3344
-3386
-3422
-3501
-3618
-3618
-3708
-3820
-3932
-3991
-3985
-3839
-3576
-3251
-2936
-2691
-2425
-2696
-2830
-2901
-2848
-2733
-2535
-2566
-2655
-2676
-2593
-2365
-2061
-1775
-1554
-1518
-1844
-1910
-1926
-1855
-1709
-1502
-1263
-1037
-791.8
-528.8
-225.6
50.82
-240.2
-581.1
-1278
-1678
-2020
-2298
-2536
-2725
-2874
-2987
-3071
-3134
-3201
-3254
-3301
-3344
-3382
-3464
-3588
-3708
-3820
-3820
-3909
-3987
-4019
-3891
-3639
-3317
-2992
-2748
-2420
-2699
-2872
-2957
-2895
-2739
-2465
-2447
-2573
-2638
-2615
-2435
-2165
-1902
-1742
-1622
-1930
-1947
-1930
-1846
-1700
-1502
-1271
-1054
-820.8
-570.1
-276.1
0.9265
-162.8
-512.2
-1214
-1619
-1966
-2247
-2487
-2678
-2828
-2943
-3025
-3088
-3155
-3209
-3256
-3300
-3339
-3425
-3554
-3681
-3803
-3909
-3987
-3987
-4045
-3954
-3721
-3405
-3073
-2820
-2450
-2667
-2896
-3003
-2947
-2757
-2421
-2300
-2462
-2563
-2608
-2495
-2278
-2048
-1938
-1789
-2021
-1974
-1913
-1812
-1672
-1491
-1278
-1076
-862
-629.7
-349.5
-79.73
-80.66
-439.4
-1146
-1558
-1909
-2193
-2436
-2630
-2781
-2897
-2980
-3042
-3109
-3163
-3210
-3254
-3294
-3382
-3515
-3648
-3778
-3897
-3991
-4045
-3954
-3954
-3806
-3505
-3158
-2889
-2510
-2644
-2917
-3041
-2999
-2784
-2411
-2167
-2342
-2465
-2569
-2525
-2371
-2187
-2122
-2004
-2129
-1995
-1878
-1755
-1618
-1458
-1272
-1091
-903.7
-696.3
-435.8
-182.1
5.475
-363.1
-1076
-1494
-1850
-2138
-2384
-2580
-2734
-2851
-2935
-2997
-3065
-3119
-3167
-3211
-3250
-3339
-3474
-3611
-3748
-3877
-3986
-4067
-4007
-3806
-3505
-3505
-3254
-2965
-2586
-2636
-2944
-3082
-3058
-2831
-2446
-2056
-2216
-2360
-2510
-2529
-2438
-2308
-2291
-2211
-2243
-2008
-1835
-1688
-1549
-1410
-1253
-1100
-941.9
-762.9
-525.2
-293.1
93.65
-284.9
-1003
-1428
-1789
-2081
-2331
-2530
-2687
-2805
-2891
-2955
-3023
-3078
-3125
-3169
-3208
-3297
-3433
-3572
-3714
-3851
-3972
-4079
-4049
-3875
-3589
-3254
-2965
-2965
-2689
-2631
-2968
-3120
-3127
-2911
-2534
-2008
-2077
-2256
-2438
-2513
-2484
-2411
-2446
-2378
-2329
-2001
-1783
-1613
-1474
-1352
-1226
-1102
-974.1
-824.4
-610.6
-402.8
183.1
-205.7
-929.2
-1360
-1727
-2024
-2278
-2480
-2640
-2761
-2849
-2914
-2984
-3039
-3086
-3129
-3168
-3255
-3391
-3531
-3676
-3820
-3950
-4082
-4083
-3938
-3674
-3345
-3047
-2689
-2689
-2654
-3033
-3155
-3201
-3016
-2644
-2083
-1965
-2175
-2375
-2493
-2519
-2500
-2585
-2474
-2365
-1977
-1729
-1542
-1400
-1292
-1193
-1095
-995.6
-872.8
-681.9
-497.8
271.5
-127.3
-854.8
-1292
-1664
-1967
-2225
-2431
-2595
-2719
-2809
-2877
-2948
-3004
-3051
-3094
-3131
-3217
-3352
-3491
-3638
-3786
-3924
-4078
-4109
-3995
-3754
-3437
-3131
-2790
-2654
-3033
-3033
-3266
-3371
-3145
-2777
-2208
-1912
-2109
-2322
-2475
-2545
-2570
-2685
-2510
-2355
-1955
-1691
-1489
-1340
-1238
-1158
-1081
-1002
-900.7
-729.8
-567.3
357.6
-50.27
-780.5
-1223
-1601
-1909
-2172
-2383
-2551
-2679
-2773
-2843
-2916
-2973
-3020
-3062
-3098
-3182
-3314
-3452
-3598
-3750
-3893
-4068
-4128
-4046
-3832
-3529
-3218
-2891
-2644
-3039
-3266
-3371
-3371
-3379
-3030
-2429
-1900
-2029
-2280
-2472
-2592
-2662
-2776
-2561
-2304
-1922
-1656
-1452
-1303
-1208
-1144
-1084
-1019
-929.3
-768.5
-616.6
444.2
26.87
-705.5
-1154
-1538
-1852
-2120
-2336
-2509
-2643
-2741
-2815
-2890
-2949
-2997
-3039
-3073
-3153
-3281
-3415
-3560
-3711
-3858
-4051
-4141
-4096
-3916
-3637
-3330
-3010
-2675
-2996
-3287
-3450
-3379
-3030
-3030
-2762
-2176
-1984
-2259
-2476
-2640
-2754
-2864
-2611
-2265
-1897
-1636
-1436
-1292
-1205
-1156
-1111
-1056
-968.7
-806.4
-651.4
530.9
103.8
-630.4
-1085
-1474
-1795
-2068
-2290
-2469
-2608
-2712
-2792
-2870
-2931
-2980
-3023
-3056
-3133
-3255
-3385
-3525
-3675
-3821
-4027
-4143
-4133
-3989
-3738
-3442
-3118
-2782
-2956
-3302
-3506
-3517
-3240
-2762
-2176
-2176
-2069
-2294
-2478
-2680
-2846
-2942
-2653
-2228
-1886
-1633
-1439
-1301
-1225
-1191
-1163
-1113
-1018
-839
-667.1
615.4
179.2
-555.9
-1016
-1410
-1737
-2016
-2244
-2429
-2576
-2686
-2772
-2854
-2917
-2969
-3011
-3044
-3117
-3235
-3359
-3494
-3639
-3783
-3998
-4135
-4156
-4048
-3826
-3545
-3209
-2894
-2933
-3320
-3549
-3638
-3444
-3021
-2479
-2069
-2294
-2294
-2602
-2866
-2967
-2902
-2611
-2198
-1894
-1659
-1475
-1346
-1282
-1270
-1268
-1239
-1127
-880.7
-644.3
697.4
252.5
-482.3
-947
-1347
-1680
-1965
-2200
-2392
-2546
-2664
-2756
-2842
-2910
-2963
-3007
-3039
-3109
-3221
-3339
-3467
-3606
-3744
-3963
-4117
-4167
-4094
-3905
-3644
-3298
-3014
-2906
-3323
-3569
-3730
-3631
-3288
-2822
-2364
-2315
-2602
-2866
-2866
-2850
-2601
-2511
-2192
-1938
-1728
-1557
-1440
-1393
-1414
-1487
-1444
-1267
-963.3
-674.9
772.4
320.9
-411.3
-879.3
-1284
-1624
-1915
-2156
-2357
-2519
-2646
-2746
-2838
-2909
-2966
-3012
-3043
-3110
-3217
-3328
-3449
-3581
-3710
-3930
-4095
-4169
-4128
-3971
-3734
-3384
-3131
-2864
-3302
-3567
-3788
-3782
-3526
-3123
-2708
-2485
-2608
-2830
-2850
-2601
-2601
-2298
-2118
-2047
-1857
-1687
-1566
-1528
-1593
-1641
-1612
-1369
-1024
-756.2
838.5
383.7
-343
-812.9
-1222
-1567
-1865
-2114
-2323
-2495
-2631
-2739
-2837
-2914
-2974
-3021
-3052
-3116
-3217
-3320
-3433
-3556
-3675
-3891
-4064
-4159
-4148
-4025
-3816
-3472
-3224
-2931
-3257
-3560
-3826
-3909
-3743
-3406
-3035
-2775
-2752
-2803
-2732
-2519
-2298
-2118
-2118
431
768
1081
1489
424.4
759.8
1071
1470
421.1
756.1
1075
1464
411.8
749.1
1067
1445
389.6
725.4
1036
1402
337.5
664.5
962.3
1314
248.9
564
845.7
1185
133.4
433.1
698.2
1027
7.003
291.6
539.4
864.4
-117.7
152.6
385
706.9
-227.9
28.05
250.7
563.5
-314.1
-71.41
141.4
440.8
-374
-140.2
65.08
353.1
-408.3
-179.1
27.23
291.4
-415.6
-181.9
21.12
274.1
-402.8
-187.6
5.989
248.9
-435.3
-220.8
-31.78
215.1
-509.1
-285.9
-81.36
179.2
1942
2437
2973
3530
4478
3925
1909
2392
2906
3460
4416
3906
1887
2358
2857
3413
4366
3918
1856
2310
2802
3366
4311
3945
1801
2241
2737
3311
4249
3957
1700
2125
2627
3189
4121
3828
1563
1976
2486
2995
3973
4000
1399
1803
2311
2726
3835
4010
1228
1623
2108
2415
3925
4025
1060
1441
1886
2146
4045
4074
901.2
1257
1651
1979
4120
4156
759.2
1084
1440
1930
4091
4219
641.3
922
1318
1961
4083
4329
566.3
886.2
1314
2026
4138
4433
549.8
883.8
1342
2088
4210
4527
525.8
884.8
1378
2165
4287
4636
506.3
889.9
1411
2248
4366
4764
491.7
903.5
1453
2335
4430
4871
)
;
    }
    procBoundary5to6
    {
        type            processor;
        value           nonuniform List<scalar> 2(-2116 -1983);
    }
    procBoundary5to7
    {
        type            processor;
        value           nonuniform List<scalar> 
2794
(
3041
4467
4188
4148
3074
4487
4206
4153
3108
4506
4232
4169
3156
4537
4281
4212
3172
4537
4289
4228
3173
4519
4272
4222
3178
4503
4260
4219
3180
4484
4250
4216
3180
4463
4252
4228
3197
4456
4280
4270
3132
4374
4221
4247
3054
4277
4137
4198
2967
4170
4043
4133
2871
4049
3934
4051
2771
3917
3817
3964
2656
3761
3669
3852
2426
3515
3385
3601
2150
3310
3091
3311
2104
3154
2912
3025
2255
3059
2695
2768
2369
3222
2619
2514
2510
3385
2900
2375
2673
3580
3275
2755
2745
3656
3593
3160
2706
3608
3761
3533
2581
3450
3719
3794
2475
3217
3432
3774
2316
2905
2969
3422
2459
2723
2569
2905
2401
2905
2364
2421
2404
2920
2620
2231
2419
2912
2738
2474
2422
2879
2823
2658
2435
2841
2841
2808
2447
2755
2743
2822
2582
2750
2670
2745
2875
2873
2690
2673
3612
2957
2339
1582
3608
2951
2334
1584
3615
2957
2339
1594
3649
2985
2362
1617
3672
3012
2391
1646
3681
3033
2419
1678
3693
3057
2449
1712
3704
3080
2481
1749
3729
3117
2526
1796
3783
3176
2587
1855
3803
3223
2651
1922
3801
3258
2710
1990
3788
3286
2766
2059
3761
3303
2818
2128
3736
3330
2883
2210
3701
3358
2956
2303
3543
3300
2979
2375
3324
3176
2946
2408
3069
2994
2849
2390
2772
2750
2679
2307
2471
2438
2433
2153
2161
2097
2088
1901
2085
1765
1703
1545
2469
1819
1444
1247
2876
2177
1596
1102
3318
2623
1969
1365
3593
3049
2395
1696
3571
3351
2881
2178
3196
3297
3168
2645
2628
2864
3036
2832
2151
2324
2609
2684
2025
1890
2093
2283
2298
1887
1700
1831
2583
2241
1886
1518
2810
2685
2450
2077
2856
2965
2993
2827
2750
2917
3113
3201
-1877
-1870
-1909
-1926
-1845
-1587
-1308
-1003
-756.8
904.4
448.3
-262.2
-728.4
-1137
-1488
-1790
-2047
-2265
-2446
-2593
-2710
-2811
-2891
-2953
-3000
-3029
-3084
-3173
-3264
-3365
-3476
-3583
-3792
-3976
-4099
-4134
-4063
-3905
-3592
-3357
-3065
-3306
-3649
-3966
-4137
-4050
-3756
-3389
-3062
-2863
-2711
-2559
-2412
-2285
-2172
-2066
-1987
-2017
-2065
-2126
-2018
-1735
-1460
-1184
-918.1
-714.3
911.1
457.9
-243.7
-705.8
-1112
-1462
-1763
-2019
-2236
-2416
-2561
-2676
-2774
-2850
-2908
-2950
-2975
-3024
-3105
-3190
-3284
-3391
-3494
-3703
-3895
-4033
-4087
-4039
-3903
-3611
-3397
-3087
-3433
-3771
-4117
-4294
-4188
-3865
-3473
-3117
-2871
-2672
-2498
-2353
-2233
-2127
-2075
-2135
-2181
-2267
-2156
-1870
-1596
-1335
-1108
-875.3
-669.3
925.2
474.7
-220.4
-679.4
-1084
-1433
-1733
-1988
-2205
-2384
-2529
-2643
-2736
-2809
-2863
-2902
-2922
-2965
-3037
-3115
-3203
-3304
-3402
-3608
-3805
-3956
-4030
-4004
-3894
-3626
-3432
-3108
-3541
-3865
-4230
-4408
-4284
-3937
-3526
-3149
-2870
-2646
-2463
-2320
-2207
-2136
-2223
-2268
-2375
-2269
-1999
-1711
-1476
-1271
-1048
-880.6
-800.6
948.7
499.1
-192.2
-649.3
-1053
-1402
-1701
-1955
-2171
-2350
-2494
-2607
-2696
-2765
-2816
-2851
-2867
-2903
-2967
-3036
-3115
-3209
-3300
-3500
-3698
-3860
-3952
-3952
-3871
-3636
-3473
-3136
-3616
-3922
-4298
-4475
-4340
-3983
-3566
-3179
-2880
-2641
-2453
-2313
-2230
-2282
-2341
-2447
-2361
-2120
-1847
-1617
-1433
-1193
-1110
-979.3
-789.3
978
529.2
-161.5
-618.2
-1022
-1372
-1671
-1926
-2142
-2323
-2468
-2582
-2671
-2739
-2788
-2821
-2834
-2865
-2922
-2984
-3056
-3143
-3228
-3422
-3618
-3785
-3888
-3904
-3844
-3639
-3493
-3234
-3686
-3967
-4330
-4482
-4319
-3954
-3545
-3168
-2872
-2633
-2447
-2323
-2343
-2379
-2529
-2461
-2230
-1969
-1758
-1532
-1362
-1331
-1187
-936.1
-695.1
1010
563
-128.1
-585.1
-989.6
-1341
-1640
-1896
-2115
-2297
-2445
-2561
-2650
-2718
-2767
-2799
-2811
-2838
-2888
-2944
-3011
-3091
-3171
-3359
-3553
-3723
-3836
-3864
-3821
-3643
-3498
-3323
-3737
-3995
-4334
-4448
-4255
-3887
-3495
-3137
-2852
-2621
-2447
-2387
-2478
-2600
-2568
-2337
-2074
-1866
-1672
-1585
-1540
-1351
-1124
-835.8
-578.8
1046
601.1
-90.7
-548.1
-953.4
-1306
-1606
-1863
-2083
-2267
-2417
-2535
-2624
-2693
-2742
-2773
-2785
-2808
-2852
-2901
-2961
-3035
-3108
-3290
-3482
-3655
-3776
-3819
-3795
-3645
-3499
-3389
-3757
-4000
-4314
-4392
-4177
-3816
-3448
-3113
-2841
-2618
-2470
-2527
-2497
-2710
-2455
-2193
-1944
-1837
-1688
-1731
-1496
-1277
-1029
-746
-516
1087
644.6
-48.22
-506.5
-913
-1267
-1568
-1826
-2048
-2234
-2387
-2507
-2597
-2666
-2716
-2747
-2758
-2778
-2816
-2859
-2913
-2980
-3047
-3220
-3409
-3584
-3713
-3769
-3764
-3643
-3490
-3432
-3751
-3980
-4266
-4311
-4083
-3739
-3401
-3093
-2835
-2623
-2550
-2566
-2723
-2607
-2328
-2047
-1934
-1691
-1804
-1617
-1396
-1175
-948
-705.9
-505.1
1137
695.4
-0.4055
-460.6
-869
-1225
-1526
-1786
-2010
-2199
-2354
-2478
-2569
-2639
-2690
-2722
-2733
-2750
-2782
-2820
-2867
-2928
-2988
-3153
-3337
-3512
-3646
-3712
-3725
-3631
-3469
-3457
-3725
-3940
-4196
-4210
-3979
-3662
-3359
-3079
-2832
-2642
-2648
-2548
-2715
-2482
-2175
-1968
-1879
-1829
-1686
-1471
-1274
-1088
-907.9
-693.8
-477.1
1195
753.4
53.23
-409.5
-820.2
-1179
-1482
-1744
-1969
-2161
-2320
-2446
-2539
-2610
-2662
-2694
-2706
-2720
-2747
-2778
-2819
-2872
-2924
-3079
-3254
-3426
-3562
-3636
-3663
-3598
-3435
-3468
-3683
-3879
-4104
-4095
-3872
-3591
-3327
-3073
-2836
-2700
-2698
-2730
-2599
-2335
-2048
-2010
-1771
-1754
-1479
-1305
-1178
-1051
-897.8
-656.4
-365.9
1263
821.2
113.1
-353.9
-767.8
-1129
-1434
-1699
-1929
-2124
-2288
-2420
-2516
-2592
-2647
-2683
-2697
-2712
-2737
-2766
-2804
-2853
-2902
-3052
-3225
-3393
-3526
-3598
-3624
-3568
-3388
-3478
-3651
-3833
-4021
-3977
-3755
-3502
-3268
-3033
-2806
-2779
-2538
-2739
-2458
-2140
-1991
-1889
-1870
-1543
-1305
-1197
-1145
-1044
-857.7
-534.9
-160.3
1334
894.9
179
-292.7
-710.4
-1074
-1383
-1651
-1884
-2084
-2252
-2388
-2489
-2569
-2627
-2666
-2683
-2698
-2721
-2748
-2782
-2828
-2872
-3018
-3186
-3350
-3481
-3551
-3578
-3530
-3330
-3476
-3610
-3780
-3933
-3861
-3645
-3420
-3213
-2988
-2797
-2802
-2696
-2640
-2305
-1984
-1970
-1884
-1698
-1343
-1198
-1182
-1161
-1020
-747.6
-347.2
16.12
1411
975.7
252.3
-224.4
-646.6
-1014
-1326
-1597
-1834
-2038
-2211
-2352
-2456
-2539
-2602
-2643
-2663
-2678
-2700
-2725
-2756
-2797
-2836
-2976
-3140
-3300
-3427
-3495
-3522
-3484
-3262
-3458
-3557
-3717
-3838
-3744
-3540
-3343
-3156
-2935
-2793
-2710
-2805
-2520
-2146
-1953
-1813
-1851
-1440
-1219
-1199
-1232
-1164
-930.7
-591.5
-240
-124.5
1492
1063
333.5
-148.5
-575.7
-947.4
-1263
-1538
-1779
-1986
-2164
-2309
-2417
-2505
-2571
-2615
-2638
-2654
-2675
-2697
-2724
-2761
-2795
-2929
-3087
-3242
-3364
-3429
-3457
-3429
-3187
-3428
-3496
-3646
-3738
-3629
-3440
-3270
-3098
-2882
-2836
-2510
-2768
-2371
-2022
-1929
-1873
-1616
-1277
-1207
-1274
-1274
-1101
-803.5
-533.3
-507.6
-727
1585
1163
424.3
-64.41
-497.7
-874.5
-1195
-1473
-1717
-1929
-2111
-2261
-2373
-2465
-2534
-2582
-2608
-2625
-2645
-2665
-2689
-2722
-2749
-2876
-3027
-3174
-3290
-3351
-3379
-3361
-3104
-3383
-3426
-3567
-3636
-3517
-3345
-3197
-3035
-2849
-2840
-2650
-2630
-2224
-1978
-1818
-1850
-1408
-1219
-1275
-1348
-1249
-996.6
-762
-829
-1034
-955.2
1690
1273
524.4
28.25
-411.4
-793.1
-1118
-1401
-1649
-1865
-2051
-2207
-2323
-2419
-2492
-2544
-2573
-2591
-2611
-2629
-2650
-2677
-2699
-2818
-2959
-3097
-3203
-3257
-3284
-3281
-3016
-3322
-3349
-3487
-3537
-3413
-3255
-3119
-2954
-2797
-2714
-2715
-2509
-2106
-1999
-1856
-1673
-1280
-1235
-1349
-1360
-1175
-967.7
-1039
-1233
-1040
-227.6
1792
1389
633.2
128.8
-318.3
-704.9
-1034
-1320
-1571
-1791
-1983
-2143
-2266
-2368
-2447
-2504
-2539
-2562
-2586
-2607
-2630
-2658
-2677
-2795
-2931
-3058
-3150
-3187
-3202
-3206
-2905
-3232
-3269
-3408
-3445
-3319
-3166
-3027
-2842
-2723
-2553
-2741
-2351
-2011
-1964
-1989
-1505
-1249
-1306
-1405
-1328
-1151
-1225
-1377
-1168
-225.7
729.4
1873
1496
742.9
234.4
-218.7
-609.9
-943.3
-1232
-1485
-1707
-1901
-2066
-2194
-2300
-2385
-2446
-2485
-2513
-2539
-2562
-2586
-2613
-2630
-2745
-2874
-2992
-3069
-3092
-3101
-3106
-2825
-3113
-3163
-3295
-3319
-3196
-3055
-2917
-2728
-2702
-2380
-2657
-2176
-2010
-1825
-1894
-1343
-1246
-1375
-1432
-1332
-1383
-1488
-1264
-337.7
675.1
1187
1920
1582
847.6
342.2
-112.9
-507
-843.4
-1133
-1387
-1611
-1806
-1974
-2106
-2216
-2304
-2370
-2413
-2444
-2473
-2498
-2523
-2548
-2562
-2674
-2796
-2903
-2966
-2974
-2976
-2974
-2717
-2977
-3032
-3152
-3166
-3054
-2929
-2793
-2624
-2681
-2457
-2448
-2038
-2031
-1986
-1633
-1239
-1283
-1435
-1454
-1507
-1581
-1345
-442.7
522.3
1121
843.5
1920
1637
941.2
449.4
-1.879
-396
-733.3
-1023
-1277
-1500
-1696
-1864
-1999
-2113
-2205
-2274
-2320
-2355
-2388
-2415
-2439
-2463
-2474
-2581
-2695
-2790
-2838
-2832
-2825
-2810
-2582
-2819
-2872
-2980
-2991
-2896
-2786
-2645
-2488
-2516
-2424
-2258
-1934
-1942
-2019
-1412
-1189
-1331
-1466
-1528
-1669
-1485
-588.7
353.6
989.7
824.8
79.73
1868
1657
1022
556.2
115.8
-274.9
-610.8
-899.1
-1151
-1372
-1567
-1736
-1873
-1990
-2084
-2156
-2206
-2244
-2281
-2309
-2334
-2356
-2363
-2463
-2567
-2648
-2683
-2664
-2647
-2619
-2420
-2631
-2682
-2783
-2802
-2731
-2637
-2487
-2337
-2295
-2363
-2085
-1963
-1827
-1904
-1230
-1165
-1347
-1463
-1617
-1537
-851.6
130.3
845.7
806.4
116.8
52.56
1736
1615
1073
651.9
234.3
-146.5
-476.4
-760.4
-1008
-1225
-1416
-1584
-1724
-1842
-1940
-2015
-2069
-2113
-2155
-2187
-2214
-2235
-2240
-2330
-2422
-2487
-2505
-2471
-2442
-2398
-2223
-2402
-2448
-2549
-2590
-2556
-2483
-2327
-2177
-2046
-2218
-1947
-2041
-1976
-1603
-1087
-1137
-1322
-1461
-1442
-1099
-167.1
632.1
820.7
206.1
-13.77
754.9
1499
1473
1065
721
347.5
-12.22
-330.8
-608.4
-850.4
-1061
-1246
-1410
-1551
-1671
-1770
-1848
-1906
-1957
-2007
-2046
-2078
-2101
-2106
-2189
-2267
-2313
-2311
-2260
-2213
-2143
-1987
-2126
-2156
-2250
-2316
-2329
-2287
-2141
-1991
-1804
-1973
-1787
-1905
-1926
-1297
-943.2
-1098
-1289
-1356
-1152
-489.9
389.3
809.3
410.7
-99.16
535
1568
1230
1270
1001
753.6
446.6
124.5
-173.4
-439.8
-673.1
-876.2
-1053
-1211
-1350
-1468
-1567
-1646
-1706
-1762
-1817
-1860
-1896
-1921
-1929
-2006
-2072
-2105
-2090
-2028
-1966
-1869
-1710
-1817
-1834
-1926
-2019
-2074
-2064
-1931
-1775
-1564
-1706
-1683
-1706
-1663
-925.1
-794
-1048
-1193
-1065
-698.2
79.27
773.2
664.6
-22.93
226.9
1487
2185
1005
1044
889.6
743
521.1
256.5
-7.129
-254.7
-475
-667.7
-835
-984.4
-1119
-1233
-1330
-1408
-1469
-1528
-1588
-1635
-1674
-1702
-1714
-1787
-1846
-1871
-1850
-1784
-1709
-1581
-1403
-1487
-1496
-1591
-1709
-1800
-1817
-1701
-1537
-1319
-1442
-1603
-1523
-1139
-575
-686.9
-984.1
-953.7
-674.3
-176.8
567
897.3
277.9
77.56
1169
2307
2480
937.6
874.9
765.7
705.8
580.1
396.3
185.2
-31.25
-231.7
-411.1
-567.7
-708.5
-836.8
-946.6
-1041
-1119
-1181
-1244
-1308
-1359
-1402
-1435
-1454
-1525
-1581
-1604
-1585
-1525
-1445
-1295
-1082
-1137
-1148
-1246
-1381
-1498
-1538
-1442
-1276
-1071
-1172
-1355
-1208
-590.7
-317
-641.5
-801.3
-565.8
-194.1
326.3
911.2
748
164.5
808.8
2200
2806
2450
1104
813.2
621.8
608.7
561.9
465.5
321
148.4
-23.21
-183.5
-325.1
-452.9
-569.8
-671.2
-760
-833.1
-893.5
-958.2
-1024
-1078
-1125
-1161
-1188
-1260
-1317
-1345
-1336
-1289
-1216
-1054
-814.2
-792.1
-815.2
-904.9
-1041
-1184
-1258
-1202
-1052
-853.7
-946.3
-1060
-735
-137.7
-234.1
-634.6
-504.9
-135.4
227.2
738.9
1020
483.2
575.1
1891
2943
2814
2310
1452
1045
619.2
534.5
539.8
524.3
459.5
349.2
222.3
91.01
-31.22
-144.7
-249.6
-343.9
-428.8
-499.9
-561.7
-629.6
-698.6
-757.8
-810.2
-852.9
-891.1
-966.1
-1027
-1064
-1071
-1047
-995.9
-846.8
-613.1
-482.3
-505
-533.6
-620.2
-806.2
-929
-926.8
-827.5
-704.6
-723.5
-710
-160
160.7
-300.9
-468.2
-37.06
175.5
540.6
1000
883
553.9
1459
2825
3259
2597
2378
1938
1432
866
568.6
519.5
569.4
577.7
541.6
476.1
388
293.7
198.2
106.4
18.14
-64.78
-136.5
-202.2
-274.3
-347.1
-412
-471.3
-521.8
-572.5
-651.8
-720.2
-769.6
-796.7
-802.1
-782.8
-678.7
-498.9
-329.5
-281.4
-207.7
-167
-374.4
-553.7
-584.1
-558.7
-534.7
-479.3
-210.2
306.9
235.6
-303.5
-34.3
358.9
332.1
766.7
1013
843.7
1245
2457
3463
3155
2449
3380
2373
1924
1234
825.4
567.5
580
651.4
680
684
656.2
607.6
544.4
474.2
397.9
320
249.1
179.9
104.5
28.77
-41.82
-108.4
-167.1
-231.5
-316.2
-393.5
-456.7
-504.4
-537.8
-550.6
-499.3
-404.2
-276.4
-140.6
56.94
255.5
102.4
-112.4
-144.5
-175.1
-214.9
-115.1
254.7
629.1
183.1
-71.72
589.8
584.6
439.9
935.5
1210
1373
2196
3299
3688
2862
2757
4485
2615
2429
1770
1251
857.1
672.5
716.9
807.5
881.9
929.8
947.7
935.6
897.4
840.5
770.6
700
625.3
545.2
466
388.7
313.9
246
167
77.9
-7.599
-82.79
-147.3
-202.9
-238.7
-225.9
-169.9
-62.83
105.6
359.2
625.7
523.3
387.6
390
324.9
235
345.2
731.7
876.5
293.7
483.5
1168
766.6
741.5
1340
1649
2090
3059
3869
3537
2728
3998
5462
2541
2741
2356
1865
1357
984.9
812.2
918.5
1059
1183
1284
1346
1356
1333
1280
1213
1135
1050
968.6
885.7
803.4
726.8
634.1
543.5
453.1
371
297
229.2
182.4
167.7
201
297.5
484.9
768.8
1084
950.3
975.4
1009
909.4
770.7
869.2
1223
1102
548.4
1212
1676
1017
1301
2012
2325
2874
3812
4078
3361
3320
5307
6146
2229
2725
2798
2567
2084
1578
1252
1048
1234
1433
1621
1777
1852
1882
1859
1804
1726
1639
1558
1472
1384
1301
1197
1110
1020
938.2
864.1
795.7
749.3
713.5
728.5
812.2
1007
1301
1608
1499
1679
1718
1568
1382
1463
1754
1448
1120
2069
2119
1371
2122
2845
3082
3652
4312
4115
3361
4776
6660
6566
1833
2431
2919
3153
2940
2419
1957
1615
1417
1701
1973
2230
2385
2487
2511
2483
2417
2335
2261
2180
2094
2008
1898
1823
1745
1675
1613
1557
1519
1460
1450
1514
1709
1998
2275
2236
2524
2466
2257
2029
2106
2366
1982
1862
2937
2631
2060
3071
3720
3887
4431
4780
4379
4258
6491
7276
6458
1662
1895
2562
3272
3657
3489
3042
2554
2192
1868
2249
2594
2832
3029
3141
3187
3178
3125
3072
3009
2930
2847
2739
2671
2595
2529
2475
2433
2408
2334
2321
2397
2627
2925
3120
3113
3534
3206
2895
2694
2880
3180
2687
2838
3711
3040
3193
4384
4436
4409
4935
5074
4353
6164
7754
7094
5864
2489
1965
1988
2853
3720
4225
4167
3786
3274
2862
2441
2923
3190
3473
3703
3872
3977
3987
3972
3943
3888
3818
3724
3661
3593
3544
3521
3526
3551
3504
3527
3636
3879
4069
4010
3950
4246
3852
3505
3408
3792
4184
3709
3782
4140
3518
4610
4837
4467
4560
5164
5387
5690
7621
7669
6365
5442
3111
2806
2215
2150
3060
3952
4421
4473
4138
3617
3106
2706
3101
3557
4004
4390
4687
4770
4754
4729
4688
4634
4556
4462
4394
4389
4442
4545
4669
4703
4756
4802
4868
4789
4469
4239
4170
3986
3904
4122
4807
5067
4027
3681
3942
3754
4758
4259
3967
4355
5262
5636
6569
7374
6777
5680
7797
-538.4
-345.5
-166.5
60.71
-538
-382.4
-241.4
-64.89
-532.8
-398.1
-272.2
-90.75
-624.9
-432.9
-233.4
45.13
-549.2
-307.1
-58.36
268.2
-420.8
-152.7
117.7
460.2
-307.6
-48.41
208.1
532.2
-268.9
-25.75
219.7
539
-259.3
-2.288
268
625.5
-186
121.2
448.5
869.4
-1.321
360.4
730.4
1165
232.3
572.6
869.7
1156
281.2
427.8
478.8
484.2
-184.7
-239.1
-211.6
-54.46
-670.5
-482.5
-107.7
517
-397.2
292.1
937.3
1611
638.9
1209
1602
1823
1253
1408
1292
1061
1086
780.8
425.9
439.9
309
140.5
399.8
1097
79.85
612.3
1307
2033
794.2
1491
2036
2543
1550
2027
2348
2623
2067
2304
2429
2611
2320
2381
2458
2652
2348
2425
2619
2964
2347
2579
2972
3493
2529
3332
3853
4201
3514
4194
4480
4678
4473
4853
4963
5118
5202
5367
5427
5601
5767
5790
5838
6092
6067
6066
6190
6567
6205
6300
6545
7069
6216
6489
6920
7608
6028
6640
7274
8141
6863
6708
7618
8742
8291
7269
7947
9262
326.4
661
1090
1803
3493
3807
147.5
422.4
867.8
1560
3148
3515
168.9
549.9
1133
1998
3885
4460
409.1
895
1555
2475
4564
5102
681.7
1209
1873
2756
4939
5404
876.5
1384
1990
2772
4916
5302
921.3
1397
1970
2688
4830
5160
935.7
1440
2061
2823
5035
5344
1085
1678
2383
3246
5355
5684
1399
2044
2724
3512
5204
5478
1653
2138
2508
2982
4186
4368
1368
1459
1549
1855
3372
4213
502.3
633.4
1268
2288
4901
5842
368.3
1197
2439
3798
6237
6701
1420
2448
3393
4133
5351
5477
2243
2618
2716
2843
3798
4323
1786
1560
1583
2458
4629
5521
832
1149
2213
3539
5724
6310
1021
2053
3331
4495
6218
6641
2027
3055
3998
4815
6213
6796
2793
3456
4074
4797
6317
7220
2985
3413
4036
4926
6756
7748
2933
3385
4148
5192
7036
7613
2905
3441
4277
5284
6755
6824
3041
3655
4491
5343
6414
6567
3457
4115
4866
5486
6465
8091
3889
4442
5103
6231
8344
8961
4560
5124
6035
7355
9029
8506
5010
5621
6692
7906
8577
7752
5473
6130
7259
7936
8087
7375
6034
6784
7639
7724
7552
6885
6632
7387
7725
7410
6973
8869
7219
7827
7611
7024
7840
1.032e+04
7774
8092
7563
6514
9592
1.089e+04
8290
8229
7455
8156
1.065e+04
1.053e+04
8825
8543
7344
9410
1.099e+04
9717
9390
8861
7613
1.027e+04
1.091e+04
9151
9800
8932
8424
1.076e+04
1.067e+04
8825
)
;
    }
}


// ************************************************************************* //
